작업순번,구분,주소시작,주소끝,슬롯,문자열,바이트,길이,색상,빨강색보존,메모
1,제어,0x9680,0x9682,,,19 00 7D,3,fce4d6,N,행 추가/삭제 반영 재계산: HL=0x9680→0x9683. 제어토큰 기존 바이트 유지.
2,제어,0x9683,0x9684,,,15 00,2,fce4d6,N,행 추가/삭제 반영 재계산: HL=0x9683→0x9685. 제어토큰 기존 바이트 유지.
3,제어,0x9685,0x9686,,,17 00,2,fce4d6,N,행 추가/삭제 반영 재계산: HL=0x9685→0x9687. 제어토큰 기존 바이트 유지.
4,제어,0x9687,0x9692,,,14 00 00 00 11 22 33 47 55 66 77 80,12,fce4d6,N,행 추가/삭제 반영 재계산: HL=0x9687→0x9693. 제어토큰 기존 바이트 유지.
5,제어,0x9693,0x9695,,,1A 00 04,3,fce4d6,N,행 추가/삭제 반영 재계산: HL=0x9693→0x9696. 제어토큰 기존 바이트 유지.
6,제어,0x9696,0x9697,,,16 00,2,fce4d6,N,행 추가/삭제 반영 재계산: HL=0x9696→0x9698. 제어토큰 기존 바이트 유지.
7,문자,0x9698,0x9699,1,도,20 2E,2,e9ae2b,N,"행 추가/삭제 반영 재계산: 주황색 대화체 발화용 문자행, 패치 KANJI1 발화체 토큰."
8,문자,0x969A,0x969B,2,움,F0 D5,2,e9ae2b,N,"행 추가/삭제 반영 재계산: 주황색 대화체 발화용 문자행, 패치 KANJI1 발화체 토큰."
9,문자,0x969C,0x969D,3,␠,18 12,2,e2f0d9,N,행 추가/삭제 반영 재계산: 전각 공백 토큰 18 12.
10,문자,0x969E,0x969F,4,따,40 30,2,e9ae2b,N,"행 추가/삭제 반영 재계산: 주황색 대화체 발화용 문자행, 패치 KANJI1 발화체 토큰."
11,문자,0x96A0,0x96A1,5,윈,10 DE,2,e9ae2b,N,"행 추가/삭제 반영 재계산: 주황색 대화체 발화용 문자행, 패치 KANJI1 발화체 토큰."
12,문자,0x96A2,0x96A3,6,␠,18 12,2,e2f0d9,N,행 추가/삭제 반영 재계산: 전각 공백 토큰 18 12.
13,문자,0x96A4,0x96A5,7,받,A0 39,2,e9ae2b,N,"행 추가/삭제 반영 재계산: 주황색 대화체 발화용 문자행, 패치 KANJI1 발화체 토큰."
14,문자,0x96A6,0x96A7,8,고,80 20,2,e9ae2b,N,"행 추가/삭제 반영 재계산: 주황색 대화체 발화용 문자행, 패치 KANJI1 발화체 토큰."
15,문자,0x96A8,0x96A9,9,␠,18 12,2,e2f0d9,N,행 추가/삭제 반영 재계산: 전각 공백 토큰 18 12.
16,문자,0x96AA,0x96AB,10,싶,00 44,2,e9ae2b,N,"행 추가/삭제 반영 재계산: 주황색 대화체 발화용 문자행, 패치 KANJI1 발화체 토큰."
17,문자,0x96AC,0x96AD,11,지,10 E0,2,e9ae2b,N,"행 추가/삭제 반영 재계산: 주황색 대화체 발화용 문자행, 패치 KANJI1 발화체 토큰."
18,문자,0x96AE,0x96AF,12,␠,18 12,2,e2f0d9,N,행 추가/삭제 반영 재계산: 전각 공백 토큰 18 12.
19,문자,0x96B0,0x96B1,13,않,00 5E,2,e9ae2b,N,"행 추가/삭제 반영 재계산: 주황색 대화체 발화용 문자행, 패치 KANJI1 발화체 토큰."
20,문자,0x96B2,0x96B3,14,아,00 56,2,e9ae2b,N,"행 추가/삭제 반영 재계산: 주황색 대화체 발화용 문자행, 패치 KANJI1 발화체 토큰."
21,문자,0x96B4,0x96B5,15,！,A0 12,2,e2f0d9,N,행 추가/삭제 반영 재계산: PC-88 문장부호 토큰.
22,제어,0x96B6,0x96B7,,,10 11,2,fce4d6,N,행 추가/삭제 반영 재계산: HL=0x96B6→0x96B8. 제어토큰 기존 바이트 유지.
23,제어,0x96B8,0x96BB,,,12 00 23 00,4,fce4d6,N,행 추가/삭제 반영 재계산: HL=0x96B8→0x96BC. 제어토큰 기존 바이트 유지.
24,제어,0x96BC,0x96BD,,,10 11,2,fce4d6,N,행 추가/삭제 반영 재계산: HL=0x96BC→0x96BE. 제어토큰 기존 바이트 유지.
25,제어,0x96BE,0x96C1,,,12 00 21 00,4,fce4d6,N,행 추가/삭제 반영 재계산: HL=0x96BE→0x96C2. 제어토큰 기존 바이트 유지.
26,제어,0x96C2,0x96C3,,,10 11,2,fce4d6,N,행 추가/삭제 반영 재계산: HL=0x96C2→0x96C4. 제어토큰 기존 바이트 유지.
27,문자,0x96C4,0x96C5,16,우,F0 CD,2,e9ae2b,N,"행 추가/삭제 반영 재계산: 주황색 대화체 발화용 문자행, 패치 KANJI1 발화체 토큰."
28,문자,0x96C6,0x96C7,17,린,80 34,2,e9ae2b,N,"행 추가/삭제 반영 재계산: 주황색 대화체 발화용 문자행, 패치 KANJI1 발화체 토큰."
29,문자,0x96C8,0x96C9,18,␠,18 12,2,e2f0d9,N,행 추가/삭제 반영 재계산: 전각 공백 토큰 18 12.
30,문자,0x96CA,0x96CB,19,방,D0 39,2,e9ae2b,N,"행 추가/삭제 반영 재계산: 주황색 대화체 발화용 문자행, 패치 KANJI1 발화체 토큰."
31,문자,0x96CC,0x96CD,20,금,80 21,2,e9ae2b,N,"행 추가/삭제 반영 재계산: 주황색 대화체 발화용 문자행, 패치 KANJI1 발화체 토큰."
32,문자,0x96CE,0x96CF,21,␠,18 12,2,e2f0d9,N,행 추가/삭제 반영 재계산: 전각 공백 토큰 18 12.
33,문자,0x96D0,0x96D1,22,전,B0 DF,2,e9ae2b,N,"행 추가/삭제 반영 재계산: 주황색 대화체 발화용 문자행, 패치 KANJI1 발화체 토큰."
34,문자,0x96D2,0x96D3,23,까,F0 21,2,e9ae2b,N,"행 추가/삭제 반영 재계산: 주황색 대화체 발화용 문자행, 패치 KANJI1 발화체 토큰."
35,문자,0x96D4,0x96D5,24,지,10 E0,2,e9ae2b,N,"행 추가/삭제 반영 재계산: 주황색 대화체 발화용 문자행, 패치 KANJI1 발화체 토큰."
36,문자,0x96D6,0x96D7,25,␠,18 12,2,e2f0d9,N,행 추가/삭제 반영 재계산: 전각 공백 토큰 18 12.
37,문자,0x96D8,0x96D9,26,싸,00 46,2,e9ae2b,N,"행 추가/삭제 반영 재계산: 주황색 대화체 발화용 문자행, 패치 KANJI1 발화체 토큰."
38,문자,0x96DA,0x96DB,27,우,F0 CD,2,e9ae2b,N,"행 추가/삭제 반영 재계산: 주황색 대화체 발화용 문자행, 패치 KANJI1 발화체 토큰."
39,문자,0x96DC,0x96DD,28,던,D0 2D,2,e9ae2b,N,"행 추가/삭제 반영 재계산: 주황색 대화체 발화용 문자행, 패치 KANJI1 발화체 토큰."
40,문자,0x96DE,0x96DF,29,␠,18 12,2,e2f0d9,N,행 추가/삭제 반영 재계산: 전각 공백 토큰 18 12.
41,문자,0x96E0,0x96E1,30,적,A0 DF,2,e9ae2b,N,"행 추가/삭제 반영 재계산: 주황색 대화체 발화용 문자행, 패치 KANJI1 발화체 토큰."
42,문자,0x96E2,0x96E3,31,이,90 DE,2,e9ae2b,N,"행 추가/삭제 반영 재계산: 주황색 대화체 발화용 문자행, 패치 KANJI1 발화체 토큰."
43,문자,0x96E4,0x96E5,32,야,00 6C,2,e9ae2b,N,"행 추가/삭제 반영 재계산: 주황색 대화체 발화용 문자행, 패치 KANJI1 발화체 토큰."
44,문자,0x96E6,0x96E7,33,・,60 12,2,e2f0d9,N,행 추가/삭제 반영 재계산: PC-88 문장부호 토큰.
45,문자,0x96E8,0x96E9,34,・,60 12,2,e2f0d9,N,행 추가/삭제 반영 재계산: PC-88 문장부호 토큰.
46,문자,0x96EA,0x96EB,35,・,60 12,2,e2f0d9,N,행 추가/삭제 반영 재계산: PC-88 문장부호 토큰.
47,제어,0x96EC,0x96F0,,,12 00 23 21 00,5,fce4d6,N,행 추가/삭제 반영 재계산: HL=0x96EC→0x96F1. 제어토큰 기존 바이트 유지.
48,제어,0x96F1,0x96F3,,,19 00 7E,3,fce4d6,N,행 추가/삭제 반영 재계산: HL=0x96F1→0x96F4. 제어토큰 기존 바이트 유지.
49,제어,0x96F4,0x96F5,,,15 00,2,fce4d6,N,행 추가/삭제 반영 재계산: HL=0x96F4→0x96F6. 제어토큰 기존 바이트 유지.
50,제어,0x96F6,0x96F7,,,17 00,2,fce4d6,N,행 추가/삭제 반영 재계산: HL=0x96F6→0x96F8. 제어토큰 기존 바이트 유지.
51,제어,0x96F8,0x96FA,,,1A 00 04,3,fce4d6,N,행 추가/삭제 반영 재계산: HL=0x96F8→0x96FB. 제어토큰 기존 바이트 유지.
52,제어,0x96FB,0x96FF,,,14 00 00 40 80,5,fce4d6,N,행 추가/삭제 반영 재계산: HL=0x96FB→0x9700. 제어토큰 기존 바이트 유지.
53,제어,0x9700,0x9701,,,16 00,2,fce4d6,N,행 추가/삭제 반영 재계산: HL=0x9700→0x9702. 제어토큰 기존 바이트 유지.
54,문자,0x9702,0x9703,36,또,C0 30,2,e9ae2b,N,"행 추가/삭제 반영 재계산: 주황색 대화체 발화용 문자행, 패치 KANJI1 발화체 토큰."
55,문자,0x9704,0x9705,37,␠,18 12,2,e2f0d9,N,행 추가/삭제 반영 재계산: 전각 공백 토큰 18 12.
56,문자,0x9706,0x9707,38,삐,D0 3C,2,e9ae2b,N,"행 추가/삭제 반영 재계산: 주황색 대화체 발화용 문자행, 패치 KANJI1 발화체 토큰."
57,문자,0x9708,0x9709,39,딱,50 30,2,e9ae2b,N,"행 추가/삭제 반영 재계산: 주황색 대화체 발화용 문자행, 패치 KANJI1 발화체 토큰."
58,문자,0x970A,0x970B,40,한,70 E3,2,e9ae2b,N,"행 추가/삭제 반영 재계산: 주황색 대화체 발화용 문자행, 패치 KANJI1 발화체 토큰."
59,문자,0x970C,0x970D,41,␠,18 12,2,e2f0d9,N,행 추가/삭제 반영 재계산: 전각 공백 토큰 18 12.
60,문자,0x970E,0x970F,42,소,D0 3D,2,e9ae2b,N,"행 추가/삭제 반영 재계산: 주황색 대화체 발화용 문자행, 패치 KANJI1 발화체 토큰."
61,문자,0x9710,0x9711,43,리,70 34,2,e9ae2b,N,"행 추가/삭제 반영 재계산: 주황색 대화체 발화용 문자행, 패치 KANJI1 발화체 토큰."
62,문자,0x9712,0x9713,44,나,B0 24,2,e9ae2b,N,"행 추가/삭제 반영 재계산: 주황색 대화체 발화용 문자행, 패치 KANJI1 발화체 토큰."
63,문자,0x9714,0x9715,45,␠,18 12,2,e2f0d9,N,행 추가/삭제 반영 재계산: 전각 공백 토큰 18 12.
64,문자,0x9716,0x9717,46,하,50 E3,2,e9ae2b,N,"행 추가/삭제 반영 재계산: 주황색 대화체 발화용 문자행, 패치 KANJI1 발화체 토큰."
65,문자,0x9718,0x9719,47,고,80 20,2,e9ae2b,N,"행 추가/삭제 반영 재계산: 주황색 대화체 발화용 문자행, 패치 KANJI1 발화체 토큰."
66,문자,0x971A,0x971B,48,・,60 12,2,e2f0d9,N,행 추가/삭제 반영 재계산: PC-88 문장부호 토큰.
67,문자,0x971C,0x971D,49,・,60 12,2,e2f0d9,N,행 추가/삭제 반영 재계산: PC-88 문장부호 토큰.
68,문자,0x971E,0x971F,50,・,60 12,2,e2f0d9,N,행 추가/삭제 반영 재계산: PC-88 문장부호 토큰.
69,제어,0x9720,0x9724,,,12 00 23 21 00,5,fce4d6,N,행 추가/삭제 반영 재계산: HL=0x9720→0x9725. 제어토큰 기존 바이트 유지.
70,문자,0x9725,0x9726,51,␠,18 12,2,e2f0d9,N,행 추가/삭제 반영 재계산: 전각 공백 토큰 18 12.
71,문자,0x9727,0x9728,52,꼰,30 24,2,e9ae2b,N,"행 추가/삭제 반영 재계산: 주황색 대화체 발화용 문자행, 패치 KANJI1 발화체 토큰."
72,문자,0x9729,0x972A,53,대,B0 2D,2,e9ae2b,N,"행 추가/삭제 반영 재계산: 주황색 대화체 발화용 문자행, 패치 KANJI1 발화체 토큰."
73,문자,0x972B,0x972C,54,␠,18 12,2,e2f0d9,N,행 추가/삭제 반영 재계산: 전각 공백 토큰 18 12.
74,문자,0x972D,0x972E,55,같,00 1C,2,e9ae2b,N,"행 추가/삭제 반영 재계산: 주황색 대화체 발화용 문자행, 패치 KANJI1 발화체 토큰."
75,문자,0x972F,0x9730,56,아,00 56,2,e9ae2b,N,"행 추가/삭제 반영 재계산: 주황색 대화체 발화용 문자행, 패치 KANJI1 발화체 토큰."
76,문자,0x9731,0x9732,57,！,A0 12,2,e2f0d9,N,행 추가/삭제 반영 재계산: PC-88 문장부호 토큰.
77,문자,0x9733,0x9734,58,␠,18 12,2,e2f0d9,N,행 추가/삭제 반영 재계산: 전각 공백 토큰 18 12.
78,문자,0x9735,0x9736,59,이,90 DE,2,e9ae2b,N,"행 추가/삭제 반영 재계산: 주황색 대화체 발화용 문자행, 패치 KANJI1 발화체 토큰."
79,문자,0x9737,0x9738,60,렇,90 31,2,e9ae2b,N,"행 추가/삭제 반영 재계산: 주황색 대화체 발화용 문자행, 패치 KANJI1 발화체 토큰."
80,문자,0x9739,0x973A,61,게,00 20,2,e9ae2b,N,"행 추가/삭제 반영 재계산: 주황색 대화체 발화용 문자행, 패치 KANJI1 발화체 토큰."
81,문자,0x973B,0x973C,62,␠,18 12,2,e2f0d9,N,행 추가/삭제 반영 재계산: 전각 공백 토큰 18 12.
82,문자,0x973D,0x973E,63,심,00 40,2,e9ae2b,N,"행 추가/삭제 반영 재계산: 주황색 대화체 발화용 문자행, 패치 KANJI1 발화체 토큰."
83,문자,0x973F,0x9740,64,하,50 E3,2,e9ae2b,N,"행 추가/삭제 반영 재계산: 주황색 대화체 발화용 문자행, 패치 KANJI1 발화체 토큰."
84,문자,0x9741,0x9742,65,게,00 20,2,e9ae2b,N,"행 추가/삭제 반영 재계산: 주황색 대화체 발화용 문자행, 패치 KANJI1 발화체 토큰."
85,문자,0x9743,0x9744,66,␠,18 12,2,e2f0d9,N,행 추가/삭제 반영 재계산: 전각 공백 토큰 18 12.
86,문자,0x9745,0x9746,67,다,C0 27,2,e9ae2b,N,"행 추가/삭제 반영 재계산: 주황색 대화체 발화용 문자행, 패치 KANJI1 발화체 토큰."
87,문자,0x9747,0x9748,68,쳤,50 E1,2,e9ae2b,N,"행 추가/삭제 반영 재계산: 주황색 대화체 발화용 문자행, 패치 KANJI1 발화체 토큰."
88,문자,0x9749,0x974A,69,으,30 DE,2,e9ae2b,N,"행 추가/삭제 반영 재계산: 주황색 대화체 발화용 문자행, 패치 KANJI1 발화체 토큰."
89,문자,0x974B,0x974C,70,면,70 35,2,e9ae2b,N,"행 추가/삭제 반영 재계산: 주황색 대화체 발화용 문자행, 패치 KANJI1 발화체 토큰."
90,문자,0x974D,0x974E,71,서,50 3D,2,e9ae2b,N,"행 추가/삭제 반영 재계산: 주황색 대화체 발화용 문자행, 패치 KANJI1 발화체 토큰."
91,문자,0x974F,0x9750,72,・,60 12,2,e2f0d9,N,행 추가/삭제 반영 재계산: PC-88 문장부호 토큰.
92,문자,0x9751,0x9752,73,・,60 12,2,e2f0d9,N,행 추가/삭제 반영 재계산: PC-88 문장부호 토큰.
93,문자,0x9753,0x9754,74,・,60 12,2,e2f0d9,N,행 추가/삭제 반영 재계산: PC-88 문장부호 토큰.
94,제어,0x9755,0x9756,,,15 00,2,fce4d6,N,행 추가/삭제 반영 재계산: HL=0x9755→0x9757. 제어토큰 기존 바이트 유지.
95,문자,0x9757,0x9758,75,대,B0 2D,2,e9ae2b,N,"행 추가/삭제 반영 재계산: 주황색 대화체 발화용 문자행, 패치 KANJI1 발화체 토큰."
96,문자,0x9759,0x975A,76,답,00 2C,2,e9ae2b,N,"행 추가/삭제 반영 재계산: 주황색 대화체 발화용 문자행, 패치 KANJI1 발화체 토큰."
97,문자,0x975B,0x975C,77,해,B0 E3,2,e9ae2b,N,"행 추가/삭제 반영 재계산: 주황색 대화체 발화용 문자행, 패치 KANJI1 발화체 토큰."
98,문자,0x975D,0x975E,78,줘,F0 FD,2,e9ae2b,N,"행 추가/삭제 반영 재계산: 주황색 대화체 발화용 문자행, 패치 KANJI1 발화체 토큰."
99,문자,0x975F,0x9760,79,、,20 12,2,e2f0d9,N,행 추가/삭제 반영 재계산: PC-88 문장부호 토큰.
100,문자,0x9761,0x9762,80,레,A0 31,2,e9ae2b,N,"행 추가/삭제 반영 재계산: 주황색 대화체 발화용 문자행, 패치 KANJI1 발화체 토큰."
101,문자,0x9763,0x9764,81,이,90 DE,2,e9ae2b,N,"행 추가/삭제 반영 재계산: 주황색 대화체 발화용 문자행, 패치 KANJI1 발화체 토큰."
102,문자,0x9765,0x9766,82,코,10 E2,2,e9ae2b,N,"행 추가/삭제 반영 재계산: 주황색 대화체 발화용 문자행, 패치 KANJI1 발화체 토큰."
103,문자,0x9767,0x9768,83,、,20 12,2,e2f0d9,N,행 추가/삭제 반영 재계산: PC-88 문장부호 토큰.
104,제어,0x9769,0x976D,,,12 00 23 21 00,5,fce4d6,N,행 추가/삭제 반영 재계산: HL=0x9769→0x976E. 제어토큰 기존 바이트 유지.
105,문자,0x976E,0x976F,84,왜,F0 C5,2,e9ae2b,N,"행 추가/삭제 반영 재계산: 주황색 대화체 발화용 문자행, 패치 KANJI1 발화체 토큰."
106,문자,0x9770,0x9771,85,␠,18 12,2,e2f0d9,N,행 추가/삭제 반영 재계산: 전각 공백 토큰 18 12.
107,문자,0x9772,0x9773,86,우,F0 CD,2,e9ae2b,N,"행 추가/삭제 반영 재계산: 주황색 대화체 발화용 문자행, 패치 KANJI1 발화체 토큰."
108,문자,0x9774,0x9775,87,리,70 34,2,e9ae2b,N,"행 추가/삭제 반영 재계산: 주황색 대화체 발화용 문자행, 패치 KANJI1 발화체 토큰."
109,문자,0x9776,0x9777,88,가,A0 17,2,e9ae2b,N,"행 추가/삭제 반영 재계산: 주황색 대화체 발화용 문자행, 패치 KANJI1 발화체 토큰."
110,문자,0x9778,0x9779,89,␠,18 12,2,e2f0d9,N,행 추가/삭제 반영 재계산: 전각 공백 토큰 18 12.
111,문자,0x977A,0x977B,90,서,50 3D,2,e9ae2b,N,"행 추가/삭제 반영 재계산: 주황색 대화체 발화용 문자행, 패치 KANJI1 발화체 토큰."
112,문자,0x977C,0x977D,91,로,D0 31,2,e9ae2b,N,"행 추가/삭제 반영 재계산: 주황색 대화체 발화용 문자행, 패치 KANJI1 발화체 토큰."
113,문자,0x977E,0x977F,92,␠,18 12,2,e2f0d9,N,행 추가/삭제 반영 재계산: 전각 공백 토큰 18 12.
114,문자,0x9780,0x9781,93,싸,00 46,2,e9ae2b,N,"행 추가/삭제 반영 재계산: 주황색 대화체 발화용 문자행, 패치 KANJI1 발화체 토큰."
115,문자,0x9782,0x9783,94,워,F0 D7,2,e9ae2b,N,"행 추가/삭제 반영 재계산: 주황색 대화체 발화용 문자행, 패치 KANJI1 발화체 토큰."
116,문자,0x9784,0x9785,95,야,00 6C,2,e9ae2b,N,"행 추가/삭제 반영 재계산: 주황색 대화체 발화용 문자행, 패치 KANJI1 발화체 토큰."
117,문자,0x9786,0x9787,96,만,D0 34,2,e9ae2b,N,"행 추가/삭제 반영 재계산: 주황색 대화체 발화용 문자행, 패치 KANJI1 발화체 토큰."
118,문자,0x9788,0x9789,97,␠,18 12,2,e2f0d9,N,행 추가/삭제 반영 재계산: 전각 공백 토큰 18 12.
119,문자,0x978A,0x978B,98,하,50 E3,2,e9ae2b,N,"행 추가/삭제 반영 재계산: 주황색 대화체 발화용 문자행, 패치 KANJI1 발화체 토큰."
120,문자,0x978C,0x978D,99,는,E0 25,2,e9ae2b,N,"행 추가/삭제 반영 재계산: 주황색 대화체 발화용 문자행, 패치 KANJI1 발화체 토큰."
121,문자,0x978E,0x978F,100,␠,18 12,2,e2f0d9,N,행 추가/삭제 반영 재계산: 전각 공백 토큰 18 12.
122,문자,0x9790,0x9791,101,거,90 1D,2,e9ae2b,N,"행 추가/삭제 반영 재계산: 주황색 대화체 발화용 문자행, 패치 KANJI1 발화체 토큰."
123,문자,0x9792,0x9793,102,야,00 6C,2,e9ae2b,N,"행 추가/삭제 반영 재계산: 주황색 대화체 발화용 문자행, 패치 KANJI1 발화체 토큰."
124,문자,0x9794,0x9795,103,？,90 12,2,e2f0d9,N,행 추가/삭제 반영 재계산: PC-88 문장부호 토큰.
125,제어,0x9796,0x979A,,,12 00 23 21 00,5,fce4d6,N,행 추가/삭제 반영 재계산: HL=0x9796→0x979B. 제어토큰 기존 바이트 유지.
126,문자,0x979B,0x979C,104,␠,18 12,2,e2f0d9,N,행 추가/삭제 반영 재계산: 전각 공백 토큰 18 12.
127,문자,0x979D,0x979E,105,어,00 70,2,e9ae2b,N,"행 추가/삭제 반영 재계산: 주황색 대화체 발화용 문자행, 패치 KANJI1 발화체 토큰."
128,문자,0x979F,0x97A0,106,째,80 E0,2,e9ae2b,N,"행 추가/삭제 반영 재계산: 주황색 대화체 발화용 문자행, 패치 KANJI1 발화체 토큰."
129,문자,0x97A1,0x97A2,107,서,50 3D,2,e9ae2b,N,"행 추가/삭제 반영 재계산: 주황색 대화체 발화용 문자행, 패치 KANJI1 발화체 토큰."
130,문자,0x97A3,0x97A4,108,！,A0 12,2,e2f0d9,N,행 추가/삭제 반영 재계산: PC-88 문장부호 토큰.
131,문자,0x97A5,0x97A6,109,？,90 12,2,e2f0d9,N,행 추가/삭제 반영 재계산: PC-88 문장부호 토큰.
132,제어,0x97A7,0x97A9,,,19 00 7D,3,fce4d6,N,행 추가/삭제 반영 재계산: HL=0x97A7→0x97AA. 제어토큰 기존 바이트 유지.
133,제어,0x97AA,0x97AB,,,15 00,2,fce4d6,N,행 추가/삭제 반영 재계산: HL=0x97AA→0x97AC. 제어토큰 기존 바이트 유지.
134,제어,0x97AC,0x97AD,,,17 00,2,fce4d6,N,행 추가/삭제 반영 재계산: HL=0x97AC→0x97AE. 제어토큰 기존 바이트 유지.
135,제어,0x97AE,0x97B0,,,1A 00 04,3,fce4d6,N,행 추가/삭제 반영 재계산: HL=0x97AE→0x97B1. 제어토큰 기존 바이트 유지.
136,제어,0x97B1,0x97B2,,,16 00,2,fce4d6,N,행 추가/삭제 반영 재계산: HL=0x97B1→0x97B3. 제어토큰 기존 바이트 유지.
137,문자,0x97B3,0x97B4,110,소,D0 3D,2,e9ae2b,N,"행 추가/삭제 반영 재계산: 주황색 대화체 발화용 문자행, 패치 KANJI1 발화체 토큰."
138,문자,0x97B5,0x97B6,111,리,70 34,2,e9ae2b,N,"행 추가/삭제 반영 재계산: 주황색 대화체 발화용 문자행, 패치 KANJI1 발화체 토큰."
139,문자,0x97B7,0x97B8,112,␠,18 12,2,e2f0d9,N,행 추가/삭제 반영 재계산: 전각 공백 토큰 18 12.
140,문자,0x97B9,0x97BA,113,지,10 E0,2,e9ae2b,N,"행 추가/삭제 반영 재계산: 주황색 대화체 발화용 문자행, 패치 KANJI1 발화체 토큰."
141,문자,0x97BB,0x97BC,114,르,30 34,2,e9ae2b,N,"행 추가/삭제 반영 재계산: 주황색 대화체 발화용 문자행, 패치 KANJI1 발화체 토큰."
142,문자,0x97BD,0x97BE,115,지,10 E0,2,e9ae2b,N,"행 추가/삭제 반영 재계산: 주황색 대화체 발화용 문자행, 패치 KANJI1 발화체 토큰."
143,문자,0x97BF,0x97C0,116,␠,18 12,2,e2f0d9,N,행 추가/삭제 반영 재계산: 전각 공백 토큰 18 12.
144,문자,0x97C1,0x97C2,117,마,B0 34,2,e9ae2b,N,"행 추가/삭제 반영 재계산: 주황색 대화체 발화용 문자행, 패치 KANJI1 발화체 토큰."
145,문자,0x97C3,0x97C4,118,・,60 12,2,e2f0d9,N,행 추가/삭제 반영 재계산: PC-88 문장부호 토큰.
146,문자,0x97C5,0x97C6,119,・,60 12,2,e2f0d9,N,행 추가/삭제 반영 재계산: PC-88 문장부호 토큰.
147,문자,0x97C7,0x97C8,120,・,60 12,2,e2f0d9,N,행 추가/삭제 반영 재계산: PC-88 문장부호 토큰.
148,제어,0x97C9,0x97CC,,,12 00 23 00,4,fce4d6,N,행 추가/삭제 반영 재계산: HL=0x97C9→0x97CD. 제어토큰 기존 바이트 유지.
149,문자,0x97CD,0x97CE,121,␠,18 12,2,e2f0d9,N,행 추가/삭제 반영 재계산: 전각 공백 토큰 18 12.
150,문자,0x97CF,0x97D0,122,상,20 3D,2,e9ae2b,N,"행 추가/삭제 반영 재계산: 주황색 대화체 발화용 문자행, 패치 KANJI1 발화체 토큰."
151,문자,0x97D1,0x97D2,123,처,00 E1,2,e9ae2b,N,"행 추가/삭제 반영 재계산: 주황색 대화체 발화용 문자행, 패치 KANJI1 발화체 토큰."
152,문자,0x97D3,0x97D4,124,가,A0 17,2,e9ae2b,N,"행 추가/삭제 반영 재계산: 주황색 대화체 발화용 문자행, 패치 KANJI1 발화체 토큰."
153,문자,0x97D5,0x97D6,125,␠,18 12,2,e2f0d9,N,행 추가/삭제 반영 재계산: 전각 공백 토큰 18 12.
154,문자,0x97D7,0x97D8,126,울,F0 D3,2,e9ae2b,N,"행 추가/삭제 반영 재계산: 주황색 대화체 발화용 문자행, 패치 KANJI1 발화체 토큰."
155,문자,0x97D9,0x97DA,127,리,70 34,2,e9ae2b,N,"행 추가/삭제 반영 재계산: 주황색 대화체 발화용 문자행, 패치 KANJI1 발화체 토큰."
156,문자,0x97DB,0x97DC,128,잖,30 DF,2,e9ae2b,N,"행 추가/삭제 반영 재계산: 주황색 대화체 발화용 문자행, 패치 KANJI1 발화체 토큰."
157,문자,0x97DD,0x97DE,129,아,00 56,2,e9ae2b,N,"행 추가/삭제 반영 재계산: 주황색 대화체 발화용 문자행, 패치 KANJI1 발화체 토큰."
158,문자,0x97DF,0x97E0,130,・,60 12,2,e2f0d9,N,행 추가/삭제 반영 재계산: PC-88 문장부호 토큰.
159,문자,0x97E1,0x97E2,131,・,60 12,2,e2f0d9,N,행 추가/삭제 반영 재계산: PC-88 문장부호 토큰.
160,문자,0x97E3,0x97E4,132,・,60 12,2,e2f0d9,N,행 추가/삭제 반영 재계산: PC-88 문장부호 토큰.
161,제어,0x97E5,0x97E6,,,15 00,2,fce4d6,N,행 추가/삭제 반영 재계산: HL=0x97E5→0x97E7. 제어토큰 기존 바이트 유지.
162,문자,0x97E7,0x97E8,133,너,50 25,2,e9ae2b,N,"행 추가/삭제 반영 재계산: 주황색 대화체 발화용 문자행, 패치 KANJI1 발화체 토큰."
163,문자,0x97E9,0x97EA,134,와,E0 9F,2,e9ae2b,N,"행 추가/삭제 반영 재계산: 주황색 대화체 발화용 문자행, 패치 KANJI1 발화체 토큰."
164,문자,0x97EB,0x97EC,135,␠,18 12,2,e2f0d9,N,행 추가/삭제 반영 재계산: 전각 공백 토큰 18 12.
165,문자,0x97ED,0x97EE,136,나,B0 24,2,e9ae2b,N,"행 추가/삭제 반영 재계산: 주황색 대화체 발화용 문자행, 패치 KANJI1 발화체 토큰."
166,문자,0x97EF,0x97F0,137,는,E0 25,2,e9ae2b,N,"행 추가/삭제 반영 재계산: 주황색 대화체 발화용 문자행, 패치 KANJI1 발화체 토큰."
167,문자,0x97F1,0x97F2,138,␠,18 12,2,e2f0d9,N,행 추가/삭제 반영 재계산: 전각 공백 토큰 18 12.
168,문자,0x97F3,0x97F4,139,적,A0 DF,2,e9ae2b,N,"행 추가/삭제 반영 재계산: 주황색 대화체 발화용 문자행, 패치 KANJI1 발화체 토큰."
169,문자,0x97F5,0x97F6,140,이,90 DE,2,e9ae2b,N,"행 추가/삭제 반영 재계산: 주황색 대화체 발화용 문자행, 패치 KANJI1 발화체 토큰."
170,문자,0x97F7,0x97F8,141,야,00 6C,2,e9ae2b,N,"행 추가/삭제 반영 재계산: 주황색 대화체 발화용 문자행, 패치 KANJI1 발화체 토큰."
171,문자,0x97F9,0x97FA,142,・,60 12,2,e2f0d9,N,행 추가/삭제 반영 재계산: PC-88 문장부호 토큰.
172,문자,0x97FB,0x97FC,143,・,60 12,2,e2f0d9,N,행 추가/삭제 반영 재계산: PC-88 문장부호 토큰.
173,문자,0x97FD,0x97FE,144,・,60 12,2,e2f0d9,N,행 추가/삭제 반영 재계산: PC-88 문장부호 토큰.
174,문자,0x97FF,0x9800,145,␠,18 12,2,e2f0d9,N,행 추가/삭제 반영 재계산: 전각 공백 토큰 18 12.
175,문자,0x9801,0x9802,146,그,50 21,2,e9ae2b,N,"행 추가/삭제 반영 재계산: 주황색 대화체 발화용 문자행, 패치 KANJI1 발화체 토큰."
176,문자,0x9803,0x9804,147,래,30 31,2,e9ae2b,N,"행 추가/삭제 반영 재계산: 주황색 대화체 발화용 문자행, 패치 KANJI1 발화체 토큰."
177,문자,0x9805,0x9806,148,서,50 3D,2,e9ae2b,N,"행 추가/삭제 반영 재계산: 주황색 대화체 발화용 문자행, 패치 KANJI1 발화체 토큰."
178,문자,0x9807,0x9808,149,␠,18 12,2,e2f0d9,N,행 추가/삭제 반영 재계산: 전각 공백 토큰 18 12.
179,문자,0x9809,0x980A,150,싸,00 46,2,e9ae2b,N,"행 추가/삭제 반영 재계산: 주황색 대화체 발화용 문자행, 패치 KANJI1 발화체 토큰."
180,문자,0x980B,0x980C,151,우,F0 CD,2,e9ae2b,N,"행 추가/삭제 반영 재계산: 주황색 대화체 발화용 문자행, 패치 KANJI1 발화체 토큰."
181,문자,0x980D,0x980E,152,는,E0 25,2,e9ae2b,N,"행 추가/삭제 반영 재계산: 주황색 대화체 발화용 문자행, 패치 KANJI1 발화체 토큰."
182,문자,0x980F,0x9810,153,␠,18 12,2,e2f0d9,N,행 추가/삭제 반영 재계산: 전각 공백 토큰 18 12.
183,문자,0x9811,0x9812,154,거,90 1D,2,e9ae2b,N,"행 추가/삭제 반영 재계산: 주황색 대화체 발화용 문자행, 패치 KANJI1 발화체 토큰."
184,문자,0x9813,0x9814,155,야,00 6C,2,e9ae2b,N,"행 추가/삭제 반영 재계산: 주황색 대화체 발화용 문자행, 패치 KANJI1 발화체 토큰."
185,문자,0x9815,0x9816,156,・,60 12,2,e2f0d9,N,행 추가/삭제 반영 재계산: PC-88 문장부호 토큰.
186,문자,0x9817,0x9818,157,・,60 12,2,e2f0d9,N,행 추가/삭제 반영 재계산: PC-88 문장부호 토큰.
187,문자,0x9819,0x981A,158,・,60 12,2,e2f0d9,N,행 추가/삭제 반영 재계산: PC-88 문장부호 토큰.
188,제어,0x981B,0x981E,,,12 00 21 00,4,fce4d6,N,행 추가/삭제 반영 재계산: HL=0x981B→0x981F. 제어토큰 기존 바이트 유지.
189,문자,0x981F,0x9820,159,␠,18 12,2,e2f0d9,N,행 추가/삭제 반영 재계산: 전각 공백 토큰 18 12.
190,문자,0x9821,0x9822,160,그,50 21,2,e9ae2b,N,"행 추가/삭제 반영 재계산: 주황색 대화체 발화용 문자행, 패치 KANJI1 발화체 토큰."
191,문자,0x9823,0x9824,161,거,90 1D,2,e9ae2b,N,"행 추가/삭제 반영 재계산: 주황색 대화체 발화용 문자행, 패치 KANJI1 발화체 토큰."
192,문자,0x9825,0x9826,162,면,70 35,2,e9ae2b,N,"행 추가/삭제 반영 재계산: 주황색 대화체 발화용 문자행, 패치 KANJI1 발화체 토큰."
193,문자,0x9827,0x9828,163,␠,18 12,2,e2f0d9,N,행 추가/삭제 반영 재계산: 전각 공백 토큰 18 12.
194,문자,0x9829,0x982A,164,됐,70 2E,2,e9ae2b,N,"행 추가/삭제 반영 재계산: 주황색 대화체 발화용 문자행, 패치 KANJI1 발화체 토큰."
195,문자,0x982B,0x982C,165,잖,30 DF,2,e9ae2b,N,"행 추가/삭제 반영 재계산: 주황색 대화체 발화용 문자행, 패치 KANJI1 발화체 토큰."
196,문자,0x982D,0x982E,166,아,00 56,2,e9ae2b,N,"행 추가/삭제 반영 재계산: 주황색 대화체 발화용 문자행, 패치 KANJI1 발화체 토큰."
197,문자,0x982F,0x9830,167,！,A0 12,2,e2f0d9,N,행 추가/삭제 반영 재계산: PC-88 문장부호 토큰.
198,제어,0x9831,0x9833,,,19 00 7E,3,fce4d6,N,행 추가/삭제 반영 재계산: HL=0x9831→0x9834. 제어토큰 기존 바이트 유지.
199,제어,0x9834,0x9835,,,15 00,2,fce4d6,N,행 추가/삭제 반영 재계산: HL=0x9834→0x9836. 제어토큰 기존 바이트 유지.
200,제어,0x9836,0x9837,,,17 00,2,fce4d6,N,행 추가/삭제 반영 재계산: HL=0x9836→0x9838. 제어토큰 기존 바이트 유지.
201,제어,0x9838,0x983C,,,14 00 00 40 80,5,fce4d6,N,행 추가/삭제 반영 재계산: HL=0x9838→0x983D. 제어토큰 기존 바이트 유지.
202,제어,0x983D,0x983F,,,1A 00 04,3,fce4d6,N,행 추가/삭제 반영 재계산: HL=0x983D→0x9840. 제어토큰 기존 바이트 유지.
203,제어,0x9840,0x9841,,,16 00,2,fce4d6,N,행 추가/삭제 반영 재계산: HL=0x9840→0x9842. 제어토큰 기존 바이트 유지.
204,문자,0x9842,0x9843,168,억,00 72,2,e9ae2b,N,"행 추가/삭제 반영 재계산: 주황색 대화체 발화용 문자행, 패치 KANJI1 발화체 토큰."
205,문자,0x9844,0x9845,169,지,10 E0,2,e9ae2b,N,"행 추가/삭제 반영 재계산: 주황색 대화체 발화용 문자행, 패치 KANJI1 발화체 토큰."
206,문자,0x9846,0x9847,170,␠,18 12,2,e2f0d9,N,행 추가/삭제 반영 재계산: 전각 공백 토큰 18 12.
207,문자,0x9848,0x9849,171,부,00 3C,2,e9ae2b,N,"행 추가/삭제 반영 재계산: 주황색 대화체 발화용 문자행, 패치 KANJI1 발화체 토큰."
208,문자,0x984A,0x984B,172,리,70 34,2,e9ae2b,N,"행 추가/삭제 반영 재계산: 주황색 대화체 발화용 문자행, 패치 KANJI1 발화체 토큰."
209,문자,0x984C,0x984D,173,지,10 E0,2,e9ae2b,N,"행 추가/삭제 반영 재계산: 주황색 대화체 발화용 문자행, 패치 KANJI1 발화체 토큰."
210,문자,0x984E,0x984F,174,␠,18 12,2,e2f0d9,N,행 추가/삭제 반영 재계산: 전각 공백 토큰 18 12.
211,문자,0x9850,0x9851,175,마,B0 34,2,e9ae2b,N,"행 추가/삭제 반영 재계산: 주황색 대화체 발화용 문자행, 패치 KANJI1 발화체 토큰."
212,문자,0x9852,0x9853,176,、,20 12,2,e2f0d9,N,행 추가/삭제 반영 재계산: PC-88 문장부호 토큰.
213,제어,0x9854,0x9858,,,12 00 23 21 00,5,fce4d6,N,행 추가/삭제 반영 재계산: HL=0x9854→0x9859. 제어토큰 기존 바이트 유지.
214,문자,0x9859,0x985A,177,난,C0 24,2,e9ae2b,N,"행 추가/삭제 반영 재계산: 주황색 대화체 발화용 문자행, 패치 KANJI1 발화체 토큰."
215,문자,0x985B,0x985C,178,␠,18 12,2,e2f0d9,N,행 추가/삭제 반영 재계산: 전각 공백 토큰 18 12.
216,문자,0x985D,0x985E,179,널,70 25,2,e9ae2b,N,"행 추가/삭제 반영 재계산: 주황색 대화체 발화용 문자행, 패치 KANJI1 발화체 토큰."
217,문자,0x985F,0x9860,180,␠,18 12,2,e2f0d9,N,행 추가/삭제 반영 재계산: 전각 공백 토큰 18 12.
218,문자,0x9861,0x9862,181,적,A0 DF,2,e9ae2b,N,"행 추가/삭제 반영 재계산: 주황색 대화체 발화용 문자행, 패치 KANJI1 발화체 토큰."
219,문자,0x9863,0x9864,182,이,90 DE,2,e9ae2b,N,"행 추가/삭제 반영 재계산: 주황색 대화체 발화용 문자행, 패치 KANJI1 발화체 토큰."
220,문자,0x9865,0x9866,183,라,F0 30,2,e9ae2b,N,"행 추가/삭제 반영 재계산: 주황색 대화체 발화용 문자행, 패치 KANJI1 발화체 토큰."
221,문자,0x9867,0x9868,184,␠,18 12,2,e2f0d9,N,행 추가/삭제 반영 재계산: 전각 공백 토큰 18 12.
222,문자,0x9869,0x986A,185,생,40 3D,2,e9ae2b,N,"행 추가/삭제 반영 재계산: 주황색 대화체 발화용 문자행, 패치 KANJI1 발화체 토큰."
223,문자,0x986B,0x986C,186,각,B0 17,2,e9ae2b,N,"행 추가/삭제 반영 재계산: 주황색 대화체 발화용 문자행, 패치 KANJI1 발화체 토큰."
224,문자,0x986D,0x986E,187,한,70 E3,2,e9ae2b,N,"행 추가/삭제 반영 재계산: 주황색 대화체 발화용 문자행, 패치 KANJI1 발화체 토큰."
225,문자,0x986F,0x9870,188,␠,18 12,2,e2f0d9,N,행 추가/삭제 반영 재계산: 전각 공백 토큰 18 12.
226,문자,0x9871,0x9872,189,적,A0 DF,2,e9ae2b,N,"행 추가/삭제 반영 재계산: 주황색 대화체 발화용 문자행, 패치 KANJI1 발화체 토큰."
227,문자,0x9873,0x9874,190,␠,18 12,2,e2f0d9,N,행 추가/삭제 반영 재계산: 전각 공백 토큰 18 12.
228,문자,0x9875,0x9876,191,없,00 7C,2,e9ae2b,N,"행 추가/삭제 반영 재계산: 주황색 대화체 발화용 문자행, 패치 KANJI1 발화체 토큰."
229,문자,0x9877,0x9878,192,어,00 70,2,e9ae2b,N,"행 추가/삭제 반영 재계산: 주황색 대화체 발화용 문자행, 패치 KANJI1 발화체 토큰."
230,문자,0x9879,0x987A,193,！,A0 12,2,e2f0d9,N,행 추가/삭제 반영 재계산: PC-88 문장부호 토큰.
231,제어,0x987B,0x987D,,,19 00 7D,3,fce4d6,N,행 추가/삭제 반영 재계산: HL=0x987B→0x987E. 제어토큰 기존 바이트 유지.
232,제어,0x987E,0x987F,,,15 00,2,fce4d6,N,행 추가/삭제 반영 재계산: HL=0x987E→0x9880. 제어토큰 기존 바이트 유지.
233,제어,0x9880,0x9881,,,17 00,2,fce4d6,N,행 추가/삭제 반영 재계산: HL=0x9880→0x9882. 제어토큰 기존 바이트 유지.
234,제어,0x9882,0x9884,,,1A 00 04,3,fce4d6,N,행 추가/삭제 반영 재계산: HL=0x9882→0x9885. 제어토큰 기존 바이트 유지.
235,제어,0x9885,0x9886,,,16 00,2,fce4d6,N,행 추가/삭제 반영 재계산: HL=0x9885→0x9887. 제어토큰 기존 바이트 유지.
236,제어,0x9887,0x9888,,,10 11,2,fce4d6,N,행 추가/삭제 반영 재계산: HL=0x9887→0x9889. 제어토큰 기존 바이트 유지.
237,제어,0x9889,0x988D,,,12 00 23 21 00,5,fce4d6,N,행 추가/삭제 반영 재계산: HL=0x9889→0x988E. 제어토큰 기존 바이트 유지.
238,제어,0x988E,0x988F,,,10 11,2,fce4d6,N,행 추가/삭제 반영 재계산: HL=0x988E→0x9890. 제어토큰 기존 바이트 유지.
239,제어,0x9890,0x9894,,,12 00 23 21 00,5,fce4d6,N,행 추가/삭제 반영 재계산: HL=0x9890→0x9895. 제어토큰 기존 바이트 유지.
240,제어,0x9895,0x9896,,,10 11,2,fce4d6,N,행 추가/삭제 반영 재계산: HL=0x9895→0x9897. 제어토큰 기존 바이트 유지.
241,문자,0x9897,0x9898,194,그,50 21,2,e9ae2b,N,"행 추가/삭제 반영 재계산: 주황색 대화체 발화용 문자행, 패치 KANJI1 발화체 토큰."
242,문자,0x9899,0x989A,195,럼,70 31,2,e9ae2b,N,"행 추가/삭제 반영 재계산: 주황색 대화체 발화용 문자행, 패치 KANJI1 발화체 토큰."
243,문자,0x989B,0x989C,196,・,60 12,2,e2f0d9,N,행 추가/삭제 반영 재계산: PC-88 문장부호 토큰.
244,문자,0x989D,0x989E,197,・,60 12,2,e2f0d9,N,행 추가/삭제 반영 재계산: PC-88 문장부호 토큰.
245,문자,0x989F,0x98A0,198,・,60 12,2,e2f0d9,N,행 추가/삭제 반영 재계산: PC-88 문장부호 토큰.
246,문자,0x98A1,0x98A2,199,␠,18 12,2,e2f0d9,N,행 추가/삭제 반영 재계산: 전각 공백 토큰 18 12.
247,문자,0x98A3,0x98A4,200,뭔,F0 37,2,e9ae2b,N,"행 추가/삭제 반영 재계산: 주황색 대화체 발화용 문자행, 패치 KANJI1 발화체 토큰."
248,문자,0x98A5,0x98A6,201,데,F0 2D,2,e9ae2b,N,"행 추가/삭제 반영 재계산: 주황색 대화체 발화용 문자행, 패치 KANJI1 발화체 토큰."
249,문자,0x98A7,0x98A8,202,？,90 12,2,e2f0d9,N,행 추가/삭제 반영 재계산: PC-88 문장부호 토큰.
250,제어,0x98A9,0x98AB,,,19 00 7E,3,fce4d6,N,행 추가/삭제 반영 재계산: HL=0x98A9→0x98AC. 제어토큰 기존 바이트 유지.
251,제어,0x98AC,0x98AD,,,15 00,2,fce4d6,N,행 추가/삭제 반영 재계산: HL=0x98AC→0x98AE. 제어토큰 기존 바이트 유지.
252,제어,0x98AE,0x98AF,,,17 00,2,fce4d6,N,행 추가/삭제 반영 재계산: HL=0x98AE→0x98B0. 제어토큰 기존 바이트 유지.
253,제어,0x98B0,0x98B4,,,14 00 00 40 80,5,fce4d6,N,행 추가/삭제 반영 재계산: HL=0x98B0→0x98B5. 제어토큰 기존 바이트 유지.
254,제어,0x98B5,0x98B7,,,1A 00 04,3,fce4d6,N,행 추가/삭제 반영 재계산: HL=0x98B5→0x98B8. 제어토큰 기존 바이트 유지.
255,제어,0x98B8,0x98B9,,,16 00,2,fce4d6,N,행 추가/삭제 반영 재계산: HL=0x98B8→0x98BA. 제어토큰 기존 바이트 유지.
256,제어,0x98BA,0x98BD,,,12 00 23 00,4,fce4d6,N,행 추가/삭제 반영 재계산: HL=0x98BA→0x98BE. 제어토큰 기존 바이트 유지.
257,문자,0x98BE,0x98BF,203,친,B0 E1,2,e9ae2b,N,"행 추가/삭제 반영 재계산: 주황색 대화체 발화용 문자행, 패치 KANJI1 발화체 토큰."
258,문자,0x98C0,0x98C1,204,구,00 21,2,e9ae2b,N,"행 추가/삭제 반영 재계산: 주황색 대화체 발화용 문자행, 패치 KANJI1 발화체 토큰."
259,문자,0x98C2,0x98C3,205,야,00 6C,2,e9ae2b,N,"행 추가/삭제 반영 재계산: 주황색 대화체 발화용 문자행, 패치 KANJI1 발화체 토큰."
260,문자,0x98C4,0x98C5,206,・,60 12,2,e2f0d9,N,행 추가/삭제 반영 재계산: PC-88 문장부호 토큰.
261,문자,0x98C6,0x98C7,207,・,60 12,2,e2f0d9,N,행 추가/삭제 반영 재계산: PC-88 문장부호 토큰.
262,문자,0x98C8,0x98C9,208,・,60 12,2,e2f0d9,N,행 추가/삭제 반영 재계산: PC-88 문장부호 토큰.
263,제어,0x98CA,0x98CD,,,12 00 21 00,4,fce4d6,N,행 추가/삭제 반영 재계산: HL=0x98CA→0x98CE. 제어토큰 기존 바이트 유지.
264,문자,0x98CE,0x98CF,209,␠,18 12,2,e2f0d9,N,행 추가/삭제 반영 재계산: 전각 공백 토큰 18 12.
265,문자,0x98D0,0x98D1,210,우,F0 CD,2,e9ae2b,N,"행 추가/삭제 반영 재계산: 주황색 대화체 발화용 문자행, 패치 KANJI1 발화체 토큰."
266,문자,0x98D2,0x98D3,211,린,80 34,2,e9ae2b,N,"행 추가/삭제 반영 재계산: 주황색 대화체 발화용 문자행, 패치 KANJI1 발화체 토큰."
267,문자,0x98D4,0x98D5,212,␠,18 12,2,e2f0d9,N,행 추가/삭제 반영 재계산: 전각 공백 토큰 18 12.
268,제어,0x98D6,0x98DA,,,12 00 23 21 00,5,fce4d6,N,행 추가/삭제 반영 재계산: HL=0x98D6→0x98DB. 제어토큰 기존 바이트 유지.
269,문자,0x98DB,0x98DC,213,친,B0 E1,2,e9ae2b,N,"행 추가/삭제 반영 재계산: 주황색 대화체 발화용 문자행, 패치 KANJI1 발화체 토큰."
270,문자,0x98DD,0x98DE,214,구,00 21,2,e9ae2b,N,"행 추가/삭제 반영 재계산: 주황색 대화체 발화용 문자행, 패치 KANJI1 발화체 토큰."
271,문자,0x98DF,0x98E0,215,라,F0 30,2,e9ae2b,N,"행 추가/삭제 반영 재계산: 주황색 대화체 발화용 문자행, 패치 KANJI1 발화체 토큰."
272,문자,0x98E1,0x98E2,216,고,80 20,2,e9ae2b,N,"행 추가/삭제 반영 재계산: 주황색 대화체 발화용 문자행, 패치 KANJI1 발화체 토큰."
273,문자,0x98E3,0x98E4,217,！,A0 12,2,e2f0d9,N,행 추가/삭제 반영 재계산: PC-88 문장부호 토큰.
274,제어,0x98E5,0x98E7,,,19 00 7D,3,fce4d6,N,행 추가/삭제 반영 재계산: HL=0x98E5→0x98E8. 제어토큰 기존 바이트 유지.
275,제어,0x98E8,0x98E9,,,15 00,2,fce4d6,N,행 추가/삭제 반영 재계산: HL=0x98E8→0x98EA. 제어토큰 기존 바이트 유지.
276,제어,0x98EA,0x98EB,,,17 00,2,fce4d6,N,행 추가/삭제 반영 재계산: HL=0x98EA→0x98EC. 제어토큰 기존 바이트 유지.
277,제어,0x98EC,0x98EE,,,1A 00 04,3,fce4d6,N,행 추가/삭제 반영 재계산: HL=0x98EC→0x98EF. 제어토큰 기존 바이트 유지.
278,제어,0x98EF,0x98F0,,,16 00,2,fce4d6,N,행 추가/삭제 반영 재계산: HL=0x98EF→0x98F1. 제어토큰 기존 바이트 유지.
279,제어,0x98F1,0x98F2,,,10 11,2,fce4d6,N,행 추가/삭제 반영 재계산: HL=0x98F1→0x98F3. 제어토큰 기존 바이트 유지.
280,제어,0x98F3,0x98F6,,,12 00 23 00,4,fce4d6,N,행 추가/삭제 반영 재계산: HL=0x98F3→0x98F7. 제어토큰 기존 바이트 유지.
281,문자,0x98F7,0x98F8,218,・,60 12,2,e2f0d9,N,행 추가/삭제 반영 재계산: PC-88 문장부호 토큰.
282,문자,0x98F9,0x98FA,219,・,60 12,2,e2f0d9,N,행 추가/삭제 반영 재계산: PC-88 문장부호 토큰.
283,문자,0x98FB,0x98FC,220,・,60 12,2,e2f0d9,N,행 추가/삭제 반영 재계산: PC-88 문장부호 토큰.
284,제어,0x98FD,0x9900,,,12 00 21 00,4,fce4d6,N,행 추가/삭제 반영 재계산: HL=0x98FD→0x9901. 제어토큰 기존 바이트 유지.
285,문자,0x9901,0x9902,221,항,A0 E3,2,e9ae2b,N,"행 추가/삭제 반영 재계산: 주황색 대화체 발화용 문자행, 패치 KANJI1 발화체 토큰."
286,문자,0x9903,0x9904,222,상,20 3D,2,e9ae2b,N,"행 추가/삭제 반영 재계산: 주황색 대화체 발화용 문자행, 패치 KANJI1 발화체 토큰."
287,문자,0x9905,0x9906,223,␠,18 12,2,e2f0d9,N,행 추가/삭제 반영 재계산: 전각 공백 토큰 18 12.
288,문자,0x9907,0x9908,224,괴,E0 20,2,e9ae2b,N,"행 추가/삭제 반영 재계산: 주황색 대화체 발화용 문자행, 패치 KANJI1 발화체 토큰."
289,문자,0x9909,0x990A,225,롭,F0 33,2,e9ae2b,N,"행 추가/삭제 반영 재계산: 주황색 대화체 발화용 문자행, 패치 KANJI1 발화체 토큰."
290,문자,0x990B,0x990C,226,히,60 E5,2,e9ae2b,N,"행 추가/삭제 반영 재계산: 주황색 대화체 발화용 문자행, 패치 KANJI1 발화체 토큰."
291,문자,0x990D,0x990E,227,기,B0 21,2,e9ae2b,N,"행 추가/삭제 반영 재계산: 주황색 대화체 발화용 문자행, 패치 KANJI1 발화체 토큰."
292,문자,0x990F,0x9910,228,만,D0 34,2,e9ae2b,N,"행 추가/삭제 반영 재계산: 주황색 대화체 발화용 문자행, 패치 KANJI1 발화체 토큰."
293,문자,0x9911,0x9912,229,␠,18 12,2,e2f0d9,N,행 추가/삭제 반영 재계산: 전각 공백 토큰 18 12.
294,문자,0x9913,0x9914,230,했,C0 E3,2,e9ae2b,N,"행 추가/삭제 반영 재계산: 주황색 대화체 발화용 문자행, 패치 KANJI1 발화체 토큰."
295,문자,0x9915,0x9916,231,는,E0 25,2,e9ae2b,N,"행 추가/삭제 반영 재계산: 주황색 대화체 발화용 문자행, 패치 KANJI1 발화체 토큰."
296,문자,0x9917,0x9918,232,데,F0 2D,2,e9ae2b,N,"행 추가/삭제 반영 재계산: 주황색 대화체 발화용 문자행, 패치 KANJI1 발화체 토큰."
297,문자,0x9919,0x991A,233,？,90 12,2,e2f0d9,N,행 추가/삭제 반영 재계산: PC-88 문장부호 토큰.
298,제어,0x991B,0x991F,,,12 00 23 21 00,5,fce4d6,N,행 추가/삭제 반영 재계산: HL=0x991B→0x9920. 제어토큰 기존 바이트 유지.
299,문자,0x9920,0x9921,234,␠,18 12,2,e2f0d9,N,행 추가/삭제 반영 재계산: 전각 공백 토큰 18 12.
300,문자,0x9922,0x9923,235,거,90 1D,2,e9ae2b,N,"행 추가/삭제 반영 재계산: 주황색 대화체 발화용 문자행, 패치 KANJI1 발화체 토큰."
301,문자,0x9924,0x9925,236,짓,60 E0,2,e9ae2b,N,"행 추가/삭제 반영 재계산: 주황색 대화체 발화용 문자행, 패치 KANJI1 발화체 토큰."
302,문자,0x9926,0x9927,237,말,F0 34,2,e9ae2b,N,"행 추가/삭제 반영 재계산: 주황색 대화체 발화용 문자행, 패치 KANJI1 발화체 토큰."
303,문자,0x9928,0x9929,238,하,50 E3,2,e9ae2b,N,"행 추가/삭제 반영 재계산: 주황색 대화체 발화용 문자행, 패치 KANJI1 발화체 토큰."
304,문자,0x992A,0x992B,239,지,10 E0,2,e9ae2b,N,"행 추가/삭제 반영 재계산: 주황색 대화체 발화용 문자행, 패치 KANJI1 발화체 토큰."
305,문자,0x992C,0x992D,240,␠,18 12,2,e2f0d9,N,행 추가/삭제 반영 재계산: 전각 공백 토큰 18 12.
306,문자,0x992E,0x992F,241,마,B0 34,2,e9ae2b,N,"행 추가/삭제 반영 재계산: 주황색 대화체 발화용 문자행, 패치 KANJI1 발화체 토큰."
307,문자,0x9930,0x9931,242,！,A0 12,2,e2f0d9,N,행 추가/삭제 반영 재계산: PC-88 문장부호 토큰.
308,제어,0x9932,0x9934,,,19 00 7E,3,fce4d6,N,행 추가/삭제 반영 재계산: HL=0x9932→0x9935. 제어토큰 기존 바이트 유지.
309,제어,0x9935,0x9936,,,15 00,2,fce4d6,N,행 추가/삭제 반영 재계산: HL=0x9935→0x9937. 제어토큰 기존 바이트 유지.
310,제어,0x9937,0x9938,,,17 00,2,fce4d6,N,행 추가/삭제 반영 재계산: HL=0x9937→0x9939. 제어토큰 기존 바이트 유지.
311,제어,0x9939,0x993D,,,14 00 00 40 80,5,fce4d6,N,행 추가/삭제 반영 재계산: HL=0x9939→0x993E. 제어토큰 기존 바이트 유지.
312,제어,0x993E,0x9940,,,1A 00 04,3,fce4d6,N,행 추가/삭제 반영 재계산: HL=0x993E→0x9941. 제어토큰 기존 바이트 유지.
313,제어,0x9941,0x9942,,,16 00,2,fce4d6,N,행 추가/삭제 반영 재계산: HL=0x9941→0x9943. 제어토큰 기존 바이트 유지.
314,문자,0x9943,0x9944,243,분,10 3C,2,e9ae2b,N,"행 추가/삭제 반영 재계산: 주황색 대화체 발화용 문자행, 패치 KANJI1 발화체 토큰."
315,문자,0x9945,0x9946,244,명,90 35,2,e9ae2b,N,"행 추가/삭제 반영 재계산: 주황색 대화체 발화용 문자행, 패치 KANJI1 발화체 토큰."
316,문자,0x9947,0x9948,245,・,60 12,2,e2f0d9,N,행 추가/삭제 반영 재계산: PC-88 문장부호 토큰.
317,문자,0x9949,0x994A,246,・,60 12,2,e2f0d9,N,행 추가/삭제 반영 재계산: PC-88 문장부호 토큰.
318,문자,0x994B,0x994C,247,・,60 12,2,e2f0d9,N,행 추가/삭제 반영 재계산: PC-88 문장부호 토큰.
319,제어,0x994D,0x9950,,,12 00 23 00,4,fce4d6,N,행 추가/삭제 반영 재계산: HL=0x994D→0x9951. 제어토큰 기존 바이트 유지.
320,문자,0x9951,0x9952,248,␠,18 12,2,e2f0d9,N,행 추가/삭제 반영 재계산: 전각 공백 토큰 18 12.
321,문자,0x9953,0x9954,249,그,50 21,2,e9ae2b,N,"행 추가/삭제 반영 재계산: 주황색 대화체 발화용 문자행, 패치 KANJI1 발화체 토큰."
322,문자,0x9955,0x9956,250,런,50 31,2,e9ae2b,N,"행 추가/삭제 반영 재계산: 주황색 대화체 발화용 문자행, 패치 KANJI1 발화체 토큰."
323,문자,0x9957,0x9958,251,␠,18 12,2,e2f0d9,N,행 추가/삭제 반영 재계산: 전각 공백 토큰 18 12.
324,문자,0x9959,0x995A,252,적,A0 DF,2,e9ae2b,N,"행 추가/삭제 반영 재계산: 주황색 대화체 발화용 문자행, 패치 KANJI1 발화체 토큰."
325,문자,0x995B,0x995C,253,이,90 DE,2,e9ae2b,N,"행 추가/삭제 반영 재계산: 주황색 대화체 발화용 문자행, 패치 KANJI1 발화체 토큰."
326,문자,0x995D,0x995E,254,␠,18 12,2,e2f0d9,N,행 추가/삭제 반영 재계산: 전각 공백 토큰 18 12.
327,문자,0x995F,0x9960,255,있,F0 DE,2,e9ae2b,N,"행 추가/삭제 반영 재계산: 주황색 대화체 발화용 문자행, 패치 KANJI1 발화체 토큰."
328,문자,0x9961,0x9962,256,었,00 7E,2,e9ae2b,N,"행 추가/삭제 반영 재계산: 주황색 대화체 발화용 문자행, 패치 KANJI1 발화체 토큰."
329,문자,0x9963,0x9964,257,다,C0 27,2,e9ae2b,N,"행 추가/삭제 반영 재계산: 주황색 대화체 발화용 문자행, 패치 KANJI1 발화체 토큰."
330,문자,0x9965,0x9966,258,고,80 20,2,e9ae2b,N,"행 추가/삭제 반영 재계산: 주황색 대화체 발화용 문자행, 패치 KANJI1 발화체 토큰."
331,문자,0x9967,0x9968,259,␠,18 12,2,e2f0d9,N,행 추가/삭제 반영 재계산: 전각 공백 토큰 18 12.
332,문자,0x9969,0x996A,260,해,B0 E3,2,e9ae2b,N,"행 추가/삭제 반영 재계산: 주황색 대화체 발화용 문자행, 패치 KANJI1 발화체 토큰."
333,문자,0x996B,0x996C,261,도,20 2E,2,e9ae2b,N,"행 추가/삭제 반영 재계산: 주황색 대화체 발화용 문자행, 패치 KANJI1 발화체 토큰."
334,문자,0x996D,0x996E,262,・,60 12,2,e2f0d9,N,행 추가/삭제 반영 재계산: PC-88 문장부호 토큰.
335,문자,0x996F,0x9970,263,・,60 12,2,e2f0d9,N,행 추가/삭제 반영 재계산: PC-88 문장부호 토큰.
336,문자,0x9971,0x9972,264,・,60 12,2,e2f0d9,N,행 추가/삭제 반영 재계산: PC-88 문장부호 토큰.
337,제어,0x9973,0x9976,,,12 00 21 00,4,fce4d6,N,행 추가/삭제 반영 재계산: HL=0x9973→0x9977. 제어토큰 기존 바이트 유지.
338,문자,0x9977,0x9978,265,␠,18 12,2,e2f0d9,N,행 추가/삭제 반영 재계산: 전각 공백 토큰 18 12.
339,문자,0x9979,0x997A,266,난,C0 24,2,e9ae2b,N,"행 추가/삭제 반영 재계산: 주황색 대화체 발화용 문자행, 패치 KANJI1 발화체 토큰."
340,문자,0x997B,0x997C,267,␠,18 12,2,e2f0d9,N,행 추가/삭제 반영 재계산: 전각 공백 토큰 18 12.
341,문자,0x997D,0x997E,268,친,B0 E1,2,e9ae2b,N,"행 추가/삭제 반영 재계산: 주황색 대화체 발화용 문자행, 패치 KANJI1 발화체 토큰."
342,문자,0x997F,0x9980,269,구,00 21,2,e9ae2b,N,"행 추가/삭제 반영 재계산: 주황색 대화체 발화용 문자행, 패치 KANJI1 발화체 토큰."
343,문자,0x9981,0x9982,270,라,F0 30,2,e9ae2b,N,"행 추가/삭제 반영 재계산: 주황색 대화체 발화용 문자행, 패치 KANJI1 발화체 토큰."
344,문자,0x9983,0x9984,271,고,80 20,2,e9ae2b,N,"행 추가/삭제 반영 재계산: 주황색 대화체 발화용 문자행, 패치 KANJI1 발화체 토큰."
345,문자,0x9985,0x9986,272,␠,18 12,2,e2f0d9,N,행 추가/삭제 반영 재계산: 전각 공백 토큰 18 12.
346,문자,0x9987,0x9988,273,생,40 3D,2,e9ae2b,N,"행 추가/삭제 반영 재계산: 주황색 대화체 발화용 문자행, 패치 KANJI1 발화체 토큰."
347,문자,0x9989,0x998A,274,각,B0 17,2,e9ae2b,N,"행 추가/삭제 반영 재계산: 주황색 대화체 발화용 문자행, 패치 KANJI1 발화체 토큰."
348,문자,0x998B,0x998C,275,해,B0 E3,2,e9ae2b,N,"행 추가/삭제 반영 재계산: 주황색 대화체 발화용 문자행, 패치 KANJI1 발화체 토큰."
349,문자,0x998D,0x998E,276,！,A0 12,2,e2f0d9,N,행 추가/삭제 반영 재계산: PC-88 문장부호 토큰.
350,제어,0x998F,0x9990,,,15 00,2,fce4d6,N,행 추가/삭제 반영 재계산: HL=0x998F→0x9991. 제어토큰 기존 바이트 유지.
351,문자,0x9991,0x9992,277,레,A0 31,2,e9ae2b,N,"행 추가/삭제 반영 재계산: 주황색 대화체 발화용 문자행, 패치 KANJI1 발화체 토큰."
352,문자,0x9993,0x9994,278,이,90 DE,2,e9ae2b,N,"행 추가/삭제 반영 재계산: 주황색 대화체 발화용 문자행, 패치 KANJI1 발화체 토큰."
353,문자,0x9995,0x9996,279,코,10 E2,2,e9ae2b,N,"행 추가/삭제 반영 재계산: 주황색 대화체 발화용 문자행, 패치 KANJI1 발화체 토큰."
354,문자,0x9997,0x9998,280,、,20 12,2,e2f0d9,N,행 추가/삭제 반영 재계산: PC-88 문장부호 토큰.
355,문자,0x9999,0x999A,281,뭘,40 39,2,e9ae2b,N,"행 추가/삭제 반영 재계산: 주황색 대화체 발화용 문자행, 패치 KANJI1 발화체 토큰."
356,문자,0x999B,0x999C,282,␠,18 12,2,e2f0d9,N,행 추가/삭제 반영 재계산: 전각 공백 토큰 18 12.
357,문자,0x999D,0x999E,283,숨,50 3F,2,e9ae2b,N,"행 추가/삭제 반영 재계산: 주황색 대화체 발화용 문자행, 패치 KANJI1 발화체 토큰."
358,문자,0x999F,0x99A0,284,기,B0 21,2,e9ae2b,N,"행 추가/삭제 반영 재계산: 주황색 대화체 발화용 문자행, 패치 KANJI1 발화체 토큰."
359,문자,0x99A1,0x99A2,285,고,80 20,2,e9ae2b,N,"행 추가/삭제 반영 재계산: 주황색 대화체 발화용 문자행, 패치 KANJI1 발화체 토큰."
360,문자,0x99A3,0x99A4,286,␠,18 12,2,e2f0d9,N,행 추가/삭제 반영 재계산: 전각 공백 토큰 18 12.
361,문자,0x99A5,0x99A6,287,있,F0 DE,2,e9ae2b,N,"행 추가/삭제 반영 재계산: 주황색 대화체 발화용 문자행, 패치 KANJI1 발화체 토큰."
362,문자,0x99A7,0x99A8,288,는,E0 25,2,e9ae2b,N,"행 추가/삭제 반영 재계산: 주황색 대화체 발화용 문자행, 패치 KANJI1 발화체 토큰."
363,문자,0x99A9,0x99AA,289,␠,18 12,2,e2f0d9,N,행 추가/삭제 반영 재계산: 전각 공백 토큰 18 12.
364,문자,0x99AB,0x99AC,290,거,90 1D,2,e9ae2b,N,"행 추가/삭제 반영 재계산: 주황색 대화체 발화용 문자행, 패치 KANJI1 발화체 토큰."
365,문자,0x99AD,0x99AE,291,야,00 6C,2,e9ae2b,N,"행 추가/삭제 반영 재계산: 주황색 대화체 발화용 문자행, 패치 KANJI1 발화체 토큰."
366,문자,0x99AF,0x99B0,292,？,90 12,2,e2f0d9,N,행 추가/삭제 반영 재계산: PC-88 문장부호 토큰.
367,제어,0x99B1,0x99B4,,,12 00 23 00,4,fce4d6,N,행 추가/삭제 반영 재계산: HL=0x99B1→0x99B5. 제어토큰 기존 바이트 유지.
368,문자,0x99B5,0x99B6,293,␠,18 12,2,e2f0d9,N,행 추가/삭제 반영 재계산: 전각 공백 토큰 18 12.
369,문자,0x99B7,0x99B8,294,왜,F0 C5,2,e9ae2b,N,"행 추가/삭제 반영 재계산: 주황색 대화체 발화용 문자행, 패치 KANJI1 발화체 토큰."
370,제어,0x99B9,0x99BC,,,12 00 21 00,4,fce4d6,N,행 추가/삭제 반영 재계산: HL=0x99B9→0x99BD. 제어토큰 기존 바이트 유지.
371,문자,0x99BD,0x99BE,295,␠,18 12,2,e2f0d9,N,행 추가/삭제 반영 재계산: 전각 공백 토큰 18 12.
372,문자,0x99BF,0x99C0,296,사,E0 3C,2,e9ae2b,N,"행 추가/삭제 반영 재계산: 주황색 대화체 발화용 문자행, 패치 KANJI1 발화체 토큰."
373,문자,0x99C1,0x99C2,297,실,E0 3F,2,e9ae2b,N,"행 추가/삭제 반영 재계산: 주황색 대화체 발화용 문자행, 패치 KANJI1 발화체 토큰."
374,문자,0x99C3,0x99C4,298,대,B0 2D,2,e9ae2b,N,"행 추가/삭제 반영 재계산: 주황색 대화체 발화용 문자행, 패치 KANJI1 발화체 토큰."
375,문자,0x99C5,0x99C6,299,로,D0 31,2,e9ae2b,N,"행 추가/삭제 반영 재계산: 주황색 대화체 발화용 문자행, 패치 KANJI1 발화체 토큰."
376,문자,0x99C7,0x99C8,300,␠,18 12,2,e2f0d9,N,행 추가/삭제 반영 재계산: 전각 공백 토큰 18 12.
377,문자,0x99C9,0x99CA,301,말,F0 34,2,e9ae2b,N,"행 추가/삭제 반영 재계산: 주황색 대화체 발화용 문자행, 패치 KANJI1 발화체 토큰."
378,문자,0x99CB,0x99CC,302,해,B0 E3,2,e9ae2b,N,"행 추가/삭제 반영 재계산: 주황색 대화체 발화용 문자행, 패치 KANJI1 발화체 토큰."
379,문자,0x99CD,0x99CE,303,주,F0 F5,2,e9ae2b,N,"행 추가/삭제 반영 재계산: 주황색 대화체 발화용 문자행, 패치 KANJI1 발화체 토큰."
380,문자,0x99CF,0x99D0,304,지,10 E0,2,e9ae2b,N,"행 추가/삭제 반영 재계산: 주황색 대화체 발화용 문자행, 패치 KANJI1 발화체 토큰."
381,문자,0x99D1,0x99D2,305,␠,18 12,2,e2f0d9,N,행 추가/삭제 반영 재계산: 전각 공백 토큰 18 12.
382,문자,0x99D3,0x99D4,306,않,00 5E,2,e9ae2b,N,"행 추가/삭제 반영 재계산: 주황색 대화체 발화용 문자행, 패치 KANJI1 발화체 토큰."
383,문자,0x99D5,0x99D6,307,는,E0 25,2,e9ae2b,N,"행 추가/삭제 반영 재계산: 주황색 대화체 발화용 문자행, 패치 KANJI1 발화체 토큰."
384,문자,0x99D7,0x99D8,308,␠,18 12,2,e2f0d9,N,행 추가/삭제 반영 재계산: 전각 공백 토큰 18 12.
385,문자,0x99D9,0x99DA,309,거,90 1D,2,e9ae2b,N,"행 추가/삭제 반영 재계산: 주황색 대화체 발화용 문자행, 패치 KANJI1 발화체 토큰."
386,문자,0x99DB,0x99DC,310,야,00 6C,2,e9ae2b,N,"행 추가/삭제 반영 재계산: 주황색 대화체 발화용 문자행, 패치 KANJI1 발화체 토큰."
387,문자,0x99DD,0x99DE,311,！,A0 12,2,e2f0d9,N,행 추가/삭제 반영 재계산: PC-88 문장부호 토큰.
388,제어,0x99DF,0x99E3,,,12 00 23 21 00,5,fce4d6,N,행 추가/삭제 반영 재계산: HL=0x99DF→0x99E4. 제어토큰 기존 바이트 유지.
389,문자,0x99E4,0x99E5,312,？,90 12,2,e2f0d9,N,행 추가/삭제 반영 재계산: PC-88 문장부호 토큰.
390,제어,0x99E6,0x99E8,,,19 00 7D,3,fce4d6,N,행 추가/삭제 반영 재계산: HL=0x99E6→0x99E9. 제어토큰 기존 바이트 유지.
391,제어,0x99E9,0x99EA,,,15 00,2,fce4d6,N,행 추가/삭제 반영 재계산: HL=0x99E9→0x99EB. 제어토큰 기존 바이트 유지.
392,제어,0x99EB,0x99EC,,,17 00,2,fce4d6,N,행 추가/삭제 반영 재계산: HL=0x99EB→0x99ED. 제어토큰 기존 바이트 유지.
393,제어,0x99ED,0x99EF,,,1A 00 04,3,fce4d6,N,행 추가/삭제 반영 재계산: HL=0x99ED→0x99F0. 제어토큰 기존 바이트 유지.
394,제어,0x99F0,0x99F1,,,16 00,2,fce4d6,N,행 추가/삭제 반영 재계산: HL=0x99F0→0x99F2. 제어토큰 기존 바이트 유지.
395,문자,0x99F2,0x99F3,313,・,60 12,2,e2f0d9,N,행 추가/삭제 반영 재계산: PC-88 문장부호 토큰.
396,제어,0x99F4,0x99F7,,,12 00 23 00,4,fce4d6,N,행 추가/삭제 반영 재계산: HL=0x99F4→0x99F8. 제어토큰 기존 바이트 유지.
397,문자,0x99F8,0x99F9,314,・,60 12,2,e2f0d9,N,행 추가/삭제 반영 재계산: PC-88 문장부호 토큰.
398,문자,0x99FA,0x99FB,315,・,60 12,2,e2f0d9,N,행 추가/삭제 반영 재계산: PC-88 문장부호 토큰.
399,제어,0x99FC,0x99FD,,,15 00,2,fce4d6,N,행 추가/삭제 반영 재계산: HL=0x99FC→0x99FE. 제어토큰 기존 바이트 유지.
400,문자,0x99FE,0x99FF,316,・,60 12,2,e2f0d9,N,행 추가/삭제 반영 재계산: PC-88 문장부호 토큰.
401,제어,0x9A00,0x9A03,,,12 00 21 00,4,fce4d6,N,행 추가/삭제 반영 재계산: HL=0x9A00→0x9A04. 제어토큰 기존 바이트 유지.
402,문자,0x9A04,0x9A05,317,・,60 12,2,e2f0d9,N,행 추가/삭제 반영 재계산: PC-88 문장부호 토큰.
403,문자,0x9A06,0x9A07,318,・,60 12,2,e2f0d9,N,행 추가/삭제 반영 재계산: PC-88 문장부호 토큰.
404,문자,0x9A08,0x9A09,319,유,20 DE,2,e9ae2b,N,"행 추가/삭제 반영 재계산: 주황색 대화체 발화용 문자행, 패치 KANJI1 발화체 토큰."
405,문자,0x9A0A,0x9A0B,320,코,10 E2,2,e9ae2b,N,"행 추가/삭제 반영 재계산: 주황색 대화체 발화용 문자행, 패치 KANJI1 발화체 토큰."
406,문자,0x9A0C,0x9A0D,321,의,80 DE,2,e9ae2b,N,"행 추가/삭제 반영 재계산: 주황색 대화체 발화용 문자행, 패치 KANJI1 발화체 토큰."
407,문자,0x9A0E,0x9A0F,322,␠,18 12,2,e2f0d9,N,행 추가/삭제 반영 재계산: 전각 공백 토큰 18 12.
408,문자,0x9A10,0x9A11,323,부,00 3C,2,e9ae2b,N,"행 추가/삭제 반영 재계산: 주황색 대화체 발화용 문자행, 패치 KANJI1 발화체 토큰."
409,문자,0x9A12,0x9A13,324,모,A0 35,2,e9ae2b,N,"행 추가/삭제 반영 재계산: 주황색 대화체 발화용 문자행, 패치 KANJI1 발화체 토큰."
410,문자,0x9A14,0x9A15,325,님,00 26,2,e9ae2b,N,"행 추가/삭제 반영 재계산: 주황색 대화체 발화용 문자행, 패치 KANJI1 발화체 토큰."
411,문자,0x9A16,0x9A17,326,은,40 DE,2,e9ae2b,N,"행 추가/삭제 반영 재계산: 주황색 대화체 발화용 문자행, 패치 KANJI1 발화체 토큰."
412,문자,0x9A18,0x9A19,327,␠,18 12,2,e2f0d9,N,행 추가/삭제 반영 재계산: 전각 공백 토큰 18 12.
413,문자,0x9A1A,0x9A1B,328,사,E0 3C,2,e9ae2b,N,"행 추가/삭제 반영 재계산: 주황색 대화체 발화용 문자행, 패치 KANJI1 발화체 토큰."
414,문자,0x9A1C,0x9A1D,329,이,90 DE,2,e9ae2b,N,"행 추가/삭제 반영 재계산: 주황색 대화체 발화용 문자행, 패치 KANJI1 발화체 토큰."
415,문자,0x9A1E,0x9A1F,330,가,A0 17,2,e9ae2b,N,"행 추가/삭제 반영 재계산: 주황색 대화체 발화용 문자행, 패치 KANJI1 발화체 토큰."
416,문자,0x9A20,0x9A21,331,␠,18 12,2,e2f0d9,N,행 추가/삭제 반영 재계산: 전각 공백 토큰 18 12.
417,문자,0x9A22,0x9A23,332,좋,F0 F3,2,e9ae2b,N,"행 추가/삭제 반영 재계산: 주황색 대화체 발화용 문자행, 패치 KANJI1 발화체 토큰."
418,문자,0x9A24,0x9A25,333,아,00 56,2,e9ae2b,N,"행 추가/삭제 반영 재계산: 주황색 대화체 발화용 문자행, 패치 KANJI1 발화체 토큰."
419,문자,0x9A26,0x9A27,334,？,90 12,2,e2f0d9,N,행 추가/삭제 반영 재계산: PC-88 문장부호 토큰.
420,제어,0x9A28,0x9A2A,,,19 00 7E,3,fce4d6,N,행 추가/삭제 반영 재계산: HL=0x9A28→0x9A2B. 제어토큰 기존 바이트 유지.
421,제어,0x9A2B,0x9A2C,,,15 00,2,fce4d6,N,행 추가/삭제 반영 재계산: HL=0x9A2B→0x9A2D. 제어토큰 기존 바이트 유지.
422,제어,0x9A2D,0x9A2E,,,17 00,2,fce4d6,N,행 추가/삭제 반영 재계산: HL=0x9A2D→0x9A2F. 제어토큰 기존 바이트 유지.
423,제어,0x9A2F,0x9A33,,,14 00 00 40 80,5,fce4d6,N,행 추가/삭제 반영 재계산: HL=0x9A2F→0x9A34. 제어토큰 기존 바이트 유지.
424,제어,0x9A34,0x9A36,,,1A 00 04,3,fce4d6,N,행 추가/삭제 반영 재계산: HL=0x9A34→0x9A37. 제어토큰 기존 바이트 유지.
425,제어,0x9A37,0x9A38,,,16 00,2,fce4d6,N,행 추가/삭제 반영 재계산: HL=0x9A37→0x9A39. 제어토큰 기존 바이트 유지.
426,문자,0x9A39,0x9A3A,335,뭐,E0 37,2,e9ae2b,N,"행 추가/삭제 반영 재계산: 주황색 대화체 발화용 문자행, 패치 KANJI1 발화체 토큰."
427,문자,0x9A3B,0x9A3C,336,？,90 12,2,e2f0d9,N,행 추가/삭제 반영 재계산: PC-88 문장부호 토큰.
428,문자,0x9A3D,0x9A3E,337,␠,18 12,2,e2f0d9,N,행 추가/삭제 반영 재계산: 전각 공백 토큰 18 12.
429,문자,0x9A3F,0x9A40,338,・,60 12,2,e2f0d9,N,행 추가/삭제 반영 재계산: PC-88 문장부호 토큰.
430,제어,0x9A41,0x9A45,,,12 00 23 21 00,5,fce4d6,N,행 추가/삭제 반영 재계산: HL=0x9A41→0x9A46. 제어토큰 기존 바이트 유지.
431,문자,0x9A46,0x9A47,339,・,60 12,2,e2f0d9,N,행 추가/삭제 반영 재계산: PC-88 문장부호 토큰.
432,제어,0x9A48,0x9A4C,,,12 00 23 21 00,5,fce4d6,N,행 추가/삭제 반영 재계산: HL=0x9A48→0x9A4D. 제어토큰 기존 바이트 유지.
433,문자,0x9A4D,0x9A4E,340,・,60 12,2,e2f0d9,N,행 추가/삭제 반영 재계산: PC-88 문장부호 토큰.
434,문자,0x9A4F,0x9A50,341,좋,F0 F3,2,e9ae2b,N,"행 추가/삭제 반영 재계산: 주황색 대화체 발화용 문자행, 패치 KANJI1 발화체 토큰."
435,문자,0x9A51,0x9A52,342,은,40 DE,2,e9ae2b,N,"행 추가/삭제 반영 재계산: 주황색 대화체 발화용 문자행, 패치 KANJI1 발화체 토큰."
436,문자,0x9A53,0x9A54,343,␠,18 12,2,e2f0d9,N,행 추가/삭제 반영 재계산: 전각 공백 토큰 18 12.
437,문자,0x9A55,0x9A56,344,편,F0 E2,2,e9ae2b,N,"행 추가/삭제 반영 재계산: 주황색 대화체 발화용 문자행, 패치 KANJI1 발화체 토큰."
438,문자,0x9A57,0x9A58,345,이,90 DE,2,e9ae2b,N,"행 추가/삭제 반영 재계산: 주황색 대화체 발화용 문자행, 패치 KANJI1 발화체 토큰."
439,문자,0x9A59,0x9A5A,346,야,00 6C,2,e9ae2b,N,"행 추가/삭제 반영 재계산: 주황색 대화체 발화용 문자행, 패치 KANJI1 발화체 토큰."
440,문자,0x9A5B,0x9A5C,347,・,60 12,2,e2f0d9,N,행 추가/삭제 반영 재계산: PC-88 문장부호 토큰.
441,문자,0x9A5D,0x9A5E,348,・,60 12,2,e2f0d9,N,행 추가/삭제 반영 재계산: PC-88 문장부호 토큰.
442,문자,0x9A5F,0x9A60,349,・,60 12,2,e2f0d9,N,행 추가/삭제 반영 재계산: PC-88 문장부호 토큰.
443,제어,0x9A61,0x9A62,,,15 00,2,fce4d6,N,행 추가/삭제 반영 재계산: HL=0x9A61→0x9A63. 제어토큰 기존 바이트 유지.
444,문자,0x9A63,0x9A64,350,너,58 25,2,e0eed1,N,"행 추가/삭제 반영 재계산: 일반 문자행, 같은 glyph base 유지 + 첫 바이트 OR 08h."
445,문자,0x9A65,0x9A66,351,␠,18 12,2,e2f0d9,N,행 추가/삭제 반영 재계산: 전각 공백 토큰 18 12.
446,문자,0x9A67,0x9A68,352,형,48 E4,2,e0eed1,N,"행 추가/삭제 반영 재계산: 일반 문자행, 같은 glyph base 유지 + 첫 바이트 OR 08h."
447,문자,0x9A69,0x9A6A,353,제,F8 E3,2,e0eed1,N,"행 추가/삭제 반영 재계산: 일반 문자행, 같은 glyph base 유지 + 첫 바이트 OR 08h."
448,문자,0x9A6B,0x9A6C,354,가,A8 17,2,e0eed1,N,"행 추가/삭제 반영 재계산: 일반 문자행, 같은 glyph base 유지 + 첫 바이트 OR 08h."
449,문자,0x9A6D,0x9A6E,355,␠,18 12,2,e2f0d9,N,행 추가/삭제 반영 재계산: 전각 공백 토큰 18 12.
450,문자,0x9A6F,0x9A70,356,있,F8 DE,2,e0eed1,N,"행 추가/삭제 반영 재계산: 일반 문자행, 같은 glyph base 유지 + 첫 바이트 OR 08h."
451,문자,0x9A71,0x9A72,357,지,18 E0,2,e0eed1,N,"행 추가/삭제 반영 재계산: 일반 문자행, 같은 glyph base 유지 + 첫 바이트 OR 08h."
452,문자,0x9A73,0x9A74,358,？,90 12,2,e2f0d9,N,행 추가/삭제 반영 재계산: PC-88 문장부호 토큰.
453,문자,0x9A75,0x9A76,359,␠,18 12,2,e2f0d9,N,행 추가/삭제 반영 재계산: 전각 공백 토큰 18 12.
454,문자,0x9A77,0x9A78,360,・,60 12,2,e2f0d9,N,행 추가/삭제 반영 재계산: PC-88 문장부호 토큰.
455,문자,0x9A79,0x9A7A,361,・,60 12,2,e2f0d9,N,행 추가/삭제 반영 재계산: PC-88 문장부호 토큰.
456,제어,0x9A7B,0x9A7F,,,12 00 23 21 00,5,fce4d6,N,행 추가/삭제 반영 재계산: HL=0x9A7B→0x9A80. 제어토큰 기존 바이트 유지.
457,문자,0x9A80,0x9A81,362,・,60 12,2,e2f0d9,N,행 추가/삭제 반영 재계산: PC-88 문장부호 토큰.
458,문자,0x9A82,0x9A83,363,서,58 3D,2,e0eed1,N,"행 추가/삭제 반영 재계산: 일반 문자행, 같은 glyph base 유지 + 첫 바이트 OR 08h."
459,문자,0x9A84,0x9A85,364,로,D8 31,2,e0eed1,N,"행 추가/삭제 반영 재계산: 일반 문자행, 같은 glyph base 유지 + 첫 바이트 OR 08h."
460,문자,0x9A86,0x9A87,365,␠,18 12,2,e2f0d9,N,행 추가/삭제 반영 재계산: 전각 공백 토큰 18 12.
461,문자,0x9A88,0x9A89,366,싸,08 46,2,e0eed1,N,"행 추가/삭제 반영 재계산: 일반 문자행, 같은 glyph base 유지 + 첫 바이트 OR 08h."
462,문자,0x9A8A,0x9A8B,367,우,F8 CD,2,e0eed1,N,"행 추가/삭제 반영 재계산: 일반 문자행, 같은 glyph base 유지 + 첫 바이트 OR 08h."
463,문자,0x9A8C,0x9A8D,368,거,98 1D,2,e0eed1,N,"행 추가/삭제 반영 재계산: 일반 문자행, 같은 glyph base 유지 + 첫 바이트 OR 08h."
464,문자,0x9A8E,0x9A8F,369,나,B8 24,2,e0eed1,N,"행 추가/삭제 반영 재계산: 일반 문자행, 같은 glyph base 유지 + 첫 바이트 OR 08h."
465,문자,0x9A90,0x9A91,370,␠,18 12,2,e2f0d9,N,행 추가/삭제 반영 재계산: 전각 공백 토큰 18 12.
466,문자,0x9A92,0x9A93,371,해,B8 E3,2,e0eed1,N,"행 추가/삭제 반영 재계산: 일반 문자행, 같은 glyph base 유지 + 첫 바이트 OR 08h."
467,문자,0x9A94,0x9A95,372,?,90 12,2,e2f0d9,N,행 추가/삭제 반영 재계산: PC-88 문장부호 토큰.
468,제어,0x9A96,0x9A97,,,15 00,2,fce4d6,N,행 추가/삭제 반영 재계산: HL=0x9A96→0x9A98. 제어토큰 기존 바이트 유지.
469,문자,0x9A98,0x9A99,373,・,60 12,2,e2f0d9,N,행 추가/삭제 반영 재계산: PC-88 문장부호 토큰.
470,문자,0x9A9A,0x9A9B,374,・,60 12,2,e2f0d9,N,행 추가/삭제 반영 재계산: PC-88 문장부호 토큰.
471,문자,0x9A9C,0x9A9D,375,・,60 12,2,e2f0d9,N,행 추가/삭제 반영 재계산: PC-88 문장부호 토큰.
472,제어,0x9A9E,0x9AA2,,,12 00 23 21 00,5,fce4d6,N,행 추가/삭제 반영 재계산: HL=0x9A9E→0x9AA3. 제어토큰 기존 바이트 유지.
473,문자,0x9AA3,0x9AA4,376,응,70 DE,2,e9ae2b,N,"행 추가/삭제 반영 재계산: 주황색 대화체 발화용 문자행, 패치 KANJI1 발화체 토큰."
474,문자,0x9AA5,0x9AA6,377,・,60 12,2,e2f0d9,N,행 추가/삭제 반영 재계산: PC-88 문장부호 토큰.
475,문자,0x9AA7,0x9AA8,378,・,60 12,2,e2f0d9,N,행 추가/삭제 반영 재계산: PC-88 문장부호 토큰.
476,문자,0x9AA9,0x9AAA,379,・,60 12,2,e2f0d9,N,행 추가/삭제 반영 재계산: PC-88 문장부호 토큰.
477,제어,0x9AAB,0x9AAF,,,12 00 23 21 00,5,fce4d6,N,행 추가/삭제 반영 재계산: HL=0x9AAB→0x9AB0. 제어토큰 기존 바이트 유지.
478,문자,0x9AB0,0x9AB1,380,␠,18 12,2,e2f0d9,N,행 추가/삭제 반영 재계산: 전각 공백 토큰 18 12.
479,문자,0x9AB2,0x9AB3,381,가,A0 17,2,e9ae2b,N,"행 추가/삭제 반영 재계산: 주황색 대화체 발화용 문자행, 패치 KANJI1 발화체 토큰."
480,문자,0x9AB4,0x9AB5,382,끔,80 24,2,e9ae2b,N,"행 추가/삭제 반영 재계산: 주황색 대화체 발화용 문자행, 패치 KANJI1 발화체 토큰."
481,문자,0x9AB6,0x9AB7,383,씩,00 52,2,e9ae2b,N,"행 추가/삭제 반영 재계산: 주황색 대화체 발화용 문자행, 패치 KANJI1 발화체 토큰."
482,문자,0x9AB8,0x9AB9,384,␠,18 12,2,e2f0d9,N,행 추가/삭제 반영 재계산: 전각 공백 토큰 18 12.
483,문자,0x9ABA,0x9ABB,385,싸,00 46,2,e9ae2b,N,"행 추가/삭제 반영 재계산: 주황색 대화체 발화용 문자행, 패치 KANJI1 발화체 토큰."
484,문자,0x9ABC,0x9ABD,386,워,F0 D7,2,e9ae2b,N,"행 추가/삭제 반영 재계산: 주황색 대화체 발화용 문자행, 패치 KANJI1 발화체 토큰."
485,문자,0x9ABE,0x9ABF,387,기,B0 21,2,e9ae2b,N,"행 추가/삭제 반영 재계산: 주황색 대화체 발화용 문자행, 패치 KANJI1 발화체 토큰."
486,문자,0x9AC0,0x9AC1,388,도,20 2E,2,e9ae2b,N,"행 추가/삭제 반영 재계산: 주황색 대화체 발화용 문자행, 패치 KANJI1 발화체 토큰."
487,문자,0x9AC2,0x9AC3,389,␠,18 12,2,e2f0d9,N,행 추가/삭제 반영 재계산: 전각 공백 토큰 18 12.
488,문자,0x9AC4,0x9AC5,390,해,B0 E3,2,e9ae2b,N,"행 추가/삭제 반영 재계산: 주황색 대화체 발화용 문자행, 패치 KANJI1 발화체 토큰."
489,문자,0x9AC6,0x9AC7,391,・,60 12,2,e2f0d9,N,행 추가/삭제 반영 재계산: PC-88 문장부호 토큰.
490,문자,0x9AC8,0x9AC9,392,・,60 12,2,e2f0d9,N,행 추가/삭제 반영 재계산: PC-88 문장부호 토큰.
491,문자,0x9ACA,0x9ACB,393,・,60 12,2,e2f0d9,N,행 추가/삭제 반영 재계산: PC-88 문장부호 토큰.
492,문자,0x9ACC,0x9ACD,394,␠,18 12,2,e2f0d9,N,행 추가/삭제 반영 재계산: 전각 공백 토큰 18 12.
493,문자,0x9ACE,0x9ACF,395,레,A0 31,2,e9ae2b,N,"행 추가/삭제 반영 재계산: 주황색 대화체 발화용 문자행, 패치 KANJI1 발화체 토큰."
494,제어,0x9AD0,0x9AD4,,,12 00 23 21 00,5,fce4d6,N,행 추가/삭제 반영 재계산: HL=0x9AD0→0x9AD5. 제어토큰 기존 바이트 유지.
495,문자,0x9AD5,0x9AD6,396,이,90 DE,2,e9ae2b,N,"행 추가/삭제 반영 재계산: 주황색 대화체 발화용 문자행, 패치 KANJI1 발화체 토큰."
496,문자,0x9AD7,0x9AD8,397,코,10 E2,2,e9ae2b,N,"행 추가/삭제 반영 재계산: 주황색 대화체 발화용 문자행, 패치 KANJI1 발화체 토큰."
497,문자,0x9AD9,0x9ADA,398,、,20 12,2,e2f0d9,N,행 추가/삭제 반영 재계산: PC-88 문장부호 토큰.
498,문자,0x9ADB,0x9ADC,399,갑,F0 17,2,e9ae2b,N,"행 추가/삭제 반영 재계산: 주황색 대화체 발화용 문자행, 패치 KANJI1 발화체 토큰."
499,문자,0x9ADD,0x9ADE,400,자,00 DF,2,e9ae2b,N,"행 추가/삭제 반영 재계산: 주황색 대화체 발화용 문자행, 패치 KANJI1 발화체 토큰."
500,문자,0x9ADF,0x9AE0,401,기,B0 21,2,e9ae2b,N,"행 추가/삭제 반영 재계산: 주황색 대화체 발화용 문자행, 패치 KANJI1 발화체 토큰."
501,문자,0x9AE1,0x9AE2,402,␠,18 12,2,e2f0d9,N,행 추가/삭제 반영 재계산: 전각 공백 토큰 18 12.
502,문자,0x9AE3,0x9AE4,403,왜,F0 C5,2,e9ae2b,N,"행 추가/삭제 반영 재계산: 주황색 대화체 발화용 문자행, 패치 KANJI1 발화체 토큰."
503,문자,0x9AE5,0x9AE6,404,・,60 12,2,e2f0d9,N,행 추가/삭제 반영 재계산: PC-88 문장부호 토큰.
504,문자,0x9AE7,0x9AE8,405,・,60 12,2,e2f0d9,N,행 추가/삭제 반영 재계산: PC-88 문장부호 토큰.
505,문자,0x9AE9,0x9AEA,406,・,60 12,2,e2f0d9,N,행 추가/삭제 반영 재계산: PC-88 문장부호 토큰.
506,문자,0x9AEB,0x9AEC,407,！,A0 12,2,e2f0d9,N,행 추가/삭제 반영 재계산: PC-88 문장부호 토큰.
507,제어,0x9AED,0x9AEF,,,19 00 7D,3,fce4d6,N,행 추가/삭제 반영 재계산: HL=0x9AED→0x9AF0. 제어토큰 기존 바이트 유지.
508,제어,0x9AF0,0x9AF1,,,15 00,2,fce4d6,N,행 추가/삭제 반영 재계산: HL=0x9AF0→0x9AF2. 제어토큰 기존 바이트 유지.
509,제어,0x9AF2,0x9AF3,,,17 00,2,fce4d6,N,행 추가/삭제 반영 재계산: HL=0x9AF2→0x9AF4. 제어토큰 기존 바이트 유지.
510,제어,0x9AF4,0x9AF6,,,1A 00 04,3,fce4d6,N,행 추가/삭제 반영 재계산: HL=0x9AF4→0x9AF7. 제어토큰 기존 바이트 유지.
511,제어,0x9AF7,0x9AF8,,,16 00,2,fce4d6,N,행 추가/삭제 반영 재계산: HL=0x9AF7→0x9AF9. 제어토큰 기존 바이트 유지.
512,문자,0x9AF9,0x9AFA,408,난,C0 24,2,e9ae2b,N,"행 추가/삭제 반영 재계산: 주황색 대화체 발화용 문자행, 패치 KANJI1 발화체 토큰."
513,문자,0x9AFB,0x9AFC,409,␠,18 12,2,e2f0d9,N,행 추가/삭제 반영 재계산: 전각 공백 토큰 18 12.
514,문자,0x9AFD,0x9AFE,410,정,F0 DF,2,e9ae2b,N,"행 추가/삭제 반영 재계산: 주황색 대화체 발화용 문자행, 패치 KANJI1 발화체 토큰."
515,문자,0x9AFF,0x9B00,411,반,90 39,2,e9ae2b,N,"행 추가/삭제 반영 재계산: 주황색 대화체 발화용 문자행, 패치 KANJI1 발화체 토큰."
516,문자,0x9B01,0x9B02,412,대,B0 2D,2,e9ae2b,N,"행 추가/삭제 반영 재계산: 주황색 대화체 발화용 문자행, 패치 KANJI1 발화체 토큰."
517,문자,0x9B03,0x9B04,413,야,00 6C,2,e9ae2b,N,"행 추가/삭제 반영 재계산: 주황색 대화체 발화용 문자행, 패치 KANJI1 발화체 토큰."
518,문자,0x9B05,0x9B06,414,・,60 12,2,e2f0d9,N,행 추가/삭제 반영 재계산: PC-88 문장부호 토큰.
519,문자,0x9B07,0x9B08,415,・,60 12,2,e2f0d9,N,행 추가/삭제 반영 재계산: PC-88 문장부호 토큰.
520,문자,0x9B09,0x9B0A,416,・,60 12,2,e2f0d9,N,행 추가/삭제 반영 재계산: PC-88 문장부호 토큰.
521,제어,0x9B0B,0x9B0E,,,12 00 23 00,4,fce4d6,N,행 추가/삭제 반영 재계산: HL=0x9B0B→0x9B0F. 제어토큰 기존 바이트 유지.
522,문자,0x9B0F,0x9B10,417,␠,18 12,2,e2f0d9,N,행 추가/삭제 반영 재계산: 전각 공백 토큰 18 12.
523,문자,0x9B11,0x9B12,418,가,A0 17,2,e9ae2b,N,"행 추가/삭제 반영 재계산: 주황색 대화체 발화용 문자행, 패치 KANJI1 발화체 토큰."
524,문자,0x9B13,0x9B14,419,족,F0 ED,2,e9ae2b,N,"행 추가/삭제 반영 재계산: 주황색 대화체 발화용 문자행, 패치 KANJI1 발화체 토큰."
525,문자,0x9B15,0x9B16,420,도,20 2E,2,e9ae2b,N,"행 추가/삭제 반영 재계산: 주황색 대화체 발화용 문자행, 패치 KANJI1 발화체 토큰."
526,문자,0x9B17,0x9B18,421,␠,18 12,2,e2f0d9,N,행 추가/삭제 반영 재계산: 전각 공백 토큰 18 12.
527,문자,0x9B19,0x9B1A,422,뿔,A0 3C,2,e9ae2b,N,"행 추가/삭제 반영 재계산: 주황색 대화체 발화용 문자행, 패치 KANJI1 발화체 토큰."
528,문자,0x9B1B,0x9B1C,423,뿔,A0 3C,2,e9ae2b,N,"행 추가/삭제 반영 재계산: 주황색 대화체 발화용 문자행, 패치 KANJI1 발화체 토큰."
529,문자,0x9B1D,0x9B1E,424,이,90 DE,2,e9ae2b,N,"행 추가/삭제 반영 재계산: 주황색 대화체 발화용 문자행, 패치 KANJI1 발화체 토큰."
530,문자,0x9B1F,0x9B20,425,␠,18 12,2,e2f0d9,N,행 추가/삭제 반영 재계산: 전각 공백 토큰 18 12.
531,문자,0x9B21,0x9B22,426,흩,50 E5,2,e9ae2b,N,"행 추가/삭제 반영 재계산: 주황색 대화체 발화용 문자행, 패치 KANJI1 발화체 토큰."
532,문자,0x9B23,0x9B24,427,어,00 70,2,e9ae2b,N,"행 추가/삭제 반영 재계산: 주황색 대화체 발화용 문자행, 패치 KANJI1 발화체 토큰."
533,문자,0x9B25,0x9B26,428,지,10 E0,2,e9ae2b,N,"행 추가/삭제 반영 재계산: 주황색 대화체 발화용 문자행, 패치 KANJI1 발화체 토큰."
534,문자,0x9B27,0x9B28,429,고,80 20,2,e9ae2b,N,"행 추가/삭제 반영 재계산: 주황색 대화체 발화용 문자행, 패치 KANJI1 발화체 토큰."
535,문자,0x9B29,0x9B2A,430,・,60 12,2,e2f0d9,N,행 추가/삭제 반영 재계산: PC-88 문장부호 토큰.
536,문자,0x9B2B,0x9B2C,431,・,60 12,2,e2f0d9,N,행 추가/삭제 반영 재계산: PC-88 문장부호 토큰.
537,문자,0x9B2D,0x9B2E,432,・,60 12,2,e2f0d9,N,행 추가/삭제 반영 재계산: PC-88 문장부호 토큰.
538,문자,0x9B2F,0x9B30,433,␠,18 12,2,e2f0d9,N,행 추가/삭제 반영 재계산: 전각 공백 토큰 18 12.
539,문자,0x9B31,0x9B32,434,친,B0 E1,2,e9ae2b,N,"행 추가/삭제 반영 재계산: 주황색 대화체 발화용 문자행, 패치 KANJI1 발화체 토큰."
540,문자,0x9B33,0x9B34,435,구,00 21,2,e9ae2b,N,"행 추가/삭제 반영 재계산: 주황색 대화체 발화용 문자행, 패치 KANJI1 발화체 토큰."
541,문자,0x9B35,0x9B36,436,도,20 2E,2,e9ae2b,N,"행 추가/삭제 반영 재계산: 주황색 대화체 발화용 문자행, 패치 KANJI1 발화체 토큰."
542,문자,0x9B37,0x9B38,437,␠,18 12,2,e2f0d9,N,행 추가/삭제 반영 재계산: 전각 공백 토큰 18 12.
543,문자,0x9B39,0x9B3A,438,없,00 7C,2,e9ae2b,N,"행 추가/삭제 반영 재계산: 주황색 대화체 발화용 문자행, 패치 KANJI1 발화체 토큰."
544,문자,0x9B3B,0x9B3C,439,어,00 70,2,e9ae2b,N,"행 추가/삭제 반영 재계산: 주황색 대화체 발화용 문자행, 패치 KANJI1 발화체 토큰."
545,문자,0x9B3D,0x9B3E,440,・,60 12,2,e2f0d9,N,행 추가/삭제 반영 재계산: PC-88 문장부호 토큰.
546,문자,0x9B3F,0x9B40,441,・,60 12,2,e2f0d9,N,행 추가/삭제 반영 재계산: PC-88 문장부호 토큰.
547,문자,0x9B41,0x9B42,442,・,60 12,2,e2f0d9,N,행 추가/삭제 반영 재계산: PC-88 문장부호 토큰.
548,문자,0x9B43,0x9B44,443,␠,18 12,2,e2f0d9,N,행 추가/삭제 반영 재계산: 전각 공백 토큰 18 12.
549,문자,0x9B45,0x9B46,444,계,70 20,2,e9ae2b,N,"행 추가/삭제 반영 재계산: 주황색 대화체 발화용 문자행, 패치 KANJI1 발화체 토큰."
550,문자,0x9B47,0x9B48,445,속,E0 3D,2,e9ae2b,N,"행 추가/삭제 반영 재계산: 주황색 대화체 발화용 문자행, 패치 KANJI1 발화체 토큰."
551,문자,0x9B49,0x9B4A,446,␠,18 12,2,e2f0d9,N,행 추가/삭제 반영 재계산: 전각 공백 토큰 18 12.
552,문자,0x9B4B,0x9B4C,447,고,80 20,2,e9ae2b,N,"행 추가/삭제 반영 재계산: 주황색 대화체 발화용 문자행, 패치 KANJI1 발화체 토큰."
553,문자,0x9B4D,0x9B4E,448,집,50 E0,2,e9ae2b,N,"행 추가/삭제 반영 재계산: 주황색 대화체 발화용 문자행, 패치 KANJI1 발화체 토큰."
554,문자,0x9B4F,0x9B50,449,부,00 3C,2,e9ae2b,N,"행 추가/삭제 반영 재계산: 주황색 대화체 발화용 문자행, 패치 KANJI1 발화체 토큰."
555,문자,0x9B51,0x9B52,450,리,70 34,2,e9ae2b,N,"행 추가/삭제 반영 재계산: 주황색 대화체 발화용 문자행, 패치 KANJI1 발화체 토큰."
556,문자,0x9B53,0x9B54,451,며,60 35,2,e9ae2b,N,"행 추가/삭제 반영 재계산: 주황색 대화체 발화용 문자행, 패치 KANJI1 발화체 토큰."
557,문자,0x9B55,0x9B56,452,␠,18 12,2,e2f0d9,N,행 추가/삭제 반영 재계산: 전각 공백 토큰 18 12.
558,문자,0x9B57,0x9B58,453,살,00 3D,2,e9ae2b,N,"행 추가/삭제 반영 재계산: 주황색 대화체 발화용 문자행, 패치 KANJI1 발화체 토큰."
559,문자,0x9B59,0x9B5A,454,아,00 56,2,e9ae2b,N,"행 추가/삭제 반영 재계산: 주황색 대화체 발화용 문자행, 패치 KANJI1 발화체 토큰."
560,문자,0x9B5B,0x9B5C,455,왔,F0 C1,2,e9ae2b,N,"행 추가/삭제 반영 재계산: 주황색 대화체 발화용 문자행, 패치 KANJI1 발화체 토큰."
561,문자,0x9B5D,0x9B5E,456,으,30 DE,2,e9ae2b,N,"행 추가/삭제 반영 재계산: 주황색 대화체 발화용 문자행, 패치 KANJI1 발화체 토큰."
562,문자,0x9B5F,0x9B60,457,니,F0 25,2,e9ae2b,N,"행 추가/삭제 반영 재계산: 주황색 대화체 발화용 문자행, 패치 KANJI1 발화체 토큰."
563,문자,0x9B61,0x9B62,458,까,F0 21,2,e9ae2b,N,"행 추가/삭제 반영 재계산: 주황색 대화체 발화용 문자행, 패치 KANJI1 발화체 토큰."
564,문자,0x9B63,0x9B64,459,・,60 12,2,e2f0d9,N,행 추가/삭제 반영 재계산: PC-88 문장부호 토큰.
565,문자,0x9B65,0x9B66,460,・,60 12,2,e2f0d9,N,행 추가/삭제 반영 재계산: PC-88 문장부호 토큰.
566,문자,0x9B67,0x9B68,461,・,60 12,2,e2f0d9,N,행 추가/삭제 반영 재계산: PC-88 문장부호 토큰.
567,제어,0x9B69,0x9B6A,,,15 00,2,fce4d6,N,행 추가/삭제 반영 재계산: HL=0x9B69→0x9B6B. 제어토큰 기존 바이트 유지.
568,제어,0x9B6B,0x9B6E,,,12 00 21 00,4,fce4d6,N,행 추가/삭제 반영 재계산: HL=0x9B6B→0x9B6F. 제어토큰 기존 바이트 유지.
569,문자,0x9B6F,0x9B70,462,그,50 21,2,e9ae2b,N,"행 추가/삭제 반영 재계산: 주황색 대화체 발화용 문자행, 패치 KANJI1 발화체 토큰."
570,문자,0x9B71,0x9B72,463,게,00 20,2,e9ae2b,N,"행 추가/삭제 반영 재계산: 주황색 대화체 발화용 문자행, 패치 KANJI1 발화체 토큰."
571,문자,0x9B73,0x9B74,464,␠,18 12,2,e2f0d9,N,행 추가/삭제 반영 재계산: 전각 공백 토큰 18 12.
572,문자,0x9B75,0x9B76,465,당,90 2D,2,e9ae2b,N,"행 추가/삭제 반영 재계산: 주황색 대화체 발화용 문자행, 패치 KANJI1 발화체 토큰."
573,문자,0x9B77,0x9B78,466,연,70 9F,2,e9ae2b,N,"행 추가/삭제 반영 재계산: 주황색 대화체 발화용 문자행, 패치 KANJI1 발화체 토큰."
574,문자,0x9B79,0x9B7A,467,하,50 E3,2,e9ae2b,N,"행 추가/삭제 반영 재계산: 주황색 대화체 발화용 문자행, 패치 KANJI1 발화체 토큰."
575,문자,0x9B7B,0x9B7C,468,다,C0 27,2,e9ae2b,N,"행 추가/삭제 반영 재계산: 주황색 대화체 발화용 문자행, 패치 KANJI1 발화체 토큰."
576,문자,0x9B7D,0x9B7E,469,고,80 20,2,e9ae2b,N,"행 추가/삭제 반영 재계산: 주황색 대화체 발화용 문자행, 패치 KANJI1 발화체 토큰."
577,문자,0x9B7F,0x9B80,470,␠,18 12,2,e2f0d9,N,행 추가/삭제 반영 재계산: 전각 공백 토큰 18 12.
578,문자,0x9B81,0x9B82,471,생,40 3D,2,e9ae2b,N,"행 추가/삭제 반영 재계산: 주황색 대화체 발화용 문자행, 패치 KANJI1 발화체 토큰."
579,문자,0x9B83,0x9B84,472,각,B0 17,2,e9ae2b,N,"행 추가/삭제 반영 재계산: 주황색 대화체 발화용 문자행, 패치 KANJI1 발화체 토큰."
580,문자,0x9B85,0x9B86,473,했,C0 E3,2,e9ae2b,N,"행 추가/삭제 반영 재계산: 주황색 대화체 발화용 문자행, 패치 KANJI1 발화체 토큰."
581,문자,0x9B87,0x9B88,474,어,00 70,2,e9ae2b,N,"행 추가/삭제 반영 재계산: 주황색 대화체 발화용 문자행, 패치 KANJI1 발화체 토큰."
582,문자,0x9B89,0x9B8A,475,・,60 12,2,e2f0d9,N,행 추가/삭제 반영 재계산: PC-88 문장부호 토큰.
583,문자,0x9B8B,0x9B8C,476,・,60 12,2,e2f0d9,N,행 추가/삭제 반영 재계산: PC-88 문장부호 토큰.
584,문자,0x9B8D,0x9B8E,477,・,60 12,2,e2f0d9,N,행 추가/삭제 반영 재계산: PC-88 문장부호 토큰.
585,제어,0x9B8F,0x9B93,,,12 00 23 21 00,5,fce4d6,N,행 추가/삭제 반영 재계산: HL=0x9B8F→0x9B94. 제어토큰 기존 바이트 유지.
586,문자,0x9B94,0x9B95,478,␠,18 12,2,e2f0d9,N,행 추가/삭제 반영 재계산: 전각 공백 토큰 18 12.
587,문자,0x9B96,0x9B97,479,남,E0 24,2,e9ae2b,N,"행 추가/삭제 반영 재계산: 주황색 대화체 발화용 문자행, 패치 KANJI1 발화체 토큰."
588,문자,0x9B98,0x9B99,480,을,50 DE,2,e9ae2b,N,"행 추가/삭제 반영 재계산: 주황색 대화체 발화용 문자행, 패치 KANJI1 발화체 토큰."
589,문자,0x9B9A,0x9B9B,481,␠,18 12,2,e2f0d9,N,행 추가/삭제 반영 재계산: 전각 공백 토큰 18 12.
590,문자,0x9B9C,0x9B9D,482,질,40 E0,2,e9ae2b,N,"행 추가/삭제 반영 재계산: 주황색 대화체 발화용 문자행, 패치 KANJI1 발화체 토큰."
591,문자,0x9B9E,0x9B9F,483,투,90 E2,2,e9ae2b,N,"행 추가/삭제 반영 재계산: 주황색 대화체 발화용 문자행, 패치 KANJI1 발화체 토큰."
592,문자,0x9BA0,0x9BA1,484,하,50 E3,2,e9ae2b,N,"행 추가/삭제 반영 재계산: 주황색 대화체 발화용 문자행, 패치 KANJI1 발화체 토큰."
593,문자,0x9BA2,0x9BA3,485,고,80 20,2,e9ae2b,N,"행 추가/삭제 반영 재계산: 주황색 대화체 발화용 문자행, 패치 KANJI1 발화체 토큰."
594,문자,0x9BA4,0x9BA5,486,␠,18 12,2,e2f0d9,N,행 추가/삭제 반영 재계산: 전각 공백 토큰 18 12.
595,문자,0x9BA6,0x9BA7,487,시,C0 3F,2,e9ae2b,N,"행 추가/삭제 반영 재계산: 주황색 대화체 발화용 문자행, 패치 KANJI1 발화체 토큰."
596,문자,0x9BA8,0x9BA9,488,기,B0 21,2,e9ae2b,N,"행 추가/삭제 반영 재계산: 주황색 대화체 발화용 문자행, 패치 KANJI1 발화체 토큰."
597,문자,0x9BAA,0x9BAB,489,하,50 E3,2,e9ae2b,N,"행 추가/삭제 반영 재계산: 주황색 대화체 발화용 문자행, 패치 KANJI1 발화체 토큰."
598,문자,0x9BAC,0x9BAD,490,면,70 35,2,e9ae2b,N,"행 추가/삭제 반영 재계산: 주황색 대화체 발화용 문자행, 패치 KANJI1 발화체 토큰."
599,문자,0x9BAE,0x9BAF,491,서,50 3D,2,e9ae2b,N,"행 추가/삭제 반영 재계산: 주황색 대화체 발화용 문자행, 패치 KANJI1 발화체 토큰."
600,문자,0x9BB0,0x9BB1,492,、,20 12,2,e2f0d9,N,행 추가/삭제 반영 재계산: PC-88 문장부호 토큰.
601,문자,0x9BB2,0x9BB3,493,남,E0 24,2,e9ae2b,N,"행 추가/삭제 반영 재계산: 주황색 대화체 발화용 문자행, 패치 KANJI1 발화체 토큰."
602,문자,0x9BB4,0x9BB5,494,보,B0 3B,2,e9ae2b,N,"행 추가/삭제 반영 재계산: 주황색 대화체 발화용 문자행, 패치 KANJI1 발화체 토큰."
603,문자,0x9BB6,0x9BB7,495,다,C0 27,2,e9ae2b,N,"행 추가/삭제 반영 재계산: 주황색 대화체 발화용 문자행, 패치 KANJI1 발화체 토큰."
604,문자,0x9BB8,0x9BB9,496,␠,18 12,2,e2f0d9,N,행 추가/삭제 반영 재계산: 전각 공백 토큰 18 12.
605,문자,0x9BBA,0x9BBB,497,앞,00 68,2,e9ae2b,N,"행 추가/삭제 반영 재계산: 주황색 대화체 발화용 문자행, 패치 KANJI1 발화체 토큰."
606,문자,0x9BBC,0x9BBD,498,서,50 3D,2,e9ae2b,N,"행 추가/삭제 반영 재계산: 주황색 대화체 발화용 문자행, 패치 KANJI1 발화체 토큰."
607,문자,0x9BBE,0x9BBF,499,서,50 3D,2,e9ae2b,N,"행 추가/삭제 반영 재계산: 주황색 대화체 발화용 문자행, 패치 KANJI1 발화체 토큰."
608,문자,0x9BC0,0x9BC1,500,␠,18 12,2,e2f0d9,N,행 추가/삭제 반영 재계산: 전각 공백 토큰 18 12.
609,문자,0x9BC2,0x9BC3,501,위,00 DE,2,e9ae2b,N,"행 추가/삭제 반영 재계산: 주황색 대화체 발화용 문자행, 패치 KANJI1 발화체 토큰."
610,문자,0x9BC4,0x9BC5,502,에,40 9F,2,e9ae2b,N,"행 추가/삭제 반영 재계산: 주황색 대화체 발화용 문자행, 패치 KANJI1 발화체 토큰."
611,문자,0x9BC6,0x9BC7,503,␠,18 12,2,e9ae2b,N,행 추가/삭제 반영 재계산: 전각 공백 토큰 18 12.
612,문자,0x9BC8,0x9BC9,504,올,D0 9F,2,e9ae2b,N,"행 추가/삭제 반영 재계산: 주황색 대화체 발화용 문자행, 패치 KANJI1 발화체 토큰."
613,문자,0x9BCA,0x9BCB,505,라,F0 30,2,e9ae2b,N,"행 추가/삭제 반영 재계산: 주황색 대화체 발화용 문자행, 패치 KANJI1 발화체 토큰."
614,문자,0x9BCC,0x9BCD,506,서,50 3D,2,e9ae2b,N,"행 추가/삭제 반영 재계산: 주황색 대화체 발화용 문자행, 패치 KANJI1 발화체 토큰."
615,문자,0x9BCE,0x9BCF,507,서,50 3D,2,e9ae2b,N,"행 추가/삭제 반영 재계산: 주황색 대화체 발화용 문자행, 패치 KANJI1 발화체 토큰."
616,문자,0x9BD0,0x9BD1,508,␠,18 12,2,e2f0d9,N,행 추가/삭제 반영 재계산: 전각 공백 토큰 18 12.
617,문자,0x9BD2,0x9BD3,509,살,00 3D,2,e9ae2b,N,"행 추가/삭제 반영 재계산: 주황색 대화체 발화용 문자행, 패치 KANJI1 발화체 토큰."
618,문자,0x9BD4,0x9BD5,510,아,00 56,2,e9ae2b,N,"행 추가/삭제 반영 재계산: 주황색 대화체 발화용 문자행, 패치 KANJI1 발화체 토큰."
619,문자,0x9BD6,0x9BD7,511,가,A0 17,2,e9ae2b,N,"행 추가/삭제 반영 재계산: 주황색 대화체 발화용 문자행, 패치 KANJI1 발화체 토큰."
620,문자,0x9BD8,0x9BD9,512,겠,10 20,2,e9ae2b,N,"행 추가/삭제 반영 재계산: 주황색 대화체 발화용 문자행, 패치 KANJI1 발화체 토큰."
621,문자,0x9BDA,0x9BDB,513,다,C0 27,2,e9ae2b,N,"행 추가/삭제 반영 재계산: 주황색 대화체 발화용 문자행, 패치 KANJI1 발화체 토큰."
622,문자,0x9BDC,0x9BDD,514,고,80 20,2,e9ae2b,N,"행 추가/삭제 반영 재계산: 주황색 대화체 발화용 문자행, 패치 KANJI1 발화체 토큰."
623,문자,0x9BDE,0x9BDF,515,・,60 12,2,e2f0d9,N,행 추가/삭제 반영 재계산: PC-88 문장부호 토큰.
624,문자,0x9BE0,0x9BE1,516,・,60 12,2,e2f0d9,N,행 추가/삭제 반영 재계산: PC-88 문장부호 토큰.
625,문자,0x9BE2,0x9BE3,517,・,60 12,2,e2f0d9,N,행 추가/삭제 반영 재계산: PC-88 문장부호 토큰.
626,문자,0x9BE4,0x9BE5,518,␠,18 12,2,e2f0d9,N,행 추가/삭제 반영 재계산: 전각 공백 토큰 18 12.
627,문자,0x9BE6,0x9BE7,519,생,40 3D,2,e9ae2b,N,"행 추가/삭제 반영 재계산: 주황색 대화체 발화용 문자행, 패치 KANJI1 발화체 토큰."
628,문자,0x9BE8,0x9BE9,520,각,B0 17,2,e9ae2b,N,"행 추가/삭제 반영 재계산: 주황색 대화체 발화용 문자행, 패치 KANJI1 발화체 토큰."
629,문자,0x9BEA,0x9BEB,521,했,C0 E3,2,e9ae2b,N,"행 추가/삭제 반영 재계산: 주황색 대화체 발화용 문자행, 패치 KANJI1 발화체 토큰."
630,문자,0x9BEC,0x9BED,522,어,00 70,2,e9ae2b,N,"행 추가/삭제 반영 재계산: 주황색 대화체 발화용 문자행, 패치 KANJI1 발화체 토큰."
631,문자,0x9BEE,0x9BEF,523,・,60 12,2,e2f0d9,N,행 추가/삭제 반영 재계산: PC-88 문장부호 토큰.
632,문자,0x9BF0,0x9BF1,524,・,60 12,2,e2f0d9,N,행 추가/삭제 반영 재계산: PC-88 문장부호 토큰.
633,문자,0x9BF2,0x9BF3,525,・,60 12,2,e2f0d9,N,행 추가/삭제 반영 재계산: PC-88 문장부호 토큰.
634,제어,0x9BF4,0x9BF7,,,12 00 23 00,4,fce4d6,N,행 추가/삭제 반영 재계산: HL=0x9BF4→0x9BF8. 제어토큰 기존 바이트 유지.
635,제어,0x9BF8,0x9BF9,,,15 00,2,fce4d6,N,행 추가/삭제 반영 재계산: HL=0x9BF8→0x9BFA. 제어토큰 기존 바이트 유지.
636,문자,0x9BFA,0x9BFB,526,그,50 21,2,e9ae2b,N,"행 추가/삭제 반영 재계산: 주황색 대화체 발화용 문자행, 패치 KANJI1 발화체 토큰."
637,문자,0x9BFC,0x9BFD,527,래,30 31,2,e9ae2b,N,"행 추가/삭제 반영 재계산: 주황색 대화체 발화용 문자행, 패치 KANJI1 발화체 토큰."
638,문자,0x9BFE,0x9BFF,528,서,50 3D,2,e9ae2b,N,"행 추가/삭제 반영 재계산: 주황색 대화체 발화용 문자행, 패치 KANJI1 발화체 토큰."
639,문자,0x9C00,0x9C01,529,␠,18 12,2,e2f0d9,N,행 추가/삭제 반영 재계산: 전각 공백 토큰 18 12.
640,문자,0x9C02,0x9C03,530,로,D0 31,2,e9ae2b,N,"행 추가/삭제 반영 재계산: 주황색 대화체 발화용 문자행, 패치 KANJI1 발화체 토큰."
641,문자,0x9C04,0x9C05,531,그,50 21,2,e9ae2b,N,"행 추가/삭제 반영 재계산: 주황색 대화체 발화용 문자행, 패치 KANJI1 발화체 토큰."
642,문자,0x9C06,0x9C07,532,레,A0 31,2,e9ae2b,N,"행 추가/삭제 반영 재계산: 주황색 대화체 발화용 문자행, 패치 KANJI1 발화체 토큰."
643,문자,0x9C08,0x9C09,533,스,70 3F,2,e9ae2b,N,"행 추가/삭제 반영 재계산: 주황색 대화체 발화용 문자행, 패치 KANJI1 발화체 토큰."
644,문자,0x9C0A,0x9C0B,534,의,80 DE,2,e9ae2b,N,"행 추가/삭제 반영 재계산: 주황색 대화체 발화용 문자행, 패치 KANJI1 발화체 토큰."
645,문자,0x9C0C,0x9C0D,535,␠,18 12,2,e2f0d9,N,행 추가/삭제 반영 재계산: 전각 공백 토큰 18 12.
646,문자,0x9C0E,0x9C0F,536,유,20 DE,2,e9ae2b,N,"행 추가/삭제 반영 재계산: 주황색 대화체 발화용 문자행, 패치 KANJI1 발화체 토큰."
647,문자,0x9C10,0x9C11,537,혹,60 E4,2,e9ae2b,N,"행 추가/삭제 반영 재계산: 주황색 대화체 발화용 문자행, 패치 KANJI1 발화체 토큰."
648,문자,0x9C12,0x9C13,538,에,40 9F,2,e9ae2b,N,"행 추가/삭제 반영 재계산: 주황색 대화체 발화용 문자행, 패치 KANJI1 발화체 토큰."
649,문자,0x9C14,0x9C15,539,␠,18 12,2,e2f0d9,N,행 추가/삭제 반영 재계산: 전각 공백 토큰 18 12.
650,문자,0x9C16,0x9C17,540,넘,80 25,2,e9ae2b,N,"행 추가/삭제 반영 재계산: 주황색 대화체 발화용 문자행, 패치 KANJI1 발화체 토큰."
651,문자,0x9C18,0x9C19,541,어,00 70,2,e9ae2b,N,"행 추가/삭제 반영 재계산: 주황색 대화체 발화용 문자행, 패치 KANJI1 발화체 토큰."
652,문자,0x9C1A,0x9C1B,542,간,C0 17,2,e9ae2b,N,"행 추가/삭제 반영 재계산: 주황색 대화체 발화용 문자행, 패치 KANJI1 발화체 토큰."
653,문자,0x9C1C,0x9C1D,543,␠,18 12,2,e2f0d9,N,행 추가/삭제 반영 재계산: 전각 공백 토큰 18 12.
654,문자,0x9C1E,0x9C1F,544,거,90 1D,2,e9ae2b,N,"행 추가/삭제 반영 재계산: 주황색 대화체 발화용 문자행, 패치 KANJI1 발화체 토큰."
655,문자,0x9C20,0x9C21,545,야,00 6C,2,e9ae2b,N,"행 추가/삭제 반영 재계산: 주황색 대화체 발화용 문자행, 패치 KANJI1 발화체 토큰."
656,문자,0x9C22,0x9C23,546,。,30 12,2,e2f0d9,N,행 추가/삭제 반영 재계산: PC-88 문장부호 토큰.
657,제어,0x9C24,0x9C25,,,15 00,2,fce4d6,N,행 추가/삭제 반영 재계산: HL=0x9C24→0x9C26. 제어토큰 기존 바이트 유지.
658,문자,0x9C26,0x9C27,547,그,50 21,2,e9ae2b,N,"행 추가/삭제 반영 재계산: 주황색 대화체 발화용 문자행, 패치 KANJI1 발화체 토큰."
659,제어,0x9C28,0x9C2B,,,12 00 21 00,4,fce4d6,N,행 추가/삭제 반영 재계산: HL=0x9C28→0x9C2C. 제어토큰 기존 바이트 유지.
660,문자,0x9C2C,0x9C2D,548,␠,18 12,2,e2f0d9,N,행 추가/삭제 반영 재계산: 전각 공백 토큰 18 12.
661,문자,0x9C2E,0x9C2F,549,녀,A0 25,2,e9ae2b,N,"행 추가/삭제 반영 재계산: 주황색 대화체 발화용 문자행, 패치 KANJI1 발화체 토큰."
662,문자,0x9C30,0x9C31,550,석,60 3D,2,e9ae2b,N,"행 추가/삭제 반영 재계산: 주황색 대화체 발화용 문자행, 패치 KANJI1 발화체 토큰."
663,문자,0x9C32,0x9C33,551,이,90 DE,2,e9ae2b,N,"행 추가/삭제 반영 재계산: 주황색 대화체 발화용 문자행, 패치 KANJI1 발화체 토큰."
664,문자,0x9C34,0x9C35,552,“,88 22,2,e2f0d9,N,행 추가/삭제 반영 재계산: 여는 큰따옴표 “ = 88 22. 일반/비발화 문장부호 토큰.
665,문자,0x9C36,0x9C37,553,세,A0 3D,2,e9ae2b,N,"행 추가/삭제 반영 재계산: 주황색 대화체 발화용 문자행, 패치 KANJI1 발화체 토큰."
666,문자,0x9C38,0x9C39,554,상,20 3D,2,e9ae2b,N,"행 추가/삭제 반영 재계산: 주황색 대화체 발화용 문자행, 패치 KANJI1 발화체 토큰."
667,문자,0x9C3A,0x9C3B,555,을,50 DE,2,e9ae2b,N,"행 추가/삭제 반영 재계산: 주황색 대화체 발화용 문자행, 패치 KANJI1 발화체 토큰."
668,문자,0x9C3C,0x9C3D,556,␠,18 12,2,e2f0d9,N,행 추가/삭제 반영 재계산: 전각 공백 토큰 18 12.
669,문자,0x9C3E,0x9C3F,557,지,10 E0,2,e9ae2b,N,"행 추가/삭제 반영 재계산: 주황색 대화체 발화용 문자행, 패치 KANJI1 발화체 토큰."
670,문자,0x9C40,0x9C41,558,배,E0 39,2,e9ae2b,N,"행 추가/삭제 반영 재계산: 주황색 대화체 발화용 문자행, 패치 KANJI1 발화체 토큰."
671,문자,0x9C42,0x9C43,559,할,80 E3,2,e9ae2b,N,"행 추가/삭제 반영 재계산: 주황색 대화체 발화용 문자행, 패치 KANJI1 발화체 토큰."
672,문자,0x9C44,0x9C45,560,␠,18 12,2,e2f0d9,N,행 추가/삭제 반영 재계산: 전각 공백 토큰 18 12.
673,문자,0x9C46,0x9C47,561,수,30 3F,2,e9ae2b,N,"행 추가/삭제 반영 재계산: 주황색 대화체 발화용 문자행, 패치 KANJI1 발화체 토큰."
674,문자,0x9C48,0x9C49,562,␠,18 12,2,e2f0d9,N,행 추가/삭제 반영 재계산: 전각 공백 토큰 18 12.
675,문자,0x9C4A,0x9C4B,563,있,F0 DE,2,e9ae2b,N,"행 추가/삭제 반영 재계산: 주황색 대화체 발화용 문자행, 패치 KANJI1 발화체 토큰."
676,문자,0x9C4C,0x9C4D,564,다,C0 27,2,e9ae2b,N,"행 추가/삭제 반영 재계산: 주황색 대화체 발화용 문자행, 패치 KANJI1 발화체 토큰."
677,문자,0x9C4E,0x9C4F,565,”,98 22,2,e2f0d9,N,행 추가/삭제 반영 재계산: 닫는 큰따옴표 ” = 98 22. 일반/비발화 문장부호 토큰.
678,문자,0x9C50,0x9C51,566,고,80 20,2,e9ae2b,N,"행 추가/삭제 반영 재계산: 주황색 대화체 발화용 문자행, 패치 KANJI1 발화체 토큰."
679,문자,0x9C52,0x9C53,567,␠,18 12,2,e2f0d9,N,행 추가/삭제 반영 재계산: 전각 공백 토큰 18 12.
680,문자,0x9C54,0x9C55,568,말,F0 34,2,e9ae2b,N,"행 추가/삭제 반영 재계산: 주황색 대화체 발화용 문자행, 패치 KANJI1 발화체 토큰."
681,문자,0x9C56,0x9C57,569,했,C0 E3,2,e9ae2b,N,"행 추가/삭제 반영 재계산: 주황색 대화체 발화용 문자행, 패치 KANJI1 발화체 토큰."
682,문자,0x9C58,0x9C59,570,으,30 DE,2,e9ae2b,N,"행 추가/삭제 반영 재계산: 주황색 대화체 발화용 문자행, 패치 KANJI1 발화체 토큰."
683,문자,0x9C5A,0x9C5B,571,니,F0 25,2,e9ae2b,N,"행 추가/삭제 반영 재계산: 주황색 대화체 발화용 문자행, 패치 KANJI1 발화체 토큰."
684,문자,0x9C5C,0x9C5D,572,까,F0 21,2,e9ae2b,N,"행 추가/삭제 반영 재계산: 주황색 대화체 발화용 문자행, 패치 KANJI1 발화체 토큰."
685,문자,0x9C5E,0x9C5F,573,・,60 12,2,e2f0d9,N,행 추가/삭제 반영 재계산: PC-88 문장부호 토큰.
686,문자,0x9C60,0x9C61,574,・,60 12,2,e2f0d9,N,행 추가/삭제 반영 재계산: PC-88 문장부호 토큰.
687,문자,0x9C62,0x9C63,575,・,60 12,2,e2f0d9,N,행 추가/삭제 반영 재계산: PC-88 문장부호 토큰.
688,제어,0x9C64,0x9C66,,,19 00 7E,3,fce4d6,N,행 추가/삭제 반영 재계산: HL=0x9C64→0x9C67. 제어토큰 기존 바이트 유지.
689,제어,0x9C67,0x9C68,,,15 00,2,fce4d6,N,행 추가/삭제 반영 재계산: HL=0x9C67→0x9C69. 제어토큰 기존 바이트 유지.
690,제어,0x9C69,0x9C6A,,,17 00,2,fce4d6,N,행 추가/삭제 반영 재계산: HL=0x9C69→0x9C6B. 제어토큰 기존 바이트 유지.
691,제어,0x9C6B,0x9C6F,,,14 00 00 40 80,5,fce4d6,N,행 추가/삭제 반영 재계산: HL=0x9C6B→0x9C70. 제어토큰 기존 바이트 유지.
692,제어,0x9C70,0x9C72,,,1A 00 04,3,fce4d6,N,행 추가/삭제 반영 재계산: HL=0x9C70→0x9C73. 제어토큰 기존 바이트 유지.
693,제어,0x9C73,0x9C74,,,16 00,2,fce4d6,N,행 추가/삭제 반영 재계산: HL=0x9C73→0x9C75. 제어토큰 기존 바이트 유지.
694,문자,0x9C75,0x9C76,576,그,58 21,2,e0eed1,N,"행 추가/삭제 반영 재계산: 일반 문자행, 같은 glyph base 유지 + 첫 바이트 OR 08h."
695,문자,0x9C77,0x9C78,577,치,A8 E1,2,e0eed1,N,"행 추가/삭제 반영 재계산: 일반 문자행, 같은 glyph base 유지 + 첫 바이트 OR 08h."
696,문자,0x9C79,0x9C7A,578,만,D8 34,2,e0eed1,N,"행 추가/삭제 반영 재계산: 일반 문자행, 같은 glyph base 유지 + 첫 바이트 OR 08h."
697,문자,0x9C7B,0x9C7C,579,␠,18 12,2,e2f0d9,N,행 추가/삭제 반영 재계산: 전각 공백 토큰 18 12.
698,문자,0x9C7D,0x9C7E,580,아,08 56,2,e0eed1,N,"행 추가/삭제 반영 재계산: 일반 문자행, 같은 glyph base 유지 + 첫 바이트 OR 08h."
699,문자,0x9C7F,0x9C80,581,니,F8 25,2,e0eed1,N,"행 추가/삭제 반영 재계산: 일반 문자행, 같은 glyph base 유지 + 첫 바이트 OR 08h."
700,문자,0x9C81,0x9C82,582,었,08 7E,2,e0eed1,N,"행 추가/삭제 반영 재계산: 일반 문자행, 같은 glyph base 유지 + 첫 바이트 OR 08h."
701,문자,0x9C83,0x9C84,583,어,08 70,2,e0eed1,N,"행 추가/삭제 반영 재계산: 일반 문자행, 같은 glyph base 유지 + 첫 바이트 OR 08h."
702,문자,0x9C85,0x9C86,584,、,20 12,2,e2f0d9,N,행 추가/삭제 반영 재계산: PC-88 문장부호 토큰.
703,문자,0x9C87,0x9C88,585,난,C8 24,2,e0eed1,N,"행 추가/삭제 반영 재계산: 일반 문자행, 같은 glyph base 유지 + 첫 바이트 OR 08h."
704,문자,0x9C89,0x9C8A,586,␠,18 12,2,e2f0d9,N,행 추가/삭제 반영 재계산: 전각 공백 토큰 18 12.
705,문자,0x9C8B,0x9C8C,587,도,28 2E,2,e0eed1,N,"행 추가/삭제 반영 재계산: 일반 문자행, 같은 glyph base 유지 + 첫 바이트 OR 08h."
706,문자,0x9C8D,0x9C8E,588,망,08 35,2,e0eed1,N,"행 추가/삭제 반영 재계산: 일반 문자행, 같은 glyph base 유지 + 첫 바이트 OR 08h."
707,문자,0x9C8F,0x9C90,589,치,A8 E1,2,e0eed1,N,"행 추가/삭제 반영 재계산: 일반 문자행, 같은 glyph base 유지 + 첫 바이트 OR 08h."
708,문자,0x9C91,0x9C92,590,고,88 20,2,e0eed1,N,"행 추가/삭제 반영 재계산: 일반 문자행, 같은 glyph base 유지 + 첫 바이트 OR 08h."
709,문자,0x9C93,0x9C94,591,␠,18 12,2,e2f0d9,N,행 추가/삭제 반영 재계산: 전각 공백 토큰 18 12.
710,문자,0x9C95,0x9C96,592,싶,08 44,2,e0eed1,N,"행 추가/삭제 반영 재계산: 일반 문자행, 같은 glyph base 유지 + 첫 바이트 OR 08h."
711,문자,0x9C97,0x9C98,593,었,08 7E,2,e0eed1,N,"행 추가/삭제 반영 재계산: 일반 문자행, 같은 glyph base 유지 + 첫 바이트 OR 08h."
712,문자,0x9C99,0x9C9A,594,을,58 DE,2,e0eed1,N,"행 추가/삭제 반영 재계산: 일반 문자행, 같은 glyph base 유지 + 첫 바이트 OR 08h."
713,문자,0x9C9B,0x9C9C,595,␠,18 12,2,e2f0d9,N,행 추가/삭제 반영 재계산: 전각 공백 토큰 18 12.
714,문자,0x9C9D,0x9C9E,596,뿐,98 3C,2,e0eed1,N,"행 추가/삭제 반영 재계산: 일반 문자행, 같은 glyph base 유지 + 첫 바이트 OR 08h."
715,문자,0x9C9F,0x9CA0,597,이,98 DE,2,e0eed1,N,"행 추가/삭제 반영 재계산: 일반 문자행, 같은 glyph base 유지 + 첫 바이트 OR 08h."
716,문자,0x9CA1,0x9CA2,598,야,08 6C,2,e0eed1,N,"행 추가/삭제 반영 재계산: 일반 문자행, 같은 glyph base 유지 + 첫 바이트 OR 08h."
717,문자,0x9CA3,0x9CA4,599,・,60 12,2,e2f0d9,N,행 추가/삭제 반영 재계산: PC-88 문장부호 토큰.
718,문자,0x9CA5,0x9CA6,600,・,60 12,2,e2f0d9,N,행 추가/삭제 반영 재계산: PC-88 문장부호 토큰.
719,문자,0x9CA7,0x9CA8,601,・,60 12,2,e2f0d9,N,행 추가/삭제 반영 재계산: PC-88 문장부호 토큰.
720,제어,0x9CA9,0x9CAB,,,12 00 20,3,fce4d6,N,행 추가/삭제 반영 재계산: HL=0x9CA9→0x9CAC. 제어토큰 기존 바이트 유지.
721,문자,0x9CAC,0x9CAD,602,␠,18 12,2,e2f0d9,N,행 추가/삭제 반영 재계산: 전각 공백 토큰 18 12.
722,문자,0x9CAE,0x9CAF,603,모,A8 35,2,e0eed1,N,"행 추가/삭제 반영 재계산: 일반 문자행, 같은 glyph base 유지 + 첫 바이트 OR 08h."
723,문자,0x9CB0,0x9CB1,604,든,08 30,2,e0eed1,N,"행 추가/삭제 반영 재계산: 일반 문자행, 같은 glyph base 유지 + 첫 바이트 OR 08h."
724,문자,0x9CB2,0x9CB3,605,␠,18 12,2,e0eed1,N,행 추가/삭제 반영 재계산: 전각 공백 토큰 18 12.
725,문자,0x9CB4,0x9CB5,606,것,F8 1D,2,e0eed1,N,"행 추가/삭제 반영 재계산: 일반 문자행, 같은 glyph base 유지 + 첫 바이트 OR 08h."
726,문자,0x9CB6,0x9CB7,607,들,18 30,2,e0eed1,N,"행 추가/삭제 반영 재계산: 일반 문자행, 같은 glyph base 유지 + 첫 바이트 OR 08h."
727,문자,0x9CB8,0x9CB9,608,로,D8 31,2,e0eed1,N,"행 추가/삭제 반영 재계산: 일반 문자행, 같은 glyph base 유지 + 첫 바이트 OR 08h."
728,문자,0x9CBA,0x9CBB,609,부,08 3C,2,e0eed1,N,"행 추가/삭제 반영 재계산: 일반 문자행, 같은 glyph base 유지 + 첫 바이트 OR 08h."
729,문자,0x9CBC,0x9CBD,610,터,58 E2,2,e0eed1,N,"행 추가/삭제 반영 재계산: 일반 문자행, 같은 glyph base 유지 + 첫 바이트 OR 08h."
730,문자,0x9CBE,0x9CBF,611,・,60 12,2,e2f0d9,N,행 추가/삭제 반영 재계산: PC-88 문장부호 토큰.
731,문자,0x9CC0,0x9CC1,612,・,60 12,2,e2f0d9,N,행 추가/삭제 반영 재계산: PC-88 문장부호 토큰.
732,문자,0x9CC2,0x9CC3,613,・,60 12,2,e2f0d9,N,행 추가/삭제 반영 재계산: PC-88 문장부호 토큰.
733,제어,0x9CC4,0x9CC5,,,15 00,2,fce4d6,N,행 추가/삭제 반영 재계산: HL=0x9CC4→0x9CC6. 제어토큰 기존 바이트 유지.
734,문자,0x9CC6,0x9CC7,614,고,88 20,2,e0eed1,N,"행 추가/삭제 반영 재계산: 일반 문자행, 같은 glyph base 유지 + 첫 바이트 OR 08h."
735,문자,0x9CC8,0x9CC9,615,민,68 39,2,e0eed1,N,"행 추가/삭제 반영 재계산: 일반 문자행, 같은 glyph base 유지 + 첫 바이트 OR 08h."
736,문자,0x9CCA,0x9CCB,616,이,98 DE,2,e0eed1,N,"행 추가/삭제 반영 재계산: 일반 문자행, 같은 glyph base 유지 + 첫 바이트 OR 08h."
737,문자,0x9CCC,0x9CCD,617,나,B8 24,2,e0eed1,N,"행 추가/삭제 반영 재계산: 일반 문자행, 같은 glyph base 유지 + 첫 바이트 OR 08h."
738,문자,0x9CCE,0x9CCF,618,␠,18 12,2,e0eed1,N,행 추가/삭제 반영 재계산: 전각 공백 토큰 18 12.
739,문자,0x9CD0,0x9CD1,619,마,B8 34,2,e0eed1,N,"행 추가/삭제 반영 재계산: 일반 문자행, 같은 glyph base 유지 + 첫 바이트 OR 08h."
740,문자,0x9CD2,0x9CD3,620,주,F8 F5,2,e0eed1,N,"행 추가/삭제 반영 재계산: 일반 문자행, 같은 glyph base 유지 + 첫 바이트 OR 08h."
741,문자,0x9CD4,0x9CD5,621,치,A8 E1,2,e0eed1,N,"행 추가/삭제 반영 재계산: 일반 문자행, 같은 glyph base 유지 + 첫 바이트 OR 08h."
742,문자,0x9CD6,0x9CD7,622,기,B8 21,2,e0eed1,N,"행 추가/삭제 반영 재계산: 일반 문자행, 같은 glyph base 유지 + 첫 바이트 OR 08h."
743,문자,0x9CD8,0x9CD9,623,␠,18 12,2,e2f0d9,N,행 추가/삭제 반영 재계산: 전각 공백 토큰 18 12.
744,문자,0x9CDA,0x9CDB,624,싫,F8 3F,2,e0eed1,N,"행 추가/삭제 반영 재계산: 일반 문자행, 같은 glyph base 유지 + 첫 바이트 OR 08h."
745,문자,0x9CDC,0x9CDD,625,은,48 DE,2,e0eed1,N,"행 추가/삭제 반영 재계산: 일반 문자행, 같은 glyph base 유지 + 첫 바이트 OR 08h."
746,문자,0x9CDE,0x9CDF,626,␠,18 12,2,e0eed1,N,행 추가/삭제 반영 재계산: 전각 공백 토큰 18 12.
747,문자,0x9CE0,0x9CE1,627,현,38 E4,2,e0eed1,N,"행 추가/삭제 반영 재계산: 일반 문자행, 같은 glyph base 유지 + 첫 바이트 OR 08h."
748,문자,0x9CE2,0x9CE3,628,실,E8 3F,2,e0eed1,N,"행 추가/삭제 반영 재계산: 일반 문자행, 같은 glyph base 유지 + 첫 바이트 OR 08h."
749,문자,0x9CE4,0x9CE5,629,␠,18 12,2,e0eed1,N,행 추가/삭제 반영 재계산: 전각 공백 토큰 18 12.
750,문자,0x9CE6,0x9CE7,630,같,08 1C,2,e0eed1,N,"행 추가/삭제 반영 재계산: 일반 문자행, 같은 glyph base 유지 + 첫 바이트 OR 08h."
751,문자,0x9CE8,0x9CE9,631,은,48 DE,2,e0eed1,N,"행 추가/삭제 반영 재계산: 일반 문자행, 같은 glyph base 유지 + 첫 바이트 OR 08h."
752,문자,0x9CEA,0x9CEB,632,・,60 12,2,e2f0d9,N,행 추가/삭제 반영 재계산: PC-88 문장부호 토큰.
753,문자,0x9CEC,0x9CED,633,・,60 12,2,e2f0d9,N,행 추가/삭제 반영 재계산: PC-88 문장부호 토큰.
754,문자,0x9CEE,0x9CEF,634,・,60 12,2,e2f0d9,N,행 추가/삭제 반영 재계산: PC-88 문장부호 토큰.
755,문자,0x9CF0,0x9CF1,635,␠,18 12,2,e2f0d9,N,행 추가/삭제 반영 재계산: 전각 공백 토큰 18 12.
756,문자,0x9CF2,0x9CF3,636,사,E8 3C,2,e0eed1,N,"행 추가/삭제 반영 재계산: 일반 문자행, 같은 glyph base 유지 + 첫 바이트 OR 08h."
757,문자,0x9CF4,0x9CF5,637,실,E8 3F,2,e0eed1,N,"행 추가/삭제 반영 재계산: 일반 문자행, 같은 glyph base 유지 + 첫 바이트 OR 08h."
758,문자,0x9CF6,0x9CF7,638,␠,18 12,2,e0eed1,N,행 추가/삭제 반영 재계산: 전각 공백 토큰 18 12.
759,문자,0x9CF8,0x9CF9,639,나,B8 24,2,e0eed1,N,"행 추가/삭제 반영 재계산: 일반 문자행, 같은 glyph base 유지 + 첫 바이트 OR 08h."
760,문자,0x9CFA,0x9CFB,640,도,28 2E,2,e0eed1,N,"행 추가/삭제 반영 재계산: 일반 문자행, 같은 glyph base 유지 + 첫 바이트 OR 08h."
761,문자,0x9CFC,0x9CFD,641,␠,18 12,2,e0eed1,N,행 추가/삭제 반영 재계산: 전각 공백 토큰 18 12.
762,문자,0x9CFE,0x9CFF,642,이,98 DE,2,e0eed1,N,"행 추가/삭제 반영 재계산: 일반 문자행, 같은 glyph base 유지 + 첫 바이트 OR 08h."
763,문자,0x9D00,0x9D01,643,미,58 39,2,e0eed1,N,"행 추가/삭제 반영 재계산: 일반 문자행, 같은 glyph base 유지 + 첫 바이트 OR 08h."
764,문자,0x9D02,0x9D03,644,␠,18 12,2,e0eed1,N,행 추가/삭제 반영 재계산: 전각 공백 토큰 18 12.
765,문자,0x9D04,0x9D05,645,알,08 60,2,e0eed1,N,"행 추가/삭제 반영 재계산: 일반 문자행, 같은 glyph base 유지 + 첫 바이트 OR 08h."
766,문자,0x9D06,0x9D07,646,고,88 20,2,e0eed1,N,"행 추가/삭제 반영 재계산: 일반 문자행, 같은 glyph base 유지 + 첫 바이트 OR 08h."
767,문자,0x9D08,0x9D09,647,␠,18 12,2,e2f0d9,N,행 추가/삭제 반영 재계산: 전각 공백 토큰 18 12.
768,문자,0x9D0A,0x9D0B,648,있,F8 DE,2,e0eed1,N,"행 추가/삭제 반영 재계산: 일반 문자행, 같은 glyph base 유지 + 첫 바이트 OR 08h."
769,문자,0x9D0C,0x9D0D,649,었,08 7E,2,e0eed1,N,"행 추가/삭제 반영 재계산: 일반 문자행, 같은 glyph base 유지 + 첫 바이트 OR 08h."
770,문자,0x9D0E,0x9D0F,650,어,08 70,2,e0eed1,N,"행 추가/삭제 반영 재계산: 일반 문자행, 같은 glyph base 유지 + 첫 바이트 OR 08h."
771,문자,0x9D10,0x9D11,651,・,60 12,2,e2f0d9,N,행 추가/삭제 반영 재계산: PC-88 문장부호 토큰.
772,문자,0x9D12,0x9D13,652,・,60 12,2,e2f0d9,N,행 추가/삭제 반영 재계산: PC-88 문장부호 토큰.
773,문자,0x9D14,0x9D15,653,・,60 12,2,e2f0d9,N,행 추가/삭제 반영 재계산: PC-88 문장부호 토큰.
774,제어,0x9D16,0x9D18,,,19 00 7D,3,fce4d6,N,행 추가/삭제 반영 재계산: HL=0x9D16→0x9D19. 제어토큰 기존 바이트 유지.
775,제어,0x9D19,0x9D1A,,,15 00,2,fce4d6,N,행 추가/삭제 반영 재계산: HL=0x9D19→0x9D1B. 제어토큰 기존 바이트 유지.
776,제어,0x9D1B,0x9D1C,,,17 00,2,fce4d6,N,행 추가/삭제 반영 재계산: HL=0x9D1B→0x9D1D. 제어토큰 기존 바이트 유지.
777,제어,0x9D1D,0x9D1F,,,1A 00 04,3,fce4d6,N,행 추가/삭제 반영 재계산: HL=0x9D1D→0x9D20. 제어토큰 기존 바이트 유지.
778,제어,0x9D20,0x9D21,,,16 00,2,fce4d6,N,행 추가/삭제 반영 재계산: HL=0x9D20→0x9D22. 제어토큰 기존 바이트 유지.
779,문자,0x9D22,0x9D23,654,이,90 DE,2,e9ae2b,N,"행 추가/삭제 반영 재계산: 주황색 대화체 발화용 문자행, 패치 KANJI1 발화체 토큰."
780,문자,0x9D24,0x9D25,655,제,F0 E3,2,e9ae2b,N,"행 추가/삭제 반영 재계산: 주황색 대화체 발화용 문자행, 패치 KANJI1 발화체 토큰."
781,제어,0x9D26,0x9D29,,,12 00 23 00,4,fce4d6,N,행 추가/삭제 반영 재계산: HL=0x9D26→0x9D2A. 제어토큰 기존 바이트 유지.
782,문자,0x9D2A,0x9D2B,656,␠,18 12,2,e2f0d9,N,행 추가/삭제 반영 재계산: 전각 공백 토큰 18 12.
783,문자,0x9D2C,0x9D2D,657,어,00 70,2,e9ae2b,N,"행 추가/삭제 반영 재계산: 주황색 대화체 발화용 문자행, 패치 KANJI1 발화체 토큰."
784,문자,0x9D2E,0x9D2F,658,떻,B0 30,2,e9ae2b,N,"행 추가/삭제 반영 재계산: 주황색 대화체 발화용 문자행, 패치 KANJI1 발화체 토큰."
785,문자,0x9D30,0x9D31,659,게,00 20,2,e9ae2b,N,"행 추가/삭제 반영 재계산: 주황색 대화체 발화용 문자행, 패치 KANJI1 발화체 토큰."
786,문자,0x9D32,0x9D33,660,␠,18 12,2,e2f0d9,N,행 추가/삭제 반영 재계산: 전각 공백 토큰 18 12.
787,문자,0x9D34,0x9D35,661,되,80 2E,2,e9ae2b,N,"행 추가/삭제 반영 재계산: 주황색 대화체 발화용 문자행, 패치 KANJI1 발화체 토큰."
788,문자,0x9D36,0x9D37,662,든,00 30,2,e9ae2b,N,"행 추가/삭제 반영 재계산: 주황색 대화체 발화용 문자행, 패치 KANJI1 발화체 토큰."
789,문자,0x9D38,0x9D39,663,␠,18 12,2,e2f0d9,N,행 추가/삭제 반영 재계산: 전각 공백 토큰 18 12.
790,문자,0x9D3A,0x9D3B,664,상,20 3D,2,e9ae2b,N,"행 추가/삭제 반영 재계산: 주황색 대화체 발화용 문자행, 패치 KANJI1 발화체 토큰."
791,문자,0x9D3C,0x9D3D,665,관,C0 20,2,e9ae2b,N,"행 추가/삭제 반영 재계산: 주황색 대화체 발화용 문자행, 패치 KANJI1 발화체 토큰."
792,문자,0x9D3E,0x9D3F,666,없,00 7C,2,e9ae2b,N,"행 추가/삭제 반영 재계산: 주황색 대화체 발화용 문자행, 패치 KANJI1 발화체 토큰."
793,문자,0x9D40,0x9D41,667,어,00 70,2,e9ae2b,N,"행 추가/삭제 반영 재계산: 주황색 대화체 발화용 문자행, 패치 KANJI1 발화체 토큰."
794,문자,0x9D42,0x9D43,668,・,60 12,2,e2f0d9,N,행 추가/삭제 반영 재계산: PC-88 문장부호 토큰.
795,문자,0x9D44,0x9D45,669,・,60 12,2,e2f0d9,N,행 추가/삭제 반영 재계산: PC-88 문장부호 토큰.
796,문자,0x9D46,0x9D47,670,・,60 12,2,e2f0d9,N,행 추가/삭제 반영 재계산: PC-88 문장부호 토큰.
797,문자,0x9D48,0x9D49,671,␠,18 12,2,e2f0d9,N,행 추가/삭제 반영 재계산: 전각 공백 토큰 18 12.
798,문자,0x9D4A,0x9D4B,672,그,50 21,2,e9ae2b,N,"행 추가/삭제 반영 재계산: 주황색 대화체 발화용 문자행, 패치 KANJI1 발화체 토큰."
799,문자,0x9D4C,0x9D4D,673,저,90 DF,2,e9ae2b,N,"행 추가/삭제 반영 재계산: 주황색 대화체 발화용 문자행, 패치 KANJI1 발화체 토큰."
800,문자,0x9D4E,0x9D4F,674,・,60 12,2,e2f0d9,N,행 추가/삭제 반영 재계산: PC-88 문장부호 토큰.
801,문자,0x9D50,0x9D51,675,・,60 12,2,e2f0d9,N,행 추가/삭제 반영 재계산: PC-88 문장부호 토큰.
802,문자,0x9D52,0x9D53,676,・,60 12,2,e2f0d9,N,행 추가/삭제 반영 재계산: PC-88 문장부호 토큰.
803,문자,0x9D54,0x9D55,677,␠,18 12,2,e2f0d9,N,행 추가/삭제 반영 재계산: 전각 공백 토큰 18 12.
804,문자,0x9D56,0x9D57,678,도,20 2E,2,e9ae2b,N,"행 추가/삭제 반영 재계산: 주황색 대화체 발화용 문자행, 패치 KANJI1 발화체 토큰."
805,문자,0x9D58,0x9D59,679,망,00 35,2,e9ae2b,N,"행 추가/삭제 반영 재계산: 주황색 대화체 발화용 문자행, 패치 KANJI1 발화체 토큰."
806,문자,0x9D5A,0x9D5B,680,치,A0 E1,2,e9ae2b,N,"행 추가/삭제 반영 재계산: 주황색 대화체 발화용 문자행, 패치 KANJI1 발화체 토큰."
807,문자,0x9D5C,0x9D5D,681,고,80 20,2,e9ae2b,N,"행 추가/삭제 반영 재계산: 주황색 대화체 발화용 문자행, 패치 KANJI1 발화체 토큰."
808,문자,0x9D5E,0x9D5F,682,␠,18 12,2,e2f0d9,N,행 추가/삭제 반영 재계산: 전각 공백 토큰 18 12.
809,문자,0x9D60,0x9D61,683,싶,00 44,2,e9ae2b,N,"행 추가/삭제 반영 재계산: 주황색 대화체 발화용 문자행, 패치 KANJI1 발화체 토큰."
810,문자,0x9D62,0x9D63,684,을,50 DE,2,e9ae2b,N,"행 추가/삭제 반영 재계산: 주황색 대화체 발화용 문자행, 패치 KANJI1 발화체 토큰."
811,문자,0x9D64,0x9D65,685,␠,18 12,2,e2f0d9,N,행 추가/삭제 반영 재계산: 전각 공백 토큰 18 12.
812,문자,0x9D66,0x9D67,686,뿐,90 3C,2,e9ae2b,N,"행 추가/삭제 반영 재계산: 주황색 대화체 발화용 문자행, 패치 KANJI1 발화체 토큰."
813,문자,0x9D68,0x9D69,687,이,90 DE,2,e9ae2b,N,"행 추가/삭제 반영 재계산: 주황색 대화체 발화용 문자행, 패치 KANJI1 발화체 토큰."
814,문자,0x9D6A,0x9D6B,688,야,00 6C,2,e9ae2b,N,"행 추가/삭제 반영 재계산: 주황색 대화체 발화용 문자행, 패치 KANJI1 발화체 토큰."
815,문자,0x9D6C,0x9D6D,689,・,60 12,2,e2f0d9,N,행 추가/삭제 반영 재계산: PC-88 문장부호 토큰.
816,문자,0x9D6E,0x9D6F,690,・,60 12,2,e2f0d9,N,행 추가/삭제 반영 재계산: PC-88 문장부호 토큰.
817,문자,0x9D70,0x9D71,691,・,60 12,2,e2f0d9,N,행 추가/삭제 반영 재계산: PC-88 문장부호 토큰.
818,제어,0x9D72,0x9D76,,,12 00 23 21 00,5,fce4d6,N,행 추가/삭제 반영 재계산: HL=0x9D72→0x9D77. 제어토큰 기존 바이트 유지.
819,제어,0x9D77,0x9D78,,,15 00,2,fce4d6,N,행 추가/삭제 반영 재계산: HL=0x9D77→0x9D79. 제어토큰 기존 바이트 유지.
820,제어,0x9D79,0x9D7C,,,12 00 23 00,4,fce4d6,N,행 추가/삭제 반영 재계산: HL=0x9D79→0x9D7D. 제어토큰 기존 바이트 유지.
821,문자,0x9D7D,0x9D7E,692,넌,60 25,2,e9ae2b,N,"행 추가/삭제 반영 재계산: 주황색 대화체 발화용 문자행, 패치 KANJI1 발화체 토큰."
822,문자,0x9D7F,0x9D80,693,␠,18 12,2,e2f0d9,N,행 추가/삭제 반영 재계산: 전각 공백 토큰 18 12.
823,문자,0x9D81,0x9D82,694,그,50 21,2,e9ae2b,N,"행 추가/삭제 반영 재계산: 주황색 대화체 발화용 문자행, 패치 KANJI1 발화체 토큰."
824,문자,0x9D83,0x9D84,695,런,50 31,2,e9ae2b,N,"행 추가/삭제 반영 재계산: 주황색 대화체 발화용 문자행, 패치 KANJI1 발화체 토큰."
825,문자,0x9D85,0x9D86,696,␠,18 12,2,e2f0d9,N,행 추가/삭제 반영 재계산: 전각 공백 토큰 18 12.
826,문자,0x9D87,0x9D88,697,적,A0 DF,2,e9ae2b,N,"행 추가/삭제 반영 재계산: 주황색 대화체 발화용 문자행, 패치 KANJI1 발화체 토큰."
827,문자,0x9D89,0x9D8A,698,이,90 DE,2,e9ae2b,N,"행 추가/삭제 반영 재계산: 주황색 대화체 발화용 문자행, 패치 KANJI1 발화체 토큰."
828,문자,0x9D8B,0x9D8C,699,・,60 12,2,e2f0d9,N,행 추가/삭제 반영 재계산: PC-88 문장부호 토큰.
829,문자,0x9D8D,0x9D8E,700,・,60 12,2,e2f0d9,N,행 추가/삭제 반영 재계산: PC-88 문장부호 토큰.
830,문자,0x9D8F,0x9D90,701,・,60 12,2,e2f0d9,N,행 추가/삭제 반영 재계산: PC-88 문장부호 토큰.
831,문자,0x9D91,0x9D92,702,␠,18 12,2,e2f0d9,N,행 추가/삭제 반영 재계산: 전각 공백 토큰 18 12.
832,문자,0x9D93,0x9D94,703,한,70 E3,2,e9ae2b,N,"행 추가/삭제 반영 재계산: 주황색 대화체 발화용 문자행, 패치 KANJI1 발화체 토큰."
833,문자,0x9D95,0x9D96,704,␠,18 12,2,e2f0d9,N,행 추가/삭제 반영 재계산: 전각 공백 토큰 18 12.
834,문자,0x9D97,0x9D98,705,번,70 3B,2,e9ae2b,N,"행 추가/삭제 반영 재계산: 주황색 대화체 발화용 문자행, 패치 KANJI1 발화체 토큰."
835,문자,0x9D99,0x9D9A,706,도,20 2E,2,e9ae2b,N,"행 추가/삭제 반영 재계산: 주황색 대화체 발화용 문자행, 패치 KANJI1 발화체 토큰."
836,문자,0x9D9B,0x9D9C,707,␠,18 12,2,e2f0d9,N,행 추가/삭제 반영 재계산: 전각 공백 토큰 18 12.
837,문자,0x9D9D,0x9D9E,708,없,00 7C,2,e9ae2b,N,"행 추가/삭제 반영 재계산: 주황색 대화체 발화용 문자행, 패치 KANJI1 발화체 토큰."
838,문자,0x9D9F,0x9DA0,709,었,00 7E,2,e9ae2b,N,"행 추가/삭제 반영 재계산: 주황색 대화체 발화용 문자행, 패치 KANJI1 발화체 토큰."
839,문자,0x9DA1,0x9DA2,710,어,00 70,2,e9ae2b,N,"행 추가/삭제 반영 재계산: 주황색 대화체 발화용 문자행, 패치 KANJI1 발화체 토큰."
840,문자,0x9DA3,0x9DA4,711,？,90 12,2,e2f0d9,N,행 추가/삭제 반영 재계산: PC-88 문장부호 토큰.
841,제어,0x9DA5,0x9DA7,,,19 00 7E,3,fce4d6,N,행 추가/삭제 반영 재계산: HL=0x9DA5→0x9DA8. 제어토큰 기존 바이트 유지.
842,제어,0x9DA8,0x9DA9,,,15 00,2,fce4d6,N,행 추가/삭제 반영 재계산: HL=0x9DA8→0x9DAA. 제어토큰 기존 바이트 유지.
843,제어,0x9DAA,0x9DAB,,,17 00,2,fce4d6,N,행 추가/삭제 반영 재계산: HL=0x9DAA→0x9DAC. 제어토큰 기존 바이트 유지.
844,제어,0x9DAC,0x9DAE,,,1A 00 04,3,fce4d6,N,행 추가/삭제 반영 재계산: HL=0x9DAC→0x9DAF. 제어토큰 기존 바이트 유지.
845,제어,0x9DAF,0x9DB0,,,16 00,2,fce4d6,N,행 추가/삭제 반영 재계산: HL=0x9DAF→0x9DB1. 제어토큰 기존 바이트 유지.
846,문자,0x9DB1,0x9DB2,712,나,B0 24,2,e9ae2b,N,"행 추가/삭제 반영 재계산: 주황색 대화체 발화용 문자행, 패치 KANJI1 발화체 토큰."
847,문자,0x9DB3,0x9DB4,713,도,20 2E,2,e9ae2b,N,"행 추가/삭제 반영 재계산: 주황색 대화체 발화용 문자행, 패치 KANJI1 발화체 토큰."
848,제어,0x9DB5,0x9DB9,,,12 00 23 21 00,5,fce4d6,N,행 추가/삭제 반영 재계산: HL=0x9DB5→0x9DBA. 제어토큰 기존 바이트 유지.
849,문자,0x9DBA,0x9DBB,714,␠,18 12,2,e2f0d9,N,행 추가/삭제 반영 재계산: 전각 공백 토큰 18 12.
850,문자,0x9DBC,0x9DBD,715,있,F0 DE,2,e9ae2b,N,"행 추가/삭제 반영 재계산: 주황색 대화체 발화용 문자행, 패치 KANJI1 발화체 토큰."
851,문자,0x9DBE,0x9DBF,716,었,00 7E,2,e9ae2b,N,"행 추가/삭제 반영 재계산: 주황색 대화체 발화용 문자행, 패치 KANJI1 발화체 토큰."
852,문자,0x9DC0,0x9DC1,717,어,00 70,2,e9ae2b,N,"행 추가/삭제 반영 재계산: 주황색 대화체 발화용 문자행, 패치 KANJI1 발화체 토큰."
853,문자,0x9DC2,0x9DC3,718,!,A0 12,2,e2f0d9,N,행 추가/삭제 반영 재계산: PC-88 문장부호 토큰.
854,제어,0x9DC4,0x9DC6,,,19 00 7D,3,fce4d6,N,행 추가/삭제 반영 재계산: HL=0x9DC4→0x9DC7. 제어토큰 기존 바이트 유지.
855,제어,0x9DC7,0x9DC8,,,15 00,2,fce4d6,N,행 추가/삭제 반영 재계산: HL=0x9DC7→0x9DC9. 제어토큰 기존 바이트 유지.
856,제어,0x9DC9,0x9DCA,,,17 00,2,fce4d6,N,행 추가/삭제 반영 재계산: HL=0x9DC9→0x9DCB. 제어토큰 기존 바이트 유지.
857,제어,0x9DCB,0x9DCF,,,14 00 00 40 80,5,fce4d6,N,행 추가/삭제 반영 재계산: HL=0x9DCB→0x9DD0. 제어토큰 기존 바이트 유지.
858,제어,0x9DD0,0x9DD2,,,1A 00 04,3,fce4d6,N,행 추가/삭제 반영 재계산: HL=0x9DD0→0x9DD3. 제어토큰 기존 바이트 유지.
859,제어,0x9DD3,0x9DD4,,,16 00,2,fce4d6,N,행 추가/삭제 반영 재계산: HL=0x9DD3→0x9DD5. 제어토큰 기존 바이트 유지.
860,문자,0x9DD5,0x9DD6,719,그,50 21,2,e9ae2b,N,"행 추가/삭제 반영 재계산: 주황색 대화체 발화용 문자행, 패치 KANJI1 발화체 토큰."
861,문자,0x9DD7,0x9DD8,720,래,30 31,2,e9ae2b,N,"행 추가/삭제 반영 재계산: 주황색 대화체 발화용 문자행, 패치 KANJI1 발화체 토큰."
862,문자,0x9DD9,0x9DDA,721,도,20 2E,2,e9ae2b,N,"행 추가/삭제 반영 재계산: 주황색 대화체 발화용 문자행, 패치 KANJI1 발화체 토큰."
863,문자,0x9DDB,0x9DDC,722,・,60 12,2,e2f0d9,N,행 추가/삭제 반영 재계산: PC-88 문장부호 토큰.
864,문자,0x9DDD,0x9DDE,723,・,60 12,2,e2f0d9,N,행 추가/삭제 반영 재계산: PC-88 문장부호 토큰.
865,문자,0x9DDF,0x9DE0,724,・,60 12,2,e2f0d9,N,행 추가/삭제 반영 재계산: PC-88 문장부호 토큰.
866,문자,0x9DE1,0x9DE2,725,␠,18 12,2,e2f0d9,N,행 추가/삭제 반영 재계산: 전각 공백 토큰 18 12.
867,문자,0x9DE3,0x9DE4,726,넌,60 25,2,e9ae2b,N,"행 추가/삭제 반영 재계산: 주황색 대화체 발화용 문자행, 패치 KANJI1 발화체 토큰."
868,문자,0x9DE5,0x9DE6,727,␠,18 12,2,e2f0d9,N,행 추가/삭제 반영 재계산: 전각 공백 토큰 18 12.
869,문자,0x9DE7,0x9DE8,728,항,A0 E3,2,e9ae2b,N,"행 추가/삭제 반영 재계산: 주황색 대화체 발화용 문자행, 패치 KANJI1 발화체 토큰."
870,문자,0x9DE9,0x9DEA,729,상,20 3D,2,e9ae2b,N,"행 추가/삭제 반영 재계산: 주황색 대화체 발화용 문자행, 패치 KANJI1 발화체 토큰."
871,문자,0x9DEB,0x9DEC,730,␠,18 12,2,e2f0d9,N,행 추가/삭제 반영 재계산: 전각 공백 토큰 18 12.
872,문자,0x9DED,0x9DEE,731,싸,00 46,2,e9ae2b,N,"행 추가/삭제 반영 재계산: 주황색 대화체 발화용 문자행, 패치 KANJI1 발화체 토큰."
873,문자,0x9DEF,0x9DF0,732,워,F0 D7,2,e9ae2b,N,"행 추가/삭제 반영 재계산: 주황색 대화체 발화용 문자행, 패치 KANJI1 발화체 토큰."
874,문자,0x9DF1,0x9DF2,733,왔,F0 C1,2,e9ae2b,N,"행 추가/삭제 반영 재계산: 주황색 대화체 발화용 문자행, 패치 KANJI1 발화체 토큰."
875,문자,0x9DF3,0x9DF4,734,잖,30 DF,2,e9ae2b,N,"행 추가/삭제 반영 재계산: 주황색 대화체 발화용 문자행, 패치 KANJI1 발화체 토큰."
876,문자,0x9DF5,0x9DF6,735,아,00 56,2,e9ae2b,N,"행 추가/삭제 반영 재계산: 주황색 대화체 발화용 문자행, 패치 KANJI1 발화체 토큰."
877,문자,0x9DF7,0x9DF8,736,？,90 12,2,e2f0d9,N,행 추가/삭제 반영 재계산: PC-88 문장부호 토큰.
878,제어,0x9DF9,0x9DFD,,,12 00 23 21 00,5,fce4d6,N,행 추가/삭제 반영 재계산: HL=0x9DF9→0x9DFE. 제어토큰 기존 바이트 유지.
879,문자,0x9DFE,0x9DFF,737,␠,18 12,2,e2f0d9,N,행 추가/삭제 반영 재계산: 전각 공백 토큰 18 12.
880,문자,0x9E00,0x9E01,738,온,C0 9F,2,e9ae2b,N,"행 추가/삭제 반영 재계산: 주황색 대화체 발화용 문자행, 패치 KANJI1 발화체 토큰."
881,문자,0x9E02,0x9E03,739,갖,00 1A,2,e9ae2b,N,"행 추가/삭제 반영 재계산: 주황색 대화체 발화용 문자행, 패치 KANJI1 발화체 토큰."
882,문자,0x9E04,0x9E05,740,␠,18 12,2,e2f0d9,N,행 추가/삭제 반영 재계산: 전각 공백 토큰 18 12.
883,문자,0x9E06,0x9E07,741,고,80 20,2,e9ae2b,N,"행 추가/삭제 반영 재계산: 주황색 대화체 발화용 문자행, 패치 KANJI1 발화체 토큰."
884,문자,0x9E08,0x9E09,742,민,60 39,2,e9ae2b,N,"행 추가/삭제 반영 재계산: 주황색 대화체 발화용 문자행, 패치 KANJI1 발화체 토큰."
885,문자,0x9E0A,0x9E0B,743,과,B0 20,2,e9ae2b,N,"행 추가/삭제 반영 재계산: 주황색 대화체 발화용 문자행, 패치 KANJI1 발화체 토큰."
886,문자,0x9E0C,0x9E0D,744,␠,18 12,2,e2f0d9,N,행 추가/삭제 반영 재계산: 전각 공백 토큰 18 12.
887,문자,0x9E0E,0x9E0F,745,괴,E0 20,2,e9ae2b,N,"행 추가/삭제 반영 재계산: 주황색 대화체 발화용 문자행, 패치 KANJI1 발화체 토큰."
888,문자,0x9E10,0x9E11,746,로,D0 31,2,e9ae2b,N,"행 추가/삭제 반영 재계산: 주황색 대화체 발화용 문자행, 패치 KANJI1 발화체 토큰."
889,문자,0x9E12,0x9E13,747,움,F0 D5,2,e9ae2b,N,"행 추가/삭제 반영 재계산: 주황색 대화체 발화용 문자행, 패치 KANJI1 발화체 토큰."
890,문자,0x9E14,0x9E15,748,으,30 DE,2,e9ae2b,N,"행 추가/삭제 반영 재계산: 주황색 대화체 발화용 문자행, 패치 KANJI1 발화체 토큰."
891,문자,0x9E16,0x9E17,749,로,D0 31,2,e9ae2b,N,"행 추가/삭제 반영 재계산: 주황색 대화체 발화용 문자행, 패치 KANJI1 발화체 토큰."
892,문자,0x9E18,0x9E19,750,부,00 3C,2,e9ae2b,N,"행 추가/삭제 반영 재계산: 주황색 대화체 발화용 문자행, 패치 KANJI1 발화체 토큰."
893,문자,0x9E1A,0x9E1B,751,터,50 E2,2,e9ae2b,N,"행 추가/삭제 반영 재계산: 주황색 대화체 발화용 문자행, 패치 KANJI1 발화체 토큰."
894,문자,0x9E1C,0x9E1D,752,・,60 12,2,e2f0d9,N,행 추가/삭제 반영 재계산: PC-88 문장부호 토큰.
895,문자,0x9E1E,0x9E1F,753,・,60 12,2,e2f0d9,N,행 추가/삭제 반영 재계산: PC-88 문장부호 토큰.
896,문자,0x9E20,0x9E21,754,・,60 12,2,e2f0d9,N,행 추가/삭제 반영 재계산: PC-88 문장부호 토큰.
897,제어,0x9E22,0x9E23,,,15 00,2,fce4d6,N,행 추가/삭제 반영 재계산: HL=0x9E22→0x9E24. 제어토큰 기존 바이트 유지.
898,문자,0x9E24,0x9E25,755,난,C0 24,2,e9ae2b,N,"행 추가/삭제 반영 재계산: 주황색 대화체 발화용 문자행, 패치 KANJI1 발화체 토큰."
899,제어,0x9E26,0x9E2A,,,12 00 23 21 00,5,fce4d6,N,행 추가/삭제 반영 재계산: HL=0x9E26→0x9E2B. 제어토큰 기존 바이트 유지.
900,문자,0x9E2B,0x9E2C,756,␠,18 12,2,e2f0d9,N,행 추가/삭제 반영 재계산: 전각 공백 토큰 18 12.
901,문자,0x9E2D,0x9E2E,757,도,20 2E,2,e9ae2b,N,"행 추가/삭제 반영 재계산: 주황색 대화체 발화용 문자행, 패치 KANJI1 발화체 토큰."
902,문자,0x9E2F,0x9E30,758,망,00 35,2,e9ae2b,N,"행 추가/삭제 반영 재계산: 주황색 대화체 발화용 문자행, 패치 KANJI1 발화체 토큰."
903,문자,0x9E31,0x9E32,759,치,A0 E1,2,e9ae2b,N,"행 추가/삭제 반영 재계산: 주황색 대화체 발화용 문자행, 패치 KANJI1 발화체 토큰."
904,문자,0x9E33,0x9E34,760,기,B0 21,2,e9ae2b,N,"행 추가/삭제 반영 재계산: 주황색 대화체 발화용 문자행, 패치 KANJI1 발화체 토큰."
905,문자,0x9E35,0x9E36,761,만,D0 34,2,e9ae2b,N,"행 추가/삭제 반영 재계산: 주황색 대화체 발화용 문자행, 패치 KANJI1 발화체 토큰."
906,문자,0x9E37,0x9E38,762,␠,18 12,2,e2f0d9,N,행 추가/삭제 반영 재계산: 전각 공백 토큰 18 12.
907,문자,0x9E39,0x9E3A,763,하,50 E3,2,e9ae2b,N,"행 추가/삭제 반영 재계산: 주황색 대화체 발화용 문자행, 패치 KANJI1 발화체 토큰."
908,문자,0x9E3B,0x9E3C,764,다,C0 27,2,e9ae2b,N,"행 추가/삭제 반영 재계산: 주황색 대화체 발화용 문자행, 패치 KANJI1 발화체 토큰."
909,문자,0x9E3D,0x9E3E,765,가,A0 17,2,e9ae2b,N,"행 추가/삭제 반영 재계산: 주황색 대화체 발화용 문자행, 패치 KANJI1 발화체 토큰."
910,문자,0x9E3F,0x9E40,766,・,60 12,2,e2f0d9,N,행 추가/삭제 반영 재계산: PC-88 문장부호 토큰.
911,문자,0x9E41,0x9E42,767,・,60 12,2,e2f0d9,N,행 추가/삭제 반영 재계산: PC-88 문장부호 토큰.
912,문자,0x9E43,0x9E44,768,・,60 12,2,e2f0d9,N,행 추가/삭제 반영 재계산: PC-88 문장부호 토큰.
913,제어,0x9E45,0x9E48,,,12 00 23 00,4,fce4d6,N,행 추가/삭제 반영 재계산: HL=0x9E45→0x9E49. 제어토큰 기존 바이트 유지.
914,문자,0x9E49,0x9E4A,769,␠,18 12,2,e2f0d9,N,행 추가/삭제 반영 재계산: 전각 공백 토큰 18 12.
915,문자,0x9E4B,0x9E4C,770,결,40 20,2,e9ae2b,N,"행 추가/삭제 반영 재계산: 주황색 대화체 발화용 문자행, 패치 KANJI1 발화체 토큰."
916,문자,0x9E4D,0x9E4E,771,국,10 21,2,e9ae2b,N,"행 추가/삭제 반영 재계산: 주황색 대화체 발화용 문자행, 패치 KANJI1 발화체 토큰."
917,문자,0x9E4F,0x9E50,772,␠,18 12,2,e2f0d9,N,행 추가/삭제 반영 재계산: 전각 공백 토큰 18 12.
918,문자,0x9E51,0x9E52,773,이,90 DE,2,e9ae2b,N,"행 추가/삭제 반영 재계산: 주황색 대화체 발화용 문자행, 패치 KANJI1 발화체 토큰."
919,문자,0x9E53,0x9E54,774,런,50 31,2,e9ae2b,N,"행 추가/삭제 반영 재계산: 주황색 대화체 발화용 문자행, 패치 KANJI1 발화체 토큰."
920,문자,0x9E55,0x9E56,775,␠,18 12,2,e2f0d9,N,행 추가/삭제 반영 재계산: 전각 공백 토큰 18 12.
921,문자,0x9E57,0x9E58,776,곳,90 20,2,e9ae2b,N,"행 추가/삭제 반영 재계산: 주황색 대화체 발화용 문자행, 패치 KANJI1 발화체 토큰."
922,문자,0x9E59,0x9E5A,777,에,40 9F,2,e9ae2b,N,"행 추가/삭제 반영 재계산: 주황색 대화체 발화용 문자행, 패치 KANJI1 발화체 토큰."
923,문자,0x9E5B,0x9E5C,778,서,50 3D,2,e9ae2b,N,"행 추가/삭제 반영 재계산: 주황색 대화체 발화용 문자행, 패치 KANJI1 발화체 토큰."
924,문자,0x9E5D,0x9E5E,779,␠,18 12,2,e2f0d9,N,행 추가/삭제 반영 재계산: 전각 공백 토큰 18 12.
925,문자,0x9E5F,0x9E60,780,죽,F0 F7,2,e9ae2b,N,"행 추가/삭제 반영 재계산: 주황색 대화체 발화용 문자행, 패치 KANJI1 발화체 토큰."
926,문자,0x9E61,0x9E62,781,게,00 20,2,e9ae2b,N,"행 추가/삭제 반영 재계산: 주황색 대화체 발화용 문자행, 패치 KANJI1 발화체 토큰."
927,문자,0x9E63,0x9E64,782,␠,18 12,2,e2f0d9,N,행 추가/삭제 반영 재계산: 전각 공백 토큰 18 12.
928,문자,0x9E65,0x9E66,783,되,80 2E,2,e9ae2b,N,"행 추가/삭제 반영 재계산: 주황색 대화체 발화용 문자행, 패치 KANJI1 발화체 토큰."
929,문자,0x9E67,0x9E68,784,는,E0 25,2,e9ae2b,N,"행 추가/삭제 반영 재계산: 주황색 대화체 발화용 문자행, 패치 KANJI1 발화체 토큰."
930,문자,0x9E69,0x9E6A,785,␠,18 12,2,e2f0d9,N,행 추가/삭제 반영 재계산: 전각 공백 토큰 18 12.
931,문자,0x9E6B,0x9E6C,786,운,F0 D1,2,e9ae2b,N,"행 추가/삭제 반영 재계산: 주황색 대화체 발화용 문자행, 패치 KANJI1 발화체 토큰."
932,문자,0x9E6D,0x9E6E,787,명,90 35,2,e9ae2b,N,"행 추가/삭제 반영 재계산: 주황색 대화체 발화용 문자행, 패치 KANJI1 발화체 토큰."
933,문자,0x9E6F,0x9E70,788,인,A0 DE,2,e9ae2b,N,"행 추가/삭제 반영 재계산: 주황색 대화체 발화용 문자행, 패치 KANJI1 발화체 토큰."
934,문자,0x9E71,0x9E72,789,가,A0 17,2,e9ae2b,N,"행 추가/삭제 반영 재계산: 주황색 대화체 발화용 문자행, 패치 KANJI1 발화체 토큰."
935,문자,0x9E73,0x9E74,790,␠,18 12,2,e2f0d9,N,행 추가/삭제 반영 재계산: 전각 공백 토큰 18 12.
936,문자,0x9E75,0x9E76,791,봐,E0 3B,2,e9ae2b,N,"행 추가/삭제 반영 재계산: 주황색 대화체 발화용 문자행, 패치 KANJI1 발화체 토큰."
937,문자,0x9E77,0x9E78,792,・,60 12,2,e2f0d9,N,행 추가/삭제 반영 재계산: PC-88 문장부호 토큰.
938,문자,0x9E79,0x9E7A,793,・,60 12,2,e2f0d9,N,행 추가/삭제 반영 재계산: PC-88 문장부호 토큰.
939,문자,0x9E7B,0x9E7C,794,・,60 12,2,e2f0d9,N,행 추가/삭제 반영 재계산: PC-88 문장부호 토큰.
940,문자,0x9E7D,0x9E7E,795,。,30 12,2,e2f0d9,N,행 추가/삭제 반영 재계산: PC-88 문장부호 토큰.
941,제어,0x9E7F,0x9E81,,,19 00 7E,3,fce4d6,N,행 추가/삭제 반영 재계산: HL=0x9E7F→0x9E82. 제어토큰 기존 바이트 유지.
942,제어,0x9E82,0x9E83,,,15 00,2,fce4d6,N,행 추가/삭제 반영 재계산: HL=0x9E82→0x9E84. 제어토큰 기존 바이트 유지.
943,제어,0x9E84,0x9E85,,,17 00,2,fce4d6,N,행 추가/삭제 반영 재계산: HL=0x9E84→0x9E86. 제어토큰 기존 바이트 유지.
944,제어,0x9E86,0x9E8A,,,14 00 00 40 80,5,fce4d6,N,행 추가/삭제 반영 재계산: HL=0x9E86→0x9E8B. 제어토큰 기존 바이트 유지.
945,제어,0x9E8B,0x9E8D,,,1A 00 04,3,fce4d6,N,행 추가/삭제 반영 재계산: HL=0x9E8B→0x9E8E. 제어토큰 기존 바이트 유지.
946,제어,0x9E8E,0x9E8F,,,16 00,2,fce4d6,N,행 추가/삭제 반영 재계산: HL=0x9E8E→0x9E90. 제어토큰 기존 바이트 유지.
947,제어,0x9E90,0x9E94,,,12 00 23 21 00,5,fce4d6,N,행 추가/삭제 반영 재계산: HL=0x9E90→0x9E95. 제어토큰 기존 바이트 유지.
948,문자,0x9E95,0x9E96,796,바,80 39,2,e9ae2b,N,"행 추가/삭제 반영 재계산: 주황색 대화체 발화용 문자행, 패치 KANJI1 발화체 토큰."
949,문자,0x9E97,0x9E98,797,보,B0 3B,2,e9ae2b,N,"행 추가/삭제 반영 재계산: 주황색 대화체 발화용 문자행, 패치 KANJI1 발화체 토큰."
950,문자,0x9E99,0x9E9A,798,␠,18 12,2,e2f0d9,N,행 추가/삭제 반영 재계산: 전각 공백 토큰 18 12.
951,문자,0x9E9B,0x9E9C,799,같,00 1C,2,e9ae2b,N,"행 추가/삭제 반영 재계산: 주황색 대화체 발화용 문자행, 패치 KANJI1 발화체 토큰."
952,문자,0x9E9D,0x9E9E,800,은,40 DE,2,e9ae2b,N,"행 추가/삭제 반영 재계산: 주황색 대화체 발화용 문자행, 패치 KANJI1 발화체 토큰."
953,문자,0x9E9F,0x9EA0,801,␠,18 12,2,e2f0d9,N,행 추가/삭제 반영 재계산: 전각 공백 토큰 18 12.
954,문자,0x9EA1,0x9EA2,802,소,D0 3D,2,e9ae2b,N,"행 추가/삭제 반영 재계산: 주황색 대화체 발화용 문자행, 패치 KANJI1 발화체 토큰."
955,문자,0x9EA3,0x9EA4,803,리,70 34,2,e9ae2b,N,"행 추가/삭제 반영 재계산: 주황색 대화체 발화용 문자행, 패치 KANJI1 발화체 토큰."
956,문자,0x9EA5,0x9EA6,804,하,50 E3,2,e9ae2b,N,"행 추가/삭제 반영 재계산: 주황색 대화체 발화용 문자행, 패치 KANJI1 발화체 토큰."
957,문자,0x9EA7,0x9EA8,805,지,10 E0,2,e9ae2b,N,"행 추가/삭제 반영 재계산: 주황색 대화체 발화용 문자행, 패치 KANJI1 발화체 토큰."
958,문자,0x9EA9,0x9EAA,806,␠,18 12,2,e2f0d9,N,행 추가/삭제 반영 재계산: 전각 공백 토큰 18 12.
959,문자,0x9EAB,0x9EAC,807,마,B0 34,2,e9ae2b,N,"행 추가/삭제 반영 재계산: 주황색 대화체 발화용 문자행, 패치 KANJI1 발화체 토큰."
960,문자,0x9EAD,0x9EAE,808,！,A0 12,2,e2f0d9,N,행 추가/삭제 반영 재계산: PC-88 문장부호 토큰.
961,문자,0x9EAF,0x9EB0,809,␠,18 12,2,e2f0d9,N,행 추가/삭제 반영 재계산: 전각 공백 토큰 18 12.
962,제어,0x9EB1,0x9EB4,,,12 00 21 00,4,fce4d6,N,행 추가/삭제 반영 재계산: HL=0x9EB1→0x9EB5. 제어토큰 기존 바이트 유지.
963,문자,0x9EB5,0x9EB6,810,내,00 25,2,e9ae2b,N,"행 추가/삭제 반영 재계산: 주황색 대화체 발화용 문자행, 패치 KANJI1 발화체 토큰."
964,제어,0x9EB7,0x9EBA,,,12 00 23 00,4,fce4d6,N,행 추가/삭제 반영 재계산: HL=0x9EB7→0x9EBB. 제어토큰 기존 바이트 유지.
965,제어,0x9EBB,0x9EBF,,,14 00 00 47 80,5,fce4d6,N,행 추가/삭제 반영 재계산: HL=0x9EBB→0x9EC0. 제어토큰 기존 바이트 유지.
966,문자,0x9EC0,0x9EC1,811,가,A0 17,2,e9ae2b,N,"행 추가/삭제 반영 재계산: 주황색 대화체 발화용 문자행, 패치 KANJI1 발화체 토큰."
967,문자,0x9EC2,0x9EC3,812,␠,18 12,2,e2f0d9,N,행 추가/삭제 반영 재계산: 전각 공백 토큰 18 12.
968,문자,0x9EC4,0x9EC5,813,꼭,20 24,2,e9ae2b,N,"행 추가/삭제 반영 재계산: 주황색 대화체 발화용 문자행, 패치 KANJI1 발화체 토큰."
969,제어,0x9EC6,0x9ECA,,,12 00 23 21 00,5,fce4d6,N,행 추가/삭제 반영 재계산: HL=0x9EC6→0x9ECB. 제어토큰 기존 바이트 유지.
970,문자,0x9ECB,0x9ECC,814,␠,18 12,2,e2f0d9,N,행 추가/삭제 반영 재계산: 전각 공백 토큰 18 12.
971,문자,0x9ECD,0x9ECE,815,도,20 2E,2,e9ae2b,N,"행 추가/삭제 반영 재계산: 주황색 대화체 발화용 문자행, 패치 KANJI1 발화체 토큰."
972,문자,0x9ECF,0x9ED0,816,와,E0 9F,2,e9ae2b,N,"행 추가/삭제 반영 재계산: 주황색 대화체 발화용 문자행, 패치 KANJI1 발화체 토큰."
973,문자,0x9ED1,0x9ED2,817,줄,F0 F9,2,e9ae2b,N,"행 추가/삭제 반영 재계산: 주황색 대화체 발화용 문자행, 패치 KANJI1 발화체 토큰."
974,문자,0x9ED3,0x9ED4,818,게,00 20,2,e9ae2b,N,"행 추가/삭제 반영 재계산: 주황색 대화체 발화용 문자행, 패치 KANJI1 발화체 토큰."
975,문자,0x9ED5,0x9ED6,819,！,A0 12,2,e2f0d9,N,행 추가/삭제 반영 재계산: PC-88 문장부호 토큰.
976,제어,0x9ED7,0x9EDB,,,12 00 23 21 00,5,fce4d6,N,행 추가/삭제 반영 재계산: HL=0x9ED7→0x9EDC. 제어토큰 기존 바이트 유지.
977,제어,0x9EDC,0x9EDD,,,10 11,2,fce4d6,N,행 추가/삭제 반영 재계산: HL=0x9EDC→0x9EDE. 제어토큰 기존 바이트 유지.
978,제어,0x9EDE,0x9EE2,,,12 00 23 21 00,5,fce4d6,N,행 추가/삭제 반영 재계산: HL=0x9EDE→0x9EE3. 제어토큰 기존 바이트 유지.
979,제어,0x9EE3,0x9EE5,,,19 00 7D,3,fce4d6,N,행 추가/삭제 반영 재계산: HL=0x9EE3→0x9EE6. 제어토큰 기존 바이트 유지.
980,제어,0x9EE6,0x9EE7,,,15 00,2,fce4d6,N,행 추가/삭제 반영 재계산: HL=0x9EE6→0x9EE8. 제어토큰 기존 바이트 유지.
981,제어,0x9EE8,0x9EE9,,,17 00,2,fce4d6,N,행 추가/삭제 반영 재계산: HL=0x9EE8→0x9EEA. 제어토큰 기존 바이트 유지.
982,제어,0x9EEA,0x9EEC,,,1A 00 04,3,fce4d6,N,행 추가/삭제 반영 재계산: HL=0x9EEA→0x9EED. 제어토큰 기존 바이트 유지.
983,제어,0x9EED,0x9EEE,,,16 00,2,fce4d6,N,행 추가/삭제 반영 재계산: HL=0x9EED→0x9EEF. 제어토큰 기존 바이트 유지.
984,제어,0x9EEF,0x9EF0,,,10 11,2,fce4d6,N,행 추가/삭제 반영 재계산: HL=0x9EEF→0x9EF1. 제어토큰 기존 바이트 유지.
985,제어,0x9EF1,0x9EF5,,,12 00 23 21 00,5,fce4d6,N,행 추가/삭제 반영 재계산: HL=0x9EF1→0x9EF6. 제어토큰 기존 바이트 유지.
986,문자,0x9EF6,0x9EF7,820,우,F0 CD,2,e9ae2b,N,"행 추가/삭제 반영 재계산: 주황색 대화체 발화용 문자행, 패치 KANJI1 발화체 토큰."
987,문자,0x9EF8,0x9EF9,821,는,E0 25,2,e9ae2b,N,"행 추가/삭제 반영 재계산: 주황색 대화체 발화용 문자행, 패치 KANJI1 발화체 토큰."
988,문자,0x9EFA,0x9EFB,822,␠,18 12,2,e2f0d9,N,행 추가/삭제 반영 재계산: 전각 공백 토큰 18 12.
989,문자,0x9EFC,0x9EFD,823,거,90 1D,2,e9ae2b,N,"행 추가/삭제 반영 재계산: 주황색 대화체 발화용 문자행, 패치 KANJI1 발화체 토큰."
990,문자,0x9EFE,0x9EFF,824,야,00 6C,2,e9ae2b,N,"행 추가/삭제 반영 재계산: 주황색 대화체 발화용 문자행, 패치 KANJI1 발화체 토큰."
991,제어,0x9F00,0x9F04,,,12 00 23 21 00,5,fce4d6,N,행 추가/삭제 반영 재계산: HL=0x9F00→0x9F05. 제어토큰 기존 바이트 유지.
992,문자,0x9F05,0x9F06,825,・,60 12,2,e2f0d9,N,행 추가/삭제 반영 재계산: PC-88 문장부호 토큰.
993,문자,0x9F07,0x9F08,826,・,60 12,2,e2f0d9,N,행 추가/삭제 반영 재계산: PC-88 문장부호 토큰.
994,문자,0x9F09,0x9F0A,827,？,90 12,2,e2f0d9,N,행 추가/삭제 반영 재계산: PC-88 문장부호 토큰.
995,문자,0x9F0B,0x9F0C,828,␠,18 12,2,e2f0d9,N,행 추가/삭제 반영 재계산: 전각 공백 토큰 18 12.
996,문자,0x9F0D,0x9F0E,829,나,B0 24,2,e9ae2b,N,"행 추가/삭제 반영 재계산: 주황색 대화체 발화용 문자행, 패치 KANJI1 발화체 토큰."
997,문자,0x9F0F,0x9F10,830,␠,18 12,2,e2f0d9,N,행 추가/삭제 반영 재계산: 전각 공백 토큰 18 12.
998,문자,0x9F11,0x9F12,831,때,80 30,2,e9ae2b,N,"행 추가/삭제 반영 재계산: 주황색 대화체 발화용 문자행, 패치 KANJI1 발화체 토큰."
999,문자,0x9F13,0x9F14,832,문,B0 37,2,e9ae2b,N,"행 추가/삭제 반영 재계산: 주황색 대화체 발화용 문자행, 패치 KANJI1 발화체 토큰."
1000,문자,0x9F15,0x9F16,833,에,40 9F,2,e9ae2b,N,"행 추가/삭제 반영 재계산: 주황색 대화체 발화용 문자행, 패치 KANJI1 발화체 토큰."
1001,문자,0x9F17,0x9F18,834,？,90 12,2,e2f0d9,N,행 추가/삭제 반영 재계산: PC-88 문장부호 토큰.
1002,문자,0x9F19,0x9F1A,835,␠,18 12,2,e2f0d9,N,행 추가/삭제 반영 재계산: 전각 공백 토큰 18 12.
1003,문자,0x9F1B,0x9F1C,836,・,60 12,2,e2f0d9,N,행 추가/삭제 반영 재계산: PC-88 문장부호 토큰.
1004,문자,0x9F1D,0x9F1E,837,・,60 12,2,e2f0d9,N,행 추가/삭제 반영 재계산: PC-88 문장부호 토큰.
1005,문자,0x9F1F,0x9F20,838,・,60 12,2,e2f0d9,N,행 추가/삭제 반영 재계산: PC-88 문장부호 토큰.
1006,문자,0x9F21,0x9F22,839,그,50 21,2,e9ae2b,N,"행 추가/삭제 반영 재계산: 주황색 대화체 발화용 문자행, 패치 KANJI1 발화체 토큰."
1007,문자,0x9F23,0x9F24,840,럼,70 31,2,e9ae2b,N,"행 추가/삭제 반영 재계산: 주황색 대화체 발화용 문자행, 패치 KANJI1 발화체 토큰."
1008,문자,0x9F25,0x9F26,841,・,60 12,2,e2f0d9,N,행 추가/삭제 반영 재계산: PC-88 문장부호 토큰.
1009,문자,0x9F27,0x9F28,842,・,60 12,2,e2f0d9,N,행 추가/삭제 반영 재계산: PC-88 문장부호 토큰.
1010,제어,0x9F29,0x9F2C,,,12 00 23 00,4,fce4d6,N,행 추가/삭제 반영 재계산: HL=0x9F29→0x9F2D. 제어토큰 기존 바이트 유지.
1011,문자,0x9F2D,0x9F2E,843,・,60 12,2,e2f0d9,N,행 추가/삭제 반영 재계산: PC-88 문장부호 토큰.
1012,문자,0x9F2F,0x9F30,844,␠,18 12,2,e2f0d9,N,행 추가/삭제 반영 재계산: 전각 공백 토큰 18 12.
1013,문자,0x9F31,0x9F32,845,정,F0 DF,2,e9ae2b,N,"행 추가/삭제 반영 재계산: 주황색 대화체 발화용 문자행, 패치 KANJI1 발화체 토큰."
1014,문자,0x9F33,0x9F34,846,말,F0 34,2,e9ae2b,N,"행 추가/삭제 반영 재계산: 주황색 대화체 발화용 문자행, 패치 KANJI1 발화체 토큰."
1015,문자,0x9F35,0x9F36,847,␠,18 12,2,e2f0d9,N,행 추가/삭제 반영 재계산: 전각 공백 토큰 18 12.
1016,문자,0x9F37,0x9F38,848,너,50 25,2,e9ae2b,N,"행 추가/삭제 반영 재계산: 주황색 대화체 발화용 문자행, 패치 KANJI1 발화체 토큰."
1017,문자,0x9F39,0x9F3A,849,와,E0 9F,2,e9ae2b,N,"행 추가/삭제 반영 재계산: 주황색 대화체 발화용 문자행, 패치 KANJI1 발화체 토큰."
1018,문자,0x9F3B,0x9F3C,850,␠,18 12,2,e2f0d9,N,행 추가/삭제 반영 재계산: 전각 공백 토큰 18 12.
1019,문자,0x9F3D,0x9F3E,851,친,B0 E1,2,e9ae2b,N,"행 추가/삭제 반영 재계산: 주황색 대화체 발화용 문자행, 패치 KANJI1 발화체 토큰."
1020,문자,0x9F3F,0x9F40,852,구,00 21,2,e9ae2b,N,"행 추가/삭제 반영 재계산: 주황색 대화체 발화용 문자행, 패치 KANJI1 발화체 토큰."
1021,문자,0x9F41,0x9F42,853,가,A0 17,2,e9ae2b,N,"행 추가/삭제 반영 재계산: 주황색 대화체 발화용 문자행, 패치 KANJI1 발화체 토큰."
1022,문자,0x9F43,0x9F44,854,␠,18 12,2,e2f0d9,N,행 추가/삭제 반영 재계산: 전각 공백 토큰 18 12.
1023,문자,0x9F45,0x9F46,855,된,90 2E,2,e9ae2b,N,"행 추가/삭제 반영 재계산: 주황색 대화체 발화용 문자행, 패치 KANJI1 발화체 토큰."
1024,문자,0x9F47,0x9F48,856,␠,18 12,2,e2f0d9,N,행 추가/삭제 반영 재계산: 전각 공백 토큰 18 12.
1025,문자,0x9F49,0x9F4A,857,걸,C0 1D,2,e9ae2b,N,"행 추가/삭제 반영 재계산: 주황색 대화체 발화용 문자행, 패치 KANJI1 발화체 토큰."
1026,문자,0x9F4B,0x9F4C,858,까,F0 21,2,e9ae2b,N,"행 추가/삭제 반영 재계산: 주황색 대화체 발화용 문자행, 패치 KANJI1 발화체 토큰."
1027,문자,0x9F4D,0x9F4E,859,、,20 12,2,e2f0d9,N,행 추가/삭제 반영 재계산: PC-88 문장부호 토큰.
1028,제어,0x9F4F,0x9F52,,,12 00 21 00,4,fce4d6,N,행 추가/삭제 반영 재계산: HL=0x9F4F→0x9F53. 제어토큰 기존 바이트 유지.
1029,문자,0x9F53,0x9F54,860,나,B0 24,2,e9ae2b,N,"행 추가/삭제 반영 재계산: 주황색 대화체 발화용 문자행, 패치 KANJI1 발화체 토큰."
1030,문자,0x9F55,0x9F56,861,・,60 12,2,e2f0d9,N,행 추가/삭제 반영 재계산: PC-88 문장부호 토큰.
1031,문자,0x9F57,0x9F58,862,・,60 12,2,e2f0d9,N,행 추가/삭제 반영 재계산: PC-88 문장부호 토큰.
1032,문자,0x9F59,0x9F5A,863,・,60 12,2,e2f0d9,N,행 추가/삭제 반영 재계산: PC-88 문장부호 토큰.
1033,제어,0x9F5B,0x9F5D,,,19 00 7E,3,fce4d6,N,행 추가/삭제 반영 재계산: HL=0x9F5B→0x9F5E. 제어토큰 기존 바이트 유지.
1034,제어,0x9F5E,0x9F5F,,,15 00,2,fce4d6,N,행 추가/삭제 반영 재계산: HL=0x9F5E→0x9F60. 제어토큰 기존 바이트 유지.
1035,제어,0x9F60,0x9F61,,,17 00,2,fce4d6,N,행 추가/삭제 반영 재계산: HL=0x9F60→0x9F62. 제어토큰 기존 바이트 유지.
1036,제어,0x9F62,0x9F64,,,1A 00 04,3,fce4d6,N,행 추가/삭제 반영 재계산: HL=0x9F62→0x9F65. 제어토큰 기존 바이트 유지.
1037,제어,0x9F65,0x9F66,,,16 00,2,fce4d6,N,행 추가/삭제 반영 재계산: HL=0x9F65→0x9F67. 제어토큰 기존 바이트 유지.
1038,문자,0x9F67,0x9F68,864,응,70 DE,2,e9ae2b,N,"행 추가/삭제 반영 재계산: 주황색 대화체 발화용 문자행, 패치 KANJI1 발화체 토큰."
1039,문자,0x9F69,0x9F6A,865,・,60 12,2,e2f0d9,N,행 추가/삭제 반영 재계산: PC-88 문장부호 토큰.
1040,문자,0x9F6B,0x9F6C,866,・,60 12,2,e2f0d9,N,행 추가/삭제 반영 재계산: PC-88 문장부호 토큰.
1041,제어,0x9F6D,0x9F70,,,12 00 23 00,4,fce4d6,N,행 추가/삭제 반영 재계산: HL=0x9F6D→0x9F71. 제어토큰 기존 바이트 유지.
1042,문자,0x9F71,0x9F72,867,・,60 12,2,e2f0d9,N,행 추가/삭제 반영 재계산: PC-88 문장부호 토큰.
1043,문자,0x9F73,0x9F74,868,␠,18 12,2,e2f0d9,N,행 추가/삭제 반영 재계산: 전각 공백 토큰 18 12.
1044,문자,0x9F75,0x9F76,869,그,50 21,2,e9ae2b,N,"행 추가/삭제 반영 재계산: 주황색 대화체 발화용 문자행, 패치 KANJI1 발화체 토큰."
1045,문자,0x9F77,0x9F78,870,래,30 31,2,e9ae2b,N,"행 추가/삭제 반영 재계산: 주황색 대화체 발화용 문자행, 패치 KANJI1 발화체 토큰."
1046,문자,0x9F79,0x9F7A,871,・,60 12,2,e2f0d9,N,행 추가/삭제 반영 재계산: PC-88 문장부호 토큰.
1047,문자,0x9F7B,0x9F7C,872,・,60 12,2,e2f0d9,N,행 추가/삭제 반영 재계산: PC-88 문장부호 토큰.
1048,문자,0x9F7D,0x9F7E,873,・,60 12,2,e2f0d9,N,행 추가/삭제 반영 재계산: PC-88 문장부호 토큰.
1049,문자,0x9F7F,0x9F80,874,!,A0 12,2,e2f0d9,N,행 추가/삭제 반영 재계산: PC-88 문장부호 토큰.
1050,제어,0x9F81,0x9F84,,,12 00 21 00,4,fce4d6,N,행 추가/삭제 반영 재계산: HL=0x9F81→0x9F85. 제어토큰 기존 바이트 유지.
1051,제어,0x9F85,0x9F87,,,19 00 7D,3,fce4d6,N,행 추가/삭제 반영 재계산: HL=0x9F85→0x9F88. 제어토큰 기존 바이트 유지.
1052,제어,0x9F88,0x9F89,,,15 00,2,fce4d6,N,행 추가/삭제 반영 재계산: HL=0x9F88→0x9F8A. 제어토큰 기존 바이트 유지.
1053,제어,0x9F8A,0x9F8B,,,17 00,2,fce4d6,N,행 추가/삭제 반영 재계산: HL=0x9F8A→0x9F8C. 제어토큰 기존 바이트 유지.
1054,제어,0x9F8C,0x9F8E,,,1A 00 04,3,fce4d6,N,행 추가/삭제 반영 재계산: HL=0x9F8C→0x9F8F. 제어토큰 기존 바이트 유지.
1055,제어,0x9F8F,0x9F90,,,16 00,2,fce4d6,N,행 추가/삭제 반영 재계산: HL=0x9F8F→0x9F91. 제어토큰 기존 바이트 유지.
1056,제어,0x9F91,0x9F93,,,1B 00 80,3,fce4d6,N,행 추가/삭제 반영 재계산: HL=0x9F91→0x9F94. 제어토큰 기존 바이트 유지.
1057,제어,0x9F94,0x9F95,,,10 11,2,fce4d6,N,행 추가/삭제 반영 재계산: HL=0x9F94→0x9F96. 제어토큰 기존 바이트 유지.
1058,제어,0x9F96,0x9F97,,,10 11,2,fce4d6,N,행 추가/삭제 반영 재계산: HL=0x9F96→0x9F98. 제어토큰 기존 바이트 유지.
1059,제어,0x9F98,0x9F9B,,,12 00 23 00,4,fce4d6,N,행 추가/삭제 반영 재계산: HL=0x9F98→0x9F9C. 제어토큰 기존 바이트 유지.
1060,문자,0x9F9C,0x9F9D,875,고,80 20,2,e9ae2b,N,"행 추가/삭제 반영 재계산: 주황색 대화체 발화용 문자행, 패치 KANJI1 발화체 토큰."
1061,문자,0x9F9E,0x9F9F,876,마,B0 34,2,e9ae2b,N,"행 추가/삭제 반영 재계산: 주황색 대화체 발화용 문자행, 패치 KANJI1 발화체 토큰."
1062,문자,0x9FA0,0x9FA1,877,워,F0 D7,2,e9ae2b,N,"행 추가/삭제 반영 재계산: 주황색 대화체 발화용 문자행, 패치 KANJI1 발화체 토큰."
1063,제어,0x9FA2,0x9FA5,,,12 00 23 00,4,fce4d6,N,행 추가/삭제 반영 재계산: HL=0x9FA2→0x9FA6. 제어토큰 기존 바이트 유지.
1064,문자,0x9FA6,0x9FA7,878,・,60 12,2,e2f0d9,N,행 추가/삭제 반영 재계산: PC-88 문장부호 토큰.
1065,문자,0x9FA8,0x9FA9,879,・,60 12,2,e2f0d9,N,행 추가/삭제 반영 재계산: PC-88 문장부호 토큰.
1066,문자,0x9FAA,0x9FAB,880,・,60 12,2,e2f0d9,N,행 추가/삭제 반영 재계산: PC-88 문장부호 토큰.
1067,제어,0x9FAC,0x9FAE,,,12 00 20,3,fce4d6,N,행 추가/삭제 반영 재계산: HL=0x9FAC→0x9FAF. 제어토큰 기존 바이트 유지.
1068,문자,0x9FAF,0x9FB0,881,␠,18 12,2,e2f0d9,N,행 추가/삭제 반영 재계산: 전각 공백 토큰 18 12.
1069,문자,0x9FB1,0x9FB2,882,점,D0 DF,2,e9ae2b,N,"행 추가/삭제 반영 재계산: 주황색 대화체 발화용 문자행, 패치 KANJI1 발화체 토큰."
1070,문자,0x9FB3,0x9FB4,883,점,D0 DF,2,e9ae2b,N,"행 추가/삭제 반영 재계산: 주황색 대화체 발화용 문자행, 패치 KANJI1 발화체 토큰."
1071,문자,0x9FB5,0x9FB6,884,␠,18 12,2,e2f0d9,N,행 추가/삭제 반영 재계산: 전각 공백 토큰 18 12.
1072,문자,0x9FB7,0x9FB8,885,어,00 70,2,e9ae2b,N,"행 추가/삭제 반영 재계산: 주황색 대화체 발화용 문자행, 패치 KANJI1 발화체 토큰."
1073,문자,0x9FB9,0x9FBA,886,두,B0 2E,2,e9ae2b,N,"행 추가/삭제 반영 재계산: 주황색 대화체 발화용 문자행, 패치 KANJI1 발화체 토큰."
1074,문자,0x9FBB,0x9FBC,887,워,F0 D7,2,e9ae2b,N,"행 추가/삭제 반영 재계산: 주황색 대화체 발화용 문자행, 패치 KANJI1 발화체 토큰."
1075,문자,0x9FBD,0x9FBE,888,져,F0 E7,2,e9ae2b,N,"행 추가/삭제 반영 재계산: 주황색 대화체 발화용 문자행, 패치 KANJI1 발화체 토큰."
1076,문자,0x9FBF,0x9FC0,889,・,60 12,2,e2f0d9,N,행 추가/삭제 반영 재계산: PC-88 문장부호 토큰.
1077,문자,0x9FC1,0x9FC2,890,・,60 12,2,e2f0d9,N,행 추가/삭제 반영 재계산: PC-88 문장부호 토큰.
1078,문자,0x9FC3,0x9FC4,891,・,60 12,2,e2f0d9,N,행 추가/삭제 반영 재계산: PC-88 문장부호 토큰.
1079,제어,0x9FC5,0x9FC8,,,12 00 23 00,4,fce4d6,N,행 추가/삭제 반영 재계산: HL=0x9FC5→0x9FC9. 제어토큰 기존 바이트 유지.
1080,문자,0x9FC9,0x9FCA,892,␠,18 12,2,e2f0d9,N,행 추가/삭제 반영 재계산: 전각 공백 토큰 18 12.
1081,문자,0x9FCB,0x9FCC,893,이,90 DE,2,e9ae2b,N,"행 추가/삭제 반영 재계산: 주황색 대화체 발화용 문자행, 패치 KANJI1 발화체 토큰."
1082,문자,0x9FCD,0x9FCE,894,제,F0 E3,2,e9ae2b,N,"행 추가/삭제 반영 재계산: 주황색 대화체 발화용 문자행, 패치 KANJI1 발화체 토큰."
1083,문자,0x9FCF,0x9FD0,895,・,60 12,2,e2f0d9,N,행 추가/삭제 반영 재계산: PC-88 문장부호 토큰.
1084,문자,0x9FD1,0x9FD2,896,・,60 12,2,e2f0d9,N,행 추가/삭제 반영 재계산: PC-88 문장부호 토큰.
1085,문자,0x9FD3,0x9FD4,897,・,60 12,2,e2f0d9,N,행 추가/삭제 반영 재계산: PC-88 문장부호 토큰.
1086,제어,0x9FD5,0x9FD7,,,12 00 20,3,fce4d6,N,행 추가/삭제 반영 재계산: HL=0x9FD5→0x9FD8. 제어토큰 기존 바이트 유지.
1087,문자,0x9FD8,0x9FD9,898,␠,18 12,2,e2f0d9,N,행 추가/삭제 반영 재계산: 전각 공백 토큰 18 12.
1088,문자,0x9FDA,0x9FDB,899,잘,40 DF,2,e9ae2b,N,"행 추가/삭제 반영 재계산: 주황색 대화체 발화용 문자행, 패치 KANJI1 발화체 토큰."
1089,문자,0x9FDC,0x9FDD,900,、,20 12,2,e2f0d9,N,행 추가/삭제 반영 재계산: PC-88 문장부호 토큰.
1090,문자,0x9FDE,0x9FDF,901,안,00 5A,2,e9ae2b,N,"행 추가/삭제 반영 재계산: 주황색 대화체 발화용 문자행, 패치 KANJI1 발화체 토큰."
1091,문자,0x9FE0,0x9FE1,902,␠,18 12,2,e2f0d9,N,행 추가/삭제 반영 재계산: 전각 공백 토큰 18 12.
1092,문자,0x9FE2,0x9FE3,903,보,B0 3B,2,e9ae2b,N,"행 추가/삭제 반영 재계산: 주황색 대화체 발화용 문자행, 패치 KANJI1 발화체 토큰."
1093,문자,0x9FE4,0x9FE5,904,여,50 9F,2,e9ae2b,N,"행 추가/삭제 반영 재계산: 주황색 대화체 발화용 문자행, 패치 KANJI1 발화체 토큰."
1094,문자,0x9FE6,0x9FE7,905,・,60 12,2,e2f0d9,N,행 추가/삭제 반영 재계산: PC-88 문장부호 토큰.
1095,문자,0x9FE8,0x9FE9,906,・,60 12,2,e2f0d9,N,행 추가/삭제 반영 재계산: PC-88 문장부호 토큰.
1096,문자,0x9FEA,0x9FEB,907,・,60 12,2,e2f0d9,N,행 추가/삭제 반영 재계산: PC-88 문장부호 토큰.
1097,문자,0x9FEC,0x9FED,908,␠,18 12,2,e2f0d9,N,행 추가/삭제 반영 재계산: 전각 공백 토큰 18 12.
1098,문자,0x9FEE,0x9FEF,909,잘,40 DF,2,e9ae2b,N,"행 추가/삭제 반영 재계산: 주황색 대화체 발화용 문자행, 패치 KANJI1 발화체 토큰."
1099,문자,0x9FF0,0x9FF1,910,␠,18 12,2,e2f0d9,N,행 추가/삭제 반영 재계산: 전각 공백 토큰 18 12.
1100,문자,0x9FF2,0x9FF3,911,있,F0 DE,2,e9ae2b,N,"행 추가/삭제 반영 재계산: 주황색 대화체 발화용 문자행, 패치 KANJI1 발화체 토큰."
1101,문자,0x9FF4,0x9FF5,912,어,00 70,2,e9ae2b,N,"행 추가/삭제 반영 재계산: 주황색 대화체 발화용 문자행, 패치 KANJI1 발화체 토큰."
1102,문자,0x9FF6,0x9FF7,913,・,60 12,2,e2f0d9,N,행 추가/삭제 반영 재계산: PC-88 문장부호 토큰.
1103,문자,0x9FF8,0x9FF9,914,・,60 12,2,e2f0d9,N,행 추가/삭제 반영 재계산: PC-88 문장부호 토큰.
1104,문자,0x9FFA,0x9FFB,915,・,60 12,2,e2f0d9,N,행 추가/삭제 반영 재계산: PC-88 문장부호 토큰.
1105,제어,0x9FFC,0x9FFF,,,12 00 23 00,4,fce4d6,N,행 추가/삭제 반영 재계산: HL=0x9FFC→0xA000. 제어토큰 기존 바이트 유지.
1106,문자,0xA000,0xA001,916,␠,18 12,2,e2f0d9,N,행 추가/삭제 반영 재계산: 전각 공백 토큰 18 12.
1107,문자,0xA002,0xA003,917,유,20 DE,2,e9ae2b,N,"행 추가/삭제 반영 재계산: 주황색 대화체 발화용 문자행, 패치 KANJI1 발화체 토큰."
1108,문자,0xA004,0xA005,918,코,10 E2,2,e9ae2b,N,"행 추가/삭제 반영 재계산: 주황색 대화체 발화용 문자행, 패치 KANJI1 발화체 토큰."
1109,문자,0xA006,0xA007,919,・,60 12,2,e2f0d9,N,행 추가/삭제 반영 재계산: PC-88 문장부호 토큰.
1110,문자,0xA008,0xA009,920,・,60 12,2,e2f0d9,N,행 추가/삭제 반영 재계산: PC-88 문장부호 토큰.
1111,문자,0xA00A,0xA00B,921,・,60 12,2,e2f0d9,N,행 추가/삭제 반영 재계산: PC-88 문장부호 토큰.
1112,제어,0xA00C,0xA00E,,,19 00 7E,3,fce4d6,N,행 추가/삭제 반영 재계산: HL=0xA00C→0xA00F. 제어토큰 기존 바이트 유지.
1113,제어,0xA00F,0xA010,,,15 00,2,fce4d6,N,행 추가/삭제 반영 재계산: HL=0xA00F→0xA011. 제어토큰 기존 바이트 유지.
1114,제어,0xA011,0xA012,,,17 00,2,fce4d6,N,행 추가/삭제 반영 재계산: HL=0xA011→0xA013. 제어토큰 기존 바이트 유지.
1115,제어,0xA013,0xA015,,,1A 00 04,3,fce4d6,N,행 추가/삭제 반영 재계산: HL=0xA013→0xA016. 제어토큰 기존 바이트 유지.
1116,제어,0xA016,0xA017,,,16 00,2,fce4d6,N,행 추가/삭제 반영 재계산: HL=0xA016→0xA018. 제어토큰 기존 바이트 유지.
1117,제어,0xA018,0xA01C,,,12 00 23 21 00,5,fce4d6,N,행 추가/삭제 반영 재계산: HL=0xA018→0xA01D. 제어토큰 기존 바이트 유지.
1118,문자,0xA01D,0xA021,922,레,A1 31 34 31 00,5,c75252,Y,빨강색 수동 입력 문자행: 사용자 입력 바이트값 유지. 주소/슬롯만 재지정하고 패치에는 보존값 그대로 적용.
1119,문자,0xA022,0xA026,923,이,91 DE 34 31 00,5,c75252,Y,빨강색 수동 입력 문자행: 사용자 입력 바이트값 유지. 주소/슬롯만 재지정하고 패치에는 보존값 그대로 적용.
1120,문자,0xA027,0xA02B,924,코,11 E2 34 31 00,5,c75252,Y,빨강색 수동 입력 문자행: 사용자 입력 바이트값 유지. 주소/슬롯만 재지정하고 패치에는 보존값 그대로 적용.
1121,문자,0xA02C,0xA02D,925,！,A0 12,2,e2f0d9,N,행 추가/삭제 반영 재계산: PC-88 문장부호 토큰.
1122,문자,0xA02E,0xA02F,926,␠,18 12,2,e2f0d9,N,행 추가/삭제 반영 재계산: 전각 공백 토큰 18 12.
1123,문자,0xA030,0xA031,927,・,60 12,2,e2f0d9,N,행 추가/삭제 반영 재계산: PC-88 문장부호 토큰.
1124,제어,0xA032,0xA036,,,12 00 23 21 00,5,fce4d6,N,행 추가/삭제 반영 재계산: HL=0xA032→0xA037. 제어토큰 기존 바이트 유지.
1125,문자,0xA037,0xA038,928,・,60 12,2,e2f0d9,N,행 추가/삭제 반영 재계산: PC-88 문장부호 토큰.
1126,제어,0xA039,0xA03D,,,12 00 23 21 00,5,fce4d6,N,행 추가/삭제 반영 재계산: HL=0xA039→0xA03E. 제어토큰 기존 바이트 유지.
1127,문자,0xA03E,0xA03F,929,・,60 12,2,e2f0d9,N,행 추가/삭제 반영 재계산: PC-88 문장부호 토큰.
1128,문자,0xA040,0xA044,930,레,A1 31 34 31 00,5,c75252,Y,빨강색 수동 입력 문자행: 사용자 입력 바이트값 유지. 주소/슬롯만 재지정하고 패치에는 보존값 그대로 적용.
1129,문자,0xA045,0xA049,931,이,91 DE 34 35 00,5,c75252,Y,빨강색 수동 입력 문자행: 사용자 입력 바이트값 유지. 주소/슬롯만 재지정하고 패치에는 보존값 그대로 적용.
1130,문자,0xA04A,0xA04B,932,・,60 12,2,e2f0d9,N,행 추가/삭제 반영 재계산: PC-88 문장부호 토큰.
1131,문자,0xA04C,0xA04D,933,・,60 12,2,e2f0d9,N,행 추가/삭제 반영 재계산: PC-88 문장부호 토큰.
1132,문자,0xA04E,0xA04F,934,・,60 12,2,e2f0d9,N,행 추가/삭제 반영 재계산: PC-88 문장부호 토큰.
1133,문자,0xA050,0xA051,935,！,A0 12,2,e2f0d9,N,행 추가/삭제 반영 재계산: PC-88 문장부호 토큰.
1134,제어,0xA052,0xA055,,,12 00 12 50,4,fce4d6,N,행 추가/삭제 반영 재계산: HL=0xA052→0xA056. 제어토큰 기존 바이트 유지.
1135,문자,0xA056,0xA057,936,・,60 12,2,e2f0d9,N,행 추가/삭제 반영 재계산: PC-88 문장부호 토큰.
1136,문자,0xA058,0xA059,937,・,60 12,2,e2f0d9,N,행 추가/삭제 반영 재계산: PC-88 문장부호 토큰.
1137,문자,0xA05A,0xA05B,938,・,60 12,2,e2f0d9,N,행 추가/삭제 반영 재계산: PC-88 문장부호 토큰.
1138,제어,0xA05C,0xA05D,,,15 00,2,fce4d6,N,행 추가/삭제 반영 재계산: HL=0xA05C→0xA05E. 제어토큰 기존 바이트 유지.
1139,문자,0xA05E,0xA05F,939,왜,F8 C5,2,e2f0d9,N,"행 추가/삭제 반영 재계산: 일반 문자행, 같은 glyph base 유지 + 첫 바이트 OR 08h."
1140,문자,0xA060,0xA061,940,・,60 12,2,e2f0d9,N,행 추가/삭제 반영 재계산: PC-88 문장부호 토큰.
1141,문자,0xA062,0xA063,941,・,60 12,2,e2f0d9,N,행 추가/삭제 반영 재계산: PC-88 문장부호 토큰.
1142,문자,0xA064,0xA065,942,・,60 12,2,e2f0d9,N,행 추가/삭제 반영 재계산: PC-88 문장부호 토큰.
1143,문자,0xA066,0xA067,943,␠,18 12,2,e2f0d9,N,행 추가/삭제 반영 재계산: 전각 공백 토큰 18 12.
1144,문자,0xA068,0xA069,944,네,98 25,2,e2f0d9,N,"행 추가/삭제 반영 재계산: 일반 문자행, 같은 glyph base 유지 + 첫 바이트 OR 08h."
1145,문자,0xA06A,0xA06B,945,가,A8 17,2,e2f0d9,N,"행 추가/삭제 반영 재계산: 일반 문자행, 같은 glyph base 유지 + 첫 바이트 OR 08h."
1146,문자,0xA06C,0xA06D,946,␠,18 12,2,e2f0d9,N,행 추가/삭제 반영 재계산: 전각 공백 토큰 18 12.
1147,문자,0xA06E,0xA06F,947,죽,F8 F7,2,e2f0d9,N,"행 추가/삭제 반영 재계산: 일반 문자행, 같은 glyph base 유지 + 첫 바이트 OR 08h."
1148,문자,0xA070,0xA071,948,어,08 70,2,e2f0d9,N,"행 추가/삭제 반영 재계산: 일반 문자행, 같은 glyph base 유지 + 첫 바이트 OR 08h."
1149,문자,0xA072,0xA073,949,야,08 6C,2,e2f0d9,N,"행 추가/삭제 반영 재계산: 일반 문자행, 같은 glyph base 유지 + 첫 바이트 OR 08h."
1150,문자,0xA074,0xA075,950,만,D8 34,2,e2f0d9,N,"행 추가/삭제 반영 재계산: 일반 문자행, 같은 glyph base 유지 + 첫 바이트 OR 08h."
1151,문자,0xA076,0xA077,951,・,60 12,2,e2f0d9,N,행 추가/삭제 반영 재계산: PC-88 문장부호 토큰.
1152,문자,0xA078,0xA079,952,・,60 12,2,e2f0d9,N,행 추가/삭제 반영 재계산: PC-88 문장부호 토큰.
1153,문자,0xA07A,0xA07B,953,・,60 12,2,e2f0d9,N,행 추가/삭제 반영 재계산: PC-88 문장부호 토큰.
1154,문자,0xA07C,0xA07D,954,␠,18 12,2,e2f0d9,N,행 추가/삭제 반영 재계산: 전각 공백 토큰 18 12.
1155,문자,0xA07E,0xA07F,955,하,58 E3,2,e2f0d9,N,"행 추가/삭제 반영 재계산: 일반 문자행, 같은 glyph base 유지 + 첫 바이트 OR 08h."
1156,문자,0xA080,0xA081,956,는,E8 25,2,e2f0d9,N,"행 추가/삭제 반영 재계산: 일반 문자행, 같은 glyph base 유지 + 첫 바이트 OR 08h."
1157,문자,0xA082,0xA083,957,␠,18 12,2,e2f0d9,N,행 추가/삭제 반영 재계산: 전각 공백 토큰 18 12.
1158,문자,0xA084,0xA085,958,건,B8 1D,2,e2f0d9,N,"행 추가/삭제 반영 재계산: 일반 문자행, 같은 glyph base 유지 + 첫 바이트 OR 08h."
1159,문자,0xA086,0xA087,959,데,F8 2D,2,e2f0d9,N,"행 추가/삭제 반영 재계산: 일반 문자행, 같은 glyph base 유지 + 첫 바이트 OR 08h."
1160,문자,0xA088,0xA089,960,！,A0 12,2,e2f0d9,N,행 추가/삭제 반영 재계산: PC-88 문장부호 토큰.
1161,제어,0xA08A,0xA08B,,,15 00,2,fce4d6,N,행 추가/삭제 반영 재계산: HL=0xA08A→0xA08C. 제어토큰 기존 바이트 유지.
1162,문자,0xA08C,0xA08D,961,！,A0 12,2,e2f0d9,N,행 추가/삭제 반영 재계산: PC-88 문장부호 토큰.
1163,제어,0xA08E,0xA091,,,12 00 24 00,4,fce4d6,N,행 추가/삭제 반영 재계산: HL=0xA08E→0xA092. 제어토큰 기존 바이트 유지.
1164,문자,0xA092,0xA093,962,！,A0 12,2,e2f0d9,N,행 추가/삭제 반영 재계산: PC-88 문장부호 토큰.
1165,제어,0xA094,0xA096,,,19 00 68,3,fce4d6,N,행 추가/삭제 반영 재계산: HL=0xA094→0xA097. 제어토큰 기존 바이트 유지.
1166,제어,0xA097,0xA098,,,15 00,2,fce4d6,N,행 추가/삭제 반영 재계산: HL=0xA097→0xA099. 제어토큰 기존 바이트 유지.
1167,제어,0xA099,0xA09A,,,17 00,2,fce4d6,N,행 추가/삭제 반영 재계산: HL=0xA099→0xA09B. 제어토큰 기존 바이트 유지.
1168,제어,0xA09B,0xA09D,,,1A 00 03,3,fce4d6,N,행 추가/삭제 반영 재계산: HL=0xA09B→0xA09E. 제어토큰 기존 바이트 유지.
1169,제어,0xA09E,0xA09F,,,16 00,2,fce4d6,N,행 추가/삭제 반영 재계산: HL=0xA09E→0xA0A0. 제어토큰 기존 바이트 유지.
1170,문자,0xA0A0,0xA0A1,963,흐,08 E5,2,e2f0d9,N,"행 추가/삭제 반영 재계산: 일반 문자행, 같은 glyph base 유지 + 첫 바이트 OR 08h."
1171,문자,0xA0A2,0xA0A3,964,하,58 E3,2,e2f0d9,N,"행 추가/삭제 반영 재계산: 일반 문자행, 같은 glyph base 유지 + 첫 바이트 OR 08h."
1172,문자,0xA0A4,0xA0A5,965,하,58 E3,2,e2f0d9,N,"행 추가/삭제 반영 재계산: 일반 문자행, 같은 glyph base 유지 + 첫 바이트 OR 08h."
1173,문자,0xA0A6,0xA0A7,966,하,58 E3,2,e2f0d9,N,"행 추가/삭제 반영 재계산: 일반 문자행, 같은 glyph base 유지 + 첫 바이트 OR 08h."
1174,문자,0xA0A8,0xA0A9,967,・,60 12,2,e2f0d9,N,행 추가/삭제 반영 재계산: PC-88 문장부호 토큰.
1175,문자,0xA0AA,0xA0AB,968,・,60 12,2,e2f0d9,N,행 추가/삭제 반영 재계산: PC-88 문장부호 토큰.
1176,문자,0xA0AC,0xA0AD,969,・,60 12,2,e2f0d9,N,행 추가/삭제 반영 재계산: PC-88 문장부호 토큰.
1177,문자,0xA0AE,0xA0AF,970,␠,18 12,2,e2f0d9,N,행 추가/삭제 반영 재계산: 전각 공백 토큰 18 12.
1178,문자,0xA0B0,0xA0B1,971,어,08 70,2,e2f0d9,N,"행 추가/삭제 반영 재계산: 일반 문자행, 같은 glyph base 유지 + 첫 바이트 OR 08h."
1179,문자,0xA0B2,0xA0B3,972,리,78 34,2,e2f0d9,N,"행 추가/삭제 반영 재계산: 일반 문자행, 같은 glyph base 유지 + 첫 바이트 OR 08h."
1180,문자,0xA0B4,0xA0B5,973,석,68 3D,2,e2f0d9,N,"행 추가/삭제 반영 재계산: 일반 문자행, 같은 glyph base 유지 + 첫 바이트 OR 08h."
1181,문자,0xA0B6,0xA0B7,974,은,48 DE,2,e2f0d9,N,"행 추가/삭제 반영 재계산: 일반 문자행, 같은 glyph base 유지 + 첫 바이트 OR 08h."
1182,문자,0xA0B8,0xA0B9,975,␠,18 12,2,e2f0d9,N,행 추가/삭제 반영 재계산: 전각 공백 토큰 18 12.
1183,문자,0xA0BA,0xA0BB,976,것,F8 1D,2,e2f0d9,N,"행 추가/삭제 반영 재계산: 일반 문자행, 같은 glyph base 유지 + 첫 바이트 OR 08h."
1184,문자,0xA0BC,0xA0BD,977,、,20 12,2,e2f0d9,N,행 추가/삭제 반영 재계산: PC-88 문장부호 토큰.
1185,문자,0xA0BE,0xA0BF,978,정,F8 DF,2,e2f0d9,N,"행 추가/삭제 반영 재계산: 일반 문자행, 같은 glyph base 유지 + 첫 바이트 OR 08h."
1186,문자,0xA0C0,0xA0C1,979,␠,18 12,2,e2f0d9,N,행 추가/삭제 반영 재계산: 전각 공백 토큰 18 12.
1187,문자,0xA0C2,0xA0C3,980,따,48 30,2,e2f0d9,N,"행 추가/삭제 반영 재계산: 일반 문자행, 같은 glyph base 유지 + 첫 바이트 OR 08h."
1188,문자,0xA0C4,0xA0C5,981,위,08 DE,2,e2f0d9,N,"행 추가/삭제 반영 재계산: 일반 문자행, 같은 glyph base 유지 + 첫 바이트 OR 08h."
1189,문자,0xA0C6,0xA0C7,982,에,48 9F,2,e2f0d9,N,"행 추가/삭제 반영 재계산: 일반 문자행, 같은 glyph base 유지 + 첫 바이트 OR 08h."
1190,문자,0xA0C8,0xA0C9,983,␠,18 12,2,e2f0d9,N,행 추가/삭제 반영 재계산: 전각 공백 토큰 18 12.
1191,문자,0xA0CA,0xA0CB,984,얽,08 7A,2,e2f0d9,N,"행 추가/삭제 반영 재계산: 일반 문자행, 같은 glyph base 유지 + 첫 바이트 OR 08h."
1192,문자,0xA0CC,0xA0CD,985,매,38 35,2,e2f0d9,N,"행 추가/삭제 반영 재계산: 일반 문자행, 같은 glyph base 유지 + 첫 바이트 OR 08h."
1193,문자,0xA0CE,0xA0CF,986,이,98 DE,2,e2f0d9,N,"행 추가/삭제 반영 재계산: 일반 문자행, 같은 glyph base 유지 + 첫 바이트 OR 08h."
1194,문자,0xA0D0,0xA0D1,987,다,C8 27,2,e2f0d9,N,"행 추가/삭제 반영 재계산: 일반 문자행, 같은 glyph base 유지 + 첫 바이트 OR 08h."
1195,문자,0xA0D2,0xA0D3,988,니,F8 25,2,e2f0d9,N,"행 추가/삭제 반영 재계산: 일반 문자행, 같은 glyph base 유지 + 첫 바이트 OR 08h."
1196,문자,0xA0D4,0xA0D5,989,。,30 12,2,e2f0d9,N,행 추가/삭제 반영 재계산: PC-88 문장부호 토큰.
1197,문자,0xA0D6,0xA0D7,990,어,08 70,2,e2f0d9,N,"행 추가/삭제 반영 재계산: 일반 문자행, 같은 glyph base 유지 + 첫 바이트 OR 08h."
1198,문자,0xA0D8,0xA0D9,991,설,88 3D,2,e2f0d9,N,"행 추가/삭제 반영 재계산: 일반 문자행, 같은 glyph base 유지 + 첫 바이트 OR 08h."
1199,문자,0xA0DA,0xA0DB,992,프,18 E3,2,e2f0d9,N,"행 추가/삭제 반영 재계산: 일반 문자행, 같은 glyph base 유지 + 첫 바이트 OR 08h."
1200,문자,0xA0DC,0xA0DD,993,게,08 20,2,e2f0d9,N,"행 추가/삭제 반영 재계산: 일반 문자행, 같은 glyph base 유지 + 첫 바이트 OR 08h."
1201,문자,0xA0DE,0xA0DF,994,␠,18 12,2,e2f0d9,N,행 추가/삭제 반영 재계산: 전각 공백 토큰 18 12.
1202,문자,0xA0E0,0xA0E1,995,베,98 3B,2,e2f0d9,N,"행 추가/삭제 반영 재계산: 일반 문자행, 같은 glyph base 유지 + 첫 바이트 OR 08h."
1203,문자,0xA0E2,0xA0E3,996,니,F8 25,2,e2f0d9,N,"행 추가/삭제 반영 재계산: 일반 문자행, 같은 glyph base 유지 + 첫 바이트 OR 08h."
1204,문자,0xA0E4,0xA0E5,997,티,D8 E2,2,e2f0d9,N,"행 추가/삭제 반영 재계산: 일반 문자행, 같은 glyph base 유지 + 첫 바이트 OR 08h."
1205,문자,0xA0E6,0xA0E7,998,의,88 DE,2,e2f0d9,N,"행 추가/삭제 반영 재계산: 일반 문자행, 같은 glyph base 유지 + 첫 바이트 OR 08h."
1206,문자,0xA0E8,0xA0E9,999,␠,18 12,2,e2f0d9,N,행 추가/삭제 반영 재계산: 전각 공백 토큰 18 12.
1207,문자,0xA0EA,0xA0EB,1000,마,B8 34,2,e2f0d9,N,"행 추가/삭제 반영 재계산: 일반 문자행, 같은 glyph base 유지 + 첫 바이트 OR 08h."
1208,문자,0xA0EC,0xA0ED,1001,음,68 DE,2,e2f0d9,N,"행 추가/삭제 반영 재계산: 일반 문자행, 같은 glyph base 유지 + 첫 바이트 OR 08h."
1209,문자,0xA0EE,0xA0EF,1002,␠,18 12,2,e2f0d9,N,행 추가/삭제 반영 재계산: 전각 공백 토큰 18 12.
1210,문자,0xA0F0,0xA0F1,1003,따,48 30,2,e2f0d9,N,"행 추가/삭제 반영 재계산: 일반 문자행, 같은 glyph base 유지 + 첫 바이트 OR 08h."
1211,문자,0xA0F2,0xA0F3,1004,위,08 DE,2,e2f0d9,N,"행 추가/삭제 반영 재계산: 일반 문자행, 같은 glyph base 유지 + 첫 바이트 OR 08h."
1212,문자,0xA0F4,0xA0F5,1005,에,48 9F,2,e2f0d9,N,"행 추가/삭제 반영 재계산: 일반 문자행, 같은 glyph base 유지 + 첫 바이트 OR 08h."
1213,문자,0xA0F6,0xA0F7,1006,␠,18 12,2,e2f0d9,N,행 추가/삭제 반영 재계산: 전각 공백 토큰 18 12.
1214,문자,0xA0F8,0xA0F9,1007,휘,E8 E4,2,e2f0d9,N,"행 추가/삭제 반영 재계산: 일반 문자행, 같은 glyph base 유지 + 첫 바이트 OR 08h."
1215,문자,0xA0FA,0xA0FB,1008,둘,C8 2E,2,e2f0d9,N,"행 추가/삭제 반영 재계산: 일반 문자행, 같은 glyph base 유지 + 첫 바이트 OR 08h."
1216,문자,0xA0FC,0xA0FD,1009,린,88 34,2,e2f0d9,N,"행 추가/삭제 반영 재계산: 일반 문자행, 같은 glyph base 유지 + 첫 바이트 OR 08h."
1217,문자,0xA0FE,0xA0FF,1010,␠,18 12,2,e2f0d9,N,행 추가/삭제 반영 재계산: 전각 공백 토큰 18 12.
1218,문자,0xA100,0xA101,1011,대,B8 2D,2,e2f0d9,N,"행 추가/삭제 반영 재계산: 일반 문자행, 같은 glyph base 유지 + 첫 바이트 OR 08h."
1219,문자,0xA102,0xA103,1012,가,A8 17,2,e2f0d9,N,"행 추가/삭제 반영 재계산: 일반 문자행, 같은 glyph base 유지 + 첫 바이트 OR 08h."
1220,문자,0xA104,0xA105,1013,다,C8 27,2,e2f0d9,N,"행 추가/삭제 반영 재계산: 일반 문자행, 같은 glyph base 유지 + 첫 바이트 OR 08h."
1221,문자,0xA106,0xA107,1014,・,60 12,2,e2f0d9,N,행 추가/삭제 반영 재계산: PC-88 문장부호 토큰.
1222,문자,0xA108,0xA109,1015,・,60 12,2,e2f0d9,N,행 추가/삭제 반영 재계산: PC-88 문장부호 토큰.
1223,문자,0xA10A,0xA10B,1016,・,60 12,2,e2f0d9,N,행 추가/삭제 반영 재계산: PC-88 문장부호 토큰.
1224,제어,0xA10C,0xA10D,,,15 00,2,fce4d6,N,행 추가/삭제 반영 재계산: HL=0xA10C→0xA10E. 제어토큰 기존 바이트 유지.
1225,문자,0xA10E,0xA10F,1017,뭐,E8 37,2,e2f0d9,N,"행 추가/삭제 반영 재계산: 일반 문자행, 같은 glyph base 유지 + 첫 바이트 OR 08h."
1226,문자,0xA110,0xA111,1018,␠,18 12,2,e2f0d9,N,행 추가/삭제 반영 재계산: 전각 공백 토큰 18 12.
1227,문자,0xA112,0xA113,1019,상,28 3D,2,e2f0d9,N,"행 추가/삭제 반영 재계산: 일반 문자행, 같은 glyph base 유지 + 첫 바이트 OR 08h."
1228,문자,0xA114,0xA115,1020,관,C8 20,2,e2f0d9,N,"행 추가/삭제 반영 재계산: 일반 문자행, 같은 glyph base 유지 + 첫 바이트 OR 08h."
1229,문자,0xA116,0xA117,1021,없,08 7C,2,e2f0d9,N,"행 추가/삭제 반영 재계산: 일반 문자행, 같은 glyph base 유지 + 첫 바이트 OR 08h."
1230,문자,0xA118,0xA119,1022,다,C8 27,2,e2f0d9,N,"행 추가/삭제 반영 재계산: 일반 문자행, 같은 glyph base 유지 + 첫 바이트 OR 08h."
1231,문자,0xA11A,0xA11B,1023,、,20 12,2,e2f0d9,N,행 추가/삭제 반영 재계산: PC-88 문장부호 토큰.
1232,문자,0xA11C,0xA11D,1024,애,08 6A,2,e2f0d9,N,"행 추가/삭제 반영 재계산: 일반 문자행, 같은 glyph base 유지 + 첫 바이트 OR 08h."
1233,문자,0xA11E,0xA11F,1025,초,68 E1,2,e2f0d9,N,"행 추가/삭제 반영 재계산: 일반 문자행, 같은 glyph base 유지 + 첫 바이트 OR 08h."
1234,문자,0xA120,0xA121,1026,에,48 9F,2,e2f0d9,N,"행 추가/삭제 반영 재계산: 일반 문자행, 같은 glyph base 유지 + 첫 바이트 OR 08h."
1235,문자,0xA122,0xA123,1027,␠,18 12,2,e2f0d9,N,행 추가/삭제 반영 재계산: 전각 공백 토큰 18 12.
1236,문자,0xA124,0xA125,1028,그,58 21,2,e2f0d9,N,"행 추가/삭제 반영 재계산: 일반 문자행, 같은 glyph base 유지 + 첫 바이트 OR 08h."
1237,문자,0xA126,0xA127,1029,런,58 31,2,e2f0d9,N,"행 추가/삭제 반영 재계산: 일반 문자행, 같은 glyph base 유지 + 첫 바이트 OR 08h."
1238,문자,0xA128,0xA129,1030,␠,18 12,2,e2f0d9,N,행 추가/삭제 반영 재계산: 전각 공백 토큰 18 12.
1239,문자,0xA12A,0xA12B,1031,계,78 20,2,e2f0d9,N,"행 추가/삭제 반영 재계산: 일반 문자행, 같은 glyph base 유지 + 첫 바이트 OR 08h."
1240,문자,0xA12C,0xA12D,1032,집,58 E0,2,e2f0d9,N,"행 추가/삭제 반영 재계산: 일반 문자행, 같은 glyph base 유지 + 첫 바이트 OR 08h."
1241,문자,0xA12E,0xA12F,1033,따,48 30,2,e2f0d9,N,"행 추가/삭제 반영 재계산: 일반 문자행, 같은 glyph base 유지 + 첫 바이트 OR 08h."
1242,문자,0xA130,0xA131,1034,윈,18 DE,2,e2f0d9,N,"행 추가/삭제 반영 재계산: 일반 문자행, 같은 glyph base 유지 + 첫 바이트 OR 08h."
1243,문자,0xA132,0xA133,1035,␠,18 12,2,e2f0d9,N,행 추가/삭제 반영 재계산: 전각 공백 토큰 18 12.
1244,문자,0xA134,0xA135,1036,기,B8 21,2,e2f0d9,N,"행 추가/삭제 반영 재계산: 일반 문자행, 같은 glyph base 유지 + 첫 바이트 OR 08h."
1245,문자,0xA136,0xA137,1037,대,B8 2D,2,e2f0d9,N,"행 추가/삭제 반영 재계산: 일반 문자행, 같은 glyph base 유지 + 첫 바이트 OR 08h."
1246,문자,0xA138,0xA139,1038,도,28 2E,2,e2f0d9,N,"행 추가/삭제 반영 재계산: 일반 문자행, 같은 glyph base 유지 + 첫 바이트 OR 08h."
1247,문자,0xA13A,0xA13B,1039,␠,18 12,2,e2f0d9,N,행 추가/삭제 반영 재계산: 전각 공백 토큰 18 12.
1248,문자,0xA13C,0xA13D,1040,하,58 E3,2,e2f0d9,N,"행 추가/삭제 반영 재계산: 일반 문자행, 같은 glyph base 유지 + 첫 바이트 OR 08h."
1249,문자,0xA13E,0xA13F,1041,지,18 E0,2,e2f0d9,N,"행 추가/삭제 반영 재계산: 일반 문자행, 같은 glyph base 유지 + 첫 바이트 OR 08h."
1250,문자,0xA140,0xA141,1042,␠,18 12,2,e2f0d9,N,행 추가/삭제 반영 재계산: 전각 공백 토큰 18 12.
1251,문자,0xA142,0xA143,1043,않,08 5E,2,e2f0d9,N,"행 추가/삭제 반영 재계산: 일반 문자행, 같은 glyph base 유지 + 첫 바이트 OR 08h."
1252,문자,0xA144,0xA145,1044,았,08 66,2,e2f0d9,N,"행 추가/삭제 반영 재계산: 일반 문자행, 같은 glyph base 유지 + 첫 바이트 OR 08h."
1253,문자,0xA146,0xA147,1045,다,C8 27,2,e2f0d9,N,"행 추가/삭제 반영 재계산: 일반 문자행, 같은 glyph base 유지 + 첫 바이트 OR 08h."
1254,문자,0xA148,0xA149,1046,!,A0 12,2,e2f0d9,N,행 추가/삭제 반영 재계산: PC-88 문장부호 토큰.
1255,문자,0xA14A,0xA14B,1047,␠,18 12,2,e2f0d9,N,행 추가/삭제 반영 재계산: 전각 공백 토큰 18 12.
1256,문자,0xA14C,0xA14D,1048,유,28 DE,2,e2f0d9,N,"행 추가/삭제 반영 재계산: 일반 문자행, 같은 glyph base 유지 + 첫 바이트 OR 08h."
1257,문자,0xA14E,0xA14F,1049,코,18 E2,2,e2f0d9,N,"행 추가/삭제 반영 재계산: 일반 문자행, 같은 glyph base 유지 + 첫 바이트 OR 08h."
1258,문자,0xA150,0xA151,1050,라,F8 30,2,e2f0d9,N,"행 추가/삭제 반영 재계산: 일반 문자행, 같은 glyph base 유지 + 첫 바이트 OR 08h."
1259,문자,0xA152,0xA153,1051,고,88 20,2,e2f0d9,N,"행 추가/삭제 반영 재계산: 일반 문자행, 같은 glyph base 유지 + 첫 바이트 OR 08h."
1260,문자,0xA154,0xA155,1052,␠,18 12,2,e2f0d9,N,행 추가/삭제 반영 재계산: 전각 공백 토큰 18 12.
1261,문자,0xA156,0xA157,1053,했,C8 E3,2,e2f0d9,N,"행 추가/삭제 반영 재계산: 일반 문자행, 같은 glyph base 유지 + 첫 바이트 OR 08h."
1262,문자,0xA158,0xA159,1054,나,B8 24,2,e2f0d9,N,"행 추가/삭제 반영 재계산: 일반 문자행, 같은 glyph base 유지 + 첫 바이트 OR 08h."
1263,문자,0xA15A,0xA15B,1055,・,60 12,2,e2f0d9,N,행 추가/삭제 반영 재계산: PC-88 문장부호 토큰.
1264,문자,0xA15C,0xA15D,1056,・,60 12,2,e2f0d9,N,행 추가/삭제 반영 재계산: PC-88 문장부호 토큰.
1265,문자,0xA15E,0xA15F,1057,・,60 12,2,e2f0d9,N,행 추가/삭제 반영 재계산: PC-88 문장부호 토큰.
1266,문자,0xA160,0xA161,1058,␠,18 12,2,e2f0d9,N,행 추가/삭제 반영 재계산: 전각 공백 토큰 18 12.
1267,문자,0xA162,0xA163,1059,바,88 39,2,e2f0d9,N,"행 추가/삭제 반영 재계산: 일반 문자행, 같은 glyph base 유지 + 첫 바이트 OR 08h."
1268,문자,0xA164,0xA165,1060,리,78 34,2,e2f0d9,N,"행 추가/삭제 반영 재계산: 일반 문자행, 같은 glyph base 유지 + 첫 바이트 OR 08h."
1269,문자,0xA166,0xA167,1061,스,78 3F,2,e2f0d9,N,"행 추가/삭제 반영 재계산: 일반 문자행, 같은 glyph base 유지 + 첫 바이트 OR 08h."
1270,문자,0xA168,0xA169,1062,의,88 DE,2,e2f0d9,N,"행 추가/삭제 반영 재계산: 일반 문자행, 같은 glyph base 유지 + 첫 바이트 OR 08h."
1271,문자,0xA16A,0xA16B,1063,␠,18 12,2,e2f0d9,N,행 추가/삭제 반영 재계산: 전각 공백 토큰 18 12.
1272,문자,0xA16C,0xA16D,1064,전,B8 DF,2,e2f0d9,N,"행 추가/삭제 반영 재계산: 일반 문자행, 같은 glyph base 유지 + 첫 바이트 OR 08h."
1273,문자,0xA16E,0xA16F,1065,사,E8 3C,2,e2f0d9,N,"행 추가/삭제 반영 재계산: 일반 문자행, 같은 glyph base 유지 + 첫 바이트 OR 08h."
1274,문자,0xA170,0xA171,1066,여,58 9F,2,e2f0d9,N,"행 추가/삭제 반영 재계산: 일반 문자행, 같은 glyph base 유지 + 첫 바이트 OR 08h."
1275,문자,0xA172,0xA173,1067,、,20 12,2,e2f0d9,N,행 추가/삭제 반영 재계산: PC-88 문장부호 토큰.
1276,제어,0xA174,0xA175,,,15 00,2,fce4d6,N,행 추가/삭제 반영 재계산: HL=0xA174→0xA176. 제어토큰 기존 바이트 유지.
1277,문자,0xA176,0xA177,1068,와,E8 9F,2,e2f0d9,N,"행 추가/삭제 반영 재계산: 일반 문자행, 같은 glyph base 유지 + 첫 바이트 OR 08h."
1278,문자,0xA178,0xA179,1069,␠,18 12,2,e2f0d9,N,행 추가/삭제 반영 재계산: 전각 공백 토큰 18 12.
1279,문자,0xA17A,0xA17B,1070,보,B8 3B,2,e2f0d9,N,"행 추가/삭제 반영 재계산: 일반 문자행, 같은 glyph base 유지 + 첫 바이트 OR 08h."
1280,문자,0xA17C,0xA17D,1071,거,98 1D,2,e2f0d9,N,"행 추가/삭제 반영 재계산: 일반 문자행, 같은 glyph base 유지 + 첫 바이트 OR 08h."
1281,문자,0xA17E,0xA17F,1072,라,F8 30,2,e2f0d9,N,"행 추가/삭제 반영 재계산: 일반 문자행, 같은 glyph base 유지 + 첫 바이트 OR 08h."
1282,문자,0xA180,0xA181,1073,。,30 12,2,e2f0d9,N,행 추가/삭제 반영 재계산: PC-88 문장부호 토큰.
1283,문자,0xA182,0xA183,1074,베,98 3B,2,e2f0d9,N,"행 추가/삭제 반영 재계산: 일반 문자행, 같은 glyph base 유지 + 첫 바이트 OR 08h."
1284,문자,0xA184,0xA185,1075,칸,D8 E1,2,e2f0d9,N,"행 추가/삭제 반영 재계산: 일반 문자행, 같은 glyph base 유지 + 첫 바이트 OR 08h."
1285,문자,0xA186,0xA187,1076,타,28 E2,2,e2f0d9,N,"행 추가/삭제 반영 재계산: 일반 문자행, 같은 glyph base 유지 + 첫 바이트 OR 08h."
1286,문자,0xA188,0xA189,1077,리,78 34,2,e2f0d9,N,"행 추가/삭제 반영 재계산: 일반 문자행, 같은 glyph base 유지 + 첫 바이트 OR 08h."
1287,문자,0xA18A,0xA18B,1078,아,08 56,2,e2f0d9,N,"행 추가/삭제 반영 재계산: 일반 문자행, 같은 glyph base 유지 + 첫 바이트 OR 08h."
1288,문자,0xA18C,0xA18D,1079,의,88 DE,2,e2f0d9,N,"행 추가/삭제 반영 재계산: 일반 문자행, 같은 glyph base 유지 + 첫 바이트 OR 08h."
1289,문자,0xA18E,0xA18F,1080,␠,18 12,2,e2f0d9,N,행 추가/삭제 반영 재계산: 전각 공백 토큰 18 12.
1290,문자,0xA190,0xA191,1081,내,08 25,2,e2f0d9,N,"행 추가/삭제 반영 재계산: 일반 문자행, 같은 glyph base 유지 + 첫 바이트 OR 08h."
1291,문자,0xA192,0xA193,1082,␠,18 12,2,e2f0d9,N,행 추가/삭제 반영 재계산: 전각 공백 토큰 18 12.
1292,문자,0xA194,0xA195,1083,성,98 3D,2,e2f0d9,N,"행 추가/삭제 반영 재계산: 일반 문자행, 같은 glyph base 유지 + 첫 바이트 OR 08h."
1293,문자,0xA196,0xA197,1084,으,38 DE,2,e2f0d9,N,"행 추가/삭제 반영 재계산: 일반 문자행, 같은 glyph base 유지 + 첫 바이트 OR 08h."
1294,문자,0xA198,0xA199,1085,로,D8 31,2,e2f0d9,N,"행 추가/삭제 반영 재계산: 일반 문자행, 같은 glyph base 유지 + 첫 바이트 OR 08h."
1295,문자,0xA19A,0xA19B,1086,、,20 12,2,e2f0d9,N,행 추가/삭제 반영 재계산: PC-88 문장부호 토큰.
1296,문자,0xA19C,0xA19D,1087,오,B8 9F,2,e2f0d9,N,"행 추가/삭제 반영 재계산: 일반 문자행, 같은 glyph base 유지 + 첫 바이트 OR 08h."
1297,문자,0xA19E,0xA19F,1088,게,08 20,2,e2f0d9,N,"행 추가/삭제 반영 재계산: 일반 문자행, 같은 glyph base 유지 + 첫 바이트 OR 08h."
1298,문자,0xA1A0,0xA1A1,1089,␠,18 12,2,e2f0d9,N,행 추가/삭제 반영 재계산: 전각 공백 토큰 18 12.
1299,문자,0xA1A2,0xA1A3,1090,되,88 2E,2,e2f0d9,N,"행 추가/삭제 반영 재계산: 일반 문자행, 같은 glyph base 유지 + 첫 바이트 OR 08h."
1300,문자,0xA1A4,0xA1A5,1091,면,78 35,2,e2f0d9,N,"행 추가/삭제 반영 재계산: 일반 문자행, 같은 glyph base 유지 + 첫 바이트 OR 08h."
1301,문자,0xA1A6,0xA1A7,1092,␠,18 12,2,e2f0d9,N,행 추가/삭제 반영 재계산: 전각 공백 토큰 18 12.
1302,문자,0xA1A8,0xA1A9,1093,모,A8 35,2,e2f0d9,N,"행 추가/삭제 반영 재계산: 일반 문자행, 같은 glyph base 유지 + 첫 바이트 OR 08h."
1303,문자,0xA1AA,0xA1AB,1094,든,08 30,2,e2f0d9,N,"행 추가/삭제 반영 재계산: 일반 문자행, 같은 glyph base 유지 + 첫 바이트 OR 08h."
1304,문자,0xA1AC,0xA1AD,1095,␠,18 12,2,e2f0d9,N,행 추가/삭제 반영 재계산: 전각 공백 토큰 18 12.
1305,문자,0xA1AE,0xA1AF,1096,것,F8 1D,2,e2f0d9,N,"행 추가/삭제 반영 재계산: 일반 문자행, 같은 glyph base 유지 + 첫 바이트 OR 08h."
1306,문자,0xA1B0,0xA1B1,1097,을,58 DE,2,e2f0d9,N,"행 추가/삭제 반영 재계산: 일반 문자행, 같은 glyph base 유지 + 첫 바이트 OR 08h."
1307,문자,0xA1B2,0xA1B3,1098,␠,18 12,2,e2f0d9,N,행 추가/삭제 반영 재계산: 전각 공백 토큰 18 12.
1308,문자,0xA1B4,0xA1B5,1099,알,08 60,2,e2f0d9,N,"행 추가/삭제 반영 재계산: 일반 문자행, 같은 glyph base 유지 + 첫 바이트 OR 08h."
1309,문자,0xA1B6,0xA1B7,1100,게,08 20,2,e2f0d9,N,"행 추가/삭제 반영 재계산: 일반 문자행, 같은 glyph base 유지 + 첫 바이트 OR 08h."
1310,문자,0xA1B8,0xA1B9,1101,␠,18 12,2,e2f0d9,N,행 추가/삭제 반영 재계산: 전각 공백 토큰 18 12.
1311,문자,0xA1BA,0xA1BB,1102,될,A8 2E,2,e2f0d9,N,"행 추가/삭제 반영 재계산: 일반 문자행, 같은 glyph base 유지 + 첫 바이트 OR 08h."
1312,문자,0xA1BC,0xA1BD,1103,␠,18 12,2,e2f0d9,N,행 추가/삭제 반영 재계산: 전각 공백 토큰 18 12.
1313,문자,0xA1BE,0xA1BF,1104,것,F8 1D,2,e2f0d9,N,"행 추가/삭제 반영 재계산: 일반 문자행, 같은 glyph base 유지 + 첫 바이트 OR 08h."
1314,문자,0xA1C0,0xA1C1,1105,이,98 DE,2,e2f0d9,N,"행 추가/삭제 반영 재계산: 일반 문자행, 같은 glyph base 유지 + 첫 바이트 OR 08h."
1315,문자,0xA1C2,0xA1C3,1106,다,C8 27,2,e2f0d9,N,"행 추가/삭제 반영 재계산: 일반 문자행, 같은 glyph base 유지 + 첫 바이트 OR 08h."
1316,문자,0xA1C4,0xA1C5,1107,・,60 12,2,e2f0d9,N,행 추가/삭제 반영 재계산: PC-88 문장부호 토큰.
1317,문자,0xA1C6,0xA1C7,1108,・,60 12,2,e2f0d9,N,행 추가/삭제 반영 재계산: PC-88 문장부호 토큰.
1318,문자,0xA1C8,0xA1C9,1109,・,60 12,2,e2f0d9,N,행 추가/삭제 반영 재계산: PC-88 문장부호 토큰.
1319,문자,0xA1CA,0xA1CB,1110,␠,18 12,2,e2f0d9,N,행 추가/삭제 반영 재계산: 전각 공백 토큰 18 12.
1320,문자,0xA1CC,0xA1CD,1111,느,D8 25,2,e2f0d9,N,"행 추가/삭제 반영 재계산: 일반 문자행, 같은 glyph base 유지 + 첫 바이트 OR 08h."
1321,문자,0xA1CE,0xA1CF,1112,긋,A8 21,2,e2f0d9,N,"행 추가/삭제 반영 재계산: 일반 문자행, 같은 glyph base 유지 + 첫 바이트 OR 08h."
1322,문자,0xA1D0,0xA1D1,1113,하,58 E3,2,e2f0d9,N,"행 추가/삭제 반영 재계산: 일반 문자행, 같은 glyph base 유지 + 첫 바이트 OR 08h."
1323,문자,0xA1D2,0xA1D3,1114,게,08 20,2,e2f0d9,N,"행 추가/삭제 반영 재계산: 일반 문자행, 같은 glyph base 유지 + 첫 바이트 OR 08h."
1324,문자,0xA1D4,0xA1D5,1115,␠,18 12,2,e2f0d9,N,행 추가/삭제 반영 재계산: 전각 공백 토큰 18 12.
1325,문자,0xA1D6,0xA1D7,1116,기,B8 21,2,e2f0d9,N,"행 추가/삭제 반영 재계산: 일반 문자행, 같은 glyph base 유지 + 첫 바이트 OR 08h."
1326,문자,0xA1D8,0xA1D9,1117,다,C8 27,2,e2f0d9,N,"행 추가/삭제 반영 재계산: 일반 문자행, 같은 glyph base 유지 + 첫 바이트 OR 08h."
1327,문자,0xA1DA,0xA1DB,1118,리,78 34,2,e2f0d9,N,"행 추가/삭제 반영 재계산: 일반 문자행, 같은 glyph base 유지 + 첫 바이트 OR 08h."
1328,문자,0xA1DC,0xA1DD,1119,고,88 20,2,e2f0d9,N,"행 추가/삭제 반영 재계산: 일반 문자행, 같은 glyph base 유지 + 첫 바이트 OR 08h."
1329,문자,0xA1DE,0xA1DF,1120,␠,18 12,2,e2f0d9,N,행 추가/삭제 반영 재계산: 전각 공백 토큰 18 12.
1330,문자,0xA1E0,0xA1E1,1121,있,F8 DE,2,e2f0d9,N,"행 추가/삭제 반영 재계산: 일반 문자행, 같은 glyph base 유지 + 첫 바이트 OR 08h."
1331,문자,0xA1E2,0xA1E3,1122,으,38 DE,2,e2f0d9,N,"행 추가/삭제 반영 재계산: 일반 문자행, 같은 glyph base 유지 + 첫 바이트 OR 08h."
1332,문자,0xA1E4,0xA1E5,1123,마,B8 34,2,e2f0d9,N,"행 추가/삭제 반영 재계산: 일반 문자행, 같은 glyph base 유지 + 첫 바이트 OR 08h."
1333,문자,0xA1E6,0xA1E7,1124,。,30 12,2,e2f0d9,N,행 추가/삭제 반영 재계산: PC-88 문장부호 토큰.
1334,제어,0xA1E8,0xA1E9,,,15 00,2,fce4d6,N,행 추가/삭제 반영 재계산: HL=0xA1E8→0xA1EA. 제어토큰 기존 바이트 유지.
1335,문자,0xA1EA,0xA1EB,1125,흐,08 E5,2,e2f0d9,N,"행 추가/삭제 반영 재계산: 일반 문자행, 같은 glyph base 유지 + 첫 바이트 OR 08h."
1336,문자,0xA1EC,0xA1ED,1126,하,58 E3,2,e2f0d9,N,"행 추가/삭제 반영 재계산: 일반 문자행, 같은 glyph base 유지 + 첫 바이트 OR 08h."
1337,문자,0xA1EE,0xA1EF,1127,하,58 E3,2,e2f0d9,N,"행 추가/삭제 반영 재계산: 일반 문자행, 같은 glyph base 유지 + 첫 바이트 OR 08h."
1338,문자,0xA1F0,0xA1F1,1128,하,58 E3,2,e2f0d9,N,"행 추가/삭제 반영 재계산: 일반 문자행, 같은 glyph base 유지 + 첫 바이트 OR 08h."
1339,문자,0xA1F2,0xA1F3,1129,！,A0 12,2,e2f0d9,N,행 추가/삭제 반영 재계산: PC-88 문장부호 토큰.
1340,제어,0xA1F4,0xA1F6,,,19 00 7E,3,fce4d6,N,행 추가/삭제 반영 재계산: HL=0xA1F4→0xA1F7. 제어토큰 기존 바이트 유지.
1341,제어,0xA1F7,0xA1F8,,,15 00,2,fce4d6,N,행 추가/삭제 반영 재계산: HL=0xA1F7→0xA1F9. 제어토큰 기존 바이트 유지.
1342,제어,0xA1F9,0xA1FA,,,17 00,2,fce4d6,N,행 추가/삭제 반영 재계산: HL=0xA1F9→0xA1FB. 제어토큰 기존 바이트 유지.
1343,제어,0xA1FB,0xA1FD,,,1A 00 04,3,fce4d6,N,행 추가/삭제 반영 재계산: HL=0xA1FB→0xA1FE. 제어토큰 기존 바이트 유지.
1344,제어,0xA1FE,0xA200,,,12 00 40,3,fce4d6,N,행 추가/삭제 반영 재계산: HL=0xA1FE→0xA201. 제어토큰 기존 바이트 유지.
1345,제어,0xA201,0xA203,,,11 12 50,3,fce4d6,N,행 추가/삭제 반영 재계산: HL=0xA201→0xA204. 제어토큰 기존 바이트 유지.
1346,제어,0xA204,0xA205,,,16 00,2,fce4d6,N,행 추가/삭제 반영 재계산: HL=0xA204→0xA206. 제어토큰 기존 바이트 유지.
1347,제어,0xA206,0xA207,,,10 11,2,fce4d6,N,행 추가/삭제 반영 재계산: HL=0xA206→0xA208. 제어토큰 기존 바이트 유지.
1348,제어,0xA208,0xA20B,,,14 00 06 80,4,fce4d6,N,행 추가/삭제 반영 재계산: HL=0xA208→0xA20C. 제어토큰 기존 바이트 유지.
1349,문자,0xA20C,0xA20D,1130,・,60 12,2,e2f0d9,N,행 추가/삭제 반영 재계산: PC-88 문장부호 토큰.
1350,문자,0xA20E,0xA20F,1131,・,60 12,2,e2f0d9,N,행 추가/삭제 반영 재계산: PC-88 문장부호 토큰.
1351,문자,0xA210,0xA211,1132,・,60 12,2,e2f0d9,N,행 추가/삭제 반영 재계산: PC-88 문장부호 토큰.
1352,문자,0xA212,0xA213,1133,용,F8 CB,2,e2f0d9,N,"행 추가/삭제 반영 재계산: 일반 문자행, 같은 glyph base 유지 + 첫 바이트 OR 08h."
1353,문자,0xA214,0xA215,1134,서,58 3D,2,e2f0d9,N,"행 추가/삭제 반영 재계산: 일반 문자행, 같은 glyph base 유지 + 첫 바이트 OR 08h."
1354,문자,0xA216,0xA217,1135,␠,18 12,2,e2f0d9,N,행 추가/삭제 반영 재계산: 전각 공백 토큰 18 12.
1355,문자,0xA218,0xA219,1136,못,E8 35,2,e2f0d9,N,"행 추가/삭제 반영 재계산: 일반 문자행, 같은 glyph base 유지 + 첫 바이트 OR 08h."
1356,문자,0xA21A,0xA21B,1137,해,B8 E3,2,e2f0d9,N,"행 추가/삭제 반영 재계산: 일반 문자행, 같은 glyph base 유지 + 첫 바이트 OR 08h."
1357,문자,0xA21C,0xA21D,1138,、,20 12,2,e2f0d9,N,행 추가/삭제 반영 재계산: PC-88 문장부호 토큰.
1358,문자,0xA21E,0xA21F,1139,로,D8 31,2,e2f0d9,N,"행 추가/삭제 반영 재계산: 일반 문자행, 같은 glyph base 유지 + 첫 바이트 OR 08h."
1359,문자,0xA220,0xA221,1140,그,58 21,2,e2f0d9,N,"행 추가/삭제 반영 재계산: 일반 문자행, 같은 glyph base 유지 + 첫 바이트 OR 08h."
1360,문자,0xA222,0xA223,1141,레,A8 31,2,e2f0d9,N,"행 추가/삭제 반영 재계산: 일반 문자행, 같은 glyph base 유지 + 첫 바이트 OR 08h."
1361,문자,0xA224,0xA225,1142,스,78 3F,2,e2f0d9,N,"행 추가/삭제 반영 재계산: 일반 문자행, 같은 glyph base 유지 + 첫 바이트 OR 08h."
1362,문자,0xA226,0xA227,1143,！,A0 12,2,e2f0d9,N,행 추가/삭제 반영 재계산: PC-88 문장부호 토큰.
1363,문자,0xA228,0xA229,1144,␠,18 12,2,e2f0d9,N,행 추가/삭제 반영 재계산: 전각 공백 토큰 18 12.
1364,문자,0xA22A,0xA22B,1145,・,60 12,2,e2f0d9,N,행 추가/삭제 반영 재계산: PC-88 문장부호 토큰.
1365,문자,0xA22C,0xA22D,1146,・,60 12,2,e2f0d9,N,행 추가/삭제 반영 재계산: PC-88 문장부호 토큰.
1366,문자,0xA22E,0xA22F,1147,・,60 12,2,e2f0d9,N,행 추가/삭제 반영 재계산: PC-88 문장부호 토큰.
1367,문자,0xA230,0xA231,1148,넌,68 25,2,e2f0d9,N,"행 추가/삭제 반영 재계산: 일반 문자행, 같은 glyph base 유지 + 첫 바이트 OR 08h."
1368,문자,0xA232,0xA233,1149,␠,18 12,2,e2f0d9,N,행 추가/삭제 반영 재계산: 전각 공백 토큰 18 12.
1369,문자,0xA234,0xA235,1150,반,98 39,2,e2f0d9,N,"행 추가/삭제 반영 재계산: 일반 문자행, 같은 glyph base 유지 + 첫 바이트 OR 08h."
1370,문자,0xA236,0xA237,1151,드,08 2F,2,e2f0d9,N,"행 추가/삭제 반영 재계산: 일반 문자행, 같은 glyph base 유지 + 첫 바이트 OR 08h."
1371,문자,0xA238,0xA239,1152,시,C8 3F,2,e2f0d9,N,"행 추가/삭제 반영 재계산: 일반 문자행, 같은 glyph base 유지 + 첫 바이트 OR 08h."
1372,문자,0xA23A,0xA23B,1153,・,60 12,2,e2f0d9,N,행 추가/삭제 반영 재계산: PC-88 문장부호 토큰.
1373,문자,0xA23C,0xA23D,1154,・,60 12,2,e2f0d9,N,행 추가/삭제 반영 재계산: PC-88 문장부호 토큰.
1374,문자,0xA23E,0xA23F,1155,・,60 12,2,e2f0d9,N,행 추가/삭제 반영 재계산: PC-88 문장부호 토큰.
1375,문자,0xA240,0xA241,1156,␠,18 12,2,e2f0d9,N,행 추가/삭제 반영 재계산: 전각 공백 토큰 18 12.
1376,문자,0xA242,0xA243,1157,내,08 25,2,e2f0d9,N,"행 추가/삭제 반영 재계산: 일반 문자행, 같은 glyph base 유지 + 첫 바이트 OR 08h."
1377,문자,0xA244,0xA245,1158,␠,18 12,2,e2f0d9,N,행 추가/삭제 반영 재계산: 전각 공백 토큰 18 12.
1378,문자,0xA246,0xA247,1159,손,F8 3D,2,e2f0d9,N,"행 추가/삭제 반영 재계산: 일반 문자행, 같은 glyph base 유지 + 첫 바이트 OR 08h."
1379,문자,0xA248,0xA249,1160,으,38 DE,2,e2f0d9,N,"행 추가/삭제 반영 재계산: 일반 문자행, 같은 glyph base 유지 + 첫 바이트 OR 08h."
1380,문자,0xA24A,0xA24B,1161,로,D8 31,2,e2f0d9,N,"행 추가/삭제 반영 재계산: 일반 문자행, 같은 glyph base 유지 + 첫 바이트 OR 08h."
1381,문자,0xA24C,0xA24D,1162,！,A0 12,2,e2f0d9,N,행 추가/삭제 반영 재계산: PC-88 문장부호 토큰.
