작업순번,구분,주소시작,주소끝,슬롯,문자열,바이트,길이,색상,메모
1,제어,0x9680,0x9682,,,19 00 74,3,fce4d6,한글 재배치 기준 HL=9680→9683. 제어토큰 유지.
2,제어,0x9683,0x9684,,,15 00,2,fce4d6,한글 재배치 기준 HL=9683→9685. 제어토큰 유지.
3,제어,0x9685,0x9686,,,17 00,2,fce4d6,한글 재배치 기준 HL=9685→9687. 제어토큰 유지.
4,제어,0x9687,0x9692,,,14 00 00 00 11 22 33 44 55 66 77 80,12,fce4d6,한글 재배치 기준 HL=9687→9693. 제어토큰 유지.
5,제어,0x9693,0x9695,,,1A 00 04,3,fce4d6,한글 재배치 기준 HL=9693→9696. 제어토큰 유지.
6,제어,0x9696,0x9697,,,16 00,2,fce4d6,한글 재배치 기준 HL=9696→9698. 제어토큰 유지.
7,문자,0x9698,0x9699,1,바,80 39,2,e9ae2b,주황색 대화 발화 문자행: 패치 KANJI1 발화체 토큰 반영.
8,문자,0x969A,0x969B,2,니,F0 25,2,e9ae2b,주황색 대화 발화 문자행: 패치 KANJI1 발화체 토큰 반영.
9,문자,0x969C,0x969D,3,티,D0 E2,2,e9ae2b,주황색 대화 발화 문자행: 패치 KANJI1 발화체 토큰 반영.
10,문자,0x969E,0x969F,4,에,40 9F,2,e9ae2b,주황색 대화 발화 문자행: 패치 KANJI1 발화체 토큰 반영.
11,문자,0x96A0,0x96A1,5,␠,18 12,2,e2f0d9,일본어 전각 공백 토큰 18 12 반영. 일반/발화 변환 대상 아님.
12,문자,0x96A2,0x96A3,6,오,B0 9F,2,e9ae2b,주황색 대화 발화 문자행: 패치 KANJI1 발화체 토큰 반영.
13,문자,0x96A4,0x96A5,7,신,D0 3F,2,e9ae2b,주황색 대화 발화 문자행: 패치 KANJI1 발화체 토큰 반영.
14,문자,0x96A6,0x96A7,8,␠,18 12,2,e2f0d9,일본어 전각 공백 토큰 18 12 반영. 일반/발화 변환 대상 아님.
15,문자,0x96A8,0x96A9,9,걸,C0 1D,2,e9ae2b,주황색 대화 발화 문자행: 패치 KANJI1 발화체 토큰 반영.
16,문자,0x96AA,0x96AB,10,␠,18 12,2,e2f0d9,일본어 전각 공백 토큰 18 12 반영. 일반/발화 변환 대상 아님.
17,문자,0x96AC,0x96AD,11,환,90 E4,2,e9ae2b,주황색 대화 발화 문자행: 패치 KANJI1 발화체 토큰 반영.
18,문자,0x96AE,0x96AF,12,영,90 9F,2,e9ae2b,주황색 대화 발화 문자행: 패치 KANJI1 발화체 토큰 반영.
19,문자,0x96B0,0x96B1,13,합,90 E3,2,e9ae2b,주황색 대화 발화 문자행: 패치 KANJI1 발화체 토큰 반영.
20,문자,0x96B2,0x96B3,14,니,F0 25,2,e9ae2b,주황색 대화 발화 문자행: 패치 KANJI1 발화체 토큰 반영.
21,문자,0x96B4,0x96B5,15,다,C0 27,2,e9ae2b,주황색 대화 발화 문자행: 패치 KANJI1 발화체 토큰 반영.
22,문자,0x96B6,0x96B7,16,",",20 12,2,e2f0d9,기존 일본어/PC-88 문장부호 토큰 반영. 일반/발화 변환 대상 아님.
23,문자,0x96B8,0x96B9,17,유,20 DE,2,e9ae2b,주황색 대화 발화 문자행: 패치 KANJI1 발화체 토큰 반영.
24,문자,0x96BA,0x96BB,18,코,10 E2,2,e9ae2b,주황색 대화 발화 문자행: 패치 KANJI1 발화체 토큰 반영.
25,문자,0x96BC,0x96BD,19,・,60 12,2,e2f0d9,기존 일본어/PC-88 문장부호 토큰 반영. 일반/발화 변환 대상 아님.
26,문자,0x96BE,0x96BF,20,・,60 12,2,e2f0d9,기존 일본어/PC-88 문장부호 토큰 반영. 일반/발화 변환 대상 아님.
27,문자,0x96C0,0x96C1,21,・,60 12,2,e2f0d9,기존 일본어/PC-88 문장부호 토큰 반영. 일반/발화 변환 대상 아님.
28,문자,0x96C2,0x96C3,22,␠,18 12,2,e2f0d9,일본어 전각 공백 토큰 18 12 반영. 일반/발화 변환 대상 아님.
29,문자,0x96C4,0x96C5,23,바,80 39,2,e9ae2b,주황색 대화 발화 문자행: 패치 KANJI1 발화체 토큰 반영.
30,문자,0x96C6,0x96C7,24,리,70 34,2,e9ae2b,주황색 대화 발화 문자행: 패치 KANJI1 발화체 토큰 반영.
31,문자,0x96C8,0x96C9,25,스,70 3F,2,e9ae2b,주황색 대화 발화 문자행: 패치 KANJI1 발화체 토큰 반영.
32,문자,0x96CA,0x96CB,26,의,80 DE,2,e9ae2b,주황색 대화 발화 문자행: 패치 KANJI1 발화체 토큰 반영.
33,문자,0x96CC,0x96CD,27,␠,18 12,2,e2f0d9,일본어 전각 공백 토큰 18 12 반영. 일반/발화 변환 대상 아님.
34,문자,0x96CE,0x96CF,28,전,B0 DF,2,e9ae2b,주황색 대화 발화 문자행: 패치 KANJI1 발화체 토큰 반영.
35,문자,0x96D0,0x96D1,29,사,E0 3C,2,e9ae2b,주황색 대화 발화 문자행: 패치 KANJI1 발화체 토큰 반영.
36,문자,0x96D2,0x96D3,30,여,50 9F,2,e9ae2b,주황색 대화 발화 문자행: 패치 KANJI1 발화체 토큰 반영.
37,문자,0x96D4,0x96D5,31,・,60 12,2,e2f0d9,기존 일본어/PC-88 문장부호 토큰 반영. 일반/발화 변환 대상 아님.
38,문자,0x96D6,0x96D7,32,・,60 12,2,e2f0d9,기존 일본어/PC-88 문장부호 토큰 반영. 일반/발화 변환 대상 아님.
39,문자,0x96D8,0x96D9,33,・,60 12,2,e2f0d9,기존 일본어/PC-88 문장부호 토큰 반영. 일반/발화 변환 대상 아님.
40,문자,0x96DA,0x96DB,34,。,30 12,2,e2f0d9,기존 일본어/PC-88 문장부호 토큰 반영. 일반/발화 변환 대상 아님.
41,제어,0x96DC,0x96DE,,,19 00 75,3,fce4d6,한글 재배치 기준 HL=96DC→96DF. 제어토큰 유지.
42,제어,0x96DF,0x96E0,,,15 00,2,fce4d6,한글 재배치 기준 HL=96DF→96E1. 제어토큰 유지.
43,제어,0x96E1,0x96E2,,,17 00,2,fce4d6,한글 재배치 기준 HL=96E1→96E3. 제어토큰 유지.
44,제어,0x96E3,0x96E5,,,1A 00 04,3,fce4d6,한글 재배치 기준 HL=96E3→96E6. 제어토큰 유지.
45,제어,0x96E6,0x96E7,,,16 00,2,fce4d6,한글 재배치 기준 HL=96E6→96E8. 제어토큰 유지.
46,제어,0x96E8,0x96EB,,,12 00 23 00,4,fce4d6,한글 재배치 기준 HL=96E8→96EC. 제어토큰 유지.
47,문자,0x96EC,0x96ED,35,이,98 DE,2,e2f0d9,"연녹색 일반 문자행: 같은 glyph base 유지, 첫 바이트 OR 08h로 일반 문자 토큰 반영."
48,문자,0x96EE,0x96EF,36,건,B8 1D,2,e2f0d9,"연녹색 일반 문자행: 같은 glyph base 유지, 첫 바이트 OR 08h로 일반 문자 토큰 반영."
49,문자,0x96F0,0x96F1,37,␠,18 12,2,e2f0d9,일본어 전각 공백 토큰 18 12 반영. 일반/발화 변환 대상 아님.
50,문자,0x96F2,0x96F3,38,꿈,68 24,2,e2f0d9,"연녹색 일반 문자행: 같은 glyph base 유지, 첫 바이트 OR 08h로 일반 문자 토큰 반영."
51,문자,0x96F4,0x96F5,39,、,20 12,2,e2f0d9,기존 일본어/PC-88 문장부호 토큰 반영. 일반/발화 변환 대상 아님.
52,문자,0x96F6,0x96F7,40,꿈,68 24,2,e2f0d9,"연녹색 일반 문자행: 같은 glyph base 유지, 첫 바이트 OR 08h로 일반 문자 토큰 반영."
53,문자,0x96F8,0x96F9,41,이,98 DE,2,e2f0d9,"연녹색 일반 문자행: 같은 glyph base 유지, 첫 바이트 OR 08h로 일반 문자 토큰 반영."
54,문자,0x96FA,0x96FB,42,야,08 6C,2,e2f0d9,"연녹색 일반 문자행: 같은 glyph base 유지, 첫 바이트 OR 08h로 일반 문자 토큰 반영."
55,문자,0x96FC,0x96FD,43,・,60 12,2,e2f0d9,기존 일본어/PC-88 문장부호 토큰 반영. 일반/발화 변환 대상 아님.
56,문자,0x96FE,0x96FF,44,・,60 12,2,e2f0d9,기존 일본어/PC-88 문장부호 토큰 반영. 일반/발화 변환 대상 아님.
57,문자,0x9700,0x9701,45,・,60 12,2,e2f0d9,기존 일본어/PC-88 문장부호 토큰 반영. 일반/발화 변환 대상 아님.
58,문자,0x9702,0x9703,46,␠,18 12,2,e2f0d9,일본어 전각 공백 토큰 18 12 반영. 일반/발화 변환 대상 아님.
59,문자,0x9704,0x9705,47,나,B8 24,2,e2f0d9,"연녹색 일반 문자행: 같은 glyph base 유지, 첫 바이트 OR 08h로 일반 문자 토큰 반영."
60,문자,0x9706,0x9707,48,는,E8 25,2,e2f0d9,"연녹색 일반 문자행: 같은 glyph base 유지, 첫 바이트 OR 08h로 일반 문자 토큰 반영."
61,문자,0x9708,0x9709,49,␠,18 12,2,e2f0d9,일본어 전각 공백 토큰 18 12 반영. 일반/발화 변환 대상 아님.
62,문자,0x970A,0x970B,50,아,08 56,2,e2f0d9,"연녹색 일반 문자행: 같은 glyph base 유지, 첫 바이트 OR 08h로 일반 문자 토큰 반영."
63,문자,0x970C,0x970D,51,직,28 E0,2,e2f0d9,"연녹색 일반 문자행: 같은 glyph base 유지, 첫 바이트 OR 08h로 일반 문자 토큰 반영."
64,문자,0x970E,0x970F,52,␠,18 12,2,e2f0d9,일본어 전각 공백 토큰 18 12 반영. 일반/발화 변환 대상 아님.
65,문자,0x9710,0x9711,53,자,08 DF,2,e2f0d9,"연녹색 일반 문자행: 같은 glyph base 유지, 첫 바이트 OR 08h로 일반 문자 토큰 반영."
66,문자,0x9712,0x9713,54,고,88 20,2,e2f0d9,"연녹색 일반 문자행: 같은 glyph base 유지, 첫 바이트 OR 08h로 일반 문자 토큰 반영."
67,문자,0x9714,0x9715,55,␠,18 12,2,e2f0d9,일본어 전각 공백 토큰 18 12 반영. 일반/발화 변환 대상 아님.
68,문자,0x9716,0x9717,56,있,F8 DE,2,e2f0d9,"연녹색 일반 문자행: 같은 glyph base 유지, 첫 바이트 OR 08h로 일반 문자 토큰 반영."
69,문자,0x9718,0x9719,57,는,E8 25,2,e2f0d9,"연녹색 일반 문자행: 같은 glyph base 유지, 첫 바이트 OR 08h로 일반 문자 토큰 반영."
70,문자,0x971A,0x971B,58,␠,18 12,2,e2f0d9,일본어 전각 공백 토큰 18 12 반영. 일반/발화 변환 대상 아님.
71,문자,0x971C,0x971D,59,거,98 1D,2,e2f0d9,"연녹색 일반 문자행: 같은 glyph base 유지, 첫 바이트 OR 08h로 일반 문자 토큰 반영."
72,문자,0x971E,0x971F,60,야,08 6C,2,e2f0d9,"연녹색 일반 문자행: 같은 glyph base 유지, 첫 바이트 OR 08h로 일반 문자 토큰 반영."
73,문자,0x9720,0x9721,61,・,60 12,2,e2f0d9,기존 일본어/PC-88 문장부호 토큰 반영. 일반/발화 변환 대상 아님.
74,문자,0x9722,0x9723,62,・,60 12,2,e2f0d9,기존 일본어/PC-88 문장부호 토큰 반영. 일반/발화 변환 대상 아님.
75,문자,0x9724,0x9725,63,・,60 12,2,e2f0d9,기존 일본어/PC-88 문장부호 토큰 반영. 일반/발화 변환 대상 아님.
76,문자,0x9726,0x9727,64,␠,18 12,2,e2f0d9,일본어 전각 공백 토큰 18 12 반영. 일반/발화 변환 대상 아님.
77,문자,0x9728,0x9729,65,그,58 21,2,e2f0d9,"연녹색 일반 문자행: 같은 glyph base 유지, 첫 바이트 OR 08h로 일반 문자 토큰 반영."
78,문자,0x972A,0x972B,66,래,38 31,2,e2f0d9,"연녹색 일반 문자행: 같은 glyph base 유지, 첫 바이트 OR 08h로 일반 문자 토큰 반영."
79,문자,0x972C,0x972D,67,␠,18 12,2,e2f0d9,일본어 전각 공백 토큰 18 12 반영. 일반/발화 변환 대상 아님.
80,문자,0x972E,0x972F,68,맞,18 35,2,e2f0d9,"연녹색 일반 문자행: 같은 glyph base 유지, 첫 바이트 OR 08h로 일반 문자 토큰 반영."
81,문자,0x9730,0x9731,69,아,08 56,2,e2f0d9,"연녹색 일반 문자행: 같은 glyph base 유지, 첫 바이트 OR 08h로 일반 문자 토큰 반영."
82,문자,0x9732,0x9733,70,!,A0 12,2,e2f0d9,기존 일본어/PC-88 문장부호 토큰 반영. 일반/발화 변환 대상 아님.
83,문자,0x9734,0x9735,71,␠,18 12,2,e2f0d9,일본어 전각 공백 토큰 18 12 반영. 일반/발화 변환 대상 아님.
84,문자,0x9736,0x9737,72,틀,C8 E2,2,e2f0d9,"연녹색 일반 문자행: 같은 glyph base 유지, 첫 바이트 OR 08h로 일반 문자 토큰 반영."
85,문자,0x9738,0x9739,73,림,A8 34,2,e2f0d9,"연녹색 일반 문자행: 같은 glyph base 유지, 첫 바이트 OR 08h로 일반 문자 토큰 반영."
86,문자,0x973A,0x973B,74,없,08 7C,2,e2f0d9,"연녹색 일반 문자행: 같은 glyph base 유지, 첫 바이트 OR 08h로 일반 문자 토큰 반영."
87,문자,0x973C,0x973D,75,이,98 DE,2,e2f0d9,"연녹색 일반 문자행: 같은 glyph base 유지, 첫 바이트 OR 08h로 일반 문자 토큰 반영."
88,문자,0x973E,0x973F,76,␠,18 12,2,e2f0d9,일본어 전각 공백 토큰 18 12 반영. 일반/발화 변환 대상 아님.
89,문자,0x9740,0x9741,77,그,58 21,2,e2f0d9,"연녹색 일반 문자행: 같은 glyph base 유지, 첫 바이트 OR 08h로 일반 문자 토큰 반영."
90,문자,0x9742,0x9743,78,럴,68 31,2,e2f0d9,"연녹색 일반 문자행: 같은 glyph base 유지, 첫 바이트 OR 08h로 일반 문자 토큰 반영."
91,문자,0x9744,0x9745,79,␠,18 12,2,e2f0d9,일본어 전각 공백 토큰 18 12 반영. 일반/발화 변환 대상 아님.
92,문자,0x9746,0x9747,80,거,98 1D,2,e2f0d9,"연녹색 일반 문자행: 같은 glyph base 유지, 첫 바이트 OR 08h로 일반 문자 토큰 반영."
93,문자,0x9748,0x9749,81,야,08 6C,2,e2f0d9,"연녹색 일반 문자행: 같은 glyph base 유지, 첫 바이트 OR 08h로 일반 문자 토큰 반영."
94,문자,0x974A,0x974B,82,・,60 12,2,e2f0d9,기존 일본어/PC-88 문장부호 토큰 반영. 일반/발화 변환 대상 아님.
95,문자,0x974C,0x974D,83,・,60 12,2,e2f0d9,기존 일본어/PC-88 문장부호 토큰 반영. 일반/발화 변환 대상 아님.
96,문자,0x974E,0x974F,84,・,60 12,2,e2f0d9,기존 일본어/PC-88 문장부호 토큰 반영. 일반/발화 변환 대상 아님.
97,문자,0x9750,0x9751,85,！,A0 12,2,e2f0d9,기존 일본어/PC-88 문장부호 토큰 반영. 일반/발화 변환 대상 아님.
98,제어,0x9752,0x9753,,,15 00,2,fce4d6,한글 재배치 기준 HL=9752→9754. 제어토큰 유지.
99,문자,0x9754,0x9755,86,・,60 12,2,e2f0d9,기존 일본어/PC-88 문장부호 토큰 반영. 일반/발화 변환 대상 아님.
100,문자,0x9756,0x9757,87,・,60 12,2,e2f0d9,기존 일본어/PC-88 문장부호 토큰 반영. 일반/발화 변환 대상 아님.
101,문자,0x9758,0x9759,88,・,60 12,2,e2f0d9,기존 일본어/PC-88 문장부호 토큰 반영. 일반/발화 변환 대상 아님.
102,제어,0x975A,0x975D,,,12 00 21 00,4,fce4d6,한글 재배치 기준 HL=975A→975E. 제어토큰 유지.
103,문자,0x975E,0x975F,89,꿈,68 24,2,e2f0d9,"연녹색 일반 문자행: 같은 glyph base 유지, 첫 바이트 OR 08h로 일반 문자 토큰 반영."
104,문자,0x9760,0x9761,90,이,98 DE,2,e2f0d9,"연녹색 일반 문자행: 같은 glyph base 유지, 첫 바이트 OR 08h로 일반 문자 토큰 반영."
105,문자,0x9762,0x9763,91,␠,18 12,2,e2f0d9,일본어 전각 공백 토큰 18 12 반영. 일반/발화 변환 대상 아님.
106,문자,0x9764,0x9765,92,아,08 56,2,e2f0d9,"연녹색 일반 문자행: 같은 glyph base 유지, 첫 바이트 OR 08h로 일반 문자 토큰 반영."
107,문자,0x9766,0x9767,93,니,F8 25,2,e2f0d9,"연녹색 일반 문자행: 같은 glyph base 유지, 첫 바이트 OR 08h로 일반 문자 토큰 반영."
108,문자,0x9768,0x9769,94,라,F8 30,2,e2f0d9,"연녹색 일반 문자행: 같은 glyph base 유지, 첫 바이트 OR 08h로 일반 문자 토큰 반영."
109,문자,0x976A,0x976B,95,고,88 20,2,e2f0d9,"연녹색 일반 문자행: 같은 glyph base 유지, 첫 바이트 OR 08h로 일반 문자 토큰 반영."
110,문자,0x976C,0x976D,96,！,A0 12,2,e2f0d9,기존 일본어/PC-88 문장부호 토큰 반영. 일반/발화 변환 대상 아님.
111,문자,0x976E,0x976F,97,？,90 12,2,e2f0d9,기존 일본어/PC-88 문장부호 토큰 반영. 일반/발화 변환 대상 아님.
112,문자,0x9770,0x9771,98,␠,18 12,2,e2f0d9,일본어 전각 공백 토큰 18 12 반영. 일반/발화 변환 대상 아님.
113,문자,0x9772,0x9773,99,어,08 70,2,e2f0d9,"연녹색 일반 문자행: 같은 glyph base 유지, 첫 바이트 OR 08h로 일반 문자 토큰 반영."
114,문자,0x9774,0x9775,100,째,88 E0,2,e2f0d9,"연녹색 일반 문자행: 같은 glyph base 유지, 첫 바이트 OR 08h로 일반 문자 토큰 반영."
115,문자,0x9776,0x9777,101,서,58 3D,2,e2f0d9,"연녹색 일반 문자행: 같은 glyph base 유지, 첫 바이트 OR 08h로 일반 문자 토큰 반영."
116,문자,0x9778,0x9779,102,！,A0 12,2,e2f0d9,기존 일본어/PC-88 문장부호 토큰 반영. 일반/발화 변환 대상 아님.
117,문자,0x977A,0x977B,103,？,90 12,2,e2f0d9,기존 일본어/PC-88 문장부호 토큰 반영. 일반/발화 변환 대상 아님.
118,제어,0x977C,0x977E,,,19 00 74,3,fce4d6,한글 재배치 기준 HL=977C→977F. 제어토큰 유지.
119,제어,0x977F,0x9780,,,15 00,2,fce4d6,한글 재배치 기준 HL=977F→9781. 제어토큰 유지.
120,제어,0x9781,0x9782,,,17 00,2,fce4d6,한글 재배치 기준 HL=9781→9783. 제어토큰 유지.
121,제어,0x9783,0x9785,,,1A 00 04,3,fce4d6,한글 재배치 기준 HL=9783→9786. 제어토큰 유지.
122,제어,0x9786,0x9787,,,16 00,2,fce4d6,한글 재배치 기준 HL=9786→9788. 제어토큰 유지.
123,문자,0x9788,0x9789,104,한,70 E3,2,e9ae2b,주황색 대화 발화 문자행: 패치 KANJI1 발화체 토큰 반영.
124,문자,0x978A,0x978B,105,때,80 30,2,e9ae2b,주황색 대화 발화 문자행: 패치 KANJI1 발화체 토큰 반영.
125,문자,0x978C,0x978D,106,는,E0 25,2,e9ae2b,주황색 대화 발화 문자행: 패치 KANJI1 발화체 토큰 반영.
126,문자,0x978E,0x978F,107,␠,18 12,2,e2f0d9,일본어 전각 공백 토큰 18 12 반영. 일반/발화 변환 대상 아님.
127,문자,0x9790,0x9791,108,어,00 70,2,e9ae2b,주황색 대화 발화 문자행: 패치 KANJI1 발화체 토큰 반영.
128,문자,0x9792,0x9793,109,떻,B0 30,2,e9ae2b,주황색 대화 발화 문자행: 패치 KANJI1 발화체 토큰 반영.
129,문자,0x9794,0x9795,110,게,00 20,2,e9ae2b,주황색 대화 발화 문자행: 패치 KANJI1 발화체 토큰 반영.
130,문자,0x9796,0x9797,111,␠,18 12,2,e2f0d9,일본어 전각 공백 토큰 18 12 반영. 일반/발화 변환 대상 아님.
131,문자,0x9798,0x9799,112,될,A0 2E,2,e9ae2b,주황색 대화 발화 문자행: 패치 KANJI1 발화체 토큰 반영.
132,문자,0x979A,0x979B,113,까,F0 21,2,e9ae2b,주황색 대화 발화 문자행: 패치 KANJI1 발화체 토큰 반영.
133,문자,0x979C,0x979D,114,␠,18 12,2,e2f0d9,일본어 전각 공백 토큰 18 12 반영. 일반/발화 변환 대상 아님.
134,문자,0x979E,0x979F,115,가,A0 17,2,e9ae2b,주황색 대화 발화 문자행: 패치 KANJI1 발화체 토큰 반영.
135,문자,0x97A0,0x97A1,116,슴,90 3F,2,e9ae2b,주황색 대화 발화 문자행: 패치 KANJI1 발화체 토큰 반영.
136,문자,0x97A2,0x97A3,117,을,50 DE,2,e9ae2b,주황색 대화 발화 문자행: 패치 KANJI1 발화체 토큰 반영.
137,문자,0x97A4,0x97A5,118,␠,18 12,2,e2f0d9,일본어 전각 공백 토큰 18 12 반영. 일반/발화 변환 대상 아님.
138,문자,0x97A6,0x97A7,119,졸,F0 F1,2,e9ae2b,주황색 대화 발화 문자행: 패치 KANJI1 발화체 토큰 반영.
139,문자,0x97A8,0x97A9,120,였,80 9F,2,e9ae2b,주황색 대화 발화 문자행: 패치 KANJI1 발화체 토큰 반영.
140,문자,0x97AA,0x97AB,121,지,10 E0,2,e9ae2b,주황색 대화 발화 문자행: 패치 KANJI1 발화체 토큰 반영.
141,문자,0x97AC,0x97AD,122,만,D0 34,2,e9ae2b,주황색 대화 발화 문자행: 패치 KANJI1 발화체 토큰 반영.
142,문자,0x97AE,0x97AF,123,・,60 12,2,e2f0d9,기존 일본어/PC-88 문장부호 토큰 반영. 일반/발화 변환 대상 아님.
143,문자,0x97B0,0x97B1,124,・,60 12,2,e2f0d9,기존 일본어/PC-88 문장부호 토큰 반영. 일반/발화 변환 대상 아님.
144,문자,0x97B2,0x97B3,125,・,60 12,2,e2f0d9,기존 일본어/PC-88 문장부호 토큰 반영. 일반/발화 변환 대상 아님.
145,문자,0x97B4,0x97B5,126,␠,18 12,2,e2f0d9,일본어 전각 공백 토큰 18 12 반영. 일반/발화 변환 대상 아님.
146,문자,0x97B6,0x97B7,127,실,E0 3F,2,e9ae2b,주황색 대화 발화 문자행: 패치 KANJI1 발화체 토큰 반영.
147,문자,0x97B8,0x97B9,128,로,D0 31,2,e9ae2b,주황색 대화 발화 문자행: 패치 KANJI1 발화체 토큰 반영.
148,문자,0x97BA,0x97BB,129,␠,18 12,2,e2f0d9,일본어 전각 공백 토큰 18 12 반영. 일반/발화 변환 대상 아님.
149,문자,0x97BC,0x97BD,130,잘,40 DF,2,e9ae2b,주황색 대화 발화 문자행: 패치 KANJI1 발화체 토큰 반영.
150,문자,0x97BE,0x97BF,131,␠,18 12,2,e2f0d9,일본어 전각 공백 토큰 18 12 반영. 일반/발화 변환 대상 아님.
151,문자,0x97C0,0x97C1,132,싸,00 46,2,e9ae2b,주황색 대화 발화 문자행: 패치 KANJI1 발화체 토큰 반영.
152,문자,0x97C2,0x97C3,133,워,F0 D7,2,e9ae2b,주황색 대화 발화 문자행: 패치 KANJI1 발화체 토큰 반영.
153,문자,0x97C4,0x97C5,134,주,F0 F5,2,e9ae2b,주황색 대화 발화 문자행: 패치 KANJI1 발화체 토큰 반영.
154,문자,0x97C6,0x97C7,135,셨,C0 3D,2,e9ae2b,주황색 대화 발화 문자행: 패치 KANJI1 발화체 토큰 반영.
155,문자,0x97C8,0x97C9,136,습,A0 3F,2,e9ae2b,주황색 대화 발화 문자행: 패치 KANJI1 발화체 토큰 반영.
156,문자,0x97CA,0x97CB,137,니,F0 25,2,e9ae2b,주황색 대화 발화 문자행: 패치 KANJI1 발화체 토큰 반영.
157,문자,0x97CC,0x97CD,138,다,C0 27,2,e9ae2b,주황색 대화 발화 문자행: 패치 KANJI1 발화체 토큰 반영.
158,문자,0x97CE,0x97CF,139,。,30 12,2,e2f0d9,기존 일본어/PC-88 문장부호 토큰 반영. 일반/발화 변환 대상 아님.
159,문자,0x97D0,0x97D1,140,참,D0 E0,2,e9ae2b,주황색 대화 발화 문자행: 패치 KANJI1 발화체 토큰 반영.
160,문자,0x97D2,0x97D3,141,으,30 DE,2,e9ae2b,주황색 대화 발화 문자행: 패치 KANJI1 발화체 토큰 반영.
161,문자,0x97D4,0x97D5,142,로,D0 31,2,e9ae2b,주황색 대화 발화 문자행: 패치 KANJI1 발화체 토큰 반영.
162,문자,0x97D6,0x97D7,143,␠,18 12,2,e2f0d9,일본어 전각 공백 토큰 18 12 반영. 일반/발화 변환 대상 아님.
163,문자,0x97D8,0x97D9,144,믿,70 39,2,e9ae2b,주황색 대화 발화 문자행: 패치 KANJI1 발화체 토큰 반영.
164,문자,0x97DA,0x97DB,145,음,60 DE,2,e9ae2b,주황색 대화 발화 문자행: 패치 KANJI1 발화체 토큰 반영.
165,문자,0x97DC,0x97DD,146,직,20 E0,2,e9ae2b,주황색 대화 발화 문자행: 패치 KANJI1 발화체 토큰 반영.
166,문자,0x97DE,0x97DF,147,스,70 3F,2,e9ae2b,주황색 대화 발화 문자행: 패치 KANJI1 발화체 토큰 반영.
167,문자,0x97E0,0x97E1,148,럽,80 31,2,e9ae2b,주황색 대화 발화 문자행: 패치 KANJI1 발화체 토큰 반영.
168,문자,0x97E2,0x97E3,149,습,A0 3F,2,e9ae2b,주황색 대화 발화 문자행: 패치 KANJI1 발화체 토큰 반영.
169,문자,0x97E4,0x97E5,150,니,F0 25,2,e9ae2b,주황색 대화 발화 문자행: 패치 KANJI1 발화체 토큰 반영.
170,문자,0x97E6,0x97E7,151,다,C0 27,2,e9ae2b,주황색 대화 발화 문자행: 패치 KANJI1 발화체 토큰 반영.
171,문자,0x97E8,0x97E9,152,。,30 12,2,e2f0d9,기존 일본어/PC-88 문장부호 토큰 반영. 일반/발화 변환 대상 아님.
172,제어,0x97EA,0x97EB,,,15 00,2,fce4d6,한글 재배치 기준 HL=97EA→97EC. 제어토큰 유지.
173,문자,0x97EC,0x97ED,153,제,F0 E3,2,e9ae2b,주황색 대화 발화 문자행: 패치 KANJI1 발화체 토큰 반영.
174,문자,0x97EE,0x97EF,154,␠,18 12,2,e2f0d9,일본어 전각 공백 토큰 18 12 반영. 일반/발화 변환 대상 아님.
175,문자,0x97F0,0x97F1,155,힘,70 E5,2,e9ae2b,주황색 대화 발화 문자행: 패치 KANJI1 발화체 토큰 반영.
176,문자,0x97F2,0x97F3,156,이,90 DE,2,e9ae2b,주황색 대화 발화 문자행: 패치 KANJI1 발화체 토큰 반영.
177,문자,0x97F4,0x97F5,157,␠,18 12,2,e2f0d9,일본어 전각 공백 토큰 18 12 반영. 일반/발화 변환 대상 아님.
178,문자,0x97F6,0x97F7,158,이,90 DE,2,e9ae2b,주황색 대화 발화 문자행: 패치 KANJI1 발화체 토큰 반영.
179,문자,0x97F8,0x97F9,159,제,F0 E3,2,e9ae2b,주황색 대화 발화 문자행: 패치 KANJI1 발화체 토큰 반영.
180,문자,0x97FA,0x97FB,160,␠,18 12,2,e2f0d9,일본어 전각 공백 토큰 18 12 반영. 일반/발화 변환 대상 아님.
181,문자,0x97FC,0x97FD,161,거,90 1D,2,e9ae2b,주황색 대화 발화 문자행: 패치 KANJI1 발화체 토큰 반영.
182,문자,0x97FE,0x97FF,162,의,80 DE,2,e9ae2b,주황색 대화 발화 문자행: 패치 KANJI1 발화체 토큰 반영.
183,문자,0x9800,0x9801,163,␠,18 12,2,e2f0d9,일본어 전각 공백 토큰 18 12 반영. 일반/발화 변환 대상 아님.
184,문자,0x9802,0x9803,164,현,30 E4,2,e9ae2b,주황색 대화 발화 문자행: 패치 KANJI1 발화체 토큰 반영.
185,문자,0x9804,0x9805,165,실,E0 3F,2,e9ae2b,주황색 대화 발화 문자행: 패치 KANJI1 발화체 토큰 반영.
186,문자,0x9806,0x9807,166,␠,18 12,2,e2f0d9,일본어 전각 공백 토큰 18 12 반영. 일반/발화 변환 대상 아님.
187,문자,0x9808,0x9809,167,세,A0 3D,2,e9ae2b,주황색 대화 발화 문자행: 패치 KANJI1 발화체 토큰 반영.
188,문자,0x980A,0x980B,168,계,70 20,2,e9ae2b,주황색 대화 발화 문자행: 패치 KANJI1 발화체 토큰 반영.
189,문자,0x980C,0x980D,169,에,40 9F,2,e9ae2b,주황색 대화 발화 문자행: 패치 KANJI1 발화체 토큰 반영.
190,문자,0x980E,0x980F,170,␠,18 12,2,e2f0d9,일본어 전각 공백 토큰 18 12 반영. 일반/발화 변환 대상 아님.
191,문자,0x9810,0x9811,171,닿,A0 2D,2,e9ae2b,주황색 대화 발화 문자행: 패치 KANJI1 발화체 토큰 반영.
192,문자,0x9812,0x9813,172,지,10 E0,2,e9ae2b,주황색 대화 발화 문자행: 패치 KANJI1 발화체 토큰 반영.
193,문자,0x9814,0x9815,173,␠,18 12,2,e2f0d9,일본어 전각 공백 토큰 18 12 반영. 일반/발화 변환 대상 아님.
194,문자,0x9816,0x9817,174,못,E0 35,2,e9ae2b,주황색 대화 발화 문자행: 패치 KANJI1 발화체 토큰 반영.
195,문자,0x9818,0x9819,175,하,50 E3,2,e9ae2b,주황색 대화 발화 문자행: 패치 KANJI1 발화체 토큰 반영.
196,문자,0x981A,0x981B,176,게,00 20,2,e9ae2b,주황색 대화 발화 문자행: 패치 KANJI1 발화체 토큰 반영.
197,문자,0x981C,0x981D,177,␠,18 12,2,e2f0d9,일본어 전각 공백 토큰 18 12 반영. 일반/발화 변환 대상 아님.
198,문자,0x981E,0x981F,178,되,80 2E,2,e9ae2b,주황색 대화 발화 문자행: 패치 KANJI1 발화체 토큰 반영.
199,문자,0x9820,0x9821,179,어,00 70,2,e9ae2b,주황색 대화 발화 문자행: 패치 KANJI1 발화체 토큰 반영.
200,문자,0x9822,0x9823,180,・,60 12,2,e2f0d9,기존 일본어/PC-88 문장부호 토큰 반영. 일반/발화 변환 대상 아님.
201,문자,0x9824,0x9825,181,・,60 12,2,e2f0d9,기존 일본어/PC-88 문장부호 토큰 반영. 일반/발화 변환 대상 아님.
202,문자,0x9826,0x9827,182,・,60 12,2,e2f0d9,기존 일본어/PC-88 문장부호 토큰 반영. 일반/발화 변환 대상 아님.
203,문자,0x9828,0x9829,183,␠,18 12,2,e2f0d9,일본어 전각 공백 토큰 18 12 반영. 일반/발화 변환 대상 아님.
204,문자,0x982A,0x982B,184,당,90 2D,2,e9ae2b,주황색 대화 발화 문자행: 패치 KANJI1 발화체 토큰 반영.
205,문자,0x982C,0x982D,185,신,D0 3F,2,e9ae2b,주황색 대화 발화 문자행: 패치 KANJI1 발화체 토큰 반영.
206,문자,0x982E,0x982F,186,을,50 DE,2,e9ae2b,주황색 대화 발화 문자행: 패치 KANJI1 발화체 토큰 반영.
207,문자,0x9830,0x9831,187,␠,18 12,2,e2f0d9,일본어 전각 공백 토큰 18 12 반영. 일반/발화 변환 대상 아님.
208,문자,0x9832,0x9833,188,부,00 3C,2,e9ae2b,주황색 대화 발화 문자행: 패치 KANJI1 발화체 토큰 반영.
209,문자,0x9834,0x9835,189,르,30 34,2,e9ae2b,주황색 대화 발화 문자행: 패치 KANJI1 발화체 토큰 반영.
210,문자,0x9836,0x9837,190,는,E0 25,2,e9ae2b,주황색 대화 발화 문자행: 패치 KANJI1 발화체 토큰 반영.
211,문자,0x9838,0x9839,191,␠,18 12,2,e2f0d9,일본어 전각 공백 토큰 18 12 반영. 일반/발화 변환 대상 아님.
212,문자,0x983A,0x983B,192,것,F0 1D,2,e9ae2b,주황색 대화 발화 문자행: 패치 KANJI1 발화체 토큰 반영.
213,문자,0x983C,0x983D,193,조,F0 EB,2,e9ae2b,주황색 대화 발화 문자행: 패치 KANJI1 발화체 토큰 반영.
214,문자,0x983E,0x983F,194,차,A0 E0,2,e9ae2b,주황색 대화 발화 문자행: 패치 KANJI1 발화체 토큰 반영.
215,문자,0x9840,0x9841,195,␠,18 12,2,e2f0d9,일본어 전각 공백 토큰 18 12 반영. 일반/발화 변환 대상 아님.
216,문자,0x9842,0x9843,196,어,00 70,2,e9ae2b,주황색 대화 발화 문자행: 패치 KANJI1 발화체 토큰 반영.
217,문자,0x9844,0x9845,197,려,B0 31,2,e9ae2b,주황색 대화 발화 문자행: 패치 KANJI1 발화체 토큰 반영.
218,문자,0x9846,0x9847,198,웠,F0 DD,2,e9ae2b,주황색 대화 발화 문자행: 패치 KANJI1 발화체 토큰 반영.
219,문자,0x9848,0x9849,199,습,A0 3F,2,e9ae2b,주황색 대화 발화 문자행: 패치 KANJI1 발화체 토큰 반영.
220,문자,0x984A,0x984B,200,니,F0 25,2,e9ae2b,주황색 대화 발화 문자행: 패치 KANJI1 발화체 토큰 반영.
221,문자,0x984C,0x984D,201,다,C0 27,2,e9ae2b,주황색 대화 발화 문자행: 패치 KANJI1 발화체 토큰 반영.
222,문자,0x984E,0x984F,202,。,30 12,2,e2f0d9,기존 일본어/PC-88 문장부호 토큰 반영. 일반/발화 변환 대상 아님.
223,제어,0x9850,0x9852,,,19 00 75,3,fce4d6,한글 재배치 기준 HL=9850→9853. 제어토큰 유지.
224,제어,0x9853,0x9854,,,15 00,2,fce4d6,한글 재배치 기준 HL=9853→9855. 제어토큰 유지.
225,제어,0x9855,0x9856,,,17 00,2,fce4d6,한글 재배치 기준 HL=9855→9857. 제어토큰 유지.
226,제어,0x9857,0x9859,,,1A 00 04,3,fce4d6,한글 재배치 기준 HL=9857→985A. 제어토큰 유지.
227,제어,0x985A,0x985B,,,16 00,2,fce4d6,한글 재배치 기준 HL=985A→985C. 제어토큰 유지.
228,문자,0x985C,0x985D,203,나,B0 24,2,e9ae2b,주황색 대화 발화 문자행: 패치 KANJI1 발화체 토큰 반영.
229,제어,0x985E,0x9862,,,12 00 23 21 00,5,fce4d6,한글 재배치 기준 HL=985E→9863. 제어토큰 유지.
230,문자,0x9863,0x9864,204,를,50 34,2,e9ae2b,주황색 대화 발화 문자행: 패치 KANJI1 발화체 토큰 반영.
231,문자,0x9865,0x9866,205,・,60 12,2,e2f0d9,기존 일본어/PC-88 문장부호 토큰 반영. 일반/발화 변환 대상 아님.
232,문자,0x9867,0x9868,206,・,60 12,2,e2f0d9,기존 일본어/PC-88 문장부호 토큰 반영. 일반/발화 변환 대상 아님.
233,문자,0x9869,0x986A,207,・,60 12,2,e2f0d9,기존 일본어/PC-88 문장부호 토큰 반영. 일반/발화 변환 대상 아님.
234,제어,0x986B,0x986F,,,12 00 23 21 00,5,fce4d6,한글 재배치 기준 HL=986B→9870. 제어토큰 유지.
235,문자,0x9870,0x9871,208,␠,18 12,2,e2f0d9,일본어 전각 공백 토큰 18 12 반영. 일반/발화 변환 대상 아님.
236,문자,0x9872,0x9873,209,나,B0 24,2,e9ae2b,주황색 대화 발화 문자행: 패치 KANJI1 발화체 토큰 반영.
237,문자,0x9874,0x9875,210,를,50 34,2,e9ae2b,주황색 대화 발화 문자행: 패치 KANJI1 발화체 토큰 반영.
238,문자,0x9876,0x9877,211,␠,18 12,2,e2f0d9,일본어 전각 공백 토큰 18 12 반영. 일반/발화 변환 대상 아님.
239,문자,0x9878,0x9879,212,부,00 3C,2,e9ae2b,주황색 대화 발화 문자행: 패치 KANJI1 발화체 토큰 반영.
240,문자,0x987A,0x987B,213,르,30 34,2,e9ae2b,주황색 대화 발화 문자행: 패치 KANJI1 발화체 토큰 반영.
241,문자,0x987C,0x987D,214,는,E0 25,2,e9ae2b,주황색 대화 발화 문자행: 패치 KANJI1 발화체 토큰 반영.
242,문자,0x987E,0x987F,215,␠,18 12,2,e2f0d9,일본어 전각 공백 토큰 18 12 반영. 일반/발화 변환 대상 아님.
243,문자,0x9880,0x9881,216,목,B0 35,2,e9ae2b,주황색 대화 발화 문자행: 패치 KANJI1 발화체 토큰 반영.
244,문자,0x9882,0x9883,217,소,D0 3D,2,e9ae2b,주황색 대화 발화 문자행: 패치 KANJI1 발화체 토큰 반영.
245,문자,0x9884,0x9885,218,리,70 34,2,e9ae2b,주황색 대화 발화 문자행: 패치 KANJI1 발화체 토큰 반영.
246,문자,0x9886,0x9887,219,가,A0 17,2,e9ae2b,주황색 대화 발화 문자행: 패치 KANJI1 발화체 토큰 반영.
247,문자,0x9888,0x9889,220,␠,18 12,2,e2f0d9,일본어 전각 공백 토큰 18 12 반영. 일반/발화 변환 대상 아님.
248,문자,0x988A,0x988B,221,너,50 25,2,e9ae2b,주황색 대화 발화 문자행: 패치 KANJI1 발화체 토큰 반영.
249,제어,0x988C,0x9890,,,12 00 23 21 00,5,fce4d6,한글 재배치 기준 HL=988C→9891. 제어토큰 유지.
250,문자,0x9891,0x9892,222,였,80 9F,2,e9ae2b,주황색 대화 발화 문자행: 패치 KANJI1 발화체 토큰 반영.
251,문자,0x9893,0x9894,223,어,00 70,2,e9ae2b,주황색 대화 발화 문자행: 패치 KANJI1 발화체 토큰 반영.
252,문자,0x9895,0x9896,224,！,A0 12,2,e2f0d9,기존 일본어/PC-88 문장부호 토큰 반영. 일반/발화 변환 대상 아님.
253,문자,0x9897,0x9898,225,？,90 12,2,e2f0d9,기존 일본어/PC-88 문장부호 토큰 반영. 일반/발화 변환 대상 아님.
254,문자,0x9899,0x989A,226,␠,18 12,2,e2f0d9,일본어 전각 공백 토큰 18 12 반영. 일반/발화 변환 대상 아님.
255,문자,0x989B,0x989C,227,넌,60 25,2,e9ae2b,주황색 대화 발화 문자행: 패치 KANJI1 발화체 토큰 반영.
256,문자,0x989D,0x989E,228,␠,18 12,2,e2f0d9,일본어 전각 공백 토큰 18 12 반영. 일반/발화 변환 대상 아님.
257,문자,0x989F,0x98A0,229,누,C0 25,2,e9ae2b,주황색 대화 발화 문자행: 패치 KANJI1 발화체 토큰 반영.
258,문자,0x98A1,0x98A2,230,구,00 21,2,e9ae2b,주황색 대화 발화 문자행: 패치 KANJI1 발화체 토큰 반영.
259,문자,0x98A3,0x98A4,231,야,00 6C,2,e9ae2b,주황색 대화 발화 문자행: 패치 KANJI1 발화체 토큰 반영.
260,문자,0x98A5,0x98A6,232,！,A0 12,2,e2f0d9,기존 일본어/PC-88 문장부호 토큰 반영. 일반/발화 변환 대상 아님.
261,문자,0x98A7,0x98A8,233,？,90 12,2,e2f0d9,기존 일본어/PC-88 문장부호 토큰 반영. 일반/발화 변환 대상 아님.
262,제어,0x98A9,0x98AD,,,12 00 23 21 00,5,fce4d6,한글 재배치 기준 HL=98A9→98AE. 제어토큰 유지.
263,문자,0x98AE,0x98AF,234,␠,18 12,2,e2f0d9,일본어 전각 공백 토큰 18 12 반영. 일반/발화 변환 대상 아님.
264,문자,0x98B0,0x98B1,235,여,50 9F,2,e9ae2b,주황색 대화 발화 문자행: 패치 KANJI1 발화체 토큰 반영.
265,문자,0x98B2,0x98B3,236,긴,C0 21,2,e9ae2b,주황색 대화 발화 문자행: 패치 KANJI1 발화체 토큰 반영.
266,문자,0x98B4,0x98B5,237,␠,18 12,2,e2f0d9,일본어 전각 공백 토큰 18 12 반영. 일반/발화 변환 대상 아님.
267,문자,0x98B6,0x98B7,238,대,B0 2D,2,e9ae2b,주황색 대화 발화 문자행: 패치 KANJI1 발화체 토큰 반영.
268,문자,0x98B8,0x98B9,239,체,30 E1,2,e9ae2b,주황색 대화 발화 문자행: 패치 KANJI1 발화체 토큰 반영.
269,문자,0x98BA,0x98BB,240,␠,18 12,2,e2f0d9,일본어 전각 공백 토큰 18 12 반영. 일반/발화 변환 대상 아님.
270,문자,0x98BC,0x98BD,241,어,00 70,2,e9ae2b,주황색 대화 발화 문자행: 패치 KANJI1 발화체 토큰 반영.
271,문자,0x98BE,0x98BF,242,디,20 30,2,e9ae2b,주황색 대화 발화 문자행: 패치 KANJI1 발화체 토큰 반영.
272,문자,0x98C0,0x98C1,243,고,80 20,2,e9ae2b,주황색 대화 발화 문자행: 패치 KANJI1 발화체 토큰 반영.
273,문자,0x98C2,0x98C3,244,！,A0 12,2,e2f0d9,기존 일본어/PC-88 문장부호 토큰 반영. 일반/발화 변환 대상 아님.
274,제어,0x98C4,0x98C8,,,12 00 23 21 00,5,fce4d6,한글 재배치 기준 HL=98C4→98C9. 제어토큰 유지.
275,문자,0x98C9,0x98CA,245,？,90 12,2,e2f0d9,기존 일본어/PC-88 문장부호 토큰 반영. 일반/발화 변환 대상 아님.
276,제어,0x98CB,0x98CF,,,12 00 23 21 00,5,fce4d6,한글 재배치 기준 HL=98CB→98D0. 제어토큰 유지.
277,제어,0x98D0,0x98D1,,,15 00,2,fce4d6,한글 재배치 기준 HL=98D0→98D2. 제어토큰 유지.
278,문자,0x98D2,0x98D3,246,이,90 DE,2,e9ae2b,주황색 대화 발화 문자행: 패치 KANJI1 발화체 토큰 반영.
279,문자,0x98D4,0x98D5,247,게,00 20,2,e9ae2b,주황색 대화 발화 문자행: 패치 KANJI1 발화체 토큰 반영.
280,문자,0x98D6,0x98D7,248,␠,18 12,2,e2f0d9,일본어 전각 공백 토큰 18 12 반영. 일반/발화 변환 대상 아님.
281,제어,0x98D8,0x98DB,,,12 00 23 00,4,fce4d6,한글 재배치 기준 HL=98D8→98DC. 제어토큰 유지.
282,문자,0x98DC,0x98DD,249,꿈,60 24,2,e9ae2b,주황색 대화 발화 문자행: 패치 KANJI1 발화체 토큰 반영.
283,문자,0x98DE,0x98DF,250,이,90 DE,2,e9ae2b,주황색 대화 발화 문자행: 패치 KANJI1 발화체 토큰 반영.
284,문자,0x98E0,0x98E1,251,␠,18 12,2,e2f0d9,일본어 전각 공백 토큰 18 12 반영. 일반/발화 변환 대상 아님.
285,문자,0x98E2,0x98E3,252,아,00 56,2,e9ae2b,주황색 대화 발화 문자행: 패치 KANJI1 발화체 토큰 반영.
286,문자,0x98E4,0x98E5,253,니,F0 25,2,e9ae2b,주황색 대화 발화 문자행: 패치 KANJI1 발화체 토큰 반영.
287,문자,0x98E6,0x98E7,254,라,F0 30,2,e9ae2b,주황색 대화 발화 문자행: 패치 KANJI1 발화체 토큰 반영.
288,문자,0x98E8,0x98E9,255,면,70 35,2,e9ae2b,주황색 대화 발화 문자행: 패치 KANJI1 발화체 토큰 반영.
289,문자,0x98EA,0x98EB,256,␠,18 12,2,e2f0d9,일본어 전각 공백 토큰 18 12 반영. 일반/발화 변환 대상 아님.
290,문자,0x98EC,0x98ED,257,대,B0 2D,2,e9ae2b,주황색 대화 발화 문자행: 패치 KANJI1 발화체 토큰 반영.
291,문자,0x98EE,0x98EF,258,체,30 E1,2,e9ae2b,주황색 대화 발화 문자행: 패치 KANJI1 발화체 토큰 반영.
292,문자,0x98F0,0x98F1,259,␠,18 12,2,e2f0d9,일본어 전각 공백 토큰 18 12 반영. 일반/발화 변환 대상 아님.
293,문자,0x98F2,0x98F3,260,뭔,F0 37,2,e9ae2b,주황색 대화 발화 문자행: 패치 KANJI1 발화체 토큰 반영.
294,문자,0x98F4,0x98F5,261,데,F0 2D,2,e9ae2b,주황색 대화 발화 문자행: 패치 KANJI1 발화체 토큰 반영.
295,문자,0x98F6,0x98F7,262,・,60 12,2,e2f0d9,기존 일본어/PC-88 문장부호 토큰 반영. 일반/발화 변환 대상 아님.
296,문자,0x98F8,0x98F9,263,・,60 12,2,e2f0d9,기존 일본어/PC-88 문장부호 토큰 반영. 일반/발화 변환 대상 아님.
297,문자,0x98FA,0x98FB,264,・,60 12,2,e2f0d9,기존 일본어/PC-88 문장부호 토큰 반영. 일반/발화 변환 대상 아님.
298,문자,0x98FC,0x98FD,265,！,A0 12,2,e2f0d9,기존 일본어/PC-88 문장부호 토큰 반영. 일반/발화 변환 대상 아님.
299,제어,0x98FE,0x9900,,,19 00 74,3,fce4d6,한글 재배치 기준 HL=98FE→9901. 제어토큰 유지.
300,제어,0x9901,0x9902,,,15 00,2,fce4d6,한글 재배치 기준 HL=9901→9903. 제어토큰 유지.
301,제어,0x9903,0x9904,,,17 00,2,fce4d6,한글 재배치 기준 HL=9903→9905. 제어토큰 유지.
302,제어,0x9905,0x9907,,,1A 00 04,3,fce4d6,한글 재배치 기준 HL=9905→9908. 제어토큰 유지.
303,제어,0x9908,0x9909,,,16 00,2,fce4d6,한글 재배치 기준 HL=9908→990A. 제어토큰 유지.
304,문자,0x990A,0x990B,266,부,00 3C,2,e9ae2b,주황색 대화 발화 문자행: 패치 KANJI1 발화체 토큰 반영.
305,문자,0x990C,0x990D,267,디,20 30,2,e9ae2b,주황색 대화 발화 문자행: 패치 KANJI1 발화체 토큰 반영.
306,문자,0x990E,0x990F,268,␠,18 12,2,e2f0d9,일본어 전각 공백 토큰 18 12 반영. 일반/발화 변환 대상 아님.
307,문자,0x9910,0x9911,269,마,B0 34,2,e9ae2b,주황색 대화 발화 문자행: 패치 KANJI1 발화체 토큰 반영.
308,문자,0x9912,0x9913,270,음,60 DE,2,e9ae2b,주황색 대화 발화 문자행: 패치 KANJI1 발화체 토큰 반영.
309,문자,0x9914,0x9915,271,을,50 DE,2,e9ae2b,주황색 대화 발화 문자행: 패치 KANJI1 발화체 토큰 반영.
310,문자,0x9916,0x9917,272,␠,18 12,2,e2f0d9,일본어 전각 공백 토큰 18 12 반영. 일반/발화 변환 대상 아님.
311,문자,0x9918,0x9919,273,가,A0 17,2,e9ae2b,주황색 대화 발화 문자행: 패치 KANJI1 발화체 토큰 반영.
312,문자,0x991A,0x991B,274,라,F0 30,2,e9ae2b,주황색 대화 발화 문자행: 패치 KANJI1 발화체 토큰 반영.
313,문자,0x991C,0x991D,275,앉,00 5C,2,e9ae2b,주황색 대화 발화 문자행: 패치 KANJI1 발화체 토큰 반영.
314,문자,0x991E,0x991F,276,히,60 E5,2,e9ae2b,주황색 대화 발화 문자행: 패치 KANJI1 발화체 토큰 반영.
315,문자,0x9920,0x9921,277,세,A0 3D,2,e9ae2b,주황색 대화 발화 문자행: 패치 KANJI1 발화체 토큰 반영.
316,문자,0x9922,0x9923,278,요,F0 C7,2,e9ae2b,주황색 대화 발화 문자행: 패치 KANJI1 발화체 토큰 반영.
317,문자,0x9924,0x9925,279,、,20 12,2,e2f0d9,기존 일본어/PC-88 문장부호 토큰 반영. 일반/발화 변환 대상 아님.
318,문자,0x9926,0x9927,280,유,20 DE,2,e9ae2b,주황색 대화 발화 문자행: 패치 KANJI1 발화체 토큰 반영.
319,문자,0x9928,0x9929,281,코,10 E2,2,e9ae2b,주황색 대화 발화 문자행: 패치 KANJI1 발화체 토큰 반영.
320,문자,0x992A,0x992B,282,・,60 12,2,e2f0d9,기존 일본어/PC-88 문장부호 토큰 반영. 일반/발화 변환 대상 아님.
321,문자,0x992C,0x992D,283,・,60 12,2,e2f0d9,기존 일본어/PC-88 문장부호 토큰 반영. 일반/발화 변환 대상 아님.
322,문자,0x992E,0x992F,284,・,60 12,2,e2f0d9,기존 일본어/PC-88 문장부호 토큰 반영. 일반/발화 변환 대상 아님.
323,문자,0x9930,0x9931,285,␠,18 12,2,e2f0d9,일본어 전각 공백 토큰 18 12 반영. 일반/발화 변환 대상 아님.
324,문자,0x9932,0x9933,286,방,D0 39,2,e9ae2b,주황색 대화 발화 문자행: 패치 KANJI1 발화체 토큰 반영.
325,문자,0x9934,0x9935,287,금,80 21,2,e9ae2b,주황색 대화 발화 문자행: 패치 KANJI1 발화체 토큰 반영.
326,문자,0x9936,0x9937,288,␠,18 12,2,e2f0d9,일본어 전각 공백 토큰 18 12 반영. 일반/발화 변환 대상 아님.
327,문자,0x9938,0x9939,289,전,B0 DF,2,e9ae2b,주황색 대화 발화 문자행: 패치 KANJI1 발화체 토큰 반영.
328,문자,0x993A,0x993B,290,의,80 DE,2,e9ae2b,주황색 대화 발화 문자행: 패치 KANJI1 발화체 토큰 반영.
329,문자,0x993C,0x993D,291,␠,18 12,2,e2f0d9,일본어 전각 공백 토큰 18 12 반영. 일반/발화 변환 대상 아님.
330,문자,0x993E,0x993F,292,싸,00 46,2,e9ae2b,주황색 대화 발화 문자행: 패치 KANJI1 발화체 토큰 반영.
331,문자,0x9940,0x9941,293,움,F0 D5,2,e9ae2b,주황색 대화 발화 문자행: 패치 KANJI1 발화체 토큰 반영.
332,문자,0x9942,0x9943,294,으,30 DE,2,e9ae2b,주황색 대화 발화 문자행: 패치 KANJI1 발화체 토큰 반영.
333,문자,0x9944,0x9945,295,로,D0 31,2,e9ae2b,주황색 대화 발화 문자행: 패치 KANJI1 발화체 토큰 반영.
334,문자,0x9946,0x9947,296,␠,18 12,2,e2f0d9,일본어 전각 공백 토큰 18 12 반영. 일반/발화 변환 대상 아님.
335,문자,0x9948,0x9949,297,감,E0 17,2,e9ae2b,주황색 대화 발화 문자행: 패치 KANJI1 발화체 토큰 반영.
336,문자,0x994A,0x994B,298,정,F0 DF,2,e9ae2b,주황색 대화 발화 문자행: 패치 KANJI1 발화체 토큰 반영.
337,문자,0x994C,0x994D,299,이,90 DE,2,e9ae2b,주황색 대화 발화 문자행: 패치 KANJI1 발화체 토큰 반영.
338,문자,0x994E,0x994F,300,␠,18 12,2,e2f0d9,일본어 전각 공백 토큰 18 12 반영. 일반/발화 변환 대상 아님.
339,문자,0x9950,0x9951,301,격,30 20,2,e9ae2b,주황색 대화 발화 문자행: 패치 KANJI1 발화체 토큰 반영.
340,문자,0x9952,0x9953,302,해,B0 E3,2,e9ae2b,주황색 대화 발화 문자행: 패치 KANJI1 발화체 토큰 반영.
341,문자,0x9954,0x9955,303,지,10 E0,2,e9ae2b,주황색 대화 발화 문자행: 패치 KANJI1 발화체 토큰 반영.
342,문자,0x9956,0x9957,304,는,E0 25,2,e9ae2b,주황색 대화 발화 문자행: 패치 KANJI1 발화체 토큰 반영.
343,문자,0x9958,0x9959,305,␠,18 12,2,e2f0d9,일본어 전각 공백 토큰 18 12 반영. 일반/발화 변환 대상 아님.
344,문자,0x995A,0x995B,306,건,B0 1D,2,e9ae2b,주황색 대화 발화 문자행: 패치 KANJI1 발화체 토큰 반영.
345,문자,0x995C,0x995D,307,␠,18 12,2,e2f0d9,일본어 전각 공백 토큰 18 12 반영. 일반/발화 변환 대상 아님.
346,문자,0x995E,0x995F,308,이,90 DE,2,e9ae2b,주황색 대화 발화 문자행: 패치 KANJI1 발화체 토큰 반영.
347,문자,0x9960,0x9961,309,해,B0 E3,2,e9ae2b,주황색 대화 발화 문자행: 패치 KANJI1 발화체 토큰 반영.
348,문자,0x9962,0x9963,310,하,50 E3,2,e9ae2b,주황색 대화 발화 문자행: 패치 KANJI1 발화체 토큰 반영.
349,문자,0x9964,0x9965,311,지,10 E0,2,e9ae2b,주황색 대화 발화 문자행: 패치 KANJI1 발화체 토큰 반영.
350,문자,0x9966,0x9967,312,만,D0 34,2,e9ae2b,주황색 대화 발화 문자행: 패치 KANJI1 발화체 토큰 반영.
351,문자,0x9968,0x9969,313,、,20 12,2,e2f0d9,기존 일본어/PC-88 문장부호 토큰 반영. 일반/발화 변환 대상 아님.
352,문자,0x996A,0x996B,314,이,90 DE,2,e9ae2b,주황색 대화 발화 문자행: 패치 KANJI1 발화체 토큰 반영.
353,문자,0x996C,0x996D,315,건,B0 1D,2,e9ae2b,주황색 대화 발화 문자행: 패치 KANJI1 발화체 토큰 반영.
354,문자,0x996E,0x996F,316,␠,18 12,2,e2f0d9,일본어 전각 공백 토큰 18 12 반영. 일반/발화 변환 대상 아님.
355,문자,0x9970,0x9971,317,꿈,60 24,2,e9ae2b,주황색 대화 발화 문자행: 패치 KANJI1 발화체 토큰 반영.
356,문자,0x9972,0x9973,318,이,90 DE,2,e9ae2b,주황색 대화 발화 문자행: 패치 KANJI1 발화체 토큰 반영.
357,문자,0x9974,0x9975,319,␠,18 12,2,e2f0d9,일본어 전각 공백 토큰 18 12 반영. 일반/발화 변환 대상 아님.
358,문자,0x9976,0x9977,320,아,00 56,2,e9ae2b,주황색 대화 발화 문자행: 패치 KANJI1 발화체 토큰 반영.
359,문자,0x9978,0x9979,321,닙,B0 27,2,e9ae2b,주황색 대화 발화 문자행: 패치 KANJI1 발화체 토큰 반영.
360,문자,0x997A,0x997B,322,니,F0 25,2,e9ae2b,주황색 대화 발화 문자행: 패치 KANJI1 발화체 토큰 반영.
361,문자,0x997C,0x997D,323,다,C0 27,2,e9ae2b,주황색 대화 발화 문자행: 패치 KANJI1 발화체 토큰 반영.
362,문자,0x997E,0x997F,324,。,30 12,2,e2f0d9,기존 일본어/PC-88 문장부호 토큰 반영. 일반/발화 변환 대상 아님.
363,제어,0x9980,0x9981,,,15 00,2,fce4d6,한글 재배치 기준 HL=9980→9982. 제어토큰 유지.
364,문자,0x9982,0x9983,325,・,60 12,2,e2f0d9,기존 일본어/PC-88 문장부호 토큰 반영. 일반/발화 변환 대상 아님.
365,문자,0x9984,0x9985,326,・,60 12,2,e2f0d9,기존 일본어/PC-88 문장부호 토큰 반영. 일반/발화 변환 대상 아님.
366,문자,0x9986,0x9987,327,・,60 12,2,e2f0d9,기존 일본어/PC-88 문장부호 토큰 반영. 일반/발화 변환 대상 아님.
367,문자,0x9988,0x9989,328,제,F0 E3,2,e9ae2b,주황색 대화 발화 문자행: 패치 KANJI1 발화체 토큰 반영.
368,문자,0x998A,0x998B,329,␠,18 12,2,e2f0d9,일본어 전각 공백 토큰 18 12 반영. 일반/발화 변환 대상 아님.
369,문자,0x998C,0x998D,330,이,90 DE,2,e9ae2b,주황색 대화 발화 문자행: 패치 KANJI1 발화체 토큰 반영.
370,문자,0x998E,0x998F,331,름,60 34,2,e9ae2b,주황색 대화 발화 문자행: 패치 KANJI1 발화체 토큰 반영.
371,문자,0x9990,0x9991,332,은,40 DE,2,e9ae2b,주황색 대화 발화 문자행: 패치 KANJI1 발화체 토큰 반영.
372,문자,0x9992,0x9993,333,␠,18 12,2,e2f0d9,일본어 전각 공백 토큰 18 12 반영. 일반/발화 변환 대상 아님.
373,문자,0x9994,0x9995,334,바,80 39,2,e9ae2b,주황색 대화 발화 문자행: 패치 KANJI1 발화체 토큰 반영.
374,문자,0x9996,0x9997,335,리,70 34,2,e9ae2b,주황색 대화 발화 문자행: 패치 KANJI1 발화체 토큰 반영.
375,문자,0x9998,0x9999,336,아,00 56,2,e9ae2b,주황색 대화 발화 문자행: 패치 KANJI1 발화체 토큰 반영.
376,문자,0x999A,0x999B,337,。,30 12,2,e2f0d9,기존 일본어/PC-88 문장부호 토큰 반영. 일반/발화 변환 대상 아님.
377,문자,0x999C,0x999D,338,이,90 DE,2,e9ae2b,주황색 대화 발화 문자행: 패치 KANJI1 발화체 토큰 반영.
378,문자,0x999E,0x999F,339,곳,90 20,2,e9ae2b,주황색 대화 발화 문자행: 패치 KANJI1 발화체 토큰 반영.
379,문자,0x99A0,0x99A1,340,은,40 DE,2,e9ae2b,주황색 대화 발화 문자행: 패치 KANJI1 발화체 토큰 반영.
380,문자,0x99A2,0x99A3,341,␠,18 12,2,e2f0d9,일본어 전각 공백 토큰 18 12 반영. 일반/발화 변환 대상 아님.
381,문자,0x99A4,0x99A5,342,베,90 3B,2,e9ae2b,주황색 대화 발화 문자행: 패치 KANJI1 발화체 토큰 반영.
382,문자,0x99A6,0x99A7,343,니,F0 25,2,e9ae2b,주황색 대화 발화 문자행: 패치 KANJI1 발화체 토큰 반영.
383,문자,0x99A8,0x99A9,344,티,D0 E2,2,e9ae2b,주황색 대화 발화 문자행: 패치 KANJI1 발화체 토큰 반영.
384,문자,0x99AA,0x99AB,345,라,F0 30,2,e9ae2b,주황색 대화 발화 문자행: 패치 KANJI1 발화체 토큰 반영.
385,문자,0x99AC,0x99AD,346,␠,18 12,2,e2f0d9,일본어 전각 공백 토큰 18 12 반영. 일반/발화 변환 대상 아님.
386,문자,0x99AE,0x99AF,347,불,20 3C,2,e9ae2b,주황색 대화 발화 문자행: 패치 KANJI1 발화체 토큰 반영.
387,문자,0x99B0,0x99B1,348,리,70 34,2,e9ae2b,주황색 대화 발화 문자행: 패치 KANJI1 발화체 토큰 반영.
388,문자,0x99B2,0x99B3,349,는,E0 25,2,e9ae2b,주황색 대화 발화 문자행: 패치 KANJI1 발화체 토큰 반영.
389,문자,0x99B4,0x99B5,350,、,20 12,2,e2f0d9,기존 일본어/PC-88 문장부호 토큰 반영. 일반/발화 변환 대상 아님.
390,문자,0x99B6,0x99B7,351,당,90 2D,2,e9ae2b,주황색 대화 발화 문자행: 패치 KANJI1 발화체 토큰 반영.
391,문자,0x99B8,0x99B9,352,신,D0 3F,2,e9ae2b,주황색 대화 발화 문자행: 패치 KANJI1 발화체 토큰 반영.
392,문자,0x99BA,0x99BB,353,들,10 30,2,e9ae2b,주황색 대화 발화 문자행: 패치 KANJI1 발화체 토큰 반영.
393,문자,0x99BC,0x99BD,354,의,80 DE,2,e9ae2b,주황색 대화 발화 문자행: 패치 KANJI1 발화체 토큰 반영.
394,문자,0x99BE,0x99BF,355,␠,18 12,2,e2f0d9,일본어 전각 공백 토큰 18 12 반영. 일반/발화 변환 대상 아님.
395,문자,0x99C0,0x99C1,356,세,A0 3D,2,e9ae2b,주황색 대화 발화 문자행: 패치 KANJI1 발화체 토큰 반영.
396,문자,0x99C2,0x99C3,357,계,70 20,2,e9ae2b,주황색 대화 발화 문자행: 패치 KANJI1 발화체 토큰 반영.
397,문자,0x99C4,0x99C5,358,와,E0 9F,2,e9ae2b,주황색 대화 발화 문자행: 패치 KANJI1 발화체 토큰 반영.
398,문자,0x99C6,0x99C7,359,는,E0 25,2,e9ae2b,주황색 대화 발화 문자행: 패치 KANJI1 발화체 토큰 반영.
399,문자,0x99C8,0x99C9,360,␠,18 12,2,e2f0d9,일본어 전각 공백 토큰 18 12 반영. 일반/발화 변환 대상 아님.
400,문자,0x99CA,0x99CB,361,다,C0 27,2,e9ae2b,주황색 대화 발화 문자행: 패치 KANJI1 발화체 토큰 반영.
401,문자,0x99CC,0x99CD,362,른,40 34,2,e9ae2b,주황색 대화 발화 문자행: 패치 KANJI1 발화체 토큰 반영.
402,문자,0x99CE,0x99CF,363,␠,18 12,2,e2f0d9,일본어 전각 공백 토큰 18 12 반영. 일반/발화 변환 대상 아님.
403,문자,0x99D0,0x99D1,364,차,A0 E0,2,e9ae2b,주황색 대화 발화 문자행: 패치 KANJI1 발화체 토큰 반영.
404,문자,0x99D2,0x99D3,365,원,F0 D9,2,e9ae2b,주황색 대화 발화 문자행: 패치 KANJI1 발화체 토큰 반영.
405,문자,0x99D4,0x99D5,366,의,80 DE,2,e9ae2b,주황색 대화 발화 문자행: 패치 KANJI1 발화체 토큰 반영.
406,문자,0x99D6,0x99D7,367,␠,18 12,2,e2f0d9,일본어 전각 공백 토큰 18 12 반영. 일반/발화 변환 대상 아님.
407,문자,0x99D8,0x99D9,368,공,A0 20,2,e9ae2b,주황색 대화 발화 문자행: 패치 KANJI1 발화체 토큰 반영.
408,문자,0x99DA,0x99DB,369,간,C0 17,2,e9ae2b,주황색 대화 발화 문자행: 패치 KANJI1 발화체 토큰 반영.
409,문자,0x99DC,0x99DD,370,입,E0 DE,2,e9ae2b,주황색 대화 발화 문자행: 패치 KANJI1 발화체 토큰 반영.
410,문자,0x99DE,0x99DF,371,니,F0 25,2,e9ae2b,주황색 대화 발화 문자행: 패치 KANJI1 발화체 토큰 반영.
411,문자,0x99E0,0x99E1,372,다,C0 27,2,e9ae2b,주황색 대화 발화 문자행: 패치 KANJI1 발화체 토큰 반영.
412,문자,0x99E2,0x99E3,373,。,30 12,2,e9ae2b,기존 일본어/PC-88 문장부호 토큰 반영. 일반/발화 변환 대상 아님.
413,제어,0x99E4,0x99E5,,,15 00,2,fce4d6,한글 재배치 기준 HL=99E4→99E6. 제어토큰 유지.
414,문자,0x99E6,0x99E7,374,유,20 DE,2,e9ae2b,주황색 대화 발화 문자행: 패치 KANJI1 발화체 토큰 반영.
415,문자,0x99E8,0x99E9,375,코,10 E2,2,e9ae2b,주황색 대화 발화 문자행: 패치 KANJI1 발화체 토큰 반영.
416,문자,0x99EA,0x99EB,376,・,60 12,2,e2f0d9,기존 일본어/PC-88 문장부호 토큰 반영. 일반/발화 변환 대상 아님.
417,문자,0x99EC,0x99ED,377,・,60 12,2,e2f0d9,기존 일본어/PC-88 문장부호 토큰 반영. 일반/발화 변환 대상 아님.
418,문자,0x99EE,0x99EF,378,・,60 12,2,e2f0d9,기존 일본어/PC-88 문장부호 토큰 반영. 일반/발화 변환 대상 아님.
419,문자,0x99F0,0x99F1,379,␠,18 12,2,e2f0d9,일본어 전각 공백 토큰 18 12 반영. 일반/발화 변환 대상 아님.
420,문자,0x99F2,0x99F3,380,모,A0 35,2,e9ae2b,주황색 대화 발화 문자행: 패치 KANJI1 발화체 토큰 반영.
421,문자,0x99F4,0x99F5,381,든,00 30,2,e9ae2b,주황색 대화 발화 문자행: 패치 KANJI1 발화체 토큰 반영.
422,문자,0x99F6,0x99F7,382,␠,18 12,2,e2f0d9,일본어 전각 공백 토큰 18 12 반영. 일반/발화 변환 대상 아님.
423,문자,0x99F8,0x99F9,383,게,00 20,2,e9ae2b,주황색 대화 발화 문자행: 패치 KANJI1 발화체 토큰 반영.
424,문자,0x99FA,0x99FB,384,␠,18 12,2,e2f0d9,일본어 전각 공백 토큰 18 12 반영. 일반/발화 변환 대상 아님.
425,문자,0x99FC,0x99FD,385,믿,70 39,2,e9ae2b,주황색 대화 발화 문자행: 패치 KANJI1 발화체 토큰 반영.
426,문자,0x99FE,0x99FF,386,기,B0 21,2,e9ae2b,주황색 대화 발화 문자행: 패치 KANJI1 발화체 토큰 반영.
427,문자,0x9A00,0x9A01,387,지,10 E0,2,e9ae2b,주황색 대화 발화 문자행: 패치 KANJI1 발화체 토큰 반영.
428,문자,0x9A02,0x9A03,388,␠,18 12,2,e2f0d9,일본어 전각 공백 토큰 18 12 반영. 일반/발화 변환 대상 아님.
429,문자,0x9A04,0x9A05,389,않,00 5E,2,e9ae2b,주황색 대화 발화 문자행: 패치 KANJI1 발화체 토큰 반영.
430,문자,0x9A06,0x9A07,390,고,80 20,2,e9ae2b,주황색 대화 발화 문자행: 패치 KANJI1 발화체 토큰 반영.
431,문자,0x9A08,0x9A09,391,␠,18 12,2,e2f0d9,일본어 전각 공백 토큰 18 12 반영. 일반/발화 변환 대상 아님.
432,문자,0x9A0A,0x9A0B,392,혼,70 E4,2,e9ae2b,주황색 대화 발화 문자행: 패치 KANJI1 발화체 토큰 반영.
433,문자,0x9A0C,0x9A0D,393,란,00 31,2,e9ae2b,주황색 대화 발화 문자행: 패치 KANJI1 발화체 토큰 반영.
434,문자,0x9A0E,0x9A0F,394,스,70 3F,2,e9ae2b,주황색 대화 발화 문자행: 패치 KANJI1 발화체 토큰 반영.
435,문자,0x9A10,0x9A11,395,럽,80 31,2,e9ae2b,주황색 대화 발화 문자행: 패치 KANJI1 발화체 토큰 반영.
436,문자,0x9A12,0x9A13,396,겠,10 20,2,e9ae2b,주황색 대화 발화 문자행: 패치 KANJI1 발화체 토큰 반영.
437,문자,0x9A14,0x9A15,397,지,10 E0,2,e9ae2b,주황색 대화 발화 문자행: 패치 KANJI1 발화체 토큰 반영.
438,문자,0x9A16,0x9A17,398,요,F0 C7,2,e9ae2b,주황색 대화 발화 문자행: 패치 KANJI1 발화체 토큰 반영.
439,문자,0x9A18,0x9A19,399,。,30 12,2,e2f0d9,기존 일본어/PC-88 문장부호 토큰 반영. 일반/발화 변환 대상 아님.
440,문자,0x9A1A,0x9A1B,400,그,50 21,2,e9ae2b,주황색 대화 발화 문자행: 패치 KANJI1 발화체 토큰 반영.
441,문자,0x9A1C,0x9A1D,401,래,30 31,2,e9ae2b,주황색 대화 발화 문자행: 패치 KANJI1 발화체 토큰 반영.
442,문자,0x9A1E,0x9A1F,402,도,20 2E,2,e9ae2b,주황색 대화 발화 문자행: 패치 KANJI1 발화체 토큰 반영.
443,문자,0x9A20,0x9A21,403,␠,18 12,2,e2f0d9,일본어 전각 공백 토큰 18 12 반영. 일반/발화 변환 대상 아님.
444,문자,0x9A22,0x9A23,404,제,F0 E3,2,e9ae2b,주황색 대화 발화 문자행: 패치 KANJI1 발화체 토큰 반영.
445,문자,0x9A24,0x9A25,405,␠,18 12,2,e2f0d9,일본어 전각 공백 토큰 18 12 반영. 일반/발화 변환 대상 아님.
446,문자,0x9A26,0x9A27,406,얘,00 6E,2,e9ae2b,주황색 대화 발화 문자행: 패치 KANJI1 발화체 토큰 반영.
447,문자,0x9A28,0x9A29,407,기,B0 21,2,e9ae2b,주황색 대화 발화 문자행: 패치 KANJI1 발화체 토큰 반영.
448,문자,0x9A2A,0x9A2B,408,를,50 34,2,e9ae2b,주황색 대화 발화 문자행: 패치 KANJI1 발화체 토큰 반영.
449,문자,0x9A2C,0x9A2D,409,␠,18 12,2,e2f0d9,일본어 전각 공백 토큰 18 12 반영. 일반/발화 변환 대상 아님.
450,문자,0x9A2E,0x9A2F,410,잠,50 DF,2,e9ae2b,주황색 대화 발화 문자행: 패치 KANJI1 발화체 토큰 반영.
451,문자,0x9A30,0x9A31,411,자,00 DF,2,e9ae2b,주황색 대화 발화 문자행: 패치 KANJI1 발화체 토큰 반영.
452,문자,0x9A32,0x9A33,412,코,10 E2,2,e9ae2b,주황색 대화 발화 문자행: 패치 KANJI1 발화체 토큰 반영.
453,문자,0x9A34,0x9A35,413,␠,18 12,2,e2f0d9,일본어 전각 공백 토큰 18 12 반영. 일반/발화 변환 대상 아님.
454,문자,0x9A36,0x9A37,414,들,10 30,2,e9ae2b,주황색 대화 발화 문자행: 패치 KANJI1 발화체 토큰 반영.
455,문자,0x9A38,0x9A39,415,어,00 70,2,e9ae2b,주황색 대화 발화 문자행: 패치 KANJI1 발화체 토큰 반영.
456,문자,0x9A3A,0x9A3B,416,주,F0 F5,2,e9ae2b,주황색 대화 발화 문자행: 패치 KANJI1 발화체 토큰 반영.
457,문자,0x9A3C,0x9A3D,417,세,A0 3D,2,e9ae2b,주황색 대화 발화 문자행: 패치 KANJI1 발화체 토큰 반영.
458,문자,0x9A3E,0x9A3F,418,요,F0 C7,2,e9ae2b,주황색 대화 발화 문자행: 패치 KANJI1 발화체 토큰 반영.
459,문자,0x9A40,0x9A41,419,・,60 12,2,e2f0d9,기존 일본어/PC-88 문장부호 토큰 반영. 일반/발화 변환 대상 아님.
460,문자,0x9A42,0x9A43,420,・,60 12,2,e2f0d9,기존 일본어/PC-88 문장부호 토큰 반영. 일반/발화 변환 대상 아님.
461,문자,0x9A44,0x9A45,421,・,60 12,2,e2f0d9,기존 일본어/PC-88 문장부호 토큰 반영. 일반/발화 변환 대상 아님.
462,문자,0x9A46,0x9A47,422,。,30 12,2,e2f0d9,기존 일본어/PC-88 문장부호 토큰 반영. 일반/발화 변환 대상 아님.
463,문자,0x9A48,0x9A49,423,인,A0 DE,2,e9ae2b,주황색 대화 발화 문자행: 패치 KANJI1 발화체 토큰 반영.
464,문자,0x9A4A,0x9A4B,424,간,C0 17,2,e9ae2b,주황색 대화 발화 문자행: 패치 KANJI1 발화체 토큰 반영.
465,문자,0x9A4C,0x9A4D,425,의,80 DE,2,e9ae2b,주황색 대화 발화 문자행: 패치 KANJI1 발화체 토큰 반영.
466,문자,0x9A4E,0x9A4F,426,␠,18 12,2,e2f0d9,일본어 전각 공백 토큰 18 12 반영. 일반/발화 변환 대상 아님.
467,문자,0x9A50,0x9A51,427,마,B0 34,2,e9ae2b,주황색 대화 발화 문자행: 패치 KANJI1 발화체 토큰 반영.
468,문자,0x9A52,0x9A53,428,음,60 DE,2,e9ae2b,주황색 대화 발화 문자행: 패치 KANJI1 발화체 토큰 반영.
469,문자,0x9A54,0x9A55,429,이,90 DE,2,e9ae2b,주황색 대화 발화 문자행: 패치 KANJI1 발화체 토큰 반영.
470,문자,0x9A56,0x9A57,430,␠,18 12,2,e2f0d9,일본어 전각 공백 토큰 18 12 반영. 일반/발화 변환 대상 아님.
471,문자,0x9A58,0x9A59,431,지,10 E0,2,e9ae2b,주황색 대화 발화 문자행: 패치 KANJI1 발화체 토큰 반영.
472,문자,0x9A5A,0x9A5B,432,금,80 21,2,e9ae2b,주황색 대화 발화 문자행: 패치 KANJI1 발화체 토큰 반영.
473,문자,0x9A5C,0x9A5D,433,␠,18 12,2,e2f0d9,일본어 전각 공백 토큰 18 12 반영. 일반/발화 변환 대상 아님.
474,문자,0x9A5E,0x9A5F,434,파,E0 E2,2,e9ae2b,주황색 대화 발화 문자행: 패치 KANJI1 발화체 토큰 반영.
475,문자,0x9A60,0x9A61,435,멸,80 35,2,e9ae2b,주황색 대화 발화 문자행: 패치 KANJI1 발화체 토큰 반영.
476,문자,0x9A62,0x9A63,436,을,50 DE,2,e9ae2b,주황색 대화 발화 문자행: 패치 KANJI1 발화체 토큰 반영.
477,문자,0x9A64,0x9A65,437,␠,18 12,2,e2f0d9,일본어 전각 공백 토큰 18 12 반영. 일반/발화 변환 대상 아님.
478,문자,0x9A66,0x9A67,438,향,E0 E3,2,e9ae2b,주황색 대화 발화 문자행: 패치 KANJI1 발화체 토큰 반영.
479,문자,0x9A68,0x9A69,439,해,B0 E3,2,e9ae2b,주황색 대화 발화 문자행: 패치 KANJI1 발화체 토큰 반영.
480,문자,0x9A6A,0x9A6B,440,␠,18 12,2,e2f0d9,일본어 전각 공백 토큰 18 12 반영. 일반/발화 변환 대상 아님.
481,문자,0x9A6C,0x9A6D,441,가,A0 17,2,e9ae2b,주황색 대화 발화 문자행: 패치 KANJI1 발화체 토큰 반영.
482,문자,0x9A6E,0x9A6F,442,고,80 20,2,e9ae2b,주황색 대화 발화 문자행: 패치 KANJI1 발화체 토큰 반영.
483,문자,0x9A70,0x9A71,443,␠,18 12,2,e2f0d9,일본어 전각 공백 토큰 18 12 반영. 일반/발화 변환 대상 아님.
484,문자,0x9A72,0x9A73,444,␠,18 12,2,e2f0d9,일본어 전각 공백 토큰 18 12 반영. 일반/발화 변환 대상 아님.
485,제어,0x9A74,0x9A75,,,15 00,2,fce4d6,한글 재배치 기준 HL=9A74→9A76. 제어토큰 유지.
486,문자,0x9A76,0x9A77,445,있,F0 DE,2,e9ae2b,주황색 대화 발화 문자행: 패치 KANJI1 발화체 토큰 반영.
487,문자,0x9A78,0x9A79,446,습,A0 3F,2,e9ae2b,주황색 대화 발화 문자행: 패치 KANJI1 발화체 토큰 반영.
488,문자,0x9A7A,0x9A7B,447,니,F0 25,2,e9ae2b,주황색 대화 발화 문자행: 패치 KANJI1 발화체 토큰 반영.
489,문자,0x9A7C,0x9A7D,448,다,C0 27,2,e9ae2b,주황색 대화 발화 문자행: 패치 KANJI1 발화체 토큰 반영.
490,문자,0x9A7E,0x9A7F,449,。,30 12,2,e2f0d9,기존 일본어/PC-88 문장부호 토큰 반영. 일반/발화 변환 대상 아님.
491,문자,0x9A80,0x9A81,450,인,A0 DE,2,e9ae2b,주황색 대화 발화 문자행: 패치 KANJI1 발화체 토큰 반영.
492,문자,0x9A82,0x9A83,451,간,C0 17,2,e9ae2b,주황색 대화 발화 문자행: 패치 KANJI1 발화체 토큰 반영.
493,문자,0x9A84,0x9A85,452,의,80 DE,2,e9ae2b,주황색 대화 발화 문자행: 패치 KANJI1 발화체 토큰 반영.
494,문자,0x9A86,0x9A87,453,␠,18 12,2,e2f0d9,일본어 전각 공백 토큰 18 12 반영. 일반/발화 변환 대상 아님.
495,문자,0x9A88,0x9A89,454,마,B0 34,2,e9ae2b,주황색 대화 발화 문자행: 패치 KANJI1 발화체 토큰 반영.
496,문자,0x9A8A,0x9A8B,455,음,60 DE,2,e9ae2b,주황색 대화 발화 문자행: 패치 KANJI1 발화체 토큰 반영.
497,문자,0x9A8C,0x9A8D,456,은,40 DE,2,e9ae2b,주황색 대화 발화 문자행: 패치 KANJI1 발화체 토큰 반영.
498,문자,0x9A8E,0x9A8F,457,“,88 22,2,e2f0d9,사용자 확정값 반영: 여는 큰따옴표 “ = 88 22. KANJIROM slot 552/code 0x2280의 일반/비발화 토큰.
499,문자,0x9A90,0x9A91,458,빛,50 3C,2,e9ae2b,주황색 대화 발화 문자행: 패치 KANJI1 발화체 토큰 반영.
500,문자,0x9A92,0x9A93,459,”,98 22,2,e2f0d9,사용자 확정값 반영: 닫는 큰따옴표 ” = 98 22. KANJIROM slot 553/code 0x2290의 일반/비발화 토큰.
501,문자,0x9A94,0x9A95,460,과,B0 20,2,e9ae2b,주황색 대화 발화 문자행: 패치 KANJI1 발화체 토큰 반영.
502,문자,0x9A96,0x9A97,461,“,88 22,2,e2f0d9,사용자 확정값 반영: 여는 큰따옴표 “ = 88 22. KANJIROM slot 552/code 0x2280의 일반/비발화 토큰.
503,문자,0x9A98,0x9A99,462,어,00 70,2,e9ae2b,주황색 대화 발화 문자행: 패치 KANJI1 발화체 토큰 반영.
504,문자,0x9A9A,0x9A9B,463,둠,D0 2E,2,e9ae2b,주황색 대화 발화 문자행: 패치 KANJI1 발화체 토큰 반영.
505,문자,0x9A9C,0x9A9D,464,”,98 22,2,e2f0d9,사용자 확정값 반영: 닫는 큰따옴표 ” = 98 22. KANJIROM slot 553/code 0x2290의 일반/비발화 토큰.
506,문자,0x9A9E,0x9A9F,465,이,90 DE,2,e9ae2b,주황색 대화 발화 문자행: 패치 KANJI1 발화체 토큰 반영.
507,문자,0x9AA0,0x9AA1,466,라,F0 30,2,e9ae2b,주황색 대화 발화 문자행: 패치 KANJI1 발화체 토큰 반영.
508,문자,0x9AA2,0x9AA3,467,는,E0 25,2,e9ae2b,주황색 대화 발화 문자행: 패치 KANJI1 발화체 토큰 반영.
509,문자,0x9AA4,0x9AA5,468,␠,18 12,2,e2f0d9,일본어 전각 공백 토큰 18 12 반영. 일반/발화 변환 대상 아님.
510,문자,0x9AA6,0x9AA7,469,서,50 3D,2,e9ae2b,주황색 대화 발화 문자행: 패치 KANJI1 발화체 토큰 반영.
511,문자,0x9AA8,0x9AA9,470,로,D0 31,2,e9ae2b,주황색 대화 발화 문자행: 패치 KANJI1 발화체 토큰 반영.
512,문자,0x9AAA,0x9AAB,471,␠,18 12,2,e2f0d9,일본어 전각 공백 토큰 18 12 반영. 일반/발화 변환 대상 아님.
513,문자,0x9AAC,0x9AAD,472,상,20 3D,2,e9ae2b,주황색 대화 발화 문자행: 패치 KANJI1 발화체 토큰 반영.
514,문자,0x9AAE,0x9AAF,473,반,90 39,2,e9ae2b,주황색 대화 발화 문자행: 패치 KANJI1 발화체 토큰 반영.
515,문자,0x9AB0,0x9AB1,474,된,90 2E,2,e9ae2b,주황색 대화 발화 문자행: 패치 KANJI1 발화체 토큰 반영.
516,문자,0x9AB2,0x9AB3,475,␠,18 12,2,e2f0d9,일본어 전각 공백 토큰 18 12 반영. 일반/발화 변환 대상 아님.
517,문자,0x9AB4,0x9AB5,476,성,90 3D,2,e9ae2b,주황색 대화 발화 문자행: 패치 KANJI1 발화체 토큰 반영.
518,문자,0x9AB6,0x9AB7,477,질,40 E0,2,e9ae2b,주황색 대화 발화 문자행: 패치 KANJI1 발화체 토큰 반영.
519,문자,0x9AB8,0x9AB9,478,로,D0 31,2,e9ae2b,주황색 대화 발화 문자행: 패치 KANJI1 발화체 토큰 반영.
520,문자,0x9ABA,0x9ABB,479,␠,18 12,2,e2f0d9,일본어 전각 공백 토큰 18 12 반영. 일반/발화 변환 대상 아님.
521,문자,0x9ABC,0x9ABD,480,이,90 DE,2,e9ae2b,주황색 대화 발화 문자행: 패치 KANJI1 발화체 토큰 반영.
522,문자,0x9ABE,0x9ABF,481,뤄,10 34,2,e9ae2b,주황색 대화 발화 문자행: 패치 KANJI1 발화체 토큰 반영.
523,문자,0x9AC0,0x9AC1,482,졌,F0 E9,2,e9ae2b,주황색 대화 발화 문자행: 패치 KANJI1 발화체 토큰 반영.
524,문자,0x9AC2,0x9AC3,483,으,30 DE,2,e9ae2b,주황색 대화 발화 문자행: 패치 KANJI1 발화체 토큰 반영.
525,문자,0x9AC4,0x9AC5,484,나,B0 24,2,e9ae2b,주황색 대화 발화 문자행: 패치 KANJI1 발화체 토큰 반영.
526,문자,0x9AC6,0x9AC7,485,、,20 12,2,e2f0d9,기존 일본어/PC-88 문장부호 토큰 반영. 일반/발화 변환 대상 아님.
527,문자,0x9AC8,0x9AC9,486,최,70 E1,2,e9ae2b,주황색 대화 발화 문자행: 패치 KANJI1 발화체 토큰 반영.
528,문자,0x9ACA,0x9ACB,487,근,70 21,2,e9ae2b,주황색 대화 발화 문자행: 패치 KANJI1 발화체 토큰 반영.
529,문자,0x9ACC,0x9ACD,488,“,88 22,2,e2f0d9,사용자 확정값 반영: 여는 큰따옴표 “ = 88 22. KANJIROM slot 552/code 0x2280의 일반/비발화 토큰.
530,문자,0x9ACE,0x9ACF,489,어,00 70,2,e9ae2b,주황색 대화 발화 문자행: 패치 KANJI1 발화체 토큰 반영.
531,문자,0x9AD0,0x9AD1,490,둠,D0 2E,2,e9ae2b,주황색 대화 발화 문자행: 패치 KANJI1 발화체 토큰 반영.
532,문자,0x9AD2,0x9AD3,491,”,98 22,2,e2f0d9,사용자 확정값 반영: 닫는 큰따옴표 ” = 98 22. KANJIROM slot 553/code 0x2290의 일반/비발화 토큰.
533,문자,0x9AD4,0x9AD5,492,의,80 DE,2,e9ae2b,주황색 대화 발화 문자행: 패치 KANJI1 발화체 토큰 반영.
534,문자,0x9AD6,0x9AD7,493,␠,18 12,2,e2f0d9,일본어 전각 공백 토큰 18 12 반영. 일반/발화 변환 대상 아님.
535,문자,0x9AD8,0x9AD9,494,영,90 9F,2,e9ae2b,주황색 대화 발화 문자행: 패치 KANJI1 발화체 토큰 반영.
536,문자,0x9ADA,0x9ADB,495,역,60 9F,2,e9ae2b,주황색 대화 발화 문자행: 패치 KANJI1 발화체 토큰 반영.
537,문자,0x9ADC,0x9ADD,496,이,90 DE,2,e9ae2b,주황색 대화 발화 문자행: 패치 KANJI1 발화체 토큰 반영.
538,문자,0x9ADE,0x9ADF,497,␠,18 12,2,e2f0d9,일본어 전각 공백 토큰 18 12 반영. 일반/발화 변환 대상 아님.
539,문자,0x9AE0,0x9AE1,498,급,90 21,2,e9ae2b,주황색 대화 발화 문자행: 패치 KANJI1 발화체 토큰 반영.
540,문자,0x9AE2,0x9AE3,499,격,30 20,2,e9ae2b,주황색 대화 발화 문자행: 패치 KANJI1 발화체 토큰 반영.
541,문자,0x9AE4,0x9AE5,500,히,60 E5,2,e9ae2b,주황색 대화 발화 문자행: 패치 KANJI1 발화체 토큰 반영.
542,문자,0x9AE6,0x9AE7,501,␠,18 12,2,e2f0d9,일본어 전각 공백 토큰 18 12 반영. 일반/발화 변환 대상 아님.
543,문자,0x9AE8,0x9AE9,502,커,E0 E1,2,e9ae2b,주황색 대화 발화 문자행: 패치 KANJI1 발화체 토큰 반영.
544,문자,0x9AEA,0x9AEB,503,져,F0 E7,2,e9ae2b,주황색 대화 발화 문자행: 패치 KANJI1 발화체 토큰 반영.
545,문자,0x9AEC,0x9AED,504,가,A0 17,2,e9ae2b,주황색 대화 발화 문자행: 패치 KANJI1 발화체 토큰 반영.
546,문자,0x9AEE,0x9AEF,505,면,70 35,2,e9ae2b,주황색 대화 발화 문자행: 패치 KANJI1 발화체 토큰 반영.
547,문자,0x9AF0,0x9AF1,506,서,50 3D,2,e9ae2b,주황색 대화 발화 문자행: 패치 KANJI1 발화체 토큰 반영.
548,문자,0x9AF2,0x9AF3,507,␠,18 12,2,e2f0d9,일본어 전각 공백 토큰 18 12 반영. 일반/발화 변환 대상 아님.
549,문자,0x9AF4,0x9AF5,508,그,50 21,2,e9ae2b,주황색 대화 발화 문자행: 패치 KANJI1 발화체 토큰 반영.
550,문자,0x9AF6,0x9AF7,509,␠,18 12,2,e2f0d9,일본어 전각 공백 토큰 18 12 반영. 일반/발화 변환 대상 아님.
551,문자,0x9AF8,0x9AF9,510,균,40 21,2,e9ae2b,주황색 대화 발화 문자행: 패치 KANJI1 발화체 토큰 반영.
552,문자,0x9AFA,0x9AFB,511,형,40 E4,2,e9ae2b,주황색 대화 발화 문자행: 패치 KANJI1 발화체 토큰 반영.
553,문자,0x9AFC,0x9AFD,512,이,90 DE,2,e9ae2b,주황색 대화 발화 문자행: 패치 KANJI1 발화체 토큰 반영.
554,문자,0x9AFE,0x9AFF,513,␠,18 12,2,e2f0d9,일본어 전각 공백 토큰 18 12 반영. 일반/발화 변환 대상 아님.
555,문자,0x9B00,0x9B01,514,␠,18 12,2,e2f0d9,일본어 전각 공백 토큰 18 12 반영. 일반/발화 변환 대상 아님.
556,제어,0x9B02,0x9B03,,,15 00,2,fce4d6,한글 재배치 기준 HL=9B02→9B04. 제어토큰 유지.
557,문자,0x9B04,0x9B05,515,무,00 36,2,e9ae2b,주황색 대화 발화 문자행: 패치 KANJI1 발화체 토큰 반영.
558,문자,0x9B06,0x9B07,516,너,50 25,2,e9ae2b,주황색 대화 발화 문자행: 패치 KANJI1 발화체 토큰 반영.
559,문자,0x9B08,0x9B09,517,지,10 E0,2,e9ae2b,주황색 대화 발화 문자행: 패치 KANJI1 발화체 토큰 반영.
560,문자,0x9B0A,0x9B0B,518,려,B0 31,2,e9ae2b,주황색 대화 발화 문자행: 패치 KANJI1 발화체 토큰 반영.
561,문자,0x9B0C,0x9B0D,519,␠,18 12,2,e2f0d9,일본어 전각 공백 토큰 18 12 반영. 일반/발화 변환 대상 아님.
562,문자,0x9B0E,0x9B0F,520,하,50 E3,2,e9ae2b,주황색 대화 발화 문자행: 패치 KANJI1 발화체 토큰 반영.
563,문자,0x9B10,0x9B11,521,고,80 20,2,e9ae2b,주황색 대화 발화 문자행: 패치 KANJI1 발화체 토큰 반영.
564,문자,0x9B12,0x9B13,522,␠,18 12,2,e2f0d9,일본어 전각 공백 토큰 18 12 반영. 일반/발화 변환 대상 아님.
565,문자,0x9B14,0x9B15,523,있,F0 DE,2,e9ae2b,주황색 대화 발화 문자행: 패치 KANJI1 발화체 토큰 반영.
566,문자,0x9B16,0x9B17,524,습,A0 3F,2,e9ae2b,주황색 대화 발화 문자행: 패치 KANJI1 발화체 토큰 반영.
567,문자,0x9B18,0x9B19,525,니,F0 25,2,e9ae2b,주황색 대화 발화 문자행: 패치 KANJI1 발화체 토큰 반영.
568,문자,0x9B1A,0x9B1B,526,다,C0 27,2,e9ae2b,주황색 대화 발화 문자행: 패치 KANJI1 발화체 토큰 반영.
569,문자,0x9B1C,0x9B1D,527,。,30 12,2,e2f0d9,기존 일본어/PC-88 문장부호 토큰 반영. 일반/발화 변환 대상 아님.
570,제어,0x9B1E,0x9B20,,,19 00 75,3,fce4d6,한글 재배치 기준 HL=9B1E→9B21. 제어토큰 유지.
571,제어,0x9B21,0x9B22,,,15 00,2,fce4d6,한글 재배치 기준 HL=9B21→9B23. 제어토큰 유지.
572,제어,0x9B23,0x9B24,,,17 00,2,fce4d6,한글 재배치 기준 HL=9B23→9B25. 제어토큰 유지.
573,제어,0x9B25,0x9B27,,,1A 00 04,3,fce4d6,한글 재배치 기준 HL=9B25→9B28. 제어토큰 유지.
574,제어,0x9B28,0x9B29,,,16 00,2,fce4d6,한글 재배치 기준 HL=9B28→9B2A. 제어토큰 유지.
575,제어,0x9B2A,0x9B2E,,,12 00 23 21 00,5,fce4d6,한글 재배치 기준 HL=9B2A→9B2F. 제어토큰 유지.
576,문자,0x9B2F,0x9B30,528,대,B0 2D,2,e9ae2b,주황색 대화 발화 문자행: 패치 KANJI1 발화체 토큰 반영.
577,문자,0x9B31,0x9B32,529,체,30 E1,2,e9ae2b,주황색 대화 발화 문자행: 패치 KANJI1 발화체 토큰 반영.
578,문자,0x9B33,0x9B34,530,␠,18 12,2,e2f0d9,일본어 전각 공백 토큰 18 12 반영. 일반/발화 변환 대상 아님.
579,문자,0x9B35,0x9B36,531,무,00 36,2,e9ae2b,주황색 대화 발화 문자행: 패치 KANJI1 발화체 토큰 반영.
580,문자,0x9B37,0x9B38,532,슨,80 3F,2,e9ae2b,주황색 대화 발화 문자행: 패치 KANJI1 발화체 토큰 반영.
581,문자,0x9B39,0x9B3A,533,␠,18 12,2,e2f0d9,일본어 전각 공백 토큰 18 12 반영. 일반/발화 변환 대상 아님.
582,문자,0x9B3B,0x9B3C,534,소,D0 3D,2,e9ae2b,주황색 대화 발화 문자행: 패치 KANJI1 발화체 토큰 반영.
583,문자,0x9B3D,0x9B3E,535,리,70 34,2,e9ae2b,주황색 대화 발화 문자행: 패치 KANJI1 발화체 토큰 반영.
584,문자,0x9B3F,0x9B40,536,야,00 6C,2,e9ae2b,주황색 대화 발화 문자행: 패치 KANJI1 발화체 토큰 반영.
585,문자,0x9B41,0x9B42,537,！,A0 12,2,e2f0d9,기존 일본어/PC-88 문장부호 토큰 반영. 일반/발화 변환 대상 아님.
586,제어,0x9B43,0x9B47,,,12 00 23 21 00,5,fce4d6,한글 재배치 기준 HL=9B43→9B48. 제어토큰 유지.
587,문자,0x9B48,0x9B49,538,？,90 12,2,e2f0d9,기존 일본어/PC-88 문장부호 토큰 반영. 일반/발화 변환 대상 아님.
588,제어,0x9B4A,0x9B4E,,,12 00 23 21 00,5,fce4d6,한글 재배치 기준 HL=9B4A→9B4F. 제어토큰 유지.
589,문자,0x9B4F,0x9B50,539,␠,18 12,2,e2f0d9,일본어 전각 공백 토큰 18 12 반영. 일반/발화 변환 대상 아님.
590,문자,0x9B51,0x9B52,540,무,00 36,2,e9ae2b,주황색 대화 발화 문자행: 패치 KANJI1 발화체 토큰 반영.
591,제어,0x9B53,0x9B56,,,12 00 23 00,4,fce4d6,한글 재배치 기준 HL=9B53→9B57. 제어토큰 유지.
592,문자,0x9B57,0x9B58,541,슨,80 3F,2,e9ae2b,주황색 대화 발화 문자행: 패치 KANJI1 발화체 토큰 반영.
593,문자,0x9B59,0x9B5A,542,␠,18 12,2,e2f0d9,일본어 전각 공백 토큰 18 12 반영. 일반/발화 변환 대상 아님.
594,문자,0x9B5B,0x9B5C,543,말,F0 34,2,e9ae2b,주황색 대화 발화 문자행: 패치 KANJI1 발화체 토큰 반영.
595,문자,0x9B5D,0x9B5E,544,인,A0 DE,2,e9ae2b,주황색 대화 발화 문자행: 패치 KANJI1 발화체 토큰 반영.
596,문자,0x9B5F,0x9B60,545,지,10 E0,2,e9ae2b,주황색 대화 발화 문자행: 패치 KANJI1 발화체 토큰 반영.
597,문자,0x9B61,0x9B62,546,␠,18 12,2,e2f0d9,일본어 전각 공백 토큰 18 12 반영. 일반/발화 변환 대상 아님.
598,문자,0x9B63,0x9B64,547,전,B0 DF,2,e9ae2b,주황색 대화 발화 문자행: 패치 KANJI1 발화체 토큰 반영.
599,문자,0x9B65,0x9B66,548,혀,20 E4,2,e9ae2b,주황색 대화 발화 문자행: 패치 KANJI1 발화체 토큰 반영.
600,문자,0x9B67,0x9B68,549,␠,18 12,2,e2f0d9,일본어 전각 공백 토큰 18 12 반영. 일반/발화 변환 대상 아님.
601,문자,0x9B69,0x9B6A,550,모,A0 35,2,e9ae2b,주황색 대화 발화 문자행: 패치 KANJI1 발화체 토큰 반영.
602,제어,0x9B6B,0x9B6E,,,12 00 21 00,4,fce4d6,한글 재배치 기준 HL=9B6B→9B6F. 제어토큰 유지.
603,문자,0x9B6F,0x9B70,551,르,30 34,2,e9ae2b,주황색 대화 발화 문자행: 패치 KANJI1 발화체 토큰 반영.
604,문자,0x9B71,0x9B72,552,겠,10 20,2,e9ae2b,주황색 대화 발화 문자행: 패치 KANJI1 발화체 토큰 반영.
605,문자,0x9B73,0x9B74,553,어,00 70,2,e9ae2b,주황색 대화 발화 문자행: 패치 KANJI1 발화체 토큰 반영.
606,문자,0x9B75,0x9B76,554,！,A0 12,2,e2f0d9,기존 일본어/PC-88 문장부호 토큰 반영. 일반/발화 변환 대상 아님.
607,제어,0x9B77,0x9B78,,,15 00,2,fce4d6,한글 재배치 기준 HL=9B77→9B79. 제어토큰 유지.
608,문자,0x9B79,0x9B7A,555,끝,A8 24,2,e2f0d9,"연녹색 일반 문자행: 같은 glyph base 유지, 첫 바이트 OR 08h로 일반 문자 토큰 반영."
609,문자,0x9B7B,0x9B7C,556,까,F8 21,2,e2f0d9,"연녹색 일반 문자행: 같은 glyph base 유지, 첫 바이트 OR 08h로 일반 문자 토큰 반영."
610,문자,0x9B7D,0x9B7E,557,지,18 E0,2,e2f0d9,"연녹색 일반 문자행: 같은 glyph base 유지, 첫 바이트 OR 08h로 일반 문자 토큰 반영."
611,문자,0x9B7F,0x9B80,558,␠,18 12,2,e2f0d9,일본어 전각 공백 토큰 18 12 반영. 일반/발화 변환 대상 아님.
612,문자,0x9B81,0x9B82,559,들,18 30,2,e2f0d9,"연녹색 일반 문자행: 같은 glyph base 유지, 첫 바이트 OR 08h로 일반 문자 토큰 반영."
613,문자,0x9B83,0x9B84,560,어,08 70,2,e2f0d9,"연녹색 일반 문자행: 같은 glyph base 유지, 첫 바이트 OR 08h로 일반 문자 토큰 반영."
614,문자,0x9B85,0x9B86,561,주,F8 F5,2,e2f0d9,"연녹색 일반 문자행: 같은 glyph base 유지, 첫 바이트 OR 08h로 일반 문자 토큰 반영."
615,문자,0x9B87,0x9B88,562,세,A8 3D,2,e2f0d9,"연녹색 일반 문자행: 같은 glyph base 유지, 첫 바이트 OR 08h로 일반 문자 토큰 반영."
616,문자,0x9B89,0x9B8A,563,요,F8 C7,2,e2f0d9,"연녹색 일반 문자행: 같은 glyph base 유지, 첫 바이트 OR 08h로 일반 문자 토큰 반영."
617,문자,0x9B8B,0x9B8C,564,、,20 12,2,e2f0d9,기존 일본어/PC-88 문장부호 토큰 반영. 일반/발화 변환 대상 아님.
618,제어,0x9B8D,0x9B91,,,12 00 23 21 00,5,fce4d6,한글 재배치 기준 HL=9B8D→9B92. 제어토큰 유지.
619,문자,0x9B92,0x9B93,565,유,28 DE,2,e2f0d9,"연녹색 일반 문자행: 같은 glyph base 유지, 첫 바이트 OR 08h로 일반 문자 토큰 반영."
620,문자,0x9B94,0x9B95,566,코,18 E2,2,e2f0d9,"연녹색 일반 문자행: 같은 glyph base 유지, 첫 바이트 OR 08h로 일반 문자 토큰 반영."
621,제어,0x9B96,0x9B9A,,,12 00 23 21 00,5,fce4d6,한글 재배치 기준 HL=9B96→9B9B. 제어토큰 유지.
622,문자,0x9B9B,0x9B9C,567,。,30 12,2,e2f0d9,기존 일본어/PC-88 문장부호 토큰 반영. 일반/발화 변환 대상 아님.
623,문자,0x9B9D,0x9B9E,568,당,98 2D,2,e2f0d9,"연녹색 일반 문자행: 같은 glyph base 유지, 첫 바이트 OR 08h로 일반 문자 토큰 반영."
624,문자,0x9B9F,0x9BA0,569,신,D8 3F,2,e2f0d9,"연녹색 일반 문자행: 같은 glyph base 유지, 첫 바이트 OR 08h로 일반 문자 토큰 반영."
625,문자,0x9BA1,0x9BA2,570,의,88 DE,2,e2f0d9,"연녹색 일반 문자행: 같은 glyph base 유지, 첫 바이트 OR 08h로 일반 문자 토큰 반영."
626,문자,0x9BA3,0x9BA4,571,␠,18 12,2,e2f0d9,일본어 전각 공백 토큰 18 12 반영. 일반/발화 변환 대상 아님.
627,문자,0x9BA5,0x9BA6,572,세,A8 3D,2,e2f0d9,"연녹색 일반 문자행: 같은 glyph base 유지, 첫 바이트 OR 08h로 일반 문자 토큰 반영."
628,문자,0x9BA7,0x9BA8,573,계,78 20,2,e2f0d9,"연녹색 일반 문자행: 같은 glyph base 유지, 첫 바이트 OR 08h로 일반 문자 토큰 반영."
629,문자,0x9BA9,0x9BAA,574,에,48 9F,2,e2f0d9,"연녹색 일반 문자행: 같은 glyph base 유지, 첫 바이트 OR 08h로 일반 문자 토큰 반영."
630,문자,0x9BAB,0x9BAC,575,서,58 3D,2,e2f0d9,"연녹색 일반 문자행: 같은 glyph base 유지, 첫 바이트 OR 08h로 일반 문자 토큰 반영."
631,문자,0x9BAD,0x9BAE,576,␠,18 12,2,e2f0d9,일본어 전각 공백 토큰 18 12 반영. 일반/발화 변환 대상 아님.
632,문자,0x9BAF,0x9BB0,577,전,B8 DF,2,e2f0d9,"연녹색 일반 문자행: 같은 glyph base 유지, 첫 바이트 OR 08h로 일반 문자 토큰 반영."
633,문자,0x9BB1,0x9BB2,578,쟁,88 DF,2,e2f0d9,"연녹색 일반 문자행: 같은 glyph base 유지, 첫 바이트 OR 08h로 일반 문자 토큰 반영."
634,문자,0x9BB3,0x9BB4,579,과,B8 20,2,e2f0d9,"연녹색 일반 문자행: 같은 glyph base 유지, 첫 바이트 OR 08h로 일반 문자 토큰 반영."
635,문자,0x9BB5,0x9BB6,580,␠,18 12,2,e2f0d9,일본어 전각 공백 토큰 18 12 반영. 일반/발화 변환 대상 아님.
636,문자,0x9BB7,0x9BB8,581,비,38 3C,2,e2f0d9,"연녹색 일반 문자행: 같은 glyph base 유지, 첫 바이트 OR 08h로 일반 문자 토큰 반영."
637,제어,0x9BB9,0x9BBD,,,12 00 23 21 00,5,fce4d6,한글 재배치 기준 HL=9BB9→9BBE. 제어토큰 유지.
638,문자,0x9BBE,0x9BBF,582,극,68 21,2,e2f0d9,"연녹색 일반 문자행: 같은 glyph base 유지, 첫 바이트 OR 08h로 일반 문자 토큰 반영."
639,문자,0x9BC0,0x9BC1,583,들,18 30,2,e2f0d9,"연녹색 일반 문자행: 같은 glyph base 유지, 첫 바이트 OR 08h로 일반 문자 토큰 반영."
640,문자,0x9BC2,0x9BC3,584,이,98 DE,2,e2f0d9,"연녹색 일반 문자행: 같은 glyph base 유지, 첫 바이트 OR 08h로 일반 문자 토큰 반영."
641,문자,0x9BC4,0x9BC5,585,␠,18 12,2,e2f0d9,일본어 전각 공백 토큰 18 12 반영. 일반/발화 변환 대상 아님.
642,문자,0x9BC6,0x9BC7,586,수,38 3F,2,e2f0d9,"연녹색 일반 문자행: 같은 glyph base 유지, 첫 바이트 OR 08h로 일반 문자 토큰 반영."
643,문자,0x9BC8,0x9BC9,587,없,08 7C,2,e2f0d9,"연녹색 일반 문자행: 같은 glyph base 유지, 첫 바이트 OR 08h로 일반 문자 토큰 반영."
644,문자,0x9BCA,0x9BCB,588,이,98 DE,2,e2f0d9,"연녹색 일반 문자행: 같은 glyph base 유지, 첫 바이트 OR 08h로 일반 문자 토큰 반영."
645,문자,0x9BCC,0x9BCD,589,␠,18 12,2,e2f0d9,일본어 전각 공백 토큰 18 12 반영. 일반/발화 변환 대상 아님.
646,문자,0x9BCE,0x9BCF,590,발,B8 39,2,e2f0d9,"연녹색 일반 문자행: 같은 glyph base 유지, 첫 바이트 OR 08h로 일반 문자 토큰 반영."
647,문자,0x9BD0,0x9BD1,591,생,48 3D,2,e2f0d9,"연녹색 일반 문자행: 같은 glyph base 유지, 첫 바이트 OR 08h로 일반 문자 토큰 반영."
648,문자,0x9BD2,0x9BD3,592,하,58 E3,2,e2f0d9,"연녹색 일반 문자행: 같은 glyph base 유지, 첫 바이트 OR 08h로 일반 문자 토큰 반영."
649,문자,0x9BD4,0x9BD5,593,는,E8 25,2,e2f0d9,"연녹색 일반 문자행: 같은 glyph base 유지, 첫 바이트 OR 08h로 일반 문자 토큰 반영."
650,문자,0x9BD6,0x9BD7,594,␠,18 12,2,e2f0d9,일본어 전각 공백 토큰 18 12 반영. 일반/발화 변환 대상 아님.
651,문자,0x9BD8,0x9BD9,595,것,F8 1D,2,e2f0d9,"연녹색 일반 문자행: 같은 glyph base 유지, 첫 바이트 OR 08h로 일반 문자 토큰 반영."
652,문자,0x9BDA,0x9BDB,596,␠,18 12,2,e2f0d9,일본어 전각 공백 토큰 18 12 반영. 일반/발화 변환 대상 아님.
653,문자,0x9BDC,0x9BDD,597,또,C8 30,2,e2f0d9,"연녹색 일반 문자행: 같은 glyph base 유지, 첫 바이트 OR 08h로 일반 문자 토큰 반영."
654,문자,0x9BDE,0x9BDF,598,한,78 E3,2,e2f0d9,"연녹색 일반 문자행: 같은 glyph base 유지, 첫 바이트 OR 08h로 일반 문자 토큰 반영."
655,문자,0x9BE0,0x9BE1,599,、,20 12,2,e2f0d9,기존 일본어/PC-88 문장부호 토큰 반영. 일반/발화 변환 대상 아님.
656,문자,0x9BE2,0x9BE3,600,사,E8 3C,2,e2f0d9,"연녹색 일반 문자행: 같은 glyph base 유지, 첫 바이트 OR 08h로 일반 문자 토큰 반영."
657,문자,0x9BE4,0x9BE5,601,람,28 31,2,e2f0d9,"연녹색 일반 문자행: 같은 glyph base 유지, 첫 바이트 OR 08h로 일반 문자 토큰 반영."
658,문자,0x9BE6,0x9BE7,602,의,88 DE,2,e2f0d9,"연녹색 일반 문자행: 같은 glyph base 유지, 첫 바이트 OR 08h로 일반 문자 토큰 반영."
659,문자,0x9BE8,0x9BE9,603,␠,18 12,2,e2f0d9,일본어 전각 공백 토큰 18 12 반영. 일반/발화 변환 대상 아님.
660,문자,0x9BEA,0x9BEB,604,마,B8 34,2,e2f0d9,"연녹색 일반 문자행: 같은 glyph base 유지, 첫 바이트 OR 08h로 일반 문자 토큰 반영."
661,문자,0x9BEC,0x9BED,605,음,68 DE,2,e2f0d9,"연녹색 일반 문자행: 같은 glyph base 유지, 첫 바이트 OR 08h로 일반 문자 토큰 반영."
662,문자,0x9BEE,0x9BEF,606,에,48 9F,2,e2f0d9,"연녹색 일반 문자행: 같은 glyph base 유지, 첫 바이트 OR 08h로 일반 문자 토큰 반영."
663,문자,0x9BF0,0x9BF1,607,␠,18 12,2,e2f0d9,일본어 전각 공백 토큰 18 12 반영. 일반/발화 변환 대상 아님.
664,문자,0x9BF2,0x9BF3,608,내,08 25,2,e2f0d9,"연녹색 일반 문자행: 같은 glyph base 유지, 첫 바이트 OR 08h로 일반 문자 토큰 반영."
665,문자,0x9BF4,0x9BF5,609,재,78 DF,2,e2f0d9,"연녹색 일반 문자행: 같은 glyph base 유지, 첫 바이트 OR 08h로 일반 문자 토큰 반영."
666,문자,0x9BF6,0x9BF7,610,된,98 2E,2,e2f0d9,"연녹색 일반 문자행: 같은 glyph base 유지, 첫 바이트 OR 08h로 일반 문자 토큰 반영."
667,문자,0x9BF8,0x9BF9,611,“,88 22,2,e2f0d9,사용자 확정값 반영: 여는 큰따옴표 “ = 88 22. KANJIROM slot 552/code 0x2280의 일반/비발화 토큰.
668,문자,0x9BFA,0x9BFB,612,어,08 70,2,e2f0d9,"연녹색 일반 문자행: 같은 glyph base 유지, 첫 바이트 OR 08h로 일반 문자 토큰 반영."
669,문자,0x9BFC,0x9BFD,613,둠,D8 2E,2,e2f0d9,"연녹색 일반 문자행: 같은 glyph base 유지, 첫 바이트 OR 08h로 일반 문자 토큰 반영."
670,문자,0x9BFE,0x9BFF,614,”,98 22,2,e2f0d9,사용자 확정값 반영: 닫는 큰따옴표 ” = 98 22. KANJIROM slot 553/code 0x2290의 일반/비발화 토큰.
671,문자,0x9C00,0x9C01,615,을,58 DE,2,e2f0d9,"연녹색 일반 문자행: 같은 glyph base 유지, 첫 바이트 OR 08h로 일반 문자 토큰 반영."
672,문자,0x9C02,0x9C03,616,␠,18 12,2,e2f0d9,일본어 전각 공백 토큰 18 12 반영. 일반/발화 변환 대상 아님.
673,문자,0x9C04,0x9C05,617,움,F8 D5,2,e2f0d9,"연녹색 일반 문자행: 같은 glyph base 유지, 첫 바이트 OR 08h로 일반 문자 토큰 반영."
674,제어,0x9C06,0x9C0A,,,12 00 23 21 00,5,fce4d6,한글 재배치 기준 HL=9C06→9C0B. 제어토큰 유지.
675,문자,0x9C0B,0x9C0C,618,직,28 E0,2,e2f0d9,"연녹색 일반 문자행: 같은 glyph base 유지, 첫 바이트 OR 08h로 일반 문자 토큰 반영."
676,문자,0x9C0D,0x9C0E,619,이,98 DE,2,e2f0d9,"연녹색 일반 문자행: 같은 glyph base 유지, 첫 바이트 OR 08h로 일반 문자 토큰 반영."
677,문자,0x9C0F,0x9C10,620,는,E8 25,2,e2f0d9,"연녹색 일반 문자행: 같은 glyph base 유지, 첫 바이트 OR 08h로 일반 문자 토큰 반영."
678,문자,0x9C11,0x9C12,621,␠,18 12,2,e2f0d9,일본어 전각 공백 토큰 18 12 반영. 일반/발화 변환 대상 아님.
679,제어,0x9C13,0x9C14,,,15 00,2,fce4d6,한글 재배치 기준 HL=9C13→9C15. 제어토큰 유지.
680,문자,0x9C15,0x9C16,622,“,88 22,2,e2f0d9,사용자 확정값 반영: 여는 큰따옴표 “ = 88 22. KANJIROM slot 552/code 0x2280의 일반/비발화 토큰.
681,문자,0x9C17,0x9C18,623,베,98 3B,2,e2f0d9,"연녹색 일반 문자행: 같은 glyph base 유지, 첫 바이트 OR 08h로 일반 문자 토큰 반영."
682,문자,0x9C19,0x9C1A,624,칸,D8 E1,2,e2f0d9,"연녹색 일반 문자행: 같은 glyph base 유지, 첫 바이트 OR 08h로 일반 문자 토큰 반영."
683,문자,0x9C1B,0x9C1C,625,타,28 E2,2,e2f0d9,"연녹색 일반 문자행: 같은 glyph base 유지, 첫 바이트 OR 08h로 일반 문자 토큰 반영."
684,문자,0x9C1D,0x9C1E,626,”,98 22,2,e2f0d9,사용자 확정값 반영: 닫는 큰따옴표 ” = 98 22. KANJIROM slot 553/code 0x2290의 일반/비발화 토큰.
685,문자,0x9C1F,0x9C20,627,라,F8 30,2,e2f0d9,"연녹색 일반 문자행: 같은 glyph base 유지, 첫 바이트 OR 08h로 일반 문자 토큰 반영."
686,문자,0x9C21,0x9C22,628,는,E8 25,2,e2f0d9,"연녹색 일반 문자행: 같은 glyph base 유지, 첫 바이트 OR 08h로 일반 문자 토큰 반영."
687,문자,0x9C23,0x9C24,629,“,88 22,2,e2f0d9,사용자 확정값 반영: 여는 큰따옴표 “ = 88 22. KANJIROM slot 552/code 0x2280의 일반/비발화 토큰.
688,문자,0x9C25,0x9C26,630,힘,78 E5,2,e2f0d9,"연녹색 일반 문자행: 같은 glyph base 유지, 첫 바이트 OR 08h로 일반 문자 토큰 반영."
689,문자,0x9C27,0x9C28,631,”,98 22,2,e2f0d9,사용자 확정값 반영: 닫는 큰따옴표 ” = 98 22. KANJIROM slot 553/code 0x2290의 일반/비발화 토큰.
690,문자,0x9C29,0x9C2A,632,의,88 DE,2,e2f0d9,"연녹색 일반 문자행: 같은 glyph base 유지, 첫 바이트 OR 08h로 일반 문자 토큰 반영."
691,문자,0x9C2B,0x9C2C,633,␠,18 12,2,e2f0d9,일본어 전각 공백 토큰 18 12 반영. 일반/발화 변환 대상 아님.
692,문자,0x9C2D,0x9C2E,634,소,D8 3D,2,e2f0d9,"연녹색 일반 문자행: 같은 glyph base 유지, 첫 바이트 OR 08h로 일반 문자 토큰 반영."
693,문자,0x9C2F,0x9C30,635,행,D8 E3,2,e2f0d9,"연녹색 일반 문자행: 같은 glyph base 유지, 첫 바이트 OR 08h로 일반 문자 토큰 반영."
694,문자,0x9C31,0x9C32,636,입,E8 DE,2,e2f0d9,"연녹색 일반 문자행: 같은 glyph base 유지, 첫 바이트 OR 08h로 일반 문자 토큰 반영."
695,문자,0x9C33,0x9C34,637,니,F8 25,2,e2f0d9,"연녹색 일반 문자행: 같은 glyph base 유지, 첫 바이트 OR 08h로 일반 문자 토큰 반영."
696,문자,0x9C35,0x9C36,638,다,C8 27,2,e2f0d9,"연녹색 일반 문자행: 같은 glyph base 유지, 첫 바이트 OR 08h로 일반 문자 토큰 반영."
697,문자,0x9C37,0x9C38,639,。,30 12,2,e2f0d9,기존 일본어/PC-88 문장부호 토큰 반영. 일반/발화 변환 대상 아님.
698,제어,0x9C39,0x9C3A,,,15 00,2,fce4d6,한글 재배치 기준 HL=9C39→9C3B. 제어토큰 유지.
699,제어,0x9C3B,0x9C3C,,,10 11,2,fce4d6,한글 재배치 기준 HL=9C3B→9C3D. 제어토큰 유지.
700,제어,0x9C3D,0x9C41,,,12 00 23 21 00,5,fce4d6,한글 재배치 기준 HL=9C3D→9C42. 제어토큰 유지.
701,제어,0x9C42,0x9C43,,,10 11,2,fce4d6,한글 재배치 기준 HL=9C42→9C44. 제어토큰 유지.
702,제어,0x9C44,0x9C48,,,12 00 23 21 00,5,fce4d6,한글 재배치 기준 HL=9C44→9C49. 제어토큰 유지.
703,제어,0x9C49,0x9C4A,,,10 11,2,fce4d6,한글 재배치 기준 HL=9C49→9C4B. 제어토큰 유지.
704,문자,0x9C4B,0x9C4C,640,베,90 3B,2,e9ae2b,주황색 대화 발화 문자행: 패치 KANJI1 발화체 토큰 반영.
705,문자,0x9C4D,0x9C4E,641,칸,D0 E1,2,e9ae2b,주황색 대화 발화 문자행: 패치 KANJI1 발화체 토큰 반영.
706,문자,0x9C4F,0x9C50,642,타,20 E2,2,e9ae2b,주황색 대화 발화 문자행: 패치 KANJI1 발화체 토큰 반영.
707,문자,0x9C51,0x9C52,643,・,60 12,2,e2f0d9,기존 일본어/PC-88 문장부호 토큰 반영. 일반/발화 변환 대상 아님.
708,문자,0x9C53,0x9C54,644,・,60 12,2,e2f0d9,기존 일본어/PC-88 문장부호 토큰 반영. 일반/발화 변환 대상 아님.
709,문자,0x9C55,0x9C56,645,・,60 12,2,e2f0d9,기존 일본어/PC-88 문장부호 토큰 반영. 일반/발화 변환 대상 아님.
710,문자,0x9C57,0x9C58,646,？,90 12,2,e2f0d9,기존 일본어/PC-88 문장부호 토큰 반영. 일반/발화 변환 대상 아님.
711,제어,0x9C59,0x9C5A,,,15 00,2,fce4d6,한글 재배치 기준 HL=9C59→9C5B. 제어토큰 유지.
712,문자,0x9C5B,0x9C5C,647,그,58 21,2,e2f0d9,"연녹색 일반 문자행: 같은 glyph base 유지, 첫 바이트 OR 08h로 일반 문자 토큰 반영."
713,문자,0x9C5D,0x9C5E,648,렇,98 31,2,e2f0d9,"연녹색 일반 문자행: 같은 glyph base 유지, 첫 바이트 OR 08h로 일반 문자 토큰 반영."
714,문자,0x9C5F,0x9C60,649,습,A8 3F,2,e2f0d9,"연녹색 일반 문자행: 같은 glyph base 유지, 첫 바이트 OR 08h로 일반 문자 토큰 반영."
715,문자,0x9C61,0x9C62,650,니,F8 25,2,e2f0d9,"연녹색 일반 문자행: 같은 glyph base 유지, 첫 바이트 OR 08h로 일반 문자 토큰 반영."
716,문자,0x9C63,0x9C64,651,다,C8 27,2,e2f0d9,"연녹색 일반 문자행: 같은 glyph base 유지, 첫 바이트 OR 08h로 일반 문자 토큰 반영."
717,문자,0x9C65,0x9C66,652,。,30 12,2,e2f0d9,기존 일본어/PC-88 문장부호 토큰 반영. 일반/발화 변환 대상 아님.
718,문자,0x9C67,0x9C68,653,그,58 21,2,e2f0d9,"연녹색 일반 문자행: 같은 glyph base 유지, 첫 바이트 OR 08h로 일반 문자 토큰 반영."
719,문자,0x9C69,0x9C6A,654,␠,18 12,2,e2f0d9,일본어 전각 공백 토큰 18 12 반영. 일반/발화 변환 대상 아님.
720,문자,0x9C6B,0x9C6C,655,힘,78 E5,2,e2f0d9,"연녹색 일반 문자행: 같은 glyph base 유지, 첫 바이트 OR 08h로 일반 문자 토큰 반영."
721,문자,0x9C6D,0x9C6E,656,은,48 DE,2,e2f0d9,"연녹색 일반 문자행: 같은 glyph base 유지, 첫 바이트 OR 08h로 일반 문자 토큰 반영."
722,문자,0x9C6F,0x9C70,657,“,88 22,2,e2f0d9,사용자 확정값 반영: 여는 큰따옴표 “ = 88 22. KANJIROM slot 552/code 0x2280의 일반/비발화 토큰.
723,문자,0x9C71,0x9C72,658,베,98 3B,2,e2f0d9,"연녹색 일반 문자행: 같은 glyph base 유지, 첫 바이트 OR 08h로 일반 문자 토큰 반영."
724,문자,0x9C73,0x9C74,659,칸,D8 E1,2,e2f0d9,"연녹색 일반 문자행: 같은 glyph base 유지, 첫 바이트 OR 08h로 일반 문자 토큰 반영."
725,문자,0x9C75,0x9C76,660,티,D8 E2,2,e2f0d9,"연녹색 일반 문자행: 같은 glyph base 유지, 첫 바이트 OR 08h로 일반 문자 토큰 반영."
726,제어,0x9C77,0x9C7B,,,12 00 23 21 00,5,fce4d6,한글 재배치 기준 HL=9C77→9C7C. 제어토큰 유지.
727,문자,0x9C7C,0x9C7D,661,”,98 22,2,e2f0d9,사용자 확정값 반영: 닫는 큰따옴표 ” = 98 22. KANJIROM slot 553/code 0x2290의 일반/비발화 토큰.
728,문자,0x9C7E,0x9C7F,662,라,F8 30,2,e2f0d9,"연녹색 일반 문자행: 같은 glyph base 유지, 첫 바이트 OR 08h로 일반 문자 토큰 반영."
729,문자,0x9C80,0x9C81,663,는,E8 25,2,e2f0d9,"연녹색 일반 문자행: 같은 glyph base 유지, 첫 바이트 OR 08h로 일반 문자 토큰 반영."
730,문자,0x9C82,0x9C83,664,␠,18 12,2,e2f0d9,일본어 전각 공백 토큰 18 12 반영. 일반/발화 변환 대상 아님.
731,문자,0x9C84,0x9C85,665,또,C8 30,2,e2f0d9,"연녹색 일반 문자행: 같은 glyph base 유지, 첫 바이트 OR 08h로 일반 문자 토큰 반영."
732,문자,0x9C86,0x9C87,666,␠,18 12,2,e2f0d9,일본어 전각 공백 토큰 18 12 반영. 일반/발화 변환 대상 아님.
733,문자,0x9C88,0x9C89,667,다,C8 27,2,e2f0d9,"연녹색 일반 문자행: 같은 glyph base 유지, 첫 바이트 OR 08h로 일반 문자 토큰 반영."
734,문자,0x9C8A,0x9C8B,668,른,48 34,2,e2f0d9,"연녹색 일반 문자행: 같은 glyph base 유지, 첫 바이트 OR 08h로 일반 문자 토큰 반영."
735,문자,0x9C8C,0x9C8D,669,␠,18 12,2,e2f0d9,일본어 전각 공백 토큰 18 12 반영. 일반/발화 변환 대상 아님.
736,문자,0x9C8E,0x9C8F,670,차,A8 E0,2,e2f0d9,"연녹색 일반 문자행: 같은 glyph base 유지, 첫 바이트 OR 08h로 일반 문자 토큰 반영."
737,문자,0x9C90,0x9C91,671,원,F8 D9,2,e2f0d9,"연녹색 일반 문자행: 같은 glyph base 유지, 첫 바이트 OR 08h로 일반 문자 토큰 반영."
738,문자,0x9C92,0x9C93,672,에,48 9F,2,e2f0d9,"연녹색 일반 문자행: 같은 glyph base 유지, 첫 바이트 OR 08h로 일반 문자 토큰 반영."
739,문자,0x9C94,0x9C95,673,서,58 3D,2,e2f0d9,"연녹색 일반 문자행: 같은 glyph base 유지, 첫 바이트 OR 08h로 일반 문자 토큰 반영."
740,문자,0x9C96,0x9C97,674,␠,18 12,2,e2f0d9,일본어 전각 공백 토큰 18 12 반영. 일반/발화 변환 대상 아님.
741,문자,0x9C98,0x9C99,675,흘,38 E5,2,e2f0d9,"연녹색 일반 문자행: 같은 glyph base 유지, 첫 바이트 OR 08h로 일반 문자 토큰 반영."
742,문자,0x9C9A,0x9C9B,676,러,48 31,2,e2f0d9,"연녹색 일반 문자행: 같은 glyph base 유지, 첫 바이트 OR 08h로 일반 문자 토큰 반영."
743,문자,0x9C9C,0x9C9D,677,나,B8 24,2,e2f0d9,"연녹색 일반 문자행: 같은 glyph base 유지, 첫 바이트 OR 08h로 일반 문자 토큰 반영."
744,문자,0x9C9E,0x9C9F,678,오,B8 9F,2,e2f0d9,"연녹색 일반 문자행: 같은 glyph base 유지, 첫 바이트 OR 08h로 일반 문자 토큰 반영."
745,문자,0x9CA0,0x9CA1,679,고,88 20,2,e2f0d9,"연녹색 일반 문자행: 같은 glyph base 유지, 첫 바이트 OR 08h로 일반 문자 토큰 반영."
746,문자,0x9CA2,0x9CA3,680,␠,18 12,2,e2f0d9,일본어 전각 공백 토큰 18 12 반영. 일반/발화 변환 대상 아님.
747,문자,0x9CA4,0x9CA5,681,있,F8 DE,2,e2f0d9,"연녹색 일반 문자행: 같은 glyph base 유지, 첫 바이트 OR 08h로 일반 문자 토큰 반영."
748,문자,0x9CA6,0x9CA7,682,으,38 DE,2,e2f0d9,"연녹색 일반 문자행: 같은 glyph base 유지, 첫 바이트 OR 08h로 일반 문자 토큰 반영."
749,문자,0x9CA8,0x9CA9,683,며,68 35,2,e2f0d9,"연녹색 일반 문자행: 같은 glyph base 유지, 첫 바이트 OR 08h로 일반 문자 토큰 반영."
750,문자,0x9CAA,0x9CAB,684,、,20 12,2,e2f0d9,기존 일본어/PC-88 문장부호 토큰 반영. 일반/발화 변환 대상 아님.
751,문자,0x9CAC,0x9CAD,685,그,58 21,2,e2f0d9,"연녹색 일반 문자행: 같은 glyph base 유지, 첫 바이트 OR 08h로 일반 문자 토큰 반영."
752,문자,0x9CAE,0x9CAF,686,␠,18 12,2,e2f0d9,일본어 전각 공백 토큰 18 12 반영. 일반/발화 변환 대상 아님.
753,문자,0x9CB0,0x9CB1,687,원,F8 D9,2,e2f0d9,"연녹색 일반 문자행: 같은 glyph base 유지, 첫 바이트 OR 08h로 일반 문자 토큰 반영."
754,문자,0x9CB2,0x9CB3,688,흉,F8 E4,2,e2f0d9,"연녹색 일반 문자행: 같은 glyph base 유지, 첫 바이트 OR 08h로 일반 문자 토큰 반영."
755,문자,0x9CB4,0x9CB5,689,의,88 DE,2,e2f0d9,"연녹색 일반 문자행: 같은 glyph base 유지, 첫 바이트 OR 08h로 일반 문자 토큰 반영."
756,문자,0x9CB6,0x9CB7,690,␠,18 12,2,e2f0d9,일본어 전각 공백 토큰 18 12 반영. 일반/발화 변환 대상 아님.
757,문자,0x9CB8,0x9CB9,691,장,68 DF,2,e2f0d9,"연녹색 일반 문자행: 같은 glyph base 유지, 첫 바이트 OR 08h로 일반 문자 토큰 반영."
758,문자,0x9CBA,0x9CBB,692,본,C8 3B,2,e2f0d9,"연녹색 일반 문자행: 같은 glyph base 유지, 첫 바이트 OR 08h로 일반 문자 토큰 반영."
759,문자,0x9CBC,0x9CBD,693,인,A8 DE,2,e2f0d9,"연녹색 일반 문자행: 같은 glyph base 유지, 첫 바이트 OR 08h로 일반 문자 토큰 반영."
760,문자,0x9CBE,0x9CBF,694,은,48 DE,2,e2f0d9,"연녹색 일반 문자행: 같은 glyph base 유지, 첫 바이트 OR 08h로 일반 문자 토큰 반영."
761,문자,0x9CC0,0x9CC1,695,␠,18 12,2,e2f0d9,일본어 전각 공백 토큰 18 12 반영. 일반/발화 변환 대상 아님.
762,문자,0x9CC2,0x9CC3,696,바,88 39,2,e2f0d9,"연녹색 일반 문자행: 같은 glyph base 유지, 첫 바이트 OR 08h로 일반 문자 토큰 반영."
763,문자,0x9CC4,0x9CC5,697,로,D8 31,2,e2f0d9,"연녹색 일반 문자행: 같은 glyph base 유지, 첫 바이트 OR 08h로 일반 문자 토큰 반영."
764,제어,0x9CC6,0x9CCA,,,12 00 23 21 00,5,fce4d6,한글 재배치 기준 HL=9CC6→9CCB. 제어토큰 유지.
765,문자,0x9CCB,0x9CCC,698,␠,18 12,2,e2f0d9,일본어 전각 공백 토큰 18 12 반영. 일반/발화 변환 대상 아님.
766,문자,0x9CCD,0x9CCE,699,암,08 62,2,e2f0d9,"연녹색 일반 문자행: 같은 glyph base 유지, 첫 바이트 OR 08h로 일반 문자 토큰 반영."
767,문자,0x9CCF,0x9CD0,700,흑,18 E5,2,e2f0d9,"연녹색 일반 문자행: 같은 glyph base 유지, 첫 바이트 OR 08h로 일반 문자 토큰 반영."
768,문자,0x9CD1,0x9CD2,701,왕,F8 C3,2,e2f0d9,"연녹색 일반 문자행: 같은 glyph base 유지, 첫 바이트 OR 08h로 일반 문자 토큰 반영."
769,문자,0x9CD3,0x9CD4,702,“,88 22,2,e2f0d9,사용자 확정값 반영: 여는 큰따옴표 “ = 88 22. KANJIROM slot 552/code 0x2280의 일반/비발화 토큰.
770,문자,0x9CD5,0x9CD6,703,로,D8 31,2,e2f0d9,"연녹색 일반 문자행: 같은 glyph base 유지, 첫 바이트 OR 08h로 일반 문자 토큰 반영."
771,문자,0x9CD7,0x9CD8,704,그,58 21,2,e2f0d9,"연녹색 일반 문자행: 같은 glyph base 유지, 첫 바이트 OR 08h로 일반 문자 토큰 반영."
772,문자,0x9CD9,0x9CDA,705,레,A8 31,2,e2f0d9,"연녹색 일반 문자행: 같은 glyph base 유지, 첫 바이트 OR 08h로 일반 문자 토큰 반영."
773,문자,0x9CDB,0x9CDC,706,스,78 3F,2,e2f0d9,"연녹색 일반 문자행: 같은 glyph base 유지, 첫 바이트 OR 08h로 일반 문자 토큰 반영."
774,문자,0x9CDD,0x9CDE,707,”,98 22,2,e2f0d9,사용자 확정값 반영: 닫는 큰따옴표 ” = 98 22. KANJIROM slot 553/code 0x2290의 일반/비발화 토큰.
775,문자,0x9CDF,0x9CE0,708,입,E8 DE,2,e2f0d9,"연녹색 일반 문자행: 같은 glyph base 유지, 첫 바이트 OR 08h로 일반 문자 토큰 반영."
776,문자,0x9CE1,0x9CE2,709,니,F8 25,2,e2f0d9,"연녹색 일반 문자행: 같은 glyph base 유지, 첫 바이트 OR 08h로 일반 문자 토큰 반영."
777,문자,0x9CE3,0x9CE4,710,다,C8 27,2,e2f0d9,"연녹색 일반 문자행: 같은 glyph base 유지, 첫 바이트 OR 08h로 일반 문자 토큰 반영."
778,문자,0x9CE5,0x9CE6,711,。,30 12,2,e2f0d9,기존 일본어/PC-88 문장부호 토큰 반영. 일반/발화 변환 대상 아님.
779,제어,0x9CE7,0x9CE9,,,19 00 74,3,fce4d6,한글 재배치 기준 HL=9CE7→9CEA. 제어토큰 유지.
780,제어,0x9CEA,0x9CEB,,,15 00,2,fce4d6,한글 재배치 기준 HL=9CEA→9CEC. 제어토큰 유지.
781,제어,0x9CEC,0x9CED,,,17 00,2,fce4d6,한글 재배치 기준 HL=9CEC→9CEE. 제어토큰 유지.
782,제어,0x9CEE,0x9CF0,,,1A 00 04,3,fce4d6,한글 재배치 기준 HL=9CEE→9CF1. 제어토큰 유지.
783,제어,0x9CF1,0x9CF2,,,16 00,2,fce4d6,한글 재배치 기준 HL=9CF1→9CF3. 제어토큰 유지.
784,문자,0x9CF3,0x9CF4,712,저,90 DF,2,e9ae2b,주황색 대화 발화 문자행: 패치 KANJI1 발화체 토큰 반영.
785,문자,0x9CF5,0x9CF6,713,는,E0 25,2,e9ae2b,주황색 대화 발화 문자행: 패치 KANJI1 발화체 토큰 반영.
786,문자,0x9CF7,0x9CF8,714,␠,18 12,2,e2f0d9,일본어 전각 공백 토큰 18 12 반영. 일반/발화 변환 대상 아님.
787,문자,0x9CF9,0x9CFA,715,수,30 3F,2,e9ae2b,주황색 대화 발화 문자행: 패치 KANJI1 발화체 토큰 반영.
788,문자,0x9CFB,0x9CFC,716,천,20 E1,2,e9ae2b,주황색 대화 발화 문자행: 패치 KANJI1 발화체 토큰 반영.
789,문자,0x9CFD,0x9CFE,717,␠,18 12,2,e2f0d9,일본어 전각 공백 토큰 18 12 반영. 일반/발화 변환 대상 아님.
790,문자,0x9CFF,0x9D00,718,년,B0 25,2,e9ae2b,주황색 대화 발화 문자행: 패치 KANJI1 발화체 토큰 반영.
791,문자,0x9D01,0x9D02,719,␠,18 12,2,e2f0d9,일본어 전각 공백 토큰 18 12 반영. 일반/발화 변환 대상 아님.
792,문자,0x9D03,0x9D04,720,동,50 2E,2,e9ae2b,주황색 대화 발화 문자행: 패치 KANJI1 발화체 토큰 반영.
793,문자,0x9D05,0x9D06,721,안,00 5A,2,e9ae2b,주황색 대화 발화 문자행: 패치 KANJI1 발화체 토큰 반영.
794,문자,0x9D07,0x9D08,722,・,60 12,2,e2f0d9,기존 일본어/PC-88 문장부호 토큰 반영. 일반/발화 변환 대상 아님.
795,문자,0x9D09,0x9D0A,723,・,60 12,2,e2f0d9,기존 일본어/PC-88 문장부호 토큰 반영. 일반/발화 변환 대상 아님.
796,문자,0x9D0B,0x9D0C,724,・,60 12,2,e2f0d9,기존 일본어/PC-88 문장부호 토큰 반영. 일반/발화 변환 대상 아님.
797,문자,0x9D0D,0x9D0E,725,␠,18 12,2,e2f0d9,일본어 전각 공백 토큰 18 12 반영. 일반/발화 변환 대상 아님.
798,문자,0x9D0F,0x9D10,726,인,A0 DE,2,e9ae2b,주황색 대화 발화 문자행: 패치 KANJI1 발화체 토큰 반영.
799,문자,0x9D11,0x9D12,727,간,C0 17,2,e9ae2b,주황색 대화 발화 문자행: 패치 KANJI1 발화체 토큰 반영.
800,문자,0x9D13,0x9D14,728,의,80 DE,2,e9ae2b,주황색 대화 발화 문자행: 패치 KANJI1 발화체 토큰 반영.
801,문자,0x9D15,0x9D16,729,␠,18 12,2,e2f0d9,일본어 전각 공백 토큰 18 12 반영. 일반/발화 변환 대상 아님.
802,문자,0x9D17,0x9D18,730,역,60 9F,2,e9ae2b,주황색 대화 발화 문자행: 패치 KANJI1 발화체 토큰 반영.
803,문자,0x9D19,0x9D1A,731,사,E0 3C,2,e9ae2b,주황색 대화 발화 문자행: 패치 KANJI1 발화체 토큰 반영.
804,문자,0x9D1B,0x9D1C,732,가,A0 17,2,e9ae2b,주황색 대화 발화 문자행: 패치 KANJI1 발화체 토큰 반영.
805,문자,0x9D1D,0x9D1E,733,␠,18 12,2,e2f0d9,일본어 전각 공백 토큰 18 12 반영. 일반/발화 변환 대상 아님.
806,문자,0x9D1F,0x9D20,734,시,C0 3F,2,e9ae2b,주황색 대화 발화 문자행: 패치 KANJI1 발화체 토큰 반영.
807,문자,0x9D21,0x9D22,735,작,10 DF,2,e9ae2b,주황색 대화 발화 문자행: 패치 KANJI1 발화체 토큰 반영.
808,문자,0x9D23,0x9D24,736,된,90 2E,2,e9ae2b,주황색 대화 발화 문자행: 패치 KANJI1 발화체 토큰 반영.
809,문자,0x9D25,0x9D26,737,␠,18 12,2,e2f0d9,일본어 전각 공백 토큰 18 12 반영. 일반/발화 변환 대상 아님.
810,문자,0x9D27,0x9D28,738,이,90 DE,2,e9ae2b,주황색 대화 발화 문자행: 패치 KANJI1 발화체 토큰 반영.
811,문자,0x9D29,0x9D2A,739,래,30 31,2,e9ae2b,주황색 대화 발화 문자행: 패치 KANJI1 발화체 토큰 반영.
812,문자,0x9D2B,0x9D2C,740,로,D0 31,2,e9ae2b,주황색 대화 발화 문자행: 패치 KANJI1 발화체 토큰 반영.
813,문자,0x9D2D,0x9D2E,741,␠,18 12,2,e2f0d9,일본어 전각 공백 토큰 18 12 반영. 일반/발화 변환 대상 아님.
814,문자,0x9D2F,0x9D30,742,계,70 20,2,e9ae2b,주황색 대화 발화 문자행: 패치 KANJI1 발화체 토큰 반영.
815,문자,0x9D31,0x9D32,743,속,E0 3D,2,e9ae2b,주황색 대화 발화 문자행: 패치 KANJI1 발화체 토큰 반영.
816,문자,0x9D33,0x9D34,744,␠,18 12,2,e2f0d9,일본어 전각 공백 토큰 18 12 반영. 일반/발화 변환 대상 아님.
817,문자,0x9D35,0x9D36,745,싸,00 46,2,e9ae2b,주황색 대화 발화 문자행: 패치 KANJI1 발화체 토큰 반영.
818,문자,0x9D37,0x9D38,746,워,F0 D7,2,e9ae2b,주황색 대화 발화 문자행: 패치 KANJI1 발화체 토큰 반영.
819,문자,0x9D39,0x9D3A,747,왔,F0 C1,2,e9ae2b,주황색 대화 발화 문자행: 패치 KANJI1 발화체 토큰 반영.
820,문자,0x9D3B,0x9D3C,748,습,A0 3F,2,e9ae2b,주황색 대화 발화 문자행: 패치 KANJI1 발화체 토큰 반영.
821,문자,0x9D3D,0x9D3E,749,니,F0 25,2,e9ae2b,주황색 대화 발화 문자행: 패치 KANJI1 발화체 토큰 반영.
822,문자,0x9D3F,0x9D40,750,다,C0 27,2,e9ae2b,주황색 대화 발화 문자행: 패치 KANJI1 발화체 토큰 반영.
823,문자,0x9D41,0x9D42,751,。,30 12,2,e2f0d9,기존 일본어/PC-88 문장부호 토큰 반영. 일반/발화 변환 대상 아님.
824,문자,0x9D43,0x9D44,752,하,50 E3,2,e9ae2b,주황색 대화 발화 문자행: 패치 KANJI1 발화체 토큰 반영.
825,문자,0x9D45,0x9D46,753,지,10 E0,2,e9ae2b,주황색 대화 발화 문자행: 패치 KANJI1 발화체 토큰 반영.
826,문자,0x9D47,0x9D48,754,만,D0 34,2,e9ae2b,주황색 대화 발화 문자행: 패치 KANJI1 발화체 토큰 반영.
827,문자,0x9D49,0x9D4A,755,␠,18 12,2,e2f0d9,일본어 전각 공백 토큰 18 12 반영. 일반/발화 변환 대상 아님.
828,문자,0x9D4B,0x9D4C,756,유,20 DE,2,e9ae2b,주황색 대화 발화 문자행: 패치 KANJI1 발화체 토큰 반영.
829,문자,0x9D4D,0x9D4E,757,코,10 E2,2,e9ae2b,주황색 대화 발화 문자행: 패치 KANJI1 발화체 토큰 반영.
830,문자,0x9D4F,0x9D50,758,、,20 12,2,e2f0d9,기존 일본어/PC-88 문장부호 토큰 반영. 일반/발화 변환 대상 아님.
831,문자,0x9D51,0x9D52,759,지,10 E0,2,e9ae2b,주황색 대화 발화 문자행: 패치 KANJI1 발화체 토큰 반영.
832,문자,0x9D53,0x9D54,760,금,80 21,2,e9ae2b,주황색 대화 발화 문자행: 패치 KANJI1 발화체 토큰 반영.
833,문자,0x9D55,0x9D56,761,은,40 DE,2,e9ae2b,주황색 대화 발화 문자행: 패치 KANJI1 발화체 토큰 반영.
834,문자,0x9D57,0x9D58,762,␠,18 12,2,e2f0d9,일본어 전각 공백 토큰 18 12 반영. 일반/발화 변환 대상 아님.
835,문자,0x9D59,0x9D5A,763,당,90 2D,2,e9ae2b,주황색 대화 발화 문자행: 패치 KANJI1 발화체 토큰 반영.
836,문자,0x9D5B,0x9D5C,764,신,D0 3F,2,e9ae2b,주황색 대화 발화 문자행: 패치 KANJI1 발화체 토큰 반영.
837,문자,0x9D5D,0x9D5E,765,의,80 DE,2,e9ae2b,주황색 대화 발화 문자행: 패치 KANJI1 발화체 토큰 반영.
838,문자,0x9D5F,0x9D60,766,␠,18 12,2,e2f0d9,일본어 전각 공백 토큰 18 12 반영. 일반/발화 변환 대상 아님.
839,문자,0x9D61,0x9D62,767,도,20 2E,2,e9ae2b,주황색 대화 발화 문자행: 패치 KANJI1 발화체 토큰 반영.
840,문자,0x9D63,0x9D64,768,움,F0 D5,2,e9ae2b,주황색 대화 발화 문자행: 패치 KANJI1 발화체 토큰 반영.
841,문자,0x9D65,0x9D66,769,이,90 DE,2,e9ae2b,주황색 대화 발화 문자행: 패치 KANJI1 발화체 토큰 반영.
842,문자,0x9D67,0x9D68,770,␠,18 12,2,e2f0d9,일본어 전각 공백 토큰 18 12 반영. 일반/발화 변환 대상 아님.
843,문자,0x9D69,0x9D6A,771,필,40 E3,2,e9ae2b,주황색 대화 발화 문자행: 패치 KANJI1 발화체 토큰 반영.
844,문자,0x9D6B,0x9D6C,772,요,F0 C7,2,e9ae2b,주황색 대화 발화 문자행: 패치 KANJI1 발화체 토큰 반영.
845,문자,0x9D6D,0x9D6E,773,합,90 E3,2,e9ae2b,주황색 대화 발화 문자행: 패치 KANJI1 발화체 토큰 반영.
846,문자,0x9D6F,0x9D70,774,니,F0 25,2,e9ae2b,주황색 대화 발화 문자행: 패치 KANJI1 발화체 토큰 반영.
847,문자,0x9D71,0x9D72,775,다,C0 27,2,e9ae2b,주황색 대화 발화 문자행: 패치 KANJI1 발화체 토큰 반영.
848,문자,0x9D73,0x9D74,776,。,30 12,2,e2f0d9,기존 일본어/PC-88 문장부호 토큰 반영. 일반/발화 변환 대상 아님.
849,제어,0x9D75,0x9D76,,,15 00,2,fce4d6,한글 재배치 기준 HL=9D75→9D77. 제어토큰 유지.
850,문자,0x9D77,0x9D78,777,이,90 DE,2,e9ae2b,주황색 대화 발화 문자행: 패치 KANJI1 발화체 토큰 반영.
851,문자,0x9D79,0x9D7A,778,제,F0 E3,2,e9ae2b,주황색 대화 발화 문자행: 패치 KANJI1 발화체 토큰 반영.
852,문자,0x9D7B,0x9D7C,779,␠,18 12,2,e2f0d9,일본어 전각 공백 토큰 18 12 반영. 일반/발화 변환 대상 아님.
853,문자,0x9D7D,0x9D7E,780,제,F0 E3,2,e9ae2b,주황색 대화 발화 문자행: 패치 KANJI1 발화체 토큰 반영.
854,문자,0x9D7F,0x9D80,781,␠,18 12,2,e2f0d9,일본어 전각 공백 토큰 18 12 반영. 일반/발화 변환 대상 아님.
855,문자,0x9D81,0x9D82,782,힘,70 E5,2,e9ae2b,주황색 대화 발화 문자행: 패치 KANJI1 발화체 토큰 반영.
856,문자,0x9D83,0x9D84,783,만,D0 34,2,e9ae2b,주황색 대화 발화 문자행: 패치 KANJI1 발화체 토큰 반영.
857,문자,0x9D85,0x9D86,784,으,30 DE,2,e9ae2b,주황색 대화 발화 문자행: 패치 KANJI1 발화체 토큰 반영.
858,문자,0x9D87,0x9D88,785,로,D0 31,2,e9ae2b,주황색 대화 발화 문자행: 패치 KANJI1 발화체 토큰 반영.
859,문자,0x9D89,0x9D8A,786,는,E0 25,2,e9ae2b,주황색 대화 발화 문자행: 패치 KANJI1 발화체 토큰 반영.
860,문자,0x9D8B,0x9D8C,787,␠,18 12,2,e2f0d9,일본어 전각 공백 토큰 18 12 반영. 일반/발화 변환 대상 아님.
861,문자,0x9D8D,0x9D8E,788,도,28 2E,2,e2f0d9,"연녹색 일반 문자행: 같은 glyph base 유지, 첫 바이트 OR 08h로 일반 문자 토큰 반영."
862,문자,0x9D8F,0x9D90,789,저,98 DF,2,e2f0d9,"연녹색 일반 문자행: 같은 glyph base 유지, 첫 바이트 OR 08h로 일반 문자 토큰 반영."
863,문자,0x9D91,0x9D92,790,히,68 E5,2,e2f0d9,"연녹색 일반 문자행: 같은 glyph base 유지, 첫 바이트 OR 08h로 일반 문자 토큰 반영."
864,문자,0x9D93,0x9D94,791,␠,18 12,2,e2f0d9,일본어 전각 공백 토큰 18 12 반영. 일반/발화 변환 대상 아님.
865,문자,0x9D95,0x9D96,792,어,00 70,2,e9ae2b,주황색 대화 발화 문자행: 패치 KANJI1 발화체 토큰 반영.
866,문자,0x9D97,0x9D98,793,찌,90 E0,2,e9ae2b,주황색 대화 발화 문자행: 패치 KANJI1 발화체 토큰 반영.
867,문자,0x9D99,0x9D9A,794,할,80 E3,2,e9ae2b,주황색 대화 발화 문자행: 패치 KANJI1 발화체 토큰 반영.
868,문자,0x9D9B,0x9D9C,795,␠,18 12,2,e2f0d9,일본어 전각 공백 토큰 18 12 반영. 일반/발화 변환 대상 아님.
869,문자,0x9D9D,0x9D9E,796,수,30 3F,2,e9ae2b,주황색 대화 발화 문자행: 패치 KANJI1 발화체 토큰 반영.
870,문자,0x9D9F,0x9DA0,797,␠,18 12,2,e2f0d9,일본어 전각 공백 토큰 18 12 반영. 일반/발화 변환 대상 아님.
871,문자,0x9DA1,0x9DA2,798,없,00 7C,2,e9ae2b,주황색 대화 발화 문자행: 패치 KANJI1 발화체 토큰 반영.
872,문자,0x9DA3,0x9DA4,799,습,A0 3F,2,e9ae2b,주황색 대화 발화 문자행: 패치 KANJI1 발화체 토큰 반영.
873,문자,0x9DA5,0x9DA6,800,니,F0 25,2,e9ae2b,주황색 대화 발화 문자행: 패치 KANJI1 발화체 토큰 반영.
874,문자,0x9DA7,0x9DA8,801,다,C0 27,2,e9ae2b,주황색 대화 발화 문자행: 패치 KANJI1 발화체 토큰 반영.
875,문자,0x9DA9,0x9DAA,802,。,30 12,2,e2f0d9,기존 일본어/PC-88 문장부호 토큰 반영. 일반/발화 변환 대상 아님.
876,제어,0x9DAB,0x9DAD,,,19 00 75,3,fce4d6,한글 재배치 기준 HL=9DAB→9DAE. 제어토큰 유지.
877,제어,0x9DAE,0x9DAF,,,15 00,2,fce4d6,한글 재배치 기준 HL=9DAE→9DB0. 제어토큰 유지.
878,제어,0x9DB0,0x9DB1,,,17 00,2,fce4d6,한글 재배치 기준 HL=9DB0→9DB2. 제어토큰 유지.
879,제어,0x9DB2,0x9DB4,,,1A 00 04,3,fce4d6,한글 재배치 기준 HL=9DB2→9DB5. 제어토큰 유지.
880,제어,0x9DB5,0x9DB6,,,16 00,2,fce4d6,한글 재배치 기준 HL=9DB5→9DB7. 제어토큰 유지.
881,문자,0x9DB7,0x9DB8,803,나,B0 24,2,e9ae2b,주황색 대화 발화 문자행: 패치 KANJI1 발화체 토큰 반영.
882,문자,0x9DB9,0x9DBA,804,더,C0 2D,2,e9ae2b,주황색 대화 발화 문자행: 패치 KANJI1 발화체 토큰 반영.
883,문자,0x9DBB,0x9DBC,805,러,40 31,2,e9ae2b,주황색 대화 발화 문자행: 패치 KANJI1 발화체 토큰 반영.
884,문자,0x9DBD,0x9DBE,806,・,60 12,2,e2f0d9,기존 일본어/PC-88 문장부호 토큰 반영. 일반/발화 변환 대상 아님.
885,제어,0x9DBF,0x9DC3,,,12 00 23 21 00,5,fce4d6,한글 재배치 기준 HL=9DBF→9DC4. 제어토큰 유지.
886,문자,0x9DC4,0x9DC5,807,・,60 12,2,e2f0d9,기존 일본어/PC-88 문장부호 토큰 반영. 일반/발화 변환 대상 아님.
887,제어,0x9DC6,0x9DCA,,,12 00 23 21 00,5,fce4d6,한글 재배치 기준 HL=9DC6→9DCB. 제어토큰 유지.
888,문자,0x9DCB,0x9DCC,808,・,60 12,2,e2f0d9,기존 일본어/PC-88 문장부호 토큰 반영. 일반/발화 변환 대상 아님.
889,문자,0x9DCD,0x9DCE,809,！,A0 12,2,e2f0d9,기존 일본어/PC-88 문장부호 토큰 반영. 일반/발화 변환 대상 아님.
890,문자,0x9DCF,0x9DD0,810,？,90 12,2,e2f0d9,기존 일본어/PC-88 문장부호 토큰 반영. 일반/발화 변환 대상 아님.
891,문자,0x9DD1,0x9DD2,811,␠,18 12,2,e2f0d9,일본어 전각 공백 토큰 18 12 반영. 일반/발화 변환 대상 아님.
892,문자,0x9DD3,0x9DD4,812,나,B0 24,2,e9ae2b,주황색 대화 발화 문자행: 패치 KANJI1 발화체 토큰 반영.
893,문자,0x9DD5,0x9DD6,813,더,C0 2D,2,e9ae2b,주황색 대화 발화 문자행: 패치 KANJI1 발화체 토큰 반영.
894,제어,0x9DD7,0x9DDB,,,12 00 23 21 00,5,fce4d6,한글 재배치 기준 HL=9DD7→9DDC. 제어토큰 유지.
895,문자,0x9DDC,0x9DDD,814,러,40 31,2,e9ae2b,주황색 대화 발화 문자행: 패치 KANJI1 발화체 토큰 반영.
896,문자,0x9DDE,0x9DDF,815,␠,18 12,2,e2f0d9,일본어 전각 공백 토큰 18 12 반영. 일반/발화 변환 대상 아님.
897,문자,0x9DE0,0x9DE1,816,싸,08 46,2,e2f0d9,"연녹색 일반 문자행: 같은 glyph base 유지, 첫 바이트 OR 08h로 일반 문자 토큰 반영."
898,문자,0x9DE2,0x9DE3,817,우,F8 CD,2,e2f0d9,"연녹색 일반 문자행: 같은 glyph base 유지, 첫 바이트 OR 08h로 일반 문자 토큰 반영."
899,문자,0x9DE4,0x9DE5,818,라,F8 30,2,e2f0d9,"연녹색 일반 문자행: 같은 glyph base 유지, 첫 바이트 OR 08h로 일반 문자 토큰 반영."
900,문자,0x9DE6,0x9DE7,819,는,E8 25,2,e2f0d9,"연녹색 일반 문자행: 같은 glyph base 유지, 첫 바이트 OR 08h로 일반 문자 토큰 반영."
901,문자,0x9DE8,0x9DE9,820,␠,18 12,2,e2f0d9,일본어 전각 공백 토큰 18 12 반영. 일반/발화 변환 대상 아님.
902,문자,0x9DEA,0x9DEB,821,거,90 1D,2,e9ae2b,주황색 대화 발화 문자행: 패치 KANJI1 발화체 토큰 반영.
903,제어,0x9DEC,0x9DF0,,,12 00 23 21 00,5,fce4d6,한글 재배치 기준 HL=9DEC→9DF1. 제어토큰 유지.
904,문자,0x9DF1,0x9DF2,822,야,00 6C,2,e9ae2b,주황색 대화 발화 문자행: 패치 KANJI1 발화체 토큰 반영.
905,문자,0x9DF3,0x9DF4,823,!,A0 12,2,e2f0d9,기존 일본어/PC-88 문장부호 토큰 반영. 일반/발화 변환 대상 아님.
906,문자,0x9DF5,0x9DF6,824,?,90 12,2,e2f0d9,기존 일본어/PC-88 문장부호 토큰 반영. 일반/발화 변환 대상 아님.
907,문자,0x9DF7,0x9DF8,825,␠,18 12,2,e2f0d9,일본어 전각 공백 토큰 18 12 반영. 일반/발화 변환 대상 아님.
908,문자,0x9DF9,0x9DFA,826,어,00 70,2,e9ae2b,주황색 대화 발화 문자행: 패치 KANJI1 발화체 토큰 반영.
909,문자,0x9DFB,0x9DFC,827,떻,B0 30,2,e9ae2b,주황색 대화 발화 문자행: 패치 KANJI1 발화체 토큰 반영.
910,문자,0x9DFD,0x9DFE,828,게,00 20,2,e9ae2b,주황색 대화 발화 문자행: 패치 KANJI1 발화체 토큰 반영.
911,제어,0x9DFF,0x9E03,,,12 00 23 21 00,5,fce4d6,한글 재배치 기준 HL=9DFF→9E04. 제어토큰 유지.
912,문자,0x9E04,0x9E05,829,！,A0 12,2,e2f0d9,기존 일본어/PC-88 문장부호 토큰 반영. 일반/발화 변환 대상 아님.
913,문자,0x9E06,0x9E07,830,？,90 12,2,e2f0d9,기존 일본어/PC-88 문장부호 토큰 반영. 일반/발화 변환 대상 아님.
914,문자,0x9E08,0x9E09,831,␠,18 12,2,e2f0d9,일본어 전각 공백 토큰 18 12 반영. 일반/발화 변환 대상 아님.
915,문자,0x9E0A,0x9E0B,832,지,10 E0,2,e9ae2b,주황색 대화 발화 문자행: 패치 KANJI1 발화체 토큰 반영.
916,문자,0x9E0C,0x9E0D,833,금,80 21,2,e9ae2b,주황색 대화 발화 문자행: 패치 KANJI1 발화체 토큰 반영.
917,문자,0x9E0E,0x9E0F,834,도,20 2E,2,e9ae2b,주황색 대화 발화 문자행: 패치 KANJI1 발화체 토큰 반영.
918,문자,0x9E10,0x9E11,835,␠,18 12,2,e2f0d9,일본어 전각 공백 토큰 18 12 반영. 일반/발화 변환 대상 아님.
919,문자,0x9E12,0x9E13,836,뭐,E0 37,2,e9ae2b,주황색 대화 발화 문자행: 패치 KANJI1 발화체 토큰 반영.
920,문자,0x9E14,0x9E15,837,가,A0 17,2,e9ae2b,주황색 대화 발화 문자행: 패치 KANJI1 발화체 토큰 반영.
921,문자,0x9E16,0x9E17,838,␠,18 12,2,e2f0d9,일본어 전각 공백 토큰 18 12 반영. 일반/발화 변환 대상 아님.
922,문자,0x9E18,0x9E19,839,뭔,F8 37,2,e2f0d9,"연녹색 일반 문자행: 같은 glyph base 유지, 첫 바이트 OR 08h로 일반 문자 토큰 반영."
923,문자,0x9E1A,0x9E1B,840,지,18 E0,2,e2f0d9,"연녹색 일반 문자행: 같은 glyph base 유지, 첫 바이트 OR 08h로 일반 문자 토큰 반영."
924,문자,0x9E1C,0x9E1D,841,␠,18 12,2,e2f0d9,일본어 전각 공백 토큰 18 12 반영. 일반/발화 변환 대상 아님.
925,문자,0x9E1E,0x9E1F,842,하,50 E3,2,e9ae2b,주황색 대화 발화 문자행: 패치 KANJI1 발화체 토큰 반영.
926,문자,0x9E20,0x9E21,843,나,B0 24,2,e9ae2b,주황색 대화 발화 문자행: 패치 KANJI1 발화체 토큰 반영.
927,문자,0x9E22,0x9E23,844,도,20 2E,2,e9ae2b,주황색 대화 발화 문자행: 패치 KANJI1 발화체 토큰 반영.
928,문자,0x9E24,0x9E25,845,␠,18 12,2,e2f0d9,일본어 전각 공백 토큰 18 12 반영. 일반/발화 변환 대상 아님.
929,문자,0x9E26,0x9E27,846,모,A0 35,2,e9ae2b,주황색 대화 발화 문자행: 패치 KANJI1 발화체 토큰 반영.
930,문자,0x9E28,0x9E29,847,르,30 34,2,e9ae2b,주황색 대화 발화 문자행: 패치 KANJI1 발화체 토큰 반영.
931,문자,0x9E2A,0x9E2B,848,겠,10 20,2,e9ae2b,주황색 대화 발화 문자행: 패치 KANJI1 발화체 토큰 반영.
932,문자,0x9E2C,0x9E2D,849,는,E0 25,2,e9ae2b,주황색 대화 발화 문자행: 패치 KANJI1 발화체 토큰 반영.
933,문자,0x9E2E,0x9E2F,850,데,F0 2D,2,e9ae2b,주황색 대화 발화 문자행: 패치 KANJI1 발화체 토큰 반영.
934,문자,0x9E30,0x9E31,851,！,A0 12,2,e2f0d9,기존 일본어/PC-88 문장부호 토큰 반영. 일반/발화 변환 대상 아님.
935,제어,0x9E32,0x9E33,,,15 00,2,fce4d6,한글 재배치 기준 HL=9E32→9E34. 제어토큰 유지.
936,문자,0x9E34,0x9E35,852,당,98 2D,2,e2f0d9,"연녹색 일반 문자행: 같은 glyph base 유지, 첫 바이트 OR 08h로 일반 문자 토큰 반영."
937,문자,0x9E36,0x9E37,853,신,D8 3F,2,e2f0d9,"연녹색 일반 문자행: 같은 glyph base 유지, 첫 바이트 OR 08h로 일반 문자 토큰 반영."
938,문자,0x9E38,0x9E39,854,은,48 DE,2,e2f0d9,"연녹색 일반 문자행: 같은 glyph base 유지, 첫 바이트 OR 08h로 일반 문자 토큰 반영."
939,문자,0x9E3A,0x9E3B,855,␠,18 12,2,e2f0d9,일본어 전각 공백 토큰 18 12 반영. 일반/발화 변환 대상 아님.
940,문자,0x9E3C,0x9E3D,856,이,98 DE,2,e2f0d9,"연녹색 일반 문자행: 같은 glyph base 유지, 첫 바이트 OR 08h로 일반 문자 토큰 반영."
941,문자,0x9E3E,0x9E3F,857,미,58 39,2,e2f0d9,"연녹색 일반 문자행: 같은 glyph base 유지, 첫 바이트 OR 08h로 일반 문자 토큰 반영."
942,문자,0x9E40,0x9E41,858,␠,18 12,2,e2f0d9,일본어 전각 공백 토큰 18 12 반영. 일반/발화 변환 대상 아님.
943,문자,0x9E42,0x9E43,859,여,58 9F,2,e2f0d9,"연녹색 일반 문자행: 같은 glyph base 유지, 첫 바이트 OR 08h로 일반 문자 토큰 반영."
944,문자,0x9E44,0x9E45,860,기,B8 21,2,e2f0d9,"연녹색 일반 문자행: 같은 glyph base 유지, 첫 바이트 OR 08h로 일반 문자 토큰 반영."
945,문자,0x9E46,0x9E47,861,까,F8 21,2,e2f0d9,"연녹색 일반 문자행: 같은 glyph base 유지, 첫 바이트 OR 08h로 일반 문자 토큰 반영."
946,문자,0x9E48,0x9E49,862,지,18 E0,2,e2f0d9,"연녹색 일반 문자행: 같은 glyph base 유지, 첫 바이트 OR 08h로 일반 문자 토큰 반영."
947,문자,0x9E4A,0x9E4B,863,␠,18 12,2,e2f0d9,일본어 전각 공백 토큰 18 12 반영. 일반/발화 변환 대상 아님.
948,문자,0x9E4C,0x9E4D,864,싸,08 46,2,e2f0d9,"연녹색 일반 문자행: 같은 glyph base 유지, 첫 바이트 OR 08h로 일반 문자 토큰 반영."
949,문자,0x9E4E,0x9E4F,865,워,F8 D7,2,e2f0d9,"연녹색 일반 문자행: 같은 glyph base 유지, 첫 바이트 OR 08h로 일반 문자 토큰 반영."
950,문자,0x9E50,0x9E51,866,␠,18 12,2,e2f0d9,일본어 전각 공백 토큰 18 12 반영. 일반/발화 변환 대상 아님.
951,문자,0x9E52,0x9E53,867,오,B8 9F,2,e2f0d9,"연녹색 일반 문자행: 같은 glyph base 유지, 첫 바이트 OR 08h로 일반 문자 토큰 반영."
952,문자,0x9E54,0x9E55,868,지,18 E0,2,e2f0d9,"연녹색 일반 문자행: 같은 glyph base 유지, 첫 바이트 OR 08h로 일반 문자 토큰 반영."
953,문자,0x9E56,0x9E57,869,␠,18 12,2,e2f0d9,일본어 전각 공백 토큰 18 12 반영. 일반/발화 변환 대상 아님.
954,문자,0x9E58,0x9E59,870,않,08 5E,2,e2f0d9,"연녹색 일반 문자행: 같은 glyph base 유지, 첫 바이트 OR 08h로 일반 문자 토큰 반영."
955,문자,0x9E5A,0x9E5B,871,았,08 66,2,e2f0d9,"연녹색 일반 문자행: 같은 glyph base 유지, 첫 바이트 OR 08h로 일반 문자 토큰 반영."
956,문자,0x9E5C,0x9E5D,872,습,A8 3F,2,e2f0d9,"연녹색 일반 문자행: 같은 glyph base 유지, 첫 바이트 OR 08h로 일반 문자 토큰 반영."
957,문자,0x9E5E,0x9E5F,873,니,F8 25,2,e2f0d9,"연녹색 일반 문자행: 같은 glyph base 유지, 첫 바이트 OR 08h로 일반 문자 토큰 반영."
958,문자,0x9E60,0x9E61,874,까,F8 21,2,e2f0d9,"연녹색 일반 문자행: 같은 glyph base 유지, 첫 바이트 OR 08h로 일반 문자 토큰 반영."
959,문자,0x9E62,0x9E63,875,。,30 12,2,e2f0d9,기존 일본어/PC-88 문장부호 토큰 반영. 일반/발화 변환 대상 아님.
960,제어,0x9E64,0x9E65,,,15 00,2,fce4d6,한글 재배치 기준 HL=9E64→9E66. 제어토큰 유지.
961,문자,0x9E66,0x9E67,876,그,50 21,2,e9ae2b,주황색 대화 발화 문자행: 패치 KANJI1 발화체 토큰 반영.
962,문자,0x9E68,0x9E69,877,건,B0 1D,2,e9ae2b,주황색 대화 발화 문자행: 패치 KANJI1 발화체 토큰 반영.
963,제어,0x9E6A,0x9E6E,,,12 00 23 21 00,5,fce4d6,한글 재배치 기준 HL=9E6A→9E6F. 제어토큰 유지.
964,문자,0x9E6F,0x9E70,878,・,60 12,2,e2f0d9,기존 일본어/PC-88 문장부호 토큰 반영. 일반/발화 변환 대상 아님.
965,문자,0x9E71,0x9E72,879,・,60 12,2,e2f0d9,기존 일본어/PC-88 문장부호 토큰 반영. 일반/발화 변환 대상 아님.
966,문자,0x9E73,0x9E74,880,・,60 12,2,e2f0d9,기존 일본어/PC-88 문장부호 토큰 반영. 일반/발화 변환 대상 아님.
967,제어,0x9E75,0x9E78,,,12 00 23 00,4,fce4d6,한글 재배치 기준 HL=9E75→9E79. 제어토큰 유지.
968,문자,0x9E79,0x9E7A,881,␠,18 12,2,e2f0d9,일본어 전각 공백 토큰 18 12 반영. 일반/발화 변환 대상 아님.
969,문자,0x9E7B,0x9E7C,882,살,00 3D,2,e9ae2b,주황색 대화 발화 문자행: 패치 KANJI1 발화체 토큰 반영.
970,문자,0x9E7D,0x9E7E,883,려,B0 31,2,e9ae2b,주황색 대화 발화 문자행: 패치 KANJI1 발화체 토큰 반영.
971,문자,0x9E7F,0x9E80,884,고,80 20,2,e9ae2b,주황색 대화 발화 문자행: 패치 KANJI1 발화체 토큰 반영.
972,문자,0x9E81,0x9E82,885,␠,18 12,2,e2f0d9,일본어 전각 공백 토큰 18 12 반영. 일반/발화 변환 대상 아님.
973,문자,0x9E83,0x9E84,886,발,B0 39,2,e9ae2b,주황색 대화 발화 문자행: 패치 KANJI1 발화체 토큰 반영.
974,문자,0x9E85,0x9E86,887,버,F0 39,2,e9ae2b,주황색 대화 발화 문자행: 패치 KANJI1 발화체 토큰 반영.
975,문자,0x9E87,0x9E88,888,둥,E0 2E,2,e9ae2b,주황색 대화 발화 문자행: 패치 KANJI1 발화체 토큰 반영.
976,문자,0x9E89,0x9E8A,889,친,B0 E1,2,e9ae2b,주황색 대화 발화 문자행: 패치 KANJI1 발화체 토큰 반영.
977,제어,0x9E8B,0x9E8E,,,12 00 21 00,4,fce4d6,한글 재배치 기준 HL=9E8B→9E8F. 제어토큰 유지.
978,문자,0x9E8F,0x9E90,890,␠,18 12,2,e2f0d9,일본어 전각 공백 토큰 18 12 반영. 일반/발화 변환 대상 아님.
979,문자,0x9E91,0x9E92,891,것,F0 1D,2,e9ae2b,주황색 대화 발화 문자행: 패치 KANJI1 발화체 토큰 반영.
980,문자,0x9E93,0x9E94,892,뿐,90 3C,2,e9ae2b,주황색 대화 발화 문자행: 패치 KANJI1 발화체 토큰 반영.
981,문자,0x9E95,0x9E96,893,이,90 DE,2,e9ae2b,주황색 대화 발화 문자행: 패치 KANJI1 발화체 토큰 반영.
982,문자,0x9E97,0x9E98,894,야,00 6C,2,e9ae2b,주황색 대화 발화 문자행: 패치 KANJI1 발화체 토큰 반영.
983,문자,0x9E99,0x9E9A,895,！,A0 12,2,e2f0d9,기존 일본어/PC-88 문장부호 토큰 반영. 일반/발화 변환 대상 아님.
984,제어,0x9E9B,0x9E9D,,,19 00 74,3,fce4d6,한글 재배치 기준 HL=9E9B→9E9E. 제어토큰 유지.
985,제어,0x9E9E,0x9E9F,,,15 00,2,fce4d6,한글 재배치 기준 HL=9E9E→9EA0. 제어토큰 유지.
986,제어,0x9EA0,0x9EA1,,,17 00,2,fce4d6,한글 재배치 기준 HL=9EA0→9EA2. 제어토큰 유지.
987,제어,0x9EA2,0x9EA4,,,1A 00 04,3,fce4d6,한글 재배치 기준 HL=9EA2→9EA5. 제어토큰 유지.
988,제어,0x9EA5,0x9EA6,,,16 00,2,fce4d6,한글 재배치 기준 HL=9EA5→9EA7. 제어토큰 유지.
989,문자,0x9EA7,0x9EA8,896,제,F0 E3,2,e9ae2b,주황색 대화 발화 문자행: 패치 KANJI1 발화체 토큰 반영.
990,문자,0x9EA9,0x9EAA,897,가,A0 17,2,e9ae2b,주황색 대화 발화 문자행: 패치 KANJI1 발화체 토큰 반영.
991,문자,0x9EAB,0x9EAC,898,␠,18 12,2,e2f0d9,일본어 전각 공백 토큰 18 12 반영. 일반/발화 변환 대상 아님.
992,문자,0x9EAD,0x9EAE,899,차,A0 E0,2,e9ae2b,주황색 대화 발화 문자행: 패치 KANJI1 발화체 토큰 반영.
993,문자,0x9EAF,0x9EB0,900,원,F0 D9,2,e9ae2b,주황색 대화 발화 문자행: 패치 KANJI1 발화체 토큰 반영.
994,문자,0x9EB1,0x9EB2,901,을,50 DE,2,e9ae2b,주황색 대화 발화 문자행: 패치 KANJI1 발화체 토큰 반영.
995,문자,0x9EB3,0x9EB4,902,␠,18 12,2,e2f0d9,일본어 전각 공백 토큰 18 12 반영. 일반/발화 변환 대상 아님.
996,문자,0x9EB5,0x9EB6,903,넘,80 25,2,e9ae2b,주황색 대화 발화 문자행: 패치 KANJI1 발화체 토큰 반영.
997,문자,0x9EB7,0x9EB8,904,어,00 70,2,e9ae2b,주황색 대화 발화 문자행: 패치 KANJI1 발화체 토큰 반영.
998,문자,0x9EB9,0x9EBA,905,␠,18 12,2,e2f0d9,일본어 전각 공백 토큰 18 12 반영. 일반/발화 변환 대상 아님.
999,문자,0x9EBB,0x9EBC,906,보,B0 3B,2,e9ae2b,주황색 대화 발화 문자행: 패치 KANJI1 발화체 토큰 반영.
1000,문자,0x9EBD,0x9EBE,907,낸,10 25,2,e9ae2b,주황색 대화 발화 문자행: 패치 KANJI1 발화체 토큰 반영.
1001,문자,0x9EBF,0x9EC0,908,␠,18 12,2,e2f0d9,일본어 전각 공백 토큰 18 12 반영. 일반/발화 변환 대상 아님.
1002,문자,0x9EC1,0x9EC2,909,검,D0 1D,2,e9ae2b,주황색 대화 발화 문자행: 패치 KANJI1 발화체 토큰 반영.
1003,문자,0x9EC3,0x9EC4,910,을,50 DE,2,e9ae2b,주황색 대화 발화 문자행: 패치 KANJI1 발화체 토큰 반영.
1004,문자,0x9EC5,0x9EC6,911,␠,18 12,2,e2f0d9,일본어 전각 공백 토큰 18 12 반영. 일반/발화 변환 대상 아님.
1005,문자,0x9EC7,0x9EC8,912,받,A0 39,2,e9ae2b,주황색 대화 발화 문자행: 패치 KANJI1 발화체 토큰 반영.
1006,문자,0x9EC9,0x9ECA,913,아,00 56,2,e9ae2b,주황색 대화 발화 문자행: 패치 KANJI1 발화체 토큰 반영.
1007,문자,0x9ECB,0x9ECC,914,낼,20 25,2,e9ae2b,주황색 대화 발화 문자행: 패치 KANJI1 발화체 토큰 반영.
1008,문자,0x9ECD,0x9ECE,915,␠,18 12,2,e2f0d9,일본어 전각 공백 토큰 18 12 반영. 일반/발화 변환 대상 아님.
1009,문자,0x9ECF,0x9ED0,916,수,30 3F,2,e9ae2b,주황색 대화 발화 문자행: 패치 KANJI1 발화체 토큰 반영.
1010,문자,0x9ED1,0x9ED2,917,␠,18 12,2,e2f0d9,일본어 전각 공백 토큰 18 12 반영. 일반/발화 변환 대상 아님.
1011,문자,0x9ED3,0x9ED4,918,있,F0 DE,2,e9ae2b,주황색 대화 발화 문자행: 패치 KANJI1 발화체 토큰 반영.
1012,문자,0x9ED5,0x9ED6,919,었,00 7E,2,e9ae2b,주황색 대화 발화 문자행: 패치 KANJI1 발화체 토큰 반영.
1013,문자,0x9ED7,0x9ED8,920,던,D0 2D,2,e9ae2b,주황색 대화 발화 문자행: 패치 KANJI1 발화체 토큰 반영.
1014,문자,0x9ED9,0x9EDA,921,␠,18 12,2,e2f0d9,일본어 전각 공백 토큰 18 12 반영. 일반/발화 변환 대상 아님.
1015,문자,0x9EDB,0x9EDC,922,건,B0 1D,2,e9ae2b,주황색 대화 발화 문자행: 패치 KANJI1 발화체 토큰 반영.
1016,문자,0x9EDD,0x9EDE,923,、,20 12,2,e2f0d9,기존 일본어/PC-88 문장부호 토큰 반영. 일반/발화 변환 대상 아님.
1017,문자,0x9EDF,0x9EE0,924,당,90 2D,2,e9ae2b,주황색 대화 발화 문자행: 패치 KANJI1 발화체 토큰 반영.
1018,문자,0x9EE1,0x9EE2,925,신,D0 3F,2,e9ae2b,주황색 대화 발화 문자행: 패치 KANJI1 발화체 토큰 반영.
1019,문자,0x9EE3,0x9EE4,926,이,90 DE,2,e9ae2b,주황색 대화 발화 문자행: 패치 KANJI1 발화체 토큰 반영.
1020,문자,0x9EE5,0x9EE6,927,␠,18 12,2,e2f0d9,일본어 전각 공백 토큰 18 12 반영. 일반/발화 변환 대상 아님.
1021,문자,0x9EE7,0x9EE8,928,전,B0 DF,2,e9ae2b,주황색 대화 발화 문자행: 패치 KANJI1 발화체 토큰 반영.
1022,문자,0x9EE9,0x9EEA,929,사,E0 3C,2,e9ae2b,주황색 대화 발화 문자행: 패치 KANJI1 발화체 토큰 반영.
1023,문자,0x9EEB,0x9EEC,930,이,90 DE,2,e9ae2b,주황색 대화 발화 문자행: 패치 KANJI1 발화체 토큰 반영.
1024,문자,0x9EED,0x9EEE,931,기,B0 21,2,e9ae2b,주황색 대화 발화 문자행: 패치 KANJI1 발화체 토큰 반영.
1025,문자,0x9EEF,0x9EF0,932,␠,18 12,2,e2f0d9,일본어 전각 공백 토큰 18 12 반영. 일반/발화 변환 대상 아님.
1026,문자,0x9EF1,0x9EF2,933,때,80 30,2,e9ae2b,주황색 대화 발화 문자행: 패치 KANJI1 발화체 토큰 반영.
1027,문자,0x9EF3,0x9EF4,934,문,B0 37,2,e9ae2b,주황색 대화 발화 문자행: 패치 KANJI1 발화체 토큰 반영.
1028,문자,0x9EF5,0x9EF6,935,입,E0 DE,2,e9ae2b,주황색 대화 발화 문자행: 패치 KANJI1 발화체 토큰 반영.
1029,문자,0x9EF7,0x9EF8,936,니,F0 25,2,e9ae2b,주황색 대화 발화 문자행: 패치 KANJI1 발화체 토큰 반영.
1030,문자,0x9EF9,0x9EFA,937,다,C0 27,2,e9ae2b,주황색 대화 발화 문자행: 패치 KANJI1 발화체 토큰 반영.
1031,문자,0x9EFB,0x9EFC,938,。,30 12,2,e2f0d9,기존 일본어/PC-88 문장부호 토큰 반영. 일반/발화 변환 대상 아님.
1032,제어,0x9EFD,0x9EFE,,,15 00,2,fce4d6,한글 재배치 기준 HL=9EFD→9EFF. 제어토큰 유지.
1033,문자,0x9EFF,0x9F00,939,“,88 22,2,e2f0d9,사용자 확정값 반영: 여는 큰따옴표 “ = 88 22. KANJIROM slot 552/code 0x2280의 일반/비발화 토큰.
1034,문자,0x9F01,0x9F02,940,빛,50 3C,2,e9ae2b,주황색 대화 발화 문자행: 패치 KANJI1 발화체 토큰 반영.
1035,문자,0x9F03,0x9F04,941,”,98 22,2,e2f0d9,사용자 확정값 반영: 닫는 큰따옴표 ” = 98 22. KANJIROM slot 553/code 0x2290의 일반/비발화 토큰.
1036,문자,0x9F05,0x9F06,942,과,B0 20,2,e9ae2b,주황색 대화 발화 문자행: 패치 KANJI1 발화체 토큰 반영.
1037,문자,0x9F07,0x9F08,943,“,88 22,2,e2f0d9,사용자 확정값 반영: 여는 큰따옴표 “ = 88 22. KANJIROM slot 552/code 0x2280의 일반/비발화 토큰.
1038,문자,0x9F09,0x9F0A,944,어,00 70,2,e9ae2b,주황색 대화 발화 문자행: 패치 KANJI1 발화체 토큰 반영.
1039,문자,0x9F0B,0x9F0C,945,둠,D0 2E,2,e9ae2b,주황색 대화 발화 문자행: 패치 KANJI1 발화체 토큰 반영.
1040,문자,0x9F0D,0x9F0E,946,”,98 22,2,e2f0d9,사용자 확정값 반영: 닫는 큰따옴표 ” = 98 22. KANJIROM slot 553/code 0x2290의 일반/비발화 토큰.
1041,문자,0x9F0F,0x9F10,947,이,90 DE,2,e9ae2b,주황색 대화 발화 문자행: 패치 KANJI1 발화체 토큰 반영.
1042,문자,0x9F11,0x9F12,948,␠,18 12,2,e2f0d9,일본어 전각 공백 토큰 18 12 반영. 일반/발화 변환 대상 아님.
1043,문자,0x9F13,0x9F14,949,균,40 21,2,e9ae2b,주황색 대화 발화 문자행: 패치 KANJI1 발화체 토큰 반영.
1044,문자,0x9F15,0x9F16,950,형,40 E4,2,e9ae2b,주황색 대화 발화 문자행: 패치 KANJI1 발화체 토큰 반영.
1045,문자,0x9F17,0x9F18,951,을,50 DE,2,e9ae2b,주황색 대화 발화 문자행: 패치 KANJI1 발화체 토큰 반영.
1046,문자,0x9F19,0x9F1A,952,␠,18 12,2,e2f0d9,일본어 전각 공백 토큰 18 12 반영. 일반/발화 변환 대상 아님.
1047,문자,0x9F1B,0x9F1C,953,이,90 DE,2,e9ae2b,주황색 대화 발화 문자행: 패치 KANJI1 발화체 토큰 반영.
1048,문자,0x9F1D,0x9F1E,954,룬,00 34,2,e9ae2b,주황색 대화 발화 문자행: 패치 KANJI1 발화체 토큰 반영.
1049,문자,0x9F1F,0x9F20,955,␠,18 12,2,e2f0d9,일본어 전각 공백 토큰 18 12 반영. 일반/발화 변환 대상 아님.
1050,문자,0x9F21,0x9F22,956,가,A0 17,2,e9ae2b,주황색 대화 발화 문자행: 패치 KANJI1 발화체 토큰 반영.
1051,문자,0x9F23,0x9F24,957,장,60 DF,2,e9ae2b,주황색 대화 발화 문자행: 패치 KANJI1 발화체 토큰 반영.
1052,문자,0x9F25,0x9F26,958,␠,18 12,2,e2f0d9,일본어 전각 공백 토큰 18 12 반영. 일반/발화 변환 대상 아님.
1053,문자,0x9F27,0x9F28,959,자,00 DF,2,e9ae2b,주황색 대화 발화 문자행: 패치 KANJI1 발화체 토큰 반영.
1054,문자,0x9F29,0x9F2A,960,연,70 9F,2,e9ae2b,주황색 대화 발화 문자행: 패치 KANJI1 발화체 토큰 반영.
1055,문자,0x9F2B,0x9F2C,961,스,70 3F,2,e9ae2b,주황색 대화 발화 문자행: 패치 KANJI1 발화체 토큰 반영.
1056,문자,0x9F2D,0x9F2E,962,러,40 31,2,e9ae2b,주황색 대화 발화 문자행: 패치 KANJI1 발화체 토큰 반영.
1057,문자,0x9F2F,0x9F30,963,운,F0 D1,2,e9ae2b,주황색 대화 발화 문자행: 패치 KANJI1 발화체 토큰 반영.
1058,문자,0x9F31,0x9F32,964,␠,18 12,2,e2f0d9,일본어 전각 공백 토큰 18 12 반영. 일반/발화 변환 대상 아님.
1059,문자,0x9F33,0x9F34,965,마,B0 34,2,e9ae2b,주황색 대화 발화 문자행: 패치 KANJI1 발화체 토큰 반영.
1060,문자,0x9F35,0x9F36,966,음,60 DE,2,e9ae2b,주황색 대화 발화 문자행: 패치 KANJI1 발화체 토큰 반영.
1061,문자,0x9F37,0x9F38,967,、,20 12,2,e2f0d9,기존 일본어/PC-88 문장부호 토큰 반영. 일반/발화 변환 대상 아님.
1062,문자,0x9F39,0x9F3A,968,그,50 21,2,e9ae2b,주황색 대화 발화 문자행: 패치 KANJI1 발화체 토큰 반영.
1063,문자,0x9F3B,0x9F3C,969,것,F0 1D,2,e9ae2b,주황색 대화 발화 문자행: 패치 KANJI1 발화체 토큰 반영.
1064,문자,0x9F3D,0x9F3E,970,이,90 DE,2,e9ae2b,주황색 대화 발화 문자행: 패치 KANJI1 발화체 토큰 반영.
1065,문자,0x9F3F,0x9F40,971,␠,18 12,2,e2f0d9,일본어 전각 공백 토큰 18 12 반영. 일반/발화 변환 대상 아님.
1066,문자,0x9F41,0x9F42,972,바,80 39,2,e9ae2b,주황색 대화 발화 문자행: 패치 KANJI1 발화체 토큰 반영.
1067,문자,0x9F43,0x9F44,973,로,D0 31,2,e9ae2b,주황색 대화 발화 문자행: 패치 KANJI1 발화체 토큰 반영.
1068,문자,0x9F45,0x9F46,974,␠,18 12,2,e2f0d9,일본어 전각 공백 토큰 18 12 반영. 일반/발화 변환 대상 아님.
1069,문자,0x9F47,0x9F48,975,그,50 21,2,e9ae2b,주황색 대화 발화 문자행: 패치 KANJI1 발화체 토큰 반영.
1070,문자,0x9F49,0x9F4A,976,␠,18 12,2,e2f0d9,일본어 전각 공백 토큰 18 12 반영. 일반/발화 변환 대상 아님.
1071,문자,0x9F4B,0x9F4C,977,증,00 E0,2,e9ae2b,주황색 대화 발화 문자행: 패치 KANJI1 발화체 토큰 반영.
1072,문자,0x9F4D,0x9F4E,978,거,90 1D,2,e9ae2b,주황색 대화 발화 문자행: 패치 KANJI1 발화체 토큰 반영.
1073,문자,0x9F4F,0x9F50,979,입,E0 DE,2,e9ae2b,주황색 대화 발화 문자행: 패치 KANJI1 발화체 토큰 반영.
1074,문자,0x9F51,0x9F52,980,니,F0 25,2,e9ae2b,주황색 대화 발화 문자행: 패치 KANJI1 발화체 토큰 반영.
1075,문자,0x9F53,0x9F54,981,다,C0 27,2,e9ae2b,주황색 대화 발화 문자행: 패치 KANJI1 발화체 토큰 반영.
1076,문자,0x9F55,0x9F56,982,。,30 12,2,e2f0d9,기존 일본어/PC-88 문장부호 토큰 반영. 일반/발화 변환 대상 아님.
1077,제어,0x9F57,0x9F59,,,19 00 75,3,fce4d6,한글 재배치 기준 HL=9F57→9F5A. 제어토큰 유지.
1078,제어,0x9F5A,0x9F5B,,,15 00,2,fce4d6,한글 재배치 기준 HL=9F5A→9F5C. 제어토큰 유지.
1079,제어,0x9F5C,0x9F5D,,,17 00,2,fce4d6,한글 재배치 기준 HL=9F5C→9F5E. 제어토큰 유지.
1080,제어,0x9F5E,0x9F60,,,1A 00 04,3,fce4d6,한글 재배치 기준 HL=9F5E→9F61. 제어토큰 유지.
1081,제어,0x9F61,0x9F62,,,16 00,2,fce4d6,한글 재배치 기준 HL=9F61→9F63. 제어토큰 유지.
1082,문자,0x9F63,0x9F64,983,말,F0 34,2,e9ae2b,주황색 대화 발화 문자행: 패치 KANJI1 발화체 토큰 반영.
1083,문자,0x9F65,0x9F66,984,도,20 2E,2,e9ae2b,주황색 대화 발화 문자행: 패치 KANJI1 발화체 토큰 반영.
1084,문자,0x9F67,0x9F68,985,␠,18 12,2,e2f0d9,일본어 전각 공백 토큰 18 12 반영. 일반/발화 변환 대상 아님.
1085,문자,0x9F69,0x9F6A,986,안,00 5A,2,e9ae2b,주황색 대화 발화 문자행: 패치 KANJI1 발화체 토큰 반영.
1086,문자,0x9F6B,0x9F6C,987,␠,18 12,2,e2f0d9,일본어 전각 공백 토큰 18 12 반영. 일반/발화 변환 대상 아님.
1087,문자,0x9F6D,0x9F6E,988,돼,60 2E,2,e9ae2b,주황색 대화 발화 문자행: 패치 KANJI1 발화체 토큰 반영.
1088,문자,0x9F6F,0x9F70,989,、,20 12,2,e2f0d9,기존 일본어/PC-88 문장부호 토큰 반영. 일반/발화 변환 대상 아님.
1089,제어,0x9F71,0x9F75,,,12 00 23 21 00,5,fce4d6,한글 재배치 기준 HL=9F71→9F76. 제어토큰 유지.
1090,문자,0x9F76,0x9F77,990,난,C0 24,2,e9ae2b,주황색 대화 발화 문자행: 패치 KANJI1 발화체 토큰 반영.
1091,문자,0x9F78,0x9F79,991,␠,18 12,2,e2f0d9,일본어 전각 공백 토큰 18 12 반영. 일반/발화 변환 대상 아님.
1092,문자,0x9F7A,0x9F7B,992,그,50 21,2,e9ae2b,주황색 대화 발화 문자행: 패치 KANJI1 발화체 토큰 반영.
1093,문자,0x9F7C,0x9F7D,993,런,50 31,2,e9ae2b,주황색 대화 발화 문자행: 패치 KANJI1 발화체 토큰 반영.
1094,문자,0x9F7E,0x9F7F,994,␠,18 12,2,e2f0d9,일본어 전각 공백 토큰 18 12 반영. 일반/발화 변환 대상 아님.
1095,문자,0x9F80,0x9F81,995,사,E0 3C,2,e9ae2b,주황색 대화 발화 문자행: 패치 KANJI1 발화체 토큰 반영.
1096,문자,0x9F82,0x9F83,996,람,20 31,2,e9ae2b,주황색 대화 발화 문자행: 패치 KANJI1 발화체 토큰 반영.
1097,문자,0x9F84,0x9F85,997,이,90 DE,2,e9ae2b,주황색 대화 발화 문자행: 패치 KANJI1 발화체 토큰 반영.
1098,문자,0x9F86,0x9F87,998,␠,18 12,2,e2f0d9,일본어 전각 공백 토큰 18 12 반영. 일반/발화 변환 대상 아님.
1099,문자,0x9F88,0x9F89,999,아,00 56,2,e9ae2b,주황색 대화 발화 문자행: 패치 KANJI1 발화체 토큰 반영.
1100,문자,0x9F8A,0x9F8B,1000,니,F0 25,2,e9ae2b,주황색 대화 발화 문자행: 패치 KANJI1 발화체 토큰 반영.
1101,문자,0x9F8C,0x9F8D,1001,야,00 6C,2,e9ae2b,주황색 대화 발화 문자행: 패치 KANJI1 발화체 토큰 반영.
1102,문자,0x9F8E,0x9F8F,1002,！,A0 12,2,e2f0d9,기존 일본어/PC-88 문장부호 토큰 반영. 일반/발화 변환 대상 아님.
1103,제어,0x9F90,0x9F92,,,19 00 74,3,fce4d6,한글 재배치 기준 HL=9F90→9F93. 제어토큰 유지.
1104,제어,0x9F93,0x9F94,,,15 00,2,fce4d6,한글 재배치 기준 HL=9F93→9F95. 제어토큰 유지.
1105,제어,0x9F95,0x9F96,,,17 00,2,fce4d6,한글 재배치 기준 HL=9F95→9F97. 제어토큰 유지.
1106,제어,0x9F97,0x9F99,,,1A 00 04,3,fce4d6,한글 재배치 기준 HL=9F97→9F9A. 제어토큰 유지.
1107,제어,0x9F9A,0x9F9B,,,16 00,2,fce4d6,한글 재배치 기준 HL=9F9A→9F9C. 제어토큰 유지.
1108,문자,0x9F9C,0x9F9D,1003,그,50 21,2,e9ae2b,주황색 대화 발화 문자행: 패치 KANJI1 발화체 토큰 반영.
1109,문자,0x9F9E,0x9F9F,1004,럼,70 31,2,e9ae2b,주황색 대화 발화 문자행: 패치 KANJI1 발화체 토큰 반영.
1110,문자,0x9FA0,0x9FA1,1005,、,20 12,2,e2f0d9,기존 일본어/PC-88 문장부호 토큰 반영. 일반/발화 변환 대상 아님.
1111,문자,0x9FA2,0x9FA3,1006,당,90 2D,2,e9ae2b,주황색 대화 발화 문자행: 패치 KANJI1 발화체 토큰 반영.
1112,문자,0x9FA4,0x9FA5,1007,신,D0 3F,2,e9ae2b,주황색 대화 발화 문자행: 패치 KANJI1 발화체 토큰 반영.
1113,문자,0x9FA6,0x9FA7,1008,의,80 DE,2,e9ae2b,주황색 대화 발화 문자행: 패치 KANJI1 발화체 토큰 반영.
1114,문자,0x9FA8,0x9FA9,1009,␠,18 12,2,e2f0d9,일본어 전각 공백 토큰 18 12 반영. 일반/발화 변환 대상 아님.
1115,문자,0x9FAA,0x9FAB,1010,세,A0 3D,2,e9ae2b,주황색 대화 발화 문자행: 패치 KANJI1 발화체 토큰 반영.
1116,문자,0x9FAC,0x9FAD,1011,계,70 20,2,e9ae2b,주황색 대화 발화 문자행: 패치 KANJI1 발화체 토큰 반영.
1117,문자,0x9FAE,0x9FAF,1012,가,A0 17,2,e9ae2b,주황색 대화 발화 문자행: 패치 KANJI1 발화체 토큰 반영.
1118,문자,0x9FB0,0x9FB1,1013,␠,18 12,2,e2f0d9,일본어 전각 공백 토큰 18 12 반영. 일반/발화 변환 대상 아님.
1119,문자,0x9FB2,0x9FB3,1014,멸,80 35,2,e9ae2b,주황색 대화 발화 문자행: 패치 KANJI1 발화체 토큰 반영.
1120,문자,0x9FB4,0x9FB5,1015,망,00 35,2,e9ae2b,주황색 대화 발화 문자행: 패치 KANJI1 발화체 토큰 반영.
1121,문자,0x9FB6,0x9FB7,1016,해,B0 E3,2,e9ae2b,주황색 대화 발화 문자행: 패치 KANJI1 발화체 토큰 반영.
1122,문자,0x9FB8,0x9FB9,1017,도,20 2E,2,e9ae2b,주황색 대화 발화 문자행: 패치 KANJI1 발화체 토큰 반영.
1123,문자,0x9FBA,0x9FBB,1018,␠,18 12,2,e2f0d9,일본어 전각 공백 토큰 18 12 반영. 일반/발화 변환 대상 아님.
1124,문자,0x9FBC,0x9FBD,1019,괜,D0 20,2,e9ae2b,주황색 대화 발화 문자행: 패치 KANJI1 발화체 토큰 반영.
1125,문자,0x9FBE,0x9FBF,1020,찮,C0 E0,2,e9ae2b,주황색 대화 발화 문자행: 패치 KANJI1 발화체 토큰 반영.
1126,문자,0x9FC0,0x9FC1,1021,다,C0 27,2,e9ae2b,주황색 대화 발화 문자행: 패치 KANJI1 발화체 토큰 반영.
1127,문자,0x9FC2,0x9FC3,1022,는,E0 25,2,e9ae2b,주황색 대화 발화 문자행: 패치 KANJI1 발화체 토큰 반영.
1128,문자,0x9FC4,0x9FC5,1023,␠,18 12,2,e2f0d9,일본어 전각 공백 토큰 18 12 반영. 일반/발화 변환 대상 아님.
1129,문자,0x9FC6,0x9FC7,1024,겁,E0 1D,2,e9ae2b,주황색 대화 발화 문자행: 패치 KANJI1 발화체 토큰 반영.
1130,문자,0x9FC8,0x9FC9,1025,니,F0 25,2,e9ae2b,주황색 대화 발화 문자행: 패치 KANJI1 발화체 토큰 반영.
1131,문자,0x9FCA,0x9FCB,1026,까,F0 21,2,e9ae2b,주황색 대화 발화 문자행: 패치 KANJI1 발화체 토큰 반영.
1132,문자,0x9FCC,0x9FCD,1027,！,A0 12,2,e2f0d9,기존 일본어/PC-88 문장부호 토큰 반영. 일반/발화 변환 대상 아님.
1133,문자,0x9FCE,0x9FCF,1028,？,90 12,2,e2f0d9,기존 일본어/PC-88 문장부호 토큰 반영. 일반/발화 변환 대상 아님.
1134,문자,0x9FD0,0x9FD1,1029,␠,18 12,2,e2f0d9,일본어 전각 공백 토큰 18 12 반영. 일반/발화 변환 대상 아님.
1135,문자,0x9FD2,0x9FD3,1030,전,B0 DF,2,e9ae2b,주황색 대화 발화 문자행: 패치 KANJI1 발화체 토큰 반영.
1136,문자,0x9FD4,0x9FD5,1031,쟁,80 DF,2,e9ae2b,주황색 대화 발화 문자행: 패치 KANJI1 발화체 토큰 반영.
1137,문자,0x9FD6,0x9FD7,1032,이,90 DE,2,e9ae2b,주황색 대화 발화 문자행: 패치 KANJI1 발화체 토큰 반영.
1138,문자,0x9FD8,0x9FD9,1033,␠,18 12,2,e2f0d9,일본어 전각 공백 토큰 18 12 반영. 일반/발화 변환 대상 아님.
1139,문자,0x9FDA,0x9FDB,1034,터,50 E2,2,e9ae2b,주황색 대화 발화 문자행: 패치 KANJI1 발화체 토큰 반영.
1140,문자,0x9FDC,0x9FDD,1035,지,10 E0,2,e9ae2b,주황색 대화 발화 문자행: 패치 KANJI1 발화체 토큰 반영.
1141,문자,0x9FDE,0x9FDF,1036,고,80 20,2,e9ae2b,주황색 대화 발화 문자행: 패치 KANJI1 발화체 토큰 반영.
1142,문자,0x9FE0,0x9FE1,1037,、,20 12,2,e2f0d9,기존 일본어/PC-88 문장부호 토큰 반영. 일반/발화 변환 대상 아님.
1143,문자,0x9FE2,0x9FE3,1038,수,30 3F,2,e9ae2b,주황색 대화 발화 문자행: 패치 KANJI1 발화체 토큰 반영.
1144,문자,0x9FE4,0x9FE5,1039,많,E0 34,2,e9ae2b,주황색 대화 발화 문자행: 패치 KANJI1 발화체 토큰 반영.
1145,문자,0x9FE6,0x9FE7,1040,은,40 DE,2,e9ae2b,주황색 대화 발화 문자행: 패치 KANJI1 발화체 토큰 반영.
1146,문자,0x9FE8,0x9FE9,1041,␠,18 12,2,e2f0d9,일본어 전각 공백 토큰 18 12 반영. 일반/발화 변환 대상 아님.
1147,제어,0x9FEA,0x9FEB,,,15 00,2,fce4d6,한글 재배치 기준 HL=9FEA→9FEC. 제어토큰 유지.
1148,문자,0x9FEC,0x9FED,1042,사,E0 3C,2,e9ae2b,주황색 대화 발화 문자행: 패치 KANJI1 발화체 토큰 반영.
1149,문자,0x9FEE,0x9FEF,1043,람,20 31,2,e9ae2b,주황색 대화 발화 문자행: 패치 KANJI1 발화체 토큰 반영.
1150,문자,0x9FF0,0x9FF1,1044,들,10 30,2,e9ae2b,주황색 대화 발화 문자행: 패치 KANJI1 발화체 토큰 반영.
1151,문자,0x9FF2,0x9FF3,1045,이,90 DE,2,e9ae2b,주황색 대화 발화 문자행: 패치 KANJI1 발화체 토큰 반영.
1152,문자,0x9FF4,0x9FF5,1046,␠,18 12,2,e2f0d9,일본어 전각 공백 토큰 18 12 반영. 일반/발화 변환 대상 아님.
1153,문자,0x9FF6,0x9FF7,1047,고,80 20,2,e9ae2b,주황색 대화 발화 문자행: 패치 KANJI1 발화체 토큰 반영.
1154,문자,0x9FF8,0x9FF9,1048,통,80 E2,2,e9ae2b,주황색 대화 발화 문자행: 패치 KANJI1 발화체 토큰 반영.
1155,문자,0x9FFA,0x9FFB,1049,받,A0 39,2,e9ae2b,주황색 대화 발화 문자행: 패치 KANJI1 발화체 토큰 반영.
1156,문자,0x9FFC,0x9FFD,1050,는,E0 25,2,e9ae2b,주황색 대화 발화 문자행: 패치 KANJI1 발화체 토큰 반영.
1157,문자,0x9FFE,0x9FFF,1051,␠,18 12,2,e2f0d9,일본어 전각 공백 토큰 18 12 반영. 일반/발화 변환 대상 아님.
1158,문자,0xA000,0xA001,1052,것,F0 1D,2,e9ae2b,주황색 대화 발화 문자행: 패치 KANJI1 발화체 토큰 반영.
1159,문자,0xA002,0xA003,1053,을,50 DE,2,e9ae2b,주황색 대화 발화 문자행: 패치 KANJI1 발화체 토큰 반영.
1160,문자,0xA004,0xA005,1054,␠,18 12,2,e2f0d9,일본어 전각 공백 토큰 18 12 반영. 일반/발화 변환 대상 아님.
1161,문자,0xA006,0xA007,1055,보,B0 3B,2,e9ae2b,주황색 대화 발화 문자행: 패치 KANJI1 발화체 토큰 반영.
1162,문자,0xA008,0xA009,1056,아,00 56,2,e9ae2b,주황색 대화 발화 문자행: 패치 KANJI1 발화체 토큰 반영.
1163,문자,0xA00A,0xA00B,1057,도,20 2E,2,e9ae2b,주황색 대화 발화 문자행: 패치 KANJI1 발화체 토큰 반영.
1164,문자,0xA00C,0xA00D,1058,␠,18 12,2,e2f0d9,일본어 전각 공백 토큰 18 12 반영. 일반/발화 변환 대상 아님.
1165,문자,0xA00E,0xA00F,1059,아,00 56,2,e9ae2b,주황색 대화 발화 문자행: 패치 KANJI1 발화체 토큰 반영.
1166,문자,0xA010,0xA011,1060,무,00 36,2,e9ae2b,주황색 대화 발화 문자행: 패치 KANJI1 발화체 토큰 반영.
1167,문자,0xA012,0xA013,1061,렇,90 31,2,e9ae2b,주황색 대화 발화 문자행: 패치 KANJI1 발화체 토큰 반영.
1168,문자,0xA014,0xA015,1062,지,10 E0,2,e9ae2b,주황색 대화 발화 문자행: 패치 KANJI1 발화체 토큰 반영.
1169,문자,0xA016,0xA017,1063,␠,18 12,2,e2f0d9,일본어 전각 공백 토큰 18 12 반영. 일반/발화 변환 대상 아님.
1170,문자,0xA018,0xA019,1064,않,00 5E,2,e9ae2b,주황색 대화 발화 문자행: 패치 KANJI1 발화체 토큰 반영.
1171,문자,0xA01A,0xA01B,1065,다,C0 27,2,e9ae2b,주황색 대화 발화 문자행: 패치 KANJI1 발화체 토큰 반영.
1172,문자,0xA01C,0xA01D,1066,는,E0 25,2,e9ae2b,주황색 대화 발화 문자행: 패치 KANJI1 발화체 토큰 반영.
1173,문자,0xA01E,0xA01F,1067,␠,18 12,2,e2f0d9,일본어 전각 공백 토큰 18 12 반영. 일반/발화 변환 대상 아님.
1174,문자,0xA020,0xA021,1068,겁,E0 1D,2,e9ae2b,주황색 대화 발화 문자행: 패치 KANJI1 발화체 토큰 반영.
1175,문자,0xA022,0xA023,1069,니,F0 25,2,e9ae2b,주황색 대화 발화 문자행: 패치 KANJI1 발화체 토큰 반영.
1176,문자,0xA024,0xA025,1070,까,F0 21,2,e9ae2b,주황색 대화 발화 문자행: 패치 KANJI1 발화체 토큰 반영.
1177,문자,0xA026,0xA027,1071,！,A0 12,2,e2f0d9,기존 일본어/PC-88 문장부호 토큰 반영. 일반/발화 변환 대상 아님.
1178,문자,0xA028,0xA029,1072,？,90 12,2,e2f0d9,기존 일본어/PC-88 문장부호 토큰 반영. 일반/발화 변환 대상 아님.
1179,제어,0xA02A,0xA02C,,,19 00 75,3,fce4d6,한글 재배치 기준 HL=A02A→A02D. 제어토큰 유지.
1180,제어,0xA02D,0xA02E,,,15 00,2,fce4d6,한글 재배치 기준 HL=A02D→A02F. 제어토큰 유지.
1181,제어,0xA02F,0xA030,,,17 00,2,fce4d6,한글 재배치 기준 HL=A02F→A031. 제어토큰 유지.
1182,제어,0xA031,0xA033,,,1A 00 04,3,fce4d6,한글 재배치 기준 HL=A031→A034. 제어토큰 유지.
1183,제어,0xA034,0xA035,,,16 00,2,fce4d6,한글 재배치 기준 HL=A034→A036. 제어토큰 유지.
1184,문자,0xA036,0xA037,1073,그,50 21,2,e9ae2b,주황색 대화 발화 문자행: 패치 KANJI1 발화체 토큰 반영.
1185,문자,0xA038,0xA039,1074,、,20 12,2,e2f0d9,기존 일본어/PC-88 문장부호 토큰 반영. 일반/발화 변환 대상 아님.
1186,제어,0xA03A,0xA03E,,,12 00 23 21 00,5,fce4d6,한글 재배치 기준 HL=A03A→A03F. 제어토큰 유지.
1187,문자,0xA03F,0xA040,1075,그,50 21,2,e9ae2b,주황색 대화 발화 문자행: 패치 KANJI1 발화체 토큰 반영.
1188,문자,0xA041,0xA042,1076,런,50 31,2,e9ae2b,주황색 대화 발화 문자행: 패치 KANJI1 발화체 토큰 반영.
1189,문자,0xA043,0xA044,1077,␠,18 12,2,e2f0d9,일본어 전각 공백 토큰 18 12 반영. 일반/발화 변환 대상 아님.
1190,문자,0xA045,0xA046,1078,말,F0 34,2,e9ae2b,주황색 대화 발화 문자행: 패치 KANJI1 발화체 토큰 반영.
1191,문자,0xA047,0xA048,1079,␠,18 12,2,e2f0d9,일본어 전각 공백 토큰 18 12 반영. 일반/발화 변환 대상 아님.
1192,문자,0xA049,0xA04A,1080,한,70 E3,2,e9ae2b,주황색 대화 발화 문자행: 패치 KANJI1 발화체 토큰 반영.
1193,문자,0xA04B,0xA04C,1081,␠,18 12,2,e2f0d9,일본어 전각 공백 토큰 18 12 반영. 일반/발화 변환 대상 아님.
1194,문자,0xA04D,0xA04E,1082,적,A0 DF,2,e9ae2b,주황색 대화 발화 문자행: 패치 KANJI1 발화체 토큰 반영.
1195,문자,0xA04F,0xA050,1083,␠,18 12,2,e2f0d9,일본어 전각 공백 토큰 18 12 반영. 일반/발화 변환 대상 아님.
1196,문자,0xA051,0xA052,1084,없,00 7C,2,e9ae2b,주황색 대화 발화 문자행: 패치 KANJI1 발화체 토큰 반영.
1197,문자,0xA053,0xA054,1085,어,00 70,2,e9ae2b,주황색 대화 발화 문자행: 패치 KANJI1 발화체 토큰 반영.
1198,문자,0xA055,0xA056,1086,、,20 12,2,e2f0d9,기존 일본어/PC-88 문장부호 토큰 반영. 일반/발화 변환 대상 아님.
1199,문자,0xA057,0xA058,1087,그,50 21,2,e9ae2b,주황색 대화 발화 문자행: 패치 KANJI1 발화체 토큰 반영.
1200,문자,0xA059,0xA05A,1088,냥,40 25,2,e9ae2b,주황색 대화 발화 문자행: 패치 KANJI1 발화체 토큰 반영.
1201,제어,0xA05B,0xA05E,,,12 00 23 00,4,fce4d6,한글 재배치 기준 HL=A05B→A05F. 제어토큰 유지.
1202,문자,0xA05F,0xA060,1089,・,60 12,2,e2f0d9,기존 일본어/PC-88 문장부호 토큰 반영. 일반/발화 변환 대상 아님.
1203,문자,0xA061,0xA062,1090,・,60 12,2,e2f0d9,기존 일본어/PC-88 문장부호 토큰 반영. 일반/발화 변환 대상 아님.
1204,문자,0xA063,0xA064,1091,・,60 12,2,e2f0d9,기존 일본어/PC-88 문장부호 토큰 반영. 일반/발화 변환 대상 아님.
1205,제어,0xA065,0xA066,,,10 11,2,fce4d6,한글 재배치 기준 HL=A065→A067. 제어토큰 유지.
1206,제어,0xA067,0xA068,,,10 11,2,fce4d6,한글 재배치 기준 HL=A067→A069. 제어토큰 유지.
1207,제어,0xA069,0xA06A,,,10 11,2,fce4d6,한글 재배치 기준 HL=A069→A06B. 제어토큰 유지.
1208,제어,0xA06B,0xA06E,,,12 00 21 00,4,fce4d6,한글 재배치 기준 HL=A06B→A06F. 제어토큰 유지.
1209,문자,0xA06F,0xA070,1092,␠,18 12,2,e2f0d9,일본어 전각 공백 토큰 18 12 반영. 일반/발화 변환 대상 아님.
1210,문자,0xA071,0xA072,1093,그,50 21,2,e9ae2b,주황색 대화 발화 문자행: 패치 KANJI1 발화체 토큰 반영.
1211,문자,0xA073,0xA074,1094,냥,40 25,2,e9ae2b,주황색 대화 발화 문자행: 패치 KANJI1 발화체 토큰 반영.
1212,문자,0xA075,0xA076,1095,␠,18 12,2,e2f0d9,일본어 전각 공백 토큰 18 12 반영. 일반/발화 변환 대상 아님.
1213,문자,0xA077,0xA078,1096,나,B0 24,2,e9ae2b,주황색 대화 발화 문자행: 패치 KANJI1 발화체 토큰 반영.
1214,문자,0xA079,0xA07A,1097,와,E0 9F,2,e9ae2b,주황색 대화 발화 문자행: 패치 KANJI1 발화체 토큰 반영.
1215,문자,0xA07B,0xA07C,1098,는,E0 25,2,e9ae2b,주황색 대화 발화 문자행: 패치 KANJI1 발화체 토큰 반영.
1216,문자,0xA07D,0xA07E,1099,␠,18 12,2,e2f0d9,일본어 전각 공백 토큰 18 12 반영. 일반/발화 변환 대상 아님.
1217,문자,0xA07F,0xA080,1100,상,20 3D,2,e9ae2b,주황색 대화 발화 문자행: 패치 KANJI1 발화체 토큰 반영.
1218,문자,0xA081,0xA082,1101,관,C0 20,2,e9ae2b,주황색 대화 발화 문자행: 패치 KANJI1 발화체 토큰 반영.
1219,문자,0xA083,0xA084,1102,없,00 7C,2,e9ae2b,주황색 대화 발화 문자행: 패치 KANJI1 발화체 토큰 반영.
1220,문자,0xA085,0xA086,1103,는,E0 25,2,e9ae2b,주황색 대화 발화 문자행: 패치 KANJI1 발화체 토큰 반영.
1221,문자,0xA087,0xA088,1104,␠,18 12,2,e2f0d9,일본어 전각 공백 토큰 18 12 반영. 일반/발화 변환 대상 아님.
1222,문자,0xA089,0xA08A,1105,일,B0 DE,2,e9ae2b,주황색 대화 발화 문자행: 패치 KANJI1 발화체 토큰 반영.
1223,문자,0xA08B,0xA08C,1106,이,90 DE,2,e9ae2b,주황색 대화 발화 문자행: 패치 KANJI1 발화체 토큰 반영.
1224,문자,0xA08D,0xA08E,1107,잖,30 DF,2,e9ae2b,주황색 대화 발화 문자행: 패치 KANJI1 발화체 토큰 반영.
1225,문자,0xA08F,0xA090,1108,아,00 56,2,e9ae2b,주황색 대화 발화 문자행: 패치 KANJI1 발화체 토큰 반영.
1226,문자,0xA091,0xA092,1109,！,A0 12,2,e2f0d9,기존 일본어/PC-88 문장부호 토큰 반영. 일반/발화 변환 대상 아님.
1227,문자,0xA093,0xA094,1110,？,90 12,2,e2f0d9,기존 일본어/PC-88 문장부호 토큰 반영. 일반/발화 변환 대상 아님.
1228,제어,0xA095,0xA097,,,19 00 74,3,fce4d6,한글 재배치 기준 HL=A095→A098. 제어토큰 유지.
1229,제어,0xA098,0xA099,,,15 00,2,fce4d6,한글 재배치 기준 HL=A098→A09A. 제어토큰 유지.
1230,제어,0xA09A,0xA09B,,,17 00,2,fce4d6,한글 재배치 기준 HL=A09A→A09C. 제어토큰 유지.
1231,제어,0xA09C,0xA09E,,,1A 00 04,3,fce4d6,한글 재배치 기준 HL=A09C→A09F. 제어토큰 유지.
1232,제어,0xA09F,0xA0A0,,,16 00,2,fce4d6,한글 재배치 기준 HL=A09F→A0A1. 제어토큰 유지.
1233,문자,0xA0A1,0xA0A2,1111,어,00 70,2,e9ae2b,주황색 대화 발화 문자행: 패치 KANJI1 발화체 토큰 반영.
1234,문자,0xA0A3,0xA0A4,1112,떻,B0 30,2,e9ae2b,주황색 대화 발화 문자행: 패치 KANJI1 발화체 토큰 반영.
1235,문자,0xA0A5,0xA0A6,1113,게,00 20,2,e9ae2b,주황색 대화 발화 문자행: 패치 KANJI1 발화체 토큰 반영.
1236,문자,0xA0A7,0xA0A8,1114,␠,18 12,2,e2f0d9,일본어 전각 공백 토큰 18 12 반영. 일반/발화 변환 대상 아님.
1237,문자,0xA0A9,0xA0AA,1115,그,50 21,2,e9ae2b,주황색 대화 발화 문자행: 패치 KANJI1 발화체 토큰 반영.
1238,문자,0xA0AB,0xA0AC,1116,런,50 31,2,e9ae2b,주황색 대화 발화 문자행: 패치 KANJI1 발화체 토큰 반영.
1239,문자,0xA0AD,0xA0AE,1117,␠,18 12,2,e2f0d9,일본어 전각 공백 토큰 18 12 반영. 일반/발화 변환 대상 아님.
1240,문자,0xA0AF,0xA0B0,1118,말,F0 34,2,e9ae2b,주황색 대화 발화 문자행: 패치 KANJI1 발화체 토큰 반영.
1241,문자,0xA0B1,0xA0B2,1119,을,50 DE,2,e9ae2b,주황색 대화 발화 문자행: 패치 KANJI1 발화체 토큰 반영.
1242,문자,0xA0B3,0xA0B4,1120,・,60 12,2,e2f0d9,기존 일본어/PC-88 문장부호 토큰 반영. 일반/발화 변환 대상 아님.
1243,문자,0xA0B5,0xA0B6,1121,・,60 12,2,e2f0d9,기존 일본어/PC-88 문장부호 토큰 반영. 일반/발화 변환 대상 아님.
1244,문자,0xA0B7,0xA0B8,1122,・,60 12,2,e2f0d9,기존 일본어/PC-88 문장부호 토큰 반영. 일반/발화 변환 대상 아님.
1245,문자,0xA0B9,0xA0BA,1123,␠,18 12,2,e2f0d9,일본어 전각 공백 토큰 18 12 반영. 일반/발화 변환 대상 아님.
1246,문자,0xA0BB,0xA0BC,1124,당,90 2D,2,e9ae2b,주황색 대화 발화 문자행: 패치 KANJI1 발화체 토큰 반영.
1247,문자,0xA0BD,0xA0BE,1125,신,D0 3F,2,e9ae2b,주황색 대화 발화 문자행: 패치 KANJI1 발화체 토큰 반영.
1248,문자,0xA0BF,0xA0C0,1126,마,B0 34,2,e9ae2b,주황색 대화 발화 문자행: 패치 KANJI1 발화체 토큰 반영.
1249,문자,0xA0C1,0xA0C2,1127,저,90 DF,2,e9ae2b,주황색 대화 발화 문자행: 패치 KANJI1 발화체 토큰 반영.
1250,문자,0xA0C3,0xA0C4,1128,␠,18 12,2,e2f0d9,일본어 전각 공백 토큰 18 12 반영. 일반/발화 변환 대상 아님.
1251,문자,0xA0C5,0xA0C6,1129,그,50 21,2,e9ae2b,주황색 대화 발화 문자행: 패치 KANJI1 발화체 토큰 반영.
1252,문자,0xA0C7,0xA0C8,1130,런,50 31,2,e9ae2b,주황색 대화 발화 문자행: 패치 KANJI1 발화체 토큰 반영.
1253,문자,0xA0C9,0xA0CA,1131,・,60 12,2,e2f0d9,기존 일본어/PC-88 문장부호 토큰 반영. 일반/발화 변환 대상 아님.
1254,문자,0xA0CB,0xA0CC,1132,・,60 12,2,e2f0d9,기존 일본어/PC-88 문장부호 토큰 반영. 일반/발화 변환 대상 아님.
1255,문자,0xA0CD,0xA0CE,1133,・,60 12,2,e2f0d9,기존 일본어/PC-88 문장부호 토큰 반영. 일반/발화 변환 대상 아님.
1256,문자,0xA0CF,0xA0D0,1134,␠,18 12,2,e2f0d9,일본어 전각 공백 토큰 18 12 반영. 일반/발화 변환 대상 아님.
1257,문자,0xA0D1,0xA0D2,1135,전,B0 DF,2,e9ae2b,주황색 대화 발화 문자행: 패치 KANJI1 발화체 토큰 반영.
1258,문자,0xA0D3,0xA0D4,1136,사,E0 3C,2,e9ae2b,주황색 대화 발화 문자행: 패치 KANJI1 발화체 토큰 반영.
1259,문자,0xA0D5,0xA0D6,1137,에,40 9F,2,e9ae2b,주황색 대화 발화 문자행: 패치 KANJI1 발화체 토큰 반영.
1260,문자,0xA0D7,0xA0D8,1138,게,00 20,2,e9ae2b,주황색 대화 발화 문자행: 패치 KANJI1 발화체 토큰 반영.
1261,문자,0xA0D9,0xA0DA,1139,␠,18 12,2,e2f0d9,일본어 전각 공백 토큰 18 12 반영. 일반/발화 변환 대상 아님.
1262,문자,0xA0DB,0xA0DC,1140,베,90 3B,2,e9ae2b,주황색 대화 발화 문자행: 패치 KANJI1 발화체 토큰 반영.
1263,문자,0xA0DD,0xA0DE,1141,칸,D0 E1,2,e9ae2b,주황색 대화 발화 문자행: 패치 KANJI1 발화체 토큰 반영.
1264,문자,0xA0DF,0xA0E0,1142,티,D0 E2,2,e9ae2b,주황색 대화 발화 문자행: 패치 KANJI1 발화체 토큰 반영.
1265,문자,0xA0E1,0xA0E2,1143,의,80 DE,2,e9ae2b,주황색 대화 발화 문자행: 패치 KANJI1 발화체 토큰 반영.
1266,문자,0xA0E3,0xA0E4,1144,␠,18 12,2,e2f0d9,일본어 전각 공백 토큰 18 12 반영. 일반/발화 변환 대상 아님.
1267,문자,0xA0E5,0xA0E6,1145,마,B0 34,2,e9ae2b,주황색 대화 발화 문자행: 패치 KANJI1 발화체 토큰 반영.
1268,문자,0xA0E7,0xA0E8,1146,음,60 DE,2,e9ae2b,주황색 대화 발화 문자행: 패치 KANJI1 발화체 토큰 반영.
1269,문자,0xA0E9,0xA0EA,1147,이,90 DE,2,e9ae2b,주황색 대화 발화 문자행: 패치 KANJI1 발화체 토큰 반영.
1270,문자,0xA0EB,0xA0EC,1148,␠,18 12,2,e2f0d9,일본어 전각 공백 토큰 18 12 반영. 일반/발화 변환 대상 아님.
1271,문자,0xA0ED,0xA0EE,1149,깃,E0 21,2,e9ae2b,주황색 대화 발화 문자행: 패치 KANJI1 발화체 토큰 반영.
1272,문자,0xA0EF,0xA0F0,1150,들,10 30,2,e9ae2b,주황색 대화 발화 문자행: 패치 KANJI1 발화체 토큰 반영.
1273,문자,0xA0F1,0xA0F2,1151,어,00 70,2,e9ae2b,주황색 대화 발화 문자행: 패치 KANJI1 발화체 토큰 반영.
1274,문자,0xA0F3,0xA0F4,1152,␠,18 12,2,e2f0d9,일본어 전각 공백 토큰 18 12 반영. 일반/발화 변환 대상 아님.
1275,문자,0xA0F5,0xA0F6,1153,있,F0 DE,2,e9ae2b,주황색 대화 발화 문자행: 패치 KANJI1 발화체 토큰 반영.
1276,문자,0xA0F7,0xA0F8,1154,다,C0 27,2,e9ae2b,주황색 대화 발화 문자행: 패치 KANJI1 발화체 토큰 반영.
1277,문자,0xA0F9,0xA0FA,1155,니,F0 25,2,e9ae2b,주황색 대화 발화 문자행: 패치 KANJI1 발화체 토큰 반영.
1278,문자,0xA0FB,0xA0FC,1156,・,60 12,2,e2f0d9,기존 일본어/PC-88 문장부호 토큰 반영. 일반/발화 변환 대상 아님.
1279,문자,0xA0FD,0xA0FE,1157,・,60 12,2,e2f0d9,기존 일본어/PC-88 문장부호 토큰 반영. 일반/발화 변환 대상 아님.
1280,문자,0xA0FF,0xA100,1158,・,60 12,2,e2f0d9,기존 일본어/PC-88 문장부호 토큰 반영. 일반/발화 변환 대상 아님.
1281,문자,0xA101,0xA102,1159,！,A0 12,2,e2f0d9,기존 일본어/PC-88 문장부호 토큰 반영. 일반/발화 변환 대상 아님.
1282,제어,0xA103,0xA104,,,15 00,2,fce4d6,한글 재배치 기준 HL=A103→A105. 제어토큰 유지.
1283,문자,0xA105,0xA106,1160,베,90 3B,2,e9ae2b,주황색 대화 발화 문자행: 패치 KANJI1 발화체 토큰 반영.
1284,문자,0xA107,0xA108,1161,칸,D0 E1,2,e9ae2b,주황색 대화 발화 문자행: 패치 KANJI1 발화체 토큰 반영.
1285,문자,0xA109,0xA10A,1162,타,20 E2,2,e9ae2b,주황색 대화 발화 문자행: 패치 KANJI1 발화체 토큰 반영.
1286,문자,0xA10B,0xA10C,1163,에,40 9F,2,e9ae2b,주황색 대화 발화 문자행: 패치 KANJI1 발화체 토큰 반영.
1287,문자,0xA10D,0xA10E,1164,서,50 3D,2,e9ae2b,주황색 대화 발화 문자행: 패치 KANJI1 발화체 토큰 반영.
1288,문자,0xA10F,0xA110,1165,는,E0 25,2,e9ae2b,주황색 대화 발화 문자행: 패치 KANJI1 발화체 토큰 반영.
1289,문자,0xA111,0xA112,1166,␠,18 12,2,e2f0d9,일본어 전각 공백 토큰 18 12 반영. 일반/발화 변환 대상 아님.
1290,문자,0xA113,0xA114,1167,이,90 DE,2,e9ae2b,주황색 대화 발화 문자행: 패치 KANJI1 발화체 토큰 반영.
1291,문자,0xA115,0xA116,1168,미,50 39,2,e9ae2b,주황색 대화 발화 문자행: 패치 KANJI1 발화체 토큰 반영.
1292,문자,0xA117,0xA118,1169,␠,18 12,2,e2f0d9,일본어 전각 공백 토큰 18 12 반영. 일반/발화 변환 대상 아님.
1293,문자,0xA119,0xA11A,1170,전,B0 DF,2,e9ae2b,주황색 대화 발화 문자행: 패치 KANJI1 발화체 토큰 반영.
1294,문자,0xA11B,0xA11C,1171,사,E0 3C,2,e9ae2b,주황색 대화 발화 문자행: 패치 KANJI1 발화체 토큰 반영.
1295,문자,0xA11D,0xA11E,1172,가,A0 17,2,e9ae2b,주황색 대화 발화 문자행: 패치 KANJI1 발화체 토큰 반영.
1296,문자,0xA11F,0xA120,1173,␠,18 12,2,e2f0d9,일본어 전각 공백 토큰 18 12 반영. 일반/발화 변환 대상 아님.
1297,문자,0xA121,0xA122,1174,탄,30 E2,2,e9ae2b,주황색 대화 발화 문자행: 패치 KANJI1 발화체 토큰 반영.
1298,문자,0xA123,0xA124,1175,생,40 3D,2,e9ae2b,주황색 대화 발화 문자행: 패치 KANJI1 발화체 토큰 반영.
1299,문자,0xA125,0xA126,1176,한,70 E3,2,e9ae2b,주황색 대화 발화 문자행: 패치 KANJI1 발화체 토큰 반영.
1300,문자,0xA127,0xA128,1177,␠,18 12,2,e2f0d9,일본어 전각 공백 토큰 18 12 반영. 일반/발화 변환 대상 아님.
1301,문자,0xA129,0xA12A,1178,상,20 3D,2,e9ae2b,주황색 대화 발화 문자행: 패치 KANJI1 발화체 토큰 반영.
1302,문자,0xA12B,0xA12C,1179,황,A0 E4,2,e9ae2b,주황색 대화 발화 문자행: 패치 KANJI1 발화체 토큰 반영.
1303,문자,0xA12D,0xA12E,1180,인,A0 DE,2,e9ae2b,주황색 대화 발화 문자행: 패치 KANJI1 발화체 토큰 반영.
1304,문자,0xA12F,0xA130,1181,데,F0 2D,2,e9ae2b,주황색 대화 발화 문자행: 패치 KANJI1 발화체 토큰 반영.
1305,문자,0xA131,0xA132,1182,・,60 12,2,e2f0d9,기존 일본어/PC-88 문장부호 토큰 반영. 일반/발화 변환 대상 아님.
1306,문자,0xA133,0xA134,1183,・,60 12,2,e2f0d9,기존 일본어/PC-88 문장부호 토큰 반영. 일반/발화 변환 대상 아님.
1307,문자,0xA135,0xA136,1184,・,60 12,2,e2f0d9,기존 일본어/PC-88 문장부호 토큰 반영. 일반/발화 변환 대상 아님.
1308,문자,0xA137,0xA138,1185,␠,18 12,2,e2f0d9,일본어 전각 공백 토큰 18 12 반영. 일반/발화 변환 대상 아님.
1309,문자,0xA139,0xA13A,1186,거,90 1D,2,e9ae2b,주황색 대화 발화 문자행: 패치 KANJI1 발화체 토큰 반영.
1310,문자,0xA13B,0xA13C,1187,기,B0 21,2,e9ae2b,주황색 대화 발화 문자행: 패치 KANJI1 발화체 토큰 반영.
1311,문자,0xA13D,0xA13E,1188,에,40 9F,2,e9ae2b,주황색 대화 발화 문자행: 패치 KANJI1 발화체 토큰 반영.
1312,문자,0xA13F,0xA140,1189,␠,18 12,2,e2f0d9,일본어 전각 공백 토큰 18 12 반영. 일반/발화 변환 대상 아님.
1313,문자,0xA141,0xA142,1190,당,90 2D,2,e9ae2b,주황색 대화 발화 문자행: 패치 KANJI1 발화체 토큰 반영.
1314,문자,0xA143,0xA144,1191,신,D0 3F,2,e9ae2b,주황색 대화 발화 문자행: 패치 KANJI1 발화체 토큰 반영.
1315,문자,0xA145,0xA146,1192,까,F0 21,2,e9ae2b,주황색 대화 발화 문자행: 패치 KANJI1 발화체 토큰 반영.
1316,문자,0xA147,0xA148,1193,지,10 E0,2,e9ae2b,주황색 대화 발화 문자행: 패치 KANJI1 발화체 토큰 반영.
1317,문자,0xA149,0xA14A,1194,␠,18 12,2,e2f0d9,일본어 전각 공백 토큰 18 12 반영. 일반/발화 변환 대상 아님.
1318,문자,0xA14B,0xA14C,1195,적,A0 DF,2,e9ae2b,주황색 대화 발화 문자행: 패치 KANJI1 발화체 토큰 반영.
1319,문자,0xA14D,0xA14E,1196,으,30 DE,2,e9ae2b,주황색 대화 발화 문자행: 패치 KANJI1 발화체 토큰 반영.
1320,문자,0xA14F,0xA150,1197,로,D0 31,2,e9ae2b,주황색 대화 발화 문자행: 패치 KANJI1 발화체 토큰 반영.
1321,문자,0xA151,0xA152,1198,␠,18 12,2,e2f0d9,일본어 전각 공백 토큰 18 12 반영. 일반/발화 변환 대상 아님.
1322,문자,0xA153,0xA154,1199,돌,30 2E,2,e9ae2b,주황색 대화 발화 문자행: 패치 KANJI1 발화체 토큰 반영.
1323,문자,0xA155,0xA156,1200,릴,90 34,2,e9ae2b,주황색 대화 발화 문자행: 패치 KANJI1 발화체 토큰 반영.
1324,문자,0xA157,0xA158,1201,␠,18 12,2,e2f0d9,일본어 전각 공백 토큰 18 12 반영. 일반/발화 변환 대상 아님.
1325,문자,0xA159,0xA15A,1202,수,30 3F,2,e9ae2b,주황색 대화 발화 문자행: 패치 KANJI1 발화체 토큰 반영.
1326,문자,0xA15B,0xA15C,1203,␠,18 12,2,e2f0d9,일본어 전각 공백 토큰 18 12 반영. 일반/발화 변환 대상 아님.
1327,문자,0xA15D,0xA15E,1204,없,00 7C,2,e9ae2b,주황색 대화 발화 문자행: 패치 KANJI1 발화체 토큰 반영.
1328,문자,0xA15F,0xA160,1205,습,A0 3F,2,e9ae2b,주황색 대화 발화 문자행: 패치 KANJI1 발화체 토큰 반영.
1329,문자,0xA161,0xA162,1206,니,F0 25,2,e9ae2b,주황색 대화 발화 문자행: 패치 KANJI1 발화체 토큰 반영.
1330,문자,0xA163,0xA164,1207,다,C0 27,2,e9ae2b,주황색 대화 발화 문자행: 패치 KANJI1 발화체 토큰 반영.
1331,문자,0xA165,0xA166,1208,。,30 12,2,e2f0d9,기존 일본어/PC-88 문장부호 토큰 반영. 일반/발화 변환 대상 아님.
1332,제어,0xA167,0xA169,,,19 00 75,3,fce4d6,한글 재배치 기준 HL=A167→A16A. 제어토큰 유지.
1333,제어,0xA16A,0xA16B,,,15 00,2,fce4d6,한글 재배치 기준 HL=A16A→A16C. 제어토큰 유지.
1334,제어,0xA16C,0xA16D,,,17 00,2,fce4d6,한글 재배치 기준 HL=A16C→A16E. 제어토큰 유지.
1335,제어,0xA16E,0xA170,,,1A 00 04,3,fce4d6,한글 재배치 기준 HL=A16E→A171. 제어토큰 유지.
1336,제어,0xA171,0xA172,,,16 00,2,fce4d6,한글 재배치 기준 HL=A171→A173. 제어토큰 유지.
1337,문자,0xA173,0xA174,1209,・,60 12,2,e2f0d9,기존 일본어/PC-88 문장부호 토큰 반영. 일반/발화 변환 대상 아님.
1338,문자,0xA175,0xA176,1210,・,60 12,2,e2f0d9,기존 일본어/PC-88 문장부호 토큰 반영. 일반/발화 변환 대상 아님.
1339,문자,0xA177,0xA178,1211,・,60 12,2,e2f0d9,기존 일본어/PC-88 문장부호 토큰 반영. 일반/발화 변환 대상 아님.
1340,제어,0xA179,0xA17D,,,12 00 23 21 00,5,fce4d6,한글 재배치 기준 HL=A179→A17E. 제어토큰 유지.
1341,문자,0xA17E,0xA17F,1212,뭘,40 39,2,e9ae2b,주황색 대화 발화 문자행: 패치 KANJI1 발화체 토큰 반영.
1342,문자,0xA180,0xA181,1213,␠,18 12,2,e2f0d9,일본어 전각 공백 토큰 18 12 반영. 일반/발화 변환 대상 아님.
1343,문자,0xA182,0xA183,1214,하,50 E3,2,e9ae2b,주황색 대화 발화 문자행: 패치 KANJI1 발화체 토큰 반영.
1344,문자,0xA184,0xA185,1215,려,B0 31,2,e9ae2b,주황색 대화 발화 문자행: 패치 KANJI1 발화체 토큰 반영.
1345,문자,0xA186,0xA187,1216,는,E0 25,2,e9ae2b,주황색 대화 발화 문자행: 패치 KANJI1 발화체 토큰 반영.
1346,문자,0xA188,0xA189,1217,␠,18 12,2,e2f0d9,일본어 전각 공백 토큰 18 12 반영. 일반/발화 변환 대상 아님.
1347,문자,0xA18A,0xA18B,1218,거,90 1D,2,e9ae2b,주황색 대화 발화 문자행: 패치 KANJI1 발화체 토큰 반영.
1348,문자,0xA18C,0xA18D,1219,야,00 6C,2,e9ae2b,주황색 대화 발화 문자행: 패치 KANJI1 발화체 토큰 반영.
1349,문자,0xA18E,0xA18F,1220,・,60 12,2,e2f0d9,기존 일본어/PC-88 문장부호 토큰 반영. 일반/발화 변환 대상 아님.
1350,문자,0xA190,0xA191,1221,・,60 12,2,e2f0d9,기존 일본어/PC-88 문장부호 토큰 반영. 일반/발화 변환 대상 아님.
1351,문자,0xA192,0xA193,1222,・,60 12,2,e2f0d9,기존 일본어/PC-88 문장부호 토큰 반영. 일반/발화 변환 대상 아님.
1352,제어,0xA194,0xA198,,,12 00 23 21 00,5,fce4d6,한글 재배치 기준 HL=A194→A199. 제어토큰 유지.
1353,문자,0xA199,0xA19A,1223,！,A0 12,2,e2f0d9,기존 일본어/PC-88 문장부호 토큰 반영. 일반/발화 변환 대상 아님.
1354,문자,0xA19B,0xA19C,1224,？,90 12,2,e2f0d9,기존 일본어/PC-88 문장부호 토큰 반영. 일반/발화 변환 대상 아님.
1355,제어,0xA19D,0xA19F,,,19 00 65,3,fce4d6,한글 재배치 기준 HL=A19D→A1A0. 제어토큰 유지.
1356,제어,0xA1A0,0xA1A1,,,15 00,2,fce4d6,한글 재배치 기준 HL=A1A0→A1A2. 제어토큰 유지.
1357,제어,0xA1A2,0xA1A3,,,17 00,2,fce4d6,한글 재배치 기준 HL=A1A2→A1A4. 제어토큰 유지.
1358,제어,0xA1A4,0xA1A8,,,14 00 00 27 80,5,fce4d6,한글 재배치 기준 HL=A1A4→A1A9. 제어토큰 유지.
1359,제어,0xA1A9,0xA1AB,,,1A 00 02,3,fce4d6,한글 재배치 기준 HL=A1A9→A1AC. 제어토큰 유지.
1360,제어,0xA1AC,0xA1AD,,,16 00,2,fce4d6,한글 재배치 기준 HL=A1AC→A1AE. 제어토큰 유지.
1361,제어,0xA1AE,0xA1B0,,,1B 00 02,3,fce4d6,한글 재배치 기준 HL=A1AE→A1B1. 제어토큰 유지.
1362,제어,0xA1B1,0xA1C8,,,14 00 01 73 75 70 72 77 76 73 75 71 73 72 77 74 70 76 71 72 75 73 77 80,24,fce4d6,한글 재배치 기준 HL=A1B1→A1C9. 제어토큰 유지.
1363,제어,0xA1C9,0xA1E0,,,14 00 01 73 75 70 72 77 76 73 75 71 73 72 77 74 70 76 71 72 75 73 77 80,24,fce4d6,한글 재배치 기준 HL=A1C9→A1E1. 제어토큰 유지.
1364,제어,0xA1E1,0xA1F8,,,14 00 01 73 75 70 72 77 76 73 75 71 73 72 77 74 70 76 71 72 75 73 77 80,24,fce4d6,한글 재배치 기준 HL=A1E1→A1F9. 제어토큰 유지.
1365,제어,0xA1F9,0xA210,,,14 00 01 73 75 70 72 77 76 73 75 71 73 72 77 74 70 76 71 72 75 73 77 80,24,fce4d6,한글 재배치 기준 HL=A1F9→A211. 제어토큰 유지.
1366,제어,0xA211,0xA228,,,14 00 01 73 75 70 72 77 76 73 75 71 73 72 77 74 70 76 71 72 75 73 77 80,24,fce4d6,한글 재배치 기준 HL=A211→A229. 제어토큰 유지.
1367,제어,0xA229,0xA22B,,,19 00 66,3,fce4d6,한글 재배치 기준 HL=A229→A22C. 제어토큰 유지.
1368,문자,0xA22C,0xA22D,1225,꺄,18 24,2,e2f0d9,"연녹색 일반 문자행: 같은 glyph base 유지, 첫 바이트 OR 08h로 일반 문자 토큰 반영."
1369,문자,0xA22E,0xA22F,1226,아,08 56,2,e2f0d9,"연녹색 일반 문자행: 같은 glyph base 유지, 첫 바이트 OR 08h로 일반 문자 토큰 반영."
1370,문자,0xA230,0xA231,1227,아,08 56,2,e2f0d9,"연녹색 일반 문자행: 같은 glyph base 유지, 첫 바이트 OR 08h로 일반 문자 토큰 반영."
1371,문자,0xA232,0xA233,1228,앗,08 64,2,e2f0d9,"연녹색 일반 문자행: 같은 glyph base 유지, 첫 바이트 OR 08h로 일반 문자 토큰 반영."
1372,문자,0xA234,0xA235,1229,!,A0 12,2,e2f0d9,기존 일본어/PC-88 문장부호 토큰 반영. 일반/발화 변환 대상 아님.
1373,제어,0xA236,0xA238,,,1B 00 80,3,fce4d6,한글 재배치 기준 HL=A236→A239. 제어토큰 유지.
1374,제어,0xA239,0xA23A,,,15 00,2,fce4d6,한글 재배치 기준 HL=A239→A23B. 제어토큰 유지.
1375,제어,0xA23B,0xA246,,,14 00 00 00 11 22 33 44 55 66 77 80,12,fce4d6,한글 재배치 기준 HL=A23B→A247. 제어토큰 유지.
1376,제어,0xA247,0xA248,,,17 00,2,fce4d6,한글 재배치 기준 HL=A247→A249. 제어토큰 유지.
1377,제어,0xA249,0xA24B,,,1A 00 04,3,fce4d6,한글 재배치 기준 HL=A249→A24C. 제어토큰 유지.
1378,제어,0xA24C,0xA24D,,,16 00,2,fce4d6,한글 재배치 기준 HL=A24C→A24E. 제어토큰 유지.
1379,제어,0xA24E,0xA250,,,19 00 76,3,fce4d6,한글 재배치 기준 HL=A24E→A251. 제어토큰 유지.
1380,제어,0xA251,0xA254,,,13 00 02 78,4,fce4d6,한글 재배치 기준 HL=A251→A255. 제어토큰 유지.
1381,문자,0xA255,0xA256,1230,이,90 DE,2,e9ae2b,주황색 대화 발화 문자행: 패치 KANJI1 발화체 토큰 반영.
1382,문자,0xA257,0xA258,1231,、,20 12,2,e2f0d9,기존 일본어/PC-88 문장부호 토큰 반영. 일반/발화 변환 대상 아님.
1383,제어,0xA259,0xA25D,,,12 00 23 21 00,5,fce4d6,한글 재배치 기준 HL=A259→A25E. 제어토큰 유지.
1384,문자,0xA25E,0xA25F,1232,이,90 DE,2,e9ae2b,주황색 대화 발화 문자행: 패치 KANJI1 발화체 토큰 반영.
1385,문자,0xA260,0xA261,1233,게,00 20,2,e9ae2b,주황색 대화 발화 문자행: 패치 KANJI1 발화체 토큰 반영.
1386,제어,0xA262,0xA266,,,12 00 23 21 00,5,fce4d6,한글 재배치 기준 HL=A262→A267. 제어토큰 유지.
1387,문자,0xA267,0xA268,1234,・,60 12,2,e2f0d9,기존 일본어/PC-88 문장부호 토큰 반영. 일반/발화 변환 대상 아님.
1388,문자,0xA269,0xA26A,1235,・,60 12,2,e2f0d9,기존 일본어/PC-88 문장부호 토큰 반영. 일반/발화 변환 대상 아님.
1389,문자,0xA26B,0xA26C,1236,・,60 12,2,e2f0d9,기존 일본어/PC-88 문장부호 토큰 반영. 일반/발화 변환 대상 아님.
1390,문자,0xA26D,0xA26E,1237,!,A0 12,2,e2f0d9,기존 일본어/PC-88 문장부호 토큰 반영. 일반/발화 변환 대상 아님.
1391,문자,0xA26F,0xA270,1238,␠,18 12,2,e2f0d9,일본어 전각 공백 토큰 18 12 반영. 일반/발화 변환 대상 아님.
1392,문자,0xA271,0xA272,1239,대,B0 2D,2,e9ae2b,주황색 대화 발화 문자행: 패치 KANJI1 발화체 토큰 반영.
1393,제어,0xA273,0xA277,,,12 00 23 24 00,5,fce4d6,한글 재배치 기준 HL=A273→A278. 제어토큰 유지.
1394,문자,0xA278,0xA279,1240,체,30 E1,2,e9ae2b,주황색 대화 발화 문자행: 패치 KANJI1 발화체 토큰 반영.
1395,문자,0xA27A,0xA27B,1241,␠,18 12,2,e2f0d9,일본어 전각 공백 토큰 18 12 반영. 일반/발화 변환 대상 아님.
1396,문자,0xA27C,0xA27D,1242,무,00 36,2,e9ae2b,주황색 대화 발화 문자행: 패치 KANJI1 발화체 토큰 반영.
1397,문자,0xA27E,0xA27F,1243,슨,80 3F,2,e9ae2b,주황색 대화 발화 문자행: 패치 KANJI1 발화체 토큰 반영.
1398,문자,0xA280,0xA281,1244,・,60 12,2,e2f0d9,기존 일본어/PC-88 문장부호 토큰 반영. 일반/발화 변환 대상 아님.
1399,문자,0xA282,0xA283,1245,・,60 12,2,e2f0d9,기존 일본어/PC-88 문장부호 토큰 반영. 일반/발화 변환 대상 아님.
1400,문자,0xA284,0xA285,1246,・,60 12,2,e2f0d9,기존 일본어/PC-88 문장부호 토큰 반영. 일반/발화 변환 대상 아님.
1401,문자,0xA286,0xA287,1247,！,A0 12,2,e2f0d9,기존 일본어/PC-88 문장부호 토큰 반영. 일반/발화 변환 대상 아님.
1402,문자,0xA288,0xA289,1248,？,90 12,2,e2f0d9,기존 일본어/PC-88 문장부호 토큰 반영. 일반/발화 변환 대상 아님.
1403,제어,0xA28A,0xA28C,,,19 00 74,3,fce4d6,한글 재배치 기준 HL=A28A→A28D. 제어토큰 유지.
1404,제어,0xA28D,0xA28E,,,15 00,2,fce4d6,한글 재배치 기준 HL=A28D→A28F. 제어토큰 유지.
1405,제어,0xA28F,0xA290,,,17 00,2,fce4d6,한글 재배치 기준 HL=A28F→A291. 제어토큰 유지.
1406,제어,0xA291,0xA293,,,1A 00 04,3,fce4d6,한글 재배치 기준 HL=A291→A294. 제어토큰 유지.
1407,제어,0xA294,0xA295,,,16 00,2,fce4d6,한글 재배치 기준 HL=A294→A296. 제어토큰 유지.
1408,문자,0xA296,0xA297,1249,더,C0 2D,2,e9ae2b,주황색 대화 발화 문자행: 패치 KANJI1 발화체 토큰 반영.
1409,문자,0xA298,0xA299,1250,␠,18 12,2,e2f0d9,일본어 전각 공백 토큰 18 12 반영. 일반/발화 변환 대상 아님.
1410,문자,0xA29A,0xA29B,1251,대,B0 2D,2,e9ae2b,주황색 대화 발화 문자행: 패치 KANJI1 발화체 토큰 반영.
1411,문자,0xA29C,0xA29D,1252,화,80 E4,2,e9ae2b,주황색 대화 발화 문자행: 패치 KANJI1 발화체 토큰 반영.
1412,문자,0xA29E,0xA29F,1253,를,50 34,2,e9ae2b,주황색 대화 발화 문자행: 패치 KANJI1 발화체 토큰 반영.
1413,문자,0xA2A0,0xA2A1,1254,␠,18 12,2,e2f0d9,일본어 전각 공백 토큰 18 12 반영. 일반/발화 변환 대상 아님.
1414,문자,0xA2A2,0xA2A3,1255,나,B0 24,2,e9ae2b,주황색 대화 발화 문자행: 패치 KANJI1 발화체 토큰 반영.
1415,문자,0xA2A4,0xA2A5,1256,누,C0 25,2,e9ae2b,주황색 대화 발화 문자행: 패치 KANJI1 발화체 토큰 반영.
1416,문자,0xA2A6,0xA2A7,1257,어,00 70,2,e9ae2b,주황색 대화 발화 문자행: 패치 KANJI1 발화체 토큰 반영.
1417,문자,0xA2A8,0xA2A9,1258,봤,F0 3B,2,e9ae2b,주황색 대화 발화 문자행: 패치 KANJI1 발화체 토큰 반영.
1418,문자,0xA2AA,0xA2AB,1259,자,00 DF,2,e9ae2b,주황색 대화 발화 문자행: 패치 KANJI1 발화체 토큰 반영.
1419,문자,0xA2AC,0xA2AD,1260,␠,18 12,2,e2f0d9,일본어 전각 공백 토큰 18 12 반영. 일반/발화 변환 대상 아님.
1420,문자,0xA2AE,0xA2AF,1261,당,90 2D,2,e9ae2b,주황색 대화 발화 문자행: 패치 KANJI1 발화체 토큰 반영.
1421,문자,0xA2B0,0xA2B1,1262,신,D0 3F,2,e9ae2b,주황색 대화 발화 문자행: 패치 KANJI1 발화체 토큰 반영.
1422,문자,0xA2B2,0xA2B3,1263,의,80 DE,2,e9ae2b,주황색 대화 발화 문자행: 패치 KANJI1 발화체 토큰 반영.
1423,문자,0xA2B4,0xA2B5,1264,␠,18 12,2,e2f0d9,일본어 전각 공백 토큰 18 12 반영. 일반/발화 변환 대상 아님.
1424,문자,0xA2B6,0xA2B7,1265,베,90 3B,2,e9ae2b,주황색 대화 발화 문자행: 패치 KANJI1 발화체 토큰 반영.
1425,문자,0xA2B8,0xA2B9,1266,칸,D0 E1,2,e9ae2b,주황색 대화 발화 문자행: 패치 KANJI1 발화체 토큰 반영.
1426,문자,0xA2BA,0xA2BB,1267,티,D0 E2,2,e9ae2b,주황색 대화 발화 문자행: 패치 KANJI1 발화체 토큰 반영.
1427,문자,0xA2BC,0xA2BD,1268,만,D0 34,2,e9ae2b,주황색 대화 발화 문자행: 패치 KANJI1 발화체 토큰 반영.
1428,문자,0xA2BE,0xA2BF,1269,␠,18 12,2,e2f0d9,일본어 전각 공백 토큰 18 12 반영. 일반/발화 변환 대상 아님.
1429,문자,0xA2C0,0xA2C1,1270,커,E0 E1,2,e9ae2b,주황색 대화 발화 문자행: 패치 KANJI1 발화체 토큰 반영.
1430,문자,0xA2C2,0xA2C3,1271,져,F0 E7,2,e9ae2b,주황색 대화 발화 문자행: 패치 KANJI1 발화체 토큰 반영.
1431,문자,0xA2C4,0xA2C5,1272,갈,D0 17,2,e9ae2b,주황색 대화 발화 문자행: 패치 KANJI1 발화체 토큰 반영.
1432,문자,0xA2C6,0xA2C7,1273,␠,18 12,2,e2f0d9,일본어 전각 공백 토큰 18 12 반영. 일반/발화 변환 대상 아님.
1433,문자,0xA2C8,0xA2C9,1274,뿐,90 3C,2,e9ae2b,주황색 대화 발화 문자행: 패치 KANJI1 발화체 토큰 반영.
1434,문자,0xA2CA,0xA2CB,1275,・,60 12,2,e2f0d9,기존 일본어/PC-88 문장부호 토큰 반영. 일반/발화 변환 대상 아님.
1435,문자,0xA2CC,0xA2CD,1276,・,60 12,2,e2f0d9,기존 일본어/PC-88 문장부호 토큰 반영. 일반/발화 변환 대상 아님.
1436,문자,0xA2CE,0xA2CF,1277,・,60 12,2,e2f0d9,기존 일본어/PC-88 문장부호 토큰 반영. 일반/발화 변환 대상 아님.
1437,문자,0xA2D0,0xA2D1,1278,␠,18 12,2,e2f0d9,일본어 전각 공백 토큰 18 12 반영. 일반/발화 변환 대상 아님.
1438,문자,0xA2D2,0xA2D3,1279,이,90 DE,2,e9ae2b,주황색 대화 발화 문자행: 패치 KANJI1 발화체 토큰 반영.
1439,문자,0xA2D4,0xA2D5,1280,대,B0 2D,2,e9ae2b,주황색 대화 발화 문자행: 패치 KANJI1 발화체 토큰 반영.
1440,문자,0xA2D6,0xA2D7,1281,로,D0 31,2,e9ae2b,주황색 대화 발화 문자행: 패치 KANJI1 발화체 토큰 반영.
1441,문자,0xA2D8,0xA2D9,1282,␠,18 12,2,e2f0d9,일본어 전각 공백 토큰 18 12 반영. 일반/발화 변환 대상 아님.
1442,문자,0xA2DA,0xA2DB,1283,앞,00 68,2,e9ae2b,주황색 대화 발화 문자행: 패치 KANJI1 발화체 토큰 반영.
1443,문자,0xA2DC,0xA2DD,1284,으,30 DE,2,e9ae2b,주황색 대화 발화 문자행: 패치 KANJI1 발화체 토큰 반영.
1444,문자,0xA2DE,0xA2DF,1285,로,D0 31,2,e9ae2b,주황색 대화 발화 문자행: 패치 KANJI1 발화체 토큰 반영.
1445,문자,0xA2E0,0xA2E1,1286,␠,18 12,2,e2f0d9,일본어 전각 공백 토큰 18 12 반영. 일반/발화 변환 대상 아님.
1446,문자,0xA2E2,0xA2E3,1287,나,B0 24,2,e9ae2b,주황색 대화 발화 문자행: 패치 KANJI1 발화체 토큰 반영.
1447,문자,0xA2E4,0xA2E5,1288,아,00 56,2,e9ae2b,주황색 대화 발화 문자행: 패치 KANJI1 발화체 토큰 반영.
1448,문자,0xA2E6,0xA2E7,1289,가,A0 17,2,e9ae2b,주황색 대화 발화 문자행: 패치 KANJI1 발화체 토큰 반영.
1449,문자,0xA2E8,0xA2E9,1290,주,F0 F5,2,e9ae2b,주황색 대화 발화 문자행: 패치 KANJI1 발화체 토큰 반영.
1450,문자,0xA2EA,0xA2EB,1291,십,00 42,2,e9ae2b,주황색 대화 발화 문자행: 패치 KANJI1 발화체 토큰 반영.
1451,문자,0xA2EC,0xA2ED,1292,시,C0 3F,2,e9ae2b,주황색 대화 발화 문자행: 패치 KANJI1 발화체 토큰 반영.
1452,문자,0xA2EE,0xA2EF,1293,오,B0 9F,2,e9ae2b,주황색 대화 발화 문자행: 패치 KANJI1 발화체 토큰 반영.
1453,문자,0xA2F0,0xA2F1,1294,、,20 12,2,e2f0d9,기존 일본어/PC-88 문장부호 토큰 반영. 일반/발화 변환 대상 아님.
1454,문자,0xA2F2,0xA2F3,1295,유,20 DE,2,e9ae2b,주황색 대화 발화 문자행: 패치 KANJI1 발화체 토큰 반영.
1455,문자,0xA2F4,0xA2F5,1296,코,10 E2,2,e9ae2b,주황색 대화 발화 문자행: 패치 KANJI1 발화체 토큰 반영.
1456,문자,0xA2F6,0xA2F7,1297,！,A0 12,2,e2f0d9,기존 일본어/PC-88 문장부호 토큰 반영. 일반/발화 변환 대상 아님.
1457,제어,0xA2F8,0xA2FA,,,19 00 76,3,fce4d6,한글 재배치 기준 HL=A2F8→A2FB. 제어토큰 유지.
1458,제어,0xA2FB,0xA2FC,,,15 00,2,fce4d6,한글 재배치 기준 HL=A2FB→A2FD. 제어토큰 유지.
1459,제어,0xA2FD,0xA2FE,,,17 00,2,fce4d6,한글 재배치 기준 HL=A2FD→A2FF. 제어토큰 유지.
1460,제어,0xA2FF,0xA301,,,1A 00 03,3,fce4d6,한글 재배치 기준 HL=A2FF→A302. 제어토큰 유지.
1461,제어,0xA302,0xA304,,,12 00 40,3,fce4d6,한글 재배치 기준 HL=A302→A305. 제어토큰 유지.
1462,제어,0xA305,0xA306,,,16 00,2,fce4d6,한글 재배치 기준 HL=A305→A307. 제어토큰 유지.
1463,제어,0xA307,0xA308,,,10 11,2,fce4d6,한글 재배치 기준 HL=A307→A309. 제어토큰 유지.
1464,문자,0xA309,0xA30A,1298,그,50 21,2,e9ae2b,주황색 대화 발화 문자행: 패치 KANJI1 발화체 토큰 반영.
1465,문자,0xA30B,0xA30C,1299,런,50 31,2,e9ae2b,주황색 대화 발화 문자행: 패치 KANJI1 발화체 토큰 반영.
1466,문자,0xA30D,0xA30E,1300,・,60 12,2,e2f0d9,기존 일본어/PC-88 문장부호 토큰 반영. 일반/발화 변환 대상 아님.
1467,문자,0xA30F,0xA310,1301,・,60 12,2,e2f0d9,기존 일본어/PC-88 문장부호 토큰 반영. 일반/발화 변환 대상 아님.
1468,문자,0xA311,0xA312,1302,・,60 12,2,e2f0d9,기존 일본어/PC-88 문장부호 토큰 반영. 일반/발화 변환 대상 아님.
1469,문자,0xA313,0xA314,1303,！,A0 12,2,e2f0d9,기존 일본어/PC-88 문장부호 토큰 반영. 일반/발화 변환 대상 아님.
1470,문자,0xA315,0xA316,1304,␠,18 12,2,e2f0d9,일본어 전각 공백 토큰 18 12 반영. 일반/발화 변환 대상 아님.
1471,문자,0xA317,0xA318,1305,그,50 21,2,e9ae2b,주황색 대화 발화 문자행: 패치 KANJI1 발화체 토큰 반영.
1472,문자,0xA319,0xA31A,1306,런,50 31,2,e9ae2b,주황색 대화 발화 문자행: 패치 KANJI1 발화체 토큰 반영.
1473,문자,0xA31B,0xA31C,1307,␠,18 12,2,e2f0d9,일본어 전각 공백 토큰 18 12 반영. 일반/발화 변환 대상 아님.
1474,문자,0xA31D,0xA31E,1308,억,00 72,2,e9ae2b,주황색 대화 발화 문자행: 패치 KANJI1 발화체 토큰 반영.
1475,문자,0xA31F,0xA320,1309,지,10 E0,2,e9ae2b,주황색 대화 발화 문자행: 패치 KANJI1 발화체 토큰 반영.
1476,문자,0xA321,0xA322,1310,가,A0 17,2,e9ae2b,주황색 대화 발화 문자행: 패치 KANJI1 발화체 토큰 반영.
1477,문자,0xA323,0xA324,1311,・,60 12,2,e2f0d9,기존 일본어/PC-88 문장부호 토큰 반영. 일반/발화 변환 대상 아님.
1478,문자,0xA325,0xA326,1312,・,60 12,2,e2f0d9,기존 일본어/PC-88 문장부호 토큰 반영. 일반/발화 변환 대상 아님.
1479,문자,0xA327,0xA328,1313,・,60 12,2,e2f0d9,기존 일본어/PC-88 문장부호 토큰 반영. 일반/발화 변환 대상 아님.
1480,제어,0xA329,0xA32B,,,12 00 50,3,fce4d6,한글 재배치 기준 HL=A329→A32C. 제어토큰 유지.
1481,제어,0xA32C,0xA32E,,,1B 00 02,3,fce4d6,한글 재배치 기준 HL=A32C→A32F. 제어토큰 유지.
1482,제어,0xA32F,0xA346,,,14 00 01 63 36 20 52 31 46 52 15 47 53 72 41 54 20 36 57 42 17 73 70 80,24,fce4d6,한글 재배치 기준 HL=A32F→A347. 제어토큰 유지.
1483,제어,0xA347,0xA35E,,,14 00 01 63 36 20 52 31 46 52 15 47 53 72 41 54 20 36 57 42 17 73 70 80,24,fce4d6,한글 재배치 기준 HL=A347→A35F. 제어토큰 유지.
1484,제어,0xA35F,0xA376,,,14 00 01 63 36 20 52 31 46 52 15 47 53 72 41 54 20 36 57 42 17 73 70 80,24,fce4d6,한글 재배치 기준 HL=A35F→A377. 제어토큰 유지.
1485,제어,0xA377,0xA38E,,,14 00 01 63 36 20 52 31 46 52 15 47 53 72 41 54 20 36 57 42 17 73 70 80,24,fce4d6,한글 재배치 기준 HL=A377→A38F. 제어토큰 유지.
1486,제어,0xA38F,0xA39A,,,14 00 01 00 17 27 37 47 57 67 77 80,12,fce4d6,한글 재배치 기준 HL=A38F→A39B. 제어토큰 유지.
1487,문자,0xA39B,0xA39C,1314,␠,18 12,2,e2f0d9,일본어 전각 공백 토큰 18 12 반영. 일반/발화 변환 대상 아님.
1488,문자,0xA39D,0xA39E,1315,아,00 56,2,e9ae2b,주황색 대화 발화 문자행: 패치 KANJI1 발화체 토큰 반영.
1489,문자,0xA39F,0xA3A0,1316,앗,00 64,2,e9ae2b,주황색 대화 발화 문자행: 패치 KANJI1 발화체 토큰 반영.
1490,문자,0xA3A1,0xA3A2,1317,!,A0 12,2,e2f0d9,기존 일본어/PC-88 문장부호 토큰 반영. 일반/발화 변환 대상 아님.
1491,제어,0xA3A3,0xA3A5,,,19 00 74,3,fce4d6,한글 재배치 기준 HL=A3A3→A3A6. 제어토큰 유지.
1492,제어,0xA3A6,0xA3A7,,,15 00,2,fce4d6,한글 재배치 기준 HL=A3A6→A3A8. 제어토큰 유지.
1493,제어,0xA3A8,0xA3A9,,,17 00,2,fce4d6,한글 재배치 기준 HL=A3A8→A3AA. 제어토큰 유지.
1494,제어,0xA3AA,0xA3AC,,,1A 00 04,3,fce4d6,한글 재배치 기준 HL=A3AA→A3AD. 제어토큰 유지.
1495,제어,0xA3AD,0xA3B8,,,14 00 00 00 11 22 33 44 55 66 77 80,12,fce4d6,한글 재배치 기준 HL=A3AD→A3B9. 제어토큰 유지.
1496,제어,0xA3B9,0xA3BA,,,16 00,2,fce4d6,한글 재배치 기준 HL=A3B9→A3BB. 제어토큰 유지.
1497,문자,0xA3BB,0xA3BC,1318,・,60 12,2,e2f0d9,기존 일본어/PC-88 문장부호 토큰 반영. 일반/발화 변환 대상 아님.
1498,문자,0xA3BD,0xA3BE,1319,・,60 12,2,e2f0d9,기존 일본어/PC-88 문장부호 토큰 반영. 일반/발화 변환 대상 아님.
1499,문자,0xA3BF,0xA3C0,1320,・,60 12,2,e2f0d9,기존 일본어/PC-88 문장부호 토큰 반영. 일반/발화 변환 대상 아님.
1500,문자,0xA3C1,0xA3C2,1321,제,F8 E3,2,e2f0d9,"연녹색 일반 문자행: 같은 glyph base 유지, 첫 바이트 OR 08h로 일반 문자 토큰 반영."
1501,문자,0xA3C3,0xA3C4,1322,가,A8 17,2,e2f0d9,"연녹색 일반 문자행: 같은 glyph base 유지, 첫 바이트 OR 08h로 일반 문자 토큰 반영."
1502,문자,0xA3C5,0xA3C6,1323,␠,18 12,2,e2f0d9,일본어 전각 공백 토큰 18 12 반영. 일반/발화 변환 대상 아님.
1503,문자,0xA3C7,0xA3C8,1324,한,78 E3,2,e2f0d9,"연녹색 일반 문자행: 같은 glyph base 유지, 첫 바이트 OR 08h로 일반 문자 토큰 반영."
1504,문자,0xA3C9,0xA3CA,1325,␠,18 12,2,e2f0d9,일본어 전각 공백 토큰 18 12 반영. 일반/발화 변환 대상 아님.
1505,문자,0xA3CB,0xA3CC,1326,말,F8 34,2,e2f0d9,"연녹색 일반 문자행: 같은 glyph base 유지, 첫 바이트 OR 08h로 일반 문자 토큰 반영."
1506,문자,0xA3CD,0xA3CE,1327,의,88 DE,2,e2f0d9,"연녹색 일반 문자행: 같은 glyph base 유지, 첫 바이트 OR 08h로 일반 문자 토큰 반영."
1507,문자,0xA3CF,0xA3D0,1328,␠,18 12,2,e2f0d9,일본어 전각 공백 토큰 18 12 반영. 일반/발화 변환 대상 아님.
1508,문자,0xA3D1,0xA3D2,1329,의,88 DE,2,e2f0d9,"연녹색 일반 문자행: 같은 glyph base 유지, 첫 바이트 OR 08h로 일반 문자 토큰 반영."
1509,문자,0xA3D3,0xA3D4,1330,미,58 39,2,e2f0d9,"연녹색 일반 문자행: 같은 glyph base 유지, 첫 바이트 OR 08h로 일반 문자 토큰 반영."
1510,문자,0xA3D5,0xA3D6,1331,를,58 34,2,e2f0d9,"연녹색 일반 문자행: 같은 glyph base 유지, 첫 바이트 OR 08h로 일반 문자 토큰 반영."
1511,문자,0xA3D7,0xA3D8,1332,・,60 12,2,e2f0d9,기존 일본어/PC-88 문장부호 토큰 반영. 일반/발화 변환 대상 아님.
1512,문자,0xA3D9,0xA3DA,1333,・,60 12,2,e2f0d9,기존 일본어/PC-88 문장부호 토큰 반영. 일반/발화 변환 대상 아님.
1513,문자,0xA3DB,0xA3DC,1334,・,60 12,2,e2f0d9,기존 일본어/PC-88 문장부호 토큰 반영. 일반/발화 변환 대상 아님.
1514,문자,0xA3DD,0xA3DE,1335,␠,18 12,2,e2f0d9,일본어 전각 공백 토큰 18 12 반영. 일반/발화 변환 대상 아님.
1515,문자,0xA3DF,0xA3E0,1336,당,98 2D,2,e2f0d9,"연녹색 일반 문자행: 같은 glyph base 유지, 첫 바이트 OR 08h로 일반 문자 토큰 반영."
1516,문자,0xA3E1,0xA3E2,1337,신,D8 3F,2,e2f0d9,"연녹색 일반 문자행: 같은 glyph base 유지, 첫 바이트 OR 08h로 일반 문자 토큰 반영."
1517,문자,0xA3E3,0xA3E4,1338,은,48 DE,2,e2f0d9,"연녹색 일반 문자행: 같은 glyph base 유지, 첫 바이트 OR 08h로 일반 문자 토큰 반영."
1518,문자,0xA3E5,0xA3E6,1339,␠,18 12,2,e2f0d9,일본어 전각 공백 토큰 18 12 반영. 일반/발화 변환 대상 아님.
1519,문자,0xA3E7,0xA3E8,1340,아,08 56,2,e2f0d9,"연녹색 일반 문자행: 같은 glyph base 유지, 첫 바이트 OR 08h로 일반 문자 토큰 반영."
1520,문자,0xA3E9,0xA3EA,1341,직,28 E0,2,e2f0d9,"연녹색 일반 문자행: 같은 glyph base 유지, 첫 바이트 OR 08h로 일반 문자 토큰 반영."
1521,문자,0xA3EB,0xA3EC,1342,␠,18 12,2,e2f0d9,일본어 전각 공백 토큰 18 12 반영. 일반/발화 변환 대상 아님.
1522,문자,0xA3ED,0xA3EE,1343,이,98 DE,2,e2f0d9,"연녹색 일반 문자행: 같은 glyph base 유지, 첫 바이트 OR 08h로 일반 문자 토큰 반영."
1523,문자,0xA3EF,0xA3F0,1344,해,B8 E3,2,e2f0d9,"연녹색 일반 문자행: 같은 glyph base 유지, 첫 바이트 OR 08h로 일반 문자 토큰 반영."
1524,문자,0xA3F1,0xA3F2,1345,하,58 E3,2,e2f0d9,"연녹색 일반 문자행: 같은 glyph base 유지, 첫 바이트 OR 08h로 일반 문자 토큰 반영."
1525,문자,0xA3F3,0xA3F4,1346,지,18 E0,2,e2f0d9,"연녹색 일반 문자행: 같은 glyph base 유지, 첫 바이트 OR 08h로 일반 문자 토큰 반영."
1526,문자,0xA3F5,0xA3F6,1347,␠,18 12,2,e2f0d9,일본어 전각 공백 토큰 18 12 반영. 일반/발화 변환 대상 아님.
1527,문자,0xA3F7,0xA3F8,1348,못,E8 35,2,e2f0d9,"연녹색 일반 문자행: 같은 glyph base 유지, 첫 바이트 OR 08h로 일반 문자 토큰 반영."
1528,문자,0xA3F9,0xA3FA,1349,하,58 E3,2,e2f0d9,"연녹색 일반 문자행: 같은 glyph base 유지, 첫 바이트 OR 08h로 일반 문자 토큰 반영."
1529,문자,0xA3FB,0xA3FC,1350,겠,18 20,2,e2f0d9,"연녹색 일반 문자행: 같은 glyph base 유지, 첫 바이트 OR 08h로 일반 문자 토큰 반영."
1530,문자,0xA3FD,0xA3FE,1351,지,18 E0,2,e2f0d9,"연녹색 일반 문자행: 같은 glyph base 유지, 첫 바이트 OR 08h로 일반 문자 토큰 반영."
1531,문자,0xA3FF,0xA400,1352,요,F8 C7,2,e2f0d9,"연녹색 일반 문자행: 같은 glyph base 유지, 첫 바이트 OR 08h로 일반 문자 토큰 반영."
1532,문자,0xA401,0xA402,1353,・,60 12,2,e2f0d9,기존 일본어/PC-88 문장부호 토큰 반영. 일반/발화 변환 대상 아님.
1533,문자,0xA403,0xA404,1354,・,60 12,2,e2f0d9,기존 일본어/PC-88 문장부호 토큰 반영. 일반/발화 변환 대상 아님.
1534,문자,0xA405,0xA406,1355,・,60 12,2,e2f0d9,기존 일본어/PC-88 문장부호 토큰 반영. 일반/발화 변환 대상 아님.
1535,문자,0xA407,0xA408,1356,。,30 12,2,e2f0d9,기존 일본어/PC-88 문장부호 토큰 반영. 일반/발화 변환 대상 아님.
1536,제어,0xA409,0xA40A,,,15 00,2,fce4d6,한글 재배치 기준 HL=A409→A40B. 제어토큰 유지.
1537,문자,0xA40B,0xA40C,1357,하,58 E3,2,e2f0d9,"연녹색 일반 문자행: 같은 glyph base 유지, 첫 바이트 OR 08h로 일반 문자 토큰 반영."
1538,문자,0xA40D,0xA40E,1358,지,18 E0,2,e2f0d9,"연녹색 일반 문자행: 같은 glyph base 유지, 첫 바이트 OR 08h로 일반 문자 토큰 반영."
1539,문자,0xA40F,0xA410,1359,만,D8 34,2,e2f0d9,"연녹색 일반 문자행: 같은 glyph base 유지, 첫 바이트 OR 08h로 일반 문자 토큰 반영."
1540,문자,0xA411,0xA412,1360,␠,18 12,2,e2f0d9,일본어 전각 공백 토큰 18 12 반영. 일반/발화 변환 대상 아님.
1541,문자,0xA413,0xA414,1361,싸,08 46,2,e2f0d9,"연녹색 일반 문자행: 같은 glyph base 유지, 첫 바이트 OR 08h로 일반 문자 토큰 반영."
1542,문자,0xA415,0xA416,1362,움,F8 D5,2,e2f0d9,"연녹색 일반 문자행: 같은 glyph base 유지, 첫 바이트 OR 08h로 일반 문자 토큰 반영."
1543,문자,0xA417,0xA418,1363,␠,18 12,2,e2f0d9,일본어 전각 공백 토큰 18 12 반영. 일반/발화 변환 대상 아님.
1544,문자,0xA419,0xA41A,1364,속,E8 3D,2,e2f0d9,"연녹색 일반 문자행: 같은 glyph base 유지, 첫 바이트 OR 08h로 일반 문자 토큰 반영."
1545,문자,0xA41B,0xA41C,1365,에,48 9F,2,e2f0d9,"연녹색 일반 문자행: 같은 glyph base 유지, 첫 바이트 OR 08h로 일반 문자 토큰 반영."
1546,문자,0xA41D,0xA41E,1366,서,58 3D,2,e2f0d9,"연녹색 일반 문자행: 같은 glyph base 유지, 첫 바이트 OR 08h로 일반 문자 토큰 반영."
1547,문자,0xA41F,0xA420,1367,␠,18 12,2,e2f0d9,일본어 전각 공백 토큰 18 12 반영. 일반/발화 변환 대상 아님.
1548,문자,0xA421,0xA422,1368,그,58 21,2,e2f0d9,"연녹색 일반 문자행: 같은 glyph base 유지, 첫 바이트 OR 08h로 일반 문자 토큰 반영."
1549,문자,0xA423,0xA424,1369,␠,18 12,2,e2f0d9,일본어 전각 공백 토큰 18 12 반영. 일반/발화 변환 대상 아님.
1550,문자,0xA425,0xA426,1370,의,88 DE,2,e2f0d9,"연녹색 일반 문자행: 같은 glyph base 유지, 첫 바이트 OR 08h로 일반 문자 토큰 반영."
1551,문자,0xA427,0xA428,1371,미,58 39,2,e2f0d9,"연녹색 일반 문자행: 같은 glyph base 유지, 첫 바이트 OR 08h로 일반 문자 토큰 반영."
1552,문자,0xA429,0xA42A,1372,를,58 34,2,e2f0d9,"연녹색 일반 문자행: 같은 glyph base 유지, 첫 바이트 OR 08h로 일반 문자 토큰 반영."
1553,문자,0xA42B,0xA42C,1373,␠,18 12,2,e2f0d9,일본어 전각 공백 토큰 18 12 반영. 일반/발화 변환 대상 아님.
1554,문자,0xA42D,0xA42E,1374,깨,08 24,2,e2f0d9,"연녹색 일반 문자행: 같은 glyph base 유지, 첫 바이트 OR 08h로 일반 문자 토큰 반영."
1555,문자,0xA42F,0xA430,1375,달,F8 27,2,e2f0d9,"연녹색 일반 문자행: 같은 glyph base 유지, 첫 바이트 OR 08h로 일반 문자 토큰 반영."
1556,문자,0xA431,0xA432,1376,아,08 56,2,e2f0d9,"연녹색 일반 문자행: 같은 glyph base 유지, 첫 바이트 OR 08h로 일반 문자 토큰 반영."
1557,문자,0xA433,0xA434,1377,␠,18 12,2,e2f0d9,일본어 전각 공백 토큰 18 12 반영. 일반/발화 변환 대상 아님.
1558,문자,0xA435,0xA436,1378,주,F8 F5,2,e2f0d9,"연녹색 일반 문자행: 같은 glyph base 유지, 첫 바이트 OR 08h로 일반 문자 토큰 반영."
1559,문자,0xA437,0xA438,1379,리,78 34,2,e2f0d9,"연녹색 일반 문자행: 같은 glyph base 유지, 첫 바이트 OR 08h로 일반 문자 토큰 반영."
1560,문자,0xA439,0xA43A,1380,라,F8 30,2,e2f0d9,"연녹색 일반 문자행: 같은 glyph base 유지, 첫 바이트 OR 08h로 일반 문자 토큰 반영."
1561,문자,0xA43B,0xA43C,1381,␠,18 12,2,e2f0d9,일본어 전각 공백 토큰 18 12 반영. 일반/발화 변환 대상 아님.
1562,문자,0xA43D,0xA43E,1382,믿,78 39,2,e2f0d9,"연녹색 일반 문자행: 같은 glyph base 유지, 첫 바이트 OR 08h로 일반 문자 토큰 반영."
1563,문자,0xA43F,0xA440,1383,고,88 20,2,e2f0d9,"연녹색 일반 문자행: 같은 glyph base 유지, 첫 바이트 OR 08h로 일반 문자 토큰 반영."
1564,문자,0xA441,0xA442,1384,␠,18 12,2,e2f0d9,일본어 전각 공백 토큰 18 12 반영. 일반/발화 변환 대상 아님.
1565,문자,0xA443,0xA444,1385,있,F8 DE,2,e2f0d9,"연녹색 일반 문자행: 같은 glyph base 유지, 첫 바이트 OR 08h로 일반 문자 토큰 반영."
1566,문자,0xA445,0xA446,1386,습,A8 3F,2,e2f0d9,"연녹색 일반 문자행: 같은 glyph base 유지, 첫 바이트 OR 08h로 일반 문자 토큰 반영."
1567,문자,0xA447,0xA448,1387,니,F8 25,2,e2f0d9,"연녹색 일반 문자행: 같은 glyph base 유지, 첫 바이트 OR 08h로 일반 문자 토큰 반영."
1568,문자,0xA449,0xA44A,1388,다,C8 27,2,e2f0d9,"연녹색 일반 문자행: 같은 glyph base 유지, 첫 바이트 OR 08h로 일반 문자 토큰 반영."
1569,문자,0xA44B,0xA44C,1389,・,60 12,2,e2f0d9,기존 일본어/PC-88 문장부호 토큰 반영. 일반/발화 변환 대상 아님.
1570,문자,0xA44D,0xA44E,1390,・,60 12,2,e2f0d9,기존 일본어/PC-88 문장부호 토큰 반영. 일반/발화 변환 대상 아님.
1571,문자,0xA44F,0xA450,1391,・,60 12,2,e2f0d9,기존 일본어/PC-88 문장부호 토큰 반영. 일반/발화 변환 대상 아님.
1572,문자,0xA451,0xA452,1392,␠,18 12,2,e2f0d9,일본어 전각 공백 토큰 18 12 반영. 일반/발화 변환 대상 아님.
1573,문자,0xA453,0xA454,1393,로,D8 31,2,e2f0d9,"연녹색 일반 문자행: 같은 glyph base 유지, 첫 바이트 OR 08h로 일반 문자 토큰 반영."
1574,문자,0xA455,0xA456,1394,그,58 21,2,e2f0d9,"연녹색 일반 문자행: 같은 glyph base 유지, 첫 바이트 OR 08h로 일반 문자 토큰 반영."
1575,문자,0xA457,0xA458,1395,레,A8 31,2,e2f0d9,"연녹색 일반 문자행: 같은 glyph base 유지, 첫 바이트 OR 08h로 일반 문자 토큰 반영."
1576,문자,0xA459,0xA45A,1396,스,78 3F,2,e2f0d9,"연녹색 일반 문자행: 같은 glyph base 유지, 첫 바이트 OR 08h로 일반 문자 토큰 반영."
1577,문자,0xA45B,0xA45C,1397,를,58 34,2,e2f0d9,"연녹색 일반 문자행: 같은 glyph base 유지, 첫 바이트 OR 08h로 일반 문자 토큰 반영."
1578,문자,0xA45D,0xA45E,1398,␠,18 12,2,e2f0d9,일본어 전각 공백 토큰 18 12 반영. 일반/발화 변환 대상 아님.
1579,문자,0xA45F,0xA460,1399,쓰,08 4C,2,e2f0d9,"연녹색 일반 문자행: 같은 glyph base 유지, 첫 바이트 OR 08h로 일반 문자 토큰 반영."
1580,문자,0xA461,0xA462,1400,러,48 31,2,e2f0d9,"연녹색 일반 문자행: 같은 glyph base 유지, 첫 바이트 OR 08h로 일반 문자 토큰 반영."
1581,문자,0xA463,0xA464,1401,트,A8 E2,2,e2f0d9,"연녹색 일반 문자행: 같은 glyph base 유지, 첫 바이트 OR 08h로 일반 문자 토큰 반영."
1582,문자,0xA465,0xA466,1402,릴,98 34,2,e2f0d9,"연녹색 일반 문자행: 같은 glyph base 유지, 첫 바이트 OR 08h로 일반 문자 토큰 반영."
1583,문자,0xA467,0xA468,1403,␠,18 12,2,e2f0d9,일본어 전각 공백 토큰 18 12 반영. 일반/발화 변환 대상 아님.
1584,문자,0xA469,0xA46A,1404,때,88 30,2,e2f0d9,"연녹색 일반 문자행: 같은 glyph base 유지, 첫 바이트 OR 08h로 일반 문자 토큰 반영."
1585,문자,0xA46B,0xA46C,1405,까,F8 21,2,e2f0d9,"연녹색 일반 문자행: 같은 glyph base 유지, 첫 바이트 OR 08h로 일반 문자 토큰 반영."
1586,문자,0xA46D,0xA46E,1406,지,18 E0,2,e2f0d9,"연녹색 일반 문자행: 같은 glyph base 유지, 첫 바이트 OR 08h로 일반 문자 토큰 반영."
1587,문자,0xA46F,0xA470,1407,、,20 12,2,e2f0d9,기존 일본어/PC-88 문장부호 토큰 반영. 일반/발화 변환 대상 아님.
1588,제어,0xA471,0xA472,,,15 00,2,fce4d6,한글 재배치 기준 HL=A471→A473. 제어토큰 유지.
1589,문자,0xA473,0xA474,1408,둘,C8 2E,2,e2f0d9,"연녹색 일반 문자행: 같은 glyph base 유지, 첫 바이트 OR 08h로 일반 문자 토큰 반영."
1590,문자,0xA475,0xA476,1409,도,28 2E,2,e2f0d9,"연녹색 일반 문자행: 같은 glyph base 유지, 첫 바이트 OR 08h로 일반 문자 토큰 반영."
1591,문자,0xA477,0xA478,1410,␠,18 12,2,e2f0d9,일본어 전각 공백 토큰 18 12 반영. 일반/발화 변환 대상 아님.
1592,문자,0xA479,0xA47A,1411,없,08 7C,2,e2f0d9,"연녹색 일반 문자행: 같은 glyph base 유지, 첫 바이트 OR 08h로 일반 문자 토큰 반영."
1593,문자,0xA47B,0xA47C,1412,이,98 DE,2,e2f0d9,"연녹색 일반 문자행: 같은 glyph base 유지, 첫 바이트 OR 08h로 일반 문자 토큰 반영."
1594,문자,0xA47D,0xA47E,1413,␠,18 12,2,e2f0d9,일본어 전각 공백 토큰 18 12 반영. 일반/발화 변환 대상 아님.
1595,문자,0xA47F,0xA480,1414,소,D8 3D,2,e2f0d9,"연녹색 일반 문자행: 같은 glyph base 유지, 첫 바이트 OR 08h로 일반 문자 토큰 반영."
1596,문자,0xA481,0xA482,1415,중,F8 FB,2,e2f0d9,"연녹색 일반 문자행: 같은 glyph base 유지, 첫 바이트 OR 08h로 일반 문자 토큰 반영."
1597,문자,0xA483,0xA484,1416,한,78 E3,2,e2f0d9,"연녹색 일반 문자행: 같은 glyph base 유지, 첫 바이트 OR 08h로 일반 문자 토큰 반영."
1598,문자,0xA485,0xA486,1417,␠,18 12,2,e2f0d9,일본어 전각 공백 토큰 18 12 반영. 일반/발화 변환 대상 아님.
1599,문자,0xA487,0xA488,1418,것,F8 1D,2,e2f0d9,"연녹색 일반 문자행: 같은 glyph base 유지, 첫 바이트 OR 08h로 일반 문자 토큰 반영."
1600,문자,0xA489,0xA48A,1419,을,58 DE,2,e2f0d9,"연녹색 일반 문자행: 같은 glyph base 유지, 첫 바이트 OR 08h로 일반 문자 토큰 반영."
1601,문자,0xA48B,0xA48C,1420,␠,18 12,2,e2f0d9,일본어 전각 공백 토큰 18 12 반영. 일반/발화 변환 대상 아님.
1602,문자,0xA48D,0xA48E,1421,잃,C8 DE,2,e2f0d9,"연녹색 일반 문자행: 같은 glyph base 유지, 첫 바이트 OR 08h로 일반 문자 토큰 반영."
1603,문자,0xA48F,0xA490,1422,게,08 20,2,e2f0d9,"연녹색 일반 문자행: 같은 glyph base 유지, 첫 바이트 OR 08h로 일반 문자 토큰 반영."
1604,문자,0xA491,0xA492,1423,␠,18 12,2,e2f0d9,일본어 전각 공백 토큰 18 12 반영. 일반/발화 변환 대상 아님.
1605,문자,0xA493,0xA494,1424,되,88 2E,2,e2f0d9,"연녹색 일반 문자행: 같은 glyph base 유지, 첫 바이트 OR 08h로 일반 문자 토큰 반영."
1606,문자,0xA495,0xA496,1425,더,C8 2D,2,e2f0d9,"연녹색 일반 문자행: 같은 glyph base 유지, 첫 바이트 OR 08h로 일반 문자 토큰 반영."
1607,문자,0xA497,0xA498,1426,라,F8 30,2,e2f0d9,"연녹색 일반 문자행: 같은 glyph base 유지, 첫 바이트 OR 08h로 일반 문자 토큰 반영."
1608,문자,0xA499,0xA49A,1427,도,28 2E,2,e2f0d9,"연녹색 일반 문자행: 같은 glyph base 유지, 첫 바이트 OR 08h로 일반 문자 토큰 반영."
1609,문자,0xA49B,0xA49C,1428,・,60 12,2,e2f0d9,기존 일본어/PC-88 문장부호 토큰 반영. 일반/발화 변환 대상 아님.
1610,문자,0xA49D,0xA49E,1429,・,60 12,2,e2f0d9,기존 일본어/PC-88 문장부호 토큰 반영. 일반/발화 변환 대상 아님.
1611,문자,0xA49F,0xA4A0,1430,・,60 12,2,e2f0d9,기존 일본어/PC-88 문장부호 토큰 반영. 일반/발화 변환 대상 아님.
1612,문자,0xA4A1,0xA4A2,1431,␠,18 12,2,e2f0d9,일본어 전각 공백 토큰 18 12 반영. 일반/발화 변환 대상 아님.
1613,문자,0xA4A3,0xA4A4,1432,그,58 21,2,e2f0d9,"연녹색 일반 문자행: 같은 glyph base 유지, 첫 바이트 OR 08h로 일반 문자 토큰 반영."
1614,문자,0xA4A5,0xA4A6,1433,것,F8 1D,2,e2f0d9,"연녹색 일반 문자행: 같은 glyph base 유지, 첫 바이트 OR 08h로 일반 문자 토큰 반영."
1615,문자,0xA4A7,0xA4A8,1434,이,98 DE,2,e2f0d9,"연녹색 일반 문자행: 같은 glyph base 유지, 첫 바이트 OR 08h로 일반 문자 토큰 반영."
1616,문자,0xA4A9,0xA4AA,1435,␠,18 12,2,e2f0d9,일본어 전각 공백 토큰 18 12 반영. 일반/발화 변환 대상 아님.
1617,문자,0xA4AB,0xA4AC,1436,전,B8 DF,2,e2f0d9,"연녹색 일반 문자행: 같은 glyph base 유지, 첫 바이트 OR 08h로 일반 문자 토큰 반영."
1618,문자,0xA4AD,0xA4AE,1437,사,E8 3C,2,e2f0d9,"연녹색 일반 문자행: 같은 glyph base 유지, 첫 바이트 OR 08h로 일반 문자 토큰 반영."
1619,문자,0xA4AF,0xA4B0,1438,의,88 DE,2,e2f0d9,"연녹색 일반 문자행: 같은 glyph base 유지, 첫 바이트 OR 08h로 일반 문자 토큰 반영."
1620,문자,0xA4B1,0xA4B2,1439,␠,18 12,2,e2f0d9,일본어 전각 공백 토큰 18 12 반영. 일반/발화 변환 대상 아님.
1621,문자,0xA4B3,0xA4B4,1440,숙,48 3F,2,e2f0d9,"연녹색 일반 문자행: 같은 glyph base 유지, 첫 바이트 OR 08h로 일반 문자 토큰 반영."
1622,문자,0xA4B5,0xA4B6,1441,명,98 35,2,e2f0d9,"연녹색 일반 문자행: 같은 glyph base 유지, 첫 바이트 OR 08h로 일반 문자 토큰 반영."
1623,문자,0xA4B7,0xA4B8,1442,임,D8 DE,2,e2f0d9,"연녹색 일반 문자행: 같은 glyph base 유지, 첫 바이트 OR 08h로 일반 문자 토큰 반영."
1624,문자,0xA4B9,0xA4BA,1443,을,58 DE,2,e2f0d9,"연녹색 일반 문자행: 같은 glyph base 유지, 첫 바이트 OR 08h로 일반 문자 토큰 반영."
1625,문자,0xA4BB,0xA4BC,1444,・,60 12,2,e2f0d9,기존 일본어/PC-88 문장부호 토큰 반영. 일반/발화 변환 대상 아님.
1626,문자,0xA4BD,0xA4BE,1445,・,60 12,2,e2f0d9,기존 일본어/PC-88 문장부호 토큰 반영. 일반/발화 변환 대상 아님.
1627,문자,0xA4BF,0xA4C0,1446,・,60 12,2,e2f0d9,기존 일본어/PC-88 문장부호 토큰 반영. 일반/발화 변환 대상 아님.
1628,제어,0xA4C1,0xA4C2,,,15 00,2,fce4d6,한글 재배치 기준 HL=A4C1→A4C3. 제어토큰 유지.
1629,문자,0xA4C3,0xA4C4,1447,당,98 2D,2,e2f0d9,"연녹색 일반 문자행: 같은 glyph base 유지, 첫 바이트 OR 08h로 일반 문자 토큰 반영."
1630,문자,0xA4C5,0xA4C6,1448,신,D8 3F,2,e2f0d9,"연녹색 일반 문자행: 같은 glyph base 유지, 첫 바이트 OR 08h로 일반 문자 토큰 반영."
1631,문자,0xA4C7,0xA4C8,1449,이,98 DE,2,e2f0d9,"연녹색 일반 문자행: 같은 glyph base 유지, 첫 바이트 OR 08h로 일반 문자 토큰 반영."
1632,문자,0xA4C9,0xA4CA,1450,␠,18 12,2,e2f0d9,일본어 전각 공백 토큰 18 12 반영. 일반/발화 변환 대상 아님.
1633,문자,0xA4CB,0xA4CC,1451,언,08 74,2,e2f0d9,"연녹색 일반 문자행: 같은 glyph base 유지, 첫 바이트 OR 08h로 일반 문자 토큰 반영."
1634,문자,0xA4CD,0xA4CE,1452,젠,F8 E5,2,e2f0d9,"연녹색 일반 문자행: 같은 glyph base 유지, 첫 바이트 OR 08h로 일반 문자 토큰 반영."
1635,문자,0xA4CF,0xA4D0,1453,가,A8 17,2,e2f0d9,"연녹색 일반 문자행: 같은 glyph base 유지, 첫 바이트 OR 08h로 일반 문자 토큰 반영."
1636,문자,0xA4D1,0xA4D2,1454,␠,18 12,2,e2f0d9,일본어 전각 공백 토큰 18 12 반영. 일반/발화 변환 대상 아님.
1637,문자,0xA4D3,0xA4D4,1455,이,98 DE,2,e2f0d9,"연녹색 일반 문자행: 같은 glyph base 유지, 첫 바이트 OR 08h로 일반 문자 토큰 반영."
1638,문자,0xA4D5,0xA4D6,1456,해,B8 E3,2,e2f0d9,"연녹색 일반 문자행: 같은 glyph base 유지, 첫 바이트 OR 08h로 일반 문자 토큰 반영."
1639,문자,0xA4D7,0xA4D8,1457,해,B8 E3,2,e2f0d9,"연녹색 일반 문자행: 같은 glyph base 유지, 첫 바이트 OR 08h로 일반 문자 토큰 반영."
1640,문자,0xA4D9,0xA4DA,1458,␠,18 12,2,e2f0d9,일본어 전각 공백 토큰 18 12 반영. 일반/발화 변환 대상 아님.
1641,문자,0xA4DB,0xA4DC,1459,주,F8 F5,2,e2f0d9,"연녹색 일반 문자행: 같은 glyph base 유지, 첫 바이트 OR 08h로 일반 문자 토큰 반영."
1642,문자,0xA4DD,0xA4DE,1460,길,D8 21,2,e2f0d9,"연녹색 일반 문자행: 같은 glyph base 유지, 첫 바이트 OR 08h로 일반 문자 토큰 반영."
1643,문자,0xA4DF,0xA4E0,1461,␠,18 12,2,e2f0d9,일본어 전각 공백 토큰 18 12 반영. 일반/발화 변환 대상 아님.
1644,문자,0xA4E1,0xA4E2,1462,바,88 39,2,e2f0d9,"연녹색 일반 문자행: 같은 glyph base 유지, 첫 바이트 OR 08h로 일반 문자 토큰 반영."
1645,문자,0xA4E3,0xA4E4,1463,랄,18 31,2,e2f0d9,"연녹색 일반 문자행: 같은 glyph base 유지, 첫 바이트 OR 08h로 일반 문자 토큰 반영."
1646,문자,0xA4E5,0xA4E6,1464,␠,18 12,2,e2f0d9,일본어 전각 공백 토큰 18 12 반영. 일반/발화 변환 대상 아님.
1647,문자,0xA4E7,0xA4E8,1465,뿐,98 3C,2,e2f0d9,"연녹색 일반 문자행: 같은 glyph base 유지, 첫 바이트 OR 08h로 일반 문자 토큰 반영."
1648,문자,0xA4E9,0xA4EA,1466,입,E8 DE,2,e2f0d9,"연녹색 일반 문자행: 같은 glyph base 유지, 첫 바이트 OR 08h로 일반 문자 토큰 반영."
1649,문자,0xA4EB,0xA4EC,1467,니,F8 25,2,e2f0d9,"연녹색 일반 문자행: 같은 glyph base 유지, 첫 바이트 OR 08h로 일반 문자 토큰 반영."
1650,문자,0xA4ED,0xA4EE,1468,다,C8 27,2,e2f0d9,"연녹색 일반 문자행: 같은 glyph base 유지, 첫 바이트 OR 08h로 일반 문자 토큰 반영."
1651,문자,0xA4EF,0xA4F0,1469,・,60 12,2,e2f0d9,기존 일본어/PC-88 문장부호 토큰 반영. 일반/발화 변환 대상 아님.
1652,문자,0xA4F1,0xA4F2,1470,・,60 12,2,e2f0d9,기존 일본어/PC-88 문장부호 토큰 반영. 일반/발화 변환 대상 아님.
1653,문자,0xA4F3,0xA4F4,1471,・,60 12,2,e2f0d9,기존 일본어/PC-88 문장부호 토큰 반영. 일반/발화 변환 대상 아님.
