runtime_addrs,row,kind,slot,char,row_addr,byte_indices,decoded_old_bytes,decoded_new_bytes,disk_offsets,raw_old_bytes,raw_new_bytes,payload_starts,decode_keys,segment_indices,fill
0x9698 0x9699,7,문자,1,레,0x9698~0x9699,0 1,F0 DC,A0 31,0x1C707 0x1C706,DF CC,8F 21,0x1C320 0x1C320,0x29 0x29,0x018 0x019,e9ae2b
0x969A 0x969B,8,문자,2,이,0x969A~0x969B,0 1,20 B7,90 DE,0x1C705 0x1C704,11 A9,81 D0,0x1C320 0x1C320,0x29 0x29,0x01A 0x01B,e9ae2b
0x969C 0x969D,9,문자,3,코,0x969C~0x969D,0 1,60 12,10 E2,0x1C703 0x1C702,53 06,03 D6,0x1C320 0x1C320,0x29 0x29,0x01C 0x01D,e9ae2b
0x96A0 0x96A1,11,문자,5,・,0x96A0~0x96A1,0 1,10 11,60 12,0x1C6FF 0x1C6FE,07 09,57 0A,0x1C320 0x1C320,0x29 0x29,0x020 0x021,e2f0d9
0x96A2 0x96A3,12,제어,,,0x96A2~0x96A3,0 1,12 00,10 11,0x1C6FD 0x1C6FC,0B FA,09 0B,0x1C320 0x1C320,0x29 0x29,0x022 0x023,fce4d6
0x96A4 0x96A5 0x96A6 0x96A7 0x96A8,13,제어,,,0x96A4~0x96A8,0 1 2 3 4,23 21 00 60 12,12 00 23 21 00,0x1C6FB 0x1C6FA 0x1C6F9 0x1C6F8 0x1C6F7,1E 1D FD 5E 11,0D FC 20 1F FF,0x1C320 0x1C320 0x1C320 0x1C320 0x1C320,0x29 0x29 0x29 0x29 0x29,0x024 0x025 0x026 0x027 0x028,fce4d6
0x96A9 0x96AA,14,문자,6,・,0x96A9~0x96AA,0 1,30 19,60 12,0x1C6F6 0x1C6F5,30 1A,60 13,0x1C320 0x1C320,0x29 0x29,0x029 0x02A,e2f0d9
0x96AB 0x96AC,15,문자,7,␠,0x96AB~0x96AC,0 1,30 39,18 12,0x1C6F4 0x1C6F3,32 3C,1A 15,0x1C320 0x1C320,0x29 0x29,0x02B 0x02C,e2f0d9
0x96AD 0x96AE,16,문자,8,어,0x96AD~0x96AE,0 1,A0 28,00 70,0x1C6F2 0x1C6F1,A4 2D,04 75,0x1C320 0x1C320,0x29 0x29,0x02D 0x02E,e9ae2b
0x96AF 0x96B0,17,문자,9,떻,0x96AF~0x96B0,0 1,A0 FA,B0 30,0x1C6F0 0x1C6EF,A6 01,B6 37,0x1C320 0x1C320,0x29 0x29,0x02F 0x030,e9ae2b
0x96B1 0x96B2,18,문자,10,게,0x96B1~0x96B2,0 1,B0 28,00 20,0x1C6EE 0x1C6ED,B8 31,08 29,0x1C320 0x1C320,0x29 0x29,0x031 0x032,e9ae2b
0x96B3,19,문자,11,␠,0x96B3~0x96B4,0,60,18,0x1C6EC,6A,22,0x1C320,0x29,0x033,e2f0d9
0x96B5 0x96B6,20,문자,12,이,0x96B5~0x96B6,0 1,60 12,90 DE,0x1C6EA 0x1C6E9,6C 1F,9C EB,0x1C320 0x1C320,0x29 0x29,0x035 0x036,e9ae2b
0x96B7 0x96B8,21,문자,13,곳,0x96B7~0x96B8,0 1,60 12,90 20,0x1C6E8 0x1C6E7,6E 21,9E 2F,0x1C320 0x1C320,0x29 0x29,0x037 0x038,e9ae2b
0x96B9 0x96BA,22,문자,14,에,0x96B9~0x96BA,0 1,10 11,40 9F,0x1C6E6 0x1C6E5,20 22,50 B0,0x1C320 0x1C320,0x29 0x29,0x039 0x03A,e9ae2b
0x96BB 0x96BC,23,문자,15,・,0x96BB~0x96BC,0 1,12 00,60 12,0x1C6E4 0x1C6E3,24 13,72 25,0x1C320 0x1C320,0x29 0x29,0x03B 0x03C,e2f0d9
0x96BD 0x96BE,24,문자,16,・,0x96BD~0x96BE,0 1,23 21,60 12,0x1C6E2 0x1C6E1,37 36,74 27,0x1C320 0x1C320,0x29 0x29,0x03D 0x03E,e2f0d9
0x96BF 0x96C0,25,문자,17,・,0x96BF~0x96C0,0 1,00 90,60 12,0x1C6E0 0x1C6DF,16 A7,76 29,0x1C320 0x1C320,0x29 0x29,0x03F 0x040,e2f0d9
0x96C1 0x96C2,26,제어,,,0x96C1~0x96C2,0 1,28 60,10 11,0x1C6DE 0x1C6DD,40 79,28 2A,0x1C320 0x1C320,0x29 0x29,0x041 0x042,fce4d6
0x96C3 0x96C4 0x96C5 0x96C6 0x96C7,27,제어,,,0x96C3~0x96C7,0 1 2 3 4,18 70 19 60 28,12 00 23 21 00,0x1C6DC 0x1C6DB 0x1C6DA 0x1C6D9 0x1C6D8,32 8B 35 7D 46,2C 1B 3F 3E 1E,0x1C320 0x1C320 0x1C320 0x1C320 0x1C320,0x29 0x29 0x29 0x29 0x29,0x043 0x044 0x045 0x046 0x047,fce4d6
0x96C8 0x96C9,28,문자,18,␠,0x96C8~0x96C9,0 1,20 18,18 12,0x1C6D7 0x1C6D6,3F 38,37 32,0x1C320 0x1C320,0x29 0x29,0x048 0x049,e2f0d9
0x96CA 0x96CB,29,문자,19,왜,0x96CA~0x96CB,0 1,A0 28,F0 C5,0x1C6D5 0x1C6D4,C1 4A,11 E7,0x1C320 0x1C320,0x29 0x29,0x04A 0x04B,e9ae2b
0x96CC 0x96CD,30,문자,20,␠,0x96CC~0x96CD,0 1,F0 19,18 12,0x1C6D3 0x1C6D2,13 3D,3B 36,0x1C320 0x1C320,0x29 0x29,0x04C 0x04D,e2f0d9
0x96CE 0x96CF,31,문자,21,네,0x96CE~0x96CF,0 1,C0 18,90 25,0x1C6D1 0x1C6D0,E5 3E,B5 4B,0x1C320 0x1C320,0x29 0x29,0x04E 0x04F,e9ae2b
0x96D0 0x96D1,32,문자,22,가,0x96D0~0x96D1,0 1,60 12,A0 17,0x1C6CF 0x1C6CE,87 3A,C7 3F,0x1C320 0x1C320,0x29 0x29,0x050 0x051,e9ae2b
0x96D4,34,문자,24,・,0x96D4~0x96D5,0,A0,60,0x1C6CB,CB,8B,0x1C320,0x29,0x054,e2f0d9
0x96D6 0x96D7,35,문자,25,・,0x96D6~0x96D7,0 1,19 00,60 12,0x1C6C9 0x1C6C8,46 2E,8D 40,0x1C320 0x1C320,0x29 0x29,0x056 0x057,e2f0d9
0x96D8 0x96D9,36,문자,26,!,0x96D8~0x96D9,0 1,7A 15,A0 12,0x1C6C7 0x1C6C6,A9 45,CF 42,0x1C320 0x1C320,0x29 0x29,0x058 0x059,e2f0d9
0x96DA 0x96DB 0x96DC,37,제어,,,0x96DA~0x96DC,0 1 2,00 17 00,19 00 7A,0x1C6C5 0x1C6C4 0x1C6C3,31 49 33,4A 32 AD,0x1C320 0x1C320 0x1C320,0x29 0x29 0x29,0x05A 0x05B 0x05C,fce4d6
0x96DD,38,제어,,,0x96DD~0x96DE,0,1A,15,0x1C6C2,4E,49,0x1C320,0x29,0x05D,fce4d6
0x96DF 0x96E0,39,제어,,,0x96DF~0x96E0,0 1,04 14,17 00,0x1C6C0 0x1C6BF,3A 4B,4D 37,0x1C320 0x1C320,0x29 0x29,0x05F 0x060,fce4d6
0x96E1 0x96E2 0x96E3,40,제어,,,0x96E1~0x96E3,0 1 2,00 01 50,1A 00 04,0x1C6BE 0x1C6BD 0x1C6BC,38 3A 8A,52 39 3E,0x1C320 0x1C320 0x1C320,0x29 0x29 0x29,0x061 0x062 0x063,fce4d6
0x96E4 0x96E5 0x96E6 0x96E7 0x96E8 0x96E9,41,제어,,,0x96E4~0x96E9,0 1 2 3 4 5,40 80 16 00 00 B0,14 00 01 50 40 80,0x1C6BB 0x1C6BA 0x1C6B9 0x1C6B8 0x1C6B7 0x1C6B6,7B BC 53 3E 3F F0,4F 3C 3E 8E 7F C0,0x1C320 0x1C320 0x1C320 0x1C320 0x1C320 0x1C320,0x29 0x29 0x29 0x29 0x29 0x29,0x064 0x065 0x066 0x067 0x068 0x069,fce4d6
0x96EA,42,제어,,,0x96EA~0x96EB,0,12,16,0x1C6B5,53,57,0x1C320,0x29,0x06A,fce4d6
0x96EC 0x96ED,43,문자,27,말,0x96EC~0x96ED,0 1,23 00,F0 34,0x1C6B3 0x1C6B2,66 44,33 78,0x1C320 0x1C320,0x29 0x29,0x06C 0x06D,e9ae2b
0x96EE 0x96EF 0x96F0 0x96F1,44,제어,,,0x96EE~0x96F1,0 1 2 3,30 28 F0 19,12 00 23 00,0x1C6B1 0x1C6B0 0x1C6AF 0x1C6AE,75 6E 37 61,57 46 6A 48,0x1C320 0x1C320 0x1C320 0x1C320,0x29 0x29 0x29 0x29,0x06E 0x06F 0x070 0x071,fce4d6
0x96F2 0x96F3,45,문자,28,했,0x96F2~0x96F3,0 1,70 28,C0 E3,0x1C6AD 0x1C6AC,B9 72,09 2D,0x1C320 0x1C320,0x29 0x29,0x072 0x073,e9ae2b
0x96F4 0x96F5,46,문자,29,잖,0x96F4~0x96F5,0 1,70 19,30 DF,0x1C6AB 0x1C6AA,BB 65,7B 2B,0x1C320 0x1C320,0x29 0x29,0x074 0x075,e9ae2b
0x96F6 0x96F7,47,문자,30,아,0x96F6~0x96F7,0 1,70 38,00 56,0x1C6A9 0x1C6A8,BD 86,4D A4,0x1C320 0x1C320,0x29 0x29,0x076 0x077,e9ae2b
0x96F8 0x96F9 0x96FA,48,제어,,,0x96F8~0x96FB,0 1 2,60 18 12,12 00 21,0x1C6A7 0x1C6A6 0x1C6A5,AF 68 63,61 50 72,0x1C320 0x1C320 0x1C320,0x29 0x29 0x29,0x078 0x079 0x07A,fce4d6
0x96FC 0x96FD,49,문자,31,？,0x96FC~0x96FD,0 1,21 00,90 12,0x1C6A3 0x1C6A2,74 54,E3 66,0x1C320 0x1C320,0x29 0x29,0x07C 0x07D,e2f0d9
0x96FE,50,문자,32,␠,0x96FE~0x96FF,0,90,18,0x1C6A1,E5,6D,0x1C320,0x29,0x07E,e2f0d9
0x9700 0x9701,51,문자,33,어,0x9700~0x9701,0 1,90 28,00 70,0x1C69F 0x1C69E,E7 80,57 C8,0x1C320 0x1C320,0x29 0x29,0x080 0x081,e9ae2b
0x9702 0x9703,52,문자,34,디,0x9702~0x9703,0 1,30 19,20 30,0x1C69D 0x1C69C,89 73,79 8A,0x1C320 0x1C320,0x29 0x29,0x082 0x083,e9ae2b
0x9704 0x9705,53,문자,35,선,0x9704~0x9705,0 1,B0 18,70 3D,0x1C69B 0x1C69A,0B 74,CB 99,0x1C320 0x1C320,0x29 0x29,0x084 0x085,e9ae2b
0x9706 0x9707,54,문자,36,가,0x9706~0x9707,0 1,70 28,A0 17,0x1C699 0x1C698,CD 86,FD 75,0x1C320 0x1C320,0x29 0x29,0x086 0x087,e9ae2b
0x9708 0x9709,55,문자,37,␠,0x9708~0x9709,0 1,00 2B,18 12,0x1C697 0x1C696,5F 8B,77 72,0x1C320 0x1C320,0x29 0x29,0x088 0x089,e2f0d9
0x970A 0x970B,56,문자,38,우,0x970A~0x970B,0 1,30 2A,F0 CD,0x1C695 0x1C694,91 8C,51 2F,0x1C320 0x1C320,0x29 0x29,0x08A 0x08B,e9ae2b
0x970C 0x970D,57,문자,39,연,0x970C~0x970D,0 1,F0 1B,70 9F,0x1C693 0x1C692,53 7F,D3 03,0x1C320 0x1C320,0x29 0x29,0x08C 0x08D,e9ae2b
0x970E 0x970F,58,문자,40,히,0x970E~0x970F,0 1,A0 3A,60 E5,0x1C691 0x1C690,05 A0,C5 4B,0x1C320 0x1C320,0x29 0x29,0x08E 0x08F,e9ae2b
0x9710 0x9711,59,문자,41,␠,0x9710~0x9711,0 1,00 BB,18 12,0x1C68F 0x1C68E,67 23,7F 7A,0x1C320 0x1C320,0x29 0x29,0x090 0x091,e2f0d9
0x9712 0x9713,60,문자,42,마,0x9712~0x9713,0 1,10 E5,B0 34,0x1C68D 0x1C68C,79 4F,19 9E,0x1C320 0x1C320,0x29 0x29,0x092 0x093,e9ae2b
0x9714 0x9715,61,문자,43,주,0x9714~0x9715,0 1,60 18,F0 F5,0x1C68B 0x1C68A,CB 84,5B 61,0x1C320 0x1C320,0x29 0x29,0x094 0x095,e9ae2b
0x9716 0x9717,62,문자,44,치,0x9716~0x9717,0 1,B0 18,A0 E1,0x1C689 0x1C688,1D 86,0D 4F,0x1C320 0x1C320,0x29 0x29,0x096 0x097,e9ae2b
0x9718 0x9719,63,문자,45,게,0x9718~0x9719,0 1,20 38,00 20,0x1C687 0x1C686,8F A8,6F 90,0x1C320 0x1C320,0x29 0x29,0x098 0x099,e9ae2b
0x971A 0x971B,64,문자,46,␠,0x971A~0x971B,0 1,E0 86,18 12,0x1C685 0x1C684,51 F8,89 84,0x1C320 0x1C320,0x29 0x29,0x09A 0x09B,e2f0d9
0x971C 0x971D,65,문자,47,될,0x971C~0x971D,0 1,C0 38,A0 2E,0x1C683 0x1C682,33 AC,13 A2,0x1C320 0x1C320,0x29 0x29,0x09C 0x09D,e9ae2b
0x971E 0x971F,66,문자,48,지,0x971E~0x971F,0 1,A0 28,10 E0,0x1C681 0x1C680,15 9E,85 56,0x1C320 0x1C320,0x29 0x29,0x09E 0x09F,e9ae2b
0x9720 0x9721,67,문자,49,도,0x9720~0x9721,0 1,40 18,20 2E,0x1C67F 0x1C67E,B7 90,97 A6,0x1C320 0x1C320,0x29 0x29,0x0A0 0x0A1,e9ae2b
0x9722,68,문자,50,␠,0x9722~0x9723,0,60,18,0x1C67D,D9,91,0x1C320,0x29,0x0A2,e2f0d9
0x9724 0x9725,69,문자,51,모,0x9724~0x9725,0 1,60 12,A0 35,0x1C67B 0x1C67A,DB 8E,1B B1,0x1C320 0x1C320,0x29 0x29,0x0A4 0x0A5,e9ae2b
0x9726 0x9727,70,문자,52,른,0x9726~0x9727,0 1,60 12,40 34,0x1C679 0x1C678,DD 90,BD B2,0x1C320 0x1C320,0x29 0x29,0x0A6 0x0A7,e9ae2b
0x9728 0x9729,71,문자,53,다,0x9728~0x9729,0 1,30 28,C0 27,0x1C677 0x1C676,AF A8,3F A7,0x1C320 0x1C320,0x29 0x29,0x0A8 0x0A9,e9ae2b
0x972A 0x972B,72,문자,54,고,0x972A~0x972B,0 1,60 28,80 20,0x1C675 0x1C674,E1 AA,01 A2,0x1C320 0x1C320,0x29 0x29,0x0AA 0x0AB,e9ae2b
0x972C 0x972D,73,문자,55,・,0x972C~0x972D,0 1,15 00,60 12,0x1C673 0x1C672,98 84,E3 96,0x1C320 0x1C320,0x29 0x29,0x0AC 0x0AD,e2f0d9
0x972E 0x972F,74,문자,56,・,0x972E~0x972F,0 1,80 38,60 12,0x1C671 0x1C670,05 BE,E5 98,0x1C320 0x1C320,0x29 0x29,0x0AE 0x0AF,e2f0d9
0x9730 0x9731,75,문자,57,・,0x9730~0x9731,0 1,F0 18,60 12,0x1C66F 0x1C66E,77 A0,E7 9A,0x1C320 0x1C320,0x29 0x29,0x0B0 0x0B1,e2f0d9
0x9732 0x9733,76,제어,,,0x9732~0x9733,0 1,70 F7,15 00,0x1C66D 0x1C66C,F9 81,9E 8A,0x1C320 0x1C320,0x29 0x29,0x0B2 0x0B3,fce4d6
0x9734 0x9735,77,문자,58,참,0x9734~0x9735,0 1,70 F2,D0 E0,0x1C66B 0x1C66A,FB 7E,5B 6C,0x1C320 0x1C320,0x29 0x29,0x0B4 0x0B5,e9ae2b
0x9736 0x9737,78,문자,59,␠,0x9736~0x9737,0 1,30 28,18 12,0x1C669 0x1C668,BD B6,A5 A0,0x1C320 0x1C320,0x29 0x29,0x0B6 0x0B7,e2f0d9
0x9738 0x9739,79,문자,60,잘,0x9738~0x9739,0 1,60 28,40 DF,0x1C667 0x1C666,EF B8,CF 6F,0x1C320 0x1C320,0x29 0x29,0x0B8 0x0B9,e9ae2b
0x973A 0x973B,80,문자,61,␠,0x973A~0x973B,0 1,B0 38,18 12,0x1C665 0x1C664,41 CA,A9 A4,0x1C320 0x1C320,0x29 0x29,0x0BA 0x0BB,e2f0d9
0x973C 0x973D,81,문자,62,어,0x973C~0x973D,0 1,F0 38,00 70,0x1C663 0x1C662,83 CC,93 04,0x1C320 0x1C320,0x29 0x29,0x0BC 0x0BD,e9ae2b
0x973E 0x973F,82,문자,63,울,0x973E~0x973F,0 1,D0 28,F0 D3,0x1C661 0x1C660,65 BE,85 69,0x1C320 0x1C320,0x29 0x29,0x0BE 0x0BF,e9ae2b
0x9740 0x9741,83,문자,64,리,0x9740~0x9741,0 1,12 00,70 34,0x1C65F 0x1C65E,A9 98,07 CC,0x1C320 0x1C320,0x29 0x29,0x0C0 0x0C1,e9ae2b
0x9742 0x9743,84,문자,65,네,0x9742~0x9743,0 1,23 21,90 25,0x1C65D 0x1C65C,BC BB,29 BF,0x1C320 0x1C320,0x29 0x29,0x0C2 0x0C3,e9ae2b
0x9744 0x9745 0x9746 0x9747 0x9748,85,제어,,,0x9744~0x9748,0 1 2 3 4,00 20 12 D0 18,12 00 23 21 00,0x1C65B 0x1C65A 0x1C659 0x1C658 0x1C657,9B BC AF 6E B7,AD 9C C0 BF 9F,0x1C320 0x1C320 0x1C320 0x1C320 0x1C320,0x29 0x29 0x29 0x29 0x29,0x0C4 0x0C5 0x0C6 0x0C7 0x0C8,fce4d6
0x9749 0x974A,86,문자,66,。,0x9749~0x974A,0 1,C0 38,30 12,0x1C656 0x1C655,60 D9,D0 B3,0x1C320 0x1C320,0x29 0x29,0x0C9 0x0CA,e2f0d9
0x974B 0x974C,87,문자,67,정,0x974B~0x974C,0 1,40 18,F0 DF,0x1C654 0x1C653,E2 BB,92 82,0x1C320 0x1C320,0x29 0x29,0x0CB 0x0CC,e9ae2b
0x974D 0x974E,88,문자,68,말,0x974D~0x974E,0 1,80 38,F0 34,0x1C652 0x1C651,24 DD,94 D9,0x1C320 0x1C320,0x29 0x29,0x0CD 0x0CE,e9ae2b
0x974F 0x9750,89,문자,69,␠,0x974F~0x9750,0 1,50 5A,18 12,0x1C650 0x1C64F,F6 01,BE B9,0x1C320 0x1C320,0x29 0x29,0x0CF 0x0D0,e2f0d9
0x9751 0x9752,90,문자,70,예,0x9751~0x9752,0 1,20 B7,A0 9F,0x1C64E 0x1C64D,C8 60,48 48,0x1C320 0x1C320,0x29 0x29,0x0D1 0x0D2,e9ae2b
0x9753 0x9754,91,문자,71,뻐,0x9753~0x9754,0 1,60 12,70 3C,0x1C64C 0x1C64B,0A BD,1A E7,0x1C320 0x1C320,0x29 0x29,0x0D3 0x0D4,e9ae2b
0x9755,92,문자,72,、,0x9755~0x9756,0,60,20,0x1C64A,0C,CC,0x1C320,0x29,0x0D5,e2f0d9
0x9757 0x9758,93,문자,73,유,0x9757~0x9758,0 1,60 12,20 DE,0x1C648 0x1C647,0E C1,CE 8D,0x1C320 0x1C320,0x29 0x29,0x0D7 0x0D8,e9ae2b
0x9759 0x975A,94,문자,74,코,0x9759~0x975A,0 1,20 18,10 E2,0x1C646 0x1C645,D0 C9,C0 93,0x1C320 0x1C320,0x29 0x29,0x0D9 0x0DA,e9ae2b
0x975B 0x975C,95,문자,75,・,0x975B~0x975C,0 1,A0 28,60 12,0x1C644 0x1C643,52 DB,12 C5,0x1C320 0x1C320,0x29 0x29,0x0DB 0x0DC,e2f0d9
0x975D 0x975E,96,문자,76,・,0x975D~0x975E,0 1,12 00,60 12,0x1C642 0x1C641,C6 B5,14 C7,0x1C320 0x1C320,0x29 0x29,0x0DD 0x0DE,e2f0d9
0x975F 0x9760,97,문자,77,・,0x975F~0x9760,0 1,23 21,60 12,0x1C640 0x1C63F,D9 D8,16 C9,0x1C320 0x1C320,0x29 0x29,0x0DF 0x0E0,e2f0d9
0x9761 0x9762,98,문자,78,␠,0x9761~0x9762,0 1,00 F0,18 12,0x1C63E 0x1C63D,B8 A9,D0 CB,0x1C320 0x1C320,0x29 0x29,0x0E1 0x0E2,e2f0d9
0x9763 0x9764,99,문자,79,네,0x9763~0x9764,0 1,19 C0,90 25,0x1C63C 0x1C63B,D3 7B,4A E0,0x1C320 0x1C320,0x29 0x29,0x0E3 0x0E4,e9ae2b
0x9765 0x9766 0x9767 0x9768 0x9769,100,제어,,,0x9765~0x9769,0 1 2 3 4,18 E0 F1 30 19,12 00 23 21 00,0x1C63A 0x1C639 0x1C638 0x1C637 0x1C636,D4 9D AF EF D9,CE BD E1 E0 C0,0x1C320 0x1C320 0x1C320 0x1C320 0x1C320,0x29 0x29 0x29 0x29 0x29,0x0E5 0x0E6 0x0E7 0x0E8 0x0E9,fce4d6
0x976A 0x976B,101,문자,80,가,0x976A~0x976B,0 1,60 18,A0 17,0x1C635 0x1C634,21 DA,61 D9,0x1C320 0x1C320,0x29 0x29,0x0EA 0x0EB,e9ae2b
0x976C 0x976D,102,문자,81,␠,0x976C~0x976D,0 1,E0 28,18 12,0x1C633 0x1C632,A3 EC,DB D6,0x1C320 0x1C320,0x29 0x29,0x0EC 0x0ED,e2f0d9
0x976E 0x976F,103,문자,82,베,0x976E~0x976F,0 1,F0 C0,90 3B,0x1C631 0x1C630,B5 86,45 FF,0x1C320 0x1C320,0x29 0x29,0x0EE 0x0EF,e9ae2b
0x9770 0x9771,104,문자,83,니,0x9770~0x9771,0 1,E0 B6,F0 25,0x1C62F 0x1C62E,A7 7E,B7 ED,0x1C320 0x1C320,0x29 0x29,0x0F0 0x0F1,e9ae2b
0x9772 0x9773,105,문자,84,티,0x9772~0x9773,0 1,B0 28,D0 E2,0x1C62D 0x1C62C,79 F2,99 AC,0x1C320 0x1C320,0x29 0x29,0x0F2 0x0F3,e9ae2b
0x9774 0x9775,106,문자,85,의,0x9774~0x9775,0 1,A0 28,80 DE,0x1C62B 0x1C62A,6B F4,4B AA,0x1C320 0x1C320,0x29 0x29,0x0F4 0x0F5,e9ae2b
0x9776 0x9777,107,문자,86,␠,0x9776~0x9777,0 1,B0 38,18 12,0x1C629 0x1C628,7D 06,E5 E0,0x1C320 0x1C320,0x29 0x29,0x0F6 0x0F7,e2f0d9
0x9778 0x9779,108,문자,87,전,0x9778~0x9779,0 1,30 19,B0 DF,0x1C627 0x1C626,FF E9,7F AF,0x1C320 0x1C320,0x29 0x29,0x0F8 0x0F9,e9ae2b
0x977A 0x977B,109,문자,88,사,0x977A~0x977B,0 1,80 28,E0 3C,0x1C625 0x1C624,51 FA,B1 0E,0x1C320 0x1C320,0x29 0x29,0x0FA 0x0FB,e9ae2b
0x977C 0x977D,110,문자,89,가,0x977C~0x977D,0 1,F0 28,A0 17,0x1C623 0x1C622,C3 FC,73 EB,0x1C320 0x1C320,0x29 0x29,0x0FC 0x0FD,e9ae2b
0x977E 0x977F,111,문자,90,␠,0x977E~0x977F,0 1,E0 86,18 12,0x1C621 0x1C620,B5 5D,ED E9,0x1C320 0x1C320,0x29 0x29,0x0FE 0x0FF,e2f0d9
0x9780 0x9781,112,문자,91,되,0x9780~0x9781,0 1,30 28,80 2E,0x1C61F 0x1C61E,08 01,58 07,0x1C320 0x1C320,0x29 0x29,0x100 0x101,e9ae2b
0x9782 0x9783,113,문자,92,리,0x9782~0x9783,0 1,60 28,70 34,0x1C61D 0x1C61C,3A 03,4A 0F,0x1C320 0x1C320,0x29 0x29,0x102 0x103,e9ae2b
0x9785,114,문자,93,라,0x9784~0x9785,1,19,30,0x1C61A,F6,0D,0x1C320,0x29,0x105,e9ae2b
0x9786 0x9787,115,문자,94,는,0x9786~0x9787,0 1,10 19,E0 25,0x1C619 0x1C618,EE F8,BE 04,0x1C320 0x1C320,0x29 0x29,0x106 0x107,e9ae2b
0x9788 0x9789,116,문자,95,␠,0x9788~0x9789,0 1,90 28,18 12,0x1C617 0x1C616,70 09,F8 F3,0x1C320 0x1C320,0x29 0x29,0x108 0x109,e2f0d9
0x978A 0x978B,117,문자,96,건,0x978A~0x978B,0 1,60 12,B0 1D,0x1C615 0x1C614,42 F5,92 00,0x1C320 0x1C320,0x29 0x29,0x10A 0x10B,e9ae2b
0x978C,118,문자,97,␠,0x978C~0x978D,0,60,18,0x1C613,44,FC,0x1C320,0x29,0x10C,e2f0d9
0x978E 0x978F,119,문자,98,알,0x978E~0x978F,0 1,60 12,00 60,0x1C611 0x1C610,46 F9,E6 47,0x1C320 0x1C320,0x29 0x29,0x10E 0x10F,e9ae2b
0x9790 0x9791,120,문자,99,고,0x9790~0x9791,0 1,12 00,80 20,0x1C60F 0x1C60E,FA E9,68 09,0x1C320 0x1C320,0x29 0x29,0x110 0x111,e9ae2b
0x9792 0x9793,121,문자,100,␠,0x9792~0x9793,0 1,23 00,18 12,0x1C60D 0x1C60C,0D EB,02 FD,0x1C320 0x1C320,0x29 0x29,0x112 0x113,e2f0d9
0x9794 0x9795,122,문자,101,있,0x9794~0x9795,0 1,19 00,F0 DE,0x1C60B 0x1C60A,05 ED,DC CB,0x1C320 0x1C320,0x29 0x29,0x114 0x115,e9ae2b
0x9796 0x9797,123,문자,102,었,0x9796~0x9797,0 1,79 15,00 7E,0x1C609 0x1C608,67 04,EE 6D,0x1C320 0x1C320,0x29 0x29,0x116 0x117,e9ae2b
0x9798 0x9799,124,문자,103,지,0x9798~0x9799,0 1,00 17,10 E0,0x1C607 0x1C606,F0 08,00 D1,0x1C320 0x1C320,0x29 0x29,0x118 0x119,e9ae2b
0x979A 0x979B,125,문자,104,만,0x979A~0x979B,0 1,00 14,D0 34,0x1C605 0x1C604,F2 07,C2 27,0x1C320 0x1C320,0x29 0x29,0x11A 0x11B,e9ae2b
0x979C 0x979D,126,문자,105,・,0x979C~0x979D,0 1,00 01,60 12,0x1C603 0x1C602,F4 F6,54 07,0x1C320 0x1C320,0x29 0x29,0x11C 0x11D,e2f0d9
0x979E 0x979F,127,문자,106,・,0x979E~0x979F,0 1,44 55,60 12,0x1C601 0x1C600,3A 4C,56 09,0x1C320 0x1C320,0x29 0x29,0x11E 0x11F,e2f0d9
0x97A0 0x97A1,128,문자,107,・,0x97A0~0x97A1,0 1,80 1A,60 12,0x1C5FF 0x1C5FE,78 13,58 0B,0x1C320 0x1C320,0x29 0x29,0x120 0x121,e2f0d9
0x97A2 0x97A3 0x97A4,129,제어,,,0x97A2~0x97A5,0 1 2,00 04 16,12 00 23,0x1C5FD 0x1C5FC 0x1C5FB,FA FF 12,0C FB 1F,0x1C320 0x1C320 0x1C320,0x29 0x29 0x29,0x122 0x123 0x124,fce4d6
0x97A6 0x97A7 0x97A8,130,제어,,,0x97A6~0x97A8,0 1 2,38 19 38,19 00 79,0x1C5F9 0x1C5F8 0x1C5F7,36 18 38,17 FF 79,0x1C320 0x1C320 0x1C320,0x29 0x29 0x29,0x126 0x127 0x128,fce4d6
0x97A9 0x97AA,131,제어,,,0x97A9~0x97AA,0 1,39 A8,15 00,0x1C5F6 0x1C5F5,3A AA,16 02,0x1C320 0x1C320,0x29 0x29,0x129 0x12A,fce4d6
0x97AB 0x97AC,132,제어,,,0x97AB~0x97AC,0 1,28 B8,17 00,0x1C5F4 0x1C5F3,2B BC,1A 04,0x1C320 0x1C320,0x29 0x29,0x12B 0x12C,fce4d6
0x97AD 0x97AE 0x97AF 0x97B0 0x97B1 0x97B2,133,제어,,,0x97AD~0x97B2,0 1 2 3 4 5,28 12 00 23 21 00,14 00 01 44 55 80,0x1C5F2 0x1C5F1 0x1C5F0 0x1C5EF 0x1C5EE 0x1C5ED,2D 18 07 2B 2A 0A,19 06 08 4C 5E 8A,0x1C320 0x1C320 0x1C320 0x1C320 0x1C320 0x1C320,0x29 0x29 0x29 0x29 0x29 0x29,0x12D 0x12E 0x12F 0x130 0x131 0x132,fce4d6
0x97B3 0x97B4 0x97B5,134,제어,,,0x97B3~0x97B5,0 1 2,F8 6C 48,1A 00 04,0x1C5EC 0x1C5EB 0x1C5EA,03 78 55,25 0C 11,0x1C320 0x1C320 0x1C320,0x29 0x29 0x29,0x133 0x134 0x135,fce4d6
0x97B6 0x97B7,135,제어,,,0x97B6~0x97B7,0 1,18 A8,16 00,0x1C5E9 0x1C5E8,26 B7,24 0F,0x1C320 0x1C320,0x29 0x29,0x136 0x137,fce4d6
0x97B8 0x97B9,136,문자,108,이,0x97B8~0x97B9,0 1,28 38,98 DE,0x1C5E7 0x1C5E6,38 49,A8 EF,0x1C320 0x1C320,0x29 0x29,0x138 0x139,e2f0d9
0x97BA 0x97BB,137,문자,109,렇,0x97BA~0x97BB,0 1,39 68,98 31,0x1C5E5 0x1C5E4,4B 7B,AA 44,0x1C320 0x1C320,0x29 0x29,0x13A 0x13B,e2f0d9
0x97BC 0x97BD,138,문자,110,게,0x97BC~0x97BD,0 1,28 78,08 20,0x1C5E3 0x1C5E2,3C 8D,1C 35,0x1C320 0x1C320,0x29 0x29,0x13C 0x13D,e2f0d9
0x97BE 0x97BF,139,문자,111,나,0x97BE~0x97BF,0 1,B7 38,B8 24,0x1C5E1 0x1C5E0,CD 4F,CE 3B,0x1C320 0x1C320,0x29 0x29,0x13E 0x13F,e2f0d9
0x97C0 0x97C1 0x97C2 0x97C3,140,제어,,,0x97C0~0x97C4,0 1 2 3,28 68 28 12,12 00 23 21,0x1C5DF 0x1C5DE 0x1C5DD 0x1C5DC,40 81 42 2D,2A 19 3D 3C,0x1C320 0x1C320 0x1C320 0x1C320,0x29 0x29 0x29 0x29,0x140 0x141 0x142 0x143,fce4d6
0x97C5 0x97C6,141,문자,112,␠,0x97C5~0x97C6,0 1,23 21,18 12,0x1C5DA 0x1C5D9,40 3F,35 30,0x1C320 0x1C320,0x29 0x29,0x145 0x146,e2f0d9
0x97C7 0x97C8,142,문자,113,강,0x97C7~0x97C8,0 1,00 28,08 18,0x1C5D8 0x1C5D7,1F 48,27 38,0x1C320 0x1C320,0x29 0x29,0x147 0x148,e2f0d9
0x97C9 0x97CA,143,문자,114,할,0x97C9~0x97CA,0 1,38 12,88 E3,0x1C5D6 0x1C5D5,59 34,A9 05,0x1C320 0x1C320,0x29 0x29,0x149 0x14A,e2f0d9
0x97CB 0x97CC,144,문자,115,␠,0x97CB~0x97CC,0 1,00 23,18 12,0x1C5D4 0x1C5D3,23 47,3B 36,0x1C320 0x1C320,0x29 0x29,0x14B 0x14C,e2f0d9
0x97CD 0x97CE,145,문자,116,줄,0x97CD~0x97CE,0 1,21 00,F8 F9,0x1C5D2 0x1C5D1,46 26,1D 1F,0x1C320 0x1C320,0x29 0x29,0x14D 0x14E,e2f0d9
0x97CF 0x97D0,146,문자,117,은,0x97CF~0x97D0,0 1,F8 29,48 DE,0x1C5D0 0x1C5CF,1F 51,6F 06,0x1C320 0x1C320,0x29 0x29,0x14F 0x150,e2f0d9
0x97D1 0x97D2,147,문자,118,␠,0x97D1~0x97D2,0 1,A8 28,18 12,0x1C5CE 0x1C5CD,D1 52,41 3C,0x1C320 0x1C320,0x29 0x29,0x151 0x152,e2f0d9
0x97D3 0x97D4,148,문자,119,상,0x97D3~0x97D4,0 1,B8 18,28 3D,0x1C5CC 0x1C5CB,E3 44,53 69,0x1C320 0x1C320,0x29 0x29,0x153 0x154,e2f0d9
0x97D5 0x97D6 0x97D7 0x97D8 0x97D9,149,제어,,,0x97D5~0x97D9,0 1 2 3 4,38 28 F8 19 60,12 00 23 21 00,0x1C5CA 0x1C5C9 0x1C5C8 0x1C5C7 0x1C5C6,65 56 27 49 91,3F 2E 52 51 31,0x1C320 0x1C320 0x1C320 0x1C320 0x1C320,0x29 0x29 0x29 0x29 0x29,0x155 0x156 0x157 0x158 0x159,fce4d6
0x97DA 0x97DB,150,문자,120,상,0x97DA~0x97DB,0 1,12 60,28 3D,0x1C5C5 0x1C5C4,44 93,5A 70,0x1C320 0x1C320,0x29 0x29,0x15A 0x15B,e2f0d9
0x97DC 0x97DD,151,문자,121,도,0x97DC~0x97DD,0 1,12 60,28 2E,0x1C5C3 0x1C5C2,46 95,5C 63,0x1C320 0x1C320,0x29 0x29,0x15C 0x15D,e2f0d9
0x97DF 0x97E0,152,제어,,,0x97DE~0x97E2,1 2,12 00,00 23,0x1C5C0 0x1C5BF,49 38,37 5B,0x1C320 0x1C320,0x29 0x29,0x15F 0x160,fce4d6
0x97E3 0x97E4,153,문자,122,␠,0x97E3~0x97E4,0 1,D8 BE,18 12,0x1C5BC 0x1C5BB,13 FA,53 4E,0x1C320 0x1C320,0x29 0x29,0x163 0x164,e2f0d9
0x97E5 0x97E6,154,문자,123,못,0x97E5~0x97E6,0 1,F8 28,E8 35,0x1C5BA 0x1C5B9,35 66,25 73,0x1C320 0x1C320,0x29 0x29,0x165 0x166,e2f0d9
0x97E7 0x97E8,155,문자,124,했,0x97E7~0x97E8,0 1,B8 70,C8 E3,0x1C5B8 0x1C5B7,F7 B0,07 23,0x1C320 0x1C320,0x29 0x29,0x167 0x168,e2f0d9
0x97E9 0x97EA,156,문자,125,어,0x97E9~0x97EA,0 1,B8 18,08 70,0x1C5B6 0x1C5B5,F9 5A,49 B2,0x1C320 0x1C320,0x29 0x29,0x169 0x16A,e2f0d9
0x97EB 0x97EC,157,문자,126,・,0x97EB~0x97EC,0 1,18 19,60 12,0x1C5B4 0x1C5B3,5B 5D,A3 56,0x1C320 0x1C320,0x29 0x29,0x16B 0x16C,e2f0d9
0x97ED 0x97EE,158,문자,127,・,0x97ED~0x97EE,0 1,B8 28,60 12,0x1C5B2 0x1C5B1,FD 6E,A5 58,0x1C320 0x1C320,0x29 0x29,0x16D 0x16E,e2f0d9
0x97EF 0x97F0,159,문자,128,・,0x97EF~0x97F0,0 1,88 38,60 12,0x1C5B0 0x1C5AF,CF 80,A7 5A,0x1C320 0x1C320,0x29 0x29,0x16F 0x170,e2f0d9
0x97F1 0x97F2 0x97F3 0x97F4,160,제어,,,0x97F1~0x97F4,0 1 2 3,98 38 A8 28,12 00 21 00,0x1C5AE 0x1C5AD 0x1C5AC 0x1C5AB,E1 82 F3 74,5B 4A 6C 4C,0x1C320 0x1C320 0x1C320 0x1C320,0x29 0x29 0x29 0x29,0x171 0x172 0x173 0x174,fce4d6
0x97F5 0x97F6,161,문자,129,␠,0x97F5~0x97F6,0 1,48 18,18 12,0x1C5AA 0x1C5A9,95 66,65 60,0x1C320 0x1C320,0x29 0x29,0x175 0x176,e2f0d9
0x97F7 0x97F8,162,문자,130,역,0x97F7~0x97F8,0 1,28 38,68 9F,0x1C5A8 0x1C5A7,77 88,B7 EF,0x1C320 0x1C320,0x29 0x29,0x177 0x178,e2f0d9
0x97F9 0x97FA,163,문자,131,시,0x97F9~0x97FA,0 1,E8 28,C8 3F,0x1C5A6 0x1C5A5,39 7A,19 91,0x1C320 0x1C320,0x29 0x29,0x179 0x17A,e2f0d9
0x97FB 0x97FC,164,문자,132,␠,0x97FB~0x97FC,0 1,D8 28,18 12,0x1C5A4 0x1C5A3,2B 7C,6B 66,0x1C320 0x1C320,0x29 0x29,0x17B 0x17C,e2f0d9
0x97FD 0x97FE,165,문자,133,사,0x97FD~0x97FE,0 1,30 12,E8 3C,0x1C5A2 0x1C5A1,85 68,3D 92,0x1C320 0x1C320,0x29 0x29,0x17D 0x17E,e2f0d9
0x97FF 0x9800,166,문자,134,람,0x97FF~0x9800,0 1,15 00,28 31,0x1C5A0 0x1C59F,6C 58,7F 89,0x1C320 0x1C320,0x29 0x29,0x17F 0x180,e2f0d9
0x9801 0x9802,167,문자,135,은,0x9801~0x9802,0 1,F0 DC,48 DE,0x1C59E 0x1C59D,49 36,A1 38,0x1C320 0x1C320,0x29 0x29,0x181 0x182,e2f0d9
0x9803 0x9804,168,문자,136,␠,0x9803~0x9804,0 1,20 B7,18 12,0x1C59C 0x1C59B,7B 13,73 6E,0x1C320 0x1C320,0x29 0x29,0x183 0x184,e2f0d9
0x9805 0x9806,169,문자,137,겉,0x9805~0x9806,0 1,60 12,08 1E,0x1C59A 0x1C599,BD 70,65 7C,0x1C320 0x1C320,0x29 0x29,0x185 0x186,e2f0d9
0x9807 0x9808,170,문자,138,모,0x9807~0x9808,0 1,60 12,A8 35,0x1C598 0x1C597,BF 72,07 95,0x1C320 0x1C320,0x29 0x29,0x187 0x188,e2f0d9
0x9809 0x980A,171,문자,139,습,0x9809~0x980A,0 1,60 12,A8 3F,0x1C596 0x1C595,C1 74,09 A1,0x1C320 0x1C320,0x29 0x29,0x189 0x18A,e2f0d9
0x980B 0x980C,172,문자,140,만,0x980B~0x980C,0 1,70 28,D8 34,0x1C594 0x1C593,D3 8C,3B 98,0x1C320 0x1C320,0x29 0x29,0x18B 0x18C,e2f0d9
0x980D 0x980E,173,문자,141,으,0x980D~0x980E,0 1,20 38,38 DE,0x1C592 0x1C591,85 9E,9D 44,0x1C320 0x1C320,0x29 0x29,0x18D 0x18E,e2f0d9
0x980F 0x9810,174,문자,142,로,0x980F~0x9810,0 1,20 12,D8 31,0x1C590 0x1C58F,87 7A,3F 99,0x1C320 0x1C320,0x29 0x29,0x18F 0x190,e2f0d9
0x9811 0x9812,175,문자,143,␠,0x9811~0x9812,0 1,D0 19,18 12,0x1C58E 0x1C58D,39 83,81 7C,0x1C320 0x1C320,0x29 0x29,0x191 0x192,e2f0d9
0x9813 0x9814,176,문자,144,알,0x9813~0x9814,0 1,E0 28,08 60,0x1C58C 0x1C58B,4B 94,73 CC,0x1C320 0x1C320,0x29 0x29,0x193 0x194,e2f0d9
0x9815 0x9816,177,문자,145,␠,0x9815~0x9816,0 1,10 B7,18 12,0x1C58A 0x1C589,7D 25,85 80,0x1C320 0x1C320,0x29 0x29,0x195 0x196,e2f0d9
0x9817 0x9818,178,문자,146,수,0x9817~0x9818,0 1,60 12,38 3F,0x1C588 0x1C587,CF 82,A7 AF,0x1C320 0x1C320,0x29 0x29,0x197 0x198,e2f0d9
0x9819,179,문자,147,␠,0x9819~0x981A,0,60,18,0x1C586,D1,89,0x1C320,0x29,0x199,e2f0d9
0x981B 0x981C,180,문자,148,없,0x981B~0x981C,0 1,60 12,08 7C,0x1C584 0x1C583,D3 86,7B F0,0x1C320 0x1C320,0x29 0x29,0x19B 0x19C,e2f0d9
0x981D 0x981E,181,문자,149,는,0x981D~0x981E,0 1,12 00,E8 25,0x1C582 0x1C581,87 76,5D 9B,0x1C320 0x1C320,0x29 0x29,0x19D 0x19E,e2f0d9
0x981F 0x9820,182,문자,150,␠,0x981F~0x9820,0 1,23 21,18 12,0x1C580 0x1C57F,9A 99,8F 8A,0x1C320 0x1C320,0x29 0x29,0x19F 0x1A0,e2f0d9
0x9821 0x9822,183,문자,151,법,0x9821~0x9822,0 1,00 E0,88 3B,0x1C57E 0x1C57D,79 5A,01 B5,0x1C320 0x1C320,0x29 0x29,0x1A1 0x1A2,e2f0d9
0x9823 0x9824,184,문자,152,이,0x9823~0x9824,0 1,29 50,98 DE,0x1C57C 0x1C57B,A4 CC,13 5A,0x1C320 0x1C320,0x29 0x29,0x1A3 0x1A4,e2f0d9
0x9825 0x9826,185,문자,153,네,0x9825~0x9826,0 1,19 B0,98 25,0x1C57A 0x1C579,96 2E,15 A3,0x1C320 0x1C320,0x29 0x29,0x1A5 0x1A6,e2f0d9
0x9827 0x9828,186,문자,154,。,0x9827~0x9828,0 1,18 20,30 12,0x1C578 0x1C577,97 A0,AF 92,0x1C320 0x1C320,0x29 0x29,0x1A7 0x1A8,e2f0d9
0x9829 0x982A,187,제어,,,0x9829~0x982A,0 1,18 A0,15 00,0x1C576 0x1C575,99 22,96 82,0x1C320 0x1C320,0x29 0x29,0x1A9 0x1AA,fce4d6
0x982B 0x982C,188,문자,155,레,0x982B~0x982C,0 1,28 F0,A0 31,0x1C574 0x1C573,AB 74,23 B5,0x1C320 0x1C320,0x29 0x29,0x1AB 0x1AC,e9ae2b
0x982D 0x982E,189,문자,156,이,0x982D~0x982E,0 1,19 60,90 DE,0x1C572 0x1C571,9E E6,15 64,0x1C320 0x1C320,0x29 0x29,0x1AD 0x1AE,e9ae2b
0x982F 0x9830,190,문자,157,코,0x982F~0x9830,0 1,12 60,10 E2,0x1C570 0x1C56F,99 E8,97 6A,0x1C320 0x1C320,0x29 0x29,0x1AF 0x1B0,e9ae2b
0x9831 0x9832,191,문자,158,・,0x9831~0x9832,0 1,12 60,60 12,0x1C56E 0x1C56D,9B EA,E9 9C,0x1C320 0x1C320,0x29 0x29,0x1B1 0x1B2,e2f0d9
0x9833 0x9834,192,문자,159,・,0x9833~0x9834,0 1,12 A0,60 12,0x1C56C 0x1C56B,9D 2C,EB 9E,0x1C320 0x1C320,0x29 0x29,0x1B3 0x1B4,e2f0d9
0x9835 0x9836,193,문자,160,・,0x9835~0x9836,0 1,12 19,60 12,0x1C56A 0x1C569,9F A7,ED A0,0x1C320 0x1C320,0x29 0x29,0x1B5 0x1B6,e2f0d9
0x9837 0x9838,194,문자,161,␠,0x9837~0x9838,0 1,00 7B,18 12,0x1C568 0x1C567,8F 0B,A7 A2,0x1C320 0x1C320,0x29 0x29,0x1B7 0x1B8,e2f0d9
0x9839 0x983A,195,문자,162,그,0x9839~0x983A,0 1,15 00,50 21,0x1C566 0x1C565,A6 92,E1 B3,0x1C320 0x1C320,0x29 0x29,0x1B9 0x1BA,e9ae2b
0x983B 0x983C,196,문자,163,런,0x983B~0x983C,0 1,17 00,50 31,0x1C564 0x1C563,AA 94,E3 C5,0x1C320 0x1C320,0x29 0x29,0x1BB 0x1BC,e9ae2b
0x983D 0x983E,197,문자,164,데,0x983D~0x983E,0 1,1A 00,F0 2D,0x1C562 0x1C561,AF 96,85 C3,0x1C320 0x1C320,0x29 0x29,0x1BD 0x1BE,e9ae2b
0x983F 0x9840,198,문자,165,、,0x983F~0x9840,0 1,04 16,20 12,0x1C560 0x1C55F,9B AE,B7 AA,0x1C320 0x1C320,0x29 0x29,0x1BF 0x1C0,e2f0d9
0x9841 0x9842,199,문자,166,그,0x9841~0x9842,0 1,00 80,50 21,0x1C55E 0x1C55D,99 1A,E9 BB,0x1C320 0x1C320,0x29 0x29,0x1C1 0x1C2,e9ae2b
0x9843 0x9844,200,문자,167,␠,0x9843~0x9844,0 1,28 C0,18 12,0x1C55C 0x1C55B,C3 5C,B3 AE,0x1C320 0x1C320,0x29 0x29,0x1C3 0x1C4,e2f0d9
0x9845 0x9846,201,문자,168,모,0x9845~0x9846,0 1,29 10,A0 35,0x1C55A 0x1C559,C6 AE,3D D3,0x1C320 0x1C320,0x29 0x29,0x1C5 0x1C6,e9ae2b
0x9847 0x9848,202,문자,169,습,0x9847~0x9848,0 1,19 B0,A0 3F,0x1C558 0x1C557,B8 50,3F DF,0x1C320 0x1C320,0x29 0x29,0x1C7 0x1C8,e9ae2b
0x9849 0x984A,203,문자,170,・,0x9849~0x984A,0 1,38 30,60 12,0x1C556 0x1C555,D9 D2,01 B4,0x1C320 0x1C320,0x29 0x29,0x1C9 0x1CA,e2f0d9
0x984B 0x984C,204,문자,171,・,0x984B~0x984C,0 1,39 80,60 12,0x1C554 0x1C553,DC 24,03 B6,0x1C320 0x1C320,0x29 0x29,0x1CB 0x1CC,e2f0d9
0x984D 0x984E,205,문자,172,・,0x984D~0x984E,0 1,19 30,60 12,0x1C552 0x1C551,BE D6,05 B8,0x1C320 0x1C320,0x29 0x29,0x1CD 0x1CE,e2f0d9
0x984F 0x9850 0x9851 0x9852 0x9853,206,제어,,,0x984F~0x9853,0 1 2 3 4,38 A0 28 40 18,12 00 23 21 00,0x1C550 0x1C54F 0x1C54E 0x1C54D 0x1C54C,DF 48 D1 EA C3,B9 A8 CC CB AB,0x1C320 0x1C320 0x1C320 0x1C320 0x1C320,0x29 0x29 0x29 0x29 0x29,0x1CF 0x1D0 0x1D1 0x1D2 0x1D3,fce4d6
0x9854 0x9855,207,문자,173,␠,0x9854~0x9855,0 1,F0 38,18 12,0x1C54B 0x1C54A,9C E5,C4 BF,0x1C320 0x1C320,0x29 0x29,0x1D4 0x1D5,e2f0d9
0x9857,208,문자,174,설,0x9856~0x9857,1,38,3D,0x1C548,E7,EC,0x1C320,0x29,0x1D7,e9ae2b
0x9858 0x9859,209,문자,175,마,0x9858~0x9859,0 1,A0 12,B0 34,0x1C547 0x1C546,50 C3,60 E5,0x1C320 0x1C320,0x29 0x29,0x1D8 0x1D9,e9ae2b
0x985A 0x985B,210,문자,176,␠,0x985A~0x985B,0 1,A0 18,18 12,0x1C545 0x1C544,52 CB,CA C5,0x1C320 0x1C320,0x29 0x29,0x1DA 0x1DB,e2f0d9
0x985C 0x985D,211,문자,177,너,0x985C~0x985D,0 1,F0 B1,50 25,0x1C543 0x1C542,A4 66,04 DA,0x1C320 0x1C320,0x29 0x29,0x1DC 0x1DD,e9ae2b
0x985E 0x985F,212,문자,178,・,0x985E~0x985F,0 1,40 18,60 12,0x1C541 0x1C540,F6 CF,16 C9,0x1C320 0x1C320,0x29 0x29,0x1DE 0x1DF,e2f0d9
0x9860 0x9861,213,문자,179,・,0x9860~0x9861,0 1,30 19,60 12,0x1C53F 0x1C53E,E8 D2,18 CB,0x1C320 0x1C320,0x29 0x29,0x1E0 0x1E1,e2f0d9
0x9863,214,문자,180,・,0x9862~0x9863,1,18,12,0x1C53C,D3,CD,0x1C320,0x29,0x1E3,e2f0d9
0x9864 0x9865,215,문자,181,！,0x9864~0x9865,0 1,40 18,A0 12,0x1C53B 0x1C53A,FC D5,5C CF,0x1C320 0x1C320,0x29 0x29,0x1E4 0x1E5,e2f0d9
0x9866 0x9867 0x9868,216,제어,,,0x9866~0x9868,0 1 2,60 18 90,19 00 7B,0x1C539 0x1C538 0x1C537,1E D7 50,D7 BF 3B,0x1C320 0x1C320 0x1C320,0x29 0x29 0x29,0x1E6 0x1E7 0x1E8,fce4d6
0x9869 0x986A,217,제어,,,0x9869~0x986A,0 1,5C C0,15 00,0x1C536 0x1C535,1D 82,D6 C2,0x1C320 0x1C320,0x29 0x29,0x1E9 0x1EA,fce4d6
0x986B 0x986C,218,제어,,,0x986B~0x986C,0 1,FC 70,17 00,0x1C534 0x1C533,BF 34,DA C4,0x1C320 0x1C320,0x29 0x29,0x1EB 0x1EC,fce4d6
0x986D 0x986F,219,제어,,,0x986D~0x986F,0 2,28 BB,1A 04,0x1C532 0x1C530,ED 82,DF CB,0x1C320 0x1C320,0x29 0x29,0x1ED 0x1EF,fce4d6
0x9870 0x9871,220,제어,,,0x9870~0x9871,0 1,10 E5,16 00,0x1C52F 0x1C52E,D8 AE,DE C9,0x1C320 0x1C320,0x29 0x29,0x1F0 0x1F1,fce4d6
0x9872 0x9873,221,문자,182,모,0x9872~0x9873,0 1,30 28,A0 35,0x1C52D 0x1C52C,FA F3,6A 00,0x1C320 0x1C320,0x29 0x29,0x1F2 0x1F3,e9ae2b
0x9874 0x9875,222,문자,183,른,0x9874~0x9875,0 1,F0 19,40 34,0x1C52B 0x1C52A,BC E6,0C 01,0x1C320 0x1C320,0x29 0x29,0x1F4 0x1F5,e9ae2b
0x9876 0x9877,223,문자,184,␠,0x9876~0x9877,0 1,A0 A0,18 12,0x1C529 0x1C528,6E 6F,E6 E1,0x1C320 0x1C320,0x29 0x29,0x1F6 0x1F7,e2f0d9
0x9878 0x9879,224,문자,185,척,0x9878~0x9879,0 1,50 FC,10 E1,0x1C527 0x1C526,20 CD,E0 B2,0x1C320 0x1C320,0x29 0x29,0x1F8 0x1F9,e9ae2b
0x987A 0x987B,225,문자,186,␠,0x987A~0x987B,0 1,12 00,18 12,0x1C525 0x1C524,E4 D3,EA E5,0x1C320 0x1C320,0x29 0x29,0x1FA 0x1FB,e2f0d9
0x987C 0x987D,226,문자,187,굴,0x987C~0x987D,0 1,23 00,30 21,0x1C523 0x1C522,F7 D5,04 F6,0x1C320 0x1C320,0x29 0x29,0x1FC 0x1FD,e9ae2b
0x987E 0x987F,227,문자,188,지,0x987E~0x987F,0 1,60 12,10 E0,0x1C521 0x1C520,36 EA,E6 B8,0x1C320 0x1C320,0x29 0x29,0x1FE 0x1FF,e9ae2b
0x9880,228,문자,189,␠,0x9880~0x9881,0,60,18,0x1C51F,39,F1,0x1C320,0x29,0x200,e2f0d9
0x9882 0x9883,229,문자,190,마,0x9882~0x9883,0 1,60 12,B0 34,0x1C51D 0x1C51C,3B EE,8B 10,0x1C320 0x1C320,0x29 0x29,0x202 0x203,e9ae2b
0x9884 0x9885,230,문자,191,！,0x9884~0x9885,0 1,12 00,A0 12,0x1C51B 0x1C51A,EF DE,7D F0,0x1C320 0x1C320,0x29 0x29,0x204 0x205,e2f0d9
0x9886 0x9887,231,문자,192,␠,0x9886~0x9887,0 1,21 00,18 12,0x1C519 0x1C518,00 E0,F7 F2,0x1C320 0x1C320,0x29 0x29,0x206 0x207,e2f0d9
0x9888 0x9889,232,문자,193,서,0x9888~0x9889,0 1,00 A7,50 3D,0x1C517 0x1C516,E1 89,31 1F,0x1C320 0x1C320,0x29 0x29,0x208 0x209,e9ae2b
0x988A 0x988B,233,문자,194,로,0x988A~0x988B,0 1,70 F0,D0 31,0x1C515 0x1C514,53 D4,B3 15,0x1C320 0x1C320,0x29 0x29,0x20A 0x20B,e9ae2b
0x988C 0x988D,234,문자,195,␠,0x988C~0x988D,0 1,F0 28,18 12,0x1C513 0x1C512,D5 0E,FD F8,0x1C320 0x1C320,0x29 0x29,0x20C 0x20D,e2f0d9
0x988E 0x988F,235,문자,196,적,0x988E~0x988F,0 1,70 28,A0 DF,0x1C511 0x1C510,57 10,87 C7,0x1C320 0x1C320,0x29 0x29,0x20E 0x20F,e9ae2b
0x9890 0x9891,236,문자,197,이,0x9890~0x9891,0 1,D0 18,90 DE,0x1C50F 0x1C50E,B9 02,79 C8,0x1C320 0x1C320,0x29 0x29,0x210 0x211,e9ae2b
0x9892 0x9893,237,문자,198,␠,0x9892~0x9893,0 1,60 28,18 12,0x1C50D 0x1C50C,4B 14,03 FE,0x1C320 0x1C320,0x29 0x29,0x212 0x213,e2f0d9
0x9894 0x9895,238,문자,199,되,0x9894~0x9895,0 1,B0 38,80 2E,0x1C50B 0x1C50A,9D 26,6D 1C,0x1C320 0x1C320,0x29 0x29,0x214 0x215,e9ae2b
0x9896 0x9897,239,문자,200,어,0x9896~0x9897,0 1,30 39,00 70,0x1C509 0x1C508,1F 29,EF 60,0x1C320 0x1C320,0x29 0x29,0x216 0x217,e9ae2b
0x9898 0x9899,240,문자,201,␠,0x9898~0x9899,0 1,70 28,18 12,0x1C507 0x1C506,61 1A,09 04,0x1C320 0x1C320,0x29 0x29,0x218 0x219,e2f0d9
0x989A 0x989B,241,문자,202,마,0x989A~0x989B,0 1,70 19,B0 34,0x1C505 0x1C504,63 0D,A3 28,0x1C320 0x1C320,0x29 0x29,0x21A 0x21B,e9ae2b
0x989C 0x989D,242,문자,203,주,0x989C~0x989D,0 1,70 38,F0 F5,0x1C503 0x1C502,65 2E,E5 EB,0x1C320 0x1C320,0x29 0x29,0x21C 0x21D,e9ae2b
0x989E 0x989F,243,문자,204,친,0x989E~0x989F,0 1,60 18,B0 E1,0x1C501 0x1C500,57 10,A7 D9,0x1C320 0x1C320,0x29 0x29,0x21E 0x21F,e9ae2b
0x98A0 0x98A1,244,문자,205,␠,0x98A0~0x98A1,0 1,D0 28,18 12,0x1C4FF 0x1C4FE,C9 22,11 0C,0x1C320 0x1C320,0x29 0x29,0x220 0x221,e2f0d9
0x98A2 0x98A3,245,문자,206,이,0x98A2~0x98A3,0 1,30 12,90 DE,0x1C4FD 0x1C4FC,2B 0E,8B DA,0x1C320 0x1C320,0x29 0x29,0x222 0x223,e9ae2b
0x98A4 0x98A5,246,문자,207,상,0x98A4~0x98A5,0 1,19 00,20 3D,0x1C4FB 0x1C4FA,16 FE,1D 3B,0x1C320 0x1C320,0x29 0x29,0x224 0x225,e9ae2b
0x98A6 0x98A7 0x98A8 0x98A9,247,제어,,,0x98A6~0x98A9,0 1 2 3,79 15 00 17,12 00 23 00,0x1C4F9 0x1C4F8 0x1C4F7 0x1C4F6,78 15 01 19,11 00 24 02,0x1C320 0x1C320 0x1C320 0x1C320,0x29 0x29 0x29 0x29,0x226 0x227 0x228 0x229,fce4d6
0x98AA 0x98AB,248,문자,208,・,0x98AA~0x98AB,0 1,00 1A,60 12,0x1C4F5 0x1C4F4,03 1E,63 16,0x1C320 0x1C320,0x29 0x29,0x22A 0x22B,e2f0d9
0x98AC 0x98AD,249,문자,209,・,0x98AC~0x98AD,0 1,00 04,60 12,0x1C4F3 0x1C4F2,05 0A,65 18,0x1C320 0x1C320,0x29 0x29,0x22C 0x22D,e2f0d9
0x98AE 0x98AF,250,문자,210,・,0x98AE~0x98AF,0 1,16 00,60 12,0x1C4F1 0x1C4F0,1D 08,67 1A,0x1C320 0x1C320,0x29 0x29,0x22E 0x22F,e2f0d9
0x98B0 0x98B1 0x98B2 0x98B3,251,제어,,,0x98B0~0x98B3,0 1 2 3,E0 29 30 28,12 00 21 00,0x1C4EF 0x1C4EE 0x1C4ED 0x1C4EC,E9 33 3B 34,1B 0A 2C 0C,0x1C320 0x1C320 0x1C320 0x1C320,0x29 0x29 0x29 0x29,0x230 0x231 0x232 0x233,fce4d6
0x98B4 0x98B5,252,문자,211,␠,0x98B4~0x98B5,0 1,60 28,18 12,0x1C4EB 0x1C4EA,6D 36,25 20,0x1C320 0x1C320,0x29 0x29,0x234 0x235,e2f0d9
0x98B6 0x98B7,253,문자,212,각,0x98B6~0x98B7,0 1,12 00,B0 17,0x1C4E9 0x1C4E8,21 10,BF 27,0x1C320 0x1C320,0x29 0x29,0x236 0x237,e9ae2b
0x98B8 0x98B9,254,문자,213,오,0x98B8~0x98B9,0 1,23 21,B0 9F,0x1C4E7 0x1C4E6,34 33,C1 B1,0x1C320 0x1C320,0x29 0x29,0x238 0x239,e9ae2b
0x98BA 0x98BB,255,문자,214,는,0x98BA~0x98BB,0 1,00 A0,E0 25,0x1C4E5 0x1C4E4,13 B4,F3 39,0x1C320 0x1C320,0x29 0x29,0x23A 0x23B,e9ae2b
0x98BC 0x98BD,256,문자,215,␠,0x98BC~0x98BD,0 1,12 90,18 12,0x1C4E3 0x1C4E2,27 A6,2D 28,0x1C320 0x1C320,0x29 0x29,0x23C 0x23D,e2f0d9
0x98BE 0x98BF,257,문자,216,되,0x98BE~0x98BF,0 1,28 60,80 2E,0x1C4E1 0x1C4E0,3F 78,97 46,0x1C320 0x1C320,0x29 0x29,0x23E 0x23F,e9ae2b
0x98C0,258,문자,217,어,0x98C0~0x98C1,0,18,00,0x1C4DF,31,19,0x1C320,0x29,0x240,e9ae2b
0x98C2 0x98C3,259,문자,218,␠,0x98C2~0x98C3,0 1,19 60,18 12,0x1C4DD 0x1C4DC,34 7C,33 2E,0x1C320 0x1C320,0x29 0x29,0x242 0x243,e2f0d9
0x98C4 0x98C5,260,문자,219,있,0x98C4~0x98C5,0 1,28 60,F0 DE,0x1C4DB 0x1C4DA,45 7E,0D FC,0x1C320 0x1C320,0x29 0x29,0x244 0x245,e9ae2b
0x98C6 0x98C7,261,문자,220,겠,0x98C6~0x98C7,0 1,12 60,10 20,0x1C4D9 0x1C4D8,31 80,2F 40,0x1C320 0x1C320,0x29 0x29,0x246 0x247,e9ae2b
0x98C8 0x98C9,262,문자,221,지,0x98C8~0x98C9,0 1,12 60,10 E0,0x1C4D7 0x1C4D6,33 82,31 02,0x1C320 0x1C320,0x29 0x29,0x248 0x249,e9ae2b
0x98CA 0x98CB,263,문자,222,？,0x98CA~0x98CB,0 1,12 A0,90 12,0x1C4D5 0x1C4D4,35 C4,B3 36,0x1C320 0x1C320,0x29 0x29,0x24A 0x24B,e2f0d9
0x98CC 0x98CD 0x98CE,264,제어,,,0x98CC~0x98CE,0 1 2,12 90 12,19 00 79,0x1C4D3 0x1C4D2 0x1C4D1,37 B6 39,3E 26 A0,0x1C320 0x1C320 0x1C320,0x29 0x29 0x29,0x24C 0x24D 0x24E,fce4d6
0x98CF,265,제어,,,0x98CF~0x98D0,0,19,15,0x1C4D0,41,3D,0x1C320,0x29,0x24F,fce4d6
0x98D1 0x98D2,266,제어,,,0x98D1~0x98D2,0 1,7C 17,17 00,0x1C4CE 0x1C4CD,A6 42,41 2B,0x1C320 0x1C320,0x29 0x29,0x251 0x252,fce4d6
0x98D3 0x98D4 0x98D5,267,제어,,,0x98D3~0x98D5,0 1 2,00 15 00,1A 00 04,0x1C4CC 0x1C4CB 0x1C4CA,2C 42 2E,46 2D 32,0x1C320 0x1C320 0x1C320,0x29 0x29 0x29,0x253 0x254 0x255,fce4d6
0x98D6,268,제어,,,0x98D6~0x98D7,0,14,16,0x1C4C9,43,45,0x1C320,0x29,0x256,fce4d6
0x98D8 0x98D9,269,문자,223,기,0x98D8~0x98D9,0 1,01 40,B0 21,0x1C4C7 0x1C4C6,32 72,E1 53,0x1C320 0x1C320,0x29 0x29,0x258 0x259,e9ae2b
0x98DA 0x98DB,270,문자,224,다,0x98DA~0x98DB,0 1,50 80,C0 27,0x1C4C5 0x1C4C4,83 B4,F3 5B,0x1C320 0x1C320,0x29 0x29,0x25A 0x25B,e9ae2b
0x98DC 0x98DD,271,문자,225,려,0x98DC~0x98DD,0 1,1A 00,B0 31,0x1C4C3 0x1C4C2,4F 36,E5 67,0x1C320 0x1C320,0x29 0x29,0x25C 0x25D,e9ae2b
0x98DE 0x98DF 0x98E0 0x98E1,272,제어,,,0x98DE~0x98E2,0 1 2 3,04 16 00 14,12 00 23 21,0x1C4C1 0x1C4C0 0x1C4BF 0x1C4BE,3B 4E 39 4E,49 38 5C 5B,0x1C320 0x1C320 0x1C320 0x1C320,0x29 0x29 0x29 0x29,0x25E 0x25F 0x260 0x261,fce4d6
0x98E3 0x98E4,273,문자,226,！,0x98E3~0x98E4,0 1,05 47,A0 12,0x1C4BC 0x1C4BB,41 84,DC 4F,0x1C320 0x1C320,0x29 0x29,0x263 0x264,e2f0d9
0x98E5 0x98E6,274,문자,227,␠,0x98E5~0x98E6,0 1,40 80,18 12,0x1C4BA 0x1C4B9,7E BF,56 51,0x1C320 0x1C320,0x29 0x29,0x265 0x266,e2f0d9
0x98E7 0x98E8,275,문자,228,왜,0x98E7~0x98E8,0 1,14 00,F0 C5,0x1C4B8 0x1C4B7,54 41,30 06,0x1C320 0x1C320,0x29 0x29,0x267 0x268,e9ae2b
0x98E9 0x98EA,276,문자,229,␠,0x98E9~0x98EA,0 1,05 57,18 12,0x1C4B6 0x1C4B5,47 9A,5A 55,0x1C320 0x1C320,0x29 0x29,0x269 0x26A,e2f0d9
0x98EB 0x98EC,277,문자,230,이,0x98EB~0x98EC,0 1,50 80,90 DE,0x1C4B4 0x1C4B3,94 C5,D4 23,0x1C320 0x1C320,0x29 0x29,0x26B 0x26C,e9ae2b
0x98EE,278,문자,231,러,0x98ED~0x98EE,1,D8,31,0x1C4B1,1F,78,0x1C320,0x29,0x26E,e9ae2b
0x98EF 0x98F0,279,문자,232,는,0x98EF~0x98F0,0 1,A0 CB,E0 25,0x1C4B0 0x1C4AF,E8 14,28 6E,0x1C320 0x1C320,0x29 0x29,0x26F 0x270,e9ae2b
0x98F1 0x98F2,280,문자,233,␠,0x98F1~0x98F2,0 1,50 59,18 12,0x1C4AE 0x1C4AD,9A A4,62 5D,0x1C320 0x1C320,0x29 0x29,0x271 0x272,e2f0d9
0x98F3 0x98F4,281,문자,234,거,0x98F3~0x98F4,0 1,10 9B,90 1D,0x1C4AC 0x1C4AB,5C E8,DC 6A,0x1C320 0x1C320,0x29 0x29,0x273 0x274,e9ae2b
0x98F5 0x98F6,282,문자,235,야,0x98F5~0x98F6,0 1,80 38,00 6C,0x1C4AA 0x1C4A9,CE 87,4E BB,0x1C320 0x1C320,0x29 0x29,0x275 0x276,e9ae2b
0x98F7,283,문자,236,・,0x98F7~0x98F8,0,A0,60,0x1C4A8,F0,B0,0x1C320,0x29,0x277,e2f0d9
0x98F9 0x98FA,284,문자,237,・,0x98F9~0x98FA,0 1,50 19,60 12,0x1C4A6 0x1C4A5,A2 6C,B2 65,0x1C320 0x1C320,0x29 0x29,0x279 0x27A,e2f0d9
0x98FB 0x98FC,285,문자,238,・,0x98FB~0x98FC,0 1,20 18,60 12,0x1C4A4 0x1C4A3,74 6D,B4 67,0x1C320 0x1C320,0x29 0x29,0x27B 0x27C,e2f0d9
0x98FD,286,문자,239,！,0x98FD~0x98FE,0,20,A0,0x1C4A2,76,F6,0x1C320,0x29,0x27D,e2f0d9
0x98FF 0x9900,287,문자,240,？,0x98FF~0x9900,0 1,B0 18,90 12,0x1C4A0 0x1C49F,08 71,E8 6B,0x1C320 0x1C320,0x29 0x29,0x27F 0x280,e2f0d9
0x9901 0x9902 0x9903,288,제어,,,0x9901~0x9903,0 1 2,B0 18 30,19 00 7C,0x1C49E 0x1C49D 0x1C49C,0A 73 8C,73 5B D8,0x1C320 0x1C320 0x1C320,0x29 0x29 0x29,0x281 0x282 0x283,fce4d6
0x9904 0x9905,289,제어,,,0x9904~0x9905,0 1,28 60,17 00,0x1C49B 0x1C49A,85 BE,74 5E,0x1C320 0x1C320,0x29 0x29,0x284 0x285,fce4d6
0x9906 0x9907,290,제어,,,0x9906~0x9907,0 1,28 90,15 00,0x1C499 0x1C498,87 F0,74 60,0x1C320 0x1C320,0x29 0x29,0x286 0x287,fce4d6
0x9908 0x9909 0x990A 0x990B 0x990C 0x990D,291,제어,,,0x9908~0x990D,0 1 2 3 4 5,38 30 28 70 19 30,14 00 01 40 50 80,0x1C497 0x1C496 0x1C495 0x1C494 0x1C493 0x1C492,99 92 8B D4 7E 96,75 62 64 A4 B5 E6,0x1C320 0x1C320 0x1C320 0x1C320 0x1C320 0x1C320,0x29 0x29 0x29 0x29 0x29 0x29,0x288 0x289 0x28A 0x28B 0x28C 0x28D,fce4d6
0x990E 0x990F 0x9910,292,제어,,,0x990E~0x9910,0 1 2,38 40 18,1A 00 04,0x1C491 0x1C490 0x1C48F,9F A8 81,81 68 6D,0x1C320 0x1C320 0x1C320,0x29 0x29 0x29,0x28E 0x28F 0x290,fce4d6
0x9911 0x9912,293,제어,,,0x9911~0x9912,0 1,A0 12,16 00,0x1C48E 0x1C48D,0A 7D,80 6B,0x1C320 0x1C320,0x29 0x29,0x291 0x292,fce4d6
0x9913 0x9915 0x9916 0x9917 0x9918,294,제어,,,0x9913~0x9918,0 2 3 4 5,19 79 15 00 17,14 05 47 40 80,0x1C48C 0x1C48A 0x1C489 0x1C488 0x1C487,85 E7 84 70 88,80 73 B6 B0 F1,0x1C320 0x1C320 0x1C320 0x1C320 0x1C320,0x29 0x29 0x29 0x29 0x29,0x293 0x295 0x296 0x297 0x298,fce4d6
0x9919 0x991A 0x991B 0x991C 0x991D 0x991E,295,제어,,,0x9919~0x991E,0 1 2 3 4 5,00 14 00 01 44 55,14 00 05 57 50 80,0x1C486 0x1C485 0x1C484 0x1C483 0x1C482 0x1C481,72 87 74 76 BA CC,86 73 79 CC C6 F7,0x1C320 0x1C320 0x1C320 0x1C320 0x1C320 0x1C320,0x29 0x29 0x29 0x29 0x29 0x29,0x299 0x29A 0x29B 0x29C 0x29D 0x29E,fce4d6
0x991F 0x9920,296,문자,241,더,0x991F~0x9920,0 1,80 1A,C0 2D,0x1C480 0x1C47F,F8 93,38 A6,0x1C320 0x1C320,0x29 0x29,0x29F 0x2A0,e9ae2b
0x9921 0x9922,297,문자,242,␠,0x9921~0x9922,0 1,00 04,18 12,0x1C47E 0x1C47D,7A 7F,92 8D,0x1C320 0x1C320,0x29 0x29,0x2A1 0x2A2,e2f0d9
0x9923 0x9924,298,문자,243,말,0x9923~0x9924,0 1,16 00,F0 34,0x1C47C 0x1C47B,92 7D,6C B1,0x1C320 0x1C320,0x29 0x29,0x2A3 0x2A4,e9ae2b
0x9925 0x9926,299,문자,244,해,0x9925~0x9926,0 1,40 38,B0 E3,0x1C47A 0x1C479,BE B7,2E 62,0x1C320 0x1C320,0x29 0x29,0x2A5 0x2A6,e9ae2b
0x9927 0x9928,300,문자,245,봤,0x9927~0x9928,0 1,10 38,F0 3B,0x1C478 0x1C477,90 B9,70 BC,0x1C320 0x1C320,0x29 0x29,0x2A7 0x2A8,e9ae2b
0x9929 0x992A,301,문자,246,자,0x9929~0x992A,0 1,60 28,00 DF,0x1C476 0x1C475,E2 AB,82 62,0x1C320 0x1C320,0x29 0x29,0x2A9 0x2AA,e9ae2b
0x992B 0x992C,302,문자,247,␠,0x992B~0x992C,0 1,F0 DC,18 12,0x1C474 0x1C473,74 61,9C 97,0x1C320 0x1C320,0x29 0x29,0x2AB 0x2AC,e2f0d9
0x992D 0x992E,303,문자,248,입,0x992D~0x992E,0 1,20 B7,E0 DE,0x1C472 0x1C471,A6 3E,66 65,0x1C320 0x1C320,0x29 0x29,0x2AD 0x2AE,e9ae2b
0x992F 0x9930,304,문자,249,만,0x992F~0x9930,0 1,12 00,D0 34,0x1C470 0x1C46F,9A 89,58 BD,0x1C320 0x1C320,0x29 0x29,0x2AF 0x2B0,e9ae2b
0x9931 0x9932,305,문자,250,␠,0x9931~0x9932,0 1,23 21,18 12,0x1C46E 0x1C46D,AD AC,A2 9D,0x1C320 0x1C320,0x29 0x29,0x2B1 0x2B2,e2f0d9
0x9934,306,문자,251,아,0x9933~0x9934,1,A0,56,0x1C46B,2D,E3,0x1C320,0x29,0x2B4,e9ae2b
0x9935 0x9936,307,문자,252,플,0x9935~0x9936,0 1,12 20,20 E3,0x1C46A 0x1C469,A0 AF,AE 72,0x1C320 0x1C320,0x29 0x29,0x2B5 0x2B6,e9ae2b
0x9938,308,문자,253,␠,0x9937~0x9938,1,A0,12,0x1C467,31,A3,0x1C320,0x29,0x2B8,e2f0d9
0x9939 0x993A,309,문자,254,뿐,0x9939~0x993A,0 1,28 F0,90 3C,0x1C466 0x1C465,BA 83,22 CF,0x1C320 0x1C320,0x29 0x29,0x2B9 0x2BA,e9ae2b
0x993B 0x993C,310,문자,255,이,0x993B~0x993C,0 1,19 80,90 DE,0x1C464 0x1C463,AD 15,24 73,0x1C320 0x1C320,0x29 0x29,0x2BB 0x2BC,e9ae2b
0x993D 0x993E,311,문자,256,야,0x993D~0x993E,0 1,28 F0,00 6C,0x1C462 0x1C461,BE 87,96 03,0x1C320 0x1C320,0x29 0x29,0x2BD 0x2BE,e9ae2b
0x993F 0x9940,312,문자,257,！,0x993F~0x9940,0 1,C0 60,A0 12,0x1C460 0x1C45F,58 F9,38 AB,0x1C320 0x1C320,0x29 0x29,0x2BF 0x2C0,e2f0d9
0x9942,313,문자,258,␠,0x9941~0x9942,1,D0,12,0x1C45D,6B,AD,0x1C320,0x29,0x2C2,e2f0d9
0x9943 0x9944,314,문자,259,자,0x9943~0x9944,0 1,DB 30,00 DF,0x1C45C 0x1C45B,77 CD,9C 7C,0x1C320 0x1C320,0x29 0x29,0x2C3 0x2C4,e9ae2b
0x9945 0x9946,315,문자,260,아,0x9945~0x9946,0 1,5B A0,00 56,0x1C45A 0x1C459,F9 3F,9E F5,0x1C320 0x1C320,0x29 0x29,0x2C5 0x2C6,e9ae2b
0x9947 0x9948,316,문자,261,、,0x9947~0x9948,0 1,28 30,20 12,0x1C458 0x1C457,C8 D1,C0 B3,0x1C320 0x1C320,0x29 0x29,0x2C7 0x2C8,e2f0d9
0x9949 0x994A,317,문자,262,어,0x9949~0x994A,0 1,39 60,00 70,0x1C456 0x1C455,DB 03,A2 13,0x1C320 0x1C320,0x29 0x29,0x2C9 0x2CA,e9ae2b
0x994B 0x994C,318,문자,263,서,0x994B~0x994C,0 1,28 A0,50 3D,0x1C454 0x1C453,CC 45,F4 E2,0x1C320 0x1C320,0x29 0x29,0x2CB 0x2CC,e9ae2b
0x994D 0x994E,319,문자,264,␠,0x994D~0x994E,0 1,28 40,18 12,0x1C452 0x1C451,CE E7,BE B9,0x1C320 0x1C320,0x29 0x29,0x2CD 0x2CE,e2f0d9
0x994F 0x9950,320,문자,265,덤,0x994F~0x9950,0 1,18 F0,E0 2D,0x1C450 0x1C44F,C0 99,88 D6,0x1C320 0x1C320,0x29 0x29,0x2CF 0x2D0,e9ae2b
0x9951 0x9952,321,문자,266,벼,0x9951~0x9952,0 1,38 30,A0 3B,0x1C44E 0x1C44D,E2 DB,4A E6,0x1C320 0x1C320,0x29 0x29,0x2D1 0x2D2,e9ae2b
0x9953 0x9954,322,문자,267,봐,0x9953~0x9954,0 1,28 A0,E0 3B,0x1C44C 0x1C44B,D4 4D,8C E8,0x1C320 0x1C320,0x29 0x29,0x2D3 0x2D4,e9ae2b
0x9955 0x9956,323,문자,268,！,0x9955~0x9956,0 1,12 19,A0 12,0x1C44A 0x1C449,C0 C8,4E C1,0x1C320 0x1C320,0x29 0x29,0x2D5 0x2D6,e2f0d9
0x9957 0x9958 0x9959,324,제어,,,0x9957~0x9959,0 1 2,00 7C 15,19 00 79,0x1C448 0x1C447 0x1C446,B0 2D C7,C9 B1 2B,0x1C320 0x1C320 0x1C320,0x29 0x29 0x29,0x2D7 0x2D8 0x2D9,fce4d6
0x995A 0x995B,325,제어,,,0x995A~0x995B,0 1,00 17,15 00,0x1C445 0x1C444,B3 CB,C8 B4,0x1C320 0x1C320,0x29 0x29,0x2DA 0x2DB,fce4d6
0x995C 0x995D,326,제어,,,0x995C~0x995D,0 1,00 14,17 00,0x1C443 0x1C442,B5 CA,CC B6,0x1C320 0x1C320,0x29 0x29,0x2DC 0x2DD,fce4d6
0x995E 0x995F 0x9960 0x9961 0x9962 0x9963,327,제어,,,0x995E~0x9963,0 1 2 3 4 5,00 01 40 50 80 1A,14 00 01 44 55 80,0x1C441 0x1C440 0x1C43F 0x1C43E 0x1C43D 0x1C43C,B7 B9 F9 0A 3B D6,CB B8 BA FE 10 3C,0x1C320 0x1C320 0x1C320 0x1C320 0x1C320 0x1C320,0x29 0x29 0x29 0x29 0x29 0x29,0x2DE 0x2DF 0x2E0 0x2E1 0x2E2 0x2E3,fce4d6
0x9964 0x9965 0x9966,328,제어,,,0x9964~0x9966,0 1 2,00 04 16,1A 00 04,0x1C43B 0x1C43A 0x1C439,BD C2 D5,D7 BE C3,0x1C320 0x1C320 0x1C320,0x29 0x29 0x29,0x2E4 0x2E5 0x2E6,fce4d6
0x9967 0x9968,329,제어,,,0x9967~0x9968,0 1,00 D0,16 00,0x1C438 0x1C437,C0 91,D6 C1,0x1C320 0x1C320,0x29 0x29,0x2E7 0x2E8,fce4d6
0x9969 0x996A,330,문자,269,그,0x9969~0x996A,0 1,19 40,50 21,0x1C436 0x1C435,DB 03,12 E4,0x1C320 0x1C320,0x29 0x29,0x2E9 0x2EA,e9ae2b
0x996B 0x996C,331,문자,270,만,0x996B~0x996C,0 1,28 10,D0 34,0x1C434 0x1C433,EC D5,94 F9,0x1C320 0x1C320,0x29 0x29,0x2EB 0x2EC,e9ae2b
0x996D 0x996E,332,문자,271,둬,0x996D~0x996E,0 1,28 B0,F0 2E,0x1C432 0x1C431,EE 77,B6 F5,0x1C320 0x1C320,0x29 0x29,0x2ED 0x2EE,e9ae2b
0x996F 0x9970,333,문자,272,、,0x996F~0x9970,0 1,28 F0,20 12,0x1C430 0x1C42F,F0 B9,E8 DB,0x1C320 0x1C320,0x29 0x29,0x2EF 0x2F0,e2f0d9
0x9971 0x9972,334,문자,273,레,0x9971~0x9972,0 1,28 A0,A0 31,0x1C42E 0x1C42D,F2 6B,6A FC,0x1C320 0x1C320,0x29 0x29,0x2F1 0x2F2,e9ae2b
0x9973 0x9974,335,문자,274,이,0x9973~0x9974,0 1,28 F0,90 DE,0x1C42C 0x1C42B,F4 BD,5C AB,0x1C320 0x1C320,0x29 0x29,0x2F3 0x2F4,e9ae2b
0x9975 0x9976,336,문자,275,코,0x9975~0x9976,0 1,18 60,10 E2,0x1C42A 0x1C429,E6 2F,DE B1,0x1C320 0x1C320,0x29 0x29,0x2F5 0x2F6,e9ae2b
0x9977 0x9978 0x9979 0x997A,337,제어,,,0x9977~0x997B,0 1 2 3,28 20 38 12,12 00 23 21,0x1C428 0x1C427 0x1C426 0x1C425,F8 F1 0A E5,E2 D1 F5 F4,0x1C320 0x1C320 0x1C320 0x1C320,0x29 0x29 0x29 0x29,0x2F7 0x2F8 0x2F9 0x2FA,fce4d6
0x997C 0x997D,338,문자,276,！,0x997C~0x997D,0 1,23 21,A0 12,0x1C423 0x1C422,F8 F7,75 E8,0x1C320 0x1C320,0x29 0x29,0x2FC 0x2FD,e2f0d9
0x997E 0x997F,339,문자,277,␠,0x997E~0x997F,0 1,00 30,18 12,0x1C421 0x1C420,D7 09,EF EB,0x1C320 0x1C320,0x29 0x29,0x2FE 0x2FF,e2f0d9
0x9980 0x9981,340,문자,278,난,0x9980~0x9981,0 1,19 30,C0 24,0x1C41F 0x1C41E,F3 0B,9A FF,0x1C320 0x1C320,0x29 0x29,0x300 0x301,e9ae2b
0x9982 0x9983,341,문자,279,␠,0x9982~0x9983,0 1,28 10,18 12,0x1C41D 0x1C41C,04 ED,F4 EF,0x1C320 0x1C320,0x29 0x29,0x302 0x303,e2f0d9
0x9984 0x9985,342,문자,280,너,0x9984~0x9985,0 1,28 B0,50 25,0x1C41B 0x1C41A,06 8F,2E 04,0x1C320 0x1C320,0x29 0x29,0x304 0x305,e9ae2b
0x9986 0x9987,343,문자,281,와,0x9986~0x9987,0 1,28 F0,E0 9F,0x1C419 0x1C418,08 D1,C0 80,0x1C320 0x1C320,0x29 0x29,0x306 0x307,e9ae2b
0x9988 0x9989,344,문자,282,␠,0x9988~0x9989,0 1,28 20,18 12,0x1C417 0x1C416,0A 03,FA F5,0x1C320 0x1C320,0x29 0x29,0x308 0x309,e2f0d9
0x998A 0x998B,345,문자,283,싸,0x998A~0x998B,0 1,18 B0,00 46,0x1C415 0x1C414,FC 95,E4 2B,0x1C320 0x1C320,0x29 0x29,0x30A 0x30B,e9ae2b
0x998C 0x998D,346,문자,284,우,0x998C~0x998D,0 1,38 E0,F0 CD,0x1C413 0x1C412,1E C7,D6 B4,0x1C320 0x1C320,0x29 0x29,0x30C 0x30D,e9ae2b
0x998E 0x998F,347,문자,285,고,0x998E~0x998F,0 1,28 80,80 20,0x1C411 0x1C410,10 69,68 09,0x1C320 0x1C320,0x29 0x29,0x30E 0x30F,e9ae2b
0x9990 0x9991,348,문자,286,␠,0x9990~0x9991,0 1,38 30,18 12,0x1C40F 0x1C40E,22 1B,02 FD,0x1C320 0x1C320,0x29 0x29,0x310 0x311,e2f0d9
0x9992 0x9993,349,문자,287,싶,0x9992~0x9993,0 1,12 40,00 44,0x1C40D 0x1C40C,FE 2D,EC 31,0x1C320 0x1C320,0x29 0x29,0x312 0x313,e9ae2b
0x9994,350,문자,288,지,0x9994~0x9995,0,F6,10,0x1C40B,E4,FE,0x1C320,0x29,0x314,e9ae2b
0x9996 0x9997,351,문자,289,␠,0x9996~0x9997,0 1,28 20,18 12,0x1C409 0x1C408,18 11,08 03,0x1C320 0x1C320,0x29 0x29,0x316 0x317,e2f0d9
0x9998 0x9999,352,문자,290,않,0x9998~0x9999,0 1,D9 C0,00 5E,0x1C407 0x1C406,CB B3,F2 51,0x1C320 0x1C320,0x29 0x29,0x318 0x319,e9ae2b
0x999A 0x999B,353,문자,291,아,0x999A~0x999B,0 1,99 F0,00 56,0x1C405 0x1C404,8D E5,F4 4B,0x1C320 0x1C320,0x29 0x29,0x31A 0x31B,e9ae2b
0x999C 0x999D,354,문자,292,！,0x999C~0x999D,0 1,28 D0,A0 12,0x1C403 0x1C402,1E C7,96 09,0x1C320 0x1C320,0x29 0x29,0x31C 0x31D,e2f0d9
0x999E 0x999F 0x99A0,355,제어,,,0x999E~0x99A0,0 1 2,28 20 12,19 00 7C,0x1C401 0x1C400 0x1C3FF,20 19 0C,11 F9 76,0x1C320 0x1C320 0x1C320,0x29 0x29 0x29,0x31E 0x31F 0x320,fce4d6
0x99A1 0x99A2,356,제어,,,0x99A1~0x99A2,0 1,20 18,15 00,0x1C3FE 0x1C3FD,1B 14,10 FC,0x1C320 0x1C320,0x29 0x29,0x321 0x322,fce4d6
0x99A3 0x99A4,357,제어,,,0x99A3~0x99A4,0 1,A0 28,17 00,0x1C3FC 0x1C3FB,9D 26,14 FE,0x1C320 0x1C320,0x29 0x29,0x323 0x324,fce4d6
0x99A5 0x99A6 0x99A7 0x99A8 0x99A9 0x99AA,358,제어,,,0x99A5~0x99AA,0 1 2 3 4 5,F0 19 C0 18 40 3B,14 00 01 40 50 80,0x1C3FA 0x1C3F9 0x1C3F8 0x1C3F7 0x1C3F6 0x1C3F5,EF 19 C1 1A 43 3F,13 00 02 42 53 84,0x1C320 0x1C320 0x1C320 0x1C320 0x1C320 0x1C320,0x29 0x29 0x29 0x29 0x29 0x29,0x325 0x326 0x327 0x328 0x329 0x32A,fce4d6
0x99AB 0x99AC 0x99AD,359,제어,,,0x99AB~0x99AD,0 1 2,70 1A B0,1A 00 04,0x1C3F4 0x1C3F3 0x1C3F2,75 20 B7,1F 06 0B,0x1C320 0x1C320 0x1C320,0x29 0x29 0x29,0x32B 0x32C 0x32D,fce4d6
0x99AE 0x99AF,360,제어,,,0x99AE~0x99AF,0 1,1A 30,16 00,0x1C3F1 0x1C3F0,22 39,1E 09,0x1C320 0x1C320,0x29 0x29,0x32E 0x32F,fce4d6
0x99B0 0x99B1,361,문자,293,넌,0x99B0~0x99B1,0 1,3B F0,60 25,0x1C3EF 0x1C3EE,45 FB,6A 30,0x1C320 0x1C320,0x29 0x29,0x330 0x331,e9ae2b
0x99B2 0x99B3,362,문자,294,␠,0x99B2~0x99B3,0 1,1B A0,18 12,0x1C3ED 0x1C3EC,27 AD,24 1F,0x1C320 0x1C320,0x29 0x29,0x332 0x333,e2f0d9
0x99B4 0x99B5,363,문자,295,그,0x99B4~0x99B5,0 1,3A 20,50 21,0x1C3EB 0x1C3EA,48 2F,5E 30,0x1C320 0x1C320,0x29 0x29,0x334 0x335,e9ae2b
0x99B6 0x99B7,364,문자,296,럴,0x99B6~0x99B7,0 1,1A 80,60 31,0x1C3E9 0x1C3E8,2A 91,70 42,0x1C320 0x1C320,0x29 0x29,0x336 0x337,e9ae2b
0x99B8 0x99B9,365,문자,297,지,0x99B8~0x99B9,0 1,29 40,10 E0,0x1C3E7 0x1C3E6,3B 53,22 F3,0x1C320 0x1C320,0x29 0x29,0x338 0x339,e9ae2b
0x99BA 0x99BB,366,문자,298,␠,0x99BA~0x99BB,0 1,B3 F0,18 12,0x1C3E5 0x1C3E4,C7 05,2C 27,0x1C320 0x1C320,0x29 0x29,0x33A 0x33B,e2f0d9
0x99BC 0x99BD,367,문자,299,몰,0x99BC~0x99BD,0 1,18 E0,C0 35,0x1C3E3 0x1C3E2,2E F7,D6 4C,0x1C320 0x1C320,0x29 0x29,0x33C 0x33D,e9ae2b
0x99BE 0x99BF,368,문자,300,라,0x99BE~0x99BF,0 1,28 20,F0 30,0x1C3E1 0x1C3E0,40 39,08 49,0x1C320 0x1C320,0x29 0x29,0x33E 0x33F,e9ae2b
0x99C0 0x99C1,369,문자,301,도,0x99C0~0x99C1,0 1,39 B0,20 2E,0x1C3DF 0x1C3DE,53 CB,3A 49,0x1C320 0x1C320,0x29 0x29,0x340 0x341,e9ae2b
0x99C2 0x99C4 0x99C5 0x99C6,370,제어,,,0x99C2~0x99C6,0 2 3 4,82 38 30 19,12 23 21 00,0x1C3DD 0x1C3DB 0x1C3DA 0x1C3D9,9E 56 4F 39,2E 41 40 20,0x1C320 0x1C320 0x1C320 0x1C320,0x29 0x29 0x29 0x29,0x342 0x344 0x345 0x346,fce4d6
0x99C7 0x99C8,371,문자,302,␠,0x99C7~0x99C8,0 1,80 28,18 12,0x1C3D8 0x1C3D7,A1 4A,39 34,0x1C320 0x1C320,0x29 0x29,0x347 0x348,e2f0d9
0x99C9 0x99CA,372,문자,303,난,0x99C9~0x99CA,0 1,80 38,C0 24,0x1C3D6 0x1C3D5,A3 5C,E3 48,0x1C320 0x1C320,0x29 0x29,0x349 0x34A,e9ae2b
0x99CB,373,문자,304,␠,0x99CB~0x99CC,0,30,18,0x1C3D4,55,3D,0x1C320,0x29,0x34B,e2f0d9
0x99CD 0x99CE,374,문자,305,아,0x99CD~0x99CE,0 1,12 00,00 56,0x1C3D2 0x1C3D1,39 28,27 7E,0x1C320 0x1C320,0x29 0x29,0x34D 0x34E,e9ae2b
0x99CF 0x99D0,375,문자,306,니,0x99CF~0x99D0,0 1,23 21,F0 25,0x1C3D0 0x1C3CF,4C 4B,19 4F,0x1C320 0x1C320,0x29 0x29,0x34F 0x350,e9ae2b
0x99D2,376,문자,307,야,0x99D1~0x99D2,1,15,6C,0x1C3CD,41,98,0x1C320,0x29,0x352,e9ae2b
0x99D3 0x99D4,377,문자,308,。,0x99D3~0x99D4,0 1,00 30,30 12,0x1C3CC 0x1C3CB,2D 5E,5D 40,0x1C320 0x1C320,0x29 0x29,0x353 0x354,e2f0d9
0x99D5 0x99D6,378,문자,309,내,0x99D5~0x99D6,0 1,19 E0,00 25,0x1C3CA 0x1C3C9,48 10,2F 55,0x1C320 0x1C320,0x29 0x29,0x355 0x356,e9ae2b
0x99D7 0x99D8,379,문자,310,␠,0x99D7~0x99D8,0 1,28 C0,18 12,0x1C3C8 0x1C3C7,59 F2,49 44,0x1C320 0x1C320,0x29 0x29,0x357 0x358,e2f0d9
0x99D9 0x99DA,380,문자,311,임,0x99D9~0x99DA,0 1,2B B0,D0 DE,0x1C3C6 0x1C3C5,5E E4,03 12,0x1C320 0x1C320,0x29 0x29,0x359 0x35A,e9ae2b
0x99DB 0x99DC,381,문자,312,무,0x99DB~0x99DC,0 1,3A B0,00 36,0x1C3C4 0x1C3C3,6F E6,35 6C,0x1C320 0x1C320,0x29 0x29,0x35B 0x35C,e9ae2b
0x99DD 0x99DE,382,문자,313,는,0x99DD~0x99DE,0 1,1B 90,E0 25,0x1C3C2 0x1C3C1,52 C8,17 5D,0x1C320 0x1C320,0x29 0x29,0x35D 0x35E,e9ae2b
0x99DF 0x99E0,383,문자,314,␠,0x99DF~0x99E0,0 1,2A 00,18 12,0x1C3C0 0x1C3BF,63 3A,51 4C,0x1C320 0x1C320,0x29 0x29,0x35F 0x360,e2f0d9
0x99E1 0x99E2,384,문자,315,말,0x99E1~0x99E2,0 1,3A E0,F0 34,0x1C3BE 0x1C3BD,75 1C,2B 70,0x1C320 0x1C320,0x29 0x29,0x361 0x362,e9ae2b
0x99E3 0x99E4,385,문자,316,야,0x99E3~0x99E4,0 1,28 90,00 6C,0x1C3BC 0x1C3BB,65 CE,3D AA,0x1C320 0x1C320,0x29 0x29,0x363 0x364,e9ae2b
0x99E5 0x99E6,386,문자,317,、,0x99E5~0x99E6,0 1,7F C0,20 12,0x1C3BA 0x1C3B9,BE 00,5F 52,0x1C320 0x1C320,0x29 0x29,0x365 0x366,e2f0d9
0x99E7 0x99E8,387,문자,318,네,0x99E7~0x99E8,0 1,18 80,90 25,0x1C3B8 0x1C3B7,59 C2,D1 67,0x1C320 0x1C320,0x29 0x29,0x367 0x368,e9ae2b
0x99E9 0x99EA,388,문자,319,가,0x99E9~0x99EA,0 1,E1 12,A0 17,0x1C3B6 0x1C3B5,24 56,E3 5B,0x1C320 0x1C320,0x29 0x29,0x369 0x36A,e9ae2b
0x99EB 0x99EC,389,문자,320,␠,0x99EB~0x99EC,0 1,00 23,18 12,0x1C3B4 0x1C3B3,45 69,5D 58,0x1C320 0x1C320,0x29 0x29,0x36B 0x36C,e2f0d9
0x99ED 0x99EE,390,문자,321,베,0x99ED~0x99EE,0 1,21 00,90 3B,0x1C3B2 0x1C3B1,68 48,D7 83,0x1C320 0x1C320,0x29 0x29,0x36D 0x36E,e9ae2b
0x99EF 0x99F0,391,문자,322,칸,0x99EF~0x99F0,0 1,F0 E2,D0 E1,0x1C3B0 0x1C3AF,39 2C,19 2B,0x1C320 0x1C320,0x29 0x29,0x36F 0x370,e9ae2b
0x99F1 0x99F2,392,문자,323,타,0x99F1~0x99F2,0 1,E0 28,20 E2,0x1C3AE 0x1C3AD,2B 74,6B 2E,0x1C320 0x1C320,0x29 0x29,0x371 0x372,e9ae2b
0x99F3 0x99F4,393,문자,324,리,0x99F3~0x99F4,0 1,F0 86,70 34,0x1C3AC 0x1C3AB,3D D4,BD 82,0x1C320 0x1C320,0x29 0x29,0x373 0x374,e9ae2b
0x99F5 0x99F6,394,문자,325,아,0x99F5~0x99F6,0 1,80 28,00 56,0x1C3AA 0x1C3A9,CF 78,4F A6,0x1C320 0x1C320,0x29 0x29,0x375 0x376,e9ae2b
0x99F7 0x99F8,395,문자,326,로,0x99F7~0x99F8,0 1,40 18,D0 31,0x1C3A8 0x1C3A7,91 6A,21 83,0x1C320 0x1C320,0x29 0x29,0x377 0x378,e9ae2b
0x99F9 0x99FA,396,문자,327,␠,0x99F9~0x99FA,0 1,60 18,18 12,0x1C3A6 0x1C3A5,B3 6C,6B 66,0x1C320 0x1C320,0x29 0x29,0x379 0x37A,e2f0d9
0x99FB 0x99FC,397,문자,328,가,0x99FB~0x99FC,0 1,F0 38,A0 17,0x1C3A4 0x1C3A3,45 8E,F5 6D,0x1C320 0x1C320,0x29 0x29,0x37B 0x37C,e9ae2b
0x99FD 0x99FE,398,문자,329,는,0x99FD~0x99FE,0 1,10 19,E0 25,0x1C3A2 0x1C3A1,67 71,37 7D,0x1C320 0x1C320,0x29 0x29,0x37D 0x37E,e9ae2b
0x99FF,399,문자,330,␠,0x99FF~0x9A00,0,30,18,0x1C3A0,89,71,0x1C320,0x29,0x37F,e2f0d9
0x9A01 0x9A02,400,문자,331,걸,0x9A01~0x9A02,0 1,80 A7,C0 1D,0x1C39E 0x1C39D,DB 03,1B 79,0x1C320 0x1C320,0x29 0x29,0x381 0x382,e9ae2b
0x9A03 0x9A04,401,문자,332,␠,0x9A03~0x9A04,0 1,12 00,18 12,0x1C39C 0x1C39B,6F 5E,75 70,0x1C320 0x1C320,0x29 0x29,0x383 0x384,e2f0d9
0x9A05 0x9A06,402,문자,333,막,0x9A05~0x9A06,0 1,23 00,C0 34,0x1C39A 0x1C399,82 60,1F 94,0x1C320 0x1C320,0x29 0x29,0x385 0x386,e9ae2b
0x9A07 0x9A08,403,문자,334,는,0x9A07~0x9A08,0 1,B0 73,E0 25,0x1C398 0x1C397,11 D5,41 87,0x1C320 0x1C320,0x29 0x29,0x387 0x388,e9ae2b
0x9A09 0x9A0A,404,문자,335,␠,0x9A09~0x9A0A,0 1,12 00,18 12,0x1C396 0x1C395,75 64,7B 76,0x1C320 0x1C320,0x29 0x29,0x389 0x38A,e2f0d9
0x9A0B 0x9A0C,405,문자,336,거,0x9A0B~0x9A0C,0 1,21 00,90 1D,0x1C394 0x1C393,86 66,F5 83,0x1C320 0x1C320,0x29 0x29,0x38B 0x38C,e9ae2b
0x9A0D 0x9A0E,406,문자,337,야,0x9A0D~0x9A0E,0 1,70 28,00 6C,0x1C392 0x1C391,D7 90,67 D4,0x1C320 0x1C320,0x29 0x29,0x38D 0x38E,e9ae2b
0x9A0F 0x9A10,407,문자,338,。,0x9A0F~0x9A10,0 1,F0 28,30 12,0x1C390 0x1C38F,59 92,99 7C,0x1C320 0x1C320,0x29 0x29,0x38F 0x390,e2f0d9
0x9A11 0x9A12 0x9A13 0x9A14 0x9A15,408,제어,,,0x9A11~0x9A15,0 1 2 3 4,A0 19 40 18 60,12 00 23 21 00,0x1C38E 0x1C38D 0x1C38C 0x1C38B 0x1C38A,0B 85 AD 86 CF,7D 6C 90 8F 6F,0x1C320 0x1C320 0x1C320 0x1C320 0x1C320,0x29 0x29 0x29 0x29 0x29,0x391 0x392 0x393 0x394 0x395,fce4d6
0x9A16 0x9A17,409,제어,,,0x9A16~0x9A17,0 1,29 30,15 00,0x1C389 0x1C388,99 A1,85 71,0x1C320 0x1C320,0x29 0x29,0x396 0x397,fce4d6
0x9A18 0x9A19,410,문자,339,이,0x9A18~0x9A19,0 1,39 40,90 DE,0x1C387 0x1C386,AB B3,02 51,0x1C320 0x1C320,0x29 0x29,0x398 0x399,e9ae2b
0x9A1B,411,문자,340,␠,0x9A1A~0x9A1B,1,80,12,0x1C384,F5,87,0x1C320,0x29,0x39B,e2f0d9
0x9A1C 0x9A1D,412,문자,341,볼,0x9A1C~0x9A1D,0 1,19 10,D0 3B,0x1C383 0x1C382,8F 87,46 B2,0x1C320 0x1C320,0x29 0x29,0x39C 0x39D,e9ae2b
0x9A1E 0x9A1F,413,문자,342,세,0x9A1E~0x9A1F,0 1,38 F0,A0 3D,0x1C381 0x1C380,B0 69,18 B6,0x1C320 0x1C320,0x29 0x29,0x39E 0x39F,e9ae2b
0x9A20 0x9A21,414,문자,343,돔,0x9A20~0x9A21,0 1,19 20,40 2E,0x1C37F 0x1C37E,93 9B,BA A9,0x1C320 0x1C320,0x29 0x29,0x3A0 0x3A1,e9ae2b
0x9A22 0x9A23,415,문자,344,␠,0x9A22~0x9A23,0 1,38 E0,18 12,0x1C37D 0x1C37C,B4 5D,94 8F,0x1C320 0x1C320,0x29 0x29,0x3A2 0x3A3,e2f0d9
0x9A24 0x9A25,416,문자,345,숲,0x9A24~0x9A25,0 1,28 D0,60 3F,0x1C37B 0x1C37A,A6 4F,DE BE,0x1C320 0x1C320,0x29 0x29,0x3A4 0x3A5,e9ae2b
0x9A26 0x9A27,417,문자,346,이,0x9A26~0x9A27,0 1,28 20,90 DE,0x1C379 0x1C378,A8 A1,10 5F,0x1C320 0x1C320,0x29 0x29,0x3A6 0x3A7,e9ae2b
0x9A28 0x9A29,418,문자,347,␠,0x9A28~0x9A29,0 1,12 50,18 12,0x1C377 0x1C376,94 D3,9A 95,0x1C320 0x1C320,0x29 0x29,0x3A8 0x3A9,e2f0d9
0x9A2A 0x9A2B,419,문자,348,바,0x9A2A~0x9A2B,0 1,B6 60,80 39,0x1C375 0x1C374,3A E5,04 BE,0x1C320 0x1C320,0x29 0x29,0x3AA 0x3AB,e9ae2b
0x9A2C 0x9A2D,420,문자,349,로,0x9A2C~0x9A2D,0 1,95 70,D0 31,0x1C373 0x1C372,1B F7,56 B8,0x1C320 0x1C320,0x29 0x29,0x3AC 0x3AD,e9ae2b
0x9A2E 0x9A2F,421,문자,350,␠,0x9A2E~0x9A2F,0 1,19 70,18 12,0x1C371 0x1C370,A1 F9,A0 9B,0x1C320 0x1C320,0x29 0x29,0x3AE 0x3AF,e2f0d9
0x9A30 0x9A31,422,문자,351,우,0x9A30~0x9A31,0 1,19 F0,F0 CD,0x1C36F 0x1C36E,A3 7B,7A 58,0x1C320 0x1C320,0x29 0x29,0x3B0 0x3B1,e9ae2b
0x9A32 0x9A33,423,문자,352,리,0x9A32~0x9A33,0 1,19 90,70 34,0x1C36D 0x1C36C,A5 1D,FC C1,0x1C320 0x1C320,0x29 0x29,0x3B2 0x3B3,e9ae2b
0x9A34 0x9A35,424,문자,353,␠,0x9A34~0x9A35,0 1,38 90,18 12,0x1C36B 0x1C36A,C6 1F,A6 A1,0x1C320 0x1C320,0x29 0x29,0x3B4 0x3B5,e2f0d9
0x9A36 0x9A37,425,문자,354,악,0x9A36~0x9A37,0 1,12 12,00 58,0x1C369 0x1C368,A2 A3,90 E9,0x1C320 0x1C320,0x29 0x29,0x3B6 0x3B7,e9ae2b
0x9A38 0x9A39 0x9A3A 0x9A3B 0x9A3C,426,제어,,,0x9A38~0x9A3C,0 1 2 3 4,00 23 21 00 80,12 00 23 21 00,0x1C367 0x1C366 0x1C365 0x1C364 0x1C363,92 B6 B5 95 16,A4 93 B7 B6 96,0x1C320 0x1C320 0x1C320 0x1C320 0x1C320,0x29 0x29 0x29 0x29 0x29,0x3B8 0x3B9 0x3BA 0x3BB 0x3BC,fce4d6
0x9A3D 0x9A3E,427,문자,355,연,0x9A3D~0x9A3E,0 1,EE E0,70 9F,0x1C362 0x1C361,85 78,07 37,0x1C320 0x1C320,0x29 0x29,0x3BD 0x3BE,e9ae2b
0x9A3F 0x9A40,428,문자,356,의,0x9A3F~0x9A40,0 1,4C C0,80 DE,0x1C360 0x1C35F,E5 5A,19 78,0x1C320 0x1C320,0x29 0x29,0x3BF 0x3C0,e9ae2b
0x9A41 0x9A42,429,문자,357,␠,0x9A41~0x9A42,0 1,FC B0,18 12,0x1C35E 0x1C35D,97 4C,B3 AE,0x1C320 0x1C320,0x29 0x29,0x3C1 0x3C2,e2f0d9
0x9A43 0x9A44,430,문자,358,땅,0x9A43~0x9A44,0 1,28 F0,70 30,0x1C35C 0x1C35B,C5 8E,0D CE,0x1C320 0x1C320,0x29 0x29,0x3C3 0x3C4,e9ae2b
0x9A45 0x9A46,431,문자,359,이,0x9A45~0x9A46,0 1,28 20,90 DE,0x1C35A 0x1C359,C7 C0,2F 7E,0x1C320 0x1C320,0x29 0x29,0x3C5 0x3C6,e9ae2b
0x9A47,432,문자,360,라,0x9A47~0x9A48,0,38,F0,0x1C358,D9,91,0x1C320,0x29,0x3C7,e9ae2b
0x9A49 0x9A4A,433,문자,361,는,0x9A49~0x9A4A,0 1,28 60,E0 25,0x1C356 0x1C355,CB 04,83 C9,0x1C320 0x1C320,0x29 0x29,0x3C9 0x3CA,e9ae2b
0x9A4B 0x9A4C,434,문자,362,␠,0x9A4B~0x9A4C,0 1,28 30,18 12,0x1C354 0x1C353,CD D6,BD B8,0x1C320 0x1C320,0x29 0x29,0x3CB 0x3CC,e2f0d9
0x9A4D 0x9A4E,435,문자,363,거,0x9A4D~0x9A4E,0 1,19 40,90 1D,0x1C352 0x1C351,C0 E8,37 C5,0x1C320 0x1C320,0x29 0x29,0x3CD 0x3CE,e9ae2b
0x9A4F,436,문자,364,지,0x9A4F~0x9A50,0,18,10,0x1C350,C1,B9,0x1C320,0x29,0x3CF,e9ae2b
0x9A51 0x9A52,437,문자,365,。,0x9A51~0x9A52,0 1,28 C0,30 12,0x1C34E 0x1C34D,D3 6C,DB BE,0x1C320 0x1C320,0x29 0x29,0x3D1 0x3D2,e2f0d9
0x9A53 0x9A54,438,문자,366,학,0x9A53~0x9A54,0 1,FC A0,60 E3,0x1C34C 0x1C34B,A9 4E,0D 91,0x1C320 0x1C320,0x29 0x29,0x3D3 0x3D4,e9ae2b
0x9A55 0x9A56 0x9A57 0x9A58,439,제어,,,0x9A55~0x9A58,0 1 2 3,FA 70 28 70,12 00 23 00,0x1C34A 0x1C349 0x1C348 0x1C347,A9 20 D9 22,C1 B0 D4 B2,0x1C320 0x1C320 0x1C320 0x1C320,0x29 0x29 0x29 0x29,0x3D5 0x3D6 0x3D7 0x3D8,fce4d6
0x9A59 0x9A5A,440,문자,367,교,0x9A59~0x9A5A,0 1,19 70,F0 20,0x1C346 0x1C345,CC 24,A3 D4,0x1C320 0x1C320,0x29 0x29,0x3D9 0x3DA,e9ae2b
0x9A5B 0x9A5C 0x9A5D 0x9A5E,441,제어,,,0x9A5B~0x9A5E,0 1 2 3,38 60 18 90,12 00 21 00,0x1C344 0x1C343 0x1C342 0x1C341,ED 16 CF 48,C7 B6 D8 B8,0x1C320 0x1C320 0x1C320 0x1C320,0x29 0x29 0x29 0x29,0x3DB 0x3DC 0x3DD 0x3DE,fce4d6
0x9A5F 0x9A60,442,문자,368,에,0x9A5F~0x9A60,0 1,12 19,40 9F,0x1C340 0x1C33F,CB D3,F9 59,0x1C320 0x1C320,0x29 0x29,0x3DF 0x3E0,e9ae2b
0x9A61 0x9A62,443,문자,369,서,0x9A61~0x9A62,0 1,00 79,50 3D,0x1C33E 0x1C33D,BB 35,0B F9,0x1C320 0x1C320,0x29 0x29,0x3E1 0x3E2,e9ae2b
0x9A63 0x9A64,444,문자,370,␠,0x9A63~0x9A64,0 1,15 00,18 12,0x1C33C 0x1C33B,D2 BE,D5 D0,0x1C320 0x1C320,0x29 0x29,0x3E3 0x3E4,e2f0d9
0x9A65 0x9A66,445,문자,371,나,0x9A65~0x9A66,0 1,17 00,B0 24,0x1C33A 0x1C339,D6 C0,6F E4,0x1C320 0x1C320,0x29 0x29,0x3E5 0x3E6,e9ae2b
0x9A67 0x9A68,446,문자,372,한,0x9A67~0x9A68,0 1,14 00,70 E3,0x1C338 0x1C337,D5 C2,31 A5,0x1C320 0x1C320,0x29 0x29,0x3E7 0x3E8,e9ae2b
0x9A69 0x9A6A,447,문자,373,테,0x9A69~0x9A6A,0 1,00 00,60 E2,0x1C336 0x1C335,C3 C4,23 A6,0x1C320 0x1C320,0x29 0x29,0x3E9 0x3EA,e9ae2b
0x9A6B 0x9A6C,448,문자,374,␠,0x9A6B~0x9A6C,0 1,11 22,18 12,0x1C334 0x1C333,D6 E8,DD D8,0x1C320 0x1C320,0x29 0x29,0x3EB 0x3EC,e2f0d9
0x9A6D 0x9A6E,449,문자,375,꽤,0x9A6D~0x9A6E,0 1,33 44,40 24,0x1C332 0x1C331,FA 0C,07 EC,0x1C320 0x1C320,0x29 0x29,0x3ED 0x3EE,e9ae2b
0x9A6F 0x9A70,450,문자,376,나,0x9A6F~0x9A70,0 1,55 66,B0 24,0x1C330 0x1C32F,1E 30,79 EE,0x1C320 0x1C320,0x29 0x29,0x3EF 0x3F0,e9ae2b
0x9A71 0x9A72,451,문자,377,␠,0x9A71~0x9A72,0 1,77 80,18 12,0x1C32E 0x1C32D,42 4C,E3 DE,0x1C320 0x1C320,0x29 0x29,0x3F1 0x3F2,e2f0d9
0x9A73 0x9A74,452,문자,378,괴,0x9A73~0x9A74,0 1,1A 00,E0 20,0x1C32C 0x1C32B,E7 CE,AD EE,0x1C320 0x1C320,0x29 0x29,0x3F3 0x3F4,e9ae2b
0x9A75 0x9A76,453,문자,379,롭,0x9A75~0x9A76,0 1,04 16,F0 33,0x1C32A 0x1C329,D3 E6,BF 03,0x1C320 0x1C320,0x29 0x29,0x3F5 0x3F6,e9ae2b
0x9A77 0x9A78,454,문자,380,힘,0x9A77~0x9A78,0 1,00 D0,70 E5,0x1C328 0x1C327,D1 A2,41 B7,0x1C320 0x1C320,0x29 0x29,0x3F7 0x3F8,e9ae2b
0x9A79 0x9A7A,455,문자,381,을,0x9A79~0x9A7A,0 1,19 30,50 DE,0x1C326 0x1C325,EC 04,23 B2,0x1C320 0x1C320,0x29 0x29,0x3F9 0x3FA,e9ae2b
0x9A7B 0x9A7C,456,문자,382,␠,0x9A7B~0x9A7C,0 1,39 A0,18 12,0x1C324 0x1C323,0E 76,ED E8,0x1C320 0x1C320,0x29 0x29,0x3FB 0x3FC,e2f0d9
0x9A7D 0x9A7E,457,문자,383,당,0x9A7D~0x9A7E,0 1,28 40,90 2D,0x1C322 0x1C321,FF 18,67 05,0x1C320 0x1C320,0x29 0x29,0x3FD 0x3FE,e9ae2b
0x9A7F 0x9A80,458,문자,384,했,0x9A7F~0x9A80,0 1,28 E0,C0 E3,0x1C320 0x1CB2F,02 B7,9A BA,0x1C320 0x1C730,0x29 0x29,0x3FF 0x000,e9ae2b
0x9A81 0x9A82,459,문자,385,으,0x9A81~0x9A82,0 1,29 90,30 DE,0x1CB2E 0x1CB2D,01 69,08 B7,0x1C730 0x1C730,0x29 0x29,0x001 0x002,e9ae2b
0x9A83 0x9A84,460,문자,386,니,0x9A83~0x9A84,0 1,38 A0,F0 25,0x1CB2C 0x1CB2B,12 7B,CA 00,0x1C730 0x1C730,0x29 0x29,0x003 0x004,e9ae2b
0x9A85 0x9A86,461,문자,387,、,0x9A85~0x9A86,0 1,28 40,20 12,0x1CB2A 0x1CB29,04 1D,FC EF,0x1C730 0x1C730,0x29 0x29,0x005 0x006,e2f0d9
0x9A87 0x9A88,462,문자,388,좋,0x9A87~0x9A88,0 1,18 D0,F0 F3,0x1CB28 0x1CB27,F6 AF,CE D2,0x1C730 0x1C730,0x29 0x29,0x007 0x008,e9ae2b
0x9A89 0x9A8A,463,문자,389,은,0x9A89~0x9A8A,0 1,DB 30,40 DE,0x1CB26 0x1CB25,BB 11,20 BF,0x1C730 0x1C730,0x29 0x29,0x009 0x00A,e9ae2b
0x9A8B 0x9A8C,464,문자,390,␠,0x9A8B~0x9A8C,0 1,5B 70,18 12,0x1CB24 0x1CB23,3D 53,FA F5,0x1C730 0x1C730,0x29 0x29,0x00B 0x00C,e2f0d9
0x9A8D 0x9A8E,465,문자,391,기,0x9A8D~0x9A8E,0 1,28 60,B0 21,0x1CB22 0x1CB21,0C 45,94 06,0x1C730 0x1C730,0x29 0x29,0x00D 0x00E,e9ae2b
0x9A8F 0x9A90,466,문자,392,회,0x9A8F~0x9A90,0 1,12 60,B0 E4,0x1CB20 0x1CB1F,F8 47,96 CB,0x1C730 0x1C730,0x29 0x29,0x00F 0x010,e9ae2b
0x9A91 0x9A92,467,문자,393,␠,0x9A91~0x9A92,0 1,12 60,18 12,0x1CB1E 0x1CB1D,FA 49,00 FB,0x1C730 0x1C730,0x29 0x29,0x011 0x012,e2f0d9
0x9A93 0x9A94,468,문자,394,아,0x9A93~0x9A94,0 1,12 10,00 56,0x1CB1C 0x1CB1B,FC FB,EA 41,0x1C730 0x1C730,0x29 0x29,0x013 0x014,e9ae2b
0x9A95 0x9A96,469,문자,395,니,0x9A95~0x9A96,0 1,11 12,F0 25,0x1CB1A 0x1CB19,FD FF,DC 12,0x1C730 0x1C730,0x29 0x29,0x015 0x016,e9ae2b
0x9A98,470,문자,396,야,0x9A97~0x9A98,1,23,6C,0x1CB17,12,5B,0x1C730,0x29,0x018,e9ae2b
0x9A99 0x9A9A,471,문자,397,？,0x9A99~0x9A9A,0 1,00 60,90 12,0x1CB16 0x1CB15,F0 51,80 03,0x1C730 0x1C730,0x29 0x29,0x019 0x01A,e2f0d9
0x9A9B 0x9A9C 0x9A9D 0x9A9E 0x9A9F,472,제어,,,0x9A9B~0x9A9F,0 1 2 3 4,76 70 19 70 F2,12 00 23 21 00,0x1CB14 0x1CB13 0x1CB12 0x1CB11 0x1CB10,68 63 0D 65 E8,04 F3 17 16 F6,0x1C730 0x1C730 0x1C730 0x1C730 0x1C730,0x29 0x29 0x29 0x29 0x29,0x01B 0x01C 0x01D 0x01E 0x01F,fce4d6
0x9AA0 0x9AA1,473,문자,398,␠,0x9AA0~0x9AA1,0 1,60 18,18 12,0x1CB0F 0x1CB0E,57 10,0F 0A,0x1C730 0x1C730,0x29 0x29,0x020 0x021,e2f0d9
0x9AA2 0x9AA3,474,문자,399,결,0x9AA2~0x9AA3,0 1,A0 28,40 20,0x1CB0D 0x1CB0C,99 22,39 1A,0x1C730 0x1C730,0x29 0x29,0x022 0x023,e9ae2b
0x9AA4 0x9AA5,475,문자,400,투,0x9AA4~0x9AA5,0 1,30 39,90 E2,0x1CB0B 0x1CB0A,2B 35,8B DE,0x1C730 0x1C730,0x29 0x29,0x024 0x025,e9ae2b
0x9AA7,476,문자,401,장,0x9AA6~0x9AA7,1,28,DF,0x1CB08,26,DD,0x1C730,0x29,0x027,e9ae2b
0x9AA8 0x9AA9,477,문자,402,으,0x9AA8~0x9AA9,0 1,60 12,30 DE,0x1CB07 0x1CB06,5F 12,2F DE,0x1C730 0x1C730,0x29 0x29,0x028 0x029,e9ae2b
0x9AAA 0x9AAB,478,문자,403,로,0x9AAA~0x9AAB,0 1,60 12,D0 31,0x1CB05 0x1CB04,61 14,D1 33,0x1C730 0x1C730,0x29 0x29,0x02A 0x02B,e9ae2b
0x9AAC 0x9AAD,479,문자,404,써,0x9AAC~0x9AAD,0 1,A0 12,00 4A,0x1CB03 0x1CB02,A3 16,03 4E,0x1C730 0x1C730,0x29 0x29,0x02C 0x02D,e9ae2b
0x9AAE 0x9AAF,480,문자,405,␠,0x9AAE~0x9AAF,0 1,19 00,18 12,0x1CB01 0x1CB00,1E 06,1D 18,0x1C730 0x1C730,0x29 0x29,0x02E 0x02F,e2f0d9
0x9AB0 0x9AB1,481,문자,406,␠,0x9AB0~0x9AB1,0 1,7A 15,18 12,0x1CAFF 0x1CAFE,81 1D,1F 1A,0x1C730 0x1C730,0x29 0x29,0x030 0x031,e2f0d9
0x9AB2 0x9AB3,482,제어,,,0x9AB2~0x9AB3,0 1,00 17,15 00,0x1CAFD 0x1CAFC,09 21,1E 0A,0x1C730 0x1C730,0x29 0x29,0x032 0x033,fce4d6
0x9AB5,483,문자,407,안,0x9AB4~0x9AB5,1,14,5A,0x1CAFA,20,66,0x1C730,0x29,0x035,e9ae2b
0x9AB6 0x9AB7,484,문자,408,성,0x9AB6~0x9AB7,0 1,00 01,90 3D,0x1CAF9 0x1CAF8,0D 0F,9D 4B,0x1C730 0x1C730,0x29 0x29,0x036 0x037,e9ae2b
0x9AB8 0x9AB9,485,문자,409,맞,0x9AB8~0x9AB9,0 1,50 40,10 35,0x1CAF7 0x1CAF6,5F 50,1F 45,0x1C730 0x1C730,0x29 0x29,0x038 0x039,e9ae2b
0x9ABA 0x9ABB,486,문자,410,춤,0x9ABA~0x9ABB,0 1,80 1A,90 E1,0x1CAF5 0x1CAF4,91 2C,A1 F3,0x1C730 0x1C730,0x29 0x29,0x03A 0x03B,e9ae2b
0x9ABC 0x9ABD,487,문자,411,인,0x9ABC~0x9ABD,0 1,00 04,A0 DE,0x1CAF3 0x1CAF2,13 18,B3 F2,0x1C730 0x1C730,0x29 0x29,0x03C 0x03D,e9ae2b
0x9ABE 0x9ABF,488,문자,412,␠,0x9ABE~0x9ABF,0 1,16 00,18 12,0x1CAF1 0x1CAF0,2B 16,2D 28,0x1C730 0x1C730,0x29 0x29,0x03E 0x03F,e2f0d9
0x9AC0 0x9AC1,489,문자,413,곳,0x9AC0~0x9AC1,0 1,D0 19,90 20,0x1CAEF 0x1CAEE,E7 31,A7 38,0x1C730 0x1C730,0x29 0x29,0x040 0x041,e9ae2b
0x9AC2 0x9AC3,490,문자,414,이,0x9AC2~0x9AC3,0 1,60 18,90 DE,0x1CAED 0x1CAEC,79 32,A9 F8,0x1C730 0x1C730,0x29 0x29,0x042 0x043,e9ae2b
0x9AC4 0x9AC5,491,문자,415,잖,0x9AC4~0x9AC5,0 1,12 00,30 DF,0x1CAEB 0x1CAEA,2D 1C,4B FB,0x1C730 0x1C730,0x29 0x29,0x044 0x045,e9ae2b
0x9AC6 0x9AC7,492,문자,416,아,0x9AC6~0x9AC7,0 1,23 00,00 56,0x1CAE9 0x1CAE8,40 1E,1D 74,0x1C730 0x1C730,0x29 0x29,0x046 0x047,e9ae2b
0x9AC8,493,문자,417,？,0x9AC8~0x9AC9,0,60,90,0x1CAE7,7F,AF,0x1C730,0x29,0x048,e2f0d9
0x9ACA 0x9ACB 0x9ACC,494,제어,,,0x9ACA~0x9ACC,0 1 2,60 12 60,19 00 79,0x1CAE5 0x1CAE4 0x1CAE3,81 34 83,3A 22 9C,0x1C730 0x1C730 0x1C730,0x29 0x29 0x29,0x04A 0x04B 0x04C,fce4d6
0x9ACD 0x9ACE,495,제어,,,0x9ACD~0x9ACE,0 1,12 12,15 00,0x1CAE2 0x1CAE1,36 37,39 25,0x1C730 0x1C730,0x29 0x29,0x04D 0x04E,fce4d6
0x9ACF 0x9AD0,496,제어,,,0x9ACF~0x9AD0,0 1,00 21,17 00,0x1CAE0 0x1CADF,26 48,3D 27,0x1C730 0x1C730,0x29 0x29,0x04F 0x050,fce4d6
0x9AD1 0x9AD2 0x9AD3 0x9AD4 0x9AD5 0x9AD6 0x9AD7 0x9AD8 0x9AD9 0x9ADA 0x9ADB 0x9ADC,497,제어,,,0x9AD1~0x9ADC,0 1 2 3 4 5 6 7 8 9 10 11,00 F0 FE C0 54 20 38 30 28 F0 19 40,14 00 00 00 11 22 33 44 55 66 77 80,0x1CADE 0x1CADD 0x1CADC 0x1CADB 0x1CADA 0x1CAD9 0x1CAD8 0x1CAD7 0x1CAD6 0x1CAD5 0x1CAD4 0x1CAD3,28 19 28 EB 80 4D 66 5F 58 21 4B 73,3C 29 2A 2B 3D 4F 61 73 85 97 A9 B3,0x1C730 0x1C730 0x1C730 0x1C730 0x1C730 0x1C730 0x1C730 0x1C730 0x1C730 0x1C730 0x1C730 0x1C730,0x29 0x29 0x29 0x29 0x29 0x29 0x29 0x29 0x29 0x29 0x29 0x29,0x051 0x052 0x053 0x054 0x055 0x056 0x057 0x058 0x059 0x05A 0x05B 0x05C,fce4d6
0x9ADD 0x9ADE 0x9ADF,498,제어,,,0x9ADD~0x9ADF,0 1 2,18 60 29,1A 00 04,0x1CAD2 0x1CAD1 0x1CAD0,4C 95 5F,4E 35 3A,0x1C730 0x1C730 0x1C730,0x29 0x29 0x29,0x05D 0x05E 0x05F,fce4d6
0x9AE0 0x9AE1,499,제어,,,0x9AE0~0x9AE1,0 1,B0 38,16 00,0x1CACF 0x1CACE,E7 70,4D 38,0x1C730 0x1C730,0x29 0x29,0x060 0x061,fce4d6
0x9AE2 0x9AE3,500,문자,418,그,0x9AE2~0x9AE3,0 1,E0 28,50 21,0x1CACD 0x1CACC,19 62,89 5B,0x1C730 0x1C730,0x29 0x29,0x062 0x063,e9ae2b
0x9AE4 0x9AE5,501,문자,419,딴,0x9AE4~0x9AE5,0 1,D0 28,60 30,0x1CACB 0x1CACA,0B 64,9B 6C,0x1C730 0x1C730,0x29 0x29,0x064 0x065,e9ae2b
0x9AE6,502,문자,420,␠,0x9AE6~0x9AE7,0,60,18,0x1CAC9,9D,55,0x1C730,0x29,0x066,e2f0d9
0x9AE8 0x9AE9,503,문자,421,하,0x9AE8~0x9AE9,0 1,60 12,50 E3,0x1CAC7 0x1CAC6,9F 52,8F 23,0x1C730 0x1C730,0x29 0x29,0x068 0x069,e9ae2b
0x9AEA 0x9AEB,504,문자,422,찮,0x9AEA~0x9AEB,0 1,60 12,C0 E0,0x1CAC5 0x1CAC4,A1 54,01 22,0x1C730 0x1C730,0x29 0x29,0x06A 0x06B,e9ae2b
0x9AEC 0x9AED,505,문자,423,은,0x9AEC~0x9AED,0 1,15 00,40 DE,0x1CAC3 0x1CAC2,58 44,83 22,0x1C730 0x1C730,0x29 0x29,0x06C 0x06D,e9ae2b
0x9AEE 0x9AEF,506,문자,424,␠,0x9AEE~0x9AEF,0 1,50 2B,18 12,0x1CAC1 0x1CAC0,95 71,5D 58,0x1C730 0x1C730,0x29 0x29,0x06E 0x06F,e2f0d9
0x9AF0 0x9AF1,507,문자,425,이,0x9AF0~0x9AF1,0 1,12 00,90 DE,0x1CABF 0x1CABE,59 48,D7 26,0x1C730 0x1C730,0x29 0x29,0x070 0x071,e9ae2b
0x9AF2 0x9AF3,508,문자,426,유,0x9AF2~0x9AF3,0 1,23 00,20 DE,0x1CABD 0x1CABC,6C 4A,69 28,0x1C730 0x1C730,0x29 0x29,0x072 0x073,e9ae2b
0x9AF4 0x9AF5,509,문자,427,로,0x9AF4~0x9AF5,0 1,30 3B,D0 31,0x1CABB 0x1CABA,7B 87,1B 7D,0x1C730 0x1C730,0x29 0x29,0x074 0x075,e9ae2b
0x9AF6,510,문자,428,・,0x9AF6~0x9AF7,0,20,60,0x1CAB9,6D,AD,0x1C730,0x29,0x076,e2f0d9
0x9AF8 0x9AF9,511,문자,429,・,0x9AF8~0x9AF9,0 1,E0 29,60 12,0x1CAB7 0x1CAB6,2F 79,AF 62,0x1C730 0x1C730,0x29 0x29,0x078 0x079,e2f0d9
0x9AFA 0x9AFB,512,문자,430,・,0x9AFA~0x9AFB,0 1,20 18,60 12,0x1CAB5 0x1CAB4,71 6A,B1 64,0x1C730 0x1C730,0x29 0x29,0x07A 0x07B,e2f0d9
0x9AFC 0x9AFD,513,제어,,,0x9AFC~0x9AFD,0 1,40 18,10 11,0x1CAB3 0x1CAB2,93 6C,63 65,0x1C730 0x1C730,0x29 0x29,0x07C 0x07D,fce4d6
0x9AFE 0x9AFF 0x9B00 0x9B01,514,제어,,,0x9AFE~0x9B01,0 1 2 3,40 18 F0 38,12 00 23 00,0x1CAB1 0x1CAB0 0x1CAAF 0x1CAAE,95 6E 47 90,67 56 7A 58,0x1C730 0x1C730 0x1C730 0x1C730,0x29 0x29 0x29 0x29,0x07E 0x07F 0x080 0x081,fce4d6
0x9B02,515,문자,431,␠,0x9B02~0x9B03,0,60,18,0x1CAAD,B9,71,0x1C730,0x29,0x082,e2f0d9
0x9B04 0x9B05,516,문자,432,우,0x9B04~0x9B05,0 1,60 12,F0 CD,0x1CAAB 0x1CAAA,BB 6E,4B 29,0x1C730 0x1C730,0x29 0x29,0x084 0x085,e9ae2b
0x9B06 0x9B07,517,문자,433,리,0x9B06~0x9B07,0 1,60 12,70 34,0x1CAA9 0x1CAA8,BD 70,CD 92,0x1C730 0x1C730,0x29 0x29,0x086 0x087,e9ae2b
0x9B08 0x9B09,518,문자,434,가,0x9B08~0x9B09,0 1,12 00,A0 17,0x1CAA7 0x1CAA6,71 60,FF 77,0x1C730 0x1C730,0x29 0x29,0x088 0x089,e9ae2b
0x9B0A 0x9B0B,519,문자,435,␠,0x9B0A~0x9B0B,0 1,21 00,18 12,0x1CAA5 0x1CAA4,82 62,79 74,0x1C730 0x1C730,0x29 0x29,0x08A 0x08B,e2f0d9
0x9B0C 0x9B0D,520,문자,436,서,0x9B0C~0x9B0D,0 1,20 18,50 3D,0x1CAA3 0x1CAA2,83 7C,B3 A1,0x1C730 0x1C730,0x29 0x29,0x08C 0x08D,e9ae2b
0x9B0E 0x9B0F,521,문자,437,로,0x9B0E~0x9B0F,0 1,A0 28,D0 31,0x1CAA1 0x1CAA0,05 8E,35 97,0x1C730 0x1C730,0x29 0x29,0x08E 0x08F,e9ae2b
0x9B10 0x9B11,522,문자,438,␠,0x9B10~0x9B11,0 1,F0 19,18 12,0x1CA9F 0x1CA9E,57 81,7F 7A,0x1C730 0x1C730,0x29 0x29,0x090 0x091,e2f0d9
0x9B12 0x9B13,523,문자,439,죽,0x9B12~0x9B13,0 1,B0 28,F0 F7,0x1CA9D 0x1CA9C,19 92,59 61,0x1C730 0x1C730,0x29 0x29,0x092 0x093,e9ae2b
0x9B14 0x9B15,524,문자,440,여,0x9B14~0x9B15,0 1,F0 28,50 9F,0x1CA9B 0x1CA9A,5B 94,BB 0B,0x1C730 0x1C730,0x29 0x29,0x094 0x095,e9ae2b
0x9B16 0x9B17,525,문자,441,야,0x9B16~0x9B17,0 1,40 F6,00 6C,0x1CA99 0x1CA98,AD 64,6D DA,0x1C730 0x1C730,0x29 0x29,0x096 0x097,e9ae2b
0x9B18 0x9B19,526,문자,442,␠,0x9B18~0x9B19,0 1,A0 28,18 12,0x1CA97 0x1CA96,0F 98,87 82,0x1C730 0x1C730,0x29 0x29,0x098 0x099,e2f0d9
0x9B1A 0x9B1B,527,문자,443,한,0x9B1A~0x9B1B,0 1,30 39,70 E3,0x1CA95 0x1CA94,A1 AB,E1 55,0x1C730 0x1C730,0x29 0x29,0x09A 0x09B,e9ae2b
0x9B1C 0x9B1D,528,문자,444,다,0x9B1C~0x9B1D,0 1,B0 18,C0 27,0x1CA93 0x1CA92,23 8C,33 9B,0x1C730 0x1C730,0x29 0x29,0x09C 0x09D,e9ae2b
0x9B1F,529,문자,445,고,0x9B1E~0x9B1F,1,38,20,0x1CA90,AE,96,0x1C730,0x29,0x09F,e9ae2b
0x9B20 0x9B21,530,문자,446,・,0x9B20~0x9B21,0 1,A0 38,60 12,0x1CA8F 0x1CA8E,17 B0,D7 8A,0x1C730 0x1C730,0x29 0x29,0x0A0 0x0A1,e2f0d9
0x9B26,533,문자,449,！,0x9B26~0x9B27,0,60,A0,0x1CA89,DD,1D,0x1C730,0x29,0x0A6,e2f0d9
0x9B28 0x9B29,534,문자,450,？,0x9B28~0x9B29,0 1,1B 00,90 12,0x1CA87 0x1CA86,9A 80,0F 92,0x1C730 0x1C730,0x29 0x29,0x0A8 0x0A9,e2f0d9
0x9B2A 0x9B2B 0x9B2C,535,제어,,,0x9B2A~0x9B2C,0 1 2,01 14 00,19 00 7A,0x1CA85 0x1CA84 0x1CA83,82 96 83,9A 82 FD,0x1C730 0x1C730 0x1C730,0x29 0x29 0x29,0x0AA 0x0AB 0x0AC,fce4d6
0x9B2D 0x9B2E,536,제어,,,0x9B2D~0x9B2E,0 1,05 41,15 00,0x1CA82 0x1CA81,89 C6,99 85,0x1C730 0x1C730,0x29 0x29,0x0AD 0x0AE,fce4d6
0x9B2F 0x9B30,537,제어,,,0x9B2F~0x9B30,0 1,80 14,17 00,0x1CA80 0x1CA7F,06 9B,9D 87,0x1C730 0x1C730,0x29 0x29,0x0AF 0x0B0,fce4d6
0x9B31 0x9B32 0x9B33 0x9B34 0x9B35 0x9B36,538,제어,,,0x9B31~0x9B36,0 1 2 3 4 5,00 05 42 80 14 00,14 00 01 50 40 80,0x1CA7E 0x1CA7D 0x1CA7C 0x1CA7B 0x1CA7A 0x1CA79,88 8E CC 0B A0 8D,9C 89 8B DB CC 0D,0x1C730 0x1C730 0x1C730 0x1C730 0x1C730 0x1C730,0x29 0x29 0x29 0x29 0x29 0x29,0x0B1 0x0B2 0x0B3 0x0B4 0x0B5 0x0B6,fce4d6
0x9B37 0x9B38 0x9B39,539,제어,,,0x9B37~0x9B39,0 1 2,05 51 52,1A 00 04,0x1CA78 0x1CA77 0x1CA76,93 E0 E2,A8 8F 94,0x1C730 0x1C730 0x1C730,0x29 0x29 0x29,0x0B7 0x0B8 0x0B9,fce4d6
0x9B3A 0x9B3B,540,제어,,,0x9B3A~0x9B3B,0 1,53 54,16 00,0x1CA75 0x1CA74,E4 E6,A7 92,0x1C730 0x1C730,0x29 0x29,0x0BA 0x0BB,fce4d6
0x9B3C 0x9B3D,541,문자,451,그,0x9B3C~0x9B3D,0 1,55 56,50 21,0x1CA73 0x1CA72,E8 EA,E3 B5,0x1C730 0x1C730,0x29 0x29,0x0BC 0x0BD,e9ae2b
0x9B3E 0x9B3F,542,문자,452,래,0x9B3E~0x9B3F,0 1,57 80,30 31,0x1CA71 0x1CA70,EC 16,C5 C7,0x1C730 0x1C730,0x29 0x29,0x0BE 0x0BF,e9ae2b
0x9B40 0x9B42 0x9B43,543,제어,,,0x9B40~0x9B43,0 2 3,14 05 56,12 23 00,0x1CA6F 0x1CA6D 0x1CA6C,AB 9E F0,A9 BC 9A,0x1C730 0x1C730 0x1C730,0x29 0x29 0x29,0x0C0 0x0C2 0x0C3,fce4d6
0x9B44 0x9B45,544,문자,453,・,0x9B44~0x9B45,0 1,80 15,60 12,0x1CA6B 0x1CA6A,1B B1,FB AE,0x1C730 0x1C730,0x29 0x29,0x0C4 0x0C5,e2f0d9
0x9B46,545,문자,454,・,0x9B46~0x9B47,0,00,60,0x1CA69,9D,FD,0x1C730,0x29,0x0C6,e2f0d9
0x9B48 0x9B49,546,문자,455,・,0x9B48~0x9B49,0 1,00 23,60 12,0x1CA67 0x1CA66,9F C3,FF B2,0x1C730 0x1C730,0x29 0x29,0x0C8 0x0C9,e2f0d9
0x9B4A 0x9B4C 0x9B4D,547,제어,,,0x9B4A~0x9B4D,0 2 3,21 30 19,12 21 00,0x1CA65 0x1CA63 0x1CA62,C2 D3 BD,B3 C4 A4,0x1C730 0x1C730 0x1C730,0x29 0x29 0x29,0x0CA 0x0CC 0x0CD,fce4d6
0x9B4E 0x9B4F,548,문자,456,␠,0x9B4E~0x9B4F,0 1,E0 28,18 12,0x1CA61 0x1CA60,85 CE,BD B8,0x1C730 0x1C730,0x29 0x29,0x0CE 0x0CF,e2f0d9
0x9B50 0x9B51,549,문자,457,근,0x9B50~0x9B51,0 1,90 7B,70 21,0x1CA5F 0x1CA5E,37 23,17 C9,0x1C730 0x1C730,0x29 0x29,0x0D0 0x0D1,e9ae2b
0x9B52 0x9B53,550,문자,458,데,0x9B52~0x9B53,0 1,40 18,F0 2D,0x1CA5D 0x1CA5C,E9 C2,99 D7,0x1C730 0x1C730,0x29 0x29,0x0D2 0x0D3,e9ae2b
0x9B54 0x9B55,551,문자,459,␠,0x9B54~0x9B55,0 1,40 3B,18 12,0x1CA5B 0x1CA5A,EB E7,C3 BE,0x1C730 0x1C730,0x29 0x29,0x0D4 0x0D5,e2f0d9
0x9B56 0x9B57,552,문자,460,너,0x9B56~0x9B57,0 1,90 1A,50 25,0x1CA59 0x1CA58,3D C8,FD D3,0x1C730 0x1C730,0x29 0x29,0x0D6 0x0D7,e9ae2b
0x9B58 0x9B59,553,문자,461,무,0x9B58~0x9B59,0 1,D0 13,00 36,0x1CA57 0x1CA56,7F C3,AF E6,0x1C730 0x1C730,0x29 0x29,0x0D8 0x0D9,e9ae2b
0x9B5A 0x9B5B,554,문자,462,␠,0x9B5A~0x9B5B,0 1,00 1B,18 12,0x1CA55 0x1CA54,B1 CD,C9 C4,0x1C730 0x1C730,0x29 0x29,0x0DA 0x0DB,e2f0d9
0x9B5C 0x9B5D,555,문자,463,뜸,0x9B5C~0x9B5D,0 1,30 46,D0 30,0x1CA53 0x1CA52,E3 FA,83 E4,0x1C730 0x1C730,0x29 0x29,0x0DC 0x0DD,e9ae2b
0x9B5E 0x9B5F,556,문자,464,을,0x9B5E~0x9B5F,0 1,E0 28,50 DE,0x1CA51 0x1CA50,95 DE,05 94,0x1C730 0x1C730,0x29 0x29,0x0DE 0x0DF,e9ae2b
0x9B60 0x9B61,557,문자,465,␠,0x9B60~0x9B61,0 1,D0 D5,18 12,0x1CA4F 0x1CA4E,87 8D,CF CA,0x1C730 0x1C730,0x29 0x29,0x0E0 0x0E1,e2f0d9
0x9B62 0x9B63,558,문자,466,들,0x9B62~0x9B63,0 1,C0 18,10 30,0x1CA4D 0x1CA4C,79 D2,C9 EA,0x1C730 0x1C730,0x29 0x29,0x0E2 0x0E3,e9ae2b
0x9B64 0x9B65,559,문자,467,이,0x9B64~0x9B65,0 1,A0 18,90 DE,0x1CA4B 0x1CA4A,5B D4,4B 9A,0x1C730 0x1C730,0x29 0x29,0x0E4 0x0E5,e9ae2b
0x9B66 0x9B67,560,문자,468,네,0x9B66~0x9B67,0 1,70 F7,90 25,0x1CA49 0x1CA48,2D B5,4D E3,0x1C730 0x1C730,0x29 0x29,0x0E6 0x0E7,e9ae2b
0x9B68 0x9B69,561,문자,469,・,0x9B68~0x9B69,0 1,70 F2,60 12,0x1CA47 0x1CA46,2F B2,1F D2,0x1C730 0x1C730,0x29 0x29,0x0E8 0x0E9,e2f0d9
0x9B6A 0x9B6B,562,문자,470,・,0x9B6A~0x9B6B,0 1,40 18,60 12,0x1CA45 0x1CA44,01 DA,21 D4,0x1C730 0x1C730,0x29 0x29,0x0EA 0x0EB,e2f0d9
0x9B6C 0x9B6D,563,문자,471,・,0x9B6C~0x9B6D,0 1,D0 28,60 12,0x1CA43 0x1CA42,93 EC,23 D6,0x1C730 0x1C730,0x29 0x29,0x0EC 0x0ED,e2f0d9
0x9B6E 0x9B6F,564,제어,,,0x9B6E~0x9B6F,0 1,30 12,15 00,0x1CA41 0x1CA40,F5 D8,DA C6,0x1C730 0x1C730,0x29 0x29,0x0EE 0x0EF,fce4d6
0x9B70 0x9B71,565,문자,472,흥,0x9B70~0x9B71,0 1,19 00,40 E5,0x1CA3F 0x1CA3E,E0 C8,07 AD,0x1C730 0x1C730,0x29 0x29,0x0F0 0x0F1,e9ae2b
0x9B72 0x9B73 0x9B74 0x9B75,566,제어,,,0x9B72~0x9B75,0 1 2 3,7B 15 00 17,12 00 23 00,0x1CA3D 0x1CA3C 0x1CA3B 0x1CA3A,44 DF CB E3,DB CA EE CC,0x1C730 0x1C730 0x1C730 0x1C730,0x29 0x29 0x29 0x29,0x0F2 0x0F3 0x0F4 0x0F5,fce4d6
0x9B76 0x9B77,567,문자,473,、,0x9B76~0x9B77,0 1,00 14,20 12,0x1CA39 0x1CA38,CD E2,ED E0,0x1C730 0x1C730,0x29 0x29,0x0F6 0x0F7,e2f0d9
0x9B78 0x9B79,568,문자,474,뭐,0x9B78~0x9B79,0 1,00 01,E0 37,0x1CA37 0x1CA36,CF D1,AF 07,0x1C730 0x1C730,0x29 0x29,0x0F8 0x0F9,e9ae2b
0x9B7A 0x9B7B,569,문자,475,␠,0x9B7A~0x9B7B,0 1,44 55,18 12,0x1CA35 0x1CA34,15 27,E9 E4,0x1C730 0x1C730,0x29 0x29,0x0FA 0x0FB,e2f0d9
0x9B7C 0x9B7D,570,문자,476,됐,0x9B7C~0x9B7D,0 1,80 1A,70 2E,0x1CA33 0x1CA32,53 EE,43 02,0x1C730 0x1C730,0x29 0x29,0x0FC 0x0FD,e9ae2b
0x9B7F,571,문자,477,어,0x9B7E~0x9B7F,1,04,70,0x1CA30,DB,47,0x1C730,0x29,0x0FF,e9ae2b
0x9B80 0x9B81,572,문자,478,・,0x9B80~0x9B81,0 1,16 00,60 12,0x1CA2F 0x1CA2E,EE D9,38 EB,0x1C730 0x1C730,0x29 0x29,0x100 0x101,e2f0d9
0x9B82 0x9B83,573,문자,479,・,0x9B82~0x9B83,0 1,80 4C,60 12,0x1CA2D 0x1CA2C,5A 27,3A ED,0x1C730 0x1C730,0x29 0x29,0x102 0x103,e2f0d9
0x9B84 0x9B85,574,문자,480,・,0x9B84~0x9B85,0 1,20 19,60 12,0x1CA2B 0x1CA2A,FC F6,3C EF,0x1C730 0x1C730,0x29 0x29,0x104 0x105,e2f0d9
0x9B86 0x9B87 0x9B88 0x9B89,575,제어,,,0x9B86~0x9B89,0 1 2 3,60 28 20 38,12 00 21 00,0x1CA29 0x1CA28 0x1CA27 0x1CA26,3E 07 00 19,F0 DF 01 E1,0x1C730 0x1C730 0x1C730 0x1C730,0x29 0x29 0x29 0x29,0x106 0x107 0x108 0x109,fce4d6
0x9B8A 0x9B8B,576,문자,481,␠,0x9B8A~0x9B8B,0 1,50 59,18 12,0x1CA25 0x1CA24,32 3C,FA F5,0x1C730 0x1C730,0x29 0x29,0x10A 0x10B,e2f0d9
0x9B8C 0x9B8D,577,문자,482,네,0x9B8C~0x9B8D,0 1,C0 84,90 25,0x1CA23 0x1CA22,A4 69,74 0A,0x1C730 0x1C730,0x29 0x29,0x10C 0x10D,e9ae2b
0x9B8E 0x9B8F,578,문자,483,␠,0x9B8E~0x9B8F,0 1,80 38,18 12,0x1CA21 0x1CA20,66 1F,FE F9,0x1C730 0x1C730,0x29 0x29,0x10E 0x10F,e2f0d9
0x9B91,579,문자,484,상,0x9B90~0x9B91,1,12,3D,0x1CA1E,FB,26,0x1C730,0x29,0x111,e9ae2b
0x9B92 0x9B93,580,문자,485,대,0x9B92~0x9B93,0 1,12 00,B0 2D,0x1CA1D 0x1CA1C,FC EB,9A 18,0x1C730 0x1C730,0x29 0x29,0x112 0x113,e9ae2b
0x9B94 0x9B95,581,문자,486,는,0x9B94~0x9B95,0 1,23 21,E0 25,0x1CA1B 0x1CA1A,0F 0E,CC 12,0x1C730 0x1C730,0x29 0x29,0x114 0x115,e9ae2b
0x9B96 0x9B97,582,문자,487,␠,0x9B96~0x9B97,0 1,00 20,18 12,0x1CA19 0x1CA18,EE 0F,06 01,0x1C730 0x1C730,0x29 0x29,0x116 0x117,e2f0d9
0x9B98 0x9B99,583,문자,488,나,0x9B98~0x9B99,0 1,38 60,B0 24,0x1CA17 0x1CA16,28 51,A0 15,0x1C730 0x1C730,0x29 0x29,0x118 0x119,e9ae2b
0x9B9A 0x9B9B,584,문자,489,보,0x9B9A~0x9B9B,0 1,18 A0,B0 3B,0x1CA15 0x1CA14,0A 93,A2 2E,0x1C730 0x1C730,0x29 0x29,0x11A 0x11B,e9ae2b
0x9B9C 0x9B9D,585,문자,490,다,0x9B9C~0x9B9D,0 1,3A 20,C0 27,0x1CA13 0x1CA12,2E 15,B4 1C,0x1C730 0x1C730,0x29 0x29,0x11C 0x11D,e9ae2b
0x9B9E 0x9B9F,586,문자,491,・,0x9B9E~0x9B9F,0 1,1A A0,60 12,0x1CA11 0x1CA10,10 97,56 09,0x1C730 0x1C730,0x29 0x29,0x11E 0x11F,e2f0d9
0x9BA0 0x9BA1,587,문자,492,・,0x9BA0~0x9BA1,0 1,3A 60,60 12,0x1CA0F 0x1CA0E,32 59,58 0B,0x1C730 0x1C730,0x29 0x29,0x120 0x121,e2f0d9
0x9BA2 0x9BA3,588,문자,493,・,0x9BA2~0x9BA3,0 1,2A 30,60 12,0x1CA0D 0x1CA0C,24 2B,5A 0D,0x1C730 0x1C730,0x29 0x29,0x122 0x123,e2f0d9
0x9BA4 0x9BA5 0x9BA6,589,제어,,,0x9BA4~0x9BA6,0 1 2,1A B0 28,1B 00 01,0x1CA0B 0x1CA0A 0x1CA09,16 AD 26,17 FD FF,0x1C730 0x1C730 0x1C730,0x29 0x29 0x29,0x124 0x125 0x126,fce4d6
0x9BA7 0x9BA8 0x9BA9 0x9BAA 0x9BAB,590,제어,,,0x9BA7~0x9BAB,0 1 2 3 4,F0 28 20 6A C0,14 00 05 41 80,0x1CA08 0x1CA07 0x1CA06 0x1CA05 0x1CA04,EF 28 21 6C C3,13 00 06 43 83,0x1C730 0x1C730 0x1C730 0x1C730 0x1C730,0x29 0x29 0x29 0x29 0x29,0x127 0x128 0x129 0x12A 0x12B,fce4d6
0x9BAC 0x9BAD 0x9BAE 0x9BAF 0x9BB0,591,제어,,,0x9BAC~0x9BB0,0 1 2 3 4,38 A0 28 40 18,14 00 05 42 80,0x1CA03 0x1CA02 0x1CA01 0x1CA00 0x1C9FF,3C A5 2E 47 20,18 05 0B 49 88,0x1C730 0x1C730 0x1C730 0x1C730 0x1C730,0x29 0x29 0x29 0x29 0x29,0x12C 0x12D 0x12E 0x12F 0x130,fce4d6
0x9BB1 0x9BB2 0x9BB3 0x9BB4 0x9BB5 0x9BB6 0x9BB7 0x9BB8 0x9BB9 0x9BBA 0x9BBB,592,제어,,,0x9BB1~0x9BBB,0 1 2 3 4 5 6 7 8 9 10,30 12 30 19 E0 28 40 40 60 66 B0,14 00 05 51 52 53 54 55 56 57 80,0x1C9FE 0x1C9FD 0x1C9FC 0x1C9FB 0x1C9FA 0x1C9F9 0x1C9F8 0x1C9F7 0x1C9F6 0x1C9F5 0x1C9F4,39 1C 3B 25 ED 36 4F 50 71 78 C3,1D 0A 10 5D 5F 61 63 65 67 69 93,0x1C730 0x1C730 0x1C730 0x1C730 0x1C730 0x1C730 0x1C730 0x1C730 0x1C730 0x1C730 0x1C730,0x29 0x29 0x29 0x29 0x29 0x29 0x29 0x29 0x29 0x29 0x29,0x131 0x132 0x133 0x134 0x135 0x136 0x137 0x138 0x139 0x13A 0x13B,fce4d6
0x9BBC 0x9BBD 0x9BBE 0x9BBF 0x9BC0,593,제어,,,0x9BBC~0x9BC0,0 1 2 3 4,28 40 18 B0 38,14 00 05 56 80,0x1C9F3 0x1C9F2 0x1C9F1 0x1C9F0 0x1C9EF,3C 55 2E C7 50,28 15 1B 6D 98,0x1C730 0x1C730 0x1C730 0x1C730 0x1C730,0x29 0x29 0x29 0x29 0x29,0x13C 0x13D 0x13E 0x13F 0x140,fce4d6
0x9BC1 0x9BC2,594,제어,,,0x9BC1~0x9BC2,0 1,A0 A0,15 00,0x1C9EE 0x1C9ED,B9 BA,2E 1A,0x1C730 0x1C730,0x29 0x29,0x141 0x142,fce4d6
0x9BC3 0x9BC4 0x9BC5 0x9BC6 0x9BC7,595,제어,,,0x9BC3~0x9BC7,0 1 2 3 4,50 FC 20 12 E0,12 00 23 21 00,0x1C9EC 0x1C9EB 0x1C9EA 0x1C9E9 0x1C9E8,6B 18 3D 30 FF,2D 1C 40 3F 1F,0x1C730 0x1C730 0x1C730 0x1C730 0x1C730,0x29 0x29 0x29 0x29 0x29,0x143 0x144 0x145 0x146 0x147,fce4d6
0x9BC8 0x9BC9,596,문자,494,이,0x9BC8~0x9BC9,0 1,4B 80,90 DE,0x1C9E7 0x1C9E6,6B A1,B0 FF,0x1C730 0x1C730,0x29 0x29,0x148 0x149,e9ae2b
0x9BCA 0x9BCB,597,문자,495,␠,0x9BCA~0x9BCB,0 1,41 70,18 12,0x1C9E5 0x1C9E4,63 93,3A 35,0x1C730 0x1C730,0x29 0x29,0x14A 0x14B,e2f0d9
0x9BCC 0x9BCD,598,문자,496,추,0x9BCC~0x9BCD,0 1,19 60,80 E1,0x1C9E3 0x1C9E2,3D 85,A4 06,0x1C730 0x1C730,0x29 0x29,0x14C 0x14D,e9ae2b
0x9BCE 0x9BCF,599,문자,497,악,0x9BCE~0x9BCF,0 1,28 40,00 58,0x1C9E1 0x1C9E0,4E 67,26 7F,0x1C730 0x1C730,0x29 0x29,0x14E 0x14F,e9ae2b
0x9BD0 0x9BD1,600,문자,498,한,0x9BD0~0x9BD1,0 1,18 B0,70 E3,0x1C9DF 0x1C9DE,40 D9,98 0C,0x1C730 0x1C730,0x29 0x29,0x150 0x151,e9ae2b
0x9BD2 0x9BD3,601,문자,499,␠,0x9BD2~0x9BD3,0 1,38 F0,18 12,0x1C9DD 0x1C9DC,62 1B,42 3D,0x1C730 0x1C730,0x29 0x29,0x152 0x153,e2f0d9
0x9BD4 0x9BD5,602,문자,500,보,0x9BD4~0x9BD5,0 1,38 10,B0 3B,0x1C9DB 0x1C9DA,64 3D,DC 68,0x1C730 0x1C730,0x29 0x29,0x154 0x155,e9ae2b
0x9BD6 0x9BD7,603,문자,501,그,0x9BD6~0x9BD7,0 1,19 00,50 21,0x1C9D9 0x1C9D8,47 2F,7E 50,0x1C730 0x1C730,0x29 0x29,0x156 0x157,e9ae2b
0x9BD8 0x9BD9,604,문자,502,␠,0x9BD8~0x9BD9,0 1,28 B0,18 12,0x1C9D7 0x1C9D6,58 E1,48 43,0x1C730 0x1C730,0x29 0x29,0x158 0x159,e2f0d9
0x9BDA 0x9BDB,605,문자,503,녀,0x9BDA~0x9BDB,0 1,18 90,A0 25,0x1C9D5 0x1C9D4,4A C3,D2 58,0x1C730 0x1C730,0x29 0x29,0x15A 0x15B,e9ae2b
0x9BDC 0x9BDD,606,문자,504,석,0x9BDC~0x9BDD,0 1,38 D0,60 3D,0x1C9D3 0x1C9D2,6C 05,94 72,0x1C730 0x1C730,0x29 0x29,0x15C 0x15D,e9ae2b
0x9BDE 0x9BDF,607,문자,505,들,0x9BDE~0x9BDF,0 1,28 60,10 30,0x1C9D1 0x1C9D0,5E 97,46 67,0x1C730 0x1C730,0x29 0x29,0x15E 0x15F,e9ae2b
0x9BE0 0x9BE1,608,문자,506,이,0x9BE0~0x9BE1,0 1,12 60,90 DE,0x1C9CF 0x1C9CE,4A 99,C8 17,0x1C730 0x1C730,0x29 0x29,0x160 0x161,e9ae2b
0x9BE2 0x9BE3,609,문자,507,␠,0x9BE2~0x9BE3,0 1,12 60,18 12,0x1C9CD 0x1C9CC,4C 9B,52 4D,0x1C730 0x1C730,0x29 0x29,0x162 0x163,e2f0d9
0x9BE4 0x9BE5,610,문자,508,더,0x9BE4~0x9BE5,0 1,12 15,C0 2D,0x1C9CB 0x1C9CA,4E 52,FC 6A,0x1C730 0x1C730,0x29 0x29,0x164 0x165,e9ae2b
0x9BE6 0x9BE7,611,문자,509,␠,0x9BE6~0x9BE7,0 1,00 40,18 12,0x1C9C9 0x1C9C8,3E 7F,56 51,0x1C730 0x1C730,0x29 0x29,0x166 0x167,e2f0d9
0x9BE8 0x9BE9,612,문자,510,잘,0x9BE8~0x9BE9,0 1,F6 30,40 DF,0x1C9C7 0x1C9C6,36 71,80 20,0x1C730 0x1C730,0x29 0x29,0x168 0x169,e9ae2b
0x9BEA 0x9BEB,613,문자,511,␠,0x9BEA~0x9BEB,0 1,46 E0,18 12,0x1C9C5 0x1C9C4,88 23,5A 55,0x1C730 0x1C730,0x29 0x29,0x16A 0x16B,e2f0d9
0x9BEC 0x9BED,614,문자,512,어,0x9BEC~0x9BED,0 1,28 D0,00 70,0x1C9C3 0x1C9C2,6C 15,44 B5,0x1C730 0x1C730,0x29 0x29,0x16C 0x16D,e9ae2b
0x9BEE 0x9BEF,615,문자,513,울,0x9BEE~0x9BEF,0 1,6A F0,F0 D3,0x1C9C1 0x1C9C0,B0 37,36 1A,0x1C730 0x1C730,0x29 0x29,0x16E 0x16F,e9ae2b
0x9BF0 0x9BF1,616,문자,514,려,0x9BF0~0x9BF1,0 1,5F 20,B0 31,0x1C9BF 0x1C9BE,A7 69,F8 7A,0x1C730 0x1C730,0x29 0x29,0x170 0x171,e9ae2b
0x9BF2 0x9BF3,617,문자,515,。,0x9BF2~0x9BF3,0 1,38 20,30 12,0x1C9BD 0x1C9BC,82 6B,7A 5D,0x1C730 0x1C730,0x29 0x29,0x172 0x173,e2f0d9
0x9BF4 0x9BF5 0x9BF6,618,제어,,,0x9BF4~0x9BF6,0 1 2,12 F0 74,19 00 7B,0x1C9BB 0x1C9BA 0x1C9B9,5E 3D C2,65 4D C9,0x1C730 0x1C730 0x1C730,0x29 0x29 0x29,0x174 0x175 0x176,fce4d6
0x9BF7 0x9BF8,619,제어,,,0x9BF7~0x9BF8,0 1,70 81,15 00,0x1C9B8 0x1C9B7,BF D1,64 50,0x1C730 0x1C730,0x29 0x29,0x177 0x178,fce4d6
0x9BF9 0x9BFA,620,제어,,,0x9BF9~0x9BFA,0 1,20 38,17 00,0x1C9B6 0x1C9B5,71 8A,68 52,0x1C730 0x1C730,0x29 0x29,0x179 0x17A,fce4d6
0x9BFB 0x9BFC 0x9BFD 0x9BFE 0x9BFF 0x9C00,621,제어,,,0x9BFB~0x9C00,0 1 2 3 4 5,20 12 12 00 23 00,14 00 01 44 55 80,0x1C9B4 0x1C9B3 0x1C9B2 0x1C9B1 0x1C9B0 0x1C9AF,73 66 67 56 7A 58,67 54 56 9A AC D8,0x1C730 0x1C730 0x1C730 0x1C730 0x1C730 0x1C730,0x29 0x29 0x29 0x29 0x29 0x29,0x17B 0x17C 0x17D 0x17E 0x17F 0x180,fce4d6
0x9C01 0x9C02 0x9C03,622,제어,,,0x9C01~0x9C03,0 1 2,D0 BE 12,1A 00 04,0x1C9AE 0x1C9AD 0x1C9AC,29 18 6D,73 5A 5F,0x1C730 0x1C730 0x1C730,0x29 0x29 0x29,0x181 0x182 0x183,fce4d6
0x9C04 0x9C05,623,제어,,,0x9C04~0x9C05,0 1,00 21,16 00,0x1C9AB 0x1C9AA,5C 7E,72 5D,0x1C730 0x1C730,0x29 0x29,0x184 0x185,fce4d6
0x9C06 0x9C07,624,문자,516,이,0x9C06~0x9C07,0 1,00 90,90 DE,0x1C9A9 0x1C9A8,5E EF,EE 3D,0x1C730 0x1C730,0x29 0x29,0x186 0x187,e9ae2b
0x9C08 0x9C09,625,문자,517,제,0x9C08~0x9C09,0 1,13 E0,F0 E3,0x1C9A7 0x1C9A6,73 41,50 44,0x1C730 0x1C730,0x29 0x29,0x188 0x189,e9ae2b
0x9C0A 0x9C0B,626,문자,518,␠,0x9C0A~0x9C0B,0 1,28 D0,18 12,0x1C9A5 0x1C9A4,8A 33,7A 75,0x1C730 0x1C730,0x29 0x29,0x18A 0x18B,e2f0d9
0x9C0C 0x9C0D,627,문자,519,현,0x9C0C~0x9C0D,0 1,6A 10,38 E4,0x1C9A3 0x1C9A2,CE 75,9C 49,0x1C730 0x1C730,0x29 0x29,0x18C 0x18D,e2f0d9
0x9C0E 0x9C0F,628,문자,520,실,0x9C0E~0x9C0F,0 1,65 50,E8 3F,0x1C9A1 0x1C9A0,CB B7,4E A6,0x1C730 0x1C730,0x29 0x29,0x18E 0x18F,e2f0d9
0x9C10 0x9C11,629,문자,521,로,0x9C10~0x9C11,0 1,19 80,D8 31,0x1C99F 0x1C99E,81 E9,40 9A,0x1C730 0x1C730,0x29 0x29,0x190 0x191,e2f0d9
0x9C13,630,문자,522,␠,0x9C12~0x9C13,1,20,12,0x1C99C,8B,7D,0x1C730,0x29,0x193,e2f0d9
0x9C14 0x9C15,631,문자,523,돌,0x9C14~0x9C15,0 1,38 20,30 2E,0x1C99B 0x1C99A,A4 8D,9C 9B,0x1C730 0x1C730,0x29 0x29,0x194 0x195,e9ae2b
0x9C16 0x9C17,632,문자,524,아,0x9C16~0x9C17,0 1,12 40,00 56,0x1C999 0x1C998,80 AF,6E C5,0x1C730 0x1C730,0x29 0x29,0x196 0x197,e9ae2b
0x9C18 0x9C19,633,문자,525,갈,0x9C18~0x9C19,0 1,43 60,D0 17,0x1C997 0x1C996,B3 D1,40 88,0x1C730 0x1C730,0x29 0x29,0x198 0x199,e9ae2b
0x9C1A 0x9C1B,634,문자,526,␠,0x9C1A~0x9C1B,0 1,28 C0,18 12,0x1C995 0x1C994,9A 33,8A 85,0x1C730 0x1C730,0x29 0x29,0x19A 0x19B,e2f0d9
0x9C1C 0x9C1D,635,문자,527,수,0x9C1C~0x9C1D,0 1,18 30,30 3F,0x1C993 0x1C992,8C A5,A4 B4,0x1C730 0x1C730,0x29 0x29,0x19C 0x19D,e9ae2b
0x9C1E 0x9C1F,636,문자,528,␠,0x9C1E~0x9C1F,0 1,BC 80,18 12,0x1C991 0x1C990,32 F7,8E 89,0x1C730 0x1C730,0x29 0x29,0x19E 0x19F,e2f0d9
0x9C20 0x9C21,637,문자,529,없,0x9C20~0x9C21,0 1,18 60,00 7C,0x1C98F 0x1C98E,90 D9,78 F5,0x1C730 0x1C730,0x29 0x29,0x1A0 0x1A1,e9ae2b
0x9C22 0x9C23,638,문자,530,으,0x9C22~0x9C23,0 1,28 40,30 DE,0x1C98D 0x1C98C,A2 BB,AA 59,0x1C730 0x1C730,0x29 0x29,0x1A2 0x1A3,e9ae2b
0x9C24 0x9C25,639,문자,531,니,0x9C24~0x9C25,0 1,18 B0,F0 25,0x1C98B 0x1C98A,94 2D,6C A2,0x1C730 0x1C730,0x29 0x29,0x1A4 0x1A5,e9ae2b
0x9C26 0x9C27,640,문자,532,、,0x9C26~0x9C27,0 1,38 E0,20 12,0x1C989 0x1C988,B6 5F,9E 91,0x1C730 0x1C730,0x29 0x29,0x1A6 0x1A7,e2f0d9
0x9C28 0x9C29 0x9C2A 0x9C2B 0x9C2C,641,제어,,,0x9C28~0x9C2C,0 1 2 3 4,28 80 38 60 12,12 00 23 21 00,0x1C987 0x1C986 0x1C985 0x1C984 0x1C983,A8 01 BA E3 96,92 81 A5 A4 84,0x1C730 0x1C730 0x1C730 0x1C730 0x1C730,0x29 0x29 0x29 0x29 0x29,0x1A8 0x1A9 0x1AA 0x1AB 0x1AC,fce4d6
0x9C2D 0x9C2E,642,문자,533,도,0x9C2D~0x9C2E,0 1,60 12,20 2E,0x1C982 0x1C981,E5 98,A5 B4,0x1C730 0x1C730,0x29 0x29,0x1AD 0x1AE,e9ae2b
0x9C2F 0x9C30,643,문자,534,망,0x9C2F~0x9C30,0 1,60 12,00 35,0x1C980 0x1C97F,E7 9A,87 BD,0x1C730 0x1C730,0x29 0x29,0x1AF 0x1B0,e9ae2b
0x9C31 0x9C32,644,문자,535,쳐,0x9C31~0x9C32,0 1,58 2B,40 E1,0x1C97E 0x1C97D,E1 B5,C9 6B,0x1C730 0x1C730,0x29 0x29,0x1B1 0x1B2,e9ae2b
0x9C33 0x9C34,645,문자,536,도,0x9C33~0x9C34,0 1,58 2B,20 2E,0x1C97C 0x1C97B,E3 B7,AB BA,0x1C730 0x1C730,0x29 0x29,0x1B3 0x1B4,e9ae2b
0x9C35 0x9C36,646,문자,537,␠,0x9C35~0x9C36,0 1,38 2A,18 12,0x1C97A 0x1C979,C5 B8,A5 A0,0x1C730 0x1C730,0x29 0x29,0x1B5 0x1B6,e2f0d9
0x9C37 0x9C38,647,문자,538,소,0x9C37~0x9C38,0 1,20 12,D0 3D,0x1C978 0x1C977,AF A2,5F CD,0x1C730 0x1C730,0x29 0x29,0x1B7 0x1B8,e9ae2b
0x9C39 0x9C3A,648,문자,539,용,0x9C39~0x9C3A,0 1,12 00,F0 CB,0x1C976 0x1C975,A3 92,81 5D,0x1C730 0x1C730,0x29 0x29,0x1B9 0x1BA,e9ae2b
0x9C3B 0x9C3C,649,문자,540,없,0x9C3B~0x9C3C,0 1,23 00,00 7C,0x1C974 0x1C973,B6 94,93 10,0x1C730 0x1C730,0x29 0x29,0x1BB 0x1BC,e9ae2b
0x9C3E,650,문자,541,어,0x9C3D~0x9C3E,1,28,70,0x1C971,BE,06,0x1C730,0x29,0x1BE,e9ae2b
0x9C3F 0x9C40,651,문자,542,。,0x9C3F~0x9C40,0 1,40 18,30 12,0x1C970 0x1C96F,D7 B0,C7 AA,0x1C730 0x1C730,0x29 0x29,0x1BF 0x1C0,e2f0d9
0x9C41 0x9C42,652,문자,543,이,0x9C41~0x9C42,0 1,80 19,90 DE,0x1C96E 0x1C96D,19 B3,29 78,0x1C730 0x1C730,0x29 0x29,0x1C1 0x1C2,e9ae2b
0x9C43 0x9C44,653,문자,544,␠,0x9C43~0x9C44,0 1,70 38,18 12,0x1C96C 0x1C96B,0B D4,B3 AE,0x1C730 0x1C730,0x29 0x29,0x1C3 0x1C4,e2f0d9
0x9C45 0x9C46,654,문자,545,세,0x9C45~0x9C46,0 1,60 18,A0 3D,0x1C96A 0x1C969,FD B6,3D DB,0x1C730 0x1C730,0x29 0x29,0x1C5 0x1C6,e9ae2b
0x9C47 0x9C48,655,문자,546,계,0x9C47~0x9C48,0 1,60 29,70 20,0x1C968 0x1C967,FF C9,0F C0,0x1C730 0x1C730,0x29 0x29,0x1C7 0x1C8,e9ae2b
0x9C49 0x9C4A,656,문자,547,에,0x9C49~0x9C4A,0 1,30 12,40 9F,0x1C966 0x1C965,D1 B4,E1 41,0x1C730 0x1C730,0x29 0x29,0x1C9 0x1CA,e9ae2b
0x9C4B 0x9C4C,657,문자,548,␠,0x9C4B~0x9C4C,0 1,12 00,18 12,0x1C964 0x1C963,B5 A4,BB B6,0x1C730 0x1C730,0x29 0x29,0x1CB 0x1CC,e2f0d9
0x9C4D 0x9C4E,658,문자,549,발,0x9C4D~0x9C4E,0 1,21 00,B0 39,0x1C962 0x1C961,C6 A6,55 DF,0x1C730 0x1C730,0x29 0x29,0x1CD 0x1CE,e9ae2b
0x9C4F 0x9C50,659,문자,550,을,0x9C4F~0x9C50,0 1,15 00,50 DE,0x1C960 0x1C95F,BC A8,F7 86,0x1C730 0x1C730,0x29 0x29,0x1CF 0x1D0,e9ae2b
0x9C51 0x9C52,660,문자,551,␠,0x9C51~0x9C52,0 1,40 F6,18 12,0x1C95E 0x1C95D,E9 A0,C1 BC,0x1C730 0x1C730,0x29 0x29,0x1D1 0x1D2,e2f0d9
0x9C53 0x9C54,661,문자,552,들,0x9C53~0x9C54,0 1,E0 28,10 30,0x1C95C 0x1C95B,8B D4,BB DC,0x1C730 0x1C730,0x29 0x29,0x1D3 0x1D4,e9ae2b
0x9C55 0x9C56,662,문자,553,인,0x9C55~0x9C56,0 1,D0 6A,A0 DE,0x1C95A 0x1C959,7D 18,4D 8C,0x1C730 0x1C730,0x29 0x29,0x1D5 0x1D6,e9ae2b
0x9C57 0x9C58,663,문자,554,␠,0x9C57~0x9C58,0 1,10 65,18 12,0x1C958 0x1C957,BF 15,C7 C2,0x1C730 0x1C730,0x29 0x29,0x1D7 0x1D8,e2f0d9
0x9C59 0x9C5A,664,문자,555,이,0x9C59~0x9C5A,0 1,B0 28,90 DE,0x1C956 0x1C955,61 DA,41 90,0x1C730 0x1C730,0x29 0x29,0x1D9 0x1DA,e9ae2b
0x9C5B 0x9C5C,665,문자,556,상,0x9C5B~0x9C5C,0 1,F0 28,20 3D,0x1C954 0x1C953,A3 DC,D3 F1,0x1C730 0x1C730,0x29 0x29,0x1DB 0x1DC,e9ae2b
0x9C5D 0x9C5E,666,문자,557,、,0x9C5D~0x9C5E,0 1,40 B6,20 12,0x1C952 0x1C951,F5 6C,D5 C8,0x1C730 0x1C730,0x29 0x29,0x1DD 0x1DE,e2f0d9
0x9C5F 0x9C60,667,문자,558,다,0x9C5F~0x9C60,0 1,B0 38,C0 27,0x1C950 0x1C94F,67 F0,77 DF,0x1C730 0x1C730,0x29 0x29,0x1DF 0x1E0,e9ae2b
0x9C61 0x9C62,668,문자,559,시,0x9C61~0x9C62,0 1,B0 18,C0 3F,0x1C94E 0x1C94D,69 D2,79 F9,0x1C730 0x1C730,0x29 0x29,0x1E1 0x1E2,e9ae2b
0x9C63 0x9C64,669,문자,560,␠,0x9C63~0x9C64,0 1,90 38,18 12,0x1C94C 0x1C94B,4B F4,D3 CE,0x1C730 0x1C730,0x29 0x29,0x1E3 0x1E4,e2f0d9
0x9C65 0x9C66,670,문자,561,태,0x9C65~0x9C66,0 1,60 12,40 E2,0x1C94A 0x1C949,1D D0,FD A0,0x1C730 0x1C730,0x29 0x29,0x1E5 0x1E6,e9ae2b
0x9C67 0x9C68,671,문자,562,어,0x9C67~0x9C68,0 1,60 12,00 70,0x1C948 0x1C947,1F D2,BF 30,0x1C730 0x1C730,0x29 0x29,0x1E7 0x1E8,e9ae2b
0x9C69 0x9C6A,672,문자,563,난,0x9C69~0x9C6A,0 1,60 12,C0 24,0x1C946 0x1C945,21 D4,81 E6,0x1C730 0x1C730,0x29 0x29,0x1E9 0x1EA,e9ae2b
0x9C6B 0x9C6C,673,문자,564,␠,0x9C6B~0x9C6C,0 1,12 00,18 12,0x1C944 0x1C943,D5 C4,DB D6,0x1C730 0x1C730,0x29 0x29,0x1EB 0x1EC,e2f0d9
0x9C6D 0x9C6E,674,문자,565,셈,0x9C6D~0x9C6E,0 1,23 21,B0 3D,0x1C942 0x1C941,E8 E7,75 03,0x1C730 0x1C730,0x29 0x29,0x1ED 0x1EE,e9ae2b
0x9C6F 0x9C70,675,문자,566,이,0x9C6F~0x9C70,0 1,00 80,90 DE,0x1C940 0x1C93F,C7 48,57 A6,0x1C730 0x1C730,0x29 0x29,0x1EF 0x1F0,e9ae2b
0x9C71 0x9C72,676,문자,567,니,0x9C71~0x9C72,0 1,28 90,F0 25,0x1C93E 0x1C93D,F1 5A,B9 EF,0x1C730 0x1C730,0x29 0x29,0x1F1 0x1F2,e9ae2b
0x9C73 0x9C74,677,문자,568,까,0x9C73~0x9C74,0 1,28 10,F0 21,0x1C93C 0x1C93B,F3 DC,BB ED,0x1C730 0x1C730,0x29 0x29,0x1F3 0x1F4,e9ae2b
0x9C75 0x9C76,678,문자,569,␠,0x9C75~0x9C76,0 1,38 F0,18 12,0x1C93A 0x1C939,05 BE,E5 E0,0x1C730 0x1C730,0x29 0x29,0x1F5 0x1F6,e2f0d9
0x9C77 0x9C78,679,문자,570,말,0x9C77~0x9C78,0 1,28 40,F0 34,0x1C938 0x1C937,F7 10,BF 04,0x1C730 0x1C730,0x29 0x29,0x1F7 0x1F8,e9ae2b
0x9C79 0x9C7A,680,문자,571,야,0x9C79~0x9C7A,0 1,F6 C0,00 6C,0x1C936 0x1C935,C7 92,D1 3E,0x1C730 0x1C730,0x29 0x29,0x1F9 0x1FA,e9ae2b
0x9C7B 0x9C7C,681,문자,572,。,0x9C7B~0x9C7C,0 1,18 90,30 12,0x1C934 0x1C933,EB 64,03 E6,0x1C730 0x1C730,0x29 0x29,0x1FB 0x1FC,e2f0d9
0x9C7D 0x9C7E,682,제어,,,0x9C7D~0x9C7E,0 1,B6 70,15 00,0x1C932 0x1C931,8B 46,EA D6,0x1C730 0x1C730,0x29 0x29,0x1FD 0x1FE,fce4d6
0x9C7F 0x9C80,683,문자,573,우,0x9C7F~0x9C80,0 1,19 60,F0 CD,0x1C930 0x1C92F,F1 39,C8 A6,0x1C730 0x1C730,0x29 0x29,0x1FF 0x200,e9ae2b
0x9C81 0x9C82,684,문자,574,리,0x9C81~0x9C82,0 1,28 20,70 34,0x1C92E 0x1C92D,02 FB,4A 0F,0x1C730 0x1C730,0x29 0x29,0x201 0x202,e9ae2b
0x9C83 0x9C84,685,문자,575,들,0x9C83~0x9C84,0 1,18 20,10 30,0x1C92C 0x1C92B,F4 FD,EC 0D,0x1C730 0x1C730,0x29 0x29,0x203 0x204,e9ae2b
0x9C85 0x9C86,686,문자,576,의,0x9C85~0x9C86,0 1,19 B0,80 DE,0x1C92A 0x1C929,F7 8F,5E BD,0x1C730 0x1C730,0x29 0x29,0x205 0x206,e9ae2b
0x9C87 0x9C88,687,문자,577,␠,0x9C87~0x9C88,0 1,38 F0,18 12,0x1C928 0x1C927,18 D1,F8 F3,0x1C730 0x1C730,0x29 0x29,0x207 0x208,e2f0d9
0x9C89 0x9C8A,688,문자,578,기,0x9C89~0x9C8A,0 1,38 30,B0 21,0x1C926 0x1C925,1A 13,92 04,0x1C730 0x1C730,0x29 0x29,0x209 0x20A,e9ae2b
0x9C8B 0x9C8C,689,문자,579,록,0x9C8B~0x9C8C,0 1,12 10,E0 31,0x1C924 0x1C923,F6 F5,C4 16,0x1C730 0x1C730,0x29 0x29,0x20B 0x20C,e9ae2b
0x9C8D 0x9C8E,690,문자,580,도,0x9C8D~0x9C8E,0 1,12 10,20 2E,0x1C922 0x1C921,F8 F7,06 15,0x1C730 0x1C730,0x29 0x29,0x20D 0x20E,e9ae2b
0x9C8F 0x9C90,691,문자,581,、,0x9C8F~0x9C90,0 1,12 10,20 12,0x1C920 0x1C91F,FA F9,08 FB,0x1C730 0x1C730,0x29 0x29,0x20F 0x210,e2f0d9
0x9C91 0x9C92,692,문자,582,흔,0x9C91~0x9C92,0 1,12 11,20 E5,0x1C91E 0x1C91D,FC FC,0A D0,0x1C730 0x1C730,0x29 0x29,0x211 0x212,e9ae2b
0x9C93 0x9C94,693,문자,583,적,0x9C93~0x9C94,0 1,00 44,A0 DF,0x1C91C 0x1C91B,EC 31,8C CC,0x1C730 0x1C730,0x29 0x29,0x213 0x214,e9ae2b
0x9C95 0x9C96,694,문자,584,도,0x9C95~0x9C96,0 1,00 19,20 2E,0x1C91A 0x1C919,EE 08,0E 1D,0x1C730 0x1C730,0x29 0x29,0x215 0x216,e9ae2b
0x9C97 0x9C98,695,문자,585,、,0x9C97~0x9C98,0 1,00 79,20 12,0x1C918 0x1C917,F0 6A,10 03,0x1C730 0x1C730,0x29 0x29,0x217 0x218,e2f0d9
0x9C99 0x9C9B,696,제어,,,0x9C99~0x9C9C,0 2,15 17,12 23,0x1C916 0x1C914,07 0B,04 17,0x1C730 0x1C730,0x29 0x29,0x219 0x21B,fce4d6
0x9C9D 0x9C9E,697,문자,586,사,0x9C9D~0x9C9E,0 1,1A 00,E0 3C,0x1C912 0x1C911,10 F7,D6 33,0x1C730 0x1C730,0x29 0x29,0x21D 0x21E,e9ae2b
0x9C9F 0x9CA0 0x9CA1 0x9CA2,698,제어,,,0x9C9F~0x9CA2,0 1 2 3,04 16 00 F0,12 00 21 00,0x1C910 0x1C90F 0x1C90E 0x1C90D,FC 0F FA EB,0A F9 1B FB,0x1C730 0x1C730 0x1C730 0x1C730,0x29 0x29 0x29 0x29,0x21F 0x220 0x221 0x222,fce4d6
0x9CA3 0x9CA4,699,문자,587,람,0x9CA3~0x9CA4,0 1,DC 20,20 31,0x1C90C 0x1C90B,D8 1D,1C 2E,0x1C730 0x1C730,0x29 0x29,0x223 0x224,e9ae2b
0x9CA5 0x9CA6,700,문자,588,들,0x9CA5~0x9CA6,0 1,B7 12,10 30,0x1C90A 0x1C909,B5 11,0E 2F,0x1C730 0x1C730,0x29 0x29,0x225 0x226,e9ae2b
0x9CA7 0x9CA8,701,문자,589,의,0x9CA7~0x9CA8,0 1,00 23,80 DE,0x1C908 0x1C907,00 24,80 DF,0x1C730 0x1C730,0x29 0x29,0x227 0x228,e9ae2b
0x9CA9 0x9CAA,702,문자,590,␠,0x9CA9~0x9CAA,0 1,00 60,18 12,0x1C906 0x1C905,02 63,1A 15,0x1C730 0x1C730,0x29 0x29,0x229 0x22A,e2f0d9
0x9CAB 0x9CAC,703,문자,591,기,0x9CAB~0x9CAC,0 1,12 60,B0 21,0x1C904 0x1C903,16 65,B4 26,0x1C730 0x1C730,0x29 0x29,0x22B 0x22C,e9ae2b
0x9CAD 0x9CAE,704,문자,592,억,0x9CAD~0x9CAE,0 1,12 60,00 72,0x1C902 0x1C901,18 67,06 79,0x1C730 0x1C730,0x29 0x29,0x22D 0x22E,e9ae2b
0x9CAF 0x9CB0,705,문자,593,조,0x9CAF~0x9CB0,0 1,12 12,F0 EB,0x1C900 0x1C8FF,1A 1B,F8 F4,0x1C730 0x1C730,0x29 0x29,0x22F 0x230,e9ae2b
0x9CB1 0x9CB2,706,문자,594,차,0x9CB1~0x9CB2,0 1,00 21,A0 E0,0x1C8FE 0x1C8FD,0A 2C,AA EB,0x1C730 0x1C730,0x29 0x29,0x231 0x232,e9ae2b
0x9CB3 0x9CB4,707,문자,595,도,0x9CB3~0x9CB4,0 1,00 20,20 2E,0x1C8FC 0x1C8FB,0C 2D,2C 3B,0x1C730 0x1C730,0x29 0x29,0x233 0x234,e9ae2b
0x9CB5 0x9CB6,708,문자,596,、,0x9CB5~0x9CB6,0 1,18 A0,20 12,0x1C8FA 0x1C8F9,26 AF,2E 21,0x1C730 0x1C730,0x29 0x29,0x235 0x236,e2f0d9
0x9CB7 0x9CB8,709,문자,597,모,0x9CB7~0x9CB8,0 1,28 F0,A0 35,0x1C8F8 0x1C8F7,38 01,B0 46,0x1C730 0x1C730,0x29 0x29,0x237 0x238,e9ae2b
0x9CB9,710,문자,598,든,0x9CB9~0x9CBA,0,19,00,0x1C8F6,2B,12,0x1C730,0x29,0x239,e9ae2b
0x9CBB 0x9CBC,711,문자,599,␠,0x9CBB~0x9CBC,0 1,28 60,18 12,0x1C8F4 0x1C8F3,3C 75,2C 27,0x1C730 0x1C730,0x29 0x29,0x23B 0x23C,e2f0d9
0x9CBD 0x9CBE,712,문자,600,게,0x9CBD~0x9CBE,0 1,28 D0,00 20,0x1C8F2 0x1C8F1,3E E7,16 37,0x1C730 0x1C730,0x29 0x29,0x23D 0x23E,e9ae2b
0x9CBF 0x9CC0,713,문자,601,␠,0x9CBF~0x9CC0,0 1,BE F0,18 12,0x1C8F0 0x1C8EF,D6 09,30 2B,0x1C730 0x1C730,0x29 0x29,0x23F 0x240,e2f0d9
0x9CC1 0x9CC2,714,문자,602,사,0x9CC1~0x9CC2,0 1,28 60,E0 3C,0x1C8EE 0x1C8ED,42 7B,FA 57,0x1C730 0x1C730,0x29 0x29,0x241 0x242,e9ae2b
0x9CC3 0x9CC4,715,문자,603,라,0x9CC3~0x9CC4,0 1,12 60,F0 30,0x1C8EC 0x1C8EB,2E 7D,0C 4D,0x1C730 0x1C730,0x29 0x29,0x243 0x244,e9ae2b
0x9CC5 0x9CC6,716,문자,604,져,0x9CC5~0x9CC6,0 1,12 60,F0 E7,0x1C8EA 0x1C8E9,30 7F,0E 06,0x1C730 0x1C730,0x29 0x29,0x245 0x246,e9ae2b
0x9CC7 0x9CC8,717,문자,605,버,0x9CC7~0x9CC8,0 1,12 A0,F0 39,0x1C8E8 0x1C8E7,32 C1,10 5A,0x1C730 0x1C730,0x29 0x29,0x247 0x248,e9ae2b
0x9CC9 0x9CCA,718,문자,606,렸,0x9CC9~0x9CCA,0 1,12 0F,C0 31,0x1C8E6 0x1C8E5,34 32,E2 54,0x1C730 0x1C730,0x29 0x29,0x249 0x24A,e9ae2b
0x9CCB 0x9CCC,719,문자,607,다,0x9CCB~0x9CCC,0 1,00 00,C0 27,0x1C8E4 0x1C8E3,24 25,E4 4C,0x1C730 0x1C730,0x29 0x29,0x24B 0x24C,e9ae2b
0x9CCD 0x9CCE,720,문자,608,고,0x9CCD~0x9CCE,0 1,00 00,80 20,0x1C8E2 0x1C8E1,26 27,A6 47,0x1C730 0x1C730,0x29 0x29,0x24D 0x24E,e9ae2b
0x9CCF 0x9CD0,721,문자,609,・,0x9CCF~0x9CD0,0 1,00 00,60 12,0x1C8E0 0x1C8DF,28 29,88 3B,0x1C730 0x1C730,0x29 0x29,0x24F 0x250,e2f0d9
0x9CD1 0x9CD2,722,문자,610,・,0x9CD1~0x9CD2,0 1,00 00,60 12,0x1C8DE 0x1C8DD,2A 2B,8A 3D,0x1C730 0x1C730,0x29 0x29,0x251 0x252,e2f0d9
0x9CD3 0x9CD4,723,문자,611,・,0x9CD3~0x9CD4,0 1,00 00,60 12,0x1C8DC 0x1C8DB,2C 2D,8C 3F,0x1C730 0x1C730,0x29 0x29,0x253 0x254,e2f0d9
0x9CD5 0x9CD6,724,문자,612,␠,0x9CD5~0x9CD6,0 1,00 00,18 12,0x1C8DA 0x1C8D9,2E 2F,46 41,0x1C730 0x1C730,0x29 0x29,0x255 0x256,e2f0d9
0x9CD7 0x9CD8,725,문자,613,후,0x9CD7~0x9CD8,0 1,00 00,C0 E4,0x1C8D8 0x1C8D7,30 31,F0 15,0x1C730 0x1C730,0x29 0x29,0x257 0x258,e9ae2b
0x9CD9 0x9CDA,726,문자,614,후,0x9CD9~0x9CDA,0 1,00 00,C0 E4,0x1C8D6 0x1C8D5,32 33,F2 17,0x1C730 0x1C730,0x29 0x29,0x259 0x25A,e9ae2b
0x9CDB 0x9CDC,727,문자,615,、,0x9CDB~0x9CDC,0 1,00 00,20 12,0x1C8D4 0x1C8D3,34 35,54 47,0x1C730 0x1C730,0x29 0x29,0x25B 0x25C,e2f0d9
0x9CDD 0x9CDF,728,제어,,,0x9CDD~0x9CE0,0 2,00 00,12 23,0x1C8D2 0x1C8D0,36 38,48 5B,0x1C730 0x1C730,0x29 0x29,0x25D 0x25F,fce4d6
0x9CE1 0x9CE2,729,문자,616,그,0x9CE1~0x9CE2,0 1,00 00,50 21,0x1C8CE 0x1C8CD,3A 3B,8A 5C,0x1C730 0x1C730,0x29 0x29,0x261 0x262,e9ae2b
0x9CE3 0x9CE4,730,문자,617,치,0x9CE3~0x9CE4,0 1,00 00,A0 E1,0x1C8CC 0x1C8CB,3C 3D,DC 1E,0x1C730 0x1C730,0x29 0x29,0x263 0x264,e9ae2b
0x9CE5 0x9CE6,731,문자,618,만,0x9CE5~0x9CE6,0 1,00 00,D0 34,0x1C8CA 0x1C8C9,3E 3F,0E 73,0x1C730 0x1C730,0x29 0x29,0x265 0x266,e9ae2b
0x9CE7 0x9CE8,732,문자,619,␠,0x9CE7~0x9CE8,0 1,00 00,18 12,0x1C8C8 0x1C8C7,40 41,58 53,0x1C730 0x1C730,0x29 0x29,0x267 0x268,e2f0d9
0x9CE9 0x9CEA,733,문자,620,걱,0x9CE9~0x9CEA,0 1,00 00,A0 1D,0x1C8C6 0x1C8C5,42 43,E2 60,0x1C730 0x1C730,0x29 0x29,0x269 0x26A,e9ae2b
0x9CEB 0x9CEC,734,문자,621,정,0x9CEB~0x9CEC,0 1,00 00,F0 DF,0x1C8C4 0x1C8C3,44 45,34 24,0x1C730 0x1C730,0x29 0x29,0x26B 0x26C,e9ae2b
0x9CED 0x9CEE,735,문자,622,하,0x9CED~0x9CEE,0 1,00 00,50 E3,0x1C8C2 0x1C8C1,46 47,96 2A,0x1C730 0x1C730,0x29 0x29,0x26D 0x26E,e9ae2b
0x9CEF 0x9CF0,736,문자,623,지,0x9CEF~0x9CF0,0 1,00 00,10 E0,0x1C8C0 0x1C8BF,48 49,58 29,0x1C730 0x1C730,0x29 0x29,0x26F 0x270,e9ae2b
0x9CF1 0x9CF2,737,문자,624,␠,0x9CF1~0x9CF2,0 1,00 00,18 12,0x1C8BE 0x1C8BD,4A 4B,62 5D,0x1C730 0x1C730,0x29 0x29,0x271 0x272,e2f0d9
0x9CF3 0x9CF4,738,문자,625,마,0x9CF3~0x9CF4,0 1,00 00,B0 34,0x1C8BC 0x1C8BB,4C 4D,FC 81,0x1C730 0x1C730,0x29 0x29,0x273 0x274,e9ae2b
0x9CF5 0x9CF6,739,문자,626,。,0x9CF5~0x9CF6,0 1,00 00,30 12,0x1C8BA 0x1C8B9,4E 4F,7E 61,0x1C730 0x1C730,0x29 0x29,0x275 0x276,e2f0d9
0x9CF7 0x9CF9,740,제어,,,0x9CF7~0x9CFA,0 2,00 00,12 21,0x1C8B8 0x1C8B6,50 52,62 73,0x1C730 0x1C730,0x29 0x29,0x277 0x279,fce4d6
0x9CFB,741,제어,,,0x9CFB~0x9CFC,0,00,15,0x1C8B4,54,69,0x1C730,0x29,0x27B,fce4d6
0x9CFD 0x9CFE,742,문자,627,넌,0x9CFD~0x9CFE,0 1,00 00,60 25,0x1C8B2 0x1C8B1,56 57,B6 7C,0x1C730 0x1C730,0x29 0x29,0x27D 0x27E,e9ae2b
0x9CFF 0x9D00,743,문자,628,␠,0x9CFF~0x9D00,0 1,00 E8,18 12,0x1C8B0 0x1C8AF,58 41,70 6B,0x1C730 0x1C730,0x29 0x29,0x27F 0x280,e2f0d9
0x9D01 0x9D02,744,문자,629,내,0x9D01~0x9D02,0 1,28 68,00 25,0x1C8AE 0x1C8AD,82 C3,5A 80,0x1C730 0x1C730,0x29 0x29,0x281 0x282,e9ae2b
0x9D03 0x9D04,745,문자,630,가,0x9D03~0x9D04,0 1,C6 78,A0 17,0x1C8AC 0x1C8AB,22 D5,FC 74,0x1C730 0x1C730,0x29 0x29,0x283 0x284,e9ae2b
0x9D05 0x9D06,746,문자,631,␠,0x9D05~0x9D06,0 1,28 D8,18 12,0x1C8AA 0x1C8A9,86 37,76 71,0x1C730 0x1C730,0x29 0x29,0x285 0x286,e2f0d9
0x9D07 0x9D08,747,문자,632,계,0x9D07~0x9D08,0 1,19 E8,70 20,0x1C8A8 0x1C8A7,79 49,D0 81,0x1C730 0x1C730,0x29 0x29,0x287 0x288,e9ae2b
0x9D09 0x9D0A,748,문자,633,속,0x9D09~0x9D0A,0 1,28 58,E0 3D,0x1C8A6 0x1C8A5,8A BB,42 A0,0x1C730 0x1C730,0x29 0x29,0x289 0x28A,e9ae2b
0x9D0B 0x9D0C,749,문자,634,␠,0x9D0B~0x9D0C,0 1,A1 38,18 12,0x1C8A4 0x1C8A3,05 9D,7C 77,0x1C730 0x1C730,0x29 0x29,0x28B 0x28C,e2f0d9
0x9D0D 0x9D0E,750,문자,635,기,0x9D0D~0x9D0E,0 1,58 28,B0 21,0x1C8A2 0x1C8A1,BE 8F,16 88,0x1C730 0x1C730,0x29 0x29,0x28D 0x28E,e9ae2b
0x9D0F 0x9D10,751,문자,636,억,0x9D0F~0x9D10,0 1,39 58,00 72,0x1C8A0 0x1C89F,A1 C1,68 DB,0x1C730 0x1C730,0x29 0x29,0x28F 0x290,e9ae2b
0x9D11 0x9D12,752,문자,637,해,0x9D11~0x9D12,0 1,47 98,B0 E3,0x1C89E 0x1C89D,B1 03,1A 4E,0x1C730 0x1C730,0x29 0x29,0x291 0x292,e9ae2b
0x9D13 0x9D14,753,문자,638,줄,0x9D13~0x9D14,0 1,19 B8,F0 F9,0x1C89C 0x1C89B,85 25,5C 66,0x1C730 0x1C730,0x29 0x29,0x293 0x294,e9ae2b
0x9D16,754,문자,639,␠,0x9D15~0x9D16,1,60,12,0x1C899,CF,81,0x1C730,0x29,0x296,e2f0d9
0x9D17 0x9D18,755,문자,640,테,0x9D17~0x9D18,0 1,12 60,60 E2,0x1C898 0x1C897,82 D1,D0 53,0x1C730 0x1C730,0x29 0x29,0x297 0x298,e9ae2b
0x9D19 0x9D1A,756,문자,641,니,0x9D19~0x9D1A,0 1,12 60,F0 25,0x1C896 0x1C895,84 D3,62 98,0x1C730 0x1C730,0x29 0x29,0x299 0x29A,e9ae2b
0x9D1B 0x9D1C,757,문자,642,까,0x9D1B~0x9D1C,0 1,12 15,F0 21,0x1C894 0x1C893,86 8A,64 96,0x1C730 0x1C730,0x29 0x29,0x29B 0x29C,e9ae2b
0x9D1D 0x9D1E,758,문자,643,・,0x9D1D~0x9D1E,0 1,00 F8,60 12,0x1C892 0x1C891,76 6F,D6 89,0x1C730 0x1C730,0x29 0x29,0x29D 0x29E,e2f0d9
0x9D1F 0x9D20,759,문자,644,・,0x9D1F~0x9D20,0 1,19 F8,60 12,0x1C890 0x1C88F,91 71,D8 8B,0x1C730 0x1C730,0x29 0x29,0x29F 0x2A0,e2f0d9
0x9D21 0x9D22,760,문자,645,・,0x9D21~0x9D22,0 1,38 18,60 12,0x1C88E 0x1C88D,B2 93,DA 8D,0x1C730 0x1C730,0x29 0x29,0x2A1 0x2A2,e2f0d9
0x9D23 0x9D24 0x9D25 0x9D26 0x9D27,761,제어,,,0x9D23~0x9D27,0 1 2 3 4,19 F8 19 38 19,12 00 23 21 00,0x1C88C 0x1C88B 0x1C88A 0x1C889 0x1C888,95 75 97 B7 99,8E 7D A1 A0 80,0x1C730 0x1C730 0x1C730 0x1C730 0x1C730,0x29 0x29 0x29 0x29 0x29,0x2A3 0x2A4 0x2A5 0x2A6 0x2A7,fce4d6
0x9D28 0x9D29,762,문자,646,␠,0x9D28~0x9D29,0 1,88 28,18 12,0x1C887 0x1C886,09 AA,99 94,0x1C730 0x1C730,0x29 0x29,0x2A8 0x2A9,e2f0d9
0x9D2A 0x9D2B,763,문자,647,마,0x9D2A~0x9D2B,0 1,28 39,B0 34,0x1C885 0x1C884,AB BD,33 B8,0x1C730 0x1C730,0x29 0x29,0x2AA 0x2AB,e9ae2b
0x9D2C 0x9D2D,764,문자,648,지,0x9D2C~0x9D2D,0 1,A0 12,10 E0,0x1C883 0x1C882,25 98,95 66,0x1C730 0x1C730,0x29 0x29,0x2AC 0x2AD,e9ae2b
0x9D2E 0x9D2F,765,문자,649,막,0x9D2E~0x9D2F,0 1,88 38,C0 34,0x1C881 0x1C880,0F C0,47 BC,0x1C730 0x1C730,0x29 0x29,0x2AE 0x2AF,e9ae2b
0x9D30 0x9D31,766,문자,650,␠,0x9D30~0x9D31,0 1,B8 18,18 12,0x1C87F 0x1C87E,41 A2,A1 9C,0x1C730 0x1C730,0x29 0x29,0x2B0 0x2B1,e2f0d9
0x9D32 0x9D33,767,문자,651,숨,0x9D32~0x9D33,0 1,D8 38,50 3F,0x1C87D 0x1C87C,63 C4,DB CB,0x1C730 0x1C730,0x29 0x29,0x2B2 0x2B3,e9ae2b
0x9D34 0x9D35,768,문자,652,통,0x9D34~0x9D35,0 1,68 18,80 E2,0x1C87B 0x1C87A,F5 A6,0D 70,0x1C730 0x1C730,0x29 0x29,0x2B4 0x2B5,e9ae2b
0x9D36 0x9D37,769,문자,653,을,0x9D36~0x9D37,0 1,20 12,50 DE,0x1C879 0x1C878,AF A2,DF 6E,0x1C730 0x1C730,0x29 0x29,0x2B6 0x2B7,e9ae2b
0x9D38 0x9D39,770,문자,654,␠,0x9D38~0x9D39,0 1,78 B7,18 12,0x1C877 0x1C876,09 49,A9 A4,0x1C730 0x1C730,0x29 0x29,0x2B8 0x2B9,e2f0d9
0x9D3A 0x9D3B,771,문자,655,내,0x9D3A~0x9D3B,0 1,48 18,00 25,0x1C875 0x1C874,DB AC,93 B9,0x1C730 0x1C730,0x29 0x29,0x2BA 0x2BB,e9ae2b
0x9D3C 0x9D3D,772,문자,656,가,0x9D3C~0x9D3D,0 1,E8 86,A0 17,0x1C873 0x1C872,7D 1C,35 AD,0x1C730 0x1C730,0x29 0x29,0x2BC 0x2BD,e9ae2b
0x9D3E 0x9D3F,773,문자,657,␠,0x9D3E~0x9D3F,0 1,B8 38,18 12,0x1C871 0x1C870,4F D0,AF AA,0x1C730 0x1C730,0x29 0x29,0x2BE 0x2BF,e2f0d9
0x9D40 0x9D41,774,문자,658,직,0x9D40~0x9D41,0 1,C8 18,20 E0,0x1C86F 0x1C86E,61 B2,B9 7A,0x1C730 0x1C730,0x29 0x29,0x2C0 0x2C1,e9ae2b
0x9D42 0x9D43,775,문자,659,접,0x9D42~0x9D43,0 1,48 18,E0 DF,0x1C86D 0x1C86C,E3 B4,7B 7B,0x1C730 0x1C730,0x29 0x29,0x2C2 0x2C3,e9ae2b
0x9D44 0x9D45,776,문자,660,␠,0x9D44~0x9D45,0 1,48 18,18 12,0x1C86B 0x1C86A,E5 B6,B5 B0,0x1C730 0x1C730,0x29 0x29,0x2C4 0x2C5,e2f0d9
0x9D46 0x9D47,777,문자,661,끊,0x9D46~0x9D47,0 1,A0 12,70 24,0x1C869 0x1C868,3F B2,0F C4,0x1C730 0x1C730,0x29 0x29,0x2C6 0x2C7,e9ae2b
0x9D48 0x9D49,778,문자,662,어,0x9D48~0x9D49,0 1,10 11,00 70,0x1C867 0x1C866,B1 B3,A1 12,0x1C730 0x1C730,0x29 0x29,0x2C8 0x2C9,e9ae2b
0x9D4A 0x9D4B,779,문자,663,줄,0x9D4A~0x9D4B,0 1,10 11,F0 F9,0x1C865 0x1C864,B3 B5,93 9D,0x1C730 0x1C730,0x29 0x29,0x2CA 0x2CB,e9ae2b
0x9D4C 0x9D4D,780,문자,664,게,0x9D4C~0x9D4D,0 1,10 11,00 20,0x1C863 0x1C862,B5 B7,A5 C6,0x1C730 0x1C730,0x29 0x29,0x2CC 0x2CD,e9ae2b
0x9D4E 0x9D4F,781,문자,665,。,0x9D4E~0x9D4F,0 1,10 11,30 12,0x1C861 0x1C860,B7 B9,D7 BA,0x1C730 0x1C730,0x29 0x29,0x2CE 0x2CF,e2f0d9
0x9D51,782,제어,,,0x9D50~0x9D51,1,11,12,0x1C85E,BB,BC,0x1C730,0x29,0x2D1,fce4d6
0x9D52 0x9D53,783,제어,,,0x9D52~0x9D53,0 1,0F 00,10 12,0x1C85D 0x1C85C,BA AC,BB BE,0x1C730 0x1C730,0x29 0x29,0x2D2 0x2D3,fce4d6
0x9D54 0x9D55,784,제어,,,0x9D54~0x9D55,0 1,00 00,10 12,0x1C85B 0x1C85A,AD AE,BD C0,0x1C730 0x1C730,0x29 0x29,0x2D4 0x2D5,fce4d6
0x9D56 0x9D58,785,제어,,,0x9D56~0x9D59,0 2,00 00,11 44,0x1C859 0x1C857,AF B1,C0 F5,0x1C730 0x1C730,0x29 0x29,0x2D6 0x2D8,fce4d6
0x9D5A 0x9D5C,786,제어,,,0x9D5A~0x9D5C,0 2,00 00,19 79,0x1C855 0x1C853,B3 B5,CC 2E,0x1C730 0x1C730,0x29 0x29,0x2DA 0x2DC,fce4d6
0x9D5D,787,제어,,,0x9D5D~0x9D5E,0,00,15,0x1C852,B6,CB,0x1C730,0x29,0x2DD,fce4d6
0x9D5F,788,제어,,,0x9D5F~0x9D60,0,00,17,0x1C850,B8,CF,0x1C730,0x29,0x2DF,fce4d6
0x9D61 0x9D63,789,제어,,,0x9D61~0x9D63,0 2,00 00,1A 04,0x1C84E 0x1C84C,BA BC,D4 C0,0x1C730 0x1C730,0x29 0x29,0x2E1 0x2E3,fce4d6
0x9D64,790,제어,,,0x9D64~0x9D65,0,00,16,0x1C84B,BD,D3,0x1C730,0x29,0x2E4,fce4d6
0x9D66 0x9D67,791,문자,666,레,0x9D66~0x9D67,0 1,00 00,A0 31,0x1C849 0x1C848,BF C0,5F F1,0x1C730 0x1C730,0x29 0x29,0x2E6 0x2E7,e9ae2b
0x9D68 0x9D69,792,문자,667,이,0x9D68~0x9D69,0 1,00 00,90 DE,0x1C847 0x1C846,C1 C2,51 A0,0x1C730 0x1C730,0x29 0x29,0x2E8 0x2E9,e9ae2b
0x9D6A 0x9D6B,793,문자,668,코,0x9D6A~0x9D6B,0 1,00 00,10 E2,0x1C845 0x1C844,C3 C4,D3 A6,0x1C730 0x1C730,0x29 0x29,0x2EA 0x2EB,e9ae2b
0x9D6C 0x9D6E,794,제어,,,0x9D6C~0x9D6F,0 2,00 00,12 23,0x1C843 0x1C841,C5 C7,D7 EA,0x1C730 0x1C730,0x29 0x29,0x2EC 0x2EE,fce4d6
0x9D70 0x9D71,795,문자,669,・,0x9D70~0x9D71,0 1,00 00,60 12,0x1C83F 0x1C83E,C9 CA,29 DC,0x1C730 0x1C730,0x29 0x29,0x2F0 0x2F1,e2f0d9
0x9D72 0x9D73,796,문자,670,・,0x9D72~0x9D73,0 1,00 00,60 12,0x1C83D 0x1C83C,CB CC,2B DE,0x1C730 0x1C730,0x29 0x29,0x2F2 0x2F3,e2f0d9
0x9D74 0x9D75,797,문자,671,・,0x9D74~0x9D75,0 1,00 00,60 12,0x1C83B 0x1C83A,CD CE,2D E0,0x1C730 0x1C730,0x29 0x29,0x2F4 0x2F5,e2f0d9
0x9D76 0x9D78,798,제어,,,0x9D76~0x9D79,0 2,00 00,12 21,0x1C839 0x1C837,CF D1,E1 F2,0x1C730 0x1C730,0x29 0x29,0x2F6 0x2F8,fce4d6
0x9D7A 0x9D7B,799,문자,672,␠,0x9D7A~0x9D7B,0 1,00 00,18 12,0x1C835 0x1C834,D3 D4,EB E6,0x1C730 0x1C730,0x29 0x29,0x2FA 0x2FB,e2f0d9
0x9D7C 0x9D7D,800,문자,673,너,0x9D7C~0x9D7D,0 1,00 00,50 25,0x1C833 0x1C832,D5 D6,25 FB,0x1C730 0x1C730,0x29 0x29,0x2FC 0x2FD,e9ae2b
0x9D7F,801,문자,674,란,0x9D7E~0x9D7F,1,00,31,0x1C830,D9,0A,0x1C730,0x29,0x2FF,e9ae2b
0x9D80 0x9D81,802,문자,675,␠,0x9D80~0x9D81,0 1,00 23,18 12,0x1C82F 0x1C82E,DA FE,F2 ED,0x1C730 0x1C730,0x29 0x29,0x300 0x301,e2f0d9
0x9D83,803,문자,676,애,0x9D82~0x9D83,1,10,6A,0x1C82C,ED,47,0x1C730,0x29,0x303,e9ae2b
0x9D84 0x9D85,804,문자,677,는,0x9D84~0x9D85,0 1,7B F0,E0 25,0x1C82B 0x1C82A,59 CF,BE 04,0x1C730 0x1C730,0x29 0x29,0x304 0x305,e9ae2b
0x9D86 0x9D87,805,문자,678,␠,0x9D86~0x9D87,0 1,38 C0,18 12,0x1C829 0x1C828,18 A1,F8 F3,0x1C730 0x1C730,0x29 0x29,0x306 0x307,e2f0d9
0x9D88 0x9D89,806,문자,679,정,0x9D88~0x9D89,0 1,38 F0,F0 DF,0x1C827 0x1C826,1A D3,D2 C2,0x1C730 0x1C730,0x29 0x29,0x308 0x309,e9ae2b
0x9D8A 0x9D8B,807,문자,680,말,0x9D8A~0x9D8B,0 1,19 B0,F0 34,0x1C825 0x1C824,FD 95,D4 19,0x1C730 0x1C730,0x29 0x29,0x30A 0x30B,e9ae2b
0x9D8C 0x9D8D,808,문자,681,・,0x9D8C~0x9D8D,0 1,18 90,60 12,0x1C823 0x1C822,FE 77,46 F9,0x1C730 0x1C730,0x29 0x29,0x30C 0x30D,e2f0d9
0x9D8E,809,문자,682,・,0x9D8E~0x9D8F,0,38,60,0x1C821,20,48,0x1C730,0x29,0x30E,e2f0d9
0x9D90 0x9D91,810,문자,683,・,0x9D90~0x9D91,0 1,00 21,60 12,0x1C81F 0x1C81E,EA 0C,4A FD,0x1C730 0x1C730,0x29 0x29,0x310 0x311,e2f0d9
0x9D92 0x9D93,811,문자,684,!,0x9D92~0x9D93,0 1,00 80,A0 12,0x1C81D 0x1C81C,EC 6D,8C FF,0x1C730 0x1C730,0x29 0x29,0x312 0x313,e2f0d9
0x9D94,TERMINATOR,종료,,0F,0x9D94,0,38,0F,0x1C81B,26,FD,0x1C730,0x29,0x314,
