runtime_addrs,row,kind,slot,char,row_addr,byte_indices,decoded_old_bytes,decoded_new_bytes,disk_offsets,raw_old_bytes,raw_new_bytes,payload_starts,decode_keys,segment_indices,fill
0x9698 0x9699,7,문자,1,바,0x9698~0x9699,0 1,40 3B,80 39,0x1AEA7 0x1AEA6,2E 2A,6E 28,0x1AAC0 0x1AAC0,0x2A 0x2A,0x018 0x019,e9ae2b
0x969A 0x969B,8,문자,2,니,0x969A~0x969B,0 1,10 1A,F0 25,0x1AEA5 0x1AEA4,00 0B,E0 16,0x1AAC0 0x1AAC0,0x2A 0x2A,0x01A 0x01B,e9ae2b
0x969C 0x969D,9,문자,3,티,0x969C~0x969D,0 1,B0 2A,D0 E2,0x1AEA3 0x1AEA2,A2 1D,C2 D5,0x1AAC0 0x1AAC0,0x2A 0x2A,0x01C 0x01D,e9ae2b
0x969E 0x969F,10,문자,4,에,0x969E~0x969F,0 1,60 2A,40 9F,0x1AEA1 0x1AEA0,54 1F,34 94,0x1AAC0 0x1AAC0,0x2A 0x2A,0x01E 0x01F,e9ae2b
0x96A0 0x96A1,11,문자,5,␠,0x96A0~0x96A1,0 1,30 1A,18 12,0x1AE9F 0x1AE9E,26 11,0E 09,0x1AAC0 0x1AAC0,0x2A 0x2A,0x020 0x021,e2f0d9
0x96A2 0x96A3,12,문자,6,오,0x96A2~0x96A3,0 1,80 2B,B0 9F,0x1AE9D 0x1AE9C,78 24,A8 98,0x1AAC0 0x1AAC0,0x2A 0x2A,0x022 0x023,e9ae2b
0x96A4 0x96A5,13,문자,7,신,0x96A4~0x96A5,0 1,80 38,D0 3F,0x1AE9B 0x1AE9A,7A 33,CA 3A,0x1AAC0 0x1AAC0,0x2A 0x2A,0x024 0x025,e9ae2b
0x96A6 0x96A7,14,문자,8,␠,0x96A6~0x96A7,0 1,60 18,18 12,0x1AE99 0x1AE98,5C 15,14 0F,0x1AAC0 0x1AAC0,0x2A 0x2A,0x026 0x027,e2f0d9
0x96A8 0x96A9,15,문자,9,걸,0x96A8~0x96A9,0 1,30 19,C0 1D,0x1AE97 0x1AE96,2E 18,BE 1C,0x1AAC0 0x1AAC0,0x2A 0x2A,0x028 0x029,e9ae2b
0x96AA 0x96AB,16,문자,10,␠,0x96AA~0x96AB,0 1,D0 19,18 12,0x1AE95 0x1AE94,D0 1A,18 13,0x1AAC0 0x1AAC0,0x2A 0x2A,0x02A 0x02B,e2f0d9
0x96AC 0x96AD,17,문자,11,환,0x96AC~0x96AD,0 1,20 12,90 E4,0x1AE93 0x1AE92,22 15,92 E7,0x1AAC0 0x1AAC0,0x2A 0x2A,0x02C 0x02D,e9ae2b
0x96AE 0x96AF,18,문자,12,영,0x96AE~0x96AF,0 1,50 5A,90 9F,0x1AE91 0x1AE90,54 5F,94 A4,0x1AAC0 0x1AAC0,0x2A 0x2A,0x02E 0x02F,e9ae2b
0x96B0 0x96B1,19,문자,13,합,0x96B0~0x96B1,0 1,20 B7,90 E3,0x1AE8F 0x1AE8E,26 BE,96 EA,0x1AAC0 0x1AAC0,0x2A 0x2A,0x030 0x031,e9ae2b
0x96B2 0x96B3,20,문자,14,니,0x96B2~0x96B3,0 1,60 12,F0 25,0x1AE8D 0x1AE8C,68 1B,F8 2E,0x1AAC0 0x1AAC0,0x2A 0x2A,0x032 0x033,e9ae2b
0x96B4 0x96B5,21,문자,15,다,0x96B4~0x96B5,0 1,60 12,C0 27,0x1AE8B 0x1AE8A,6A 1D,CA 32,0x1AAC0 0x1AAC0,0x2A 0x2A,0x034 0x035,e9ae2b
0x96B6,22,문자,16,",",0x96B6~0x96B7,0,60,20,0x1AE89,6C,2C,0x1AAC0,0x2A,0x036,e2f0d9
0x96B8 0x96B9,23,문자,17,유,0x96B8~0x96B9,0 1,40 3B,20 DE,0x1AE87 0x1AE86,4E 4A,2E ED,0x1AAC0 0x1AAC0,0x2A 0x2A,0x038 0x039,e9ae2b
0x96BB,24,문자,18,코,0x96BA~0x96BB,1,1A,E2,0x1AE84,2B,F3,0x1AAC0,0x2A,0x03B,e9ae2b
0x96BC 0x96BD,25,문자,19,・,0x96BC~0x96BD,0 1,A0 3A,60 12,0x1AE83 0x1AE82,B2 4D,72 25,0x1AAC0 0x1AAC0,0x2A 0x2A,0x03C 0x03D,e2f0d9
0x96BE 0x96BF,26,문자,20,・,0x96BE~0x96BF,0 1,90 1B,60 12,0x1AE81 0x1AE80,A4 30,74 27,0x1AAC0 0x1AAC0,0x2A 0x2A,0x03E 0x03F,e2f0d9
0x96C0 0x96C1,27,문자,21,・,0x96C0~0x96C1,0 1,E0 28,60 12,0x1AE7F 0x1AE7E,F6 3F,76 29,0x1AAC0 0x1AAC0,0x2A 0x2A,0x040 0x041,e2f0d9
0x96C2 0x96C3,28,문자,22,␠,0x96C2~0x96C3,0 1,F0 C0,18 12,0x1AE7D 0x1AE7C,08 D9,30 2B,0x1AAC0 0x1AAC0,0x2A 0x2A,0x042 0x043,e2f0d9
0x96C4 0x96C5,29,문자,23,바,0x96C4~0x96C5,0 1,E0 B6,80 39,0x1AE7B 0x1AE7A,FA D1,9A 54,0x1AAC0 0x1AAC0,0x2A 0x2A,0x044 0x045,e9ae2b
0x96C6 0x96C7,30,문자,24,리,0x96C6~0x96C7,0 1,80 38,70 34,0x1AE79 0x1AE78,9C 55,8C 51,0x1AAC0 0x1AAC0,0x2A 0x2A,0x046 0x047,e9ae2b
0x96C8 0x96C9,31,문자,25,스,0x96C8~0x96C9,0 1,60 12,70 3F,0x1AE77 0x1AE76,7E 31,8E 5E,0x1AAC0 0x1AAC0,0x2A 0x2A,0x048 0x049,e9ae2b
0x96CA 0x96CB,32,문자,26,의,0x96CA~0x96CB,0 1,60 12,80 DE,0x1AE75 0x1AE74,80 33,A0 FF,0x1AAC0 0x1AAC0,0x2A 0x2A,0x04A 0x04B,e9ae2b
0x96CC,33,문자,27,␠,0x96CC~0x96CD,0,60,18,0x1AE73,82,3A,0x1AAC0,0x2A,0x04C,e2f0d9
0x96CE 0x96CF,34,문자,28,전,0x96CE~0x96CF,0 1,30 12,B0 DF,0x1AE71 0x1AE70,54 37,D4 04,0x1AAC0 0x1AAC0,0x2A 0x2A,0x04E 0x04F,e9ae2b
0x96D0 0x96D1,35,문자,29,사,0x96D0~0x96D1,0 1,19 00,E0 3C,0x1AE6F 0x1AE6E,3F 27,06 63,0x1AAC0 0x1AAC0,0x2A 0x2A,0x050 0x051,e9ae2b
0x96D2 0x96D3,36,문자,30,여,0x96D2~0x96D3,0 1,75 15,50 9F,0x1AE6D 0x1AE6C,9D 3E,78 C8,0x1AAC0 0x1AAC0,0x2A 0x2A,0x052 0x053,e9ae2b
0x96D4 0x96D5,37,문자,31,・,0x96D4~0x96D5,0 1,00 17,60 12,0x1AE6B 0x1AE6A,2A 42,8A 3D,0x1AAC0 0x1AAC0,0x2A 0x2A,0x054 0x055,e2f0d9
0x96D6 0x96D7,38,문자,32,・,0x96D6~0x96D7,0 1,00 1A,60 12,0x1AE69 0x1AE68,2C 47,8C 3F,0x1AAC0 0x1AAC0,0x2A 0x2A,0x056 0x057,e2f0d9
0x96D8 0x96D9,39,문자,33,・,0x96D8~0x96D9,0 1,00 04,60 12,0x1AE67 0x1AE66,2E 33,8E 41,0x1AAC0 0x1AAC0,0x2A 0x2A,0x058 0x059,e2f0d9
0x96DA 0x96DB,40,문자,34,。,0x96DA~0x96DB,0 1,16 00,30 12,0x1AE65 0x1AE64,46 31,60 43,0x1AAC0 0x1AAC0,0x2A 0x2A,0x05A 0x05B,e2f0d9
0x96DC 0x96DE,41,제어,,,0x96DC~0x96DE,0 2,12 23,19 75,0x1AE63 0x1AE61,44 57,4B A9,0x1AAC0 0x1AAC0,0x2A 0x2A,0x05C 0x05E,fce4d6
0x96DF 0x96E0,42,제어,,,0x96DF~0x96E0,0 1,00 38,15 00,0x1AE60 0x1AE5F,35 6E,4A 36,0x1AAC0 0x1AAC0,0x2A 0x2A,0x05F 0x060,fce4d6
0x96E1 0x96E2,43,제어,,,0x96E1~0x96E2,0 1,19 C8,17 00,0x1AE5E 0x1AE5D,50 00,4E 38,0x1AAC0 0x1AAC0,0x2A 0x2A,0x061 0x062,fce4d6
0x96E3 0x96E4 0x96E5,44,제어,,,0x96E3~0x96E5,0 1 2,38 F8 28,1A 00 04,0x1AE5C 0x1AE5B 0x1AE5A,71 32 63,53 3A 3F,0x1AAC0 0x1AAC0 0x1AAC0,0x2A 0x2A 0x2A,0x063 0x064 0x065,fce4d6
0x96E6 0x96E7,45,제어,,,0x96E6~0x96E7,0 1,48 59,16 00,0x1AE59 0x1AE58,84 96,52 3D,0x1AAC0 0x1AAC0,0x2A 0x2A,0x066 0x067,fce4d6
0x96E8 0x96E9 0x96EA 0x96EB,46,제어,,,0x96E8~0x96EB,0 1 2 3,88 38 20 12,12 00 23 00,0x1AE57 0x1AE56 0x1AE55 0x1AE54,C6 77 60 53,50 3F 63 41,0x1AAC0 0x1AAC0 0x1AAC0 0x1AAC0,0x2A 0x2A 0x2A 0x2A,0x068 0x069 0x06A 0x06B,fce4d6
0x96EC 0x96ED,47,문자,35,이,0x96EC~0x96ED,0 1,48 59,98 DE,0x1AE53 0x1AE52,8A 9C,DA 21,0x1AAC0 0x1AAC0,0x2A 0x2A,0x06C 0x06D,e2f0d9
0x96EE 0x96EF,48,문자,36,건,0x96EE~0x96EF,0 1,60 12,B8 1D,0x1AE51 0x1AE50,A4 57,FC 62,0x1AAC0 0x1AAC0,0x2A 0x2A,0x06E 0x06F,e2f0d9
0x96F0,49,문자,37,␠,0x96F0~0x96F1,0,60,18,0x1AE4F,A6,5E,0x1AAC0,0x2A,0x070,e2f0d9
0x96F2 0x96F3,50,문자,38,꿈,0x96F2~0x96F3,0 1,60 12,68 24,0x1AE4D 0x1AE4C,A8 5B,B0 6D,0x1AAC0 0x1AAC0,0x2A 0x2A,0x072 0x073,e2f0d9
0x96F4 0x96F5,51,문자,39,、,0x96F4~0x96F5,0 1,48 F6,20 12,0x1AE4B 0x1AE4A,92 41,6A 5D,0x1AAC0 0x1AAC0,0x2A 0x2A,0x074 0x075,e2f0d9
0x96F6 0x96F7,52,문자,40,꿈,0x96F6~0x96F7,0 1,F8 28,68 24,0x1AE49 0x1AE48,44 75,B4 71,0x1AAC0 0x1AAC0,0x2A 0x2A,0x076 0x077,e2f0d9
0x96F8 0x96F9,53,문자,41,이,0x96F8~0x96F9,0 1,E8 29,98 DE,0x1AE47 0x1AE46,36 78,E6 2D,0x1AAC0 0x1AAC0,0x2A 0x2A,0x078 0x079,e2f0d9
0x96FB,54,문자,42,야,0x96FA~0x96FB,1,28,6C,0x1AE44,79,BD,0x1AAC0,0x2A,0x07B,e2f0d9
0x96FC 0x96FD,55,문자,43,・,0x96FC~0x96FD,0 1,28 7F,60 12,0x1AE43 0x1AE42,7A D2,B2 65,0x1AAC0 0x1AAC0,0x2A 0x2A,0x07C 0x07D,e2f0d9
0x96FE 0x96FF,56,문자,44,・,0x96FE~0x96FF,0 1,68 28,60 12,0x1AE41 0x1AE40,BC 7D,B4 67,0x1AAC0 0x1AAC0,0x2A 0x2A,0x07E 0x07F,e2f0d9
0x9700 0x9701,57,문자,45,・,0x9700~0x9701,0 1,B8 38,60 12,0x1AE3F 0x1AE3E,0E 8F,B6 69,0x1AAC0 0x1AAC0,0x2A 0x2A,0x080 0x081,e2f0d9
0x9702 0x9703,58,문자,46,␠,0x9702~0x9703,0 1,38 39,18 12,0x1AE3D 0x1AE3C,90 92,70 6B,0x1AAC0 0x1AAC0,0x2A 0x2A,0x082 0x083,e2f0d9
0x9704 0x9705,59,문자,47,나,0x9704~0x9705,0 1,08 28,B8 24,0x1AE3B 0x1AE3A,62 83,12 7F,0x1AAC0 0x1AAC0,0x2A 0x2A,0x084 0x085,e2f0d9
0x9706 0x9707,60,문자,48,는,0x9706~0x9707,0 1,F8 38,E8 25,0x1AE39 0x1AE38,54 95,44 82,0x1AAC0 0x1AAC0,0x2A 0x2A,0x086 0x087,e2f0d9
0x9708,61,문자,49,␠,0x9708~0x9709,0,60,18,0x1AE37,BE,76,0x1AAC0,0x2A,0x088,e2f0d9
0x970A 0x970B,62,문자,50,아,0x970A~0x970B,0 1,60 12,08 56,0x1AE35 0x1AE34,C0 73,68 B7,0x1AAC0 0x1AAC0,0x2A 0x2A,0x08A 0x08B,e2f0d9
0x970C 0x970D,63,문자,51,직,0x970C~0x970D,0 1,60 12,28 E0,0x1AE33 0x1AE32,C2 75,8A 43,0x1AAC0 0x1AAC0,0x2A 0x2A,0x08C 0x08D,e2f0d9
0x970E 0x970F,64,문자,52,␠,0x970E~0x970F,0 1,D8 18,18 12,0x1AE31 0x1AE30,3C 7D,7C 77,0x1AAC0 0x1AAC0,0x2A 0x2A,0x08E 0x08F,e2f0d9
0x9710 0x9711,65,문자,53,자,0x9710~0x9711,0 1,38 28,08 DF,0x1AE2F 0x1AE2E,9E 8F,6E 46,0x1AAC0 0x1AAC0,0x2A 0x2A,0x090 0x091,e2f0d9
0x9713,66,문자,54,고,0x9712~0x9713,1,28,20,0x1AE2C,91,89,0x1AAC0,0x2A,0x093,e2f0d9
0x9714 0x9715,67,문자,55,␠,0x9714~0x9715,0 1,D8 19,18 12,0x1AE2B 0x1AE2A,42 84,82 7D,0x1AAC0 0x1AAC0,0x2A 0x2A,0x094 0x095,e2f0d9
0x9716 0x9717,68,문자,56,있,0x9716~0x9717,0 1,68 18,F8 DE,0x1AE29 0x1AE28,D4 85,64 4B,0x1AAC0 0x1AAC0,0x2A 0x2A,0x096 0x097,e2f0d9
0x9718 0x9719,69,문자,57,는,0x9718~0x9719,0 1,88 38,E8 25,0x1AE27 0x1AE26,F6 A7,56 94,0x1AAC0 0x1AAC0,0x2A 0x2A,0x098 0x099,e2f0d9
0x971A,70,문자,58,␠,0x971A~0x971B,0,A0,18,0x1AE25,10,88,0x1AAC0,0x2A,0x09A,e2f0d9
0x971C 0x971D,71,문자,59,거,0x971C~0x971D,0 1,D8 19,98 1D,0x1AE23 0x1AE22,4A 8C,0A 90,0x1AAC0 0x1AAC0,0x2A 0x2A,0x09C 0x09D,e2f0d9
0x971E 0x971F,72,문자,60,야,0x971E~0x971F,0 1,68 18,08 6C,0x1AE21 0x1AE20,DC 8D,7C E1,0x1AAC0 0x1AAC0,0x2A 0x2A,0x09E 0x09F,e2f0d9
0x9720 0x9721,73,문자,61,・,0x9720~0x9721,0 1,B8 28,60 12,0x1AE1F 0x1AE1E,2E 9F,D6 89,0x1AAC0 0x1AAC0,0x2A 0x2A,0x0A0 0x0A1,e2f0d9
0x9722 0x9723,74,문자,62,・,0x9722~0x9723,0 1,88 EE,60 12,0x1AE1D 0x1AE1C,00 67,D8 8B,0x1AAC0 0x1AAC0,0x2A 0x2A,0x0A2 0x0A3,e2f0d9
0x9724 0x9725,75,문자,63,・,0x9724~0x9725,0 1,E8 29,60 12,0x1AE1B 0x1AE1A,62 A4,DA 8D,0x1AAC0 0x1AAC0,0x2A 0x2A,0x0A4 0x0A5,e2f0d9
0x9726 0x9727,76,문자,64,␠,0x9726~0x9727,0 1,38 28,18 12,0x1AE19 0x1AE18,B4 A5,94 8F,0x1AAC0 0x1AAC0,0x2A 0x2A,0x0A6 0x0A7,e2f0d9
0x9728 0x9729,77,문자,65,그,0x9728~0x9729,0 1,68 28,58 21,0x1AE17 0x1AE16,E6 A7,D6 A0,0x1AAC0 0x1AAC0,0x2A 0x2A,0x0A8 0x0A9,e2f0d9
0x972A 0x972B,78,문자,66,래,0x972A~0x972B,0 1,B8 38,38 31,0x1AE15 0x1AE14,38 B9,B8 B2,0x1AAC0 0x1AAC0,0x2A 0x2A,0x0AA 0x0AB,e2f0d9
0x972C,79,문자,67,␠,0x972C~0x972D,0,60,18,0x1AE13,E2,9A,0x1AAC0,0x2A,0x0AC,e2f0d9
0x972E 0x972F,80,문자,68,맞,0x972E~0x972F,0 1,60 12,18 35,0x1AE11 0x1AE10,E4 97,9C BA,0x1AAC0 0x1AAC0,0x2A 0x2A,0x0AE 0x0AF,e2f0d9
0x9730 0x9731,81,문자,69,아,0x9730~0x9731,0 1,60 12,08 56,0x1AE0F 0x1AE0E,E6 99,8E DD,0x1AAC0 0x1AAC0,0x2A 0x2A,0x0B0 0x0B1,e2f0d9
0x9734 0x9735,83,문자,71,␠,0x9734~0x9735,0 1,15 00,18 12,0x1AE0B 0x1AE0A,9F 8B,A2 9D,0x1AAC0 0x1AAC0,0x2A 0x2A,0x0B4 0x0B5,e2f0d9
0x9736 0x9737,84,문자,72,틀,0x9736~0x9737,0 1,60 12,C8 E2,0x1AE09 0x1AE08,EC 9F,54 6F,0x1AAC0 0x1AAC0,0x2A 0x2A,0x0B6 0x0B7,e2f0d9
0x9738 0x9739,85,문자,73,림,0x9738~0x9739,0 1,60 12,A8 34,0x1AE07 0x1AE06,EE A1,36 C3,0x1AAC0 0x1AAC0,0x2A 0x2A,0x0B8 0x0B9,e2f0d9
0x973A 0x973B,86,문자,74,없,0x973A~0x973B,0 1,60 12,08 7C,0x1AE05 0x1AE04,F0 A3,98 0D,0x1AAC0 0x1AAC0,0x2A 0x2A,0x0BA 0x0BB,e2f0d9
0x973C 0x973D,87,문자,75,이,0x973C~0x973D,0 1,12 00,98 DE,0x1AE03 0x1AE02,A4 93,2A 71,0x1AAC0 0x1AAC0,0x2A 0x2A,0x0BC 0x0BD,e2f0d9
0x973E 0x973F,88,문자,76,␠,0x973E~0x973F,0 1,21 00,18 12,0x1AE01 0x1AE00,B5 95,AC A7,0x1AAC0 0x1AAC0,0x2A 0x2A,0x0BE 0x0BF,e2f0d9
0x9740 0x9741,89,문자,77,그,0x9740~0x9741,0 1,60 12,58 21,0x1ADFF 0x1ADFE,F6 A9,EE B8,0x1AAC0 0x1AAC0,0x2A 0x2A,0x0C0 0x0C1,e2f0d9
0x9742 0x9743,90,문자,78,럴,0x9742~0x9743,0 1,60 12,68 31,0x1ADFD 0x1ADFC,F8 AB,00 CA,0x1AAC0 0x1AAC0,0x2A 0x2A,0x0C2 0x0C3,e2f0d9
0x9744,91,문자,79,␠,0x9744~0x9745,0,60,18,0x1ADFB,FA,B2,0x1AAC0,0x2A,0x0C4,e2f0d9
0x9746 0x9747,92,문자,80,거,0x9746~0x9747,0 1,48 59,98 1D,0x1ADF9 0x1ADF8,E4 F6,34 BA,0x1AAC0 0x1AAC0,0x2A 0x2A,0x0C6 0x0C7,e2f0d9
0x9748 0x9749,93,문자,81,야,0x9748~0x9749,0 1,88 19,08 6C,0x1ADF7 0x1ADF6,26 B8,A6 0B,0x1AAC0 0x1AAC0,0x2A 0x2A,0x0C8 0x0C9,e2f0d9
0x974A 0x974B,94,문자,82,・,0x974A~0x974B,0 1,38 38,60 12,0x1ADF5 0x1ADF4,D8 D9,00 B3,0x1AAC0 0x1AAC0,0x2A 0x2A,0x0CA 0x0CB,e2f0d9
0x974C 0x974D,95,문자,83,・,0x974C~0x974D,0 1,A8 28,60 12,0x1ADF3 0x1ADF2,4A CB,02 B5,0x1AAC0 0x1AAC0,0x2A 0x2A,0x0CC 0x0CD,e2f0d9
0x974E 0x974F,96,문자,84,・,0x974E~0x974F,0 1,48 18,60 12,0x1ADF1 0x1ADF0,EC BD,04 B7,0x1AAC0 0x1AAC0,0x2A 0x2A,0x0CE 0x0CF,e2f0d9
0x9750 0x9751,97,문자,85,！,0x9750~0x9751,0 1,E8 28,A0 12,0x1ADEF 0x1ADEE,8E CF,46 B9,0x1AAC0 0x1AAC0,0x2A 0x2A,0x0D0 0x0D1,e2f0d9
0x9752 0x9753,98,제어,,,0x9752~0x9753,0 1,A0 12,15 00,0x1ADED 0x1ADEC,48 BB,BD A9,0x1AAC0 0x1AAC0,0x2A 0x2A,0x0D2 0x0D3,fce4d6
0x9754,99,문자,86,・,0x9754~0x9755,0,90,60,0x1ADEB,3A,0A,0x1AAC0,0x2A,0x0D4,e2f0d9
0x9756 0x9757,100,문자,87,・,0x9756~0x9757,0 1,A8 28,60 12,0x1ADE9 0x1ADE8,54 D5,0C BF,0x1AAC0 0x1AAC0,0x2A 0x2A,0x0D6 0x0D7,e2f0d9
0x9758 0x9759,101,문자,88,・,0x9758~0x9759,0 1,C8 19,60 12,0x1ADE7 0x1ADE6,76 C8,0E C1,0x1AAC0 0x1AAC0,0x2A 0x2A,0x0D8 0x0D9,e2f0d9
0x975A 0x975B 0x975C 0x975D,102,제어,,,0x975A~0x975D,0 1 2 3,A0 12 90 12,12 00 21 00,0x1ADE5 0x1ADE4 0x1ADE3 0x1ADE2,50 C3 42 C5,C2 B1 D3 B3,0x1AAC0 0x1AAC0 0x1AAC0 0x1AAC0,0x2A 0x2A 0x2A 0x2A,0x0DA 0x0DB 0x0DC 0x0DD,fce4d6
0x975E 0x975F,103,문자,89,꿈,0x975E~0x975F,0 1,19 00,68 24,0x1ADE1 0x1ADE0,CD B5,1C D9,0x1AAC0 0x1AAC0,0x2A 0x2A,0x0DE 0x0DF,e2f0d9
0x9760 0x9761,104,문자,90,이,0x9760~0x9761,0 1,74 15,98 DE,0x1ADDF 0x1ADDE,2A CC,4E 95,0x1AAC0 0x1AAC0,0x2A 0x2A,0x0E0 0x0E1,e2f0d9
0x9762 0x9763,105,문자,91,␠,0x9762~0x9763,0 1,00 17,18 12,0x1ADDD 0x1ADDC,B8 D0,D0 CB,0x1AAC0 0x1AAC0,0x2A 0x2A,0x0E2 0x0E3,e2f0d9
0x9764 0x9765,106,문자,92,아,0x9764~0x9765,0 1,00 1A,08 56,0x1ADDB 0x1ADDA,BA D5,C2 11,0x1AAC0 0x1AAC0,0x2A 0x2A,0x0E4 0x0E5,e2f0d9
0x9766 0x9767,107,문자,93,니,0x9766~0x9767,0 1,00 04,F8 25,0x1ADD9 0x1ADD8,BC C1,B4 E2,0x1AAC0 0x1AAC0,0x2A 0x2A,0x0E6 0x0E7,e2f0d9
0x9768 0x9769,108,문자,94,라,0x9768~0x9769,0 1,16 00,F8 30,0x1ADD7 0x1ADD6,D4 BF,B6 EF,0x1AAC0 0x1AAC0,0x2A 0x2A,0x0E8 0x0E9,e2f0d9
0x976A 0x976B,109,문자,95,고,0x976A~0x976B,0 1,C0 E0,88 20,0x1ADD5 0x1ADD4,80 A1,48 E1,0x1AAC0 0x1AAC0,0x2A 0x2A,0x0EA 0x0EB,e2f0d9
0x976C 0x976D,110,문자,96,！,0x976C~0x976D,0 1,E0 F7,A0 12,0x1ADD3 0x1ADD2,A2 BA,62 D5,0x1AAC0 0x1AAC0,0x2A 0x2A,0x0EC 0x0ED,e2f0d9
0x976E 0x976F,111,문자,97,？,0x976E~0x976F,0 1,F0 28,90 12,0x1ADD1 0x1ADD0,B4 ED,54 D7,0x1AAC0 0x1AAC0,0x2A 0x2A,0x0EE 0x0EF,e2f0d9
0x9770 0x9771,112,문자,98,␠,0x9770~0x9771,0 1,90 28,18 12,0x1ADCF 0x1ADCE,56 EF,DE D9,0x1AAC0 0x1AAC0,0x2A 0x2A,0x0F0 0x0F1,e2f0d9
0x9772 0x9773,113,문자,99,어,0x9772~0x9773,0 1,60 18,08 70,0x1ADCD 0x1ADCC,28 E1,D0 39,0x1AAC0 0x1AAC0,0x2A 0x2A,0x0F2 0x0F3,e2f0d9
0x9774 0x9775,114,문자,100,째,0x9774~0x9775,0 1,A0 28,88 E0,0x1ADCB 0x1ADCA,6A F3,52 AB,0x1AAC0 0x1AAC0,0x2A 0x2A,0x0F4 0x0F5,e2f0d9
0x9776 0x9777,115,문자,101,서,0x9776~0x9777,0 1,B0 38,58 3D,0x1ADC9 0x1ADC8,7C 05,24 0A,0x1AAC0 0x1AAC0,0x2A 0x2A,0x0F6 0x0F7,e2f0d9
0x9778 0x9779,116,문자,102,！,0x9778~0x9779,0 1,60 F7,A0 12,0x1ADC7 0x1ADC6,2E C6,6E E1,0x1AAC0 0x1AAC0,0x2A 0x2A,0x0F8 0x0F9,e2f0d9
0x977A 0x977B,117,문자,103,？,0x977A~0x977B,0 1,B0 18,90 12,0x1ADC5 0x1ADC4,80 E9,60 E3,0x1AAC0 0x1AAC0,0x2A 0x2A,0x0FA 0x0FB,e2f0d9
0x977C 0x977D 0x977E,118,제어,,,0x977C~0x977E,0 1 2,80 28 70,19 00 74,0x1ADC3 0x1ADC2 0x1ADC1,52 FB 44,EB D3 48,0x1AAC0 0x1AAC0 0x1AAC0,0x2A 0x2A 0x2A,0x0FC 0x0FD 0x0FE,fce4d6
0x977F 0x9780,119,제어,,,0x977F~0x9780,0 1,B7 40,15 00,0x1ADC0 0x1ADBF,8D 17,EB D7,0x1AAC0 0x1AAC0,0x2A 0x2A,0x0FF 0x100,fce4d6
0x9781 0x9782,120,제어,,,0x9781~0x9782,0 1,18 E0,17 00,0x1ADBE 0x1ADBD,F0 B9,EF D9,0x1AAC0 0x1AAC0,0x2A 0x2A,0x101 0x102,fce4d6
0x9783 0x9784 0x9785,121,제어,,,0x9783~0x9785,0 1 2,29 70 19,1A 00 04,0x1ADBC 0x1ADBB 0x1ADBA,03 4B F5,F4 DB E0,0x1AAC0 0x1AAC0 0x1AAC0,0x2A 0x2A 0x2A,0x103 0x104 0x105,fce4d6
0x9786 0x9787,122,제어,,,0x9786~0x9787,0 1,F0 19,16 00,0x1ADB9 0x1ADB8,CD F7,F3 DE,0x1AAC0 0x1AAC0,0x2A 0x2A,0x106 0x107,fce4d6
0x9788 0x9789,123,문자,104,한,0x9788~0x9789,0 1,60 12,70 E3,0x1ADB7 0x1ADB6,3F F2,4F C3,0x1AAC0 0x1AAC0,0x2A 0x2A,0x108 0x109,e9ae2b
0x978A 0x978B,124,문자,105,때,0x978A~0x978B,0 1,60 12,80 30,0x1ADB5 0x1ADB4,41 F4,61 12,0x1AAC0 0x1AAC0,0x2A 0x2A,0x10A 0x10B,e9ae2b
0x978C 0x978D,125,문자,106,는,0x978C~0x978D,0 1,60 12,E0 25,0x1ADB3 0x1ADB2,43 F6,C3 09,0x1AAC0 0x1AAC0,0x2A 0x2A,0x10C 0x10D,e9ae2b
0x978E 0x978F,126,문자,107,␠,0x978E~0x978F,0 1,C0 97,18 12,0x1ADB1 0x1ADB0,A5 7D,FD F8,0x1AAC0 0x1AAC0,0x2A 0x2A,0x10E 0x10F,e2f0d9
0x9790 0x9791,127,문자,108,어,0x9790~0x9791,0 1,60 CB,00 70,0x1ADAF 0x1ADAE,47 B3,E7 58,0x1AAC0 0x1AAC0,0x2A 0x2A,0x110 0x111,e9ae2b
0x9793,128,문자,109,떻,0x9792~0x9793,1,28,30,0x1ADAC,12,1A,0x1AAC0,0x2A,0x113,e9ae2b
0x9794 0x9795,129,문자,110,게,0x9794~0x9795,0 1,80 38,00 20,0x1ADAB 0x1ADAA,6B 24,EB 0C,0x1AAC0 0x1AAC0,0x2A 0x2A,0x114 0x115,e9ae2b
0x9796 0x9797,130,문자,111,␠,0x9796~0x9797,0 1,F0 18,18 12,0x1ADA9 0x1ADA8,DD 06,05 00,0x1AAC0 0x1AAC0,0x2A 0x2A,0x116 0x117,e2f0d9
0x9798 0x9799,131,문자,112,될,0x9798~0x9799,0 1,F0 C0,A0 2E,0x1ADA7 0x1ADA6,DF B0,8F 1E,0x1AAC0 0x1AAC0,0x2A 0x2A,0x118 0x119,e9ae2b
0x979A 0x979B,132,문자,113,까,0x979A~0x979B,0 1,30 28,F0 21,0x1ADA5 0x1ADA4,21 1A,E1 13,0x1AAC0 0x1AAC0,0x2A 0x2A,0x11A 0x11B,e9ae2b
0x979C 0x979D,133,문자,114,␠,0x979C~0x979D,0 1,60 28,18 12,0x1ADA3 0x1ADA2,53 1C,0B 06,0x1AAC0 0x1AAC0,0x2A 0x2A,0x11C 0x11D,e2f0d9
0x979E 0x979F,134,문자,115,가,0x979E~0x979F,0 1,F0 18,A0 17,0x1ADA1 0x1ADA0,E5 0E,95 0D,0x1AAC0 0x1AAC0,0x2A 0x2A,0x11E 0x11F,e9ae2b
0x97A0 0x97A1,135,문자,116,슴,0x97A0~0x97A1,0 1,C0 38,90 3F,0x1AD9F 0x1AD9E,B7 30,87 37,0x1AAC0 0x1AAC0,0x2A 0x2A,0x120 0x121,e9ae2b
0x97A2 0x97A3,136,문자,117,을,0x97A2~0x97A3,0 1,E0 29,50 DE,0x1AD9D 0x1AD9C,D9 23,49 D8,0x1AAC0 0x1AAC0,0x2A 0x2A,0x122 0x123,e9ae2b
0x97A4 0x97A5,137,문자,118,␠,0x97A4~0x97A5,0 1,70 19,18 12,0x1AD9B 0x1AD9A,6B 15,13 0E,0x1AAC0 0x1AAC0,0x2A 0x2A,0x124 0x125,e2f0d9
0x97A7,138,문자,119,졸,0x97A6~0x97A7,1,19,F1,0x1AD98,17,EF,0x1AAC0,0x2A,0x127,e9ae2b
0x97A8 0x97A9,139,문자,120,였,0x97A8~0x97A9,0 1,D0 28,80 9F,0x1AD97 0x1AD96,CF 28,7F 9F,0x1AAC0 0x1AAC0,0x2A 0x2A,0x128 0x129,e9ae2b
0x97AA 0x97AB,140,문자,121,지,0x97AA~0x97AB,0 1,30 12,10 E0,0x1AD95 0x1AD94,31 14,11 E2,0x1AAC0 0x1AAC0,0x2A 0x2A,0x12A 0x12B,e9ae2b
0x97AC 0x97AD,141,문자,122,만,0x97AC~0x97AD,0 1,A0 DA,D0 34,0x1AD93 0x1AD92,A3 DE,D3 38,0x1AAC0 0x1AAC0,0x2A 0x2A,0x12C 0x12D,e9ae2b
0x97AE 0x97AF,142,문자,123,・,0x97AE~0x97AF,0 1,20 38,60 12,0x1AD91 0x1AD90,25 3E,65 18,0x1AAC0 0x1AAC0,0x2A 0x2A,0x12E 0x12F,e2f0d9
0x97B0 0x97B1,143,문자,124,・,0x97B0~0x97B1,0 1,70 19,60 12,0x1AD8F 0x1AD8E,77 21,67 1A,0x1AAC0 0x1AAC0,0x2A 0x2A,0x130 0x131,e2f0d9
0x97B2 0x97B3,144,문자,125,・,0x97B2~0x97B3,0 1,40 18,60 12,0x1AD8D 0x1AD8C,49 22,69 1C,0x1AAC0 0x1AAC0,0x2A 0x2A,0x132 0x133,e2f0d9
0x97B4 0x97B5,145,문자,126,␠,0x97B4~0x97B5,0 1,20 B0,18 12,0x1AD8B 0x1AD8A,2B BC,23 1E,0x1AAC0 0x1AAC0,0x2A 0x2A,0x134 0x135,e2f0d9
0x97B6 0x97B7,146,문자,127,실,0x97B6~0x97B7,0 1,A0 38,E0 3F,0x1AD89 0x1AD88,AD 46,ED 4D,0x1AAC0 0x1AAC0,0x2A 0x2A,0x136 0x137,e9ae2b
0x97B8 0x97B9,147,문자,128,로,0x97B8~0x97B9,0 1,70 28,D0 31,0x1AD87 0x1AD86,7F 38,DF 41,0x1AAC0 0x1AAC0,0x2A 0x2A,0x138 0x139,e9ae2b
0x97BA 0x97BB,148,문자,129,␠,0x97BA~0x97BB,0 1,90 19,18 12,0x1AD85 0x1AD84,A1 2B,29 24,0x1AAC0 0x1AAC0,0x2A 0x2A,0x13A 0x13B,e2f0d9
0x97BC 0x97BD,149,문자,130,잘,0x97BC~0x97BD,0 1,30 12,40 DF,0x1AD83 0x1AD82,43 26,53 F3,0x1AAC0 0x1AAC0,0x2A 0x2A,0x13C 0x13D,e9ae2b
0x97BE 0x97BF,150,문자,131,␠,0x97BE~0x97BF,0 1,15 00,18 12,0x1AD81 0x1AD80,2A 16,2D 28,0x1AAC0 0x1AAC0,0x2A 0x2A,0x13E 0x13F,e2f0d9
0x97C0 0x97C1,151,문자,132,싸,0x97C0~0x97C1,0 1,40 F6,00 46,0x1AD7F 0x1AD7E,57 0E,17 5E,0x1AAC0 0x1AAC0,0x2A 0x2A,0x140 0x141,e9ae2b
0x97C2 0x97C3,152,문자,133,워,0x97C2~0x97C3,0 1,E0 28,F0 D7,0x1AD7D 0x1AD7C,F9 42,09 F1,0x1AAC0 0x1AAC0,0x2A 0x2A,0x142 0x143,e9ae2b
0x97C5,153,문자,134,주,0x97C4~0x97C5,1,9C,F5,0x1AD7A,B8,11,0x1AAC0,0x2A,0x145,e9ae2b
0x97C6 0x97C7,154,문자,135,셨,0x97C6~0x97C7,0 1,20 38,C0 3D,0x1AD79 0x1AD78,3D 56,DD 5B,0x1AAC0 0x1AAC0,0x2A 0x2A,0x146 0x147,e9ae2b
0x97C8 0x97C9,155,문자,136,습,0x97C8~0x97C9,0 1,20 12,A0 3F,0x1AD77 0x1AD76,3F 32,BF 5F,0x1AAC0 0x1AAC0,0x2A 0x2A,0x148 0x149,e9ae2b
0x97CA 0x97CB,156,문자,137,니,0x97CA~0x97CB,0 1,20 38,F0 25,0x1AD75 0x1AD74,41 5A,11 47,0x1AAC0 0x1AAC0,0x2A 0x2A,0x14A 0x14B,e9ae2b
0x97CC 0x97CD,157,문자,138,다,0x97CC~0x97CD,0 1,60 18,C0 27,0x1AD73 0x1AD72,83 3C,E3 4B,0x1AAC0 0x1AAC0,0x2A 0x2A,0x14C 0x14D,e9ae2b
0x97CE 0x97CF,158,문자,139,。,0x97CE~0x97CF,0 1,B0 29,30 12,0x1AD71 0x1AD70,D5 4F,55 38,0x1AAC0 0x1AAC0,0x2A 0x2A,0x14E 0x14F,e2f0d9
0x97D0 0x97D1,159,문자,140,참,0x97D0~0x97D1,0 1,80 28,D0 E0,0x1AD6F 0x1AD6E,A7 50,F7 08,0x1AAC0 0x1AAC0,0x2A 0x2A,0x150 0x151,e9ae2b
0x97D3,160,문자,141,으,0x97D2~0x97D3,1,39,DE,0x1AD6C,63,08,0x1AAC0,0x2A,0x153,e9ae2b
0x97D4 0x97D5,161,문자,142,로,0x97D4~0x97D5,0 1,90 28,D0 31,0x1AD6B 0x1AD6A,BB 54,FB 5D,0x1AAC0 0x1AAC0,0x2A 0x2A,0x154 0x155,e9ae2b
0x97D6 0x97D7,162,문자,143,␠,0x97D6~0x97D7,0 1,A0 3A,18 12,0x1AD69 0x1AD68,CD 68,45 40,0x1AAC0 0x1AAC0,0x2A 0x2A,0x156 0x157,e2f0d9
0x97D8 0x97D9,163,문자,144,믿,0x97D8~0x97D9,0 1,20 1A,70 39,0x1AD67 0x1AD66,4F 4A,9F 69,0x1AAC0 0x1AAC0,0x2A 0x2A,0x158 0x159,e9ae2b
0x97DA 0x97DB,164,문자,145,음,0x97DA~0x97DB,0 1,A0 3A,60 DE,0x1AD65 0x1AD64,D1 6C,91 10,0x1AAC0 0x1AAC0,0x2A 0x2A,0x15A 0x15B,e9ae2b
0x97DC 0x97DD,165,문자,146,직,0x97DC~0x97DD,0 1,60 2A,20 E0,0x1AD63 0x1AD62,93 5E,53 14,0x1AAC0 0x1AAC0,0x2A 0x2A,0x15C 0x15D,e9ae2b
0x97DE 0x97DF,166,문자,147,스,0x97DE~0x97DF,0 1,30 1A,70 3F,0x1AD61 0x1AD60,65 50,A5 75,0x1AAC0 0x1AAC0,0x2A 0x2A,0x15E 0x15F,e9ae2b
0x97E0 0x97E1,167,문자,148,럽,0x97E0~0x97E1,0 1,B0 28,80 31,0x1AD5F 0x1AD5E,E7 60,B7 69,0x1AAC0 0x1AAC0,0x2A 0x2A,0x160 0x161,e9ae2b
0x97E2 0x97E3,168,문자,149,습,0x97E2~0x97E3,0 1,F0 28,A0 3F,0x1AD5D 0x1AD5C,29 62,D9 79,0x1AAC0 0x1AAC0,0x2A 0x2A,0x162 0x163,e9ae2b
0x97E4 0x97E5,169,문자,150,니,0x97E4~0x97E5,0 1,A0 AB,F0 25,0x1AD5B 0x1AD5A,DB E7,2B 61,0x1AAC0 0x1AAC0,0x2A 0x2A,0x164 0x165,e9ae2b
0x97E6 0x97E7,170,문자,151,다,0x97E6~0x97E7,0 1,00 29,C0 27,0x1AD59 0x1AD58,3D 67,FD 65,0x1AAC0 0x1AAC0,0x2A 0x2A,0x166 0x167,e9ae2b
0x97E8 0x97E9,171,문자,152,。,0x97E8~0x97E9,0 1,A0 28,30 12,0x1AD57 0x1AD56,DF 68,6F 52,0x1AAC0 0x1AAC0,0x2A 0x2A,0x168 0x169,e2f0d9
0x97EA 0x97EB,172,제어,,,0x97EA~0x97EB,0 1,F0 18,15 00,0x1AD55 0x1AD54,31 5A,56 42,0x1AAC0 0x1AAC0,0x2A 0x2A,0x16A 0x16B,fce4d6
0x97EC 0x97ED,173,문자,153,제,0x97EC~0x97ED,0 1,A0 28,F0 E3,0x1AD53 0x1AD52,E3 6C,33 27,0x1AAC0 0x1AAC0,0x2A 0x2A,0x16C 0x16D,e9ae2b
0x97EE 0x97EF,174,문자,154,␠,0x97EE~0x97EF,0 1,30 28,18 12,0x1AD51 0x1AD50,75 6E,5D 58,0x1AAC0 0x1AAC0,0x2A 0x2A,0x16E 0x16F,e2f0d9
0x97F0 0x97F1,175,문자,155,힘,0x97F0~0x97F1,0 1,60 28,70 E5,0x1AD4F 0x1AD4E,A7 70,B7 2D,0x1AAC0 0x1AAC0,0x2A 0x2A,0x170 0x171,e9ae2b
0x97F2 0x97F3,176,문자,156,이,0x97F2~0x97F3,0 1,60 12,90 DE,0x1AD4D 0x1AD4C,A9 5C,D9 28,0x1AAC0 0x1AAC0,0x2A 0x2A,0x172 0x173,e9ae2b
0x97F4,177,문자,157,␠,0x97F4~0x97F5,0,60,18,0x1AD4B,AB,63,0x1AAC0,0x2A,0x174,e2f0d9
0x97F6 0x97F7,178,문자,158,이,0x97F6~0x97F7,0 1,60 12,90 DE,0x1AD49 0x1AD48,AD 60,DD 2C,0x1AAC0 0x1AAC0,0x2A 0x2A,0x176 0x177,e9ae2b
0x97F8 0x97F9,179,문자,159,제,0x97F8~0x97F9,0 1,20 18,F0 E3,0x1AD47 0x1AD46,6F 68,3F 33,0x1AAC0 0x1AAC0,0x2A 0x2A,0x178 0x179,e9ae2b
0x97FA 0x97FB,180,문자,160,␠,0x97FA~0x97FB,0 1,A0 28,18 12,0x1AD45 0x1AD44,F1 7A,69 64,0x1AAC0 0x1AAC0,0x2A 0x2A,0x17A 0x17B,e2f0d9
0x97FC 0x97FD,181,문자,161,거,0x97FC~0x97FD,0 1,F0 19,90 1D,0x1AD43 0x1AD42,43 6D,E3 71,0x1AAC0 0x1AAC0,0x2A 0x2A,0x17C 0x17D,e9ae2b
0x97FE 0x97FF,182,문자,162,의,0x97FE~0x97FF,0 1,20 39,80 DE,0x1AD41 0x1AD40,75 8F,D5 34,0x1AAC0 0x1AAC0,0x2A 0x2A,0x17E 0x17F,e9ae2b
0x9800 0x9801,183,문자,163,␠,0x9800~0x9801,0 1,60 B0,18 12,0x1AD3F 0x1AD3E,B7 08,6F 6A,0x1AAC0 0x1AAC0,0x2A 0x2A,0x180 0x181,e2f0d9
0x9802 0x9803,184,문자,164,현,0x9802~0x9803,0 1,60 29,30 E4,0x1AD3D 0x1AD3C,B9 83,89 3E,0x1AAC0 0x1AAC0,0x2A 0x2A,0x182 0x183,e9ae2b
0x9805,185,문자,165,실,0x9804~0x9805,1,28,3F,0x1AD3A,84,9B,0x1AAC0,0x2A,0x185,e9ae2b
0x9806 0x9807,186,문자,166,␠,0x9806~0x9807,0 1,20 38,18 12,0x1AD39 0x1AD38,7D 96,75 70,0x1AAC0 0x1AAC0,0x2A 0x2A,0x186 0x187,e2f0d9
0x9808 0x9809,187,문자,167,세,0x9808~0x9809,0 1,10 CD,A0 3D,0x1AD37 0x1AD36,6F 2D,FF 9D,0x1AAC0 0x1AAC0,0x2A 0x2A,0x188 0x189,e9ae2b
0x980B,188,문자,168,계,0x980A~0x980B,1,19,20,0x1AD34,7B,82,0x1AAC0,0x2A,0x18B,e9ae2b
0x980C 0x980D,189,문자,169,에,0x980C~0x980D,0 1,B0 18,40 9F,0x1AD33 0x1AD32,13 7C,A3 03,0x1AAC0 0x1AAC0,0x2A 0x2A,0x18C 0x18D,e9ae2b
0x980E 0x980F,190,문자,170,␠,0x980E~0x980F,0 1,30 28,18 12,0x1AD31 0x1AD30,95 8E,7D 78,0x1AAC0 0x1AAC0,0x2A 0x2A,0x18E 0x18F,e2f0d9
0x9810 0x9811,191,문자,171,닿,0x9810~0x9811,0 1,F0 19,A0 2D,0x1AD2F 0x1AD2E,57 81,07 95,0x1AAC0 0x1AAC0,0x2A 0x2A,0x190 0x191,e9ae2b
0x9812 0x9813,192,문자,172,지,0x9812~0x9813,0 1,E0 28,10 E0,0x1AD2D 0x1AD2C,49 92,79 4A,0x1AAC0 0x1AAC0,0x2A 0x2A,0x192 0x193,e9ae2b
0x9814 0x9815,193,문자,173,␠,0x9814~0x9815,0 1,70 28,18 12,0x1AD2B 0x1AD2A,DB 94,83 7E,0x1AAC0 0x1AAC0,0x2A 0x2A,0x194 0x195,e2f0d9
0x9816 0x9817,194,문자,174,못,0x9816~0x9817,0 1,90 19,E0 35,0x1AD29 0x1AD28,FD 87,4D A3,0x1AAC0 0x1AAC0,0x2A 0x2A,0x196 0x197,e9ae2b
0x9818 0x9819,195,문자,175,하,0x9818~0x9819,0 1,30 12,50 E3,0x1AD27 0x1AD26,9F 82,BF 53,0x1AAC0 0x1AAC0,0x2A 0x2A,0x198 0x199,e9ae2b
0x981A 0x981B,196,문자,176,게,0x981A~0x981B,0 1,19 00,00 20,0x1AD25 0x1AD24,8A 72,71 92,0x1AAC0 0x1AAC0,0x2A 0x2A,0x19A 0x19B,e9ae2b
0x981C 0x981D,197,문자,177,␠,0x981C~0x981D,0 1,75 15,18 12,0x1AD23 0x1AD22,E8 89,8B 86,0x1AAC0 0x1AAC0,0x2A 0x2A,0x19C 0x19D,e2f0d9
0x981E 0x981F,198,문자,178,되,0x981E~0x981F,0 1,00 17,80 2E,0x1AD21 0x1AD20,75 8D,F5 A4,0x1AAC0 0x1AAC0,0x2A 0x2A,0x19E 0x19F,e9ae2b
0x9821,199,문자,179,어,0x9820~0x9821,1,1A,70,0x1AD1E,92,E8,0x1AAC0,0x2A,0x1A1,e9ae2b
0x9822 0x9823,200,문자,180,・,0x9822~0x9823,0 1,00 04,60 12,0x1AD1D 0x1AD1C,79 7E,D9 8C,0x1AAC0 0x1AAC0,0x2A 0x2A,0x1A2 0x1A3,e2f0d9
0x9824 0x9825,201,문자,181,・,0x9824~0x9825,0 1,16 00,60 12,0x1AD1B 0x1AD1A,91 7C,DB 8E,0x1AAC0 0x1AAC0,0x2A 0x2A,0x1A4 0x1A5,e2f0d9
0x9826 0x9827,202,문자,182,・,0x9826~0x9827,0 1,40 F6,60 12,0x1AD19 0x1AD18,BD 74,DD 90,0x1AAC0 0x1AAC0,0x2A 0x2A,0x1A6 0x1A7,e2f0d9
0x9828 0x9829,203,문자,183,␠,0x9828~0x9829,0 1,12 00,18 12,0x1AD17 0x1AD16,91 80,97 92,0x1AAC0 0x1AAC0,0x2A 0x2A,0x1A8 0x1A9,e2f0d9
0x982A 0x982B,204,문자,184,당,0x982A~0x982B,0 1,23 21,90 2D,0x1AD15 0x1AD14,A4 A3,11 AF,0x1AAC0 0x1AAC0,0x2A 0x2A,0x1AA 0x1AB,e9ae2b
0x982C 0x982D,205,문자,185,신,0x982C~0x982D,0 1,00 20,D0 3F,0x1AD13 0x1AD12,83 A4,53 C3,0x1AAC0 0x1AAC0,0x2A 0x2A,0x1AC 0x1AD,e9ae2b
0x982E 0x982F,206,문자,186,을,0x982E~0x982F,0 1,39 60,50 DE,0x1AD11 0x1AD10,BE E6,D5 64,0x1AAC0 0x1AAC0,0x2A 0x2A,0x1AE 0x1AF,e9ae2b
0x9830 0x9831,207,문자,187,␠,0x9830~0x9831,0 1,12 60,18 12,0x1AD0F 0x1AD0E,99 E8,9F 9A,0x1AAC0 0x1AAC0,0x2A 0x2A,0x1B0 0x1B1,e2f0d9
0x9832 0x9833,208,문자,188,부,0x9832~0x9833,0 1,12 60,00 3C,0x1AD0D 0x1AD0C,9B EA,89 C6,0x1AAC0 0x1AAC0,0x2A 0x2A,0x1B2 0x1B3,e9ae2b
0x9834 0x9835,209,문자,189,르,0x9834~0x9835,0 1,12 12,30 34,0x1AD0B 0x1AD0A,9D 9E,BB C0,0x1AAC0 0x1AAC0,0x2A 0x2A,0x1B4 0x1B5,e9ae2b
0x9836 0x9837,210,문자,190,는,0x9836~0x9837,0 1,00 23,E0 25,0x1AD09 0x1AD08,8D B1,6D B3,0x1AAC0 0x1AAC0,0x2A 0x2A,0x1B6 0x1B7,e9ae2b
0x9838 0x9839,211,문자,191,␠,0x9838~0x9839,0 1,21 00,18 12,0x1AD07 0x1AD06,B0 90,A7 A2,0x1AAC0 0x1AAC0,0x2A 0x2A,0x1B8 0x1B9,e2f0d9
0x983A 0x983B,212,문자,192,것,0x983A~0x983B,0 1,40 F6,F0 1D,0x1AD05 0x1AD04,D1 88,81 AF,0x1AAC0 0x1AAC0,0x2A 0x2A,0x1BA 0x1BB,e9ae2b
0x983C 0x983D,213,문자,193,조,0x983C~0x983D,0 1,20 39,F0 EB,0x1AD03 0x1AD02,B3 CD,83 7F,0x1AAC0 0x1AAC0,0x2A 0x2A,0x1BC 0x1BD,e9ae2b
0x983E 0x983F,214,문자,194,차,0x983E~0x983F,0 1,60 B0,A0 E0,0x1AD01 0x1AD00,F5 46,35 76,0x1AAC0 0x1AAC0,0x2A 0x2A,0x1BE 0x1BF,e9ae2b
0x9840 0x9841,215,문자,195,␠,0x9840~0x9841,0 1,30 39,18 12,0x1ACFF 0x1ACFE,C7 D1,AF AA,0x1AAC0 0x1AAC0,0x2A 0x2A,0x1C0 0x1C1,e2f0d9
0x9842 0x9843,216,문자,196,어,0x9842~0x9843,0 1,70 28,00 70,0x1ACFD 0x1ACFC,09 C2,99 0A,0x1AAC0 0x1AAC0,0x2A 0x2A,0x1C2 0x1C3,e9ae2b
0x9844 0x9845,217,문자,197,려,0x9844~0x9845,0 1,F0 19,B0 31,0x1ACFB 0x1ACFA,8B B5,4B CD,0x1AAC0 0x1AAC0,0x2A 0x2A,0x1C4 0x1C5,e9ae2b
0x9846 0x9847,218,문자,198,웠,0x9846~0x9847,0 1,E0 28,F0 DD,0x1ACF9 0x1ACF8,7D C6,8D 7B,0x1AAC0 0x1AAC0,0x2A 0x2A,0x1C6 0x1C7,e9ae2b
0x9848 0x9849,219,문자,199,습,0x9848~0x9849,0 1,F0 28,A0 3F,0x1ACF7 0x1ACF6,8F C8,3F DF,0x1AAC0 0x1AAC0,0x2A 0x2A,0x1C8 0x1C9,e9ae2b
0x984A 0x984B,220,문자,200,니,0x984A~0x984B,0 1,20 18,F0 25,0x1ACF5 0x1ACF4,C1 BA,91 C7,0x1AAC0 0x1AAC0,0x2A 0x2A,0x1CA 0x1CB,e9ae2b
0x984C 0x984D,221,문자,201,다,0x984C~0x984D,0 1,12 00,C0 27,0x1ACF3 0x1ACF2,B5 A4,63 CB,0x1AAC0 0x1AAC0,0x2A 0x2A,0x1CC 0x1CD,e9ae2b
0x984E 0x984F,222,문자,202,。,0x984E~0x984F,0 1,23 21,30 12,0x1ACF1 0x1ACF0,C8 C7,D5 B8,0x1AAC0 0x1AAC0,0x2A 0x2A,0x1CE 0x1CF,e2f0d9
0x9850 0x9851 0x9852,223,제어,,,0x9850~0x9852,0 1 2,00 A0 28,19 00 75,0x1ACEF 0x1ACEE 0x1ACED,A7 48 D1,C0 A8 1E,0x1AAC0 0x1AAC0 0x1AAC0,0x2A 0x2A 0x2A,0x1D0 0x1D1 0x1D2,fce4d6
0x9853 0x9854,224,제어,,,0x9853~0x9854,0 1,F0 19,15 00,0x1ACEC 0x1ACEB,9A C4,BF AB,0x1AAC0 0x1AAC0,0x2A 0x2A,0x1D3 0x1D4,fce4d6
0x9855 0x9856,225,제어,,,0x9855~0x9856,0 1,00 28,17 00,0x1ACEA 0x1ACE9,AC D5,C3 AD,0x1AAC0 0x1AAC0,0x2A 0x2A,0x1D5 0x1D6,fce4d6
0x9857 0x9858 0x9859,226,제어,,,0x9857~0x9859,0 1 2,30 28 F0,1A 00 04,0x1ACE8 0x1ACE7 0x1ACE6,DE D7 A0,C8 AF B4,0x1AAC0 0x1AAC0 0x1AAC0,0x2A 0x2A 0x2A,0x1D7 0x1D8 0x1D9,fce4d6
0x985A 0x985B,227,제어,,,0x985A~0x985B,0 1,19 E0,16 00,0x1ACE5 0x1ACE4,CA 92,C7 B2,0x1AAC0 0x1AAC0,0x2A 0x2A,0x1DA 0x1DB,fce4d6
0x985C 0x985D,228,문자,203,나,0x985C~0x985D,0 1,28 A0,B0 24,0x1ACE3 0x1ACE2,DB 54,63 D8,0x1AAC0 0x1AAC0,0x2A 0x2A,0x1DC 0x1DD,e9ae2b
0x985F 0x9860 0x9861 0x9862,229,제어,,,0x985E~0x9862,1 2 3 4,90 12 20 18,00 23 21 00,0x1ACE0 0x1ACDF 0x1ACDE 0x1ACDD,46 C9 D8 D1,B6 DA D9 B9,0x1AAC0 0x1AAC0 0x1AAC0 0x1AAC0,0x2A 0x2A 0x2A 0x2A,0x1DF 0x1E0 0x1E1 0x1E2,fce4d6
0x9863 0x9864,230,문자,204,를,0x9863~0x9864,0 1,A0 28,50 34,0x1ACDC 0x1ACDB,5A E3,0A EF,0x1AAC0 0x1AAC0,0x2A 0x2A,0x1E3 0x1E4,e9ae2b
0x9865 0x9866,231,문자,205,・,0x9865~0x9866,0 1,F0 19,60 12,0x1ACDA 0x1ACD9,AC D6,1C CF,0x1AAC0 0x1AAC0,0x2A 0x2A,0x1E5 0x1E6,e2f0d9
0x9867 0x9868,232,문자,206,・,0x9867~0x9868,0 1,F0 28,60 12,0x1ACD8 0x1ACD7,AE E7,1E D1,0x1AAC0 0x1AAC0,0x2A 0x2A,0x1E7 0x1E8,e2f0d9
0x9869 0x986A,233,문자,207,・,0x9869~0x986A,0 1,F0 46,60 12,0x1ACD6 0x1ACD5,B0 07,20 D3,0x1AAC0 0x1AAC0,0x2A 0x2A,0x1E9 0x1EA,e2f0d9
0x986B 0x986C 0x986D 0x986E 0x986F,234,제어,,,0x986B~0x986F,0 1 2 3 4,A0 12 90 12 12,12 00 23 21 00,0x1ACD4 0x1ACD3 0x1ACD2 0x1ACD1 0x1ACD0,62 D5 54 D7 D8,D4 C3 E7 E6 C6,0x1AAC0 0x1AAC0 0x1AAC0 0x1AAC0 0x1AAC0,0x2A 0x2A 0x2A 0x2A 0x2A,0x1EB 0x1EC 0x1ED 0x1EE 0x1EF,fce4d6
0x9870 0x9871,235,문자,208,␠,0x9870~0x9871,0 1,00 23,18 12,0x1ACCF 0x1ACCE,C7 EB,DF DA,0x1AAC0 0x1AAC0,0x2A 0x2A,0x1F0 0x1F1,e2f0d9
0x9872 0x9873,236,문자,209,나,0x9872~0x9873,0 1,21 00,B0 24,0x1ACCD 0x1ACCC,EA CA,79 EE,0x1AAC0 0x1AAC0,0x2A 0x2A,0x1F2 0x1F3,e9ae2b
0x9874 0x9875,237,문자,210,를,0x9874~0x9875,0 1,30 19,50 34,0x1ACCB 0x1ACCA,FB E5,1B 00,0x1AAC0 0x1AAC0,0x2A 0x2A,0x1F4 0x1F5,e9ae2b
0x9876 0x9877,238,문자,211,␠,0x9876~0x9877,0 1,30 19,18 12,0x1ACC9 0x1ACC8,FD E7,E5 E0,0x1AAC0 0x1AAC0,0x2A 0x2A,0x1F6 0x1F7,e2f0d9
0x9878 0x9879,239,문자,212,부,0x9878~0x9879,0 1,F0 28,00 3C,0x1ACC7 0x1ACC6,BF F8,CF 0C,0x1AAC0 0x1AAC0,0x2A 0x2A,0x1F8 0x1F9,e9ae2b
0x987A 0x987B,240,문자,213,르,0x987A~0x987B,0 1,90 28,30 34,0x1ACC5 0x1ACC4,61 FA,01 06,0x1AAC0 0x1AAC0,0x2A 0x2A,0x1FA 0x1FB,e9ae2b
0x987C 0x987D,241,문자,214,는,0x987C~0x987D,0 1,30 19,E0 25,0x1ACC3 0x1ACC2,03 ED,B3 F9,0x1AAC0 0x1AAC0,0x2A 0x2A,0x1FC 0x1FD,e9ae2b
0x987E 0x987F,242,문자,215,␠,0x987E~0x987F,0 1,A0 28,18 12,0x1ACC1 0x1ACC0,75 FF,ED E9,0x1AAC0 0x1AAC0,0x2A 0x2A,0x1FE 0x1FF,e2f0d9
0x9880 0x9881,243,문자,216,목,0x9880~0x9881,0 1,E0 28,B0 35,0x1ACBF 0x1ACBE,B8 01,88 0E,0x1AAC0 0x1AAC0,0x2A 0x2A,0x200 0x201,e9ae2b
0x9882 0x9883,244,문자,217,소,0x9882~0x9883,0 1,A0 12,D0 3D,0x1ACBD 0x1ACBC,7A ED,AA 18,0x1AAC0 0x1AAC0,0x2A 0x2A,0x202 0x203,e9ae2b
0x9884 0x9885,245,문자,218,리,0x9884~0x9885,0 1,12 00,70 34,0x1ACBB 0x1ACBA,EE DD,4C 11,0x1AAC0 0x1AAC0,0x2A 0x2A,0x204 0x205,e9ae2b
0x9886 0x9887,246,문자,219,가,0x9886~0x9887,0 1,23 21,A0 17,0x1ACB9 0x1ACB8,01 00,7E F6,0x1AAC0 0x1AAC0,0x2A 0x2A,0x206 0x207,e9ae2b
0x9888 0x9889,247,문자,220,␠,0x9888~0x9889,0 1,00 90,18 12,0x1ACB7 0x1ACB6,E0 71,F8 F3,0x1AAC0 0x1AAC0,0x2A 0x2A,0x208 0x209,e2f0d9
0x988A 0x988B,248,문자,221,너,0x988A~0x988B,0 1,12 12,50 25,0x1ACB5 0x1ACB4,F4 F5,32 08,0x1AAC0 0x1AAC0,0x2A 0x2A,0x20A 0x20B,e9ae2b
0x988C 0x988D 0x988E 0x988F 0x9890,249,제어,,,0x988C~0x9890,0 1 2 3 4,00 23 21 00 15,12 00 23 21 00,0x1ACB3 0x1ACB2 0x1ACB1 0x1ACB0 0x1ACAF,E4 08 07 E7 FD,F6 E5 09 08 E8,0x1AAC0 0x1AAC0 0x1AAC0 0x1AAC0 0x1AAC0,0x2A 0x2A 0x2A 0x2A 0x2A,0x20C 0x20D 0x20E 0x20F 0x210,fce4d6
0x9891 0x9892,250,문자,222,였,0x9891~0x9892,0 1,00 30,80 9F,0x1ACAE 0x1ACAD,E9 1A,69 89,0x1AAC0 0x1AAC0,0x2A 0x2A,0x211 0x212,e9ae2b
0x9893 0x9894,251,문자,223,어,0x9893~0x9894,0 1,19 C0,00 70,0x1ACAC 0x1ACAB,04 AC,EB 5C,0x1AAC0 0x1AAC0,0x2A 0x2A,0x213 0x214,e9ae2b
0x9895 0x9896,252,문자,224,！,0x9895~0x9896,0 1,38 C0,A0 12,0x1ACAA 0x1ACA9,25 AE,8D 00,0x1AAC0 0x1AAC0,0x2A 0x2A,0x215 0x216,e2f0d9
0x9897,253,문자,225,？,0x9897~0x9898,0,18,90,0x1ACA8,07,7F,0x1AAC0,0x2A,0x217,e2f0d9
0x9899 0x989A,254,문자,226,␠,0x9899~0x989A,0 1,00 23,18 12,0x1ACA6 0x1ACA5,F1 15,09 04,0x1AAC0 0x1AAC0,0x2A 0x2A,0x219 0x21A,e2f0d9
0x989B 0x989C,255,문자,227,넌,0x989B~0x989C,0 1,00 40,60 25,0x1ACA4 0x1ACA3,F3 34,53 19,0x1AAC0 0x1AAC0,0x2A 0x2A,0x21B 0x21C,e9ae2b
0x989D 0x989E,256,문자,228,␠,0x989D~0x989E,0 1,59 80,18 12,0x1ACA2 0x1ACA1,4E 76,0D 08,0x1AAC0 0x1AAC0,0x2A 0x2A,0x21D 0x21E,e2f0d9
0x989F 0x98A0,257,문자,229,누,0x989F~0x98A0,0 1,19 30,C0 25,0x1ACA0 0x1AC9F,10 28,B7 1D,0x1AAC0 0x1AAC0,0x2A 0x2A,0x21F 0x220,e9ae2b
0x98A1 0x98A2,258,문자,230,구,0x98A1~0x98A2,0 1,38 A0,00 21,0x1AC9E 0x1AC9D,31 9A,F9 1B,0x1AAC0 0x1AAC0,0x2A 0x2A,0x221 0x222,e9ae2b
0x98A3 0x98A4,259,문자,231,야,0x98A3~0x98A4,0 1,28 40,00 6C,0x1AC9C 0x1AC9B,23 3C,FB 68,0x1AAC0 0x1AAC0,0x2A 0x2A,0x223 0x224,e9ae2b
0x98A5 0x98A6,260,문자,232,！,0x98A5~0x98A6,0 1,18 80,A0 12,0x1AC9A 0x1AC99,15 7E,9D 10,0x1AAC0 0x1AAC0,0x2A 0x2A,0x225 0x226,e2f0d9
0x98A7 0x98A8,261,문자,233,？,0x98A7~0x98A8,0 1,28 70,90 12,0x1AC98 0x1AC97,27 70,8F 12,0x1AAC0 0x1AAC0,0x2A 0x2A,0x227 0x228,e2f0d9
0x98A9 0x98AA 0x98AB 0x98AC 0x98AD,262,제어,,,0x98A9~0x98AD,0 1 2 3 4,19 F0 19 90 38,12 00 23 21 00,0x1AC96 0x1AC95 0x1AC94 0x1AC93 0x1AC92,1A F2 1C 94 3D,13 02 26 25 05,0x1AAC0 0x1AAC0 0x1AAC0 0x1AAC0 0x1AAC0,0x2A 0x2A 0x2A 0x2A 0x2A,0x229 0x22A 0x22B 0x22C 0x22D,fce4d6
0x98AE 0x98AF,263,문자,234,␠,0x98AE~0x98AF,0 1,40 18,18 12,0x1AC91 0x1AC90,46 1F,1E 19,0x1AAC0 0x1AAC0,0x2A 0x2A,0x22E 0x22F,e2f0d9
0x98B0 0x98B1,264,문자,235,여,0x98B0~0x98B1,0 1,30 28,50 9F,0x1AC8F 0x1AC8E,38 31,58 A8,0x1AAC0 0x1AAC0,0x2A 0x2A,0x230 0x231,e9ae2b
0x98B2 0x98B3,265,문자,236,긴,0x98B2~0x98B3,0 1,F0 19,C0 21,0x1AC8D 0x1AC8C,FA 24,CA 2C,0x1AAC0 0x1AAC0,0x2A 0x2A,0x232 0x233,e9ae2b
0x98B4 0x98B5,266,문자,237,␠,0x98B4~0x98B5,0 1,40 18,18 12,0x1AC8B 0x1AC8A,4C 25,24 1F,0x1AAC0 0x1AAC0,0x2A 0x2A,0x234 0x235,e2f0d9
0x98B6 0x98B7,267,문자,238,대,0x98B6~0x98B7,0 1,60 12,B0 2D,0x1AC89 0x1AC88,6E 21,BE 3C,0x1AAC0 0x1AAC0,0x2A 0x2A,0x236 0x237,e9ae2b
0x98B8 0x98B9,268,문자,239,체,0x98B8~0x98B9,0 1,60 12,30 E1,0x1AC87 0x1AC86,70 23,40 F2,0x1AAC0 0x1AAC0,0x2A 0x2A,0x238 0x239,e9ae2b
0x98BA,269,문자,240,␠,0x98BA~0x98BB,0,60,18,0x1AC85,72,2A,0x1AAC0,0x2A,0x23A,e2f0d9
0x98BC 0x98BD,270,문자,241,어,0x98BC~0x98BD,0 1,A0 12,00 70,0x1AC83 0x1AC82,B4 27,14 85,0x1AAC0 0x1AAC0,0x2A 0x2A,0x23C 0x23D,e9ae2b
0x98BE 0x98BF,271,문자,242,디,0x98BE~0x98BF,0 1,19 00,20 30,0x1AC81 0x1AC80,2F 17,36 47,0x1AAC0 0x1AAC0,0x2A 0x2A,0x23E 0x23F,e9ae2b
0x98C0 0x98C1,272,문자,243,고,0x98C0~0x98C1,0 1,74 15,80 20,0x1AC7F 0x1AC7E,8C 2E,98 39,0x1AAC0 0x1AAC0,0x2A 0x2A,0x240 0x241,e9ae2b
0x98C2 0x98C3,273,문자,244,！,0x98C2~0x98C3,0 1,00 17,A0 12,0x1AC7D 0x1AC7C,1A 32,BA 2D,0x1AAC0 0x1AAC0,0x2A 0x2A,0x242 0x243,e2f0d9
0x98C4 0x98C5 0x98C6 0x98C7 0x98C8,274,제어,,,0x98C4~0x98C8,0 1 2 3 4,00 1A 00 04 16,12 00 23 21 00,0x1AC7B 0x1AC7A 0x1AC79 0x1AC78 0x1AC77,1C 37 1E 23 36,2E 1D 41 40 20,0x1AAC0 0x1AAC0 0x1AAC0 0x1AAC0 0x1AAC0,0x2A 0x2A 0x2A 0x2A 0x2A,0x244 0x245 0x246 0x247 0x248,fce4d6
0x98C9 0x98CA,275,문자,245,？,0x98C9~0x98CA,0 1,00 90,90 12,0x1AC76 0x1AC75,21 B2,B1 34,0x1AAC0 0x1AAC0,0x2A 0x2A,0x249 0x24A,e2f0d9
0x98CB 0x98CC 0x98CD 0x98CE 0x98CF,276,제어,,,0x98CB~0x98CF,0 1 2 3 4,28 60 18 B0 18,12 00 23 21 00,0x1AC74 0x1AC73 0x1AC72 0x1AC71 0x1AC70,4B 84 3D D6 3F,35 24 48 47 27,0x1AAC0 0x1AAC0 0x1AAC0 0x1AAC0 0x1AAC0,0x2A 0x2A 0x2A 0x2A 0x2A,0x24B 0x24C 0x24D 0x24E 0x24F,fce4d6
0x98D0 0x98D1,277,제어,,,0x98D0~0x98D1,0 1,E0 DA,15 00,0x1AC6F 0x1AC6E,08 03,3D 29,0x1AAC0 0x1AAC0,0x2A 0x2A,0x250 0x251,fce4d6
0x98D2 0x98D3,278,문자,246,이,0x98D2~0x98D3,0 1,10 28,90 DE,0x1AC6D 0x1AC6C,3A 53,BA 09,0x1AAC0 0x1AAC0,0x2A 0x2A,0x252 0x253,e9ae2b
0x98D4 0x98D5,279,문자,247,게,0x98D4~0x98D5,0 1,50 C6,00 20,0x1AC6B 0x1AC6A,7C F3,2C 4D,0x1AAC0 0x1AAC0,0x2A 0x2A,0x254 0x255,e9ae2b
0x98D6 0x98D7,280,문자,248,␠,0x98D6~0x98D7,0 1,40 18,18 12,0x1AC69 0x1AC68,6E 47,46 41,0x1AAC0 0x1AAC0,0x2A 0x2A,0x256 0x257,e2f0d9
0x98D8 0x98D9 0x98DA 0x98DB,281,제어,,,0x98D8~0x98DB,0 1 2 3,60 28 20 12,12 00 23 00,0x1AC67 0x1AC66 0x1AC65 0x1AC64,90 59 52 45,42 31 55 33,0x1AAC0 0x1AAC0 0x1AAC0 0x1AAC0,0x2A 0x2A 0x2A 0x2A,0x258 0x259 0x25A 0x25B,fce4d6
0x98DC 0x98DD,282,문자,249,꿈,0x98DC~0x98DD,0 1,50 5A,60 24,0x1AC63 0x1AC62,84 8F,94 59,0x1AAC0 0x1AAC0,0x2A 0x2A,0x25C 0x25D,e9ae2b
0x98DE 0x98DF,283,문자,250,이,0x98DE~0x98DF,0 1,20 B7,90 DE,0x1AC61 0x1AC60,56 EE,C6 15,0x1AAC0 0x1AAC0,0x2A 0x2A,0x25E 0x25F,e9ae2b
0x98E0,284,문자,251,␠,0x98E0~0x98E1,0,60,18,0x1AC5F,98,50,0x1AAC0,0x2A,0x260,e2f0d9
0x98E2 0x98E3,285,문자,252,아,0x98E2~0x98E3,0 1,60 12,00 56,0x1AC5D 0x1AC5C,9A 4D,3A 91,0x1AAC0 0x1AAC0,0x2A 0x2A,0x262 0x263,e9ae2b
0x98E4 0x98E5,286,문자,253,니,0x98E4~0x98E5,0 1,60 12,F0 25,0x1AC5B 0x1AC5A,9C 4F,2C 62,0x1AAC0 0x1AAC0,0x2A 0x2A,0x264 0x265,e9ae2b
0x98E7,287,문자,254,라,0x98E6~0x98E7,1,C0,30,0x1AC58,FF,6F,0x1AAC0,0x2A,0x267,e9ae2b
0x98E8 0x98E9,288,문자,255,면,0x98E8~0x98E9,0 1,40 18,70 35,0x1AC57 0x1AC56,80 59,B0 76,0x1AAC0 0x1AAC0,0x2A 0x2A,0x268 0x269,e9ae2b
0x98EA 0x98EB,289,문자,256,␠,0x98EA~0x98EB,0 1,70 28,18 12,0x1AC55 0x1AC54,B2 6B,5A 55,0x1AAC0 0x1AAC0,0x2A 0x2A,0x26A 0x26B,e2f0d9
0x98EC 0x98ED,290,문자,257,대,0x98EC~0x98ED,0 1,40 6A,B0 2D,0x1AC53 0x1AC52,84 AF,F4 72,0x1AAC0 0x1AAC0,0x2A 0x2A,0x26C 0x26D,e9ae2b
0x98EE 0x98EF,291,문자,258,체,0x98EE~0x98EF,0 1,C0 18,30 E1,0x1AC51 0x1AC50,06 5F,76 28,0x1AAC0 0x1AAC0,0x2A 0x2A,0x26E 0x26F,e9ae2b
0x98F0 0x98F1,292,문자,259,␠,0x98F0~0x98F1,0 1,20 F2,18 12,0x1AC4F 0x1AC4E,68 3B,60 5B,0x1AAC0 0x1AAC0,0x2A 0x2A,0x270 0x271,e2f0d9
0x98F2 0x98F3,293,문자,260,뭔,0x98F2~0x98F3,0 1,60 29,F0 37,0x1AC4D 0x1AC4C,AA 74,3A 82,0x1AAC0 0x1AAC0,0x2A 0x2A,0x272 0x273,e9ae2b
0x98F4 0x98F5,294,문자,261,데,0x98F4~0x98F5,0 1,30 28,F0 2D,0x1AC4B 0x1AC4A,7C 75,3C 7A,0x1AAC0 0x1AAC0,0x2A 0x2A,0x274 0x275,e9ae2b
0x98F7,295,문자,262,・,0x98F6~0x98F7,1,28,12,0x1AC48,77,61,0x1AAC0,0x2A,0x277,e2f0d9
0x98F8 0x98F9,296,문자,263,・,0x98F8~0x98F9,0 1,40 18,60 12,0x1AC47 0x1AC46,90 69,B0 63,0x1AAC0 0x1AAC0,0x2A 0x2A,0x278 0x279,e2f0d9
0x98FA 0x98FB,297,문자,264,・,0x98FA~0x98FB,0 1,B0 38,60 12,0x1AC45 0x1AC44,02 8B,B2 65,0x1AAC0 0x1AAC0,0x2A 0x2A,0x27A 0x27B,e2f0d9
0x98FC 0x98FD,298,문자,265,！,0x98FC~0x98FD,0 1,E0 28,A0 12,0x1AC43 0x1AC42,34 7D,F4 67,0x1AAC0 0x1AAC0,0x2A 0x2A,0x27C 0x27D,e2f0d9
0x98FE 0x98FF 0x9900,299,제어,,,0x98FE~0x9900,0 1 2,F0 28 F0,19 00 74,0x1AC41 0x1AC40 0x1AC3F,46 7F 48,6F 57 CC,0x1AAC0 0x1AAC0 0x1AAC0,0x2A 0x2A 0x2A,0x27E 0x27F 0x280,fce4d6
0x9901 0x9902,300,제어,,,0x9901~0x9902,0 1,38 B0,15 00,0x1AC3E 0x1AC3D,91 0A,6E 5A,0x1AAC0 0x1AAC0,0x2A 0x2A,0x281 0x282,fce4d6
0x9903 0x9904,301,제어,,,0x9903~0x9904,0 1,18 A0,17 00,0x1AC3C 0x1AC3B,73 FC,72 5C,0x1AAC0 0x1AAC0,0x2A 0x2A,0x283 0x284,fce4d6
0x9905 0x9906 0x9907,302,제어,,,0x9905~0x9907,0 1 2,38 E0 29,1A 00 04,0x1AC3A 0x1AC39 0x1AC38,95 3E 88,77 5E 63,0x1AAC0 0x1AAC0 0x1AAC0,0x2A 0x2A 0x2A,0x285 0x286 0x287,fce4d6
0x9908 0x9909,303,제어,,,0x9908~0x9909,0 1,90 19,16 00,0x1AC37 0x1AC36,F0 7A,76 61,0x1AAC0 0x1AAC0,0x2A 0x2A,0x288 0x289,fce4d6
0x990A 0x990B,304,문자,266,부,0x990A~0x990B,0 1,30 12,00 3C,0x1AC35 0x1AC34,92 75,62 9F,0x1AAC0 0x1AAC0,0x2A 0x2A,0x28A 0x28B,e9ae2b
0x990C 0x990D,305,문자,267,디,0x990C~0x990D,0 1,70 28,20 30,0x1AC33 0x1AC32,D4 8D,84 95,0x1AAC0 0x1AAC0,0x2A 0x2A,0x28C 0x28D,e9ae2b
0x990E 0x990F,306,문자,268,␠,0x990E~0x990F,0 1,20 38,18 12,0x1AC31 0x1AC30,86 9F,7E 79,0x1AAC0 0x1AAC0,0x2A 0x2A,0x28E 0x28F,e2f0d9
0x9910 0x9911,307,문자,269,마,0x9910~0x9911,0 1,20 12,B0 34,0x1AC2F 0x1AC2E,88 7B,18 9D,0x1AAC0 0x1AAC0,0x2A 0x2A,0x290 0x291,e9ae2b
0x9912 0x9913,308,문자,270,음,0x9912~0x9913,0 1,30 19,60 DE,0x1AC2D 0x1AC2C,9A 84,CA 49,0x1AAC0 0x1AAC0,0x2A 0x2A,0x292 0x293,e9ae2b
0x9914 0x9915,309,문자,271,을,0x9914~0x9915,0 1,C0 38,50 DE,0x1AC2B 0x1AC2A,2C A5,BC 4B,0x1AAC0 0x1AAC0,0x2A 0x2A,0x294 0x295,e9ae2b
0x9916 0x9917,310,문자,272,␠,0x9916~0x9917,0 1,F0 28,18 12,0x1AC29 0x1AC28,5E 97,86 81,0x1AAC0 0x1AAC0,0x2A 0x2A,0x296 0x297,e2f0d9
0x9918 0x9919,311,문자,273,가,0x9918~0x9919,0 1,40 59,A0 17,0x1AC27 0x1AC26,B0 CA,10 88,0x1AAC0 0x1AAC0,0x2A 0x2A,0x298 0x299,e9ae2b
0x991A 0x991B,312,문자,274,라,0x991A~0x991B,0 1,70 28,F0 30,0x1AC25 0x1AC24,E2 9B,62 A3,0x1AAC0 0x1AAC0,0x2A 0x2A,0x29A 0x29B,e9ae2b
0x991C 0x991D,313,문자,275,앉,0x991C~0x991D,0 1,F0 28,00 5C,0x1AC23 0x1AC22,64 9D,74 D1,0x1AAC0 0x1AAC0,0x2A 0x2A,0x29C 0x29D,e9ae2b
0x991E 0x991F,314,문자,276,히,0x991E~0x991F,0 1,20 18,60 E5,0x1AC21 0x1AC20,96 8F,D6 5C,0x1AAC0 0x1AAC0,0x2A 0x2A,0x29E 0x29F,e9ae2b
0x9921,315,문자,277,세,0x9920~0x9921,1,38,3D,0x1AC1E,B1,B6,0x1AAC0,0x2A,0x2A1,e9ae2b
0x9922 0x9923,316,문자,278,요,0x9922~0x9923,0 1,E0 29,F0 C7,0x1AC1D 0x1AC1C,5A A4,6A 42,0x1AAC0 0x1AAC0,0x2A 0x2A,0x2A2 0x2A3,e9ae2b
0x9924 0x9925,317,문자,279,、,0x9924~0x9925,0 1,B0 19,20 12,0x1AC1B 0x1AC1A,2C 96,9C 8F,0x1AAC0 0x1AAC0,0x2A 0x2A,0x2A4 0x2A5,e2f0d9
0x9926 0x9927,318,문자,280,유,0x9926~0x9927,0 1,30 39,20 DE,0x1AC19 0x1AC18,AE B8,9E 5D,0x1AAC0 0x1AAC0,0x2A 0x2A,0x2A6 0x2A7,e9ae2b
0x9928 0x9929,319,문자,281,코,0x9928~0x9929,0 1,15 00,10 E2,0x1AC17 0x1AC16,95 81,90 63,0x1AAC0 0x1AAC0,0x2A 0x2A,0x2A8 0x2A9,e9ae2b
0x9930 0x9931,323,문자,285,␠,0x9930~0x9931,0 1,40 F6,18 12,0x1AC0F 0x1AC0E,C8 7F,A0 9B,0x1AAC0 0x1AAC0,0x2A 0x2A,0x2B0 0x2B1,e2f0d9
0x9932 0x9933,324,문자,286,방,0x9932~0x9933,0 1,E0 28,D0 39,0x1AC0D 0x1AC0C,6A B3,5A C4,0x1AAC0 0x1AAC0,0x2A 0x2A,0x2B2 0x2B3,e9ae2b
0x9934 0x9935,325,문자,287,금,0x9934~0x9935,0 1,E0 59,80 21,0x1AC0B 0x1AC0A,6C E6,0C AE,0x1AAC0 0x1AAC0,0x2A 0x2A,0x2B4 0x2B5,e9ae2b
0x9936 0x9937,326,문자,288,␠,0x9936~0x9937,0 1,F0 28,18 12,0x1AC09 0x1AC08,7E B7,A6 A1,0x1AAC0 0x1AAC0,0x2A 0x2A,0x2B6 0x2B7,e2f0d9
0x9938 0x9939,327,문자,289,전,0x9938~0x9939,0 1,40 3B,B0 DF,0x1AC07 0x1AC06,D0 CC,40 70,0x1AAC0 0x1AAC0,0x2A 0x2A,0x2B8 0x2B9,e9ae2b
0x993A 0x993B,328,문자,290,의,0x993A~0x993B,0 1,10 1A,80 DE,0x1AC05 0x1AC04,A2 AD,12 71,0x1AAC0 0x1AAC0,0x2A 0x2A,0x2BA 0x2BB,e9ae2b
0x993C 0x993D,329,문자,291,␠,0x993C~0x993D,0 1,A0 3A,18 12,0x1AC03 0x1AC02,34 CF,AC A7,0x1AAC0 0x1AAC0,0x2A 0x2A,0x2BC 0x2BD,e2f0d9
0x993E 0x993F,330,문자,292,싸,0x993E~0x993F,0 1,20 1A,00 46,0x1AC01 0x1AC00,B6 B1,96 DD,0x1AAC0 0x1AAC0,0x2A 0x2A,0x2BE 0x2BF,e9ae2b
0x9940 0x9941,331,문자,293,움,0x9940~0x9941,0 1,30 12,F0 D5,0x1ABFF 0x1ABFE,C8 AB,88 6E,0x1AAC0 0x1AAC0,0x2A 0x2A,0x2C0 0x2C1,e9ae2b
0x9943,332,문자,294,으,0x9942~0x9943,1,19,DE,0x1ABFC,B4,79,0x1AAC0,0x2A,0x2C3,e9ae2b
0x9944 0x9945,333,문자,295,로,0x9944~0x9945,0 1,30 19,D0 31,0x1ABFB 0x1ABFA,CC B6,6C CE,0x1AAC0 0x1AAC0,0x2A 0x2A,0x2C4 0x2C5,e9ae2b
0x9946 0x9947,334,문자,296,␠,0x9946~0x9947,0 1,F0 28,18 12,0x1ABF9 0x1ABF8,8E C7,B6 B1,0x1AAC0 0x1AAC0,0x2A 0x2A,0x2C6 0x2C7,e2f0d9
0x9948 0x9949,335,문자,297,감,0x9948~0x9949,0 1,40 3B,E0 17,0x1ABF7 0x1ABF6,E0 DC,80 B8,0x1AAC0 0x1AAC0,0x2A 0x2A,0x2C8 0x2C9,e9ae2b
0x994A 0x994B,336,문자,298,정,0x994A~0x994B,0 1,10 1A,F0 DF,0x1ABF5 0x1ABF4,B2 BD,92 82,0x1AAC0 0x1AAC0,0x2A 0x2A,0x2CA 0x2CB,e9ae2b
0x994C 0x994D,337,문자,299,이,0x994C~0x994D,0 1,B0 2A,90 DE,0x1ABF3 0x1ABF2,54 CF,34 83,0x1AAC0 0x1AAC0,0x2A 0x2A,0x2CC 0x2CD,e9ae2b
0x994E 0x994F,338,문자,300,␠,0x994E~0x994F,0 1,60 2A,18 12,0x1ABF1 0x1ABF0,06 D1,BE B9,0x1AAC0 0x1AAC0,0x2A 0x2A,0x2CE 0x2CF,e2f0d9
0x9951,339,문자,301,격,0x9950~0x9951,1,1A,20,0x1ABEE,C3,C9,0x1AAC0,0x2A,0x2D1,e9ae2b
0x9952 0x9953,340,문자,302,해,0x9952~0x9953,0 1,80 28,B0 E3,0x1ABED 0x1ABEC,2A D3,5A 8E,0x1AAC0 0x1AAC0,0x2A 0x2A,0x2D2 0x2D3,e9ae2b
0x9954 0x9955,341,문자,303,지,0x9954~0x9955,0 1,40 18,10 E0,0x1ABEB 0x1ABEA,EC C5,BC 8D,0x1AAC0 0x1AAC0,0x2A 0x2A,0x2D4 0x2D5,e9ae2b
0x9956 0x9957,342,문자,304,는,0x9956~0x9957,0 1,60 18,E0 25,0x1ABE9 0x1ABE8,0E C7,8E D4,0x1AAC0 0x1AAC0,0x2A 0x2A,0x2D6 0x2D7,e9ae2b
0x9958,343,문자,305,␠,0x9958~0x9959,0,20,18,0x1ABE7,D0,C8,0x1AAC0,0x2A,0x2D8,e2f0d9
0x995A 0x995B,344,문자,306,건,0x995A~0x995B,0 1,20 18,B0 1D,0x1ABE5 0x1ABE4,D2 CB,62 D0,0x1AAC0 0x1AAC0,0x2A 0x2A,0x2DA 0x2DB,e9ae2b
0x995C 0x995D,345,문자,307,␠,0x995C~0x995D,0 1,A0 28,18 12,0x1ABE3 0x1ABE2,54 DD,CC C7,0x1AAC0 0x1AAC0,0x2A 0x2A,0x2DC 0x2DD,e2f0d9
0x995E 0x995F,346,문자,308,이,0x995E~0x995F,0 1,F0 19,90 DE,0x1ABE1 0x1ABE0,A6 D0,46 95,0x1AAC0 0x1AAC0,0x2A 0x2A,0x2DE 0x2DF,e9ae2b
0x9960 0x9961,347,문자,309,해,0x9960~0x9961,0 1,D0 D5,B0 E3,0x1ABDF 0x1ABDE,88 8E,68 9C,0x1AAC0 0x1AAC0,0x2A 0x2A,0x2E0 0x2E1,e9ae2b
0x9962 0x9963,348,문자,310,하,0x9962~0x9963,0 1,E0 28,50 E3,0x1ABDD 0x1ABDC,9A E3,0A 9E,0x1AAC0 0x1AAC0,0x2A 0x2A,0x2E2 0x2E3,e9ae2b
0x9964 0x9965,349,문자,311,지,0x9964~0x9965,0 1,40 40,10 E0,0x1ABDB 0x1ABDA,FC FD,CC 9D,0x1AAC0 0x1AAC0,0x2A 0x2A,0x2E4 0x2E5,e9ae2b
0x9966 0x9967,350,문자,312,만,0x9966~0x9967,0 1,60 66,D0 34,0x1ABD9 0x1ABD8,1E 25,8E F3,0x1AAC0 0x1AAC0,0x2A 0x2A,0x2E6 0x2E7,e9ae2b
0x9968 0x9969,351,문자,313,、,0x9968~0x9969,0 1,80 28,20 12,0x1ABD7 0x1ABD6,40 E9,E0 D3,0x1AAC0 0x1AAC0,0x2A 0x2A,0x2E8 0x2E9,e2f0d9
0x996A 0x996B,352,문자,314,이,0x996A~0x996B,0 1,F0 28,90 DE,0x1ABD5 0x1ABD4,B2 EB,52 A1,0x1AAC0 0x1AAC0,0x2A 0x2A,0x2EA 0x2EB,e9ae2b
0x996C 0x996D,353,문자,315,건,0x996C~0x996D,0 1,C0 94,B0 1D,0x1ABD3 0x1ABD2,84 59,74 E2,0x1AAC0 0x1AAC0,0x2A 0x2A,0x2EC 0x2ED,e9ae2b
0x996E 0x996F,354,문자,316,␠,0x996E~0x996F,0 1,E0 28,18 12,0x1ABD1 0x1ABD0,A6 EF,DE D9,0x1AAC0 0x1AAC0,0x2A 0x2A,0x2EE 0x2EF,e2f0d9
0x9970 0x9971,355,문자,317,꿈,0x9970~0x9971,0 1,10 78,60 24,0x1ABCF 0x1ABCE,D8 41,28 ED,0x1AAC0 0x1AAC0,0x2A 0x2A,0x2F0 0x2F1,e9ae2b
0x9972 0x9973,356,문자,318,이,0x9972~0x9973,0 1,50 ED,90 DE,0x1ABCD 0x1ABCC,1A B8,5A A9,0x1AAC0 0x1AAC0,0x2A 0x2A,0x2F2 0x2F3,e9ae2b
0x9974 0x9975,357,문자,319,␠,0x9974~0x9975,0 1,70 28,18 12,0x1ABCB 0x1ABCA,3C F5,E4 DF,0x1AAC0 0x1AAC0,0x2A 0x2A,0x2F4 0x2F5,e2f0d9
0x9976 0x9977,358,문자,320,아,0x9976~0x9977,0 1,90 19,00 56,0x1ABC9 0x1ABC8,5E E8,CE 25,0x1AAC0 0x1AAC0,0x2A 0x2A,0x2F6 0x2F7,e9ae2b
0x9978 0x9979,359,문자,321,닙,0x9978~0x9979,0 1,30 12,B0 27,0x1ABC7 0x1ABC6,00 E3,80 F8,0x1AAC0 0x1AAC0,0x2A 0x2A,0x2F8 0x2F9,e9ae2b
0x997A 0x997B,360,문자,322,니,0x997A~0x997B,0 1,15 00,F0 25,0x1ABC5 0x1ABC4,E7 D3,C2 F8,0x1AAC0 0x1AAC0,0x2A 0x2A,0x2FA 0x2FB,e9ae2b
0x997C 0x997D,361,문자,323,다,0x997C~0x997D,0 1,50 5A,C0 27,0x1ABC3 0x1ABC2,24 2F,94 FC,0x1AAC0 0x1AAC0,0x2A 0x2A,0x2FC 0x2FD,e9ae2b
0x997E 0x997F,362,문자,324,。,0x997E~0x997F,0 1,20 B7,30 12,0x1ABC1 0x1ABC0,F6 8F,06 EA,0x1AAC0 0x1AAC0,0x2A 0x2A,0x2FE 0x2FF,e2f0d9
0x9980 0x9981,363,제어,,,0x9980~0x9981,0 1,60 12,15 00,0x1ABBF 0x1ABBE,39 EC,EE DA,0x1AAC0 0x1AAC0,0x2A 0x2A,0x300 0x301,fce4d6
0x9986 0x9987,366,문자,327,・,0x9986~0x9987,0 1,40 43,60 12,0x1ABB9 0x1ABB8,1F 23,3F F2,0x1AAC0 0x1AAC0,0x2A 0x2A,0x306 0x307,e2f0d9
0x9988 0x9989,367,문자,328,제,0x9988~0x9989,0 1,60 28,F0 E3,0x1ABB7 0x1ABB6,41 0A,D1 C5,0x1AAC0 0x1AAC0,0x2A 0x2A,0x308 0x309,e9ae2b
0x998A 0x998B,368,문자,329,␠,0x998A~0x998B,0 1,C0 18,18 12,0x1ABB5 0x1ABB4,A3 FC,FB F6,0x1AAC0 0x1AAC0,0x2A 0x2A,0x30A 0x30B,e2f0d9
0x998C 0x998D,369,문자,330,이,0x998C~0x998D,0 1,20 18,90 DE,0x1ABB3 0x1ABB2,05 FE,75 C4,0x1AAC0 0x1AAC0,0x2A 0x2A,0x30C 0x30D,e9ae2b
0x998E 0x998F,370,문자,331,름,0x998E~0x998F,0 1,A0 28,60 34,0x1ABB1 0x1ABB0,87 10,47 1C,0x1AAC0 0x1AAC0,0x2A 0x2A,0x30E 0x30F,e9ae2b
0x9990 0x9991,371,문자,332,은,0x9990~0x9991,0 1,F0 19,40 DE,0x1ABAF 0x1ABAE,D9 03,29 C8,0x1AAC0 0x1AAC0,0x2A 0x2A,0x310 0x311,e9ae2b
0x9992 0x9993,372,문자,333,␠,0x9992~0x9993,0 1,E0 28,18 12,0x1ABAD 0x1ABAC,CB 14,03 FE,0x1AAC0 0x1AAC0,0x2A 0x2A,0x312 0x313,e2f0d9
0x9994 0x9995,373,문자,334,바,0x9994~0x9995,0 1,D0 DB,80 39,0x1ABAB 0x1ABAA,BD C9,6D 27,0x1AAC0 0x1AAC0,0x2A 0x2A,0x314 0x315,e9ae2b
0x9996 0x9997,374,문자,335,리,0x9996~0x9997,0 1,20 E5,70 34,0x1ABA9 0x1ABA8,0F D5,5F 24,0x1AAC0 0x1AAC0,0x2A 0x2A,0x316 0x317,e9ae2b
0x9998 0x9999,375,문자,336,아,0x9998~0x9999,0 1,20 39,00 56,0x1ABA7 0x1ABA6,11 2B,F1 48,0x1AAC0 0x1AAC0,0x2A 0x2A,0x318 0x319,e9ae2b
0x999A 0x999B,376,문자,337,。,0x999A~0x999B,0 1,60 49,30 12,0x1ABA5 0x1ABA4,53 3D,23 06,0x1AAC0 0x1AAC0,0x2A 0x2A,0x31A 0x31B,e2f0d9
0x999C 0x999D,377,문자,338,이,0x999C~0x999D,0 1,80 18,90 DE,0x1ABA3 0x1ABA2,75 0E,85 D4,0x1AAC0 0x1AAC0,0x2A 0x2A,0x31C 0x31D,e9ae2b
0x999E 0x999F,378,문자,339,곳,0x999E~0x999F,0 1,60 28,90 20,0x1ABA1 0x1ABA0,57 20,87 18,0x1AAC0 0x1AAC0,0x2A 0x2A,0x31E 0x31F,e9ae2b
0x99A1,379,문자,340,은,0x99A0~0x99A1,1,18,DE,0x1AB9E,12,D8,0x1AAC0,0x2A,0x321,e9ae2b
0x99A2 0x99A3,380,문자,341,␠,0x99A2~0x99A3,0 1,B0 38,18 12,0x1AB9D 0x1AB9C,AB 34,13 0E,0x1AAC0 0x1AAC0,0x2A 0x2A,0x322 0x323,e2f0d9
0x99A4 0x99A5,381,문자,342,베,0x99A4~0x99A5,0 1,60 F7,90 3B,0x1AB9B 0x1AB9A,5D F5,8D 39,0x1AAC0 0x1AAC0,0x2A 0x2A,0x324 0x325,e9ae2b
0x99A6 0x99A7,382,문자,343,니,0x99A6~0x99A7,0 1,70 28,F0 25,0x1AB99 0x1AB98,6F 28,EF 25,0x1AAC0 0x1AAC0,0x2A 0x2A,0x326 0x327,e9ae2b
0x99A8 0x99A9,383,문자,344,티,0x99A8~0x99A9,0 1,70 19,D0 E2,0x1AB97 0x1AB96,71 1B,D1 E4,0x1AAC0 0x1AAC0,0x2A 0x2A,0x328 0x329,e9ae2b
0x99AA 0x99AB,384,문자,345,라,0x99AA~0x99AB,0 1,70 38,F0 30,0x1AB95 0x1AB94,73 3C,F3 34,0x1AAC0 0x1AAC0,0x2A 0x2A,0x32A 0x32B,e9ae2b
0x99AC 0x99AD,385,문자,346,␠,0x99AC~0x99AD,0 1,60 18,18 12,0x1AB93 0x1AB92,65 1E,1D 18,0x1AAC0 0x1AAC0,0x2A 0x2A,0x32C 0x32D,e2f0d9
0x99AE 0x99AF,386,문자,347,불,0x99AE~0x99AF,0 1,30 12,20 3C,0x1AB91 0x1AB90,37 1A,27 44,0x1AAC0 0x1AAC0,0x2A 0x2A,0x32E 0x32F,e9ae2b
0x99B1,387,문자,348,리,0x99B0~0x99B1,1,28,34,0x1AB8E,32,3E,0x1AAC0,0x2A,0x331,e9ae2b
0x99B2 0x99B3,388,문자,349,는,0x99B2~0x99B3,0 1,20 38,E0 25,0x1AB8D 0x1AB8C,2B 44,EB 31,0x1AAC0 0x1AAC0,0x2A 0x2A,0x332 0x333,e9ae2b
0x99B6 0x99B7,390,문자,351,당,0x99B6~0x99B7,0 1,B0 99,90 2D,0x1AB89 0x1AB88,BF A9,9F 3D,0x1AAC0 0x1AAC0,0x2A 0x2A,0x336 0x337,e9ae2b
0x99B8 0x99B9,391,문자,352,신,0x99B8~0x99B9,0 1,30 28,D0 3F,0x1AB87 0x1AB86,41 3A,E1 51,0x1AAC0 0x1AAC0,0x2A 0x2A,0x338 0x339,e9ae2b
0x99BA 0x99BB,392,문자,353,들,0x99BA~0x99BB,0 1,60 28,10 30,0x1AB85 0x1AB84,73 3C,23 44,0x1AAC0 0x1AAC0,0x2A 0x2A,0x33A 0x33B,e9ae2b
0x99BC 0x99BD,393,문자,354,의,0x99BC~0x99BD,0 1,90 55,80 DE,0x1AB83 0x1AB82,A5 6B,95 F4,0x1AAC0 0x1AAC0,0x2A 0x2A,0x33C 0x33D,e9ae2b
0x99BE 0x99BF,394,문자,355,␠,0x99BE~0x99BF,0 1,40 18,18 12,0x1AB81 0x1AB80,57 30,2F 2A,0x1AAC0 0x1AAC0,0x2A 0x2A,0x33E 0x33F,e2f0d9
0x99C0 0x99C1,395,문자,356,세,0x99C0~0x99C1,0 1,60 28,A0 3D,0x1AB7F 0x1AB7E,79 42,B9 57,0x1AAC0 0x1AAC0,0x2A 0x2A,0x340 0x341,e9ae2b
0x99C2 0x99C3,396,문자,357,계,0x99C2~0x99C3,0 1,C0 65,70 20,0x1AB7D 0x1AB7C,DB 81,8B 3C,0x1AAC0 0x1AAC0,0x2A 0x2A,0x342 0x343,e9ae2b
0x99C4 0x99C5,397,문자,358,와,0x99C4~0x99C5,0 1,50 19,E0 9F,0x1AB7B 0x1AB7A,6D 37,FD BD,0x1AAC0 0x1AAC0,0x2A 0x2A,0x344 0x345,e9ae2b
0x99C6 0x99C7,398,문자,359,는,0x99C6~0x99C7,0 1,40 18,E0 25,0x1AB79 0x1AB78,5F 38,FF 45,0x1AAC0 0x1AAC0,0x2A 0x2A,0x346 0x347,e9ae2b
0x99C8,399,문자,360,␠,0x99C8~0x99C9,0,60,18,0x1AB77,81,39,0x1AAC0,0x2A,0x348,e2f0d9
0x99CA 0x99CB,400,문자,361,다,0x99CA~0x99CB,0 1,60 12,C0 27,0x1AB75 0x1AB74,83 36,E3 4B,0x1AAC0 0x1AAC0,0x2A 0x2A,0x34A 0x34B,e9ae2b
0x99CC 0x99CD,401,문자,362,른,0x99CC~0x99CD,0 1,60 12,40 34,0x1AB73 0x1AB72,85 38,65 5A,0x1AAC0 0x1AAC0,0x2A 0x2A,0x34C 0x34D,e9ae2b
0x99CE,402,문자,363,␠,0x99CE~0x99CF,0,30,18,0x1AB71,57,3F,0x1AAC0,0x2A,0x34E,e2f0d9
0x99D0 0x99D1,403,문자,364,차,0x99D0~0x99D1,0 1,D0 BE,A0 E0,0x1AB6F 0x1AB6E,F9 E8,C9 0A,0x1AAC0 0x1AAC0,0x2A 0x2A,0x350 0x351,e9ae2b
0x99D2 0x99D3,404,문자,365,원,0x99D2~0x99D3,0 1,E0 28,F0 D9,0x1AB6D 0x1AB6C,0B 54,1B 05,0x1AAC0 0x1AAC0,0x2A 0x2A,0x352 0x353,e9ae2b
0x99D4 0x99D5,405,문자,366,의,0x99D4~0x99D5,0 1,40 7F,80 DE,0x1AB6B 0x1AB6A,6D AD,AD 0C,0x1AAC0 0x1AAC0,0x2A 0x2A,0x354 0x355,e9ae2b
0x99D6 0x99D7,406,문자,367,␠,0x99D6~0x99D7,0 1,F0 28,18 12,0x1AB69 0x1AB68,1F 58,47 42,0x1AAC0 0x1AAC0,0x2A 0x2A,0x356 0x357,e2f0d9
0x99D8 0x99D9,407,문자,368,공,0x99D8~0x99D9,0 1,30 74,A0 20,0x1AB67 0x1AB66,61 A6,D1 52,0x1AAC0 0x1AAC0,0x2A 0x2A,0x358 0x359,e9ae2b
0x99DA 0x99DB,408,문자,369,간,0x99DA~0x99DB,0 1,20 12,C0 17,0x1AB65 0x1AB64,53 46,F3 4B,0x1AAC0 0x1AAC0,0x2A 0x2A,0x35A 0x35B,e9ae2b
0x99DC 0x99DD,409,문자,370,입,0x99DC~0x99DD,0 1,70 98,E0 DE,0x1AB63 0x1AB62,A5 CE,15 14,0x1AAC0 0x1AAC0,0x2A 0x2A,0x35C 0x35D,e9ae2b
0x99DE 0x99DF,410,문자,371,니,0x99DE~0x99DF,0 1,30 29,F0 25,0x1AB61 0x1AB60,67 61,27 5D,0x1AAC0 0x1AAC0,0x2A 0x2A,0x35E 0x35F,e9ae2b
0x99E0 0x99E1,411,문자,372,다,0x99E0~0x99E1,0 1,B0 18,C0 27,0x1AB5F 0x1AB5E,E9 52,F9 61,0x1AAC0 0x1AAC0,0x2A 0x2A,0x360 0x361,e9ae2b
0x99E2 0x99E3,412,문자,373,。,0x99E2~0x99E3,0 1,B0 18,30 12,0x1AB5D 0x1AB5C,EB 54,6B 4E,0x1AAC0 0x1AAC0,0x2A 0x2A,0x362 0x363,e9ae2b
0x99E4 0x99E5,413,제어,,,0x99E4~0x99E5,0 1,30 28,15 00,0x1AB5B 0x1AB5A,6D 66,52 3E,0x1AAC0 0x1AAC0,0x2A 0x2A,0x364 0x365,fce4d6
0x99E6 0x99E7,414,문자,374,유,0x99E6~0x99E7,0 1,60 28,20 DE,0x1AB59 0x1AB58,9F 68,5F 1E,0x1AAC0 0x1AAC0,0x2A 0x2A,0x366 0x367,e9ae2b
0x99E8 0x99E9,415,문자,375,코,0x99E8~0x99E9,0 1,40 18,10 E2,0x1AB57 0x1AB56,81 5A,51 24,0x1AAC0 0x1AAC0,0x2A 0x2A,0x368 0x369,e9ae2b
0x99EA 0x99EB,416,문자,376,・,0x99EA~0x99EB,0 1,E0 29,60 12,0x1AB55 0x1AB54,23 6D,A3 56,0x1AAC0 0x1AAC0,0x2A 0x2A,0x36A 0x36B,e2f0d9
0x99EC 0x99ED,417,문자,377,・,0x99EC~0x99ED,0 1,90 19,60 12,0x1AB53 0x1AB52,D5 5F,A5 58,0x1AAC0 0x1AAC0,0x2A 0x2A,0x36C 0x36D,e2f0d9
0x99EE,418,문자,378,・,0x99EE~0x99EF,0,30,60,0x1AB51,77,A7,0x1AAC0,0x2A,0x36E,e2f0d9
0x99F0 0x99F1,419,문자,379,␠,0x99F0~0x99F1,0 1,D0 BE,18 12,0x1AB4F 0x1AB4E,19 08,61 5C,0x1AAC0 0x1AAC0,0x2A 0x2A,0x370 0x371,e2f0d9
0x99F2 0x99F3,420,문자,380,모,0x99F2~0x99F3,0 1,E0 28,A0 35,0x1AB4D 0x1AB4C,2B 74,EB 81,0x1AAC0 0x1AAC0,0x2A 0x2A,0x372 0x373,e9ae2b
0x99F4 0x99F5,421,문자,381,든,0x99F4~0x99F5,0 1,40 7F,00 30,0x1AB4B 0x1AB4A,8D CD,4D 7E,0x1AAC0 0x1AAC0,0x2A 0x2A,0x374 0x375,e9ae2b
0x99F6 0x99F7,422,문자,382,␠,0x99F6~0x99F7,0 1,F0 28,18 12,0x1AB49 0x1AB48,3F 78,67 62,0x1AAC0 0x1AAC0,0x2A 0x2A,0x376 0x377,e2f0d9
0x99F8 0x99F9,423,문자,383,게,0x99F8~0x99F9,0 1,B0 12,00 20,0x1AB47 0x1AB46,01 64,51 72,0x1AAC0 0x1AAC0,0x2A 0x2A,0x378 0x379,e9ae2b
0x99FA 0x99FB,424,문자,384,␠,0x99FA~0x99FB,0 1,00 98,18 12,0x1AB45 0x1AB44,53 EC,6B 66,0x1AAC0 0x1AAC0,0x2A 0x2A,0x37A 0x37B,e2f0d9
0x99FC 0x99FD,425,문자,385,믿,0x99FC~0x99FD,0 1,D0 32,70 39,0x1AB43 0x1AB42,25 88,C5 8F,0x1AAC0 0x1AAC0,0x2A 0x2A,0x37C 0x37D,e9ae2b
0x99FE 0x99FF,426,문자,386,기,0x99FE~0x99FF,0 1,80 28,B0 21,0x1AB41 0x1AB40,D7 80,07 79,0x1AAC0 0x1AAC0,0x2A 0x2A,0x37E 0x37F,e9ae2b
0x9A00 0x9A01,427,문자,387,지,0x9A00~0x9A01,0 1,B0 12,10 E0,0x1AB3F 0x1AB3E,09 6C,69 3A,0x1AAC0 0x1AAC0,0x2A 0x2A,0x380 0x381,e9ae2b
0x9A02 0x9A03,428,문자,388,␠,0x9A02~0x9A03,0 1,50 A0,18 12,0x1AB3D 0x1AB3C,AB FC,73 6E,0x1AAC0 0x1AAC0,0x2A 0x2A,0x382 0x383,e2f0d9
0x9A04 0x9A05,429,문자,389,않,0x9A04~0x9A05,0 1,D0 32,00 5E,0x1AB3B 0x1AB3A,2D 90,5D BC,0x1AAC0 0x1AAC0,0x2A 0x2A,0x384 0x385,e9ae2b
0x9A06 0x9A07,430,문자,390,고,0x9A06~0x9A07,0 1,E0 28,80 20,0x1AB39 0x1AB38,3F 88,DF 80,0x1AAC0 0x1AAC0,0x2A 0x2A,0x386 0x387,e9ae2b
0x9A08 0x9A09,431,문자,391,␠,0x9A08~0x9A09,0 1,30 CD,18 12,0x1AB37 0x1AB36,91 2F,79 74,0x1AAC0 0x1AAC0,0x2A 0x2A,0x388 0x389,e2f0d9
0x9A0A 0x9A0B,432,문자,392,혼,0x9A0A~0x9A0B,0 1,40 28,70 E4,0x1AB35 0x1AB34,A3 8C,D3 48,0x1AAC0 0x1AAC0,0x2A 0x2A,0x38A 0x38B,e9ae2b
0x9A0C 0x9A0D,433,문자,393,란,0x9A0C~0x9A0D,0 1,E0 28,00 31,0x1AB33 0x1AB32,45 8E,65 97,0x1AAC0 0x1AAC0,0x2A 0x2A,0x38C 0x38D,e9ae2b
0x9A0E 0x9A0F,434,문자,394,스,0x9A0E~0x9A0F,0 1,B0 A1,70 3F,0x1AB31 0x1AB30,17 09,D7 A7,0x1AAC0 0x1AAC0,0x2A 0x2A,0x38E 0x38F,e9ae2b
0x9A10 0x9A11,435,문자,395,럽,0x9A10~0x9A11,0 1,A0 28,80 31,0x1AB2F 0x1AB2E,09 92,E9 9B,0x1AAC0 0x1AAC0,0x2A 0x2A,0x390 0x391,e9ae2b
0x9A12 0x9A13,436,문자,396,겠,0x9A12~0x9A13,0 1,30 28,10 20,0x1AB2D 0x1AB2C,9B 94,7B 8C,0x1AAC0 0x1AAC0,0x2A 0x2A,0x392 0x393,e9ae2b
0x9A14 0x9A15,437,문자,397,지,0x9A14~0x9A15,0 1,F0 19,10 E0,0x1AB2B 0x1AB2A,5D 87,7D 4E,0x1AAC0 0x1AAC0,0x2A 0x2A,0x394 0x395,e9ae2b
0x9A16 0x9A17,438,문자,398,요,0x9A16~0x9A17,0 1,D0 40,F0 C7,0x1AB29 0x1AB28,3F B0,5F 37,0x1AAC0 0x1AAC0,0x2A 0x2A,0x396 0x397,e9ae2b
0x9A18 0x9A19,439,문자,399,。,0x9A18~0x9A19,0 1,10 B8,30 12,0x1AB27 0x1AB26,81 2A,A1 84,0x1AAC0 0x1AAC0,0x2A 0x2A,0x398 0x399,e2f0d9
0x9A1A 0x9A1B,440,문자,400,그,0x9A1A~0x9A1B,0 1,20 39,50 21,0x1AB25 0x1AB24,93 AD,C3 95,0x1AAC0 0x1AAC0,0x2A 0x2A,0x39A 0x39B,e9ae2b
0x9A1C 0x9A1D,441,문자,401,래,0x9A1C~0x9A1D,0 1,D0 F7,30 31,0x1AB23 0x1AB22,45 6D,A5 A7,0x1AAC0 0x1AAC0,0x2A 0x2A,0x39C 0x39D,e9ae2b
0x9A1E 0x9A1F,442,문자,402,도,0x9A1E~0x9A1F,0 1,30 28,20 2E,0x1AB21 0x1AB20,A7 A0,97 A6,0x1AAC0 0x1AAC0,0x2A 0x2A,0x39E 0x39F,e9ae2b
0x9A20 0x9A21,443,문자,403,␠,0x9A20~0x9A21,0 1,60 28,18 12,0x1AB1F 0x1AB1E,D9 A2,91 8C,0x1AAC0 0x1AAC0,0x2A 0x2A,0x3A0 0x3A1,e2f0d9
0x9A22 0x9A23,444,문자,404,제,0x9A22~0x9A23,0 1,E0 40,F0 E3,0x1AB1D 0x1AB1C,5B BC,6B 5F,0x1AAC0 0x1AAC0,0x2A 0x2A,0x3A2 0x3A3,e9ae2b
0x9A24 0x9A25,445,문자,405,␠,0x9A24~0x9A25,0 1,A0 38,18 12,0x1AB1B 0x1AB1A,1D B6,95 90,0x1AAC0 0x1AAC0,0x2A 0x2A,0x3A4 0x3A5,e2f0d9
0x9A26 0x9A27,446,문자,406,얘,0x9A26~0x9A27,0 1,90 5C,00 6E,0x1AB19 0x1AB18,0F DC,7F EE,0x1AAC0 0x1AAC0,0x2A 0x2A,0x3A6 0x3A7,e9ae2b
0x9A28 0x9A29,447,문자,407,기,0x9A28~0x9A29,0 1,30 28,B0 21,0x1AB17 0x1AB16,B1 AA,31 A3,0x1AAC0 0x1AAC0,0x2A 0x2A,0x3A8 0x3A9,e9ae2b
0x9A2A 0x9A2B,448,문자,408,를,0x9A2A~0x9A2B,0 1,60 28,50 34,0x1AB15 0x1AB14,E3 AC,D3 B8,0x1AAC0 0x1AAC0,0x2A 0x2A,0x3AA 0x3AB,e9ae2b
0x9A2C 0x9A2D,449,문자,409,␠,0x9A2C~0x9A2D,0 1,40 18,18 12,0x1AB13 0x1AB12,C5 9E,9D 98,0x1AAC0 0x1AAC0,0x2A 0x2A,0x3AC 0x3AD,e2f0d9
0x9A2E 0x9A2F,450,문자,410,잠,0x9A2E~0x9A2F,0 1,B0 38,50 DF,0x1AB11 0x1AB10,37 C0,D7 67,0x1AAC0 0x1AAC0,0x2A 0x2A,0x3AE 0x3AF,e9ae2b
0x9A30 0x9A31,451,문자,411,자,0x9A30~0x9A31,0 1,E0 28,00 DF,0x1AB0F 0x1AB0E,69 B2,89 69,0x1AAC0 0x1AAC0,0x2A 0x2A,0x3B0 0x3B1,e9ae2b
0x9A32 0x9A33,452,문자,412,코,0x9A32~0x9A33,0 1,70 28,10 E2,0x1AB0D 0x1AB0C,FB B4,9B 6E,0x1AAC0 0x1AAC0,0x2A 0x2A,0x3B2 0x3B3,e9ae2b
0x9A34 0x9A35,453,문자,413,␠,0x9A34~0x9A35,0 1,90 19,18 12,0x1AB0B 0x1AB0A,1D A7,A5 A0,0x1AAC0 0x1AAC0,0x2A 0x2A,0x3B4 0x3B5,e2f0d9
0x9A36 0x9A37,454,문자,414,들,0x9A36~0x9A37,0 1,C0 18,10 30,0x1AB09 0x1AB08,4F A8,9F C0,0x1AAC0 0x1AAC0,0x2A 0x2A,0x3B6 0x3B7,e9ae2b
0x9A38 0x9A39,455,문자,415,어,0x9A38~0x9A39,0 1,20 12,00 70,0x1AB07 0x1AB06,B1 A4,91 02,0x1AAC0 0x1AAC0,0x2A 0x2A,0x3B8 0x3B9,e9ae2b
0x9A3A 0x9A3B,456,문자,416,주,0x9A3A~0x9A3B,0 1,70 B4,F0 F5,0x1AB05 0x1AB04,03 48,83 89,0x1AAC0 0x1AAC0,0x2A 0x2A,0x3BA 0x3BB,e9ae2b
0x9A3C 0x9A3D,457,문자,417,세,0x9A3C~0x9A3D,0 1,10 EC,A0 3D,0x1AB03 0x1AB02,A5 82,35 D3,0x1AAC0 0x1AAC0,0x2A 0x2A,0x3BC 0x3BD,e9ae2b
0x9A3E 0x9A3F,458,문자,418,요,0x9A3E~0x9A3F,0 1,B0 28,F0 C7,0x1AB01 0x1AB00,47 C0,87 5F,0x1AAC0 0x1AAC0,0x2A 0x2A,0x3BE 0x3BF,e9ae2b
0x9A40 0x9A41,459,문자,419,・,0x9A40~0x9A41,0 1,A0 28,60 12,0x1AAFF 0x1AAFE,39 C2,F9 AC,0x1AAC0 0x1AAC0,0x2A 0x2A,0x3C0 0x3C1,e2f0d9
0x9A42 0x9A43,460,문자,420,・,0x9A42~0x9A43,0 1,30 28,60 12,0x1AAFD 0x1AAFC,CB C4,FB AE,0x1AAC0 0x1AAC0,0x2A 0x2A,0x3C2 0x3C3,e2f0d9
0x9A45,461,문자,421,・,0x9A44~0x9A45,1,28,12,0x1AAFA,C6,B0,0x1AAC0,0x2A,0x3C5,e2f0d9
0x9A46,462,문자,422,。,0x9A46~0x9A47,0,B0,30,0x1AAF9,4F,CF,0x1AAC0,0x2A,0x3C6,e2f0d9
0x9A48 0x9A49,463,문자,423,인,0x9A48~0x9A49,0 1,50 A0,A0 DE,0x1AAF7 0x1AAF6,F1 42,41 80,0x1AAC0 0x1AAC0,0x2A 0x2A,0x3C8 0x3C9,e9ae2b
0x9A4A 0x9A4B,464,문자,424,간,0x9A4A~0x9A4B,0 1,D0 32,C0 17,0x1AAF5 0x1AAF4,73 D6,63 BB,0x1AAC0 0x1AAC0,0x2A 0x2A,0x3CA 0x3CB,e9ae2b
0x9A4C 0x9A4D,465,문자,425,의,0x9A4C~0x9A4D,0 1,E0 28,80 DE,0x1AAF3 0x1AAF2,85 CE,25 84,0x1AAC0 0x1AAC0,0x2A 0x2A,0x3CC 0x3CD,e9ae2b
0x9A4E 0x9A4F,466,문자,426,␠,0x9A4E~0x9A4F,0 1,40 D3,18 12,0x1AAF1 0x1AAF0,E7 7B,BF BA,0x1AAC0 0x1AAC0,0x2A 0x2A,0x3CE 0x3CF,e2f0d9
0x9A50 0x9A51,467,문자,427,마,0x9A50~0x9A51,0 1,C0 54,B0 34,0x1AAEF 0x1AAEE,69 FE,59 DE,0x1AAC0 0x1AAC0,0x2A 0x2A,0x3D0 0x3D1,e9ae2b
0x9A52 0x9A53,468,문자,428,음,0x9A52~0x9A53,0 1,C0 18,60 DE,0x1AAED 0x1AAEC,6B C4,0B 8A,0x1AAC0 0x1AAC0,0x2A 0x2A,0x3D2 0x3D3,e9ae2b
0x9A54 0x9A55,469,문자,429,이,0x9A54~0x9A55,0 1,80 C7,90 DE,0x1AAEB 0x1AAEA,2D 75,3D 8C,0x1AAC0 0x1AAC0,0x2A 0x2A,0x3D4 0x3D5,e9ae2b
0x9A56 0x9A57,470,문자,430,␠,0x9A56~0x9A57,0 1,70 19,18 12,0x1AAE9 0x1AAE8,1F C9,C7 C2,0x1AAC0 0x1AAC0,0x2A 0x2A,0x3D6 0x3D7,e2f0d9
0x9A58 0x9A59,471,문자,431,지,0x9A58~0x9A59,0 1,F0 18,10 E0,0x1AAE7 0x1AAE6,A1 CA,C1 92,0x1AAC0 0x1AAC0,0x2A 0x2A,0x3D8 0x3D9,e9ae2b
0x9A5A 0x9A5B,472,문자,432,금,0x9A5A~0x9A5B,0 1,D0 C3,80 21,0x1AAE5 0x1AAE4,83 77,33 D5,0x1AAC0 0x1AAC0,0x2A 0x2A,0x3DA 0x3DB,e9ae2b
0x9A5C 0x9A5D,473,문자,433,␠,0x9A5C~0x9A5D,0 1,30 7E,18 12,0x1AAE3 0x1AAE2,E5 34,CD C8,0x1AAC0 0x1AAC0,0x2A 0x2A,0x3DC 0x3DD,e2f0d9
0x9A5E 0x9A5F,474,문자,434,파,0x9A5E~0x9A5F,0 1,70 19,E0 E2,0x1AAE1 0x1AAE0,27 D1,97 9A,0x1AAC0 0x1AAC0,0x2A 0x2A,0x3DE 0x3DF,e9ae2b
0x9A60 0x9A61,475,문자,435,멸,0x9A60~0x9A61,0 1,20 12,80 35,0x1AADF 0x1AADE,D9 CC,39 EF,0x1AAC0 0x1AAC0,0x2A 0x2A,0x3E0 0x3E1,e9ae2b
0x9A62 0x9A63,476,문자,436,을,0x9A62~0x9A63,0 1,D0 19,50 DE,0x1AADD 0x1AADC,8B D5,0B 9A,0x1AAC0 0x1AAC0,0x2A 0x2A,0x3E2 0x3E3,e9ae2b
0x9A64 0x9A65,477,문자,437,␠,0x9A64~0x9A65,0 1,E0 28,18 12,0x1AADB 0x1AADA,9D E6,D5 D0,0x1AAC0 0x1AAC0,0x2A 0x2A,0x3E4 0x3E5,e2f0d9
0x9A66 0x9A67,478,문자,438,향,0x9A66~0x9A67,0 1,00 2B,E0 E3,0x1AAD9 0x1AAD8,BF EB,9F A3,0x1AAC0 0x1AAC0,0x2A 0x2A,0x3E6 0x3E7,e9ae2b
0x9A68 0x9A69,479,문자,439,해,0x9A68~0x9A69,0 1,90 3A,B0 E3,0x1AAD7 0x1AAD6,51 FC,71 A5,0x1AAC0 0x1AAC0,0x2A 0x2A,0x3E8 0x3E9,e9ae2b
0x9A6A 0x9A6B,480,문자,440,␠,0x9A6A~0x9A6B,0 1,30 3B,18 12,0x1AAD5 0x1AAD4,F3 FF,DB D6,0x1AAC0 0x1AAC0,0x2A 0x2A,0x3EA 0x3EB,e2f0d9
0x9A6C 0x9A6D,481,문자,441,가,0x9A6C~0x9A6D,0 1,90 1B,A0 17,0x1AAD3 0x1AAD2,55 E1,65 DD,0x1AAC0 0x1AAC0,0x2A 0x2A,0x3EC 0x3ED,e9ae2b
0x9A6E 0x9A6F,482,문자,442,고,0x9A6E~0x9A6F,0 1,20 39,80 20,0x1AAD1 0x1AAD0,E7 01,47 E8,0x1AAC0 0x1AAC0,0x2A 0x2A,0x3EE 0x3EF,e9ae2b
0x9A70 0x9A71,483,문자,443,␠,0x9A70~0x9A71,0 1,A0 79,18 12,0x1AACF 0x1AACE,69 43,E1 DC,0x1AAC0 0x1AAC0,0x2A 0x2A,0x3F0 0x3F1,e2f0d9
0x9A72 0x9A73,484,문자,444,␠,0x9A72~0x9A73,0 1,40 18,18 12,0x1AACD 0x1AACC,0B E4,E3 DE,0x1AAC0 0x1AAC0,0x2A 0x2A,0x3F2 0x3F3,e2f0d9
0x9A74 0x9A75,485,제어,,,0x9A74~0x9A75,0 1,B0 18,15 00,0x1AACB 0x1AACA,7D E6,E2 CE,0x1AAC0 0x1AAC0,0x2A 0x2A,0x3F4 0x3F5,fce4d6
0x9A76 0x9A77,486,문자,445,있,0x9A76~0x9A77,0 1,10 19,F0 DE,0x1AAC9 0x1AAC8,DF E9,BF AE,0x1AAC0 0x1AAC0,0x2A 0x2A,0x3F6 0x3F7,e9ae2b
0x9A78 0x9A79,487,문자,446,습,0x9A78~0x9A79,0 1,60 28,A0 3F,0x1AAC7 0x1AAC6,31 FA,71 11,0x1AAC0 0x1AAC0,0x2A 0x2A,0x3F8 0x3F9,e9ae2b
0x9A7A 0x9A7B,488,문자,447,니,0x9A7A~0x9A7B,0 1,40 18,F0 25,0x1AAC5 0x1AAC4,13 EC,C3 F9,0x1AAC0 0x1AAC0,0x2A 0x2A,0x3FA 0x3FB,e9ae2b
0x9A7C 0x9A7D,489,문자,448,다,0x9A7C~0x9A7D,0 1,B0 38,C0 27,0x1AAC3 0x1AAC2,85 0E,95 FD,0x1AAC0 0x1AAC0,0x2A 0x2A,0x3FC 0x3FD,e9ae2b
0x9A7E 0x9A7F,490,문자,449,。,0x9A7E~0x9A7F,0 1,E0 28,30 12,0x1AAC1 0x1AAC0,B7 01,07 EB,0x1AAC0 0x1AAC0,0x2A 0x2A,0x3FE 0x3FF,e2f0d9
0x9A80 0x9A81,491,문자,450,인,0x9A80~0x9A81,0 1,70 28,A0 DE,0x1B2CF 0x1B2CE,46 FF,76 B5,0x1AED0 0x1AED0,0x2A 0x2A,0x000 0x001,e9ae2b
0x9A82 0x9A83,492,문자,451,간,0x9A82~0x9A83,0 1,90 19,C0 17,0x1B2CD 0x1B2CC,68 F2,98 F0,0x1AED0 0x1AED0,0x2A 0x2A,0x002 0x003,e9ae2b
0x9A84 0x9A85,493,문자,452,의,0x9A84~0x9A85,0 1,30 12,80 DE,0x1B2CB 0x1B2CA,0A ED,5A B9,0x1AED0 0x1AED0,0x2A 0x2A,0x004 0x005,e9ae2b
0x9A86 0x9A87,494,문자,453,␠,0x9A86~0x9A87,0 1,19 00,18 12,0x1B2C9 0x1B2C8,F5 DD,F4 EF,0x1AED0 0x1AED0,0x2A 0x2A,0x006 0x007,e2f0d9
0x9A88 0x9A89,495,문자,454,마,0x9A88~0x9A89,0 1,75 15,B0 34,0x1B2C7 0x1B2C6,53 F4,8E 13,0x1AED0 0x1AED0,0x2A 0x2A,0x008 0x009,e9ae2b
0x9A8A 0x9A8B,496,문자,455,음,0x9A8A~0x9A8B,0 1,00 17,60 DE,0x1B2C5 0x1B2C4,E0 F8,40 BF,0x1AED0 0x1AED0,0x2A 0x2A,0x00A 0x00B,e9ae2b
0x9A8C 0x9A8D,497,문자,456,은,0x9A8C~0x9A8D,0 1,00 1A,40 DE,0x1B2C3 0x1B2C2,E2 FD,22 C1,0x1AED0 0x1AED0,0x2A 0x2A,0x00C 0x00D,e9ae2b
0x9A8E 0x9A8F,498,문자,457,“,0x9A8E~0x9A8F,0 1,00 04,88 22,0x1B2C1 0x1B2C0,E4 E9,6C 07,0x1AED0 0x1AED0,0x2A 0x2A,0x00E 0x00F,e2f0d9
0x9A90 0x9A91,499,문자,458,빛,0x9A90~0x9A91,0 1,16 00,50 3C,0x1B2BF 0x1B2BE,FC E7,36 23,0x1AED0 0x1AED0,0x2A 0x2A,0x010 0x011,e9ae2b
0x9A92 0x9A93,500,문자,459,”,0x9A92~0x9A93,0 1,12 00,98 22,0x1B2BD 0x1B2BC,FA E9,80 0B,0x1AED0 0x1AED0,0x2A 0x2A,0x012 0x013,e2f0d9
0x9A94 0x9A95,501,문자,460,과,0x9A94~0x9A95,0 1,23 21,B0 20,0x1B2BB 0x1B2BA,0D 0C,9A 0B,0x1AED0 0x1AED0,0x2A 0x2A,0x014 0x015,e9ae2b
0x9A96 0x9A97,502,문자,461,“,0x9A96~0x9A97,0 1,00 40,88 22,0x1B2B9 0x1B2B8,EC 2D,74 0F,0x1AED0 0x1AED0,0x2A 0x2A,0x016 0x017,e2f0d9
0x9A98 0x9A99,503,문자,462,어,0x9A98~0x9A99,0 1,18 30,00 70,0x1B2B7 0x1B2B6,06 1F,EE 5F,0x1AED0 0x1AED0,0x2A 0x2A,0x018 0x019,e9ae2b
0x9A9A 0x9A9B,504,문자,463,둠,0x9A9A~0x9A9B,0 1,28 F0,D0 2E,0x1B2B5 0x1B2B4,18 E1,C0 1F,0x1AED0 0x1AED0,0x2A 0x2A,0x01A 0x01B,e9ae2b
0x9A9C 0x9A9D,505,문자,464,”,0x9A9C~0x9A9D,0 1,19 40,98 22,0x1B2B3 0x1B2B2,0B 33,8A 15,0x1AED0 0x1AED0,0x2A 0x2A,0x01C 0x01D,e2f0d9
0x9A9E 0x9A9F,506,문자,465,이,0x9A9E~0x9A9F,0 1,18 F0,90 DE,0x1B2B1 0x1B2B0,0C E5,84 D3,0x1AED0 0x1AED0,0x2A 0x2A,0x01E 0x01F,e9ae2b
0x9AA0 0x9AA1,507,문자,466,라,0x9AA0~0x9AA1,0 1,65 E0,F0 30,0x1B2AF 0x1B2AE,5B D7,E6 27,0x1AED0 0x1AED0,0x2A 0x2A,0x020 0x021,e9ae2b
0x9AA2 0x9AA3,508,문자,467,는,0x9AA2~0x9AA3,0 1,28 60,E0 25,0x1B2AD 0x1B2AC,20 59,D8 1E,0x1AED0 0x1AED0,0x2A 0x2A,0x022 0x023,e9ae2b
0x9AA4 0x9AA5,509,문자,468,␠,0x9AA4~0x9AA5,0 1,F7 A0,18 12,0x1B2AB 0x1B2AA,F1 9B,12 0D,0x1AED0 0x1AED0,0x2A 0x2A,0x024 0x025,e2f0d9
0x9AA6 0x9AA7,510,문자,469,서,0x9AA6~0x9AA7,0 1,28 E0,50 3D,0x1B2A9 0x1B2A8,24 DD,4C 3A,0x1AED0 0x1AED0,0x2A 0x2A,0x026 0x027,e9ae2b
0x9AA8 0x9AA9,511,문자,470,로,0x9AA8~0x9AA9,0 1,28 A0,D0 31,0x1B2A7 0x1B2A6,26 9F,CE 30,0x1AED0 0x1AED0,0x2A 0x2A,0x028 0x029,e9ae2b
0x9AAA,512,문자,471,␠,0x9AAA~0x9AAB,0,12,18,0x1B2A5,12,18,0x1AED0,0x2A,0x02A,e2f0d9
0x9AAC 0x9AAD,513,문자,472,상,0x9AAC~0x9AAD,0 1,00 23,20 3D,0x1B2A3 0x1B2A2,02 26,22 40,0x1AED0 0x1AED0,0x2A 0x2A,0x02C 0x02D,e9ae2b
0x9AAE 0x9AAF,514,문자,473,반,0x9AAE~0x9AAF,0 1,21 00,90 39,0x1B2A1 0x1B2A0,25 05,94 3E,0x1AED0 0x1AED0,0x2A 0x2A,0x02E 0x02F,e9ae2b
0x9AB1,515,문자,474,된,0x9AB0~0x9AB1,1,12,2E,0x1B29E,19,35,0x1AED0,0x2A,0x031,e9ae2b
0x9AB2 0x9AB3,516,문자,475,␠,0x9AB2~0x9AB3,0 1,12 00,18 12,0x1B29D 0x1B29C,1A 09,20 1B,0x1AED0 0x1AED0,0x2A 0x2A,0x032 0x033,e2f0d9
0x9AB4 0x9AB5,517,문자,476,성,0x9AB4~0x9AB5,0 1,23 21,90 3D,0x1B29B 0x1B29A,2D 2C,9A 48,0x1AED0 0x1AED0,0x2A 0x2A,0x034 0x035,e9ae2b
0x9AB6 0x9AB7,518,문자,477,질,0x9AB6~0x9AB7,0 1,00 50,40 E0,0x1B299 0x1B298,0C 5D,4C ED,0x1AED0 0x1AED0,0x2A 0x2A,0x036 0x037,e9ae2b
0x9AB8 0x9AB9,519,문자,478,로,0x9AB8~0x9AB9,0 1,19 12,D0 31,0x1B297 0x1B296,27 21,DE 40,0x1AED0 0x1AED0,0x2A 0x2A,0x038 0x039,e9ae2b
0x9ABA 0x9ABB,520,문자,479,␠,0x9ABA~0x9ABB,0 1,00 23,18 12,0x1B295 0x1B294,10 34,28 23,0x1AED0 0x1AED0,0x2A 0x2A,0x03A 0x03B,e2f0d9
0x9ABC 0x9ABD,521,문자,480,이,0x9ABC~0x9ABD,0 1,00 30,90 DE,0x1B293 0x1B292,12 43,A2 F1,0x1AED0 0x1AED0,0x2A 0x2A,0x03C 0x03D,e9ae2b
0x9ABE 0x9ABF,522,문자,481,뤄,0x9ABE~0x9ABF,0 1,28 10,10 34,0x1B291 0x1B290,3C 25,24 49,0x1AED0 0x1AED0,0x2A 0x2A,0x03E 0x03F,e9ae2b
0x9AC0 0x9AC1,523,문자,482,졌,0x9AC0~0x9AC1,0 1,29 A0,F0 E9,0x1B28F 0x1B28E,3F B7,06 00,0x1AED0 0x1AED0,0x2A 0x2A,0x040 0x041,e9ae2b
0x9AC2 0x9AC3,524,문자,483,으,0x9AC2~0x9AC3,0 1,38 F0,30 DE,0x1B28D 0x1B28C,50 09,48 F7,0x1AED0 0x1AED0,0x2A 0x2A,0x042 0x043,e9ae2b
0x9AC4 0x9AC5,525,문자,484,나,0x9AC4~0x9AC5,0 1,38 B0,B0 24,0x1B28B 0x1B28A,52 CB,CA 3F,0x1AED0 0x1AED0,0x2A 0x2A,0x044 0x045,e9ae2b
0x9AC6 0x9AC7,526,문자,485,、,0x9AC6~0x9AC7,0 1,18 90,20 12,0x1B289 0x1B288,34 AD,3C 2F,0x1AED0 0x1AED0,0x2A 0x2A,0x046 0x047,e2f0d9
0x9AC8 0x9AC9,527,문자,486,최,0x9AC8~0x9AC9,0 1,38 A0,70 E1,0x1B287 0x1B286,56 BF,8E 00,0x1AED0 0x1AED0,0x2A 0x2A,0x048 0x049,e9ae2b
0x9ACA 0x9ACB,528,문자,487,근,0x9ACA~0x9ACB,0 1,28 12,70 21,0x1B285 0x1B284,48 33,90 42,0x1AED0 0x1AED0,0x2A 0x2A,0x04A 0x04B,e9ae2b
0x9ACC 0x9ACD,529,문자,488,“,0x9ACC~0x9ACD,0 1,00 21,88 22,0x1B283 0x1B282,22 44,AA 45,0x1AED0 0x1AED0,0x2A 0x2A,0x04C 0x04D,e2f0d9
0x9ACF,530,문자,489,어,0x9ACE~0x9ACF,1,40,70,0x1B280,65,95,0x1AED0,0x2A,0x04F,e9ae2b
0x9AD0 0x9AD1,531,문자,490,둠,0x9AD0~0x9AD1,0 1,18 F0,D0 2E,0x1B27F 0x1B27E,3E 17,F6 55,0x1AED0 0x1AED0,0x2A 0x2A,0x050 0x051,e9ae2b
0x9AD2 0x9AD3,532,문자,491,”,0x9AD2~0x9AD3,0 1,38 A0,98 22,0x1B27D 0x1B27C,60 C9,C0 4B,0x1AED0 0x1AED0,0x2A 0x2A,0x052 0x053,e2f0d9
0x9AD4 0x9AD5,533,문자,492,의,0x9AD4~0x9AD5,0 1,12 15,80 DE,0x1B27B 0x1B27A,3C 40,AA 09,0x1AED0 0x1AED0,0x2A 0x2A,0x054 0x055,e9ae2b
0x9AD6 0x9AD7,534,문자,493,␠,0x9AD6~0x9AD7,0 1,00 78,18 12,0x1B279 0x1B278,2C A5,44 3F,0x1AED0 0x1AED0,0x2A 0x2A,0x056 0x057,e2f0d9
0x9AD8 0x9AD9,535,문자,494,영,0x9AD8~0x9AD9,0 1,B4 58,90 9F,0x1B277 0x1B276,E2 87,BE CE,0x1AED0 0x1AED0,0x2A 0x2A,0x058 0x059,e9ae2b
0x9ADA 0x9ADB,536,문자,495,역,0x9ADA~0x9ADB,0 1,F0 E8,60 9F,0x1B275 0x1B274,20 19,90 D0,0x1AED0 0x1AED0,0x2A 0x2A,0x05A 0x05B,e9ae2b
0x9ADC 0x9ADD,537,문자,496,이,0x9ADC~0x9ADD,0 1,29 78,90 DE,0x1B273 0x1B272,5B AB,C2 11,0x1AED0 0x1AED0,0x2A 0x2A,0x05C 0x05D,e9ae2b
0x9ADE 0x9ADF,538,문자,497,␠,0x9ADE~0x9ADF,0 1,28 98,18 12,0x1B271 0x1B270,5C CD,4C 47,0x1AED0 0x1AED0,0x2A 0x2A,0x05E 0x05F,e2f0d9
0x9AE0 0x9AE1,539,문자,498,급,0x9AE0~0x9AE1,0 1,55 48,90 21,0x1B26F 0x1B26E,8B 7F,C6 58,0x1AED0 0x1AED0,0x2A 0x2A,0x060 0x061,e9ae2b
0x9AE2 0x9AE3,540,문자,499,격,0x9AE2~0x9AE3,0 1,18 68,30 20,0x1B26D 0x1B26C,50 A1,68 59,0x1AED0 0x1AED0,0x2A 0x2A,0x062 0x063,e9ae2b
0x9AE4 0x9AE5,541,문자,500,히,0x9AE4~0x9AE5,0 1,28 C8,60 E5,0x1B26B 0x1B26A,62 03,9A 20,0x1AED0 0x1AED0,0x2A 0x2A,0x064 0x065,e9ae2b
0x9AE6 0x9AE7,542,문자,501,␠,0x9AE6~0x9AE7,0 1,65 58,18 12,0x1B269 0x1B268,A1 95,54 4F,0x1AED0 0x1AED0,0x2A 0x2A,0x066 0x067,e2f0d9
0x9AE8 0x9AE9,543,문자,502,커,0x9AE8~0x9AE9,0 1,19 48,E0 E1,0x1B267 0x1B266,57 87,1E 20,0x1AED0 0x1AED0,0x2A 0x2A,0x068 0x069,e9ae2b
0x9AEA 0x9AEB,544,문자,503,져,0x9AEA~0x9AEB,0 1,18 20,F0 E7,0x1B265 0x1B264,58 61,30 28,0x1AED0 0x1AED0,0x2A 0x2A,0x06A 0x06B,e9ae2b
0x9AEC 0x9AED,545,문자,504,가,0x9AEC~0x9AED,0 1,12 12,A0 17,0x1B263 0x1B262,54 55,E2 5A,0x1AED0 0x1AED0,0x2A 0x2A,0x06C 0x06D,e9ae2b
0x9AEE 0x9AEF,546,문자,505,면,0x9AEE~0x9AEF,0 1,00 23,70 35,0x1B261 0x1B260,44 68,B4 7A,0x1AED0 0x1AED0,0x2A 0x2A,0x06E 0x06F,e9ae2b
0x9AF0 0x9AF1,547,문자,506,서,0x9AF0~0x9AF1,0 1,21 00,50 3D,0x1B25F 0x1B25E,67 47,96 84,0x1AED0 0x1AED0,0x2A 0x2A,0x070 0x071,e9ae2b
0x9AF2 0x9AF3,548,문자,507,␠,0x9AF2~0x9AF3,0 1,58 5A,18 12,0x1B25D 0x1B25C,A0 A3,60 5B,0x1AED0 0x1AED0,0x2A 0x2A,0x072 0x073,e2f0d9
0x9AF4 0x9AF5,549,문자,508,그,0x9AF4~0x9AF5,0 1,28 B7,50 21,0x1B25B 0x1B25A,72 02,9A 6C,0x1AED0 0x1AED0,0x2A 0x2A,0x074 0x075,e9ae2b
0x9AF6 0x9AF7,550,문자,509,␠,0x9AF6~0x9AF7,0 1,12 00,18 12,0x1B259 0x1B258,5E 4D,64 5F,0x1AED0 0x1AED0,0x2A 0x2A,0x076 0x077,e2f0d9
0x9AF8,551,문자,510,균,0x9AF8~0x9AF9,0,23,40,0x1B257,71,8E,0x1AED0,0x2A,0x078,e9ae2b
0x9AFA 0x9AFB,552,문자,511,형,0x9AFA~0x9AFB,0 1,00 30,40 E4,0x1B255 0x1B254,50 81,90 35,0x1AED0 0x1AED0,0x2A 0x2A,0x07A 0x07B,e9ae2b
0x9AFC 0x9AFD,553,문자,512,이,0x9AFC~0x9AFD,0 1,12 28,90 DE,0x1B253 0x1B252,64 7B,E2 31,0x1AED0 0x1AED0,0x2A 0x2A,0x07C 0x07D,e9ae2b
0x9AFF,554,문자,513,␠,0x9AFE~0x9AFF,1,A8,12,0x1B250,FD,67,0x1AED0,0x2A,0x07F,e2f0d9
0x9B00 0x9B01,555,문자,514,␠,0x9B00~0x9B01,0 1,28 F8,18 12,0x1B24F 0x1B24E,7E 4F,6E 69,0x1AED0 0x1AED0,0x2A 0x2A,0x080 0x081,e2f0d9
0x9B02 0x9B03,556,제어,,,0x9B02~0x9B03,0 1,19 E8,15 00,0x1B24D 0x1B24C,71 41,6D 59,0x1AED0 0x1AED0,0x2A 0x2A,0x082 0x083,fce4d6
0x9B04 0x9B05,557,문자,515,무,0x9B04~0x9B05,0 1,28 48,00 36,0x1B24B 0x1B24A,82 A3,5A 91,0x1AED0 0x1AED0,0x2A 0x2A,0x084 0x085,e9ae2b
0x9B06 0x9B07,558,문자,516,너,0x9B06~0x9B07,0 1,40 68,50 25,0x1B249 0x1B248,9C C5,AC 82,0x1AED0 0x1AED0,0x2A 0x2A,0x086 0x087,e9ae2b
0x9B08 0x9B09,559,문자,517,지,0x9B08~0x9B09,0 1,66 78,10 E0,0x1B247 0x1B246,C4 D7,6E 3F,0x1AED0 0x1AED0,0x2A 0x2A,0x088 0x089,e9ae2b
0x9B0A 0x9B0B,560,문자,518,려,0x9B0A~0x9B0B,0 1,28 F8,B0 31,0x1B245 0x1B244,88 59,10 92,0x1AED0 0x1AED0,0x2A 0x2A,0x08A 0x08B,e9ae2b
0x9B0C 0x9B0D,561,문자,519,␠,0x9B0C~0x9B0D,0 1,C0 88,18 12,0x1B243 0x1B242,22 EB,7A 75,0x1AED0 0x1AED0,0x2A 0x2A,0x08C 0x08D,e2f0d9
0x9B0E 0x9B0F,562,문자,520,하,0x9B0E~0x9B0F,0 1,C2 48,50 E3,0x1B241 0x1B240,26 AD,B4 48,0x1AED0 0x1AED0,0x2A 0x2A,0x08E 0x08F,e9ae2b
0x9B10 0x9B11,563,문자,521,고,0x9B10~0x9B11,0 1,38 58,80 20,0x1B23F 0x1B23E,9E BF,E6 87,0x1AED0 0x1AED0,0x2A 0x2A,0x090 0x091,e9ae2b
0x9B12 0x9B13,564,문자,522,␠,0x9B12~0x9B13,0 1,A0 48,18 12,0x1B23D 0x1B23C,08 B1,80 7B,0x1AED0 0x1AED0,0x2A 0x2A,0x092 0x093,e2f0d9
0x9B14 0x9B15,565,문자,523,있,0x9B14~0x9B15,0 1,18 12,F0 DE,0x1B23B 0x1B23A,82 7D,5A 49,0x1AED0 0x1AED0,0x2A 0x2A,0x094 0x095,e9ae2b
0x9B16 0x9B17,566,문자,524,습,0x9B16~0x9B17,0 1,00 23,A0 3F,0x1B239 0x1B238,6C 90,0C AC,0x1AED0 0x1AED0,0x2A 0x2A,0x096 0x097,e9ae2b
0x9B18 0x9B19,567,문자,525,니,0x9B18~0x9B19,0 1,21 00,F0 25,0x1B237 0x1B236,8F 6F,5E 94,0x1AED0 0x1AED0,0x2A 0x2A,0x098 0x099,e9ae2b
0x9B1A 0x9B1B,568,문자,526,다,0x9B1A~0x9B1B,0 1,08 BB,C0 27,0x1B235 0x1B234,78 2C,30 98,0x1AED0 0x1AED0,0x2A 0x2A,0x09A 0x09B,e9ae2b
0x9B1C 0x9B1D,569,문자,527,。,0x9B1C~0x9B1D,0 1,88 DA,30 12,0x1B233 0x1B232,FA 4D,A2 85,0x1AED0 0x1AED0,0x2A 0x2A,0x09C 0x09D,e2f0d9
0x9B1E 0x9B1F 0x9B20,570,제어,,,0x9B1E~0x9B20,0 1 2,68 F7 C8,19 00 75,0x1B231 0x1B230 0x1B22F,DC 6C 3E,8D 75 EB,0x1AED0 0x1AED0 0x1AED0,0x2A 0x2A 0x2A,0x09E 0x09F 0x0A0,fce4d6
0x9B21 0x9B22,571,제어,,,0x9B21~0x9B22,0 1,18 F8,15 00,0x1B22E 0x1B22D,8F 70,8C 78,0x1AED0 0x1AED0,0x2A 0x2A,0x0A1 0x0A2,fce4d6
0x9B23 0x9B24,572,제어,,,0x9B23~0x9B24,0 1,45 F8,17 00,0x1B22C 0x1B22B,BE 72,90 7A,0x1AED0 0x1AED0,0x2A 0x2A,0x0A3 0x0A4,fce4d6
0x9B25 0x9B26 0x9B27,573,제어,,,0x9B25~0x9B27,0 1 2,18 F8 6A,1A 00 04,0x1B22A 0x1B229 0x1B228,93 74 E7,95 7C 81,0x1AED0 0x1AED0 0x1AED0,0x2A 0x2A 0x2A,0x0A5 0x0A6 0x0A7,fce4d6
0x9B28 0x9B29,574,제어,,,0x9B28~0x9B29,0 1,38 19,16 00,0x1B227 0x1B226,B6 98,94 7F,0x1AED0 0x1AED0,0x2A 0x2A,0x0A8 0x0A9,fce4d6
0x9B2A 0x9B2B 0x9B2C 0x9B2D 0x9B2E,575,제어,,,0x9B2A~0x9B2E,0 1 2 3 4,B8 38 E8 28 28,12 00 23 21 00,0x1B225 0x1B224 0x1B223 0x1B222 0x1B221,38 B9 6A AB AC,92 81 A5 A4 84,0x1AED0 0x1AED0 0x1AED0 0x1AED0 0x1AED0,0x2A 0x2A 0x2A 0x2A 0x2A,0x0AA 0x0AB 0x0AC 0x0AD 0x0AE,fce4d6
0x9B2F 0x9B30,576,문자,528,대,0x9B2F~0x9B30,0 1,38 20,B0 2D,0x1B220 0x1B21F,BD A6,35 B3,0x1AED0 0x1AED0,0x2A 0x2A,0x0AF 0x0B0,e9ae2b
0x9B31 0x9B32,577,문자,529,체,0x9B31~0x9B32,0 1,12 48,30 E1,0x1B21E 0x1B21D,99 D0,B7 69,0x1AED0 0x1AED0,0x2A 0x2A,0x0B1 0x0B2,e9ae2b
0x9B33 0x9B34,578,문자,530,␠,0x9B33~0x9B34,0 1,43 68,18 12,0x1B21C 0x1B21B,CC F2,A1 9C,0x1AED0 0x1AED0,0x2A 0x2A,0x0B3 0x0B4,e2f0d9
0x9B35 0x9B36,579,문자,531,무,0x9B35~0x9B36,0 1,28 F8,00 36,0x1B21A 0x1B219,B3 84,8B C2,0x1AED0 0x1AED0,0x2A 0x2A,0x0B5 0x0B6,e9ae2b
0x9B37 0x9B38,580,문자,532,슨,0x9B37~0x9B38,0 1,28 D8,80 3F,0x1B218 0x1B217,B5 66,0D CD,0x1AED0 0x1AED0,0x2A 0x2A,0x0B7 0x0B8,e9ae2b
0x9B39 0x9B3A,581,문자,533,␠,0x9B39~0x9B3A,0 1,BE E8,18 12,0x1B216 0x1B215,4D 78,A7 A2,0x1AED0 0x1AED0,0x2A 0x2A,0x0B9 0x0BA,e2f0d9
0x9B3B 0x9B3C,582,문자,534,소,0x9B3B~0x9B3C,0 1,28 48,D0 3D,0x1B214 0x1B213,B9 DA,61 CF,0x1AED0 0x1AED0,0x2A 0x2A,0x0BB 0x0BC,e9ae2b
0x9B3D 0x9B3E,583,문자,535,리,0x9B3D~0x9B3E,0 1,7F E8,70 34,0x1B212 0x1B211,12 7C,03 C8,0x1AED0 0x1AED0,0x2A 0x2A,0x0BD 0x0BE,e9ae2b
0x9B3F 0x9B40,584,문자,536,야,0x9B3F~0x9B40,0 1,28 B0,00 6C,0x1B210 0x1B20F,BD 46,95 02,0x1AED0 0x1AED0,0x2A 0x2A,0x0BF 0x0C0,e9ae2b
0x9B41 0x9B42,585,문자,537,！,0x9B41~0x9B42,0 1,12 58,A0 12,0x1B20E 0x1B20D,A9 F0,37 AA,0x1AED0 0x1AED0,0x2A 0x2A,0x0C1 0x0C2,e2f0d9
0x9B43 0x9B44 0x9B45 0x9B46 0x9B47,586,제어,,,0x9B43~0x9B47,0 1 2 3 4,A0 D8 32 B8 28,12 00 23 21 00,0x1B20C 0x1B20B 0x1B20A 0x1B209 0x1B208,39 72 CD 54 C5,AB 9A BE BD 9D,0x1AED0 0x1AED0 0x1AED0 0x1AED0 0x1AED0,0x2A 0x2A 0x2A 0x2A 0x2A,0x0C3 0x0C4 0x0C5 0x0C6 0x0C7,fce4d6
0x9B48 0x9B49,587,문자,538,？,0x9B48~0x9B49,0 1,E8 F4,90 12,0x1B207 0x1B206,86 93,2E B1,0x1AED0 0x1AED0,0x2A 0x2A,0x0C8 0x0C9,e2f0d9
0x9B4A 0x9B4B 0x9B4C 0x9B4D 0x9B4E,588,제어,,,0x9B4A~0x9B4E,0 1 2 3 4,18 9B 98 19 B8,12 00 23 21 00,0x1B205 0x1B204 0x1B203 0x1B202 0x1B201,B8 3C 3A BC 5C,B2 A1 C5 C4 A4,0x1AED0 0x1AED0 0x1AED0 0x1AED0 0x1AED0,0x2A 0x2A 0x2A 0x2A 0x2A,0x0CA 0x0CB 0x0CC 0x0CD 0x0CE,fce4d6
0x9B4F,589,문자,539,␠,0x9B4F~0x9B50,0,38,18,0x1B200,DD,BD,0x1AED0,0x2A,0x0CF,e2f0d9
0x9B52,590,문자,540,무,0x9B51~0x9B52,1,23,36,0x1B1FD,CB,DE,0x1AED0,0x2A,0x0D2,e9ae2b
0x9B53 0x9B55 0x9B56,591,제어,,,0x9B53~0x9B56,0 2 3,21 20 12,12 23 00,0x1B1FC 0x1B1FA 0x1B1F9,CA CB BE,BB CE AC,0x1AED0 0x1AED0 0x1AED0,0x2A 0x2A 0x2A,0x0D3 0x0D5 0x0D6,fce4d6
0x9B57 0x9B58,592,문자,541,슨,0x9B57~0x9B58,0 1,B0 12,80 3F,0x1B1F8 0x1B1F7,5D C0,2D ED,0x1AED0 0x1AED0,0x2A 0x2A,0x0D7 0x0D8,e9ae2b
0x9B59 0x9B5A,593,문자,542,␠,0x9B59~0x9B5A,0 1,48 3B,18 12,0x1B1F6 0x1B1F5,F7 EB,C7 C2,0x1AED0 0x1AED0,0x2A 0x2A,0x0D9 0x0DA,e2f0d9
0x9B5B 0x9B5C,594,문자,543,말,0x9B5B~0x9B5C,0 1,78 1A,F0 34,0x1B1F4 0x1B1F3,29 CC,A1 E6,0x1AED0 0x1AED0,0x2A 0x2A,0x0DB 0x0DC,e9ae2b
0x9B5D 0x9B5E,595,문자,544,인,0x9B5D~0x9B5E,0 1,B8 1A,A0 DE,0x1B1F2 0x1B1F1,6B CE,53 92,0x1AED0 0x1AED0,0x2A 0x2A,0x0DD 0x0DE,e9ae2b
0x9B5F 0x9B60,596,문자,545,지,0x9B5F~0x9B60,0 1,38 3B,10 E0,0x1B1F0 0x1B1EF,ED F1,C5 96,0x1AED0 0x1AED0,0x2A 0x2A,0x0DF 0x0E0,e9ae2b
0x9B61 0x9B62,597,문자,546,␠,0x9B61~0x9B62,0 1,F8 1B,18 12,0x1B1EE 0x1B1ED,AF D3,CF CA,0x1AED0 0x1AED0,0x2A 0x2A,0x0E1 0x0E2,e2f0d9
0x9B63 0x9B64,598,문자,547,전,0x9B63~0x9B64,0 1,D8 32,B0 DF,0x1B1EC 0x1B1EB,91 EC,69 99,0x1AED0 0x1AED0,0x2A 0x2A,0x0E3 0x0E4,e9ae2b
0x9B65 0x9B66,599,문자,548,혀,0x9B65~0x9B66,0 1,88 28,20 E4,0x1B1EA 0x1B1E9,43 E4,DB A0,0x1AED0 0x1AED0,0x2A 0x2A,0x0E5 0x0E6,e9ae2b
0x9B67 0x9B68,600,문자,549,␠,0x9B67~0x9B68,0 1,48 18,18 12,0x1B1E8 0x1B1E7,05 D6,D5 D0,0x1AED0 0x1AED0,0x2A 0x2A,0x0E7 0x0E8,e2f0d9
0x9B69 0x9B6A,601,문자,550,모,0x9B69~0x9B6A,0 1,68 18,A0 35,0x1B1E6 0x1B1E5,27 D8,5F F5,0x1AED0 0x1AED0,0x2A 0x2A,0x0E9 0x0EA,e9ae2b
0x9B6B 0x9B6C 0x9B6D 0x9B6E,602,제어,,,0x9B6B~0x9B6E,0 1 2 3,B0 12 F8 9C,12 00 21 00,0x1B1E4 0x1B1E3 0x1B1E2 0x1B1E1,71 D4 BB 60,D3 C2 E4 C4,0x1AED0 0x1AED0 0x1AED0 0x1AED0,0x2A 0x2A 0x2A 0x2A,0x0EB 0x0EC 0x0ED 0x0EE,fce4d6
0x9B6F 0x9B70,603,문자,551,르,0x9B6F~0x9B70,0 1,D8 32,30 34,0x1B1E0 0x1B1DF,9D F8,F5 FA,0x1AED0 0x1AED0,0x2A 0x2A,0x0EF 0x0F0,e9ae2b
0x9B71 0x9B72,604,문자,552,겠,0x9B71~0x9B72,0 1,E8 28,10 20,0x1B1DE 0x1B1DD,AF F0,D7 E8,0x1AED0 0x1AED0,0x2A 0x2A,0x0F1 0x0F2,e9ae2b
0x9B73 0x9B74,605,문자,553,어,0x9B73~0x9B74,0 1,B8 19,00 70,0x1B1DC 0x1B1DB,81 E3,C9 3A,0x1AED0 0x1AED0,0x2A 0x2A,0x0F3 0x0F4,e9ae2b
0x9B75 0x9B76,606,문자,554,！,0x9B75~0x9B76,0 1,48 18,A0 12,0x1B1DA 0x1B1D9,13 E4,6B DE,0x1AED0 0x1AED0,0x2A 0x2A,0x0F5 0x0F6,e2f0d9
0x9B77 0x9B78,607,제어,,,0x9B77~0x9B78,0 1,A8 28,15 00,0x1B1D8 0x1B1D7,75 F6,E2 CE,0x1AED0 0x1AED0,0x2A 0x2A,0x0F7 0x0F8,fce4d6
0x9B79 0x9B7A,608,문자,555,끝,0x9B79~0x9B7A,0 1,E8 28,A8 24,0x1B1D6 0x1B1D5,B7 F8,77 F4,0x1AED0 0x1AED0,0x2A 0x2A,0x0F9 0x0FA,e2f0d9
0x9B7B 0x9B7C,609,문자,556,까,0x9B7B~0x9B7C,0 1,78 28,F8 21,0x1B1D4 0x1B1D3,49 FA,C9 F3,0x1AED0 0x1AED0,0x2A 0x2A,0x0FB 0x0FC,e2f0d9
0x9B7D 0x9B7E,610,문자,557,지,0x9B7D~0x9B7E,0 1,98 19,18 E0,0x1B1D2 0x1B1D1,6B ED,EB B4,0x1AED0 0x1AED0,0x2A 0x2A,0x0FD 0x0FE,e2f0d9
0x9B7F,611,문자,558,␠,0x9B7F~0x9B80,0,30,18,0x1B1D0,06,EE,0x1AED0,0x2A,0x0FF,e2f0d9
0x9B81 0x9B82,612,문자,559,들,0x9B81~0x9B82,0 1,15 00,18 30,0x1B1CE 0x1B1CD,ED D9,F0 09,0x1AED0 0x1AED0,0x2A 0x2A,0x101 0x102,e2f0d9
0x9B83 0x9B84,613,문자,560,어,0x9B83~0x9B84,0 1,10 11,08 70,0x1B1CC 0x1B1CB,EA EC,E2 4B,0x1AED0 0x1AED0,0x2A 0x2A,0x103 0x104,e2f0d9
0x9B85 0x9B86,614,문자,561,주,0x9B85~0x9B86,0 1,12 00,F8 F5,0x1B1CA 0x1B1C9,EE DD,D4 D2,0x1AED0 0x1AED0,0x2A 0x2A,0x105 0x106,e2f0d9
0x9B87 0x9B88,615,문자,562,세,0x9B87~0x9B88,0 1,23 21,A8 3D,0x1B1C8 0x1B1C7,01 00,86 1C,0x1AED0 0x1AED0,0x2A 0x2A,0x107 0x108,e2f0d9
0x9B89 0x9B8A,616,문자,563,요,0x9B89~0x9B8A,0 1,00 10,F8 C7,0x1B1C6 0x1B1C5,E0 F1,D8 A8,0x1AED0 0x1AED0,0x2A 0x2A,0x109 0x10A,e2f0d9
0x9B8B,617,문자,564,、,0x9B8B~0x9B8C,0,11,20,0x1B1C4,F3,02,0x1AED0,0x2A,0x10B,e2f0d9
0x9B8D 0x9B8E 0x9B8F 0x9B90 0x9B91,618,제어,,,0x9B8D~0x9B91,0 1 2 3 4,00 23 21 00 10,12 00 23 21 00,0x1B1C2 0x1B1C1 0x1B1C0 0x1B1BF 0x1B1BE,E4 08 07 E7 F8,F6 E5 09 08 E8,0x1AED0 0x1AED0 0x1AED0 0x1AED0 0x1AED0,0x2A 0x2A 0x2A 0x2A 0x2A,0x10D 0x10E 0x10F 0x110 0x111,fce4d6
0x9B92 0x9B93,619,문자,565,유,0x9B92~0x9B93,0 1,11 40,28 DE,0x1B1BD 0x1B1BC,FA 2A,11 C8,0x1AED0 0x1AED0,0x2A 0x2A,0x112 0x113,e2f0d9
0x9B94 0x9B95,620,문자,566,코,0x9B94~0x9B95,0 1,3B 70,18 E2,0x1B1BB 0x1B1BA,26 5C,03 CE,0x1AED0 0x1AED0,0x2A 0x2A,0x114 0x115,e2f0d9
0x9B96 0x9B97 0x9B98 0x9B99 0x9B9A,621,제어,,,0x9B96~0x9B9A,0 1 2 3 4,1A B0 1A 30 3B,12 00 23 21 00,0x1B1B9 0x1B1B8 0x1B1B7 0x1B1B6 0x1B1B5,07 9E 09 20 2C,FF EE 12 11 F1,0x1AED0 0x1AED0 0x1AED0 0x1AED0 0x1AED0,0x2A 0x2A 0x2A 0x2A 0x2A,0x116 0x117 0x118 0x119 0x11A,fce4d6
0x9B9B 0x9B9C,622,문자,567,。,0x9B9B~0x9B9C,0 1,F0 1B,30 12,0x1B1B4 0x1B1B3,E2 0E,22 05,0x1AED0 0x1AED0,0x2A 0x2A,0x11B 0x11C,e2f0d9
0x9B9D 0x9B9E,623,문자,568,당,0x9B9D~0x9B9E,0 1,60 12,98 2D,0x1B1B2 0x1B1B1,54 07,8C 22,0x1AED0 0x1AED0,0x2A 0x2A,0x11D 0x11E,e2f0d9
0x9B9F 0x9BA0,624,문자,569,신,0x9B9F~0x9BA0,0 1,60 12,D8 3F,0x1B1B0 0x1B1AF,56 09,CE 36,0x1AED0 0x1AED0,0x2A 0x2A,0x11F 0x120,e2f0d9
0x9BA1 0x9BA2,625,문자,570,의,0x9BA1~0x9BA2,0 1,60 12,88 DE,0x1B1AE 0x1B1AD,58 0B,80 D7,0x1AED0 0x1AED0,0x2A 0x2A,0x121 0x122,e2f0d9
0x9BA3,626,문자,571,␠,0x9BA3~0x9BA4,0,90,18,0x1B1AC,8A,12,0x1AED0,0x2A,0x123,e2f0d9
0x9BA5 0x9BA6,627,문자,572,세,0x9BA5~0x9BA6,0 1,15 00,A8 3D,0x1B1AA 0x1B1A9,11 FD,A4 3A,0x1AED0 0x1AED0,0x2A 0x2A,0x125 0x126,e2f0d9
0x9BA7 0x9BA8,628,문자,573,계,0x9BA7~0x9BA8,0 1,D8 19,78 20,0x1B1A8 0x1B1A7,D6 18,76 1F,0x1AED0 0x1AED0,0x2A 0x2A,0x127 0x128,e2f0d9
0x9BA9 0x9BAA,629,문자,574,에,0x9BA9~0x9BAA,0 1,68 18,48 9F,0x1B1A6 0x1B1A5,68 19,48 A0,0x1AED0 0x1AED0,0x2A 0x2A,0x129 0x12A,e2f0d9
0x9BAB 0x9BAC,630,문자,575,서,0x9BAB~0x9BAC,0 1,78 28,58 3D,0x1B1A4 0x1B1A3,7A 2B,5A 40,0x1AED0 0x1AED0,0x2A 0x2A,0x12B 0x12C,e2f0d9
0x9BAD 0x9BAE,631,문자,576,␠,0x9BAD~0x9BAE,0 1,98 19,18 12,0x1B1A2 0x1B1A1,9C 1E,1C 17,0x1AED0 0x1AED0,0x2A 0x2A,0x12D 0x12E,e2f0d9
0x9BAF 0x9BB0,632,문자,577,전,0x9BAF~0x9BB0,0 1,30 12,B8 DF,0x1B1A0 0x1B19F,36 19,BE E6,0x1AED0 0x1AED0,0x2A 0x2A,0x12F 0x130,e2f0d9
0x9BB1 0x9BB2,633,문자,578,쟁,0x9BB1~0x9BB2,0 1,D8 19,88 DF,0x1B19E 0x1B19D,E0 22,90 E8,0x1AED0 0x1AED0,0x2A 0x2A,0x131 0x132,e2f0d9
0x9BB3 0x9BB4,634,문자,579,과,0x9BB3~0x9BB4,0 1,E8 28,B8 20,0x1B19C 0x1B19B,F2 33,C2 2B,0x1AED0 0x1AED0,0x2A 0x2A,0x133 0x134,e2f0d9
0x9BB5 0x9BB6,635,문자,580,␠,0x9BB5~0x9BB6,0 1,F8 9C,18 12,0x1B19A 0x1B199,04 A9,24 1F,0x1AED0 0x1AED0,0x2A 0x2A,0x135 0x136,e2f0d9
0x9BB7 0x9BB8,636,문자,581,비,0x9BB7~0x9BB8,0 1,F8 28,38 3C,0x1B198 0x1B197,06 37,46 4B,0x1AED0 0x1AED0,0x2A 0x2A,0x137 0x138,e2f0d9
0x9BB9 0x9BBA 0x9BBB 0x9BBC 0x9BBD,637,제어,,,0x9BB9~0x9BBD,0 1 2 3 4,B8 12 48 3B 78,12 00 23 21 00,0x1B196 0x1B195 0x1B194 0x1B193 0x1B192,C8 23 5A 4E 8C,22 11 35 34 14,0x1AED0 0x1AED0 0x1AED0 0x1AED0 0x1AED0,0x2A 0x2A 0x2A 0x2A 0x2A,0x139 0x13A 0x13B 0x13C 0x13D,fce4d6
0x9BBE 0x9BBF,638,문자,582,극,0x9BBE~0x9BBF,0 1,1A B8,68 21,0x1B191 0x1B190,2F CE,7D 37,0x1AED0 0x1AED0,0x2A 0x2A,0x13E 0x13F,e2f0d9
0x9BC0 0x9BC1,639,문자,583,들,0x9BC0~0x9BC1,0 1,1A 38,18 30,0x1B18F 0x1B18E,31 50,2F 48,0x1AED0 0x1AED0,0x2A 0x2A,0x140 0x141,e2f0d9
0x9BC2 0x9BC3,640,문자,584,이,0x9BC2~0x9BC3,0 1,3B 68,98 DE,0x1B18D 0x1B18C,54 82,B1 F8,0x1AED0 0x1AED0,0x2A 0x2A,0x142 0x143,e2f0d9
0x9BC4 0x9BC5,641,문자,585,␠,0x9BC4~0x9BC5,0 1,2A 38,18 12,0x1B18B 0x1B18A,45 54,33 2E,0x1AED0 0x1AED0,0x2A 0x2A,0x144 0x145,e2f0d9
0x9BC6 0x9BC7,642,문자,586,수,0x9BC6~0x9BC7,0 1,1A 12,38 3F,0x1B189 0x1B188,37 30,55 5D,0x1AED0 0x1AED0,0x2A 0x2A,0x146 0x147,e2f0d9
0x9BC8 0x9BC9,643,문자,587,없,0x9BC8~0x9BC9,0 1,00 23,08 7C,0x1B187 0x1B186,1F 43,27 9C,0x1AED0 0x1AED0,0x2A 0x2A,0x148 0x149,e2f0d9
0x9BCA 0x9BCB,644,문자,588,이,0x9BCA~0x9BCB,0 1,21 00,98 DE,0x1B185 0x1B184,42 22,B9 00,0x1AED0 0x1AED0,0x2A 0x2A,0x14A 0x14B,e2f0d9
0x9BCC 0x9BCD,645,문자,589,␠,0x9BCC~0x9BCD,0 1,D8 32,18 12,0x1B183 0x1B182,FB 56,3B 36,0x1AED0 0x1AED0,0x2A 0x2A,0x14C 0x14D,e2f0d9
0x9BCE 0x9BCF,646,문자,590,발,0x9BCE~0x9BCF,0 1,88 28,B8 39,0x1B181 0x1B180,AD 4E,DD 5F,0x1AED0 0x1AED0,0x2A 0x2A,0x14E 0x14F,e2f0d9
0x9BD1,647,문자,591,생,0x9BD0~0x9BD1,1,18,3D,0x1B17E,40,65,0x1AED0,0x2A,0x151,e2f0d9
0x9BD2 0x9BD3,648,문자,592,하,0x9BD2~0x9BD3,0 1,68 18,58 E3,0x1B17D 0x1B17C,91 42,81 0D,0x1AED0 0x1AED0,0x2A 0x2A,0x152 0x153,e2f0d9
0x9BD4 0x9BD5,649,문자,593,는,0x9BD4~0x9BD5,0 1,20 12,E8 25,0x1B17B 0x1B17A,4B 3E,13 51,0x1AED0 0x1AED0,0x2A 0x2A,0x154 0x155,e2f0d9
0x9BD6 0x9BD7,650,문자,594,␠,0x9BD6~0x9BD7,0 1,E8 29,18 12,0x1B179 0x1B178,15 57,45 40,0x1AED0 0x1AED0,0x2A 0x2A,0x156 0x157,e2f0d9
0x9BD9,651,문자,595,것,0x9BD8~0x9BD9,1,19,1D,0x1B176,49,4D,0x1AED0,0x2A,0x159,e2f0d9
0x9BDA 0x9BDB,652,문자,596,␠,0x9BDA~0x9BDB,0 1,C8 94,18 12,0x1B175 0x1B174,F9 C6,49 44,0x1AED0 0x1AED0,0x2A 0x2A,0x15A 0x15B,e2f0d9
0x9BDC 0x9BDD,653,문자,597,또,0x9BDC~0x9BDD,0 1,E8 28,C8 30,0x1B173 0x1B172,1B 5C,FB 64,0x1AED0 0x1AED0,0x2A 0x2A,0x15C 0x15D,e2f0d9
0x9BDE 0x9BDF,654,문자,598,한,0x9BDE~0x9BDF,0 1,18 78,78 E3,0x1B171 0x1B170,4D AE,AD 19,0x1AED0 0x1AED0,0x2A 0x2A,0x15E 0x15F,e2f0d9
0x9BE0 0x9BE1,655,문자,599,、,0x9BE0~0x9BE1,0 1,58 ED,20 12,0x1B16F 0x1B16E,8F 25,57 4A,0x1AED0 0x1AED0,0x2A 0x2A,0x160 0x161,e2f0d9
0x9BE2 0x9BE3,656,문자,600,사,0x9BE2~0x9BE3,0 1,B8 18,E8 3C,0x1B16D 0x1B16C,F1 52,21 76,0x1AED0 0x1AED0,0x2A 0x2A,0x162 0x163,e2f0d9
0x9BE4 0x9BE5,657,문자,601,람,0x9BE4~0x9BE5,0 1,98 38,28 31,0x1B16B 0x1B16A,D3 74,63 6D,0x1AED0 0x1AED0,0x2A 0x2A,0x164 0x165,e2f0d9
0x9BE6 0x9BE7,658,문자,602,의,0x9BE6~0x9BE7,0 1,A8 AB,88 DE,0x1B169 0x1B168,E5 E9,C5 1C,0x1AED0 0x1AED0,0x2A 0x2A,0x166 0x167,e2f0d9
0x9BE8 0x9BE9,659,문자,603,␠,0x9BE8~0x9BE9,0 1,38 39,18 12,0x1B167 0x1B166,77 79,57 52,0x1AED0 0x1AED0,0x2A 0x2A,0x168 0x169,e2f0d9
0x9BEA 0x9BEB,660,문자,604,마,0x9BEA~0x9BEB,0 1,78 28,B8 34,0x1B165 0x1B164,B9 6A,F9 76,0x1AED0 0x1AED0,0x2A 0x2A,0x16A 0x16B,e2f0d9
0x9BEC 0x9BED,661,문자,605,음,0x9BEC~0x9BED,0 1,48 18,68 DE,0x1B163 0x1B162,8B 5C,AB 22,0x1AED0 0x1AED0,0x2A 0x2A,0x16C 0x16D,e2f0d9
0x9BEE 0x9BEF,662,문자,606,에,0x9BEE~0x9BEF,0 1,68 28,48 9F,0x1B161 0x1B160,AD 6E,8D E5,0x1AED0 0x1AED0,0x2A 0x2A,0x16E 0x16F,e2f0d9
0x9BF0,663,문자,607,␠,0x9BF0~0x9BF1,0,20,18,0x1B15F,67,5F,0x1AED0,0x2A,0x170,e2f0d9
0x9BF2 0x9BF3,664,문자,608,내,0x9BF2~0x9BF3,0 1,58 48,08 25,0x1B15D 0x1B15C,A1 92,51 6F,0x1AED0 0x1AED0,0x2A 0x2A,0x172 0x173,e2f0d9
0x9BF4 0x9BF5,665,문자,609,재,0x9BF4~0x9BF5,0 1,C8 97,78 DF,0x1B15B 0x1B15A,13 E3,C3 2B,0x1AED0 0x1AED0,0x2A 0x2A,0x174 0x175,e2f0d9
0x9BF6 0x9BF7,666,문자,610,된,0x9BF6~0x9BF7,0 1,D8 BE,98 2E,0x1B159 0x1B158,25 0C,E5 7C,0x1AED0 0x1AED0,0x2A 0x2A,0x176 0x177,e2f0d9
0x9BF8 0x9BF9,667,문자,611,“,0x9BF8~0x9BF9,0 1,F8 28,88 22,0x1B157 0x1B156,47 78,D7 72,0x1AED0 0x1AED0,0x2A 0x2A,0x178 0x179,e2f0d9
0x9BFA 0x9BFB,668,문자,612,어,0x9BFA~0x9BFB,0 1,B0 12,08 70,0x1B155 0x1B154,01 64,59 C2,0x1AED0 0x1AED0,0x2A 0x2A,0x17A 0x17B,e2f0d9
0x9BFD,669,문자,613,둠,0x9BFC~0x9BFD,1,3A,2E,0x1B152,8E,82,0x1AED0,0x2A,0x17D,e2f0d9
0x9BFE 0x9BFF,670,문자,614,”,0x9BFE~0x9BFF,0 1,08 1B,98 22,0x1B151 0x1B150,5D 71,ED 78,0x1AED0 0x1AED0,0x2A 0x2A,0x17E 0x17F,e2f0d9
0x9C00 0x9C01,671,문자,615,을,0x9C00~0x9C01,0 1,C8 3A,58 DE,0x1B14F 0x1B14E,1F 92,AF 36,0x1AED0 0x1AED0,0x2A 0x2A,0x180 0x181,e2f0d9
0x9C02 0x9C03,672,문자,616,␠,0x9C02~0x9C03,0 1,98 1B,18 12,0x1B14D 0x1B14C,F1 75,71 6C,0x1AED0 0x1AED0,0x2A 0x2A,0x182 0x183,e2f0d9
0x9C04 0x9C05,673,문자,617,움,0x9C04~0x9C05,0 1,D8 32,F8 D5,0x1B14B 0x1B14A,33 8E,53 31,0x1AED0 0x1AED0,0x2A 0x2A,0x184 0x185,e2f0d9
0x9C06 0x9C07 0x9C08 0x9C09 0x9C0A,674,제어,,,0x9C06~0x9C0A,0 1 2 3 4,88 28 48 18 68,12 00 23 21 00,0x1B149 0x1B148 0x1B147 0x1B146 0x1B145,E5 86 A7 78 C9,6F 5E 82 81 61,0x1AED0 0x1AED0 0x1AED0 0x1AED0 0x1AED0,0x2A 0x2A 0x2A 0x2A 0x2A,0x186 0x187 0x188 0x189 0x18A,fce4d6
0x9C0B 0x9C0C,675,문자,618,직,0x9C0B~0x9C0C,0 1,18 12,28 E0,0x1B144 0x1B143,7A 75,8A 43,0x1AED0 0x1AED0,0x2A 0x2A,0x18B 0x18C,e2f0d9
0x9C0D 0x9C0E,676,문자,619,이,0x9C0D~0x9C0E,0 1,00 23,98 DE,0x1B142 0x1B141,64 88,FC 43,0x1AED0 0x1AED0,0x2A 0x2A,0x18D 0x18E,e2f0d9
0x9C0F 0x9C10,677,문자,620,는,0x9C0F~0x9C10,0 1,21 00,E8 25,0x1B140 0x1B13F,87 67,4E 8C,0x1AED0 0x1AED0,0x2A 0x2A,0x18F 0x190,e2f0d9
0x9C11 0x9C12,678,문자,621,␠,0x9C11~0x9C12,0 1,58 A0,18 12,0x1B13E 0x1B13D,C0 09,80 7B,0x1AED0 0x1AED0,0x2A 0x2A,0x191 0x192,e2f0d9
0x9C13 0x9C14,679,제어,,,0x9C13~0x9C14,0 1,58 F3,15 00,0x1B13C 0x1B13B,C2 5E,7F 6B,0x1AED0 0x1AED0,0x2A 0x2A,0x193 0x194,fce4d6
0x9C15 0x9C16,680,문자,622,“,0x9C15~0x9C16,0 1,E8 28,88 22,0x1B13A 0x1B139,54 95,F4 8F,0x1AED0 0x1AED0,0x2A 0x2A,0x195 0x196,e2f0d9
0x9C17 0x9C18,681,문자,623,베,0x9C17~0x9C18,0 1,68 64,98 3B,0x1B138 0x1B137,D6 D3,06 AA,0x1AED0 0x1AED0,0x2A 0x2A,0x197 0x198,e2f0d9
0x9C19 0x9C1A,682,문자,624,칸,0x9C19~0x9C1A,0 1,A8 28,D8 E1,0x1B136 0x1B135,18 99,48 52,0x1AED0 0x1AED0,0x2A 0x2A,0x199 0x19A,e2f0d9
0x9C1B 0x9C1C,683,문자,625,타,0x9C1B~0x9C1C,0 1,E8 28,28 E2,0x1B134 0x1B133,5A 9B,9A 55,0x1AED0 0x1AED0,0x2A 0x2A,0x19B 0x19C,e2f0d9
0x9C1D 0x9C1E,684,문자,626,”,0x9C1D~0x9C1E,0 1,78 28,98 22,0x1B132 0x1B131,EC 9D,0C 97,0x1AED0 0x1AED0,0x2A 0x2A,0x19D 0x19E,e2f0d9
0x9C1F 0x9C20,685,문자,627,라,0x9C1F~0x9C20,0 1,98 19,F8 30,0x1B130 0x1B12F,0E 90,6E A7,0x1AED0 0x1AED0,0x2A 0x2A,0x19F 0x1A0,e2f0d9
0x9C21 0x9C22,686,문자,628,는,0x9C21~0x9C22,0 1,30 12,E8 25,0x1B12E 0x1B12D,A8 8B,60 9E,0x1AED0 0x1AED0,0x2A 0x2A,0x1A1 0x1A2,e2f0d9
0x9C23 0x9C24,687,문자,629,“,0x9C23~0x9C24,0 1,19 00,88 22,0x1B12C 0x1B12B,93 7B,02 9D,0x1AED0 0x1AED0,0x2A 0x2A,0x1A3 0x1A4,e2f0d9
0x9C25 0x9C26,688,문자,630,힘,0x9C25~0x9C26,0 1,74 15,78 E5,0x1B12A 0x1B129,F0 92,F4 62,0x1AED0 0x1AED0,0x2A 0x2A,0x1A5 0x1A6,e2f0d9
0x9C27 0x9C28,689,문자,631,”,0x9C27~0x9C28,0 1,00 17,98 22,0x1B128 0x1B127,7E 96,16 A1,0x1AED0 0x1AED0,0x2A 0x2A,0x1A7 0x1A8,e2f0d9
0x9C29 0x9C2A,690,문자,632,의,0x9C29~0x9C2A,0 1,00 1A,88 DE,0x1B126 0x1B125,80 9B,08 5F,0x1AED0 0x1AED0,0x2A 0x2A,0x1A9 0x1AA,e2f0d9
0x9C2B 0x9C2C,691,문자,633,␠,0x9C2B~0x9C2C,0 1,00 04,18 12,0x1B124 0x1B123,82 87,9A 95,0x1AED0 0x1AED0,0x2A 0x2A,0x1AB 0x1AC,e2f0d9
0x9C2D 0x9C2E,692,문자,634,소,0x9C2D~0x9C2E,0 1,16 00,D8 3D,0x1B122 0x1B121,9A 85,5C C2,0x1AED0 0x1AED0,0x2A 0x2A,0x1AD 0x1AE,e2f0d9
0x9C2F 0x9C30,693,문자,635,행,0x9C2F~0x9C30,0 1,40 F6,D8 E3,0x1B120 0x1B11F,C6 7D,5E 6A,0x1AED0 0x1AED0,0x2A 0x2A,0x1AF 0x1B0,e2f0d9
0x9C31 0x9C32,694,문자,636,입,0x9C31~0x9C32,0 1,F0 28,E8 DE,0x1B11E 0x1B11D,78 B1,70 67,0x1AED0 0x1AED0,0x2A 0x2A,0x1B1 0x1B2,e2f0d9
0x9C33 0x9C34,695,문자,637,니,0x9C33~0x9C34,0 1,60 E9,F8 25,0x1B11C 0x1B11B,EA 74,82 B0,0x1AED0 0x1AED0,0x2A 0x2A,0x1B3 0x1B4,e2f0d9
0x9C35 0x9C36,696,문자,638,다,0x9C35~0x9C36,0 1,90 C0,C8 27,0x1B11A 0x1B119,1C 4D,54 B4,0x1AED0 0x1AED0,0x2A 0x2A,0x1B5 0x1B6,e2f0d9
0x9C37 0x9C38,697,문자,639,。,0x9C37~0x9C38,0 1,F0 4E,30 12,0x1B118 0x1B117,7E DD,BE A1,0x1AED0 0x1AED0,0x2A 0x2A,0x1B7 0x1B8,e2f0d9
0x9C39 0x9C3A,698,제어,,,0x9C39~0x9C3A,0 1,20 38,15 00,0x1B116 0x1B115,B0 C9,A5 91,0x1AED0 0x1AED0,0x2A 0x2A,0x1B9 0x1BA,fce4d6
0x9C3B 0x9C3C,699,제어,,,0x9C3B~0x9C3C,0 1,E0 28,10 11,0x1B114 0x1B113,72 BB,A2 A4,0x1AED0 0x1AED0,0x2A 0x2A,0x1BB 0x1BC,fce4d6
0x9C3D 0x9C3E 0x9C3F 0x9C40 0x9C41,700,제어,,,0x9C3D~0x9C41,0 1 2 3 4,60 A9 60 12 60,12 00 23 21 00,0x1B112 0x1B111 0x1B110 0x1B10F 0x1B10E,F4 3E F6 A9 F8,A6 95 B9 B8 98,0x1AED0 0x1AED0 0x1AED0 0x1AED0 0x1AED0,0x2A 0x2A 0x2A 0x2A 0x2A,0x1BD 0x1BE 0x1BF 0x1C0 0x1C1,fce4d6
0x9C42 0x9C43,701,제어,,,0x9C42~0x9C43,0 1,12 60,10 11,0x1B10D 0x1B10C,AB FA,A9 AB,0x1AED0 0x1AED0,0x2A 0x2A,0x1C2 0x1C3,fce4d6
0x9C45 0x9C46 0x9C47 0x9C48,702,제어,,,0x9C44~0x9C48,1 2 3 4,D0 BE E0 28,00 23 21 00,0x1B10A 0x1B109 0x1B108 0x1B107,6C 5B 7E C7,9C C0 BF 9F,0x1AED0 0x1AED0 0x1AED0 0x1AED0,0x2A 0x2A 0x2A 0x2A,0x1C5 0x1C6 0x1C7 0x1C8,fce4d6
0x9C49 0x9C4A,703,제어,,,0x9C49~0x9C4A,0 1,20 DD,10 11,0x1B106 0x1B105,C0 7E,B0 B2,0x1AED0 0x1AED0,0x2A 0x2A,0x1C9 0x1CA,fce4d6
0x9C4B 0x9C4C,704,문자,640,베,0x9C4B~0x9C4C,0 1,B0 B6,90 3B,0x1B104 0x1B103,52 59,32 DE,0x1AED0 0x1AED0,0x2A 0x2A,0x1CB 0x1CC,e9ae2b
0x9C4D 0x9C4E,705,문자,641,칸,0x9C4D~0x9C4E,0 1,C0 18,D0 E1,0x1B102 0x1B101,64 BD,74 86,0x1AED0 0x1AED0,0x2A 0x2A,0x1CD 0x1CE,e9ae2b
0x9C4F 0x9C50,706,문자,642,타,0x9C4F~0x9C50,0 1,F0 B6,20 E2,0x1B100 0x1B0FF,96 5D,C6 89,0x1AED0 0x1AED0,0x2A 0x2A,0x1CF 0x1D0,e9ae2b
0x9C51 0x9C52,707,문자,643,・,0x9C51~0x9C52,0 1,E0 29,60 12,0x1B0FE 0x1B0FD,88 D2,08 BB,0x1AED0 0x1AED0,0x2A 0x2A,0x1D1 0x1D2,e2f0d9
0x9C53 0x9C54,708,문자,644,・,0x9C53~0x9C54,0 1,30 28,60 12,0x1B0FC 0x1B0FB,DA D3,0A BD,0x1AED0 0x1AED0,0x2A 0x2A,0x1D3 0x1D4,e2f0d9
0x9C56,709,문자,645,・,0x9C55~0x9C56,1,28,12,0x1B0F9,D5,BF,0x1AED0,0x2A,0x1D6,e2f0d9
0x9C57 0x9C58,710,문자,646,？,0x9C57~0x9C58,0 1,B0 18,90 12,0x1B0F8 0x1B0F7,5E C7,3E C1,0x1AED0 0x1AED0,0x2A 0x2A,0x1D7 0x1D8,e2f0d9
0x9C59 0x9C5A,711,제어,,,0x9C59~0x9C5A,0 1,90 38,15 00,0x1B0F6 0x1B0F5,40 E9,C5 B1,0x1AED0 0x1AED0,0x2A 0x2A,0x1D9 0x1DA,fce4d6
0x9C5B 0x9C5C,712,문자,647,그,0x9C5B~0x9C5C,0 1,A0 19,58 21,0x1B0F4 0x1B0F3,52 CC,0A D4,0x1AED0 0x1AED0,0x2A 0x2A,0x1DB 0x1DC,e2f0d9
0x9C5D 0x9C5E,713,문자,648,렇,0x9C5D~0x9C5E,0 1,30 28,98 31,0x1B0F2 0x1B0F1,E4 DD,4C E6,0x1AED0 0x1AED0,0x2A 0x2A,0x1DD 0x1DE,e2f0d9
0x9C5F 0x9C60,714,문자,649,습,0x9C5F~0x9C60,0 1,80 28,A8 3F,0x1B0F0 0x1B0EF,36 DF,5E F6,0x1AED0 0x1AED0,0x2A 0x2A,0x1DF 0x1E0,e2f0d9
0x9C61 0x9C62,715,문자,650,니,0x9C61~0x9C62,0 1,F0 C0,F8 25,0x1B0EE 0x1B0ED,A8 79,B0 DE,0x1AED0 0x1AED0,0x2A 0x2A,0x1E1 0x1E2,e2f0d9
0x9C63 0x9C64,716,문자,651,다,0x9C63~0x9C64,0 1,40 18,C8 27,0x1B0EC 0x1B0EB,FA D3,82 E2,0x1AED0 0x1AED0,0x2A 0x2A,0x1E3 0x1E4,e2f0d9
0x9C66,717,문자,652,。,0x9C65~0x9C66,1,45,12,0x1B0E9,02,CF,0x1AED0,0x2A,0x1E6,e2f0d9
0x9C67 0x9C68,718,문자,653,그,0x9C67~0x9C68,0 1,10 19,58 21,0x1B0E8 0x1B0E7,CE D8,16 E0,0x1AED0 0x1AED0,0x2A 0x2A,0x1E7 0x1E8,e2f0d9
0x9C69 0x9C6A,719,문자,654,␠,0x9C69~0x9C6A,0 1,60 28,18 12,0x1B0E6 0x1B0E5,20 E9,D8 D3,0x1AED0 0x1AED0,0x2A 0x2A,0x1E9 0x1EA,e2f0d9
0x9C6B 0x9C6C,720,문자,655,힘,0x9C6B~0x9C6C,0 1,80 DA,78 E5,0x1B0E4 0x1B0E3,42 9D,3A A8,0x1AED0 0x1AED0,0x2A 0x2A,0x1EB 0x1EC,e2f0d9
0x9C6D 0x9C6E,721,문자,656,은,0x9C6D~0x9C6E,0 1,F0 19,48 DE,0x1B0E2 0x1B0E1,B4 DE,0C A3,0x1AED0 0x1AED0,0x2A 0x2A,0x1ED 0x1EE,e2f0d9
0x9C6F 0x9C70,722,문자,657,“,0x9C6F~0x9C70,0 1,E0 28,88 22,0x1B0E0 0x1B0DF,A6 EF,4E E9,0x1AED0 0x1AED0,0x2A 0x2A,0x1EF 0x1F0,e2f0d9
0x9C71 0x9C72,723,문자,658,베,0x9C71~0x9C72,0 1,70 28,98 3B,0x1B0DE 0x1B0DD,38 F1,60 04,0x1AED0 0x1AED0,0x2A 0x2A,0x1F1 0x1F2,e2f0d9
0x9C73 0x9C74,724,문자,659,칸,0x9C73~0x9C74,0 1,90 19,D8 E1,0x1B0DC 0x1B0DB,5A E4,A2 AC,0x1AED0 0x1AED0,0x2A 0x2A,0x1F3 0x1F4,e2f0d9
0x9C75 0x9C76,725,문자,660,티,0x9C75~0x9C76,0 1,30 12,D8 E2,0x1B0DA 0x1B0D9,FC DF,A4 AF,0x1AED0 0x1AED0,0x2A 0x2A,0x1F5 0x1F6,e2f0d9
0x9C77 0x9C78 0x9C79 0x9C7A 0x9C7B,726,제어,,,0x9C77~0x9C7B,0 1 2 3 4,70 28 20 38 50,12 00 23 21 00,0x1B0D8 0x1B0D7 0x1B0D6 0x1B0D5 0x1B0D4,3E F7 F0 09 22,E0 CF F3 F2 D2,0x1AED0 0x1AED0 0x1AED0 0x1AED0 0x1AED0,0x2A 0x2A 0x2A 0x2A 0x2A,0x1F7 0x1F8 0x1F9 0x1FA 0x1FB,fce4d6
0x9C7C 0x9C7D,727,문자,661,”,0x9C7C~0x9C7D,0 1,5A 20,98 22,0x1B0D3 0x1B0D2,2D F4,6B F6,0x1AED0 0x1AED0,0x2A 0x2A,0x1FC 0x1FD,e2f0d9
0x9C7E 0x9C7F,728,문자,662,라,0x9C7E~0x9C7F,0 1,B7 20,F8 30,0x1B0D1 0x1B0D0,8C F7,CD 07,0x1AED0 0x1AED0,0x2A 0x2A,0x1FE 0x1FF,e2f0d9
0x9C80 0x9C81,729,문자,663,는,0x9C80~0x9C81,0 1,12 30,E8 25,0x1B0CF 0x1B0CE,EA 09,C0 FE,0x1AED0 0x1AED0,0x2A 0x2A,0x200 0x201,e2f0d9
0x9C82 0x9C83,730,문자,664,␠,0x9C82~0x9C83,0 1,74 F0,18 12,0x1B0CD 0x1B0CC,4E CB,F2 ED,0x1AED0 0x1AED0,0x2A 0x2A,0x202 0x203,e2f0d9
0x9C84 0x9C85,731,문자,665,또,0x9C84~0x9C85,0 1,28 20,C8 30,0x1B0CB 0x1B0CA,04 FD,A4 0D,0x1AED0 0x1AED0,0x2A 0x2A,0x204 0x205,e2f0d9
0x9C87,732,문자,666,␠,0x9C86~0x9C87,1,A0,12,0x1B0C8,7F,F1,0x1AED0,0x2A,0x207,e2f0d9
0x9C88 0x9C89,733,문자,667,다,0x9C88~0x9C89,0 1,28 F0,C8 27,0x1B0C7 0x1B0C6,08 D1,A8 08,0x1AED0 0x1AED0,0x2A 0x2A,0x208 0x209,e2f0d9
0x9C8A 0x9C8B,734,문자,668,른,0x9C8A~0x9C8B,0 1,19 B0,48 34,0x1B0C5 0x1B0C4,FB 93,2A 17,0x1AED0 0x1AED0,0x2A 0x2A,0x20A 0x20B,e2f0d9
0x9C8C 0x9C8D,735,문자,669,␠,0x9C8C~0x9C8D,0 1,28 50,18 12,0x1B0C3 0x1B0C2,0C 35,FC F7,0x1AED0 0x1AED0,0x2A 0x2A,0x20C 0x20D,e2f0d9
0x9C8E 0x9C8F,736,문자,670,차,0x9C8E~0x9C8F,0 1,FB 10,A8 E0,0x1B0C1 0x1B0C0,E1 F7,8E C7,0x1AED0 0x1AED0,0x2A 0x2A,0x20E 0x20F,e2f0d9
0x9C90 0x9C91,737,문자,671,원,0x9C90~0x9C91,0 1,19 60,F8 D9,0x1B0BF 0x1B0BE,01 49,E0 C2,0x1AED0 0x1AED0,0x2A 0x2A,0x210 0x211,e2f0d9
0x9C92 0x9C93,738,문자,672,에,0x9C92~0x9C93,0 1,28 B0,48 9F,0x1B0BD 0x1B0BC,12 9B,32 8A,0x1AED0 0x1AED0,0x2A 0x2A,0x212 0x213,e2f0d9
0x9C94 0x9C95,739,문자,673,서,0x9C94~0x9C95,0 1,29 70,58 3D,0x1B0BB 0x1B0BA,15 5D,44 2A,0x1AED0 0x1AED0,0x2A 0x2A,0x214 0x215,e2f0d9
0x9C96 0x9C97,740,문자,674,␠,0x9C96~0x9C97,0 1,19 40,18 12,0x1B0B9 0x1B0B8,07 2F,06 01,0x1AED0 0x1AED0,0x2A 0x2A,0x216 0x217,e2f0d9
0x9C98 0x9C99,741,문자,675,흘,0x9C98~0x9C99,0 1,18 E0,38 E5,0x1B0B7 0x1B0B6,08 D1,28 D6,0x1AED0 0x1AED0,0x2A 0x2A,0x218 0x219,e2f0d9
0x9C9A 0x9C9B,742,문자,676,러,0x9C9A~0x9C9B,0 1,28 70,48 31,0x1B0B5 0x1B0B4,1A 63,3A 24,0x1AED0 0x1AED0,0x2A 0x2A,0x21A 0x21B,e2f0d9
0x9C9C 0x9C9D,743,문자,677,나,0x9C9C~0x9C9D,0 1,28 90,B8 24,0x1B0B3 0x1B0B2,1C 85,AC 19,0x1AED0 0x1AED0,0x2A 0x2A,0x21C 0x21D,e2f0d9
0x9C9E 0x9C9F,744,문자,678,오,0x9C9E~0x9C9F,0 1,19 30,B8 9F,0x1B0B1 0x1B0B0,0F 27,AE 96,0x1AED0 0x1AED0,0x2A 0x2A,0x21E 0x21F,e2f0d9
0x9CA0 0x9CA1,745,문자,679,고,0x9CA0~0x9CA1,0 1,12 15,88 20,0x1B0AF 0x1B0AE,0A 0E,80 19,0x1AED0 0x1AED0,0x2A 0x2A,0x220 0x221,e2f0d9
0x9CA2 0x9CA3,746,문자,680,␠,0x9CA2~0x9CA3,0 1,00 20,18 12,0x1B0AD 0x1B0AC,FA 1B,12 0D,0x1AED0 0x1AED0,0x2A 0x2A,0x222 0x223,e2f0d9
0x9CA4 0x9CA5,747,문자,681,있,0x9CA4~0x9CA5,0 1,38 60,F8 DE,0x1B0AB 0x1B0AA,34 5D,F4 DB,0x1AED0 0x1AED0,0x2A 0x2A,0x224 0x225,e2f0d9
0x9CA6 0x9CA7,748,문자,682,으,0x9CA6~0x9CA7,0 1,18 40,38 DE,0x1B0A9 0x1B0A8,16 3F,36 DD,0x1AED0 0x1AED0,0x2A 0x2A,0x226 0x227,e2f0d9
0x9CA8 0x9CA9,749,문자,683,며,0x9CA8~0x9CA9,0 1,F6 C0,68 35,0x1B0A7 0x1B0A6,F6 C1,68 36,0x1AED0 0x1AED0,0x2A 0x2A,0x228 0x229,e2f0d9
0x9CAA 0x9CAB,750,문자,684,、,0x9CAA~0x9CAB,0 1,E0 D0,20 12,0x1B0A5 0x1B0A4,E2 D3,22 15,0x1AED0 0x1AED0,0x2A 0x2A,0x22A 0x22B,e2f0d9
0x9CAC 0x9CAD,751,문자,685,그,0x9CAC~0x9CAD,0 1,BE E0,58 21,0x1B0A3 0x1B0A2,C2 E5,5C 26,0x1AED0 0x1AED0,0x2A 0x2A,0x22C 0x22D,e2f0d9
0x9CAE 0x9CAF,752,문자,686,␠,0x9CAE~0x9CAF,0 1,28 F0,18 12,0x1B0A1 0x1B0A0,2E F7,1E 19,0x1AED0 0x1AED0,0x2A 0x2A,0x22E 0x22F,e2f0d9
0x9CB0 0x9CB1,753,문자,687,원,0x9CB0~0x9CB1,0 1,9C 70,F8 D9,0x1B09F 0x1B09E,A4 79,00 E2,0x1AED0 0x1AED0,0x2A 0x2A,0x230 0x231,e2f0d9
0x9CB2 0x9CB3,754,문자,688,흉,0x9CB2~0x9CB3,0 1,28 F0,F8 E4,0x1B09D 0x1B09C,32 FB,02 EF,0x1AED0 0x1AED0,0x2A 0x2A,0x232 0x233,e2f0d9
0x9CB4 0x9CB5,755,문자,689,의,0x9CB4~0x9CB5,0 1,28 90,88 DE,0x1B09B 0x1B09A,34 9D,94 EB,0x1AED0 0x1AED0,0x2A 0x2A,0x234 0x235,e2f0d9
0x9CB6 0x9CB7,756,문자,690,␠,0x9CB6~0x9CB7,0 1,28 60,18 12,0x1B099 0x1B098,36 6F,26 21,0x1AED0 0x1AED0,0x2A 0x2A,0x236 0x237,e2f0d9
0x9CB8 0x9CB9,757,문자,691,장,0x9CB8~0x9CB9,0 1,18 B0,68 DF,0x1B097 0x1B096,28 C1,78 F0,0x1AED0 0x1AED0,0x2A 0x2A,0x238 0x239,e2f0d9
0x9CBA 0x9CBB,758,문자,692,본,0x9CBA~0x9CBB,0 1,28 20,C8 3B,0x1B095 0x1B094,3A 33,DA 4E,0x1AED0 0x1AED0,0x2A 0x2A,0x23A 0x23B,e2f0d9
0x9CBC 0x9CBD,759,문자,693,인,0x9CBC~0x9CBD,0 1,38 A0,A8 DE,0x1B093 0x1B092,4C B5,BC F3,0x1AED0 0x1AED0,0x2A 0x2A,0x23C 0x23D,e2f0d9
0x9CBE 0x9CBF,760,문자,694,은,0x9CBE~0x9CBF,0 1,28 A0,48 DE,0x1B091 0x1B090,3E B7,5E F5,0x1AED0 0x1AED0,0x2A 0x2A,0x23E 0x23F,e2f0d9
0x9CC0 0x9CC1,761,문자,695,␠,0x9CC0~0x9CC1,0 1,38 E0,18 12,0x1B08F 0x1B08E,50 F9,30 2B,0x1AED0 0x1AED0,0x2A 0x2A,0x240 0x241,e2f0d9
0x9CC2 0x9CC3,762,문자,696,바,0x9CC2~0x9CC3,0 1,29 B0,88 39,0x1B08D 0x1B08C,43 CB,A2 54,0x1AED0 0x1AED0,0x2A 0x2A,0x242 0x243,e2f0d9
0x9CC4 0x9CC5,763,문자,697,로,0x9CC4~0x9CC5,0 1,19 30,D8 31,0x1B08B 0x1B08A,35 4D,F4 4E,0x1AED0 0x1AED0,0x2A 0x2A,0x244 0x245,e2f0d9
0x9CC6 0x9CC7 0x9CC8 0x9CC9,764,제어,,,0x9CC6~0x9CCA,0 1 2 3,39 30 12 19,12 00 23 21,0x1B089 0x1B088 0x1B087 0x1B086,57 4F 32 3A,30 1F 43 42,0x1AED0 0x1AED0 0x1AED0 0x1AED0,0x2A 0x2A 0x2A 0x2A,0x246 0x247 0x248 0x249,fce4d6
0x9CCB 0x9CCC,765,문자,698,␠,0x9CCB~0x9CCC,0 1,75 15,18 12,0x1B084 0x1B083,98 39,3B 36,0x1AED0 0x1AED0,0x2A 0x2A,0x24B 0x24C,e2f0d9
0x9CCD 0x9CCE,766,문자,699,암,0x9CCD~0x9CCE,0 1,00 17,08 62,0x1B082 0x1B081,25 3D,2D 88,0x1AED0 0x1AED0,0x2A 0x2A,0x24D 0x24E,e2f0d9
0x9CCF 0x9CD0,767,문자,700,흑,0x9CCF~0x9CD0,0 1,00 1A,18 E5,0x1B080 0x1B07F,27 42,3F 0D,0x1AED0 0x1AED0,0x2A 0x2A,0x24F 0x250,e2f0d9
0x9CD1 0x9CD2,768,문자,701,왕,0x9CD1~0x9CD2,0 1,00 04,F8 C3,0x1B07E 0x1B07D,29 2E,21 ED,0x1AED0 0x1AED0,0x2A 0x2A,0x251 0x252,e2f0d9
0x9CD3 0x9CD4,769,문자,702,“,0x9CD3~0x9CD4,0 1,16 00,88 22,0x1B07C 0x1B07B,41 2C,B3 4E,0x1AED0 0x1AED0,0x2A 0x2A,0x253 0x254,e2f0d9
0x9CD5 0x9CD6,770,문자,703,로,0x9CD5~0x9CD6,0 1,40 F6,D8 31,0x1B07A 0x1B079,6D 24,05 5F,0x1AED0 0x1AED0,0x2A 0x2A,0x255 0x256,e2f0d9
0x9CD7 0x9CD8,771,문자,704,그,0x9CD7~0x9CD8,0 1,B0 28,58 21,0x1B078 0x1B077,DF 58,87 51,0x1AED0 0x1AED0,0x2A 0x2A,0x257 0x258,e2f0d9
0x9CD9 0x9CDA,772,문자,705,레,0x9CD9~0x9CDA,0 1,60 12,A8 31,0x1B076 0x1B075,91 44,D9 63,0x1AED0 0x1AED0,0x2A 0x2A,0x259 0x25A,e2f0d9
0x9CDB 0x9CDC,773,문자,706,스,0x9CDB~0x9CDC,0 1,12 00,78 3F,0x1B074 0x1B073,45 34,AB 73,0x1AED0 0x1AED0,0x2A 0x2A,0x25B 0x25C,e2f0d9
0x9CDD 0x9CDE,774,문자,707,”,0x9CDD~0x9CDE,0 1,23 21,98 22,0x1B072 0x1B071,58 57,CD 58,0x1AED0 0x1AED0,0x2A 0x2A,0x25D 0x25E,e2f0d9
0x9CDF 0x9CE0,775,문자,708,입,0x9CDF~0x9CE0,0 1,00 60,E8 DE,0x1B070 0x1B06F,37 98,1F 16,0x1AED0 0x1AED0,0x2A 0x2A,0x25F 0x260,e2f0d9
0x9CE1 0x9CE2,776,문자,709,니,0x9CE1~0x9CE2,0 1,12 12,F8 25,0x1B06E 0x1B06D,4B 4C,31 5F,0x1AED0 0x1AED0,0x2A 0x2A,0x261 0x262,e2f0d9
0x9CE3 0x9CE4,777,문자,710,다,0x9CE3~0x9CE4,0 1,00 23,C8 27,0x1B06C 0x1B06B,3B 5F,03 63,0x1AED0 0x1AED0,0x2A 0x2A,0x263 0x264,e2f0d9
0x9CE5 0x9CE6,778,문자,711,。,0x9CE5~0x9CE6,0 1,21 00,30 12,0x1B06A 0x1B069,5E 3E,6D 50,0x1AED0 0x1AED0,0x2A 0x2A,0x265 0x266,e2f0d9
0x9CE7 0x9CE8 0x9CE9,779,제어,,,0x9CE7~0x9CE9,0 1 2,60 12 A0,19 00 74,0x1B068 0x1B067 0x1B066,9F 52 E1,58 40 B5,0x1AED0 0x1AED0 0x1AED0,0x2A 0x2A 0x2A,0x267 0x268 0x269,fce4d6
0x9CEA 0x9CEB,780,제어,,,0x9CEA~0x9CEB,0 1,12 90,15 00,0x1B065 0x1B064,54 D3,57 43,0x1AED0 0x1AED0,0x2A 0x2A,0x26A 0x26B,fce4d6
0x9CEC 0x9CED,781,제어,,,0x9CEC~0x9CED,0 1,12 40,17 00,0x1B063 0x1B062,56 85,5B 45,0x1AED0 0x1AED0,0x2A 0x2A,0x26C 0x26D,fce4d6
0x9CEE 0x9CEF 0x9CF0,782,제어,,,0x9CEE~0x9CF0,0 1 2,F6 B0 28,1A 00 04,0x1B061 0x1B060 0x1B05F,3C F7 70,60 47 4C,0x1AED0 0x1AED0 0x1AED0,0x2A 0x2A 0x2A,0x26E 0x26F 0x270,fce4d6
0x9CF1,783,제어,,,0x9CF1~0x9CF2,0,12,16,0x1B05E,5B,5F,0x1AED0,0x2A,0x271,fce4d6
0x9CF3 0x9CF4,784,문자,712,저,0x9CF3~0x9CF4,0 1,23 21,90 DF,0x1B05C 0x1B05B,6E 6D,DB 2B,0x1AED0 0x1AED0,0x2A 0x2A,0x273 0x274,e9ae2b
0x9CF5 0x9CF6,785,문자,713,는,0x9CF5~0x9CF6,0 1,00 F0,E0 25,0x1B05A 0x1B059,4D 3E,2D 73,0x1AED0 0x1AED0,0x2A 0x2A,0x275 0x276,e9ae2b
0x9CF7 0x9CF8,786,문자,714,␠,0x9CF7~0x9CF8,0 1,C0 80,18 12,0x1B058 0x1B057,0F D0,67 62,0x1AED0 0x1AED0,0x2A 0x2A,0x277 0x278,e2f0d9
0x9CF9 0x9CFA,787,문자,715,수,0x9CF9~0x9CFA,0 1,18 80,30 3F,0x1B056 0x1B055,69 D2,81 91,0x1AED0 0x1AED0,0x2A 0x2A,0x279 0x27A,e9ae2b
0x9CFB 0x9CFC,788,문자,716,천,0x9CFB~0x9CFC,0 1,28 40,20 E1,0x1B054 0x1B053,7B 94,73 35,0x1AED0 0x1AED0,0x2A 0x2A,0x27B 0x27C,e9ae2b
0x9CFE,789,문자,717,␠,0x9CFD~0x9CFE,1,60,12,0x1B051,B6,68,0x1AED0,0x2A,0x27E,e2f0d9
0x9CFF 0x9D00,790,문자,718,년,0x9CFF~0x9D00,0 1,18 E0,B0 25,0x1B050 0x1B04F,6F 38,07 7D,0x1AED0 0x1AED0,0x2A 0x2A,0x27F 0x280,e9ae2b
0x9D01,791,문자,719,␠,0x9D01~0x9D02,0,28,18,0x1B04E,81,71,0x1AED0,0x2A,0x281,e2f0d9
0x9D03 0x9D04,792,문자,720,동,0x9D03~0x9D04,0 1,00 23,50 2E,0x1B04C 0x1B04B,5B 7F,AB 8A,0x1AED0 0x1AED0,0x2A 0x2A,0x283 0x284,e9ae2b
0x9D05 0x9D06,793,문자,721,안,0x9D05~0x9D06,0 1,21 00,00 5A,0x1B04A 0x1B049,7E 5E,5D B8,0x1AED0 0x1AED0,0x2A 0x2A,0x285 0x286,e9ae2b
0x9D07,794,문자,722,・,0x9D07~0x9D08,0,A0,60,0x1B048,FF,BF,0x1AED0,0x2A,0x287,e2f0d9
0x9D09,795,문자,723,・,0x9D09~0x9D0A,0,90,60,0x1B046,F1,C1,0x1AED0,0x2A,0x289,e2f0d9
0x9D0B 0x9D0C,796,문자,724,・,0x9D0B~0x9D0C,0 1,90 28,60 12,0x1B044 0x1B043,F3 8C,C3 76,0x1AED0 0x1AED0,0x2A 0x2A,0x28B 0x28C,e2f0d9
0x9D0D 0x9D0E,797,문자,725,␠,0x9D0D~0x9D0E,0 1,60 18,18 12,0x1B042 0x1B041,C5 7E,7D 78,0x1AED0 0x1AED0,0x2A 0x2A,0x28D 0x28E,e2f0d9
0x9D0F 0x9D10,798,문자,726,인,0x9D0F~0x9D10,0 1,40 38,A0 DE,0x1B040 0x1B03F,A7 A0,07 46,0x1AED0 0x1AED0,0x2A 0x2A,0x28F 0x290,e9ae2b
0x9D11 0x9D12,799,문자,727,간,0x9D11~0x9D12,0 1,30 28,C0 17,0x1B03E 0x1B03D,99 92,29 81,0x1AED0 0x1AED0,0x2A 0x2A,0x291 0x292,e9ae2b
0x9D13 0x9D14,800,문자,728,의,0x9D13~0x9D14,0 1,60 28,80 DE,0x1B03C 0x1B03B,CB 94,EB 4A,0x1AED0 0x1AED0,0x2A 0x2A,0x293 0x294,e9ae2b
0x9D15 0x9D16,801,문자,729,␠,0x9D15~0x9D16,0 1,12 00,18 12,0x1B03A 0x1B039,7F 6E,85 80,0x1AED0 0x1AED0,0x2A 0x2A,0x295 0x296,e2f0d9
0x9D17 0x9D18,802,문자,730,역,0x9D17~0x9D18,0 1,23 21,60 9F,0x1B038 0x1B037,92 91,CF 0F,0x1AED0 0x1AED0,0x2A 0x2A,0x297 0x298,e9ae2b
0x9D19 0x9D1A,803,문자,731,사,0x9D19~0x9D1A,0 1,00 A0,E0 3C,0x1B036 0x1B035,71 12,51 AE,0x1AED0 0x1AED0,0x2A 0x2A,0x299 0x29A,e9ae2b
0x9D1B 0x9D1C,804,문자,732,가,0x9D1B~0x9D1C,0 1,12 90,A0 17,0x1B034 0x1B033,85 04,13 8B,0x1AED0 0x1AED0,0x2A 0x2A,0x29B 0x29C,e9ae2b
0x9D1D 0x9D1E,805,문자,733,␠,0x9D1D~0x9D1E,0 1,12 F0,18 12,0x1B032 0x1B031,87 66,8D 88,0x1AED0 0x1AED0,0x2A 0x2A,0x29D 0x29E,e2f0d9
0x9D1F 0x9D20,806,문자,734,시,0x9D1F~0x9D20,0 1,19 00,C0 3F,0x1B030 0x1B02F,90 78,37 B7,0x1AED0 0x1AED0,0x2A 0x2A,0x29F 0x2A0,e9ae2b
0x9D21 0x9D22,807,문자,735,작,0x9D21~0x9D22,0 1,28 70,10 DF,0x1B02E 0x1B02D,A1 EA,89 59,0x1AED0 0x1AED0,0x2A 0x2A,0x2A1 0x2A2,e9ae2b
0x9D23 0x9D24,808,문자,736,된,0x9D23~0x9D24,0 1,28 50,90 2E,0x1B02C 0x1B02B,A3 CC,0B AA,0x1AED0 0x1AED0,0x2A 0x2A,0x2A3 0x2A4,e9ae2b
0x9D25 0x9D26,809,문자,737,␠,0x9D25~0x9D26,0 1,19 80,18 12,0x1B02A 0x1B029,96 FE,95 90,0x1AED0 0x1AED0,0x2A 0x2A,0x2A5 0x2A6,e2f0d9
0x9D27 0x9D28,810,문자,738,이,0x9D27~0x9D28,0 1,18 F0,90 DE,0x1B028 0x1B027,97 70,0F 5E,0x1AED0 0x1AED0,0x2A 0x2A,0x2A7 0x2A8,e9ae2b
0x9D29 0x9D2A,811,문자,739,래,0x9D29~0x9D2A,0 1,38 10,30 31,0x1B026 0x1B025,B9 92,B1 B3,0x1AED0 0x1AED0,0x2A 0x2A,0x2A9 0x2AA,e9ae2b
0x9D2B 0x9D2C,812,문자,740,로,0x9D2B~0x9D2C,0 1,19 C0,D0 31,0x1B024 0x1B023,9C 44,53 B5,0x1AED0 0x1AED0,0x2A 0x2A,0x2AB 0x2AC,e9ae2b
0x9D2E,813,문자,741,␠,0x9D2D~0x9D2E,1,F0,12,0x1B021,76,98,0x1AED0,0x2A,0x2AE,e2f0d9
0x9D2F 0x9D30,814,문자,742,계,0x9D2F~0x9D30,0 1,38 B0,70 20,0x1B020 0x1B01F,BF 38,F7 A8,0x1AED0 0x1AED0,0x2A 0x2A,0x2AF 0x2B0,e9ae2b
0x9D31 0x9D32,815,문자,743,속,0x9D31~0x9D32,0 1,18 90,E0 3D,0x1B01E 0x1B01D,A1 1A,69 C7,0x1AED0 0x1AED0,0x2A 0x2A,0x2B1 0x2B2,e9ae2b
0x9D33 0x9D34,816,문자,744,␠,0x9D33~0x9D34,0 1,38 A0,18 12,0x1B01C 0x1B01B,C3 2C,A3 9E,0x1AED0 0x1AED0,0x2A 0x2A,0x2B3 0x2B4,e2f0d9
0x9D35 0x9D36,817,문자,745,싸,0x9D35~0x9D36,0 1,28 40,00 46,0x1B01A 0x1B019,B5 CE,8D D4,0x1AED0 0x1AED0,0x2A 0x2A,0x2B5 0x2B6,e9ae2b
0x9D37 0x9D38,818,문자,746,워,0x9D37~0x9D38,0 1,18 E0,F0 D7,0x1B018 0x1B017,A7 70,7F 67,0x1AED0 0x1AED0,0x2A 0x2A,0x2B7 0x2B8,e9ae2b
0x9D39 0x9D3A,819,문자,747,왔,0x9D39~0x9D3A,0 1,28 B0,F0 C1,0x1B016 0x1B015,B9 42,81 53,0x1AED0 0x1AED0,0x2A 0x2A,0x2B9 0x2BA,e9ae2b
0x9D3B 0x9D3C,820,문자,748,습,0x9D3B~0x9D3C,0 1,28 A0,A0 3F,0x1B014 0x1B013,BB 34,33 D3,0x1AED0 0x1AED0,0x2A 0x2A,0x2BB 0x2BC,e9ae2b
0x9D3D 0x9D3E,821,문자,749,니,0x9D3D~0x9D3E,0 1,12 15,F0 25,0x1B012 0x1B011,A7 AB,85 BB,0x1AED0 0x1AED0,0x2A 0x2A,0x2BD 0x2BE,e9ae2b
0x9D3F 0x9D40,822,문자,750,다,0x9D3F~0x9D40,0 1,00 28,C0 27,0x1B010 0x1B00F,97 C0,57 BF,0x1AED0 0x1AED0,0x2A 0x2A,0x2BF 0x2C0,e9ae2b
0x9D41 0x9D42,823,문자,751,。,0x9D41~0x9D42,0 1,18 A8,30 12,0x1B00E 0x1B00D,B1 42,C9 AC,0x1AED0 0x1AED0,0x2A 0x2A,0x2C1 0x2C2,e2f0d9
0x9D43 0x9D44,824,문자,752,하,0x9D43~0x9D44,0 1,28 F8,50 E3,0x1B00C 0x1B00B,C3 94,EB 7F,0x1AED0 0x1AED0,0x2A 0x2A,0x2C3 0x2C4,e9ae2b
0x9D45 0x9D46,825,문자,753,지,0x9D45~0x9D46,0 1,19 F8,10 E0,0x1B00A 0x1B009,B6 96,AD 7E,0x1AED0 0x1AED0,0x2A 0x2A,0x2C5 0x2C6,e9ae2b
0x9D47 0x9D48,826,문자,754,만,0x9D47~0x9D48,0 1,28 38,D0 34,0x1B008 0x1B007,C7 D8,6F D4,0x1AED0 0x1AED0,0x2A 0x2A,0x2C7 0x2C8,e9ae2b
0x9D49 0x9D4A,827,문자,755,␠,0x9D49~0x9D4A,0 1,19 38,18 12,0x1B006 0x1B005,BA DA,B9 B4,0x1AED0 0x1AED0,0x2A 0x2A,0x2C9 0x2CA,e2f0d9
0x9D4B 0x9D4C,828,문자,756,유,0x9D4B~0x9D4C,0 1,19 E8,20 DE,0x1B004 0x1B003,BC 8C,C3 82,0x1AED0 0x1AED0,0x2A 0x2A,0x2CB 0x2CC,e9ae2b
0x9D4D 0x9D4E,829,문자,757,코,0x9D4D~0x9D4E,0 1,29 78,10 E2,0x1B002 0x1B001,CE 1E,B5 88,0x1AED0 0x1AED0,0x2A 0x2A,0x2CD 0x2CE,e9ae2b
0x9D4F 0x9D50,830,문자,758,、,0x9D4F~0x9D50,0 1,28 F8,20 12,0x1B000 0x1AFFF,CF A0,C7 BA,0x1AED0 0x1AED0,0x2A 0x2A,0x2CF 0x2D0,e2f0d9
0x9D51 0x9D52,831,문자,759,지,0x9D51~0x9D52,0 1,C0 38,10 E0,0x1AFFE 0x1AFFD,69 E2,B9 8A,0x1AED0 0x1AED0,0x2A 0x2A,0x2D1 0x2D2,e9ae2b
0x9D53 0x9D54,832,문자,760,금,0x9D53~0x9D54,0 1,28 68,80 21,0x1AFFC 0x1AFFB,D3 14,2B CD,0x1AED0 0x1AED0,0x2A 0x2A,0x2D3 0x2D4,e9ae2b
0x9D55 0x9D56,833,문자,761,은,0x9D55~0x9D56,0 1,28 88,40 DE,0x1AFFA 0x1AFF9,D5 36,ED 8C,0x1AED0 0x1AED0,0x2A 0x2A,0x2D5 0x2D6,e9ae2b
0x9D57 0x9D58,834,문자,762,␠,0x9D57~0x9D58,0 1,DA F8,18 12,0x1AFF8 0x1AFF7,89 A8,C7 C2,0x1AED0 0x1AED0,0x2A 0x2A,0x2D7 0x2D8,e2f0d9
0x9D59 0x9D5A,835,문자,763,당,0x9D59~0x9D5A,0 1,19 78,90 2D,0x1AFF6 0x1AFF5,CA 2A,41 DF,0x1AED0 0x1AED0,0x2A 0x2A,0x2D9 0x2DA,e9ae2b
0x9D5B 0x9D5C,836,문자,764,신,0x9D5B~0x9D5C,0 1,28 F8,D0 3F,0x1AFF4 0x1AFF3,DB AC,83 F3,0x1AED0 0x1AED0,0x2A 0x2A,0x2DB 0x2DC,e9ae2b
0x9D5D 0x9D5E,837,문자,765,의,0x9D5D~0x9D5E,0 1,28 28,80 DE,0x1AFF2 0x1AFF1,DD DE,35 94,0x1AED0 0x1AED0,0x2A 0x2A,0x2DD 0x2DE,e9ae2b
0x9D60,838,문자,766,␠,0x9D5F~0x9D60,1,A8,12,0x1AFEF,60,CA,0x1AED0,0x2A,0x2E0,e2f0d9
0x9D61 0x9D62,839,문자,767,도,0x9D61~0x9D62,0 1,38 E8,20 2E,0x1AFEE 0x1AFED,F1 A2,D9 E8,0x1AED0 0x1AED0,0x2A 0x2A,0x2E1 0x2E2,e9ae2b
0x9D63 0x9D64,840,문자,768,움,0x9D63~0x9D64,0 1,29 B8,F0 D5,0x1AFEC 0x1AFEB,E4 74,AB 91,0x1AED0 0x1AED0,0x2A 0x2A,0x2E3 0x2E4,e9ae2b
0x9D65 0x9D66,841,문자,769,이,0x9D65~0x9D66,0 1,19 38,90 DE,0x1AFEA 0x1AFE9,D6 F6,4D 9C,0x1AED0 0x1AED0,0x2A 0x2A,0x2E5 0x2E6,e9ae2b
0x9D67 0x9D68,842,문자,770,␠,0x9D67~0x9D68,0 1,39 B8,18 12,0x1AFE8 0x1AFE7,F8 78,D7 D2,0x1AED0 0x1AED0,0x2A 0x2A,0x2E7 0x2E8,e2f0d9
0x9D69 0x9D6A,843,문자,771,필,0x9D69~0x9D6A,0 1,18 30,40 E3,0x1AFE6 0x1AFE5,D9 F2,01 A5,0x1AED0 0x1AED0,0x2A 0x2A,0x2E9 0x2EA,e9ae2b
0x9D6B 0x9D6C,844,문자,772,요,0x9D6B~0x9D6C,0 1,12 15,F0 C7,0x1AFE4 0x1AFE3,D5 D9,B3 8B,0x1AED0 0x1AED0,0x2A 0x2A,0x2EB 0x2EC,e9ae2b
0x9D6D 0x9D6E,845,문자,773,합,0x9D6D~0x9D6E,0 1,00 D0,90 E3,0x1AFE2 0x1AFE1,C5 96,55 A9,0x1AED0 0x1AED0,0x2A 0x2A,0x2ED 0x2EE,e9ae2b
0x9D6F 0x9D70,846,문자,774,니,0x9D6F~0x9D70,0 1,19 C0,F0 25,0x1AFE0 0x1AFDF,E0 88,B7 ED,0x1AED0 0x1AED0,0x2A 0x2A,0x2EF 0x2F0,e9ae2b
0x9D71 0x9D72,847,문자,775,다,0x9D71~0x9D72,0 1,38 F0,C0 27,0x1AFDE 0x1AFDD,01 BA,89 F1,0x1AED0 0x1AED0,0x2A 0x2A,0x2F1 0x2F2,e9ae2b
0x9D73,848,문자,776,。,0x9D73~0x9D74,0,28,30,0x1AFDC,F3,FB,0x1AED0,0x2A,0x2F3,e2f0d9
0x9D75 0x9D76,849,제어,,,0x9D75~0x9D76,0 1,00 23,15 00,0x1AFDA 0x1AFD9,CD F1,E2 CE,0x1AED0 0x1AED0,0x2A 0x2A,0x2F5 0x2F6,fce4d6
0x9D77 0x9D78,850,문자,777,이,0x9D77~0x9D78,0 1,21 00,90 DE,0x1AFD8 0x1AFD7,F0 D0,5F AE,0x1AED0 0x1AED0,0x2A 0x2A,0x2F7 0x2F8,e9ae2b
0x9D79 0x9D7A,851,문자,778,제,0x9D79~0x9D7A,0 1,60 12,F0 E3,0x1AFD6 0x1AFD5,31 E4,C1 B5,0x1AED0 0x1AED0,0x2A 0x2A,0x2F9 0x2FA,e9ae2b
0x9D7B,852,문자,779,␠,0x9D7B~0x9D7C,0,60,18,0x1AFD4,33,EB,0x1AED0,0x2A,0x2FB,e2f0d9
0x9D7D 0x9D7E,853,문자,780,제,0x9D7D~0x9D7E,0 1,60 12,F0 E3,0x1AFD2 0x1AFD1,35 E8,C5 B9,0x1AED0 0x1AED0,0x2A 0x2A,0x2FD 0x2FE,e9ae2b
0x9D7F 0x9D80,854,문자,781,␠,0x9D7F~0x9D80,0 1,12 00,18 12,0x1AFD0 0x1AFCF,EA D9,F0 EB,0x1AED0 0x1AED0,0x2A 0x2A,0x2FF 0x300,e2f0d9
0x9D81 0x9D82,855,문자,782,힘,0x9D81~0x9D82,0 1,23 00,70 E5,0x1AFCE 0x1AFCD,FD DB,4A C0,0x1AED0 0x1AED0,0x2A 0x2A,0x301 0x302,e9ae2b
0x9D83 0x9D84,856,문자,783,만,0x9D83~0x9D84,0 1,10 7B,D0 34,0x1AFCC 0x1AFCB,EC 58,AC 11,0x1AED0 0x1AED0,0x2A 0x2A,0x303 0x304,e9ae2b
0x9D85 0x9D86,857,문자,784,으,0x9D85~0x9D86,0 1,F0 38,30 DE,0x1AFCA 0x1AFC9,CE 17,0E BD,0x1AED0 0x1AED0,0x2A 0x2A,0x305 0x306,e9ae2b
0x9D87 0x9D88,858,문자,785,로,0x9D87~0x9D88,0 1,C0 38,D0 31,0x1AFC8 0x1AFC7,A0 19,B0 12,0x1AED0 0x1AED0,0x2A 0x2A,0x307 0x308,e9ae2b
0x9D89 0x9D8A,859,문자,786,는,0x9D89~0x9D8A,0 1,F0 19,E0 25,0x1AFC6 0x1AFC5,D2 FC,C2 08,0x1AED0 0x1AED0,0x2A 0x2A,0x309 0x30A,e9ae2b
0x9D8B 0x9D8C,860,문자,787,␠,0x9D8B~0x9D8C,0 1,B0 18,18 12,0x1AFC4 0x1AFC3,94 FD,FC F7,0x1AED0 0x1AED0,0x2A 0x2A,0x30B 0x30C,e2f0d9
0x9D8D 0x9D8E,861,문자,788,도,0x9D8D~0x9D8E,0 1,90 38,28 2E,0x1AFC2 0x1AFC1,76 1F,0E 15,0x1AED0 0x1AED0,0x2A 0x2A,0x30D 0x30E,e2f0d9
0x9D8F 0x9D90,862,문자,789,저,0x9D8F~0x9D90,0 1,12 00,98 DF,0x1AFC0 0x1AFBF,FA E9,80 C8,0x1AED0 0x1AED0,0x2A 0x2A,0x30F 0x310,e2f0d9
0x9D91 0x9D92,863,문자,790,히,0x9D91~0x9D92,0 1,21 00,68 E5,0x1AFBE 0x1AFBD,0B EB,52 D0,0x1AED0 0x1AED0,0x2A 0x2A,0x311 0x312,e2f0d9
0x9D93 0x9D94,864,문자,791,␠,0x9D93~0x9D94,0 1,80 38,18 12,0x1AFBC 0x1AFBB,6C 25,04 FF,0x1AED0 0x1AED0,0x2A 0x2A,0x313 0x314,e2f0d9
0x9D95 0x9D96,865,문자,792,어,0x9D95~0x9D96,0 1,30 28,00 70,0x1AFBA 0x1AFB9,1E 17,EE 5F,0x1AED0 0x1AED0,0x2A 0x2A,0x315 0x316,e9ae2b
0x9D97 0x9D98,866,문자,793,찌,0x9D97~0x9D98,0 1,A0 12,90 E0,0x1AFB8 0x1AFB7,90 03,80 D1,0x1AED0 0x1AED0,0x2A 0x2A,0x317 0x318,e9ae2b
0x9D99 0x9D9A,867,문자,794,할,0x9D99~0x9D9A,0 1,19 00,80 E3,0x1AFB6 0x1AFB5,0B F3,72 D6,0x1AED0 0x1AED0,0x2A 0x2A,0x319 0x31A,e9ae2b
0x9D9B 0x9D9C,868,문자,795,␠,0x9D9B~0x9D9C,0 1,74 15,18 12,0x1AFB4 0x1AFB3,68 0A,0C 07,0x1AED0 0x1AED0,0x2A 0x2A,0x31B 0x31C,e2f0d9
0x9D9D 0x9D9E,869,문자,796,수,0x9D9D~0x9D9E,0 1,00 17,30 3F,0x1AFB2 0x1AFB1,F6 0E,26 36,0x1AED0 0x1AED0,0x2A 0x2A,0x31D 0x31E,e9ae2b
0x9D9F 0x9DA0,870,문자,797,␠,0x9D9F~0x9DA0,0 1,00 1A,18 12,0x1AFB0 0x1AFAF,F8 13,10 0B,0x1AED0 0x1AED0,0x2A 0x2A,0x31F 0x320,e2f0d9
0x9DA2,871,문자,798,없,0x9DA1~0x9DA2,1,04,7C,0x1AFAD,FF,77,0x1AED0,0x2A,0x322,e9ae2b
0x9DA3 0x9DA4,872,문자,799,습,0x9DA3~0x9DA4,0 1,16 00,A0 3F,0x1AFAC 0x1AFAB,12 FD,9C 3C,0x1AED0 0x1AED0,0x2A 0x2A,0x323 0x324,e9ae2b
0x9DA5 0x9DA6,873,문자,800,니,0x9DA5~0x9DA6,0 1,40 F6,F0 25,0x1AFAA 0x1AFA9,3E F5,EE 24,0x1AED0 0x1AED0,0x2A 0x2A,0x325 0x326,e9ae2b
0x9DA8,874,문자,801,다,0x9DA7~0x9DA8,1,18,27,0x1AFA7,19,28,0x1AED0,0x2A,0x328,e9ae2b
0x9DA9 0x9DAA,875,문자,802,。,0x9DA9~0x9DAA,0 1,10 78,30 12,0x1AFA6 0x1AFA5,12 7B,32 15,0x1AED0 0x1AED0,0x2A 0x2A,0x329 0x32A,e2f0d9
0x9DAB 0x9DAC 0x9DAD,876,제어,,,0x9DAB~0x9DAD,0 1 2,50 ED E0,19 00 75,0x1AFA4 0x1AFA3 0x1AFA2,54 F2 E6,1D 05 7B,0x1AED0 0x1AED0 0x1AED0,0x2A 0x2A 0x2A,0x32B 0x32C 0x32D,fce4d6
0x9DAE 0x9DAF,877,제어,,,0x9DAE~0x9DAF,0 1,4B C0,15 00,0x1AFA1 0x1AFA0,52 C8,1C 08,0x1AED0 0x1AED0,0x2A 0x2A,0x32E 0x32F,fce4d6
0x9DB0 0x9DB1,878,제어,,,0x9DB0~0x9DB1,0 1,A1 70,17 00,0x1AF9F 0x1AF9E,AA 7A,20 0A,0x1AED0 0x1AED0,0x2A 0x2A,0x330 0x331,fce4d6
0x9DB2 0x9DB3 0x9DB4,879,제어,,,0x9DB2~0x9DB4,0 1 2,28 A0 CA,1A 00 04,0x1AF9D 0x1AF9C 0x1AF9B,33 AC D7,25 0C 11,0x1AED0 0x1AED0 0x1AED0,0x2A 0x2A 0x2A,0x332 0x333 0x334,fce4d6
0x9DB5 0x9DB6,880,제어,,,0x9DB5~0x9DB6,0 1,20 19,16 00,0x1AF9A 0x1AF99,2E 28,24 0F,0x1AED0 0x1AED0,0x2A 0x2A,0x335 0x336,fce4d6
0x9DB7 0x9DB8,881,문자,803,나,0x9DB7~0x9DB8,0 1,F0 19,B0 24,0x1AF98 0x1AF97,00 2A,C0 35,0x1AED0 0x1AED0,0x2A 0x2A,0x337 0x338,e9ae2b
0x9DB9 0x9DBA,882,문자,804,더,0x9DB9~0x9DBA,0 1,50 EF,C0 2D,0x1AF96 0x1AF95,62 02,D2 40,0x1AED0 0x1AED0,0x2A 0x2A,0x339 0x33A,e9ae2b
0x9DBB 0x9DBC,883,문자,805,러,0x9DBB~0x9DBC,0 1,20 39,40 31,0x1AF94 0x1AF93,34 4E,54 46,0x1AED0 0x1AED0,0x2A 0x2A,0x33B 0x33C,e9ae2b
0x9DBD 0x9DBE,884,문자,806,・,0x9DBD~0x9DBE,0 1,50 F9,60 12,0x1AF92 0x1AF91,66 10,76 29,0x1AED0 0x1AED0,0x2A 0x2A,0x33D 0x33E,e2f0d9
0x9DBF 0x9DC0 0x9DC1 0x9DC2 0x9DC3,885,제어,,,0x9DBF~0x9DC3,0 1 2 3 4,10 19 80 F8 C0,12 00 23 21 00,0x1AF90 0x1AF8F 0x1AF8E 0x1AF8D 0x1AF8C,28 32 9A 13 DC,2A 19 3D 3C 1C,0x1AED0 0x1AED0 0x1AED0 0x1AED0 0x1AED0,0x2A 0x2A 0x2A 0x2A 0x2A,0x33F 0x340 0x341 0x342 0x343,fce4d6
0x9DC4 0x9DC5,886,문자,807,・,0x9DC4~0x9DC5,0 1,38 F0,60 12,0x1AF8B 0x1AF8A,55 0E,7D 30,0x1AED0 0x1AED0,0x2A 0x2A,0x344 0x345,e2f0d9
0x9DC6 0x9DC7 0x9DC8 0x9DC9 0x9DCA,887,제어,,,0x9DC6~0x9DCA,0 1 2 3 4,19 E0 28 F0 28,12 00 23 21 00,0x1AF89 0x1AF88 0x1AF87 0x1AF86 0x1AF85,38 00 49 12 4B,31 20 44 43 23,0x1AED0 0x1AED0 0x1AED0 0x1AED0 0x1AED0,0x2A 0x2A 0x2A 0x2A 0x2A,0x346 0x347 0x348 0x349 0x34A,fce4d6
0x9DCB,888,문자,808,・,0x9DCB~0x9DCC,0,20,60,0x1AF84,44,84,0x1AED0,0x2A,0x34B,e2f0d9
0x9DCD 0x9DCE,889,문자,809,！,0x9DCD~0x9DCE,0 1,20 18,A0 12,0x1AF82 0x1AF81,46 3F,C6 39,0x1AED0 0x1AED0,0x2A 0x2A,0x34D 0x34E,e2f0d9
0x9DCF 0x9DD0,890,문자,810,？,0x9DCF~0x9DD0,0 1,A0 28,90 12,0x1AF80 0x1AF7F,C8 51,B8 3B,0x1AED0 0x1AED0,0x2A 0x2A,0x34F 0x350,e2f0d9
0x9DD1 0x9DD2,891,문자,811,␠,0x9DD1~0x9DD2,0 1,F0 19,18 12,0x1AF7E 0x1AF7D,1A 44,42 3D,0x1AED0 0x1AED0,0x2A 0x2A,0x351 0x352,e2f0d9
0x9DD3 0x9DD4,892,문자,812,나,0x9DD3~0x9DD4,0 1,C0 18,B0 24,0x1AF7C 0x1AF7B,EC 45,DC 51,0x1AED0 0x1AED0,0x2A 0x2A,0x353 0x354,e9ae2b
0x9DD5 0x9DD6,893,문자,813,더,0x9DD5~0x9DD6,0 1,F0 C0,C0 2D,0x1AF7A 0x1AF79,1E EF,EE 5C,0x1AED0 0x1AED0,0x2A 0x2A,0x355 0x356,e9ae2b
0x9DD7 0x9DD8 0x9DD9 0x9DDA 0x9DDB,894,제어,,,0x9DD7~0x9DDB,0 1 2 3 4,E0 B6 00 28 B0,12 00 23 21 00,0x1AF78 0x1AF77 0x1AF76 0x1AF75 0x1AF74,10 E7 32 5B E4,42 31 55 54 34,0x1AED0 0x1AED0 0x1AED0 0x1AED0 0x1AED0,0x2A 0x2A 0x2A 0x2A 0x2A,0x357 0x358 0x359 0x35A 0x35B,fce4d6
0x9DDC 0x9DDD,895,문자,814,러,0x9DDC~0x9DDD,0 1,18 90,40 31,0x1AF73 0x1AF72,4D C6,75 67,0x1AED0 0x1AED0,0x2A 0x2A,0x35C 0x35D,e9ae2b
0x9DDE 0x9DDF,896,문자,815,␠,0x9DDE~0x9DDF,0 1,38 70,18 12,0x1AF71 0x1AF70,6F A8,4F 4A,0x1AED0 0x1AED0,0x2A 0x2A,0x35E 0x35F,e2f0d9
0x9DE0 0x9DE1,897,문자,816,싸,0x9DE0~0x9DE1,0 1,28 90,08 46,0x1AF6F 0x1AF6E,61 CA,41 80,0x1AED0 0x1AED0,0x2A 0x2A,0x360 0x361,e2f0d9
0x9DE2 0x9DE3,898,문자,817,우,0x9DE2~0x9DE3,0 1,19 30,F8 CD,0x1AF6D 0x1AF6C,54 6C,33 09,0x1AED0 0x1AED0,0x2A 0x2A,0x362 0x363,e2f0d9
0x9DE4 0x9DE5,899,문자,818,라,0x9DE4~0x9DE5,0 1,12 15,F8 30,0x1AF6B 0x1AF6A,4F 53,35 6E,0x1AED0 0x1AED0,0x2A 0x2A,0x364 0x365,e2f0d9
0x9DE6 0x9DE7,900,문자,819,는,0x9DE6~0x9DE7,0 1,00 70,E8 25,0x1AF69 0x1AF68,3F B0,27 65,0x1AED0 0x1AED0,0x2A 0x2A,0x366 0x367,e2f0d9
0x9DE8 0x9DE9,901,문자,820,␠,0x9DE8~0x9DE9,0 1,B4 20,18 12,0x1AF67 0x1AF66,F5 62,59 54,0x1AED0 0x1AED0,0x2A 0x2A,0x368 0x369,e2f0d9
0x9DEA 0x9DEB,902,문자,821,거,0x9DEA~0x9DEB,0 1,38 B0,90 1D,0x1AF65 0x1AF64,7B F4,D3 61,0x1AED0 0x1AED0,0x2A 0x2A,0x36A 0x36B,e9ae2b
0x9DEC 0x9DED 0x9DEE 0x9DEF 0x9DF0,903,제어,,,0x9DEC~0x9DF0,0 1 2 3 4,78 30 43 A0 28,12 00 23 21 00,0x1AF63 0x1AF62 0x1AF61 0x1AF60 0x1AF5F,BD 76 8A E8 71,57 46 6A 69 49,0x1AED0 0x1AED0 0x1AED0 0x1AED0 0x1AED0,0x2A 0x2A 0x2A 0x2A 0x2A,0x36C 0x36D 0x36E 0x36F 0x370,fce4d6
0x9DF1 0x9DF2,904,문자,822,야,0x9DF1~0x9DF2,0 1,40 7F,00 6C,0x1AF5E 0x1AF5D,8A CA,4A B7,0x1AED0 0x1AED0,0x2A 0x2A,0x371 0x372,e9ae2b
0x9DF3,905,문자,823,!,0x9DF3~0x9DF4,0,20,A0,0x1AF5C,6C,EC,0x1AED0,0x2A,0x373,e2f0d9
0x9DF5,906,문자,824,?,0x9DF5~0x9DF6,0,B0,90,0x1AF5A,FE,DE,0x1AED0,0x2A,0x375,e2f0d9
0x9DF7 0x9DF8,907,문자,825,␠,0x9DF7~0x9DF8,0 1,00 98,18 12,0x1AF58 0x1AF57,50 E9,68 63,0x1AED0 0x1AED0,0x2A 0x2A,0x377 0x378,e2f0d9
0x9DF9 0x9DFA,908,문자,826,어,0x9DF9~0x9DFA,0 1,D0 32,00 70,0x1AF56 0x1AF55,22 85,52 C3,0x1AED0 0x1AED0,0x2A 0x2A,0x379 0x37A,e9ae2b
0x9DFB 0x9DFC,909,문자,827,떻,0x9DFB~0x9DFC,0 1,80 28,B0 30,0x1AF54 0x1AF53,D4 7D,04 85,0x1AED0 0x1AED0,0x2A 0x2A,0x37B 0x37C,e9ae2b
0x9DFD 0x9DFE,910,문자,828,게,0x9DFD~0x9DFE,0 1,B0 12,00 20,0x1AF52 0x1AF51,06 69,56 77,0x1AED0 0x1AED0,0x2A 0x2A,0x37D 0x37E,e9ae2b
0x9DFF 0x9E00 0x9E01 0x9E02 0x9E03,911,제어,,,0x9DFF~0x9E03,0 1 2 3 4,50 A0 D0 32 E0,12 00 23 21 00,0x1AF50 0x1AF4F 0x1AF4E 0x1AF4D 0x1AF4C,A8 F9 2A 8D 3C,6A 59 7D 7C 5C,0x1AED0 0x1AED0 0x1AED0 0x1AED0 0x1AED0,0x2A 0x2A 0x2A 0x2A 0x2A,0x37F 0x380 0x381 0x382 0x383,fce4d6
0x9E04 0x9E05,912,문자,829,！,0x9E04~0x9E05,0 1,28 00,A0 12,0x1AF4B 0x1AF4A,85 5E,FD 70,0x1AED0 0x1AED0,0x2A 0x2A,0x384 0x385,e2f0d9
0x9E06 0x9E07,913,문자,830,？,0x9E06~0x9E07,0 1,2B 90,90 12,0x1AF49 0x1AF48,8A F0,EF 72,0x1AED0 0x1AED0,0x2A 0x2A,0x386 0x387,e2f0d9
0x9E08 0x9E09,914,문자,831,␠,0x9E08~0x9E09,0 1,3A 30,18 12,0x1AF47 0x1AF46,9B 92,79 74,0x1AED0 0x1AED0,0x2A 0x2A,0x388 0x389,e2f0d9
0x9E0A 0x9E0B,915,문자,832,지,0x9E0A~0x9E0B,0 1,3B 90,10 E0,0x1AF45 0x1AF44,9E F4,73 44,0x1AED0 0x1AED0,0x2A 0x2A,0x38A 0x38B,e9ae2b
0x9E0C 0x9E0D,916,문자,833,금,0x9E0C~0x9E0D,0 1,1B C0,80 21,0x1AF43 0x1AF42,80 26,E5 87,0x1AED0 0x1AED0,0x2A 0x2A,0x38C 0x38D,e9ae2b
0x9E0E 0x9E0F,917,문자,834,도,0x9E0E~0x9E0F,0 1,18 80,20 2E,0x1AF41 0x1AF40,7F E8,87 96,0x1AED0 0x1AED0,0x2A 0x2A,0x38E 0x38F,e9ae2b
0x9E10 0x9E11,918,문자,835,␠,0x9E10~0x9E11,0 1,28 C0,18 12,0x1AF3F 0x1AF3E,91 2A,81 7C,0x1AED0 0x1AED0,0x2A 0x2A,0x390 0x391,e2f0d9
0x9E12 0x9E13,919,문자,836,뭐,0x9E12~0x9E13,0 1,38 60,E0 37,0x1AF3D 0x1AF3C,A3 CC,4B A3,0x1AED0 0x1AED0,0x2A 0x2A,0x392 0x393,e9ae2b
0x9E14 0x9E15,920,문자,837,가,0x9E14~0x9E15,0 1,28 40,A0 17,0x1AF3B 0x1AF3A,95 AE,0D 85,0x1AED0 0x1AED0,0x2A 0x2A,0x394 0x395,e9ae2b
0x9E17,921,문자,838,␠,0x9E16~0x9E17,1,B0,12,0x1AF38,20,82,0x1AED0,0x2A,0x397,e2f0d9
0x9E18 0x9E19,922,문자,839,뭔,0x9E18~0x9E19,0 1,38 60,F8 37,0x1AF37 0x1AF36,A9 D2,69 A9,0x1AED0 0x1AED0,0x2A 0x2A,0x398 0x399,e2f0d9
0x9E1A 0x9E1B,923,문자,840,지,0x9E1A~0x9E1B,0 1,F7 C0,18 E0,0x1AF35 0x1AF34,6A 34,8B 54,0x1AED0 0x1AED0,0x2A 0x2A,0x39A 0x39B,e2f0d9
0x9E1D,924,문자,841,␠,0x9E1C~0x9E1D,1,D0,12,0x1AF32,46,88,0x1AED0,0x2A,0x39D,e2f0d9
0x9E1E 0x9E1F,925,문자,842,하,0x9E1E~0x9E1F,0 1,19 E0,50 E3,0x1AF31 0x1AF30,90 58,C7 5B,0x1AED0 0x1AED0,0x2A 0x2A,0x39E 0x39F,e9ae2b
0x9E20 0x9E21,926,문자,843,나,0x9E20~0x9E21,0 1,28 00,B0 24,0x1AF2F 0x1AF2E,A1 7A,29 9E,0x1AED0 0x1AED0,0x2A 0x2A,0x3A0 0x3A1,e9ae2b
0x9E22 0x9E23,927,문자,844,도,0x9E22~0x9E23,0 1,98 B0,20 2E,0x1AF2D 0x1AF2C,13 2C,9B AA,0x1AED0 0x1AED0,0x2A 0x2A,0x3A2 0x3A3,e9ae2b
0x9E25,928,문자,845,␠,0x9E24~0x9E25,1,70,12,0x1AF2A,EE,90,0x1AED0,0x2A,0x3A5,e2f0d9
0x9E26 0x9E27,929,문자,846,모,0x9E26~0x9E27,0 1,19 70,A0 35,0x1AF29 0x1AF28,98 F0,1F B5,0x1AED0 0x1AED0,0x2A 0x2A,0x3A6 0x3A7,e9ae2b
0x9E28 0x9E29,930,문자,847,르,0x9E28~0x9E29,0 1,28 90,30 34,0x1AF27 0x1AF26,A9 12,B1 B6,0x1AED0 0x1AED0,0x2A 0x2A,0x3A8 0x3A9,e9ae2b
0x9E2A 0x9E2B,931,문자,848,겠,0x9E2A~0x9E2B,0 1,19 30,10 20,0x1AF25 0x1AF24,9C B4,93 A4,0x1AED0 0x1AED0,0x2A 0x2A,0x3AA 0x3AB,e9ae2b
0x9E2C 0x9E2D,932,문자,849,는,0x9E2C~0x9E2D,0 1,12 19,E0 25,0x1AF23 0x1AF22,97 9F,65 AB,0x1AED0 0x1AED0,0x2A 0x2A,0x3AC 0x3AD,e9ae2b
0x9E2E 0x9E2F,933,문자,850,데,0x9E2E~0x9E2F,0 1,00 75,F0 2D,0x1AF21 0x1AF20,87 FD,77 B5,0x1AED0 0x1AED0,0x2A 0x2A,0x3AE 0x3AF,e9ae2b
0x9E30 0x9E31,934,문자,851,！,0x9E30~0x9E31,0 1,15 00,A0 12,0x1AF1F 0x1AF1E,9E 8A,29 9C,0x1AED0 0x1AED0,0x2A 0x2A,0x3B0 0x3B1,e2f0d9
0x9E32,935,제어,,,0x9E32~0x9E33,0,17,15,0x1AF1D,A2,A0,0x1AED0,0x2A,0x3B2,fce4d6
0x9E34 0x9E35,936,문자,852,당,0x9E34~0x9E35,0 1,1A 00,98 2D,0x1AF1B 0x1AF1A,A7 8E,25 BB,0x1AED0 0x1AED0,0x2A 0x2A,0x3B4 0x3B5,e2f0d9
0x9E36 0x9E37,937,문자,853,신,0x9E36~0x9E37,0 1,04 16,D8 3F,0x1AF19 0x1AF18,93 A6,67 CF,0x1AED0 0x1AED0,0x2A 0x2A,0x3B6 0x3B7,e2f0d9
0x9E38 0x9E39,938,문자,854,은,0x9E38~0x9E39,0 1,00 40,48 DE,0x1AF17 0x1AF16,91 D2,D9 70,0x1AED0 0x1AED0,0x2A 0x2A,0x3B8 0x3B9,e2f0d9
0x9E3B,939,문자,855,␠,0x9E3A~0x9E3B,1,40,12,0x1AF14,D4,A6,0x1AED0,0x2A,0x3BB,e2f0d9
0x9E3C 0x9E3D,940,문자,856,이,0x9E3C~0x9E3D,0 1,18 C0,98 DE,0x1AF13 0x1AF12,AD 56,2D 74,0x1AED0 0x1AED0,0x2A 0x2A,0x3BC 0x3BD,e2f0d9
0x9E3E 0x9E3F,941,문자,857,미,0x9E3E~0x9E3F,0 1,18 B0,58 39,0x1AF11 0x1AF10,AF 48,EF D1,0x1AED0 0x1AED0,0x2A 0x2A,0x3BE 0x3BF,e2f0d9
0x9E41,942,문자,858,␠,0x9E40~0x9E41,1,A0,12,0x1AF0E,3A,AC,0x1AED0,0x2A,0x3C1,e2f0d9
0x9E42 0x9E43,943,문자,859,여,0x9E42~0x9E43,0 1,38 00,58 9F,0x1AF0D 0x1AF0C,D3 9C,F3 3B,0x1AED0 0x1AED0,0x2A 0x2A,0x3C2 0x3C3,e2f0d9
0x9E44 0x9E45,944,문자,860,기,0x9E44~0x9E45,0 1,28 F0,B8 21,0x1AF0B 0x1AF0A,C5 8E,55 BF,0x1AED0 0x1AED0,0x2A 0x2A,0x3C4 0x3C5,e2f0d9
0x9E46 0x9E47,945,문자,861,까,0x9E46~0x9E47,0 1,38 20,F8 21,0x1AF09 0x1AF08,D7 C0,97 C1,0x1AED0 0x1AED0,0x2A 0x2A,0x3C6 0x3C7,e2f0d9
0x9E48 0x9E49,946,문자,862,지,0x9E48~0x9E49,0 1,12 12,18 E0,0x1AF07 0x1AF06,B3 B4,B9 82,0x1AED0 0x1AED0,0x2A 0x2A,0x3C8 0x3C9,e2f0d9
0x9E4A 0x9E4B,947,문자,863,␠,0x9E4A~0x9E4B,0 1,00 23,18 12,0x1AF05 0x1AF04,A3 C7,BB B6,0x1AED0 0x1AED0,0x2A 0x2A,0x3CA 0x3CB,e2f0d9
0x9E4C 0x9E4D,948,문자,864,싸,0x9E4C~0x9E4D,0 1,21 00,08 46,0x1AF03 0x1AF02,C6 A6,AD EC,0x1AED0 0x1AED0,0x2A 0x2A,0x3CC 0x3CD,e2f0d9
0x9E4E 0x9E4F,949,문자,865,워,0x9E4E~0x9E4F,0 1,40 F6,F8 D7,0x1AF01 0x1AF00,E7 9E,9F 7F,0x1AED0 0x1AED0,0x2A 0x2A,0x3CE 0x3CF,e2f0d9
0x9E50 0x9E51,950,문자,866,␠,0x9E50~0x9E51,0 1,F0 28,18 12,0x1AEFF 0x1AEFE,99 D2,C1 BC,0x1AED0 0x1AED0,0x2A 0x2A,0x3D0 0x3D1,e2f0d9
0x9E52 0x9E53,951,문자,867,오,0x9E52~0x9E53,0 1,D0 19,B8 9F,0x1AEFD 0x1AEFC,7B C5,63 4B,0x1AED0 0x1AED0,0x2A 0x2A,0x3D2 0x3D3,e2f0d9
0x9E54 0x9E55,952,문자,868,지,0x9E54~0x9E55,0 1,30 39,18 E0,0x1AEFB 0x1AEFA,DD E7,C5 8E,0x1AED0 0x1AED0,0x2A 0x2A,0x3D4 0x3D5,e2f0d9
0x9E56 0x9E57,953,문자,869,␠,0x9E56~0x9E57,0 1,A0 28,18 12,0x1AEF9 0x1AEF8,4F D8,C7 C2,0x1AED0 0x1AED0,0x2A 0x2A,0x3D6 0x3D7,e2f0d9
0x9E58 0x9E59,954,문자,870,않,0x9E58~0x9E59,0 1,D0 BE,08 5E,0x1AEF7 0x1AEF6,81 70,B9 10,0x1AED0 0x1AED0,0x2A 0x2A,0x3D8 0x3D9,e2f0d9
0x9E5A 0x9E5B,955,문자,871,았,0x9E5A~0x9E5B,0 1,60 A9,08 66,0x1AEF5 0x1AEF4,13 5D,BB 1A,0x1AED0 0x1AED0,0x2A 0x2A,0x3DA 0x3DB,e2f0d9
0x9E5C 0x9E5D,956,문자,872,습,0x9E5C~0x9E5D,0 1,80 19,A8 3F,0x1AEF3 0x1AEF2,35 CF,5D F5,0x1AED0 0x1AED0,0x2A 0x2A,0x3DC 0x3DD,e2f0d9
0x9E5E 0x9E5F,957,문자,873,니,0x9E5E~0x9E5F,0 1,30 38,F8 25,0x1AEF1 0x1AEF0,E7 F0,AF DD,0x1AED0 0x1AED0,0x2A 0x2A,0x3DE 0x3DF,e2f0d9
0x9E60 0x9E61,958,문자,874,까,0x9E60~0x9E61,0 1,A0 28,F8 21,0x1AEEF 0x1AEEE,59 E2,B1 DB,0x1AED0 0x1AED0,0x2A 0x2A,0x3E0 0x3E1,e2f0d9
0x9E62 0x9E63,959,문자,875,。,0x9E62~0x9E63,0 1,40 18,30 12,0x1AEED 0x1AEEC,FB D4,EB CE,0x1AED0 0x1AED0,0x2A 0x2A,0x3E2 0x3E3,e2f0d9
0x9E64 0x9E65,960,제어,,,0x9E64~0x9E65,0 1,A0 12,15 00,0x1AEEB 0x1AEEA,5D D0,D2 BE,0x1AED0 0x1AED0,0x2A 0x2A,0x3E4 0x3E5,fce4d6
0x9E66 0x9E67,961,문자,876,그,0x9E66~0x9E67,0 1,19 00,50 21,0x1AEE9 0x1AEE8,D8 C0,0F E1,0x1AED0 0x1AED0,0x2A 0x2A,0x3E6 0x3E7,e9ae2b
0x9E68 0x9E69,962,문자,877,건,0x9E68~0x9E69,0 1,74 15,B0 1D,0x1AEE7 0x1AEE6,35 D7,71 DF,0x1AED0 0x1AED0,0x2A 0x2A,0x3E8 0x3E9,e9ae2b
0x9E6A 0x9E6B 0x9E6C 0x9E6D,963,제어,,,0x9E6A~0x9E6E,0 1 2 3,00 17 00 1A,12 00 23 21,0x1AEE5 0x1AEE4 0x1AEE3 0x1AEE2,C3 DB C5 E0,D5 C4 E8 E7,0x1AED0 0x1AED0 0x1AED0 0x1AED0,0x2A 0x2A 0x2A 0x2A,0x3EA 0x3EB 0x3EC 0x3ED,fce4d6
0x9E6F 0x9E70,964,문자,878,・,0x9E6F~0x9E70,0 1,04 16,60 12,0x1AEE0 0x1AEDF,CC DF,28 DB,0x1AED0 0x1AED0,0x2A 0x2A,0x3EF 0x3F0,e2f0d9
0x9E71 0x9E72,965,문자,879,・,0x9E71~0x9E72,0 1,00 70,60 12,0x1AEDE 0x1AEDD,CA 3B,2A DD,0x1AED0 0x1AED0,0x2A 0x2A,0x3F1 0x3F2,e2f0d9
0x9E73 0x9E74,966,문자,880,・,0x9E73~0x9E74,0 1,28 F0,60 12,0x1AEDC 0x1AEDB,F4 BD,2C DF,0x1AED0 0x1AED0,0x2A 0x2A,0x3F3 0x3F4,e2f0d9
0x9E75 0x9E76 0x9E77 0x9E78,967,제어,,,0x9E75~0x9E78,0 1 2 3,28 20 12 20,12 00 23 00,0x1AEDA 0x1AED9 0x1AED8 0x1AED7,F6 EF E2 F1,E0 CF F3 D1,0x1AED0 0x1AED0 0x1AED0 0x1AED0,0x2A 0x2A 0x2A 0x2A,0x3F5 0x3F6 0x3F7 0x3F8,fce4d6
0x9E7A,968,문자,881,␠,0x9E79~0x9E7A,1,A0,12,0x1AED5,73,E5,0x1AED0,0x2A,0x3FA,e2f0d9
0x9E7B 0x9E7C,969,문자,882,살,0x9E7B~0x9E7C,0 1,28 F0,00 3D,0x1AED4 0x1AED3,FC C5,D4 12,0x1AED0 0x1AED0,0x2A 0x2A,0x3FB 0x3FC,e9ae2b
0x9E7D 0x9E7E,970,문자,883,려,0x9E7D~0x9E7E,0 1,19 E0,B0 31,0x1AED2 0x1AED1,EF B7,86 08,0x1AED0 0x1AED0,0x2A 0x2A,0x3FD 0x3FE,e9ae2b
0x9E7F 0x9E80,971,문자,884,고,0x9E7F~0x9E80,0 1,28 40,80 20,0x1AED0 0x1B6DF,01 16,59 F6,0x1AED0 0x1B2E0,0x2A 0x2A,0x3FF 0x000,e9ae2b
0x9E81 0x9E82,972,문자,885,␠,0x9E81~0x9E82,0 1,40 60,18 12,0x1B6DE 0x1B6DD,17 38,EF EA,0x1B2E0 0x1B2E0,0x2A 0x2A,0x001 0x002,e2f0d9
0x9E83 0x9E84,973,문자,886,발,0x9E83~0x9E84,0 1,66 C0,B0 39,0x1B6DC 0x1B6DB,3F 9A,89 13,0x1B2E0 0x1B2E0,0x2A 0x2A,0x003 0x004,e9ae2b
0x9E85 0x9E86,974,문자,887,버,0x9E85~0x9E86,0 1,18 70,F0 39,0x1B6DA 0x1B6D9,F3 4C,CB 15,0x1B2E0 0x1B2E0,0x2A 0x2A,0x005 0x006,e9ae2b
0x9E87 0x9E88,975,문자,888,둥,0x9E87~0x9E88,0 1,98 30,E0 2E,0x1B6D8 0x1B6D7,75 0E,BD 0C,0x1B2E0 0x1B2E0,0x2A 0x2A,0x007 0x008,e9ae2b
0x9E89 0x9E8A,976,문자,889,친,0x9E89~0x9E8A,0 1,29 60,B0 E1,0x1B6D6 0x1B6D5,08 40,8F C1,0x1B2E0 0x1B2E0,0x2A 0x2A,0x009 0x00A,e9ae2b
0x9E8B 0x9E8C 0x9E8D 0x9E8E,977,제어,,,0x9E8B~0x9E8E,0 1 2 3,28 20 38 40,12 00 21 00,0x1B6D4 0x1B6D3 0x1B6D2 0x1B6D1,09 02 1B 24,F3 E2 04 E4,0x1B2E0 0x1B2E0 0x1B2E0 0x1B2E0,0x2A 0x2A 0x2A 0x2A,0x00B 0x00C 0x00D 0x00E,fce4d6
0x9E90,978,문자,890,␠,0x9E8F~0x9E90,1,40,12,0x1B6CF,26,F8,0x1B2E0,0x2A,0x010,e2f0d9
0x9E91 0x9E92,979,문자,891,것,0x9E91~0x9E92,0 1,18 E0,F0 1D,0x1B6CE 0x1B6CD,FF C8,D7 05,0x1B2E0 0x1B2E0,0x2A 0x2A,0x011 0x012,e9ae2b
0x9E93 0x9E94,980,문자,892,뿐,0x9E93~0x9E94,0 1,28 70,90 3C,0x1B6CC 0x1B6CB,11 5A,79 26,0x1B2E0 0x1B2E0,0x2A 0x2A,0x013 0x014,e9ae2b
0x9E95 0x9E96,981,문자,893,이,0x9E95~0x9E96,0 1,28 90,90 DE,0x1B6CA 0x1B6C9,13 7C,7B CA,0x1B2E0 0x1B2E0,0x2A 0x2A,0x015 0x016,e9ae2b
0x9E97 0x9E98,982,문자,894,야,0x9E97~0x9E98,0 1,19 B0,00 6C,0x1B6C8 0x1B6C7,06 9E,ED 5A,0x1B2E0 0x1B2E0,0x2A 0x2A,0x017 0x018,e9ae2b
0x9E99 0x9E9A,983,문자,895,！,0x9E99~0x9E9A,0 1,18 A0,A0 12,0x1B6C6 0x1B6C5,07 90,8F 02,0x1B2E0 0x1B2E0,0x2A 0x2A,0x019 0x01A,e2f0d9
0x9E9B 0x9E9C 0x9E9D,984,제어,,,0x9E9B~0x9E9D,0 1 2,12 90 12,19 00 74,0x1B6C4 0x1B6C3 0x1B6C2,03 82 05,0A F2 67,0x1B2E0 0x1B2E0 0x1B2E0,0x2A 0x2A 0x2A,0x01B 0x01C 0x01D,fce4d6
0x9E9E 0x9E9F,985,제어,,,0x9E9E~0x9E9F,0 1,F0 C0,15 00,0x1B6C1 0x1B6C0,E4 B5,09 F5,0x1B2E0 0x1B2E0,0x2A 0x2A,0x01E 0x01F,fce4d6
0x9EA0 0x9EA1,986,제어,,,0x9EA0~0x9EA1,0 1,80 C2,17 00,0x1B6BF 0x1B6BE,76 B9,0D F7,0x1B2E0 0x1B2E0,0x2A 0x2A,0x020 0x021,fce4d6
0x9EA2 0x9EA3 0x9EA4,987,제어,,,0x9EA2~0x9EA4,0 1 2,C0 18 F0,1A 00 04,0x1B6BD 0x1B6BC 0x1B6BB,B8 11 EA,12 F9 FE,0x1B2E0 0x1B2E0 0x1B2E0,0x2A 0x2A 0x2A,0x022 0x023 0x024,fce4d6
0x9EA5 0x9EA6,988,제어,,,0x9EA5~0x9EA6,0 1,6A D0,16 00,0x1B6BA 0x1B6B9,65 CC,11 FC,0x1B2E0 0x1B2E0,0x2A 0x2A,0x025 0x026,fce4d6
0x9EA7 0x9EA8,989,문자,896,제,0x9EA7~0x9EA8,0 1,18 60,F0 E3,0x1B6B8 0x1B6B7,15 5E,ED E1,0x1B2E0 0x1B2E0,0x2A 0x2A,0x027 0x028,e9ae2b
0x9EA9 0x9EAA,990,문자,897,가,0x9EA9~0x9EAA,0 1,28 20,A0 17,0x1B6B6 0x1B6B5,27 20,9F 17,0x1B2E0 0x1B2E0,0x2A 0x2A,0x029 0x02A,e9ae2b
0x9EAB 0x9EAC,991,문자,898,␠,0x9EAB~0x9EAC,0 1,38 20,18 12,0x1B6B4 0x1B6B3,39 22,19 14,0x1B2E0 0x1B2E0,0x2A 0x2A,0x02B 0x02C,e2f0d9
0x9EAD 0x9EAE,992,문자,899,차,0x9EAD~0x9EAE,0 1,12 70,A0 E0,0x1B6B2 0x1B6B1,15 74,A3 E4,0x1B2E0 0x1B2E0,0x2A 0x2A,0x02D 0x02E,e9ae2b
0x9EAF 0x9EB0,993,문자,900,원,0x9EAF~0x9EB0,0 1,C4 A0,F0 D9,0x1B6B0 0x1B6AF,C9 A6,F5 DF,0x1B2E0 0x1B2E0,0x2A 0x2A,0x02F 0x030,e9ae2b
0x9EB1 0x9EB2,994,문자,901,을,0x9EB1~0x9EB2,0 1,40 E0,50 DE,0x1B6AE 0x1B6AD,47 E8,57 E6,0x1B2E0 0x1B2E0,0x2A 0x2A,0x031 0x032,e9ae2b
0x9EB3 0x9EB4,995,문자,902,␠,0x9EB3~0x9EB4,0 1,28 15,18 12,0x1B6AC 0x1B6AB,31 1F,21 1C,0x1B2E0 0x1B2E0,0x2A 0x2A,0x033 0x034,e2f0d9
0x9EB5 0x9EB6,996,문자,903,넘,0x9EB5~0x9EB6,0 1,00 D0,80 25,0x1B6AA 0x1B6A9,0B DC,8B 31,0x1B2E0 0x1B2E0,0x2A 0x2A,0x035 0x036,e9ae2b
0x9EB7 0x9EB8,997,문자,904,어,0x9EB7~0x9EB8,0 1,BE 90,00 70,0x1B6A8 0x1B6A7,CB 9E,0D 7E,0x1B2E0 0x1B2E0,0x2A 0x2A,0x037 0x038,e9ae2b
0x9EB9 0x9EBA,998,문자,905,␠,0x9EB9~0x9EBA,0 1,13 C0,18 12,0x1B6A6 0x1B6A5,22 D0,27 22,0x1B2E0 0x1B2E0,0x2A 0x2A,0x039 0x03A,e2f0d9
0x9EBB 0x9EBC,999,문자,906,보,0x9EBB~0x9EBC,0 1,18 C0,B0 3B,0x1B6A4 0x1B6A3,29 D2,C1 4D,0x1B2E0 0x1B2E0,0x2A 0x2A,0x03B 0x03C,e9ae2b
0x9EBD 0x9EBE,1000,문자,907,낸,0x9EBD~0x9EBE,0 1,EC 70,10 25,0x1B6A2 0x1B6A1,FF 84,23 39,0x1B2E0 0x1B2E0,0x2A 0x2A,0x03D 0x03E,e9ae2b
0x9EBF 0x9EC0,1001,문자,908,␠,0x9EBF~0x9EC0,0 1,19 00,18 12,0x1B6A0 0x1B69F,2E 16,2D 28,0x1B2E0 0x1B2E0,0x2A 0x2A,0x03F 0x040,e2f0d9
0x9EC1 0x9EC2,1002,문자,909,검,0x9EC1~0x9EC2,0 1,38 E0,D0 1D,0x1B69E 0x1B69D,4F F8,E7 35,0x1B2E0 0x1B2E0,0x2A 0x2A,0x041 0x042,e9ae2b
0x9EC3 0x9EC4,1003,문자,910,을,0x9EC3~0x9EC4,0 1,28 20,50 DE,0x1B69C 0x1B69B,41 3A,69 F8,0x1B2E0 0x1B2E0,0x2A 0x2A,0x043 0x044,e9ae2b
0x9EC5 0x9EC6,1004,문자,911,␠,0x9EC5~0x9EC6,0 1,39 B0,18 12,0x1B69A 0x1B699,54 CC,33 2E,0x1B2E0 0x1B2E0,0x2A 0x2A,0x045 0x046,e2f0d9
0x9EC7 0x9EC8,1005,문자,912,받,0x9EC7~0x9EC8,0 1,70 60,A0 39,0x1B698 0x1B697,8D 7E,BD 57,0x1B2E0 0x1B2E0,0x2A 0x2A,0x047 0x048,e9ae2b
0x9EC9 0x9ECA,1006,문자,913,아,0x9EC9~0x9ECA,0 1,28 20,00 56,0x1B696 0x1B695,47 40,1F 76,0x1B2E0 0x1B2E0,0x2A 0x2A,0x049 0x04A,e9ae2b
0x9ECB 0x9ECC,1007,문자,914,낼,0x9ECB~0x9ECC,0 1,38 F0,20 25,0x1B694 0x1B693,59 12,41 47,0x1B2E0 0x1B2E0,0x2A 0x2A,0x04B 0x04C,e9ae2b
0x9ECD 0x9ECE,1008,문자,915,␠,0x9ECD~0x9ECE,0 1,55 40,18 12,0x1B692 0x1B691,78 64,3B 36,0x1B2E0 0x1B2E0,0x2A 0x2A,0x04D 0x04E,e2f0d9
0x9ECF 0x9ED0,1009,문자,916,수,0x9ECF~0x9ED0,0 1,6A 00,30 3F,0x1B690 0x1B68F,8F 26,55 65,0x1B2E0 0x1B2E0,0x2A 0x2A,0x04F 0x050,e9ae2b
0x9ED1 0x9ED2,1010,문자,917,␠,0x9ED1~0x9ED2,0 1,28 80,18 12,0x1B68E 0x1B68D,4F A8,3F 3A,0x1B2E0 0x1B2E0,0x2A 0x2A,0x051 0x052,e2f0d9
0x9ED3 0x9ED4,1011,문자,918,있,0x9ED3~0x9ED4,0 1,28 40,F0 DE,0x1B68C 0x1B68B,51 6A,19 08,0x1B2E0 0x1B2E0,0x2A 0x2A,0x053 0x054,e9ae2b
0x9ED5 0x9ED6,1012,문자,919,었,0x9ED5~0x9ED6,0 1,18 60,00 7E,0x1B68A 0x1B689,43 8C,2B AA,0x1B2E0 0x1B2E0,0x2A 0x2A,0x055 0x056,e9ae2b
0x9ED7 0x9ED8,1013,문자,920,던,0x9ED7~0x9ED8,0 1,18 E0,D0 2D,0x1B688 0x1B687,45 0E,FD 5B,0x1B2E0 0x1B2E0,0x2A 0x2A,0x057 0x058,e9ae2b
0x9ED9 0x9EDA,1014,문자,921,␠,0x9ED9~0x9EDA,0 1,28 70,18 12,0x1B686 0x1B685,57 A0,47 42,0x1B2E0 0x1B2E0,0x2A 0x2A,0x059 0x05A,e2f0d9
0x9EDB 0x9EDC,1015,문자,922,건,0x9EDB~0x9EDC,0 1,28 90,B0 1D,0x1B684 0x1B683,59 C2,E1 4F,0x1B2E0 0x1B2E0,0x2A 0x2A,0x05B 0x05C,e9ae2b
0x9EDD 0x9EDE,1016,문자,923,、,0x9EDD~0x9EDE,0 1,19 B0,20 12,0x1B682 0x1B681,4C E4,53 46,0x1B2E0 0x1B2E0,0x2A 0x2A,0x05D 0x05E,e2f0d9
0x9EDF 0x9EE0,1017,문자,924,당,0x9EDF~0x9EE0,0 1,18 A0,90 2D,0x1B680 0x1B67F,4D D6,C5 63,0x1B2E0 0x1B2E0,0x2A 0x2A,0x05F 0x060,e9ae2b
0x9EE1 0x9EE2,1018,문자,925,신,0x9EE1~0x9EE2,0 1,12 90,D0 3F,0x1B67E 0x1B67D,49 C8,07 77,0x1B2E0 0x1B2E0,0x2A 0x2A,0x061 0x062,e9ae2b
0x9EE3 0x9EE4,1019,문자,926,이,0x9EE3~0x9EE4,0 1,12 19,90 DE,0x1B67C 0x1B67B,4B 53,C9 18,0x1B2E0 0x1B2E0,0x2A 0x2A,0x063 0x064,e9ae2b
0x9EE5 0x9EE6,1020,문자,927,␠,0x9EE5~0x9EE6,0 1,00 75,18 12,0x1B67A 0x1B679,3B B1,53 4E,0x1B2E0 0x1B2E0,0x2A 0x2A,0x065 0x066,e2f0d9
0x9EE7 0x9EE8,1021,문자,928,전,0x9EE7~0x9EE8,0 1,15 00,B0 DF,0x1B678 0x1B677,52 3E,ED 1D,0x1B2E0 0x1B2E0,0x2A 0x2A,0x067 0x068,e9ae2b
0x9EE9 0x9EEA,1022,문자,929,사,0x9EE9~0x9EEA,0 1,17 00,E0 3C,0x1B676 0x1B675,56 40,1F 7C,0x1B2E0 0x1B2E0,0x2A 0x2A,0x069 0x06A,e9ae2b
0x9EEB 0x9EEC,1023,문자,930,이,0x9EEB~0x9EEC,0 1,1A 00,90 DE,0x1B674 0x1B673,5B 42,D1 20,0x1B2E0 0x1B2E0,0x2A 0x2A,0x06B 0x06C,e9ae2b
0x9EED 0x9EEE,1024,문자,931,기,0x9EED~0x9EEE,0 1,04 16,B0 21,0x1B672 0x1B671,47 5A,F3 65,0x1B2E0 0x1B2E0,0x2A 0x2A,0x06D 0x06E,e9ae2b
0x9EEF 0x9EF0,1025,문자,932,␠,0x9EEF~0x9EF0,0 1,00 D0,18 12,0x1B670 0x1B66F,45 16,5D 58,0x1B2E0 0x1B2E0,0x2A 0x2A,0x06F 0x070,e2f0d9
0x9EF1 0x9EF2,1026,문자,933,때,0x9EF1~0x9EF2,0 1,19 20,80 30,0x1B66E 0x1B66D,60 68,C7 78,0x1B2E0 0x1B2E0,0x2A 0x2A,0x071 0x072,e9ae2b
0x9EF3 0x9EF4,1027,문자,934,문,0x9EF3~0x9EF4,0 1,12 12,B0 37,0x1B66C 0x1B66B,5B 5C,F9 81,0x1B2E0 0x1B2E0,0x2A 0x2A,0x073 0x074,e9ae2b
0x9EF5 0x9EF6,1028,문자,935,입,0x9EF5~0x9EF6,0 1,00 23,E0 DE,0x1B66A 0x1B669,4B 6F,2B 2A,0x1B2E0 0x1B2E0,0x2A 0x2A,0x075 0x076,e9ae2b
0x9EF7 0x9EF8,1029,문자,936,니,0x9EF7~0x9EF8,0 1,21 00,F0 25,0x1B668 0x1B667,6E 4E,3D 73,0x1B2E0 0x1B2E0,0x2A 0x2A,0x077 0x078,e9ae2b
0x9EF9 0x9EFA,1030,문자,937,다,0x9EF9~0x9EFA,0 1,D0 19,C0 27,0x1B666 0x1B665,1F 69,0F 77,0x1B2E0 0x1B2E0,0x2A 0x2A,0x079 0x07A,e9ae2b
0x9EFC,1031,문자,938,。,0x9EFB~0x9EFC,1,39,12,0x1B663,8B,64,0x1B2E0,0x2A,0x07C,e2f0d9
0x9EFD 0x9EFE,1032,제어,,,0x9EFD~0x9EFE,0 1,A0 28,15 00,0x1B662 0x1B661,F3 7C,68 54,0x1B2E0 0x1B2E0,0x2A 0x2A,0x07D 0x07E,fce4d6
0x9EFF 0x9F00,1033,문자,939,“,0x9EFF~0x9F00,0 1,60 F7,88 22,0x1B660 0x1B65F,B5 4D,DD 78,0x1B2E0 0x1B2E0,0x2A 0x2A,0x07F 0x080,e2f0d9
0x9F01 0x9F02,1034,문자,940,빛,0x9F01~0x9F02,0 1,00 B0,50 3C,0x1B65E 0x1B65D,57 08,A7 94,0x1B2E0 0x1B2E0,0x2A 0x2A,0x081 0x082,e9ae2b
0x9F03 0x9F04,1035,문자,941,”,0x9F03~0x9F04,0 1,30 28,98 22,0x1B65C 0x1B65B,89 82,F1 7C,0x1B2E0 0x1B2E0,0x2A 0x2A,0x083 0x084,e2f0d9
0x9F05 0x9F06,1036,문자,942,과,0x9F05~0x9F06,0 1,60 28,B0 20,0x1B65A 0x1B659,BB 84,0B 7C,0x1B2E0 0x1B2E0,0x2A 0x2A,0x085 0x086,e9ae2b
0x9F07 0x9F08,1037,문자,943,“,0x9F07~0x9F08,0 1,A0 28,88 22,0x1B658 0x1B657,FD 86,E5 80,0x1B2E0 0x1B2E0,0x2A 0x2A,0x087 0x088,e2f0d9
0x9F09 0x9F0A,1038,문자,944,어,0x9F09~0x9F0A,0 1,40 18,00 70,0x1B656 0x1B655,9F 78,5F D0,0x1B2E0 0x1B2E0,0x2A 0x2A,0x089 0x08A,e9ae2b
0x9F0B 0x9F0C,1039,문자,945,둠,0x9F0B~0x9F0C,0 1,F0 38,D0 2E,0x1B654 0x1B653,51 9A,31 90,0x1B2E0 0x1B2E0,0x2A 0x2A,0x08B 0x08C,e9ae2b
0x9F0D 0x9F0E,1040,문자,946,”,0x9F0D~0x9F0E,0 1,20 12,98 22,0x1B652 0x1B651,83 76,FB 86,0x1B2E0 0x1B2E0,0x2A 0x2A,0x08D 0x08E,e2f0d9
0x9F0F 0x9F10,1041,문자,947,이,0x9F0F~0x9F10,0 1,F0 19,90 DE,0x1B650 0x1B64F,55 7F,F5 44,0x1B2E0 0x1B2E0,0x2A 0x2A,0x08F 0x090,e9ae2b
0x9F11 0x9F12,1042,문자,948,␠,0x9F11~0x9F12,0 1,00 28,18 12,0x1B64E 0x1B64D,67 90,7F 7A,0x1B2E0 0x1B2E0,0x2A 0x2A,0x091 0x092,e2f0d9
0x9F13 0x9F14,1043,문자,949,균,0x9F13~0x9F14,0 1,12 00,40 21,0x1B64C 0x1B64B,7B 6A,A9 8B,0x1B2E0 0x1B2E0,0x2A 0x2A,0x093 0x094,e9ae2b
0x9F15 0x9F16,1044,문자,950,형,0x9F15~0x9F16,0 1,23 00,40 E4,0x1B64A 0x1B649,8E 6C,AB 50,0x1B2E0 0x1B2E0,0x2A 0x2A,0x095 0x096,e9ae2b
0x9F17 0x9F18,1045,문자,951,을,0x9F17~0x9F18,0 1,60 12,50 DE,0x1B648 0x1B647,CD 80,BD 4C,0x1B2E0 0x1B2E0,0x2A 0x2A,0x097 0x098,e9ae2b
0x9F19,1046,문자,952,␠,0x9F19~0x9F1A,0,60,18,0x1B646,CF,87,0x1B2E0,0x2A,0x099,e2f0d9
0x9F1B 0x9F1C,1047,문자,953,이,0x9F1B~0x9F1C,0 1,60 12,90 DE,0x1B644 0x1B643,D1 84,01 50,0x1B2E0 0x1B2E0,0x2A 0x2A,0x09B 0x09C,e9ae2b
0x9F1D 0x9F1E,1048,문자,954,룬,0x9F1D~0x9F1E,0 1,10 11,00 34,0x1B642 0x1B641,83 85,73 A8,0x1B2E0 0x1B2E0,0x2A 0x2A,0x09D 0x09E,e9ae2b
0x9F1F 0x9F20,1049,문자,955,␠,0x9F1F~0x9F20,0 1,10 11,18 12,0x1B640 0x1B63F,85 87,8D 88,0x1B2E0 0x1B2E0,0x2A 0x2A,0x09F 0x0A0,e2f0d9
0x9F21 0x9F22,1050,문자,956,가,0x9F21~0x9F22,0 1,10 11,A0 17,0x1B63E 0x1B63D,87 89,17 8F,0x1B2E0 0x1B2E0,0x2A 0x2A,0x0A1 0x0A2,e9ae2b
0x9F23 0x9F24,1051,문자,957,장,0x9F23~0x9F24,0 1,12 00,60 DF,0x1B63C 0x1B63B,8B 7A,D9 59,0x1B2E0 0x1B2E0,0x2A 0x2A,0x0A3 0x0A4,e9ae2b
0x9F25 0x9F26,1052,문자,958,␠,0x9F25~0x9F26,0 1,21 00,18 12,0x1B63A 0x1B639,9C 7C,93 8E,0x1B2E0 0x1B2E0,0x2A 0x2A,0x0A5 0x0A6,e2f0d9
0x9F27 0x9F28,1053,문자,959,자,0x9F27~0x9F28,0 1,F0 19,00 DF,0x1B638 0x1B637,6D 97,7D 5D,0x1B2E0 0x1B2E0,0x2A 0x2A,0x0A7 0x0A8,e9ae2b
0x9F29 0x9F2A,1054,문자,960,연,0x9F29~0x9F2A,0 1,00 28,70 9F,0x1B636 0x1B635,7F A8,EF 1F,0x1B2E0 0x1B2E0,0x2A 0x2A,0x0A9 0x0AA,e9ae2b
0x9F2B 0x9F2C,1055,문자,961,스,0x9F2B~0x9F2C,0 1,40 F6,70 3F,0x1B634 0x1B633,C1 78,F1 C1,0x1B2E0 0x1B2E0,0x2A 0x2A,0x0AB 0x0AC,e9ae2b
0x9F2D 0x9F2E,1056,문자,962,러,0x9F2D~0x9F2E,0 1,B0 28,40 31,0x1B632 0x1B631,33 AC,C3 B5,0x1B2E0 0x1B2E0,0x2A 0x2A,0x0AD 0x0AE,e9ae2b
0x9F30,1057,문자,963,운,0x9F2F~0x9F30,1,28,D1,0x1B62F,AE,57,0x1B2E0,0x2A,0x0B0,e9ae2b
0x9F31 0x9F32,1058,문자,964,␠,0x9F31~0x9F32,0 1,80 A9,18 12,0x1B62E 0x1B62D,07 31,9F 9A,0x1B2E0 0x1B2E0,0x2A 0x2A,0x0B1 0x0B2,e2f0d9
0x9F33 0x9F34,1059,문자,965,마,0x9F33~0x9F34,0 1,80 6F,B0 34,0x1B62C 0x1B62B,09 F9,39 BE,0x1B2E0 0x1B2E0,0x2A 0x2A,0x0B3 0x0B4,e9ae2b
0x9F35 0x9F36,1060,문자,966,음,0x9F35~0x9F36,0 1,A0 28,60 DE,0x1B62A 0x1B629,2B B4,EB 6A,0x1B2E0 0x1B2E0,0x2A 0x2A,0x0B5 0x0B6,e9ae2b
0x9F37 0x9F38,1061,문자,967,、,0x9F37~0x9F38,0 1,40 18,20 12,0x1B628 0x1B627,CD A6,AD A0,0x1B2E0 0x1B2E0,0x2A 0x2A,0x0B7 0x0B8,e2f0d9
0x9F39 0x9F3A,1062,문자,968,그,0x9F39~0x9F3A,0 1,70 28,50 21,0x1B626 0x1B625,FF B8,DF B1,0x1B2E0 0x1B2E0,0x2A 0x2A,0x0B9 0x0BA,e9ae2b
0x9F3B 0x9F3C,1063,문자,969,것,0x9F3B~0x9F3C,0 1,70 19,F0 1D,0x1B624 0x1B623,01 AB,81 AF,0x1B2E0 0x1B2E0,0x2A 0x2A,0x0BB 0x0BC,e9ae2b
0x9F3D 0x9F3E,1064,문자,970,이,0x9F3D~0x9F3E,0 1,70 38,90 DE,0x1B622 0x1B621,03 CC,23 72,0x1B2E0 0x1B2E0,0x2A 0x2A,0x0BD 0x0BE,e9ae2b
0x9F3F 0x9F40,1065,문자,971,␠,0x9F3F~0x9F40,0 1,60 18,18 12,0x1B620 0x1B61F,F5 AE,AD A8,0x1B2E0 0x1B2E0,0x2A 0x2A,0x0BF 0x0C0,e2f0d9
0x9F41 0x9F42,1066,문자,972,바,0x9F41~0x9F42,0 1,A0 12,80 39,0x1B61E 0x1B61D,37 AA,17 D1,0x1B2E0 0x1B2E0,0x2A 0x2A,0x0C1 0x0C2,e9ae2b
0x9F43 0x9F44,1067,문자,973,로,0x9F43~0x9F44,0 1,90 12,D0 31,0x1B61C 0x1B61B,29 AC,69 CB,0x1B2E0 0x1B2E0,0x2A 0x2A,0x0C3 0x0C4,e9ae2b
0x9F45 0x9F46,1068,문자,974,␠,0x9F45~0x9F46,0 1,19 00,18 12,0x1B61A 0x1B619,B4 9C,B3 AE,0x1B2E0 0x1B2E0,0x2A 0x2A,0x0C5 0x0C6,e2f0d9
0x9F47 0x9F48,1069,문자,975,그,0x9F47~0x9F48,0 1,74 15,50 21,0x1B618 0x1B617,11 B3,ED BF,0x1B2E0 0x1B2E0,0x2A 0x2A,0x0C7 0x0C8,e9ae2b
0x9F49 0x9F4A,1070,문자,976,␠,0x9F49~0x9F4A,0 1,00 17,18 12,0x1B616 0x1B615,9F B7,B7 B2,0x1B2E0 0x1B2E0,0x2A 0x2A,0x0C9 0x0CA,e2f0d9
0x9F4C,1071,문자,977,증,0x9F4B~0x9F4C,1,1A,E0,0x1B613,BC,82,0x1B2E0,0x2A,0x0CC,e9ae2b
0x9F4D 0x9F4E,1072,문자,978,거,0x9F4D~0x9F4E,0 1,00 04,90 1D,0x1B612 0x1B611,A3 A8,33 C1,0x1B2E0 0x1B2E0,0x2A 0x2A,0x0CD 0x0CE,e9ae2b
0x9F4F 0x9F50,1073,문자,979,입,0x9F4F~0x9F50,0 1,16 00,E0 DE,0x1B610 0x1B60F,BB A6,85 84,0x1B2E0 0x1B2E0,0x2A 0x2A,0x0CF 0x0D0,e9ae2b
0x9F51 0x9F52,1074,문자,980,니,0x9F51~0x9F52,0 1,A0 28,F0 25,0x1B60E 0x1B60D,47 D0,97 CD,0x1B2E0 0x1B2E0,0x2A 0x2A,0x0D1 0x0D2,e9ae2b
0x9F53 0x9F54,1075,문자,981,다,0x9F53~0x9F54,0 1,30 39,C0 27,0x1B60C 0x1B60B,D9 E3,69 D1,0x1B2E0 0x1B2E0,0x2A 0x2A,0x0D3 0x0D4,e9ae2b
0x9F55 0x9F56,1076,문자,982,。,0x9F55~0x9F56,0 1,80 28,30 12,0x1B60A 0x1B609,2B D4,DB BE,0x1B2E0 0x1B2E0,0x2A 0x2A,0x0D5 0x0D6,e2f0d9
0x9F57 0x9F58 0x9F59,1077,제어,,,0x9F57~0x9F59,0 1 2,40 18 60,19 00 75,0x1B608 0x1B607 0x1B606,ED C6 0F,C6 AE 24,0x1B2E0 0x1B2E0 0x1B2E0,0x2A 0x2A 0x2A,0x0D7 0x0D8 0x0D9,fce4d6
0x9F5A 0x9F5B,1078,제어,,,0x9F5A~0x9F5B,0 1,18 30,15 00,0x1B605 0x1B604,C8 E1,C5 B1,0x1B2E0 0x1B2E0,0x2A 0x2A,0x0DA 0x0DB,fce4d6
0x9F5C 0x9F5D,1079,제어,,,0x9F5C~0x9F5D,0 1,19 80,17 00,0x1B603 0x1B602,CB 33,C9 B3,0x1B2E0 0x1B2E0,0x2A 0x2A,0x0DC 0x0DD,fce4d6
0x9F5E 0x9F5F 0x9F60,1080,제어,,,0x9F5E~0x9F60,0 1 2,28 20 39,1A 00 04,0x1B601 0x1B600 0x1B5FF,DC D5 EF,CE B5 BA,0x1B2E0 0x1B2E0 0x1B2E0,0x2A 0x2A 0x2A,0x0DE 0x0DF 0x0E0,fce4d6
0x9F61 0x9F62,1081,제어,,,0x9F61~0x9F62,0 1,60 12,16 00,0x1B5FE 0x1B5FD,17 CA,CD B8,0x1B2E0 0x1B2E0,0x2A 0x2A,0x0E1 0x0E2,fce4d6
0x9F63 0x9F64,1082,문자,983,말,0x9F63~0x9F64,0 1,60 12,F0 34,0x1B5FC 0x1B5FB,19 CC,A9 EE,0x1B2E0 0x1B2E0,0x2A 0x2A,0x0E3 0x0E4,e9ae2b
0x9F65 0x9F66,1083,문자,984,도,0x9F65~0x9F66,0 1,60 12,20 2E,0x1B5FA 0x1B5F9,1B CE,DB EA,0x1B2E0 0x1B2E0,0x2A 0x2A,0x0E5 0x0E6,e9ae2b
0x9F67 0x9F68,1084,문자,985,␠,0x9F67~0x9F68,0 1,20 18,18 12,0x1B5F8 0x1B5F7,DD D6,D5 D0,0x1B2E0 0x1B2E0,0x2A 0x2A,0x0E7 0x0E8,e2f0d9
0x9F69 0x9F6A,1085,문자,986,안,0x9F69~0x9F6A,0 1,A0 28,00 5A,0x1B5F6 0x1B5F5,5F E8,BF 1A,0x1B2E0 0x1B2E0,0x2A 0x2A,0x0E9 0x0EA,e9ae2b
0x9F6B 0x9F6C,1086,문자,987,␠,0x9F6B~0x9F6C,0 1,F0 19,18 12,0x1B5F4 0x1B5F3,B1 DB,D9 D4,0x1B2E0 0x1B2E0,0x2A 0x2A,0x0EB 0x0EC,e2f0d9
0x9F6D 0x9F6E,1087,문자,988,돼,0x9F6D~0x9F6E,0 1,E0 29,60 2E,0x1B5F2 0x1B5F1,A3 ED,23 F2,0x1B2E0 0x1B2E0,0x2A 0x2A,0x0ED 0x0EE,e9ae2b
0x9F6F 0x9F70,1088,문자,989,、,0x9F6F~0x9F70,0 1,70 28,20 12,0x1B5F0 0x1B5EF,35 EE,E5 D8,0x1B2E0 0x1B2E0,0x2A 0x2A,0x0EF 0x0F0,e2f0d9
0x9F71 0x9F72 0x9F73 0x9F74 0x9F75,1089,제어,,,0x9F71~0x9F75,0 1 2 3 4,C0 18 D0 19 30,12 00 23 21 00,0x1B5EE 0x1B5ED 0x1B5EC 0x1B5EB 0x1B5EA,87 E0 99 E3 FB,D9 C8 EC EB CB,0x1B2E0 0x1B2E0 0x1B2E0 0x1B2E0 0x1B2E0,0x2A 0x2A 0x2A 0x2A 0x2A,0x0F1 0x0F2 0x0F3 0x0F4 0x0F5,fce4d6
0x9F76 0x9F77,1090,문자,990,난,0x9F76~0x9F77,0 1,39 A0,C0 24,0x1B5E9 0x1B5E8,05 6D,8C F1,0x1B2E0 0x1B2E0,0x2A 0x2A,0x0F6 0x0F7,e9ae2b
0x9F78 0x9F79,1091,문자,991,␠,0x9F78~0x9F79,0 1,28 60,18 12,0x1B5E7 0x1B5E6,F6 2F,E6 E1,0x1B2E0 0x1B2E0,0x2A 0x2A,0x0F8 0x0F9,e2f0d9
0x9F7A 0x9F7B,1092,문자,992,그,0x9F7A~0x9F7B,0 1,12 60,50 21,0x1B5E5 0x1B5E4,E2 31,20 F2,0x1B2E0 0x1B2E0,0x2A 0x2A,0x0FA 0x0FB,e9ae2b
0x9F7C 0x9F7D,1093,문자,993,런,0x9F7C~0x9F7D,0 1,12 60,50 31,0x1B5E3 0x1B5E2,E4 33,22 04,0x1B2E0 0x1B2E0,0x2A 0x2A,0x0FC 0x0FD,e9ae2b
0x9F7E 0x9F7F,1094,문자,994,␠,0x9F7E~0x9F7F,0 1,12 F0,18 12,0x1B5E1 0x1B5E0,E6 C6,EC E8,0x1B2E0 0x1B2E0,0x2A 0x2A,0x0FE 0x0FF,e2f0d9
0x9F80 0x9F81,1095,문자,995,사,0x9F80~0x9F81,0 1,C0 E0,E0 3C,0x1B5DF 0x1B5DE,97 B8,B7 14,0x1B2E0 0x1B2E0,0x2A 0x2A,0x100 0x101,e9ae2b
0x9F82 0x9F83,1096,문자,996,람,0x9F82~0x9F83,0 1,B6 B0,20 31,0x1B5DD 0x1B5DC,8F 8A,F9 0B,0x1B2E0 0x1B2E0,0x2A 0x2A,0x102 0x103,e9ae2b
0x9F84 0x9F85,1097,문자,997,이,0x9F84~0x9F85,0 1,28 40,90 DE,0x1B5DB 0x1B5DA,03 1C,6B BA,0x1B2E0 0x1B2E0,0x2A 0x2A,0x104 0x105,e9ae2b
0x9F86 0x9F87,1098,문자,998,␠,0x9F86~0x9F87,0 1,3B 70,18 12,0x1B5D9 0x1B5D8,18 4E,F5 F0,0x1B2E0 0x1B2E0,0x2A 0x2A,0x106 0x107,e2f0d9
0x9F88 0x9F89,1099,문자,999,아,0x9F88~0x9F89,0 1,1A B0,00 56,0x1B5D7 0x1B5D6,F9 90,DF 36,0x1B2E0 0x1B2E0,0x2A 0x2A,0x108 0x109,e9ae2b
0x9F8A 0x9F8B,1100,문자,1000,니,0x9F8A~0x9F8B,0 1,1A 30,F0 25,0x1B5D5 0x1B5D4,FB 12,D1 07,0x1B2E0 0x1B2E0,0x2A 0x2A,0x10A 0x10B,e9ae2b
0x9F8C 0x9F8D,1101,문자,1001,야,0x9F8C~0x9F8D,0 1,3B 60,00 6C,0x1B5D3 0x1B5D2,1E 44,E3 50,0x1B2E0 0x1B2E0,0x2A 0x2A,0x10C 0x10D,e9ae2b
0x9F8E 0x9F8F,1102,문자,1002,！,0x9F8E~0x9F8F,0 1,2A 30,A0 12,0x1B5D1 0x1B5D0,0F 16,85 F8,0x1B2E0 0x1B2E0,0x2A 0x2A,0x10E 0x10F,e2f0d9
0x9F90 0x9F91 0x9F92,1103,제어,,,0x9F90~0x9F92,0 1 2,1A E0 28,19 00 74,0x1B5CF 0x1B5CE 0x1B5CD,01 C8 11,00 E8 5D,0x1B2E0 0x1B2E0 0x1B2E0,0x2A 0x2A 0x2A,0x110 0x111 0x112,fce4d6
0x9F93 0x9F94,1104,제어,,,0x9F93~0x9F94,0 1,40 7F,15 00,0x1B5CC 0x1B5CB,2A 6A,FF EB,0x1B2E0 0x1B2E0,0x2A 0x2A,0x113 0x114,fce4d6
0x9F95 0x9F96,1105,제어,,,0x9F95~0x9F96,0 1,C0 18,17 00,0x1B5CA 0x1B5C9,AC 05,03 ED,0x1B2E0 0x1B2E0,0x2A 0x2A,0x115 0x116,fce4d6
0x9F97 0x9F98 0x9F99,1106,제어,,,0x9F97~0x9F99,0 1 2,20 18 B0,1A 00 04,0x1B5C8 0x1B5C7 0x1B5C6,0E 07 A0,08 EF F4,0x1B2E0 0x1B2E0 0x1B2E0,0x2A 0x2A 0x2A,0x117 0x118 0x119,fce4d6
0x9F9A 0x9F9B,1107,제어,,,0x9F9A~0x9F9B,0 1,38 A0,16 00,0x1B5C5 0x1B5C4,29 92,07 F2,0x1B2E0 0x1B2E0,0x2A 0x2A,0x11A 0x11B,fce4d6
0x9F9C 0x9F9D,1108,문자,1003,그,0x9F9C~0x9F9D,0 1,28 30,50 21,0x1B5C3 0x1B5C2,1B 24,43 15,0x1B2E0 0x1B2E0,0x2A 0x2A,0x11C 0x11D,e9ae2b
0x9F9E 0x9F9F,1109,문자,1004,럼,0x9F9E~0x9F9F,0 1,39 60,70 31,0x1B5C1 0x1B5C0,2E 56,65 27,0x1B2E0 0x1B2E0,0x2A 0x2A,0x11E 0x11F,e9ae2b
0x9FA0 0x9FA1,1110,문자,1005,、,0x9FA0~0x9FA1,0 1,28 60,20 12,0x1B5BF 0x1B5BE,1F 58,17 0A,0x1B2E0 0x1B2E0,0x2A 0x2A,0x120 0x121,e2f0d9
0x9FA2 0x9FA3,1111,문자,1006,당,0x9FA2~0x9FA3,0 1,12 60,90 2D,0x1B5BD 0x1B5BC,0B 5A,89 27,0x1B2E0 0x1B2E0,0x2A 0x2A,0x122 0x123,e9ae2b
0x9FA4 0x9FA5,1112,문자,1007,신,0x9FA4~0x9FA5,0 1,12 60,D0 3F,0x1B5BB 0x1B5BA,0D 5C,CB 3B,0x1B2E0 0x1B2E0,0x2A 0x2A,0x124 0x125,e9ae2b
0x9FA6 0x9FA7,1113,문자,1008,의,0x9FA6~0x9FA7,0 1,12 A0,80 DE,0x1B5B9 0x1B5B8,0F 9E,7D DC,0x1B2E0 0x1B2E0,0x2A 0x2A,0x126 0x127,e9ae2b
0x9FA8 0x9FA9,1114,문자,1009,␠,0x9FA8~0x9FA9,0 1,12 15,18 12,0x1B5B7 0x1B5B6,11 15,17 12,0x1B2E0 0x1B2E0,0x2A 0x2A,0x128 0x129,e2f0d9
0x9FAA 0x9FAB,1115,문자,1010,세,0x9FAA~0x9FAB,0 1,00 E0,A0 3D,0x1B5B5 0x1B5B4,01 E2,A1 3F,0x1B2E0 0x1B2E0,0x2A 0x2A,0x12A 0x12B,e9ae2b
0x9FAC 0x9FAD,1116,문자,1011,계,0x9FAC~0x9FAD,0 1,F1 30,70 20,0x1B5B3 0x1B5B2,F4 34,73 24,0x1B2E0 0x1B2E0,0x2A 0x2A,0x12C 0x12D,e9ae2b
0x9FAE 0x9FAF,1117,문자,1012,가,0x9FAE~0x9FAF,0 1,19 60,A0 17,0x1B5B1 0x1B5B0,1E 66,A5 1D,0x1B2E0 0x1B2E0,0x2A 0x2A,0x12E 0x12F,e9ae2b
0x9FB1,1118,문자,1013,␠,0x9FB0~0x9FB1,1,70,12,0x1B5AE,78,1A,0x1B2E0,0x2A,0x131,e2f0d9
0x9FB2 0x9FB3,1119,문자,1014,멸,0x9FB2~0x9FB3,0 1,28 F0,80 35,0x1B5AD 0x1B5AC,31 FA,89 3F,0x1B2E0 0x1B2E0,0x2A 0x2A,0x132 0x133,e9ae2b
0x9FB4 0x9FB5,1120,문자,1015,망,0x9FB4~0x9FB5,0 1,28 B0,00 35,0x1B5AB 0x1B5AA,33 BC,0B 41,0x1B2E0 0x1B2E0,0x2A 0x2A,0x134 0x135,e9ae2b
0x9FB6 0x9FB7,1121,문자,1016,해,0x9FB6~0x9FB7,0 1,E9 B0,B0 E3,0x1B5A9 0x1B5A8,F6 BE,BD F1,0x1B2E0 0x1B2E0,0x2A 0x2A,0x136 0x137,e9ae2b
0x9FB8 0x9FB9,1122,문자,1017,도,0x9FB8~0x9FB9,0 1,28 F0,20 2E,0x1B5A7 0x1B5A6,37 00,2F 3E,0x1B2E0 0x1B2E0,0x2A 0x2A,0x138 0x139,e9ae2b
0x9FBA 0x9FBB,1123,문자,1018,␠,0x9FBA~0x9FBB,0 1,C0 E0,18 12,0x1B5A5 0x1B5A4,D1 F2,29 24,0x1B2E0 0x1B2E0,0x2A 0x2A,0x13A 0x13B,e2f0d9
0x9FBC 0x9FBD,1124,문자,1019,괜,0x9FBC~0x9FBD,0 1,B6 C0,D0 20,0x1B5A3 0x1B5A2,C9 D4,E3 34,0x1B2E0 0x1B2E0,0x2A 0x2A,0x13C 0x13D,e9ae2b
0x9FBE 0x9FBF,1125,문자,1020,찮,0x9FBE~0x9FBF,0 1,18 20,C0 E0,0x1B5A1 0x1B5A0,2D 36,D5 F6,0x1B2E0 0x1B2E0,0x2A 0x2A,0x13E 0x13F,e9ae2b
0x9FC0 0x9FC1,1126,문자,1021,다,0x9FC0~0x9FC1,0 1,86 80,C0 27,0x1B59F 0x1B59E,9D 98,D7 3F,0x1B2E0 0x1B2E0,0x2A 0x2A,0x140 0x141,e9ae2b
0x9FC2 0x9FC3,1127,문자,1022,는,0x9FC2~0x9FC3,0 1,41 70,E0 25,0x1B59D 0x1B59C,5A 8A,F9 3F,0x1B2E0 0x1B2E0,0x2A 0x2A,0x142 0x143,e9ae2b
0x9FC4 0x9FC5,1128,문자,1023,␠,0x9FC4~0x9FC5,0 1,19 F0,18 12,0x1B59B 0x1B59A,34 0C,33 2E,0x1B2E0 0x1B2E0,0x2A 0x2A,0x144 0x145,e2f0d9
0x9FC6 0x9FC7,1129,문자,1024,겁,0x9FC6~0x9FC7,0 1,19 80,E0 1D,0x1B599 0x1B598,36 9E,FD 3B,0x1B2E0 0x1B2E0,0x2A 0x2A,0x146 0x147,e9ae2b
0x9FC8 0x9FC9,1130,문자,1025,니,0x9FC8~0x9FC9,0 1,28 40,F0 25,0x1B597 0x1B596,47 60,0F 45,0x1B2E0 0x1B2E0,0x2A 0x2A,0x148 0x149,e9ae2b
0x9FCA 0x9FCB,1131,문자,1026,까,0x9FCA~0x9FCB,0 1,18 60,F0 21,0x1B595 0x1B594,39 82,11 43,0x1B2E0 0x1B2E0,0x2A 0x2A,0x14A 0x14B,e9ae2b
0x9FCC 0x9FCD,1132,문자,1027,！,0x9FCC~0x9FCD,0 1,18 E0,A0 12,0x1B593 0x1B592,3B 04,C3 36,0x1B2E0 0x1B2E0,0x2A 0x2A,0x14C 0x14D,e2f0d9
0x9FCE 0x9FCF,1133,문자,1028,？,0x9FCE~0x9FCF,0 1,28 B0,90 12,0x1B591 0x1B590,4D D6,B5 38,0x1B2E0 0x1B2E0,0x2A 0x2A,0x14E 0x14F,e2f0d9
0x9FD0 0x9FD1,1134,문자,1029,␠,0x9FD0~0x9FD1,0 1,28 60,18 12,0x1B58F 0x1B58E,4F 88,3F 3A,0x1B2E0 0x1B2E0,0x2A 0x2A,0x150 0x151,e2f0d9
0x9FD2 0x9FD3,1135,문자,1030,전,0x9FD2~0x9FD3,0 1,12 60,B0 DF,0x1B58D 0x1B58C,3B 8A,D9 09,0x1B2E0 0x1B2E0,0x2A 0x2A,0x152 0x153,e9ae2b
0x9FD4 0x9FD5,1136,문자,1031,쟁,0x9FD4~0x9FD5,0 1,12 60,80 DF,0x1B58B 0x1B58A,3D 8C,AB 0B,0x1B2E0 0x1B2E0,0x2A 0x2A,0x154 0x155,e9ae2b
0x9FD6 0x9FD7,1137,문자,1032,이,0x9FD6~0x9FD7,0 1,12 D0,90 DE,0x1B589 0x1B588,3F FE,BD 0C,0x1B2E0 0x1B2E0,0x2A 0x2A,0x156 0x157,e9ae2b
0x9FD8 0x9FD9,1138,문자,1033,␠,0x9FD8~0x9FD9,0 1,19 E0,18 12,0x1B587 0x1B586,48 10,47 42,0x1B2E0 0x1B2E0,0x2A 0x2A,0x158 0x159,e2f0d9
0x9FDA 0x9FDB,1139,문자,1034,터,0x9FDA~0x9FDB,0 1,28 50,50 E2,0x1B585 0x1B584,59 82,81 14,0x1B2E0 0x1B2E0,0x2A 0x2A,0x15A 0x15B,e9ae2b
0x9FDC 0x9FDD,1140,문자,1035,지,0x9FDC~0x9FDD,0 1,FC 20,10 E0,0x1B583 0x1B582,2F 54,43 14,0x1B2E0 0x1B2E0,0x2A 0x2A,0x15C 0x15D,e9ae2b
0x9FDE 0x9FDF,1141,문자,1036,고,0x9FDE~0x9FDF,0 1,18 A0,80 20,0x1B581 0x1B580,4D D6,B5 56,0x1B2E0 0x1B2E0,0x2A 0x2A,0x15E 0x15F,e9ae2b
0x9FE0 0x9FE1,1142,문자,1037,、,0x9FE0~0x9FE1,0 1,28 F0,20 12,0x1B57F 0x1B57E,5F 28,57 4A,0x1B2E0 0x1B2E0,0x2A 0x2A,0x160 0x161,e2f0d9
0x9FE2 0x9FE3,1143,문자,1038,수,0x9FE2~0x9FE3,0 1,19 E0,30 3F,0x1B57D 0x1B57C,52 1A,69 79,0x1B2E0 0x1B2E0,0x2A 0x2A,0x162 0x163,e9ae2b
0x9FE4 0x9FE5,1144,문자,1039,많,0x9FE4~0x9FE5,0 1,29 70,E0 34,0x1B57B 0x1B57A,64 AC,1B 70,0x1B2E0 0x1B2E0,0x2A 0x2A,0x164 0x165,e9ae2b
0x9FE6 0x9FE7,1145,문자,1040,은,0x9FE6~0x9FE7,0 1,28 80,40 DE,0x1B579 0x1B578,65 BE,7D 1C,0x1B2E0 0x1B2E0,0x2A 0x2A,0x166 0x167,e9ae2b
0x9FE8 0x9FE9,1146,문자,1041,␠,0x9FE8~0x9FE9,0 1,4A B0,18 12,0x1B577 0x1B576,89 F0,57 52,0x1B2E0 0x1B2E0,0x2A 0x2A,0x168 0x169,e2f0d9
0x9FEA 0x9FEB,1147,제어,,,0x9FEA~0x9FEB,0 1,28 E0,15 00,0x1B575 0x1B574,69 22,56 42,0x1B2E0 0x1B2E0,0x2A 0x2A,0x16A 0x16B,fce4d6
0x9FEC 0x9FED,1148,문자,1042,사,0x9FEC~0x9FED,0 1,29 F0,E0 3C,0x1B573 0x1B572,6C 34,23 80,0x1B2E0 0x1B2E0,0x2A 0x2A,0x16C 0x16D,e9ae2b
0x9FEE 0x9FEF,1149,문자,1043,람,0x9FEE~0x9FEF,0 1,38 90,20 31,0x1B571 0x1B570,7D D6,65 77,0x1B2E0 0x1B2E0,0x2A 0x2A,0x16E 0x16F,e9ae2b
0x9FF0 0x9FF1,1150,문자,1044,들,0x9FF0~0x9FF1,0 1,19 F0,10 30,0x1B56F 0x1B56E,60 38,57 78,0x1B2E0 0x1B2E0,0x2A 0x2A,0x170 0x171,e9ae2b
0x9FF2 0x9FF3,1151,문자,1045,이,0x9FF2~0x9FF3,0 1,38 10,90 DE,0x1B56D 0x1B56C,81 5A,D9 28,0x1B2E0 0x1B2E0,0x2A 0x2A,0x172 0x173,e9ae2b
0x9FF4 0x9FF5,1152,문자,1046,␠,0x9FF4~0x9FF5,0 1,19 B0,18 12,0x1B56B 0x1B56A,64 FC,63 5E,0x1B2E0 0x1B2E0,0x2A 0x2A,0x174 0x175,e2f0d9
0x9FF6 0x9FF7,1153,문자,1047,고,0x9FF6~0x9FF7,0 1,28 F0,80 20,0x1B569 0x1B568,75 3E,CD 6E,0x1B2E0 0x1B2E0,0x2A 0x2A,0x176 0x177,e9ae2b
0x9FF8 0x9FF9,1154,문자,1048,통,0x9FF8~0x9FF9,0 1,28 40,80 E2,0x1B567 0x1B566,77 90,CF 32,0x1B2E0 0x1B2E0,0x2A 0x2A,0x178 0x179,e9ae2b
0x9FFA 0x9FFB,1155,문자,1049,받,0x9FFA~0x9FFB,0 1,18 D0,A0 39,0x1B565 0x1B564,69 22,F1 8B,0x1B2E0 0x1B2E0,0x2A 0x2A,0x17A 0x17B,e9ae2b
0x9FFC 0x9FFD,1156,문자,1050,는,0x9FFC~0x9FFD,0 1,18 E0,E0 25,0x1B563 0x1B562,6B 34,33 79,0x1B2E0 0x1B2E0,0x2A 0x2A,0x17C 0x17D,e9ae2b
0x9FFE 0x9FFF,1157,문자,1051,␠,0x9FFE~0x9FFF,0 1,29 B0,18 12,0x1B561 0x1B560,7E 06,6D 68,0x1B2E0 0x1B2E0,0x2A 0x2A,0x17E 0x17F,e2f0d9
0xA000 0xA001,1158,문자,1052,것,0xA000~0xA001,0 1,19 30,F0 1D,0x1B55F 0x1B55E,70 88,47 75,0x1B2E0 0x1B2E0,0x2A 0x2A,0x180 0x181,e9ae2b
0xA002 0xA003,1159,문자,1053,을,0xA002~0xA003,0 1,39 30,50 DE,0x1B55D 0x1B55C,92 8A,A9 38,0x1B2E0 0x1B2E0,0x2A 0x2A,0x182 0x183,e9ae2b
0xA004 0xA005,1160,문자,1054,␠,0xA004~0xA005,0 1,12 19,18 12,0x1B55B 0x1B55A,6D 75,73 6E,0x1B2E0 0x1B2E0,0x2A 0x2A,0x184 0x185,e2f0d9
0xA006 0xA007,1161,문자,1055,보,0xA006~0xA007,0 1,00 75,B0 3B,0x1B559 0x1B558,5D D3,0D 99,0x1B2E0 0x1B2E0,0x2A 0x2A,0x186 0x187,e9ae2b
0xA008 0xA009,1162,문자,1056,아,0xA008~0xA009,0 1,15 00,00 56,0x1B557 0x1B556,74 60,5F B6,0x1B2E0 0x1B2E0,0x2A 0x2A,0x188 0x189,e9ae2b
0xA00A 0xA00B,1163,문자,1057,도,0xA00A~0xA00B,0 1,17 00,20 2E,0x1B555 0x1B554,78 62,81 90,0x1B2E0 0x1B2E0,0x2A 0x2A,0x18A 0x18B,e9ae2b
0xA00C 0xA00D,1164,문자,1058,␠,0xA00C~0xA00D,0 1,1A 00,18 12,0x1B553 0x1B552,7D 64,7B 76,0x1B2E0 0x1B2E0,0x2A 0x2A,0x18C 0x18D,e2f0d9
0xA00E 0xA00F,1165,문자,1059,아,0xA00E~0xA00F,0 1,04 16,00 56,0x1B551 0x1B550,69 7C,65 BC,0x1B2E0 0x1B2E0,0x2A 0x2A,0x18E 0x18F,e9ae2b
0xA011,1166,문자,1060,무,0xA010~0xA011,1,60,36,0x1B54E,C8,9E,0x1B2E0,0x2A,0x191,e9ae2b
0xA012 0xA013,1167,문자,1061,렇,0xA012~0xA013,0 1,12 60,90 31,0x1B54D 0x1B54C,7B CA,F9 9B,0x1B2E0 0x1B2E0,0x2A 0x2A,0x192 0x193,e9ae2b
0xA014 0xA015,1168,문자,1062,지,0xA014~0xA015,0 1,12 60,10 E0,0x1B54B 0x1B54A,7D CC,7B 4C,0x1B2E0 0x1B2E0,0x2A 0x2A,0x194 0x195,e9ae2b
0xA016,1169,문자,1063,␠,0xA016~0xA017,0,12,18,0x1B549,7F,85,0x1B2E0,0x2A,0x196,e2f0d9
0xA019,1170,문자,1064,않,0xA018~0xA019,1,23,5E,0x1B546,93,CE,0x1B2E0,0x2A,0x199,e9ae2b
0xA01A 0xA01B,1171,문자,1065,다,0xA01A~0xA01B,0 1,21 00,C0 27,0x1B545 0x1B544,92 72,31 99,0x1B2E0 0x1B2E0,0x2A 0x2A,0x19A 0x19B,e9ae2b
0xA01C 0xA01D,1172,문자,1066,는,0xA01C~0xA01D,0 1,F0 65,E0 25,0x1B543 0x1B542,63 D9,53 99,0x1B2E0 0x1B2E0,0x2A 0x2A,0x19C 0x19D,e9ae2b
0xA01E 0xA01F,1173,문자,1067,␠,0xA01E~0xA01F,0 1,20 39,18 12,0x1B541 0x1B540,95 AF,8D 88,0x1B2E0 0x1B2E0,0x2A 0x2A,0x19E 0x19F,e2f0d9
0xA020 0xA021,1174,문자,1068,겁,0xA020~0xA021,0 1,90 19,E0 1D,0x1B53F 0x1B53E,07 91,57 95,0x1B2E0 0x1B2E0,0x2A 0x2A,0x1A0 0x1A1,e9ae2b
0xA022 0xA023,1175,문자,1069,니,0xA022~0xA023,0 1,B0 38,F0 25,0x1B53D 0x1B53C,29 B2,69 9F,0x1B2E0 0x1B2E0,0x2A 0x2A,0x1A2 0x1A3,e9ae2b
0xA024 0xA025,1176,문자,1070,까,0xA024~0xA025,0 1,40 6A,F0 21,0x1B53B 0x1B53A,BB E6,6B 9D,0x1B2E0 0x1B2E0,0x2A 0x2A,0x1A4 0x1A5,e9ae2b
0xA026,1177,문자,1071,！,0xA026~0xA027,0,60,A0,0x1B539,DD,1D,0x1B2E0,0x2A,0x1A6,e2f0d9
0xA028,1178,문자,1072,？,0xA028~0xA029,0,60,90,0x1B537,DF,0F,0x1B2E0,0x2A,0x1A8,e2f0d9
0xA02A 0xA02B 0xA02C,1179,제어,,,0xA02A~0xA02C,0 1 2,60 12 12,19 00 75,0x1B535 0x1B534 0x1B533,E1 94 95,9A 82 F8,0x1B2E0 0x1B2E0 0x1B2E0,0x2A 0x2A 0x2A,0x1AA 0x1AB 0x1AC,fce4d6
0xA02D 0xA02E,1180,제어,,,0xA02D~0xA02E,0 1,00 23,15 00,0x1B532 0x1B531,84 A8,99 85,0x1B2E0 0x1B2E0,0x2A 0x2A,0x1AD 0x1AE,fce4d6
0xA02F,1181,제어,,,0xA02F~0xA030,0,21,17,0x1B530,A7,9D,0x1B2E0,0x2A,0x1AF,fce4d6
0xA031 0xA032 0xA033,1182,제어,,,0xA031~0xA033,0 1 2,A0 12 90,1A 00 04,0x1B52E 0x1B52D 0x1B52C,28 9B 1A,A2 89 8E,0x1B2E0 0x1B2E0 0x1B2E0,0x2A 0x2A 0x2A,0x1B1 0x1B2 0x1B3,fce4d6
0xA034 0xA035,1183,제어,,,0xA034~0xA035,0 1,12 19,16 00,0x1B52B 0x1B52A,9D A5,A1 8C,0x1B2E0 0x1B2E0,0x2A 0x2A,0x1B4 0x1B5,fce4d6
0xA036 0xA037,1184,문자,1073,그,0xA036~0xA037,0 1,00 65,50 21,0x1B529 0x1B528,8D F3,DD AF,0x1B2E0 0x1B2E0,0x2A 0x2A,0x1B6 0x1B7,e9ae2b
0xA038 0xA039,1185,문자,1074,、,0xA038~0xA039,0 1,15 00,20 12,0x1B527 0x1B526,A4 90,AF A2,0x1B2E0 0x1B2E0,0x2A 0x2A,0x1B8 0x1B9,e2f0d9
0xA03A 0xA03C 0xA03D,1186,제어,,,0xA03A~0xA03E,0 2 3,17 14 00,12 23 21,0x1B525 0x1B523 0x1B522,A8 A7 94,A3 B6 B5,0x1B2E0 0x1B2E0 0x1B2E0,0x2A 0x2A 0x2A,0x1BA 0x1BC 0x1BD,fce4d6
0xA03F 0xA040,1187,문자,1075,그,0xA03F~0xA040,0 1,27 80,50 21,0x1B520 0x1B51F,BD 17,E6 B8,0x1B2E0 0x1B2E0,0x2A 0x2A,0x1BF 0x1C0,e9ae2b
0xA041 0xA042,1188,문자,1076,런,0xA041~0xA042,0 1,1A 00,50 31,0x1B51E 0x1B51D,B2 99,E8 CA,0x1B2E0 0x1B2E0,0x2A 0x2A,0x1C1 0x1C2,e9ae2b
0xA043 0xA044,1189,문자,1077,␠,0xA043~0xA044,0 1,02 16,18 12,0x1B51C 0x1B51B,9C B1,B2 AD,0x1B2E0 0x1B2E0,0x2A 0x2A,0x1C3 0x1C4,e2f0d9
0xA045 0xA046,1190,문자,1078,말,0xA045~0xA046,0 1,00 1B,F0 34,0x1B51A 0x1B519,9C B8,8C D1,0x1B2E0 0x1B2E0,0x2A 0x2A,0x1C5 0x1C6,e9ae2b
0xA047 0xA048,1191,문자,1079,␠,0xA047~0xA048,0 1,00 02,18 12,0x1B518 0x1B517,9E A1,B6 B1,0x1B2E0 0x1B2E0,0x2A 0x2A,0x1C7 0x1C8,e2f0d9
0xA049 0xA04A,1192,문자,1080,한,0xA049~0xA04A,0 1,14 00,70 E3,0x1B516 0x1B515,B4 A1,10 84,0x1B2E0 0x1B2E0,0x2A 0x2A,0x1C9 0x1CA,e9ae2b
0xA04B 0xA04C,1193,문자,1081,␠,0xA04B~0xA04C,0 1,01 73,18 12,0x1B514 0x1B513,A3 16,BA B5,0x1B2E0 0x1B2E0,0x2A 0x2A,0x1CB 0x1CC,e2f0d9
0xA04D 0xA04E,1194,문자,1082,적,0xA04D~0xA04E,0 1,75 70,A0 DF,0x1B512 0x1B511,19 15,44 84,0x1B2E0 0x1B2E0,0x2A 0x2A,0x1CD 0x1CE,e9ae2b
0xA04F 0xA050,1195,문자,1083,␠,0xA04F~0xA050,0 1,72 77,18 12,0x1B510 0x1B50F,18 1E,BE B9,0x1B2E0 0x1B2E0,0x2A 0x2A,0x1CF 0x1D0,e2f0d9
0xA051 0xA052,1196,문자,1084,없,0xA051~0xA052,0 1,76 73,00 7C,0x1B50E 0x1B50D,1E 1C,A8 25,0x1B2E0 0x1B2E0,0x2A 0x2A,0x1D1 0x1D2,e9ae2b
0xA053 0xA054,1197,문자,1085,어,0xA053~0xA054,0 1,75 71,00 70,0x1B50C 0x1B50B,1F 1C,AA 1B,0x1B2E0 0x1B2E0,0x2A 0x2A,0x1D3 0x1D4,e9ae2b
0xA055 0xA056,1198,문자,1086,、,0xA055~0xA056,0 1,73 72,20 12,0x1B50A 0x1B509,1F 1F,CC BF,0x1B2E0 0x1B2E0,0x2A 0x2A,0x1D5 0x1D6,e2f0d9
0xA057 0xA058,1199,문자,1087,그,0xA057~0xA058,0 1,77 74,50 21,0x1B508 0x1B507,25 23,FE D0,0x1B2E0 0x1B2E0,0x2A 0x2A,0x1D7 0x1D8,e9ae2b
0xA059 0xA05A,1200,문자,1088,냥,0xA059~0xA05A,0 1,70 76,40 25,0x1B506 0x1B505,20 27,F0 D6,0x1B2E0 0x1B2E0,0x2A 0x2A,0x1D9 0x1DA,e9ae2b
0xA05B 0xA05C 0xA05D 0xA05E,1201,제어,,,0xA05B~0xA05E,0 1 2 3,71 72 75 73,12 00 23 00,0x1B504 0x1B503 0x1B502 0x1B501,23 25 29 28,C4 B3 D7 B5,0x1B2E0 0x1B2E0 0x1B2E0 0x1B2E0,0x2A 0x2A 0x2A 0x2A,0x1DB 0x1DC 0x1DD 0x1DE,fce4d6
0xA05F 0xA060,1202,문자,1089,・,0xA05F~0xA060,0 1,77 80,60 12,0x1B500 0x1B4FF,2D 37,16 C9,0x1B2E0 0x1B2E0,0x2A 0x2A,0x1DF 0x1E0,e2f0d9
0xA061 0xA062,1203,문자,1090,・,0xA061~0xA062,0 1,14 00,60 12,0x1B4FE 0x1B4FD,CC B9,18 CB,0x1B2E0 0x1B2E0,0x2A 0x2A,0x1E1 0x1E2,e2f0d9
0xA063 0xA064,1204,문자,1091,・,0xA063~0xA064,0 1,01 73,60 12,0x1B4FC 0x1B4FB,BB 2E,1A CD,0x1B2E0 0x1B2E0,0x2A 0x2A,0x1E3 0x1E4,e2f0d9
0xA065 0xA066,1205,제어,,,0xA065~0xA066,0 1,75 70,10 11,0x1B4FA 0x1B4F9,31 2D,CC CE,0x1B2E0 0x1B2E0,0x2A 0x2A,0x1E5 0x1E6,fce4d6
0xA067 0xA068,1206,제어,,,0xA067~0xA068,0 1,72 77,10 11,0x1B4F8 0x1B4F7,30 36,CE D0,0x1B2E0 0x1B2E0,0x2A 0x2A,0x1E7 0x1E8,fce4d6
0xA069 0xA06A,1207,제어,,,0xA069~0xA06A,0 1,76 73,10 11,0x1B4F6 0x1B4F5,36 34,D0 D2,0x1B2E0 0x1B2E0,0x2A 0x2A,0x1E9 0x1EA,fce4d6
0xA06B 0xA06C 0xA06D 0xA06E,1208,제어,,,0xA06B~0xA06E,0 1 2 3,75 71 73 72,12 00 21 00,0x1B4F4 0x1B4F3 0x1B4F2 0x1B4F1,37 34 37 37,D4 C3 E5 C5,0x1B2E0 0x1B2E0 0x1B2E0 0x1B2E0,0x2A 0x2A 0x2A 0x2A,0x1EB 0x1EC 0x1ED 0x1EE,fce4d6
0xA06F 0xA070,1209,문자,1092,␠,0xA06F~0xA070,0 1,77 74,18 12,0x1B4F0 0x1B4EF,3D 3B,DE D9,0x1B2E0 0x1B2E0,0x2A 0x2A,0x1EF 0x1F0,e2f0d9
0xA071 0xA072,1210,문자,1093,그,0xA071~0xA072,0 1,70 76,50 21,0x1B4EE 0x1B4ED,38 3F,18 EA,0x1B2E0 0x1B2E0,0x2A 0x2A,0x1F1 0x1F2,e9ae2b
0xA073 0xA074,1211,문자,1094,냥,0xA073~0xA074,0 1,71 72,40 25,0x1B4EC 0x1B4EB,3B 3D,0A F0,0x1B2E0 0x1B2E0,0x2A 0x2A,0x1F3 0x1F4,e9ae2b
0xA075 0xA076,1212,문자,1095,␠,0xA075~0xA076,0 1,75 73,18 12,0x1B4EA 0x1B4E9,41 40,E4 DF,0x1B2E0 0x1B2E0,0x2A 0x2A,0x1F5 0x1F6,e2f0d9
0xA077 0xA078,1213,문자,1096,나,0xA077~0xA078,0 1,77 80,B0 24,0x1B4E8 0x1B4E7,45 4F,7E F3,0x1B2E0 0x1B2E0,0x2A 0x2A,0x1F7 0x1F8,e9ae2b
0xA079 0xA07A,1214,문자,1097,와,0xA079~0xA07A,0 1,14 00,E0 9F,0x1B4E6 0x1B4E5,E4 D1,B0 70,0x1B2E0 0x1B2E0,0x2A 0x2A,0x1F9 0x1FA,e9ae2b
0xA07B 0xA07C,1215,문자,1098,는,0xA07B~0xA07C,0 1,01 73,E0 25,0x1B4E4 0x1B4E3,D3 46,B2 F8,0x1B2E0 0x1B2E0,0x2A 0x2A,0x1FB 0x1FC,e9ae2b
0xA07D 0xA07E,1216,문자,1099,␠,0xA07D~0xA07E,0 1,75 70,18 12,0x1B4E2 0x1B4E1,49 45,EC E7,0x1B2E0 0x1B2E0,0x2A 0x2A,0x1FD 0x1FE,e2f0d9
0xA07F 0xA080,1217,문자,1100,상,0xA07F~0xA080,0 1,72 77,20 3D,0x1B4E0 0x1B4DF,49 4F,F7 15,0x1B2E0 0x1B2E0,0x2A 0x2A,0x1FF 0x200,e9ae2b
0xA081 0xA082,1218,문자,1101,관,0xA081~0xA082,0 1,76 73,C0 20,0x1B4DE 0x1B4DD,4F 4D,99 FA,0x1B2E0 0x1B2E0,0x2A 0x2A,0x201 0x202,e9ae2b
0xA083 0xA084,1219,문자,1102,없,0xA083~0xA084,0 1,75 71,00 7C,0x1B4DC 0x1B4DB,50 4D,DB 58,0x1B2E0 0x1B2E0,0x2A 0x2A,0x203 0x204,e9ae2b
0xA085 0xA086,1220,문자,1103,는,0xA085~0xA086,0 1,73 72,E0 25,0x1B4DA 0x1B4D9,50 50,BD 03,0x1B2E0 0x1B2E0,0x2A 0x2A,0x205 0x206,e9ae2b
0xA087 0xA088,1221,문자,1104,␠,0xA087~0xA088,0 1,77 74,18 12,0x1B4D8 0x1B4D7,56 54,F7 F2,0x1B2E0 0x1B2E0,0x2A 0x2A,0x207 0x208,e2f0d9
0xA089 0xA08A,1222,문자,1105,일,0xA089~0xA08A,0 1,70 76,B0 DE,0x1B4D6 0x1B4D5,51 58,91 C0,0x1B2E0 0x1B2E0,0x2A 0x2A,0x209 0x20A,e9ae2b
0xA08B 0xA08C,1223,문자,1106,이,0xA08B~0xA08C,0 1,71 72,90 DE,0x1B4D4 0x1B4D3,54 56,73 C2,0x1B2E0 0x1B2E0,0x2A 0x2A,0x20B 0x20C,e9ae2b
0xA08D 0xA08E,1224,문자,1107,잖,0xA08D~0xA08E,0 1,75 73,30 DF,0x1B4D2 0x1B4D1,5A 59,15 C5,0x1B2E0 0x1B2E0,0x2A 0x2A,0x20D 0x20E,e9ae2b
0xA08F 0xA090,1225,문자,1108,아,0xA08F~0xA090,0 1,77 80,00 56,0x1B4D0 0x1B4CF,5E 68,E7 3E,0x1B2E0 0x1B2E0,0x2A 0x2A,0x20F 0x210,e9ae2b
0xA091 0xA092,1226,문자,1109,！,0xA091~0xA092,0 1,14 00,A0 12,0x1B4CE 0x1B4CD,FD EA,89 FC,0x1B2E0 0x1B2E0,0x2A 0x2A,0x211 0x212,e2f0d9
0xA093 0xA094,1227,문자,1110,？,0xA093~0xA094,0 1,01 73,90 12,0x1B4CC 0x1B4CB,EC 5F,7B FE,0x1B2E0 0x1B2E0,0x2A 0x2A,0x213 0x214,e2f0d9
0xA095 0xA096 0xA097,1228,제어,,,0xA095~0xA097,0 1 2,75 70 72,19 00 74,0x1B4CA 0x1B4C9 0x1B4C8,62 5E 61,06 EE 63,0x1B2E0 0x1B2E0 0x1B2E0,0x2A 0x2A 0x2A,0x215 0x216 0x217,fce4d6
0xA098 0xA099,1229,제어,,,0xA098~0xA099,0 1,77 76,15 00,0x1B4C7 0x1B4C6,67 67,05 F1,0x1B2E0 0x1B2E0,0x2A 0x2A,0x218 0x219,fce4d6
0xA09A 0xA09B,1230,제어,,,0xA09A~0xA09B,0 1,73 75,17 00,0x1B4C5 0x1B4C4,65 68,09 F3,0x1B2E0 0x1B2E0,0x2A 0x2A,0x21A 0x21B,fce4d6
0xA09C 0xA09D 0xA09E,1231,제어,,,0xA09C~0xA09E,0 1 2,71 73 72,1A 00 04,0x1B4C3 0x1B4C2 0x1B4C1,65 68 68,0E F5 FA,0x1B2E0 0x1B2E0 0x1B2E0,0x2A 0x2A 0x2A,0x21C 0x21D 0x21E,fce4d6
0xA09F 0xA0A0,1232,제어,,,0xA09F~0xA0A0,0 1,77 74,16 00,0x1B4C0 0x1B4BF,6E 6C,0D F8,0x1B2E0 0x1B2E0,0x2A 0x2A,0x21F 0x220,fce4d6
0xA0A1 0xA0A2,1233,문자,1111,어,0xA0A1~0xA0A2,0 1,70 76,00 70,0x1B4BE 0x1B4BD,69 70,F9 6A,0x1B2E0 0x1B2E0,0x2A 0x2A,0x221 0x222,e9ae2b
0xA0A3 0xA0A4,1234,문자,1112,떻,0xA0A3~0xA0A4,0 1,71 72,B0 30,0x1B4BC 0x1B4BB,6C 6E,AB 2C,0x1B2E0 0x1B2E0,0x2A 0x2A,0x223 0x224,e9ae2b
0xA0A5 0xA0A6,1235,문자,1113,게,0xA0A5~0xA0A6,0 1,75 73,00 20,0x1B4BA 0x1B4B9,72 71,FD 1E,0x1B2E0 0x1B2E0,0x2A 0x2A,0x225 0x226,e9ae2b
0xA0A7 0xA0A8,1236,문자,1114,␠,0xA0A7~0xA0A8,0 1,77 80,18 12,0x1B4B8 0x1B4B7,76 80,17 12,0x1B2E0 0x1B2E0,0x2A 0x2A,0x227 0x228,e2f0d9
0xA0A9 0xA0AA,1237,문자,1115,그,0xA0A9~0xA0AA,0 1,14 00,50 21,0x1B4B6 0x1B4B5,15 02,51 23,0x1B2E0 0x1B2E0,0x2A 0x2A,0x229 0x22A,e9ae2b
0xA0AB 0xA0AC,1238,문자,1116,런,0xA0AB~0xA0AC,0 1,01 73,50 31,0x1B4B4 0x1B4B3,04 77,53 35,0x1B2E0 0x1B2E0,0x2A 0x2A,0x22B 0x22C,e9ae2b
0xA0AD 0xA0AE,1239,문자,1117,␠,0xA0AD~0xA0AE,0 1,75 70,18 12,0x1B4B2 0x1B4B1,7A 76,1D 18,0x1B2E0 0x1B2E0,0x2A 0x2A,0x22D 0x22E,e2f0d9
0xA0AF 0xA0B0,1240,문자,1118,말,0xA0AF~0xA0B0,0 1,72 77,F0 34,0x1B4B0 0x1B4AF,79 7F,F7 3C,0x1B2E0 0x1B2E0,0x2A 0x2A,0x22F 0x230,e9ae2b
0xA0B1 0xA0B2,1241,문자,1119,을,0xA0B1~0xA0B2,0 1,76 73,50 DE,0x1B4AE 0x1B4AD,7F 7D,59 E8,0x1B2E0 0x1B2E0,0x2A 0x2A,0x231 0x232,e9ae2b
0xA0B3 0xA0B4,1242,문자,1120,・,0xA0B3~0xA0B4,0 1,75 71,60 12,0x1B4AC 0x1B4AB,80 7D,6B 1E,0x1B2E0 0x1B2E0,0x2A 0x2A,0x233 0x234,e2f0d9
0xA0B5 0xA0B6,1243,문자,1121,・,0xA0B5~0xA0B6,0 1,73 72,60 12,0x1B4AA 0x1B4A9,80 80,6D 20,0x1B2E0 0x1B2E0,0x2A 0x2A,0x235 0x236,e2f0d9
0xA0B7 0xA0B8,1244,문자,1122,・,0xA0B7~0xA0B8,0 1,77 74,60 12,0x1B4A8 0x1B4A7,86 84,6F 22,0x1B2E0 0x1B2E0,0x2A 0x2A,0x237 0x238,e2f0d9
0xA0B9 0xA0BA,1245,문자,1123,␠,0xA0B9~0xA0BA,0 1,70 76,18 12,0x1B4A6 0x1B4A5,81 88,29 24,0x1B2E0 0x1B2E0,0x2A 0x2A,0x239 0x23A,e2f0d9
0xA0BB 0xA0BC,1246,문자,1124,당,0xA0BB~0xA0BC,0 1,71 72,90 2D,0x1B4A4 0x1B4A3,84 86,A3 41,0x1B2E0 0x1B2E0,0x2A 0x2A,0x23B 0x23C,e9ae2b
0xA0BD 0xA0BE,1247,문자,1125,신,0xA0BD~0xA0BE,0 1,75 73,D0 3F,0x1B4A2 0x1B4A1,8A 89,E5 55,0x1B2E0 0x1B2E0,0x2A 0x2A,0x23D 0x23E,e9ae2b
0xA0BF 0xA0C0,1248,문자,1126,마,0xA0BF~0xA0C0,0 1,77 80,B0 34,0x1B4A0 0x1B49F,8E 98,C7 4C,0x1B2E0 0x1B2E0,0x2A 0x2A,0x23F 0x240,e9ae2b
0xA0C1 0xA0C2,1249,문자,1127,저,0xA0C1~0xA0C2,0 1,19 00,90 DF,0x1B49E 0x1B49D,32 1A,A9 F9,0x1B2E0 0x1B2E0,0x2A 0x2A,0x241 0x242,e9ae2b
0xA0C3 0xA0C4,1250,문자,1128,␠,0xA0C3~0xA0C4,0 1,66 D8,18 12,0x1B49C 0x1B49B,81 F4,33 2E,0x1B2E0 0x1B2E0,0x2A 0x2A,0x243 0x244,e2f0d9
0xA0C5 0xA0C6,1251,문자,1129,그,0xA0C5~0xA0C6,0 1,1A 38,50 21,0x1B49A 0x1B499,37 56,6D 3F,0x1B2E0 0x1B2E0,0x2A 0x2A,0x245 0x246,e9ae2b
0xA0C7 0xA0C8,1252,문자,1130,런,0xA0C7~0xA0C8,0 1,3A 28,50 31,0x1B498 0x1B497,59 48,6F 51,0x1B2E0 0x1B2E0,0x2A 0x2A,0x247 0x248,e9ae2b
0xA0C9 0xA0CA,1253,문자,1131,・,0xA0C9~0xA0CA,0 1,1A 18,60 12,0x1B496 0x1B495,3B 3A,81 34,0x1B2E0 0x1B2E0,0x2A 0x2A,0x249 0x24A,e2f0d9
0xA0CB 0xA0CC,1254,문자,1132,・,0xA0CB~0xA0CC,0 1,1A 38,60 12,0x1B494 0x1B493,3D 5C,83 36,0x1B2E0 0x1B2E0,0x2A 0x2A,0x24B 0x24C,e2f0d9
0xA0CD 0xA0CE,1255,문자,1133,・,0xA0CD~0xA0CE,0 1,2A A0,60 12,0x1B492 0x1B491,4F C6,85 38,0x1B2E0 0x1B2E0,0x2A 0x2A,0x24D 0x24E,e2f0d9
0xA0CF 0xA0D0,1256,문자,1134,␠,0xA0CF~0xA0D0,0 1,12 1B,18 12,0x1B490 0x1B48F,39 43,3F 3A,0x1B2E0 0x1B2E0,0x2A 0x2A,0x24F 0x250,e2f0d9
0xA0D1 0xA0D2,1257,문자,1135,전,0xA0D1~0xA0D2,0 1,00 80,B0 DF,0x1B48E 0x1B48D,29 AA,D9 09,0x1B2E0 0x1B2E0,0x2A 0x2A,0x251 0x252,e9ae2b
0xA0D3 0xA0D4,1258,문자,1136,사,0xA0D3~0xA0D4,0 1,15 00,E0 3C,0x1B48C 0x1B48B,40 2C,0B 68,0x1B2E0 0x1B2E0,0x2A 0x2A,0x253 0x254,e9ae2b
0xA0D5 0xA0D6,1259,문자,1137,에,0xA0D5~0xA0D6,0 1,14 00,40 9F,0x1B48A 0x1B489,41 2E,6D CD,0x1B2E0 0x1B2E0,0x2A 0x2A,0x255 0x256,e9ae2b
0xA0D8,1260,문자,1138,게,0xA0D7~0xA0D8,1,00,20,0x1B487,30,50,0x1B2E0,0x2A,0x258,e9ae2b
0xA0D9 0xA0DA,1261,문자,1139,␠,0xA0D9~0xA0DA,0 1,11 22,18 12,0x1B486 0x1B485,42 54,49 44,0x1B2E0 0x1B2E0,0x2A 0x2A,0x259 0x25A,e2f0d9
0xA0DB 0xA0DC,1262,문자,1140,베,0xA0DB~0xA0DC,0 1,33 44,90 3B,0x1B484 0x1B483,66 78,C3 6F,0x1B2E0 0x1B2E0,0x2A 0x2A,0x25B 0x25C,e9ae2b
0xA0DD 0xA0DE,1263,문자,1141,칸,0xA0DD~0xA0DE,0 1,55 66,D0 E1,0x1B482 0x1B481,8A 9C,05 17,0x1B2E0 0x1B2E0,0x2A 0x2A,0x25D 0x25E,e9ae2b
0xA0DF 0xA0E0,1264,문자,1142,티,0xA0DF~0xA0E0,0 1,77 80,D0 E2,0x1B480 0x1B47F,AE B8,07 1A,0x1B2E0 0x1B2E0,0x2A 0x2A,0x25F 0x260,e9ae2b
0xA0E1 0xA0E2,1265,문자,1143,의,0xA0E1~0xA0E2,0 1,17 00,80 DE,0x1B47E 0x1B47D,50 3A,B9 18,0x1B2E0 0x1B2E0,0x2A 0x2A,0x261 0x262,e9ae2b
0xA0E3 0xA0E4,1266,문자,1144,␠,0xA0E3~0xA0E4,0 1,1A 00,18 12,0x1B47C 0x1B47B,55 3C,53 4E,0x1B2E0 0x1B2E0,0x2A 0x2A,0x263 0x264,e2f0d9
0xA0E5 0xA0E6,1267,문자,1145,마,0xA0E5~0xA0E6,0 1,04 16,B0 34,0x1B47A 0x1B479,41 54,ED 72,0x1B2E0 0x1B2E0,0x2A 0x2A,0x265 0x266,e9ae2b
0xA0E7 0xA0E8,1268,문자,1146,음,0xA0E7~0xA0E8,0 1,00 19,60 DE,0x1B478 0x1B477,3F 59,9F 1E,0x1B2E0 0x1B2E0,0x2A 0x2A,0x267 0x268,e9ae2b
0xA0E9 0xA0EA,1269,문자,1147,이,0xA0E9~0xA0EA,0 1,00 76,90 DE,0x1B476 0x1B475,41 B8,D1 20,0x1B2E0 0x1B2E0,0x2A 0x2A,0x269 0x26A,e9ae2b
0xA0EB 0xA0EC,1270,문자,1148,␠,0xA0EB~0xA0EC,0 1,13 00,18 12,0x1B474 0x1B473,56 44,5B 56,0x1B2E0 0x1B2E0,0x2A 0x2A,0x26B 0x26C,e2f0d9
0xA0ED 0xA0EE,1271,문자,1149,깃,0xA0ED~0xA0EE,0 1,02 78,E0 21,0x1B472 0x1B471,47 BE,25 67,0x1B2E0 0x1B2E0,0x2A 0x2A,0x26D 0x26E,e9ae2b
0xA0EF 0xA0F0,1272,문자,1150,들,0xA0EF~0xA0F0,0 1,30 19,10 30,0x1B470 0x1B46F,77 61,57 78,0x1B2E0 0x1B2E0,0x2A 0x2A,0x26F 0x270,e9ae2b
0xA0F1 0xA0F2,1273,문자,1151,어,0xA0F1~0xA0F2,0 1,20 12,00 70,0x1B46E 0x1B46D,69 5C,49 BA,0x1B2E0 0x1B2E0,0x2A 0x2A,0x271 0x272,e9ae2b
0xA0F3 0xA0F4,1274,문자,1152,␠,0xA0F3~0xA0F4,0 1,12 00,18 12,0x1B46C 0x1B46B,5D 4C,63 5E,0x1B2E0 0x1B2E0,0x2A 0x2A,0x273 0x274,e2f0d9
0xA0F5 0xA0F6,1275,문자,1153,있,0xA0F5~0xA0F6,0 1,23 21,F0 DE,0x1B46A 0x1B469,70 6F,3D 2C,0x1B2E0 0x1B2E0,0x2A 0x2A,0x275 0x276,e9ae2b
0xA0F7 0xA0F8,1276,문자,1154,다,0xA0F7~0xA0F8,0 1,00 30,C0 27,0x1B468 0x1B467,4F 80,0F 77,0x1B2E0 0x1B2E0,0x2A 0x2A,0x277 0x278,e9ae2b
0xA0F9 0xA0FA,1277,문자,1155,니,0xA0F9~0xA0FA,0 1,19 C0,F0 25,0x1B466 0x1B465,6A 12,41 77,0x1B2E0 0x1B2E0,0x2A 0x2A,0x279 0x27A,e9ae2b
0xA0FB 0xA0FC,1278,문자,1156,・,0xA0FB~0xA0FC,0 1,38 F0,60 12,0x1B464 0x1B463,8B 44,B3 66,0x1B2E0 0x1B2E0,0x2A 0x2A,0x27B 0x27C,e2f0d9
0xA0FD,1279,문자,1157,・,0xA0FD~0xA0FE,0,28,60,0x1B462,7D,B5,0x1B2E0,0x2A,0x27D,e2f0d9
0xA0FF 0xA100,1280,문자,1158,・,0xA0FF~0xA100,0 1,00 23,60 12,0x1B460 0x1B45F,57 7B,B7 6A,0x1B2E0 0x1B2E0,0x2A 0x2A,0x27F 0x280,e2f0d9
0xA101 0xA102,1281,문자,1159,！,0xA101~0xA102,0 1,21 00,A0 12,0x1B45E 0x1B45D,7A 5A,F9 6C,0x1B2E0 0x1B2E0,0x2A 0x2A,0x281 0x282,e2f0d9
0xA103 0xA104,1282,제어,,,0xA103~0xA104,0 1,60 12,15 00,0x1B45C 0x1B45B,BB 6E,70 5C,0x1B2E0 0x1B2E0,0x2A 0x2A,0x283 0x284,fce4d6
0xA105 0xA106,1283,문자,1160,베,0xA105~0xA106,0 1,60 12,90 3B,0x1B45A 0x1B459,BD 70,ED 99,0x1B2E0 0x1B2E0,0x2A 0x2A,0x285 0x286,e9ae2b
0xA107 0xA108,1284,문자,1161,칸,0xA107~0xA108,0 1,60 12,D0 E1,0x1B458 0x1B457,BF 72,2F 41,0x1B2E0 0x1B2E0,0x2A 0x2A,0x287 0x288,e9ae2b
0xA109 0xA10A,1285,문자,1162,티,0xA109~0xA10A,0 1,A0 12,D0 E2,0x1B456 0x1B455,01 74,31 44,0x1B2E0 0x1B2E0,0x2A 0x2A,0x289 0x28A,e9ae2b
0xA10C,1286,문자,1163,에,0xA10B~0xA10C,1,18,9F,0x1B453,7C,03,0x1B2E0,0x2A,0x28C,e9ae2b
0xA10D 0xA10E,1287,문자,1164,서,0xA10D~0xA10E,0 1,12 00,50 3D,0x1B452 0x1B451,77 66,B5 A3,0x1B2E0 0x1B2E0,0x2A 0x2A,0x28D 0x28E,e9ae2b
0xA10F 0xA110,1288,문자,1165,는,0xA10F~0xA110,0 1,23 24,E0 25,0x1B450 0x1B44F,8A 8C,47 8D,0x1B2E0 0x1B2E0,0x2A 0x2A,0x28F 0x290,e9ae2b
0xA111 0xA112,1289,문자,1166,␠,0xA111~0xA112,0 1,00 30,18 12,0x1B44E 0x1B44D,69 9A,81 7C,0x1B2E0 0x1B2E0,0x2A 0x2A,0x291 0x292,e2f0d9
0xA113 0xA114,1290,문자,1167,이,0xA113~0xA114,0 1,28 F0,90 DE,0x1B44C 0x1B44B,93 5C,FB 4A,0x1B2E0 0x1B2E0,0x2A 0x2A,0x293 0x294,e9ae2b
0xA115 0xA116,1291,문자,1168,미,0xA115~0xA116,0 1,19 40,50 39,0x1B44A 0x1B449,86 AE,BD A7,0x1B2E0 0x1B2E0,0x2A 0x2A,0x295 0x296,e9ae2b
0xA118,1292,문자,1169,␠,0xA117~0xA118,1,F0,12,0x1B447,60,82,0x1B2E0,0x2A,0x298,e2f0d9
0xA119 0xA11A,1293,문자,1170,전,0xA119~0xA11A,0 1,65 20,B0 DF,0x1B446 0x1B445,D6 92,21 51,0x1B2E0 0x1B2E0,0x2A 0x2A,0x299 0x29A,e9ae2b
0xA11B 0xA11C,1294,문자,1171,사,0xA11B~0xA11C,0 1,39 60,E0 3C,0x1B444 0x1B443,AC D4,53 B0,0x1B2E0 0x1B2E0,0x2A 0x2A,0x29B 0x29C,e9ae2b
0xA11D 0xA11E,1295,문자,1172,가,0xA11D~0xA11E,0 1,12 60,A0 17,0x1B442 0x1B441,87 D6,15 8D,0x1B2E0 0x1B2E0,0x2A 0x2A,0x29D 0x29E,e9ae2b
0xA11F 0xA120,1296,문자,1173,␠,0xA11F~0xA120,0 1,12 60,18 12,0x1B440 0x1B43F,89 D8,8F 8A,0x1B2E0 0x1B2E0,0x2A 0x2A,0x29F 0x2A0,e2f0d9
0xA121 0xA122,1297,문자,1174,탄,0xA121~0xA122,0 1,12 A0,30 E2,0x1B43E 0x1B43D,8B 1A,A9 5C,0x1B2E0 0x1B2E0,0x2A 0x2A,0x2A1 0x2A2,e9ae2b
0xA123 0xA124,1298,문자,1175,생,0xA123~0xA124,0 1,12 90,40 3D,0x1B43C 0x1B43B,8D 0C,BB B9,0x1B2E0 0x1B2E0,0x2A 0x2A,0x2A3 0x2A4,e9ae2b
0xA125 0xA126,1299,문자,1176,한,0xA125~0xA126,0 1,12 19,70 E3,0x1B43A 0x1B439,8F 97,ED 61,0x1B2E0 0x1B2E0,0x2A 0x2A,0x2A5 0x2A6,e9ae2b
0xA127 0xA128,1300,문자,1177,␠,0xA127~0xA128,0 1,00 74,18 12,0x1B438 0x1B437,7F F4,97 92,0x1B2E0 0x1B2E0,0x2A 0x2A,0x2A7 0x2A8,e2f0d9
0xA129 0xA12A,1301,문자,1178,상,0xA129~0xA12A,0 1,15 00,20 3D,0x1B436 0x1B435,96 82,A1 BF,0x1B2E0 0x1B2E0,0x2A 0x2A,0x2A9 0x2AA,e9ae2b
0xA12B 0xA12C,1302,문자,1179,황,0xA12B~0xA12C,0 1,17 00,A0 E4,0x1B434 0x1B433,9A 84,23 68,0x1B2E0 0x1B2E0,0x2A 0x2A,0x2AB 0x2AC,e9ae2b
0xA12D 0xA12E,1303,문자,1180,인,0xA12D~0xA12E,0 1,1A 00,A0 DE,0x1B432 0x1B431,9F 86,25 64,0x1B2E0 0x1B2E0,0x2A 0x2A,0x2AD 0x2AE,e9ae2b
0xA12F 0xA130,1304,문자,1181,데,0xA12F~0xA130,0 1,04 16,F0 2D,0x1B430 0x1B42F,8B 9E,77 B5,0x1B2E0 0x1B2E0,0x2A 0x2A,0x2AF 0x2B0,e9ae2b
0xA131 0xA132,1305,문자,1182,・,0xA131~0xA132,0 1,00 30,60 12,0x1B42E 0x1B42D,89 BA,E9 9C,0x1B2E0 0x1B2E0,0x2A 0x2A,0x2B1 0x2B2,e2f0d9
0xA133 0xA134,1306,문자,1183,・,0xA133~0xA134,0 1,19 C0,60 12,0x1B42C 0x1B42B,A4 4C,EB 9E,0x1B2E0 0x1B2E0,0x2A 0x2A,0x2B3 0x2B4,e2f0d9
0xA135 0xA136,1307,문자,1184,・,0xA135~0xA136,0 1,38 A0,60 12,0x1B42A 0x1B429,C5 2E,ED A0,0x1B2E0 0x1B2E0,0x2A 0x2A,0x2B5 0x2B6,e2f0d9
0xA137 0xA138,1308,문자,1185,␠,0xA137~0xA138,0 1,A0 50,18 12,0x1B428 0x1B427,2F E0,A7 A2,0x1B2E0 0x1B2E0,0x2A 0x2A,0x2B7 0x2B8,e2f0d9
0xA139 0xA13A,1309,문자,1186,거,0xA139~0xA13A,0 1,FC E0,90 1D,0x1B426 0x1B425,8D 72,21 AF,0x1B2E0 0x1B2E0,0x2A 0x2A,0x2B9 0x2BA,e9ae2b
0xA13B 0xA13C,1310,문자,1187,기,0xA13B~0xA13C,0 1,28 40,B0 21,0x1B424 0x1B423,BB D4,43 B5,0x1B2E0 0x1B2E0,0x2A 0x2A,0x2BB 0x2BC,e9ae2b
0xA13D 0xA13E,1311,문자,1188,에,0xA13D~0xA13E,0 1,D8 A0,40 9F,0x1B422 0x1B421,6D 36,D5 35,0x1B2E0 0x1B2E0,0x2A 0x2A,0x2BD 0x2BE,e9ae2b
0xA13F 0xA140,1312,문자,1189,␠,0xA13F~0xA140,0 1,CB F0,18 12,0x1B420 0x1B41F,62 88,AF AA,0x1B2E0 0x1B2E0,0x2A 0x2A,0x2BF 0x2C0,e2f0d9
0xA141 0xA142,1313,문자,1190,당,0xA141~0xA142,0 1,28 20,90 2D,0x1B41E 0x1B41D,C1 BA,29 C7,0x1B2E0 0x1B2E0,0x2A 0x2A,0x2C1 0x2C2,e9ae2b
0xA143 0xA144,1314,문자,1191,신,0xA143~0xA144,0 1,18 A0,D0 3F,0x1B41C 0x1B41B,B3 3C,6B DB,0x1B2E0 0x1B2E0,0x2A 0x2A,0x2C3 0x2C4,e9ae2b
0xA145 0xA146,1315,문자,1192,까,0xA145~0xA146,0 1,28 F0,F0 21,0x1B41A 0x1B419,C5 8E,8D BF,0x1B2E0 0x1B2E0,0x2A 0x2A,0x2C5 0x2C6,e9ae2b
0xA147,1316,문자,1193,지,0xA147~0xA148,0,19,10,0x1B418,B8,AF,0x1B2E0,0x2A,0x2C7,e9ae2b
0xA149 0xA14A,1317,문자,1194,␠,0xA149~0xA14A,0 1,28 40,18 12,0x1B416 0x1B415,C9 E2,B9 B4,0x1B2E0 0x1B2E0,0x2A 0x2A,0x2C9 0x2CA,e2f0d9
0xA14B 0xA14C,1318,문자,1195,적,0xA14B~0xA14C,0 1,3B 70,A0 DF,0x1B414 0x1B413,DE 14,43 83,0x1B2E0 0x1B2E0,0x2A 0x2A,0x2CB 0x2CC,e9ae2b
0xA14D 0xA14E,1319,문자,1196,으,0xA14D~0xA14E,0 1,1A B0,30 DE,0x1B412 0x1B411,BF 56,D5 84,0x1B2E0 0x1B2E0,0x2A 0x2A,0x2CD 0x2CE,e9ae2b
0xA14F 0xA150,1320,문자,1197,로,0xA14F~0xA150,0 1,1A 30,D0 31,0x1B410 0x1B40F,C1 D8,77 D9,0x1B2E0 0x1B2E0,0x2A 0x2A,0x2CF 0x2D0,e9ae2b
0xA151 0xA152,1321,문자,1198,␠,0xA151~0xA152,0 1,3B 60,18 12,0x1B40E 0x1B40D,E4 0A,C1 BC,0x1B2E0 0x1B2E0,0x2A 0x2A,0x2D1 0x2D2,e2f0d9
0xA153 0xA154,1322,문자,1199,돌,0xA153~0xA154,0 1,2A 30,30 2E,0x1B40C 0x1B40B,D5 DC,DB DA,0x1B2E0 0x1B2E0,0x2A 0x2A,0x2D3 0x2D4,e9ae2b
0xA155 0xA156,1323,문자,1200,릴,0xA155~0xA156,0 1,1A 20,90 34,0x1B40A 0x1B409,C7 CE,3D E2,0x1B2E0 0x1B2E0,0x2A 0x2A,0x2D5 0x2D6,e9ae2b
0xA157 0xA158,1324,문자,1201,␠,0xA157~0xA158,0 1,39 D0,18 12,0x1B408 0x1B407,E8 80,C7 C2,0x1B2E0 0x1B2E0,0x2A 0x2A,0x2D7 0x2D8,e2f0d9
0xA159 0xA15A,1325,문자,1202,수,0xA159~0xA15A,0 1,C3 30,30 3F,0x1B406 0x1B405,74 E2,E1 F1,0x1B2E0 0x1B2E0,0x2A 0x2A,0x2D9 0x2DA,e9ae2b
0xA15B 0xA15C,1326,문자,1203,␠,0xA15B~0xA15C,0 1,7E 50,18 12,0x1B404 0x1B403,31 04,CB C6,0x1B2E0 0x1B2E0,0x2A 0x2A,0x2DB 0x2DC,e2f0d9
0xA15D 0xA15E,1327,문자,1204,없,0xA15D~0xA15E,0 1,19 B0,00 7C,0x1B402 0x1B401,CE 66,B5 32,0x1B2E0 0x1B2E0,0x2A 0x2A,0x2DD 0x2DE,e9ae2b
0xA15F 0xA160,1328,문자,1205,습,0xA15F~0xA160,0 1,19 B0,A0 3F,0x1B400 0x1B3FF,D0 68,57 F7,0x1B2E0 0x1B2E0,0x2A 0x2A,0x2DF 0x2E0,e9ae2b
0xA161 0xA162,1329,문자,1206,니,0xA161~0xA162,0 1,38 00,F0 25,0x1B3FE 0x1B3FD,F1 BA,A9 DF,0x1B2E0 0x1B2E0,0x2A 0x2A,0x2E1 0x2E2,e9ae2b
0xA163 0xA164,1330,문자,1207,다,0xA163~0xA164,0 1,28 10,C0 27,0x1B3FC 0x1B3FB,E3 CC,7B E3,0x1B2E0 0x1B2E0,0x2A 0x2A,0x2E3 0x2E4,e9ae2b
0xA165 0xA166,1331,문자,1208,。,0xA165~0xA166,0 1,19 60,30 12,0x1B3FA 0x1B3F9,D6 1E,ED D0,0x1B2E0 0x1B2E0,0x2A 0x2A,0x2E5 0x2E6,e2f0d9
0xA167 0xA168 0xA169,1332,제어,,,0xA167~0xA169,0 1 2,12 60 12,19 00 75,0x1B3F8 0x1B3F7 0x1B3F6,D1 20 D3,D8 C0 36,0x1B2E0 0x1B2E0 0x1B2E0,0x2A 0x2A 0x2A,0x2E7 0x2E8 0x2E9,fce4d6
0xA16A 0xA16B,1333,제어,,,0xA16A~0xA16B,0 1,60 12,15 00,0x1B3F5 0x1B3F4,22 D5,D7 C3,0x1B2E0 0x1B2E0,0x2A 0x2A,0x2EA 0x2EB,fce4d6
0xA16C 0xA16D,1334,제어,,,0xA16C~0xA16D,0 1,30 19,17 00,0x1B3F3 0x1B3F2,F4 DE,DB C5,0x1B2E0 0x1B2E0,0x2A 0x2A,0x2EC 0x2ED,fce4d6
0xA16E 0xA16F 0xA170,1335,제어,,,0xA16E~0xA170,0 1 2,E0 28 E0,1A 00 04,0x1B3F1 0x1B3F0 0x1B3EF,A6 EF A8,E0 C7 CC,0x1B2E0 0x1B2E0 0x1B2E0,0x2A 0x2A 0x2A,0x2EE 0x2EF 0x2F0,fce4d6
0xA171 0xA172,1336,제어,,,0xA171~0xA172,0 1,29 E0,16 00,0x1B3EE 0x1B3ED,F2 AA,DF CA,0x1B2E0 0x1B2E0,0x2A 0x2A,0x2F1 0x2F2,fce4d6
0xA173 0xA174,1337,문자,1209,・,0xA173~0xA174,0 1,29 40,60 12,0x1B3EC 0x1B3EB,F4 0C,2B DE,0x1B2E0 0x1B2E0,0x2A 0x2A,0x2F3 0x2F4,e2f0d9
0xA175 0xA176,1338,문자,1210,・,0xA175~0xA176,0 1,B3 30,60 12,0x1B3EA 0x1B3E9,80 FE,2D E0,0x1B2E0 0x1B2E0,0x2A 0x2A,0x2F5 0x2F6,e2f0d9
0xA177 0xA178,1339,문자,1211,・,0xA177~0xA178,0 1,28 60,60 12,0x1B3E8 0x1B3E7,F7 30,2F E2,0x1B2E0 0x1B2E0,0x2A 0x2A,0x2F7 0x2F8,e2f0d9
0xA179 0xA17A 0xA17B 0xA17C 0xA17D,1340,제어,,,0xA179~0xA17D,0 1 2 3 4,28 C0 65 50 19,12 00 23 21 00,0x1B3E6 0x1B3E5 0x1B3E4 0x1B3E3 0x1B3E2,F9 92 38 24 EE,E3 D2 F6 F5 D5,0x1B2E0 0x1B2E0 0x1B2E0 0x1B2E0 0x1B2E0,0x2A 0x2A 0x2A 0x2A 0x2A,0x2F9 0x2FA 0x2FB 0x2FC 0x2FD,fce4d6
0xA17F,1341,문자,1212,뭘,0xA17E~0xA17F,1,18,39,0x1B3E0,F0,11,0x1B2E0,0x2A,0x2FF,e9ae2b
0xA180,1342,문자,1213,␠,0xA180~0xA181,0,20,18,0x1B3DF,F9,F1,0x1B2E0,0x2A,0x300,e2f0d9
0xA183,1343,문자,1214,하,0xA182~0xA183,1,5A,E3,0x1B3DC,36,BF,0x1B2E0,0x2A,0x303,e9ae2b
0xA184 0xA185,1344,문자,1215,려,0xA184~0xA185,0 1,20 B7,B0 31,0x1B3DB 0x1B3DA,FD 95,8D 0F,0x1B2E0 0x1B2E0,0x2A 0x2A,0x304 0x305,e9ae2b
0xA186 0xA187,1345,문자,1216,는,0xA186~0xA187,0 1,A0 12,E0 25,0x1B3D9 0x1B3D8,7F F2,BF 05,0x1B2E0 0x1B2E0,0x2A 0x2A,0x306 0x307,e9ae2b
0xA188 0xA189,1346,문자,1217,␠,0xA188~0xA189,0 1,19 00,18 12,0x1B3D7 0x1B3D6,FA E2,F9 F4,0x1B2E0 0x1B2E0,0x2A 0x2A,0x308 0x309,e2f0d9
0xA18A 0xA18B,1347,문자,1218,거,0xA18A~0xA18B,0 1,76 15,90 1D,0x1B3D5 0x1B3D4,59 F9,73 01,0x1B2E0 0x1B2E0,0x2A 0x2A,0x30A 0x30B,e9ae2b
0xA18D,1348,문자,1219,야,0xA18C~0xA18D,1,17,6C,0x1B3D2,FD,52,0x1B2E0,0x2A,0x30D,e9ae2b
0xA18E 0xA18F,1349,문자,1220,・,0xA18E~0xA18F,0 1,00 1A,60 12,0x1B3D1 0x1B3D0,E7 02,47 FA,0x1B2E0 0x1B2E0,0x2A 0x2A,0x30E 0x30F,e2f0d9
0xA190 0xA191,1350,문자,1221,・,0xA190~0xA191,0 1,00 03,60 12,0x1B3CF 0x1B3CE,E9 ED,49 FC,0x1B2E0 0x1B2E0,0x2A 0x2A,0x310 0x311,e2f0d9
0xA192 0xA193,1351,문자,1222,・,0xA192~0xA193,0 1,12 00,60 12,0x1B3CD 0x1B3CC,FD EC,4B FE,0x1B2E0 0x1B2E0,0x2A 0x2A,0x312 0x313,e2f0d9
0xA194 0xA195 0xA196 0xA197 0xA198,1352,제어,,,0xA194~0xA198,0 1 2 3 4,40 16 00 10 11,12 00 23 21 00,0x1B3CB 0x1B3CA 0x1B3C9 0x1B3C8 0x1B3C7,2D 04 EF 00 02,FF EE 12 11 F1,0x1B2E0 0x1B2E0 0x1B2E0 0x1B2E0 0x1B2E0,0x2A 0x2A 0x2A 0x2A 0x2A,0x314 0x315 0x316 0x317 0x318,fce4d6
0xA199 0xA19A,1353,문자,1223,！,0xA199~0xA19A,0 1,D0 19,A0 12,0x1B3C6 0x1B3C5,C2 0C,92 05,0x1B2E0 0x1B2E0,0x2A 0x2A,0x319 0x31A,e2f0d9
0xA19B 0xA19C,1354,문자,1224,？,0xA19B~0xA19C,0 1,30 39,90 12,0x1B3C4 0x1B3C3,24 2E,84 07,0x1B2E0 0x1B2E0,0x2A 0x2A,0x31B 0x31C,e2f0d9
0xA19D 0xA19E 0xA19F,1355,제어,,,0xA19D~0xA19F,0 1 2,A0 28 60,19 00 65,0x1B3C2 0x1B3C1 0x1B3C0,96 1F 58,0F F7 5D,0x1B2E0 0x1B2E0 0x1B2E0,0x2A 0x2A 0x2A,0x31D 0x31E 0x31F,fce4d6
0xA1A0 0xA1A1,1356,제어,,,0xA1A0~0xA1A1,0 1,12 60,15 00,0x1B3BF 0x1B3BE,0B 5A,0E FA,0x1B2E0 0x1B2E0,0x2A 0x2A,0x320 0x321,fce4d6
0xA1A2 0xA1A3,1357,제어,,,0xA1A2~0xA1A3,0 1,12 60,17 00,0x1B3BD 0x1B3BC,0D 5C,12 FC,0x1B2E0 0x1B2E0,0x2A 0x2A,0x322 0x323,fce4d6
0xA1A4 0xA1A5 0xA1A6 0xA1A7 0xA1A8,1358,제어,,,0xA1A4~0xA1A8,0 1 2 3 4,12 A0 12 50 59,14 00 00 27 80,0x1B3BB 0x1B3BA 0x1B3B9 0x1B3B8 0x1B3B7,0F 9E 11 50 5A,11 FE FF 27 81,0x1B2E0 0x1B2E0 0x1B2E0 0x1B2E0 0x1B2E0,0x2A 0x2A 0x2A 0x2A 0x2A,0x324 0x325 0x326 0x327 0x328,fce4d6
0xA1A9 0xA1AA 0xA1AB,1359,제어,,,0xA1A9~0xA1AB,0 1 2,D0 DB 00,1A 00 02,0x1B3B6 0x1B3B5 0x1B3B4,D2 DE 04,1C 03 06,0x1B2E0 0x1B2E0 0x1B2E0,0x2A 0x2A 0x2A,0x329 0x32A 0x32B,fce4d6
0xA1AC 0xA1AD,1360,제어,,,0xA1AC~0xA1AD,0 1,D9 D0,16 00,0x1B3B3 0x1B3B2,DE D6,1B 06,0x1B2E0 0x1B2E0,0x2A 0x2A,0x32C 0x32D,fce4d6
0xA1AE 0xA1AF 0xA1B0,1361,제어,,,0xA1AE~0xA1B0,0 1 2,DB 60 12,1B 00 02,0x1B3B1 0x1B3B0 0x1B3AF,E2 68 1B,22 08 0B,0x1B2E0 0x1B2E0 0x1B2E0,0x2A 0x2A 0x2A,0x32E 0x32F 0x330,fce4d6
0xA1B1 0xA1B2 0xA1B3 0xA1B4 0xA1B5 0xA1B6 0xA1B7 0xA1B8 0xA1B9 0xA1BA 0xA1BB 0xA1BC 0xA1BD 0xA1BE 0xA1BF 0xA1C0 0xA1C1 0xA1C2 0xA1C3 0xA1C4 0xA1C5 0xA1C6 0xA1C7 0xA1C8,1362,제어,,,0xA1B1~0xA1C8,0 1 2 3 4 5 6 7 8 9 10 11 12 13 14 15 16 17 18 19 20 21 22 23,60 12 60 12 12 00 50 1B 00 02 14 00 01 63 36 20 52 31 46 52 15 47 53 72,14 00 01 73 75 70 72 77 76 73 75 71 73 72 77 74 70 76 71 72 75 73 77 80,0x1B3AE 0x1B3AD 0x1B3AC 0x1B3AB 0x1B3AA 0x1B3A9 0x1B3A8 0x1B3A7 0x1B3A6 0x1B3A5 0x1B3A4 0x1B3A3 0x1B3A2 0x1B3A1 0x1B3A0 0x1B39F 0x1B39E 0x1B39D 0x1B39C 0x1B39B 0x1B39A 0x1B399 0x1B398 0x1B397,6A 1D 6C 1F 20 0F 60 2C 12 15 28 15 17 7A 4E 39 6C 4C 62 6F 33 66 73 93,1E 0B 0D 80 83 7F 82 88 88 86 89 86 89 89 8F 8D 8A 91 8D 8F 93 92 97 A1,0x1B2E0 0x1B2E0 0x1B2E0 0x1B2E0 0x1B2E0 0x1B2E0 0x1B2E0 0x1B2E0 0x1B2E0 0x1B2E0 0x1B2E0 0x1B2E0 0x1B2E0 0x1B2E0 0x1B2E0 0x1B2E0 0x1B2E0 0x1B2E0 0x1B2E0 0x1B2E0 0x1B2E0 0x1B2E0 0x1B2E0 0x1B2E0,0x2A 0x2A 0x2A 0x2A 0x2A 0x2A 0x2A 0x2A 0x2A 0x2A 0x2A 0x2A 0x2A 0x2A 0x2A 0x2A 0x2A 0x2A 0x2A 0x2A 0x2A 0x2A 0x2A 0x2A,0x331 0x332 0x333 0x334 0x335 0x336 0x337 0x338 0x339 0x33A 0x33B 0x33C 0x33D 0x33E 0x33F 0x340 0x341 0x342 0x343 0x344 0x345 0x346 0x347 0x348,fce4d6
0xA1C9 0xA1CA 0xA1CB 0xA1CC 0xA1CD 0xA1CE 0xA1CF 0xA1D0 0xA1D1 0xA1D2 0xA1D3 0xA1D4 0xA1D5 0xA1D6 0xA1D7 0xA1D8 0xA1D9 0xA1DA 0xA1DB 0xA1DC 0xA1DD 0xA1DE 0xA1DF 0xA1E0,1363,제어,,,0xA1C9~0xA1E0,0 1 2 3 4 5 6 7 8 9 10 11 12 13 14 15 16 17 18 19 20 21 22 23,41 54 20 36 57 42 17 73 70 80 14 00 01 63 36 20 52 31 46 52 15 47 53 72,14 00 01 73 75 70 72 77 76 73 75 71 73 72 77 74 70 76 71 72 75 73 77 80,0x1B396 0x1B395 0x1B394 0x1B393 0x1B392 0x1B391 0x1B390 0x1B38F 0x1B38E 0x1B38D 0x1B38C 0x1B38B 0x1B38A 0x1B389 0x1B388 0x1B387 0x1B386 0x1B385 0x1B384 0x1B383 0x1B382 0x1B381 0x1B380 0x1B37F,63 77 44 5B 7D 69 3F 9C 9A AB 40 2D 2F 92 66 51 84 64 7A 87 4B 7E 8B AB,36 23 25 98 9B 97 9A A0 A0 9E A1 9E A1 A1 A7 A5 A2 A9 A5 A7 AB AA AF B9,0x1B2E0 0x1B2E0 0x1B2E0 0x1B2E0 0x1B2E0 0x1B2E0 0x1B2E0 0x1B2E0 0x1B2E0 0x1B2E0 0x1B2E0 0x1B2E0 0x1B2E0 0x1B2E0 0x1B2E0 0x1B2E0 0x1B2E0 0x1B2E0 0x1B2E0 0x1B2E0 0x1B2E0 0x1B2E0 0x1B2E0 0x1B2E0,0x2A 0x2A 0x2A 0x2A 0x2A 0x2A 0x2A 0x2A 0x2A 0x2A 0x2A 0x2A 0x2A 0x2A 0x2A 0x2A 0x2A 0x2A 0x2A 0x2A 0x2A 0x2A 0x2A 0x2A,0x349 0x34A 0x34B 0x34C 0x34D 0x34E 0x34F 0x350 0x351 0x352 0x353 0x354 0x355 0x356 0x357 0x358 0x359 0x35A 0x35B 0x35C 0x35D 0x35E 0x35F 0x360,fce4d6
0xA1E1 0xA1E2 0xA1E3 0xA1E4 0xA1E5 0xA1E6 0xA1E7 0xA1E8 0xA1E9 0xA1EA 0xA1EB 0xA1EC 0xA1ED 0xA1EE 0xA1EF 0xA1F0 0xA1F1 0xA1F2 0xA1F3 0xA1F4 0xA1F5 0xA1F6 0xA1F7 0xA1F8,1364,제어,,,0xA1E1~0xA1F8,0 1 2 3 4 5 6 7 8 9 10 11 12 13 14 15 16 17 18 19 20 21 22 23,41 54 20 36 57 42 17 73 70 80 14 00 01 63 36 20 52 31 46 52 15 47 53 72,14 00 01 73 75 70 72 77 76 73 75 71 73 72 77 74 70 76 71 72 75 73 77 80,0x1B37E 0x1B37D 0x1B37C 0x1B37B 0x1B37A 0x1B379 0x1B378 0x1B377 0x1B376 0x1B375 0x1B374 0x1B373 0x1B372 0x1B371 0x1B370 0x1B36F 0x1B36E 0x1B36D 0x1B36C 0x1B36B 0x1B36A 0x1B369 0x1B368 0x1B367,7B 8F 5C 73 95 81 57 B4 B2 C3 58 45 47 AA 7E 69 9C 7C 92 9F 63 96 A3 C3,4E 3B 3D B0 B3 AF B2 B8 B8 B6 B9 B6 B9 B9 BF BD BA C1 BD BF C3 C2 C7 D1,0x1B2E0 0x1B2E0 0x1B2E0 0x1B2E0 0x1B2E0 0x1B2E0 0x1B2E0 0x1B2E0 0x1B2E0 0x1B2E0 0x1B2E0 0x1B2E0 0x1B2E0 0x1B2E0 0x1B2E0 0x1B2E0 0x1B2E0 0x1B2E0 0x1B2E0 0x1B2E0 0x1B2E0 0x1B2E0 0x1B2E0 0x1B2E0,0x2A 0x2A 0x2A 0x2A 0x2A 0x2A 0x2A 0x2A 0x2A 0x2A 0x2A 0x2A 0x2A 0x2A 0x2A 0x2A 0x2A 0x2A 0x2A 0x2A 0x2A 0x2A 0x2A 0x2A,0x361 0x362 0x363 0x364 0x365 0x366 0x367 0x368 0x369 0x36A 0x36B 0x36C 0x36D 0x36E 0x36F 0x370 0x371 0x372 0x373 0x374 0x375 0x376 0x377 0x378,fce4d6
0xA1F9 0xA1FA 0xA1FB 0xA1FC 0xA1FD 0xA1FE 0xA1FF 0xA200 0xA201 0xA202 0xA203 0xA204 0xA205 0xA206 0xA207 0xA208 0xA209 0xA20A 0xA20B 0xA20C 0xA20D 0xA20E 0xA20F 0xA210,1365,제어,,,0xA1F9~0xA210,0 1 2 3 4 5 6 7 8 9 10 11 12 13 14 15 16 17 18 19 20 21 22 23,41 54 20 36 57 42 17 73 70 80 14 00 01 63 36 20 52 31 46 52 15 47 53 72,14 00 01 73 75 70 72 77 76 73 75 71 73 72 77 74 70 76 71 72 75 73 77 80,0x1B366 0x1B365 0x1B364 0x1B363 0x1B362 0x1B361 0x1B360 0x1B35F 0x1B35E 0x1B35D 0x1B35C 0x1B35B 0x1B35A 0x1B359 0x1B358 0x1B357 0x1B356 0x1B355 0x1B354 0x1B353 0x1B352 0x1B351 0x1B350 0x1B34F,93 A7 74 8B AD 99 6F CC CA DB 70 5D 5F C2 96 81 B4 94 AA B7 7B AE BB DB,66 53 55 C8 CB C7 CA D0 D0 CE D1 CE D1 D1 D7 D5 D2 D9 D5 D7 DB DA DF E9,0x1B2E0 0x1B2E0 0x1B2E0 0x1B2E0 0x1B2E0 0x1B2E0 0x1B2E0 0x1B2E0 0x1B2E0 0x1B2E0 0x1B2E0 0x1B2E0 0x1B2E0 0x1B2E0 0x1B2E0 0x1B2E0 0x1B2E0 0x1B2E0 0x1B2E0 0x1B2E0 0x1B2E0 0x1B2E0 0x1B2E0 0x1B2E0,0x2A 0x2A 0x2A 0x2A 0x2A 0x2A 0x2A 0x2A 0x2A 0x2A 0x2A 0x2A 0x2A 0x2A 0x2A 0x2A 0x2A 0x2A 0x2A 0x2A 0x2A 0x2A 0x2A 0x2A,0x379 0x37A 0x37B 0x37C 0x37D 0x37E 0x37F 0x380 0x381 0x382 0x383 0x384 0x385 0x386 0x387 0x388 0x389 0x38A 0x38B 0x38C 0x38D 0x38E 0x38F 0x390,fce4d6
0xA211 0xA212 0xA213 0xA214 0xA215 0xA216 0xA217 0xA218 0xA219 0xA21A 0xA21B 0xA21C 0xA21D 0xA21E 0xA21F 0xA220 0xA221 0xA222 0xA223 0xA224 0xA225 0xA226 0xA227 0xA228,1366,제어,,,0xA211~0xA228,0 1 2 3 4 5 6 7 8 9 10 11 12 13 14 15 16 17 18 19 20 21 22 23,41 54 20 36 57 42 17 73 70 80 14 00 01 00 17 27 37 47 57 67 77 80 20 1A,14 00 01 73 75 70 72 77 76 73 75 71 73 72 77 74 70 76 71 72 75 73 77 80,0x1B34E 0x1B34D 0x1B34C 0x1B34B 0x1B34A 0x1B349 0x1B348 0x1B347 0x1B346 0x1B345 0x1B344 0x1B343 0x1B342 0x1B341 0x1B340 0x1B33F 0x1B33E 0x1B33D 0x1B33C 0x1B33B 0x1B33A 0x1B339 0x1B338 0x1B337,AB BF 8C A3 C5 B1 87 E4 E2 F3 88 75 77 77 8F A0 B1 C2 D3 E4 F5 FF A0 9B,7E 6B 6D E0 E3 DF E2 E8 E8 E6 E9 E6 E9 E9 EF ED EA F1 ED EF F3 F2 F7 01,0x1B2E0 0x1B2E0 0x1B2E0 0x1B2E0 0x1B2E0 0x1B2E0 0x1B2E0 0x1B2E0 0x1B2E0 0x1B2E0 0x1B2E0 0x1B2E0 0x1B2E0 0x1B2E0 0x1B2E0 0x1B2E0 0x1B2E0 0x1B2E0 0x1B2E0 0x1B2E0 0x1B2E0 0x1B2E0 0x1B2E0 0x1B2E0,0x2A 0x2A 0x2A 0x2A 0x2A 0x2A 0x2A 0x2A 0x2A 0x2A 0x2A 0x2A 0x2A 0x2A 0x2A 0x2A 0x2A 0x2A 0x2A 0x2A 0x2A 0x2A 0x2A 0x2A,0x391 0x392 0x393 0x394 0x395 0x396 0x397 0x398 0x399 0x39A 0x39B 0x39C 0x39D 0x39E 0x39F 0x3A0 0x3A1 0x3A2 0x3A3 0x3A4 0x3A5 0x3A6 0x3A7 0x3A8,fce4d6
0xA229 0xA22A 0xA22B,1367,제어,,,0xA229~0xA22B,0 1 2,10 1A 30,19 00 66,0x1B336 0x1B335 0x1B334,92 9D B4,9B 83 EA,0x1B2E0 0x1B2E0 0x1B2E0,0x2A 0x2A 0x2A,0x3A9 0x3AA 0x3AB,fce4d6
0xA22C 0xA22D,1368,문자,1225,꺄,0xA22C~0xA22D,0 1,2A A0,18 24,0x1B333 0x1B332,AF 26,9D AA,0x1B2E0 0x1B2E0,0x2A 0x2A,0x3AC 0x3AD,e2f0d9
0xA22E 0xA22F,1369,문자,1226,아,0xA22E~0xA22F,0 1,12 19,08 56,0x1B331 0x1B330,99 A1,8F DE,0x1B2E0 0x1B2E0,0x2A 0x2A,0x3AE 0x3AF,e2f0d9
0xA230 0xA231,1370,문자,1227,아,0xA230~0xA231,0 1,00 74,08 56,0x1B32F 0x1B32E,89 FE,91 E0,0x1B2E0 0x1B2E0,0x2A 0x2A,0x3B0 0x3B1,e2f0d9
0xA232 0xA233,1371,문자,1228,앗,0xA232~0xA233,0 1,15 00,08 64,0x1B32D 0x1B32C,A0 8C,93 F0,0x1B2E0 0x1B2E0,0x2A 0x2A,0x3B2 0x3B3,e2f0d9
0xA234 0xA235,1372,문자,1229,!,0xA234~0xA235,0 1,17 00,A0 12,0x1B32B 0x1B32A,A4 8E,2D A0,0x1B2E0 0x1B2E0,0x2A 0x2A,0x3B4 0x3B5,e2f0d9
0xA236 0xA238,1373,제어,,,0xA236~0xA238,0 2,1A 04,1B 80,0x1B329 0x1B327,A9 95,AA 11,0x1B2E0 0x1B2E0,0x2A 0x2A,0x3B6 0x3B8,fce4d6
0xA239,1374,제어,,,0xA239~0xA23A,0,14,15,0x1B326,A6,A7,0x1B2E0,0x2A,0x3B9,fce4d6
0xA23B 0xA23D 0xA23E 0xA23F 0xA240 0xA241 0xA242 0xA243 0xA244 0xA245 0xA246,1375,제어,,,0xA23B~0xA246,0 2 3 4 5 6 7 8 9 10 11,00 11 22 33 44 55 66 77 80 16 00,14 00 00 11 22 33 44 55 66 77 80,0x1B324 0x1B322 0x1B321 0x1B320 0x1B31F 0x1B31E 0x1B31D 0x1B31C 0x1B31B 0x1B31A 0x1B319,94 A7 B9 CB DD EF 01 13 1D B4 9F,A8 96 97 A9 BB CD DF F1 03 15 1F,0x1B2E0 0x1B2E0 0x1B2E0 0x1B2E0 0x1B2E0 0x1B2E0 0x1B2E0 0x1B2E0 0x1B2E0 0x1B2E0 0x1B2E0,0x2A 0x2A 0x2A 0x2A 0x2A 0x2A 0x2A 0x2A 0x2A 0x2A 0x2A,0x3BB 0x3BD 0x3BE 0x3BF 0x3C0 0x3C1 0x3C2 0x3C3 0x3C4 0x3C5 0x3C6,fce4d6
0xA247 0xA248,1376,제어,,,0xA247~0xA248,0 1,60 12,17 00,0x1B318 0x1B317,00 B3,B7 A1,0x1B2E0 0x1B2E0,0x2A 0x2A,0x3C7 0x3C8,fce4d6
0xA249 0xA24A 0xA24B,1377,제어,,,0xA249~0xA24B,0 1 2,60 12 60,1A 00 04,0x1B316 0x1B315 0x1B314,02 B5 04,BC A3 A8,0x1B2E0 0x1B2E0 0x1B2E0,0x2A 0x2A 0x2A,0x3C9 0x3CA 0x3CB,fce4d6
0xA24C 0xA24D,1378,제어,,,0xA24C~0xA24D,0 1,12 48,16 00,0x1B313 0x1B312,B7 EE,BB A6,0x1B2E0 0x1B2E0,0x2A 0x2A,0x3CC 0x3CD,fce4d6
0xA24E 0xA24F 0xA250,1379,제어,,,0xA24E~0xA250,0 1 2,F6 E8 28,19 00 76,0x1B311 0x1B310 0x1B30F,9D 90 D1,C0 A8 1F,0x1B2E0 0x1B2E0 0x1B2E0,0x2A 0x2A 0x2A,0x3CE 0x3CF 0x3D0,fce4d6
0xA251 0xA252 0xA253 0xA254,1380,제어,,,0xA251~0xA254,0 1 2 3,08 B0 38 28,13 00 02 78,0x1B30E 0x1B30D 0x1B30C 0x1B30B,B2 5B E4 D5,BD AB AE 25,0x1B2E0 0x1B2E0 0x1B2E0 0x1B2E0,0x2A 0x2A 0x2A 0x2A,0x3D1 0x3D2 0x3D3 0x3D4,fce4d6
0xA255 0xA256,1381,문자,1230,이,0xA255~0xA256,0 1,F8 19,90 DE,0x1B30A 0x1B309,A6 C8,3E 8D,0x1B2E0 0x1B2E0,0x2A 0x2A,0x3D5 0x3D6,e9ae2b
0xA257 0xA258,1382,문자,1231,、,0xA257~0xA258,0 1,68 F7,20 12,0x1B308 0x1B307,18 A8,D0 C3,0x1B2E0 0x1B2E0,0x2A 0x2A,0x3D7 0x3D8,e2f0d9
0xA259 0xA25A 0xA25B 0xA25C 0xA25D,1383,제어,,,0xA259~0xA25D,0 1 2 3 4,E8 28 58 A1 38,12 00 23 21 00,0x1B306 0x1B305 0x1B304 0x1B303 0x1B302,9A DB 0C 56 EE,C4 B3 D7 D6 B6,0x1B2E0 0x1B2E0 0x1B2E0 0x1B2E0 0x1B2E0,0x2A 0x2A 0x2A 0x2A 0x2A,0x3D9 0x3DA 0x3DB 0x3DC 0x3DD,fce4d6
0xA25E 0xA25F,1384,문자,1232,이,0xA25E~0xA25F,0 1,58 A8,90 DE,0x1B301 0x1B300,0F 60,47 96,0x1B2E0 0x1B2E0,0x2A 0x2A,0x3DE 0x3DF,e9ae2b
0xA260 0xA261,1385,문자,1233,게,0xA260~0xA261,0 1,28 98,00 20,0x1B2FF 0x1B2FE,E1 52,B9 DA,0x1B2E0 0x1B2E0,0x2A 0x2A,0x3E0 0x3E1,e9ae2b
0xA262 0xA263 0xA264 0xA265 0xA266,1386,제어,,,0xA262~0xA266,0 1 2 3 4,28 60 12 60 12,12 00 23 21 00,0x1B2FD 0x1B2FC 0x1B2FB 0x1B2FA 0x1B2F9,E3 1C CF 1E D1,CD BC E0 DF BF,0x1B2E0 0x1B2E0 0x1B2E0 0x1B2E0 0x1B2E0,0x2A 0x2A 0x2A 0x2A 0x2A,0x3E2 0x3E3 0x3E4 0x3E5 0x3E6,fce4d6
0xA269 0xA26A,1388,문자,1235,・,0xA269~0xA26A,0 1,28 18,60 12,0x1B2F6 0x1B2F5,EA DB,22 D5,0x1B2E0 0x1B2E0,0x2A 0x2A,0x3E9 0x3EA,e2f0d9
0xA26B 0xA26C,1389,문자,1236,・,0xA26B~0xA26C,0 1,A8 28,60 12,0x1B2F4 0x1B2F3,6C ED,24 D7,0x1B2E0 0x1B2E0,0x2A 0x2A,0x3EB 0x3EC,e2f0d9
0xA26D 0xA26E,1390,문자,1237,!,0xA26D~0xA26E,0 1,F8 19,A0 12,0x1B2F2 0x1B2F1,BE E0,66 D9,0x1B2E0 0x1B2E0,0x2A 0x2A,0x3ED 0x3EE,e2f0d9
0xA26F 0xA270,1391,문자,1238,␠,0xA26F~0xA270,0 1,B8 28,18 12,0x1B2F0 0x1B2EF,80 F1,E0 DB,0x1B2E0 0x1B2E0,0x2A 0x2A,0x3EF 0x3F0,e2f0d9
0xA271 0xA272,1392,문자,1239,대,0xA271~0xA272,0 1,F8 28,B0 2D,0x1B2EE 0x1B2ED,C2 F3,7A F8,0x1B2E0 0x1B2E0,0x2A 0x2A,0x3F1 0x3F2,e9ae2b
0xA273 0xA274 0xA275 0xA276 0xA277,1393,제어,,,0xA273~0xA277,0 1 2 3 4,E8 29 08 28 F8,12 00 23 24 00,0x1B2EC 0x1B2EB 0x1B2EA 0x1B2E9 0x1B2E8,B4 F6 D6 F7 C8,DE CD F1 F3 D0,0x1B2E0 0x1B2E0 0x1B2E0 0x1B2E0 0x1B2E0,0x2A 0x2A 0x2A 0x2A 0x2A,0x3F3 0x3F4 0x3F5 0x3F6 0x3F7,fce4d6
0xA278 0xA279,1394,문자,1240,체,0xA278~0xA279,0 1,38 B8,30 E1,0x1B2E7 0x1B2E6,09 8A,01 B3,0x1B2E0 0x1B2E0,0x2A 0x2A,0x3F8 0x3F9,e9ae2b
0xA27B,1395,문자,1241,␠,0xA27A~0xA27B,1,98,12,0x1B2E4,6C,E6,0x1B2E0,0x2A,0x3FB,e2f0d9
0xA27C 0xA27D,1396,문자,1242,무,0xA27C~0xA27D,0 1,38 A8,00 36,0x1B2E3 0x1B2E2,0D 7E,D5 0C,0x1B2E0 0x1B2E0,0x2A 0x2A,0x3FC 0x3FD,e9ae2b
0xA27E 0xA27F,1397,문자,1243,슨,0xA27E~0xA27F,0 1,28 48,80 3F,0x1B2E1 0x1B2E0,FF 21,57 18,0x1B2E0 0x1B2E0,0x2A 0x2A,0x3FE 0x3FF,e9ae2b
0xA280 0xA281,1398,문자,1244,・,0xA280~0xA281,0 1,18 78,60 12,0x1BAEF 0x1BAEE,EE 4F,36 E9,0x1B6F0 0x1B6F0,0x2A 0x2A,0x000 0x001,e2f0d9
0xA282 0xA283,1399,문자,1245,・,0xA282~0xA283,0 1,28 78,60 12,0x1BAED 0x1BAEC,00 51,38 EB,0x1B6F0 0x1B6F0,0x2A 0x2A,0x002 0x003,e2f0d9
0xA284 0xA285,1400,문자,1246,・,0xA284~0xA285,0 1,19 78,60 12,0x1BAEB 0x1BAEA,F3 53,3A ED,0x1B6F0 0x1B6F0,0x2A 0x2A,0x004 0x005,e2f0d9
0xA286 0xA287,1401,문자,1247,！,0xA286~0xA287,0 1,38 68,A0 12,0x1BAE9 0x1BAE8,14 45,7C EF,0x1B6F0 0x1B6F0,0x2A 0x2A,0x006 0x007,e2f0d9
0xA288 0xA289,1402,문자,1248,？,0xA288~0xA289,0 1,18 60,90 12,0x1BAE7 0x1BAE6,F6 3F,6E F1,0x1B6F0 0x1B6F0,0x2A 0x2A,0x008 0x009,e2f0d9
0xA28A 0xA28B 0xA28C,1403,제어,,,0xA28A~0xA28C,0 1 2,12 60 12,19 00 74,0x1BAE5 0x1BAE4 0x1BAE3,F2 41 F4,F9 E1 56,0x1B6F0 0x1B6F0 0x1B6F0,0x2A 0x2A 0x2A,0x00A 0x00B 0x00C,fce4d6
0xA28D 0xA28E,1404,제어,,,0xA28D~0xA28E,0 1,60 12,15 00,0x1BAE2 0x1BAE1,43 F6,F8 E4,0x1B6F0 0x1B6F0,0x2A 0x2A,0x00D 0x00E,fce4d6
0xA28F 0xA290,1405,제어,,,0xA28F~0xA290,0 1,30 12,17 00,0x1BAE0 0x1BADF,15 F8,FC E6,0x1B6F0 0x1B6F0,0x2A 0x2A,0x00F 0x010,fce4d6
0xA291 0xA293,1406,제어,,,0xA291~0xA293,0 2,15 78,1A 04,0x1BADE 0x1BADC,FC 61,01 ED,0x1B6F0 0x1B6F0,0x2A 0x2A,0x011 0x013,fce4d6
0xA294 0xA295,1407,제어,,,0xA294~0xA295,0 1,28 28,16 00,0x1BADB 0x1BADA,12 13,00 EB,0x1B6F0 0x1B6F0,0x2A 0x2A,0x014 0x015,fce4d6
0xA296 0xA297,1408,문자,1249,더,0xA296~0xA297,0 1,38 20,C0 2D,0x1BAD9 0x1BAD8,24 0D,AC 1A,0x1B6F0 0x1B6F0,0x2A 0x2A,0x016 0x017,e9ae2b
0xA298 0xA299,1409,문자,1250,␠,0xA298~0xA299,0 1,12 F8,18 12,0x1BAD7 0x1BAD6,00 E7,06 01,0x1B6F0 0x1B6F0,0x2A 0x2A,0x018 0x019,e2f0d9
0xA29A 0xA29B,1410,문자,1251,대,0xA29A~0xA29B,0 1,C0 48,B0 2D,0x1BAD5 0x1BAD4,B0 39,A0 1E,0x1B6F0 0x1B6F0,0x2A 0x2A,0x01A 0x01B,e9ae2b
0xA29C 0xA29D,1411,문자,1252,화,0xA29C~0xA29D,0 1,18 E8,80 E4,0x1BAD3 0x1BAD2,0A DB,72 D7,0x1B6F0 0x1B6F0,0x2A 0x2A,0x01C 0x01D,e9ae2b
0xA29E 0xA29F,1412,문자,1253,를,0xA29E~0xA29F,0 1,28 68,50 34,0x1BAD1 0x1BAD0,1C 5D,44 29,0x1B6F0 0x1B6F0,0x2A 0x2A,0x01E 0x01F,e9ae2b
0xA2A0 0xA2A1,1413,문자,1254,␠,0xA2A0~0xA2A1,0 1,C6 B8,18 12,0x1BACF 0x1BACE,BC AF,0E 09,0x1B6F0 0x1B6F0,0x2A 0x2A,0x020 0x021,e2f0d9
0xA2A2 0xA2A3,1414,문자,1255,나,0xA2A2~0xA2A3,0 1,18 98,B0 24,0x1BACD 0x1BACC,10 91,A8 1D,0x1B6F0 0x1B6F0,0x2A 0x2A,0x022 0x023,e9ae2b
0xA2A4 0xA2A5,1415,문자,1256,누,0xA2A4~0xA2A5,0 1,38 D8,C0 25,0x1BACB 0x1BACA,32 D3,BA 20,0x1B6F0 0x1B6F0,0x2A 0x2A,0x024 0x025,e9ae2b
0xA2A6 0xA2A7,1416,문자,1257,어,0xA2A6~0xA2A7,0 1,19 C8,00 70,0x1BAC9 0x1BAC8,15 C5,FC 6D,0x1B6F0 0x1B6F0,0x2A 0x2A,0x026 0x027,e9ae2b
0xA2A8 0xA2A9,1417,문자,1258,봤,0xA2A8~0xA2A9,0 1,38 28,F0 3B,0x1BAC7 0x1BAC6,36 27,EE 3A,0x1B6F0 0x1B6F0,0x2A 0x2A,0x028 0x029,e9ae2b
0xA2AA 0xA2AB,1418,문자,1259,자,0xA2AA~0xA2AB,0 1,39 E8,00 DF,0x1BAC5 0x1BAC4,39 E9,00 E0,0x1B6F0 0x1B6F0,0x2A 0x2A,0x02A 0x02B,e9ae2b
0xA2AC 0xA2AD,1419,문자,1260,␠,0xA2AC~0xA2AD,0 1,86 38,18 12,0x1BAC3 0x1BAC2,88 3B,1A 15,0x1B6F0 0x1B6F0,0x2A 0x2A,0x02C 0x02D,e2f0d9
0xA2AE 0xA2AF,1420,문자,1261,당,0xA2AE~0xA2AF,0 1,28 68,90 2D,0x1BAC1 0x1BAC0,2C 6D,94 32,0x1B6F0 0x1B6F0,0x2A 0x2A,0x02E 0x02F,e9ae2b
0xA2B0 0xA2B1,1421,문자,1262,신,0xA2B0~0xA2B1,0 1,28 F8,D0 3F,0x1BABF 0x1BABE,2E FF,D6 46,0x1B6F0 0x1B6F0,0x2A 0x2A,0x030 0x031,e9ae2b
0xA2B2 0xA2B3,1422,문자,1263,의,0xA2B2~0xA2B3,0 1,18 C8,80 DE,0x1BABD 0x1BABC,20 D1,88 E7,0x1B6F0 0x1B6F0,0x2A 0x2A,0x032 0x033,e9ae2b
0xA2B4 0xA2B5,1423,문자,1264,␠,0xA2B4~0xA2B5,0 1,38 B8,18 12,0x1BABB 0x1BABA,42 C3,22 1D,0x1B6F0 0x1B6F0,0x2A 0x2A,0x034 0x035,e2f0d9
0xA2B6 0xA2B7,1424,문자,1265,베,0xA2B6~0xA2B7,0 1,38 88,90 3B,0x1BAB9 0x1BAB8,44 95,9C 48,0x1B6F0 0x1B6F0,0x2A 0x2A,0x036 0x037,e9ae2b
0xA2B8 0xA2B9,1425,문자,1266,칸,0xA2B8~0xA2B9,0 1,28 E8,D0 E1,0x1BAB7 0x1BAB6,36 F7,DE F0,0x1B6F0 0x1B6F0,0x2A 0x2A,0x038 0x039,e9ae2b
0xA2BA 0xA2BB,1426,문자,1267,타,0xA2BA~0xA2BB,0 1,7E 88,20 E2,0x1BAB5 0x1BAB4,8E 99,30 F3,0x1B6F0 0x1B6F0,0x2A 0x2A,0x03A 0x03B,e9ae2b
0xA2BC 0xA2BD,1427,문자,1268,만,0xA2BC~0xA2BD,0 1,19 68,D0 34,0x1BAB3 0x1BAB2,2B 7B,E2 47,0x1B6F0 0x1B6F0,0x2A 0x2A,0x03C 0x03D,e9ae2b
0xA2BE 0xA2BF,1428,문자,1269,␠,0xA2BE~0xA2BF,0 1,28 48,18 12,0x1BAB1 0x1BAB0,3C 5D,2C 27,0x1B6F0 0x1B6F0,0x2A 0x2A,0x03E 0x03F,e2f0d9
0xA2C0 0xA2C1,1429,문자,1270,커,0xA2C0~0xA2C1,0 1,18 E8,E0 E1,0x1BAAF 0x1BAAE,2E FF,F6 F8,0x1B6F0 0x1B6F0,0x2A 0x2A,0x040 0x041,e9ae2b
0xA2C2 0xA2C3,1430,문자,1271,져,0xA2C2~0xA2C3,0 1,29 98,F0 E7,0x1BAAD 0x1BAAC,41 B1,08 00,0x1B6F0 0x1B6F0,0x2A 0x2A,0x042 0x043,e9ae2b
0xA2C4 0xA2C5,1431,문자,1272,갈,0xA2C4~0xA2C5,0 1,19 60,D0 17,0x1BAAB 0x1BAAA,33 7B,EA 32,0x1B6F0 0x1B6F0,0x2A 0x2A,0x044 0x045,e9ae2b
0xA2C6 0xA2C7,1432,문자,1273,␠,0xA2C6~0xA2C7,0 1,12 60,18 12,0x1BAA9 0x1BAA8,2E 7D,34 2F,0x1B6F0 0x1B6F0,0x2A 0x2A,0x046 0x047,e2f0d9
0xA2C8 0xA2C9,1433,문자,1274,뿐,0xA2C8~0xA2C9,0 1,12 60,90 3C,0x1BAA7 0x1BAA6,30 7F,AE 5B,0x1B6F0 0x1B6F0,0x2A 0x2A,0x048 0x049,e9ae2b
0xA2CA 0xA2CB,1434,문자,1275,・,0xA2CA~0xA2CB,0 1,12 D8,60 12,0x1BAA5 0x1BAA4,32 F9,80 33,0x1B6F0 0x1B6F0,0x2A 0x2A,0x04A 0x04B,e2f0d9
0xA2CC 0xA2CD,1435,문자,1276,・,0xA2CC~0xA2CD,0 1,3A 08,60 12,0x1BAA3 0x1BAA2,5C 2B,82 35,0x1B6F0 0x1B6F0,0x2A 0x2A,0x04C 0x04D,e2f0d9
0xA2CE 0xA2CF,1436,문자,1277,・,0xA2CE~0xA2CF,0 1,1B C8,60 12,0x1BAA1 0x1BAA0,3F ED,84 37,0x1B6F0 0x1B6F0,0x2A 0x2A,0x04E 0x04F,e2f0d9
0xA2D0 0xA2D1,1437,문자,1278,␠,0xA2D0~0xA2D1,0 1,3A 98,18 12,0x1BA9F 0x1BA9E,60 BF,3E 39,0x1B6F0 0x1B6F0,0x2A 0x2A,0x050 0x051,e2f0d9
0xA2D2 0xA2D3,1438,문자,1279,이,0xA2D2~0xA2D3,0 1,1B 28,90 DE,0x1BA9D 0x1BA9C,43 51,B8 07,0x1B6F0 0x1B6F0,0x2A 0x2A,0x052 0x053,e9ae2b
0xA2D4 0xA2D5,1439,문자,1280,대,0xA2D4~0xA2D5,0 1,39 D8,B0 2D,0x1BA9B 0x1BA9A,63 03,DA 58,0x1B6F0 0x1B6F0,0x2A 0x2A,0x054 0x055,e9ae2b
0xA2D6 0xA2D7,1440,문자,1281,로,0xA2D6~0xA2D7,0 1,8B 98,D0 31,0x1BA99 0x1BA98,B7 C5,FC 5E,0x1B6F0 0x1B6F0,0x2A 0x2A,0x056 0x057,e9ae2b
0xA2D8 0xA2D9,1441,문자,1282,␠,0xA2D8~0xA2D9,0 1,19 E8,18 12,0x1BA97 0x1BA96,47 17,46 41,0x1B6F0 0x1B6F0,0x2A 0x2A,0x058 0x059,e2f0d9
0xA2DA 0xA2DB,1442,문자,1283,앞,0xA2DA~0xA2DB,0 1,29 78,00 68,0x1BA95 0x1BA94,59 A9,30 99,0x1B6F0 0x1B6F0,0x2A 0x2A,0x05A 0x05B,e9ae2b
0xA2DC 0xA2DD,1443,문자,1284,으,0xA2DC~0xA2DD,0 1,28 B8,30 DE,0x1BA93 0x1BA92,5A EB,62 11,0x1B6F0 0x1B6F0,0x2A 0x2A,0x05C 0x05D,e9ae2b
0xA2DE 0xA2DF,1444,문자,1285,로,0xA2DE~0xA2DF,0 1,28 20,D0 31,0x1BA91 0x1BA90,5C 55,04 66,0x1B6F0 0x1B6F0,0x2A 0x2A,0x05E 0x05F,e9ae2b
0xA2E0 0xA2E1,1445,문자,1286,␠,0xA2E0~0xA2E1,0 1,12 15,18 12,0x1BA8F 0x1BA8E,48 4C,4E 49,0x1B6F0 0x1B6F0,0x2A 0x2A,0x060 0x061,e2f0d9
0xA2E2 0xA2E3,1446,문자,1287,나,0xA2E2~0xA2E3,0 1,00 B8,B0 24,0x1BA8D 0x1BA8C,38 F1,E8 5D,0x1B6F0 0x1B6F0,0x2A 0x2A,0x062 0x063,e9ae2b
0xA2E4 0xA2E5,1447,문자,1288,아,0xA2E4~0xA2E5,0 1,18 18,00 56,0x1BA8B 0x1BA8A,52 53,3A 91,0x1B6F0 0x1B6F0,0x2A 0x2A,0x064 0x065,e9ae2b
0xA2E6 0xA2E7,1448,문자,1289,가,0xA2E6~0xA2E7,0 1,19 C8,A0 17,0x1BA89 0x1BA88,55 05,DC 54,0x1B6F0 0x1B6F0,0x2A 0x2A,0x066 0x067,e9ae2b
0xA2E8 0xA2E9,1449,문자,1290,주,0xA2E8~0xA2E9,0 1,18 88,F0 F5,0x1BA87 0x1BA86,56 C7,2E 34,0x1B6F0 0x1B6F0,0x2A 0x2A,0x068 0x069,e9ae2b
0xA2EA 0xA2EB,1450,문자,1291,십,0xA2EA~0xA2EB,0 1,18 E8,00 42,0x1BA85 0x1BA84,58 29,40 83,0x1B6F0 0x1B6F0,0x2A 0x2A,0x06A 0x06B,e9ae2b
0xA2EC 0xA2ED,1451,문자,1292,시,0xA2EC~0xA2ED,0 1,28 A8,C0 3F,0x1BA83 0x1BA82,6A EB,02 82,0x1B6F0 0x1B6F0,0x2A 0x2A,0x06C 0x06D,e9ae2b
0xA2EE 0xA2EF,1452,문자,1293,오,0xA2EE~0xA2EF,0 1,28 48,B0 9F,0x1BA81 0x1BA80,6C 8D,F4 E4,0x1B6F0 0x1B6F0,0x2A 0x2A,0x06E 0x06F,e9ae2b
0xA2F0 0xA2F1,1453,문자,1294,、,0xA2F0~0xA2F1,0 1,18 28,20 12,0x1BA7F 0x1BA7E,5E 6F,66 59,0x1B6F0 0x1B6F0,0x2A 0x2A,0x070 0x071,e2f0d9
0xA2F2 0xA2F3,1454,문자,1295,유,0xA2F2~0xA2F3,0 1,38 E8,20 DE,0x1BA7D 0x1BA7C,80 31,68 27,0x1B6F0 0x1B6F0,0x2A 0x2A,0x072 0x073,e9ae2b
0xA2F4 0xA2F5,1455,문자,1296,코,0xA2F4~0xA2F5,0 1,28 28,10 E2,0x1BA7B 0x1BA7A,72 73,5A 2D,0x1B6F0 0x1B6F0,0x2A 0x2A,0x074 0x075,e9ae2b
0xA2F6 0xA2F7,1456,문자,1297,！,0xA2F6~0xA2F7,0 1,39 A8,A0 12,0x1BA79 0x1BA78,85 F5,EC 5F,0x1B6F0 0x1B6F0,0x2A 0x2A,0x076 0x077,e2f0d9
0xA2F8 0xA2F9 0xA2FA,1457,제어,,,0xA2F8~0xA2FA,0 1 2,79 38 28,19 00 76,0x1BA77 0x1BA76 0x1BA75,C7 87 78,67 4F C6,0x1B6F0 0x1B6F0 0x1B6F0,0x2A 0x2A 0x2A,0x078 0x079 0x07A,fce4d6
0xA2FB 0xA2FC,1458,제어,,,0xA2FB~0xA2FC,0 1,68 28,15 00,0x1BA74 0x1BA73,B9 7A,66 52,0x1B6F0 0x1B6F0,0x2A 0x2A,0x07B 0x07C,fce4d6
0xA2FD 0xA2FE,1459,제어,,,0xA2FD~0xA2FE,0 1,28 38,17 00,0x1BA72 0x1BA71,7B 8C,6A 54,0x1B6F0 0x1B6F0,0x2A 0x2A,0x07D 0x07E,fce4d6
0xA2FF 0xA300 0xA301,1460,제어,,,0xA2FF~0xA301,0 1 2,60 12 60,1A 00 03,0x1BA70 0x1BA6F 0x1BA6E,B5 68 B7,6F 56 5A,0x1B6F0 0x1B6F0 0x1B6F0,0x2A 0x2A 0x2A,0x07F 0x080 0x081,fce4d6
0xA303 0xA304,1461,제어,,,0xA302~0xA304,1 2,60 12,00 40,0x1BA6C 0x1BA6B,B9 6C,59 9A,0x1B6F0 0x1B6F0,0x2A 0x2A,0x083 0x084,fce4d6
0xA305 0xA306,1462,제어,,,0xA305~0xA306,0 1,D8 19,16 00,0x1BA6A 0x1BA69,33 75,71 5C,0x1B6F0 0x1B6F0,0x2A 0x2A,0x085 0x086,fce4d6
0xA307 0xA308,1463,제어,,,0xA307~0xA308,0 1,C8 38,10 11,0x1BA68 0x1BA67,25 96,6D 6F,0x1B6F0 0x1B6F0,0x2A 0x2A,0x087 0x088,fce4d6
0xA309 0xA30A,1464,문자,1298,그,0xA309~0xA30A,0 1,C8 18,50 21,0x1BA66 0x1BA65,27 78,AF 81,0x1B6F0 0x1B6F0,0x2A 0x2A,0x089 0x08A,e9ae2b
0xA30B 0xA30C,1465,문자,1299,런,0xA30B~0xA30C,0 1,F8 C0,50 31,0x1BA64 0x1BA63,59 22,B1 93,0x1B6F0 0x1B6F0,0x2A 0x2A,0x08B 0x08C,e9ae2b
0xA30D 0xA30E,1466,문자,1300,・,0xA30D~0xA30E,0 1,E8 B6,60 12,0x1BA62 0x1BA61,4B 1A,C3 76,0x1B6F0 0x1B6F0,0x2A 0x2A,0x08D 0x08E,e2f0d9
0xA30F 0xA310,1467,문자,1301,・,0xA30F~0xA310,0 1,E8 28,60 12,0x1BA60 0x1BA5F,4D 8E,C5 78,0x1B6F0 0x1B6F0,0x2A 0x2A,0x08F 0x090,e2f0d9
0xA311 0xA312,1468,문자,1302,・,0xA311~0xA312,0 1,98 BA,60 12,0x1BA5E 0x1BA5D,FF 22,C7 7A,0x1B6F0 0x1B6F0,0x2A 0x2A,0x091 0x092,e2f0d9
0xA313 0xA314,1469,문자,1303,！,0xA313~0xA314,0 1,F8 59,A0 12,0x1BA5C 0x1BA5B,61 C3,09 7C,0x1B6F0 0x1B6F0,0x2A 0x2A,0x093 0x094,e2f0d9
0xA315 0xA316,1470,문자,1304,␠,0xA315~0xA316,0 1,08 28,18 12,0x1BA5A 0x1BA59,73 94,83 7E,0x1B6F0 0x1B6F0,0x2A 0x2A,0x095 0x096,e2f0d9
0xA317 0xA318,1471,문자,1305,그,0xA317~0xA318,0 1,88 28,50 21,0x1BA58 0x1BA57,F5 96,BD 8F,0x1B6F0 0x1B6F0,0x2A 0x2A,0x097 0x098,e9ae2b
0xA319 0xA31A,1472,문자,1306,런,0xA319~0xA31A,0 1,60 12,50 31,0x1BA56 0x1BA55,CF 82,BF A1,0x1B6F0 0x1B6F0,0x2A 0x2A,0x099 0x09A,e9ae2b
0xA31B,1473,문자,1307,␠,0xA31B~0xA31C,0,60,18,0x1BA54,D1,89,0x1B6F0,0x2A,0x09B,e2f0d9
0xA31D 0xA31E,1474,문자,1308,억,0xA31D~0xA31E,0 1,60 12,00 72,0x1BA52 0x1BA51,D3 86,73 E6,0x1B6F0 0x1B6F0,0x2A 0x2A,0x09D 0x09E,e9ae2b
0xA31F 0xA320,1475,문자,1309,지,0xA31F~0xA320,0 1,15 00,10 E0,0x1BA50 0x1BA4F,8A 76,85 56,0x1B6F0 0x1B6F0,0x2A 0x2A,0x09F 0x0A0,e9ae2b
0xA321 0xA322,1476,문자,1310,가,0xA321~0xA322,0 1,28 18,A0 17,0x1BA4E 0x1BA4D,9F 90,17 8F,0x1B6F0 0x1B6F0,0x2A 0x2A,0x0A1 0x0A2,e9ae2b
0xA323 0xA324,1477,문자,1311,・,0xA323~0xA324,0 1,A8 28,60 12,0x1BA4C 0x1BA4B,21 A2,D9 8C,0x1B6F0 0x1B6F0,0x2A 0x2A,0x0A3 0x0A4,e2f0d9
0xA325 0xA326,1478,문자,1312,・,0xA325~0xA326,0 1,F8 19,60 12,0x1BA4A 0x1BA49,73 95,DB 8E,0x1B6F0 0x1B6F0,0x2A 0x2A,0x0A5 0x0A6,e2f0d9
0xA327 0xA328,1479,문자,1313,・,0xA327~0xA328,0 1,B8 28,60 12,0x1BA48 0x1BA47,35 A6,DD 90,0x1B6F0 0x1B6F0,0x2A 0x2A,0x0A7 0x0A8,e2f0d9
0xA329 0xA32A 0xA32B,1480,제어,,,0xA329~0xA32B,0 1 2,F8 38 B8,12 00 50,0x1BA46 0x1BA45 0x1BA44,77 B8 39,91 80 D1,0x1B6F0 0x1B6F0 0x1B6F0,0x2A 0x2A 0x2A,0x0A9 0x0AA 0x0AB,fce4d6
0xA32C 0xA32D 0xA32E,1481,제어,,,0xA32C~0xA32E,0 1 2,18 38 28,1B 00 02,0x1BA43 0x1BA42 0x1BA41,9A BB AC,9D 83 86,0x1B6F0 0x1B6F0 0x1B6F0,0x2A 0x2A 0x2A,0x0AC 0x0AD 0x0AE,fce4d6
0xA32F 0xA330 0xA331 0xA332 0xA333 0xA334 0xA335 0xA336 0xA337 0xA338 0xA339 0xA33A 0xA33B 0xA33C 0xA33D 0xA33E 0xA33F 0xA340 0xA341 0xA342 0xA343 0xA344 0xA345 0xA346,1482,제어,,,0xA32F~0xA346,0 1 2 3 4 5 6 7 8 9 10 11 12 13 14 15 16 17 18 19 20 21 22 23,68 28 28 38 98 38 88 18 B8 38 88 28 48 18 48 18 E8 28 78 28 98 19 C8 18,14 00 01 63 36 20 52 31 46 52 15 47 53 72 41 54 20 36 57 42 17 73 70 80,0x1BA40 0x1BA3F 0x1BA3E 0x1BA3D 0x1BA3C 0x1BA3B 0x1BA3A 0x1BA39 0x1BA38 0x1BA37 0x1BA36 0x1BA35 0x1BA34 0x1BA33 0x1BA32 0x1BA31 0x1BA30 0x1BA2F 0x1BA2E 0x1BA2D 0x1BA2C 0x1BA2B 0x1BA2A 0x1BA29,ED AE AF C0 21 C2 13 A4 45 C6 17 B8 D9 AA DB AC 7D BE 0F C0 31 B3 63 B4,99 86 88 EB BF AA DD BD D3 E0 A4 D7 E4 04 D4 E8 B5 CC EE DA B0 0D 0B 1C,0x1B6F0 0x1B6F0 0x1B6F0 0x1B6F0 0x1B6F0 0x1B6F0 0x1B6F0 0x1B6F0 0x1B6F0 0x1B6F0 0x1B6F0 0x1B6F0 0x1B6F0 0x1B6F0 0x1B6F0 0x1B6F0 0x1B6F0 0x1B6F0 0x1B6F0 0x1B6F0 0x1B6F0 0x1B6F0 0x1B6F0 0x1B6F0,0x2A 0x2A 0x2A 0x2A 0x2A 0x2A 0x2A 0x2A 0x2A 0x2A 0x2A 0x2A 0x2A 0x2A 0x2A 0x2A 0x2A 0x2A 0x2A 0x2A 0x2A 0x2A 0x2A 0x2A,0x0AF 0x0B0 0x0B1 0x0B2 0x0B3 0x0B4 0x0B5 0x0B6 0x0B7 0x0B8 0x0B9 0x0BA 0x0BB 0x0BC 0x0BD 0x0BE 0x0BF 0x0C0 0x0C1 0x0C2 0x0C3 0x0C4 0x0C5 0x0C6,fce4d6
0xA347 0xA348 0xA349 0xA34A 0xA34B 0xA34C 0xA34D 0xA34E 0xA34F 0xA350 0xA351 0xA352 0xA353 0xA354 0xA355 0xA356 0xA357 0xA358 0xA359 0xA35A 0xA35B 0xA35C 0xA35D 0xA35E,1483,제어,,,0xA347~0xA35E,0 1 2 3 4 5 6 7 8 9 10 11 12 13 14 15 16 17 18 19 20 21 22 23,60 12 60 12 60 12 0F 00 00 00 00 00 00 00 00 00 00 00 00 00 00 00 00 00,14 00 01 63 36 20 52 31 46 52 15 47 53 72 41 54 20 36 57 42 17 73 70 80,0x1BA28 0x1BA27 0x1BA26 0x1BA25 0x1BA24 0x1BA23 0x1BA22 0x1BA21 0x1BA20 0x1BA1F 0x1BA1E 0x1BA1D 0x1BA1C 0x1BA1B 0x1BA1A 0x1BA19 0x1BA18 0x1BA17 0x1BA16 0x1BA15 0x1BA14 0x1BA13 0x1BA12 0x1BA11,FD B0 FF B2 01 B4 B2 A4 A5 A6 A7 A8 A9 AA AB AC AD AE AF B0 B1 B2 B3 B4,B1 9E A0 03 D7 C2 F5 D5 EB F8 BC EF FC 1C EC 00 CD E4 06 F2 C8 25 23 34,0x1B6F0 0x1B6F0 0x1B6F0 0x1B6F0 0x1B6F0 0x1B6F0 0x1B6F0 0x1B6F0 0x1B6F0 0x1B6F0 0x1B6F0 0x1B6F0 0x1B6F0 0x1B6F0 0x1B6F0 0x1B6F0 0x1B6F0 0x1B6F0 0x1B6F0 0x1B6F0 0x1B6F0 0x1B6F0 0x1B6F0 0x1B6F0,0x2A 0x2A 0x2A 0x2A 0x2A 0x2A 0x2A 0x2A 0x2A 0x2A 0x2A 0x2A 0x2A 0x2A 0x2A 0x2A 0x2A 0x2A 0x2A 0x2A 0x2A 0x2A 0x2A 0x2A,0x0C7 0x0C8 0x0C9 0x0CA 0x0CB 0x0CC 0x0CD 0x0CE 0x0CF 0x0D0 0x0D1 0x0D2 0x0D3 0x0D4 0x0D5 0x0D6 0x0D7 0x0D8 0x0D9 0x0DA 0x0DB 0x0DC 0x0DD 0x0DE,fce4d6
0xA35F 0xA361 0xA362 0xA363 0xA364 0xA365 0xA366 0xA367 0xA368 0xA369 0xA36A 0xA36B 0xA36C 0xA36D 0xA36E 0xA36F 0xA370 0xA371 0xA372 0xA373 0xA374 0xA375 0xA376,1484,제어,,,0xA35F~0xA376,0 2 3 4 5 6 7 8 9 10 11 12 13 14 15 16 17 18 19 20 21 22 23,00 00 00 00 00 00 00 00 00 00 00 00 00 00 00 00 00 00 00 00 00 00 00,14 01 63 36 20 52 31 46 52 15 47 53 72 41 54 20 36 57 42 17 73 70 80,0x1BA10 0x1BA0E 0x1BA0D 0x1BA0C 0x1BA0B 0x1BA0A 0x1BA09 0x1BA08 0x1BA07 0x1BA06 0x1BA05 0x1BA04 0x1BA03 0x1BA02 0x1BA01 0x1BA00 0x1B9FF 0x1B9FE 0x1B9FD 0x1B9FC 0x1B9FB 0x1B9FA 0x1B9F9,B5 B7 B8 B9 BA BB BC BD BE BF C0 C1 C2 C3 C4 C5 C6 C7 C8 C9 CA CB CC,C9 B8 1B EF DA 0D ED 03 10 D4 07 14 34 04 18 E5 FC 1E 0A E0 3D 3B 4C,0x1B6F0 0x1B6F0 0x1B6F0 0x1B6F0 0x1B6F0 0x1B6F0 0x1B6F0 0x1B6F0 0x1B6F0 0x1B6F0 0x1B6F0 0x1B6F0 0x1B6F0 0x1B6F0 0x1B6F0 0x1B6F0 0x1B6F0 0x1B6F0 0x1B6F0 0x1B6F0 0x1B6F0 0x1B6F0 0x1B6F0,0x2A 0x2A 0x2A 0x2A 0x2A 0x2A 0x2A 0x2A 0x2A 0x2A 0x2A 0x2A 0x2A 0x2A 0x2A 0x2A 0x2A 0x2A 0x2A 0x2A 0x2A 0x2A 0x2A,0x0DF 0x0E1 0x0E2 0x0E3 0x0E4 0x0E5 0x0E6 0x0E7 0x0E8 0x0E9 0x0EA 0x0EB 0x0EC 0x0ED 0x0EE 0x0EF 0x0F0 0x0F1 0x0F2 0x0F3 0x0F4 0x0F5 0x0F6,fce4d6
0xA377 0xA379 0xA37A 0xA37B 0xA37C 0xA37D 0xA37E 0xA37F 0xA380 0xA381 0xA382 0xA383 0xA384 0xA385 0xA386 0xA387 0xA388 0xA389 0xA38A 0xA38B 0xA38C 0xA38D 0xA38E,1485,제어,,,0xA377~0xA38E,0 2 3 4 5 6 7 8 9 10 11 12 13 14 15 16 17 18 19 20 21 22 23,00 00 00 00 00 00 00 00 30 9D 10 12 10 12 00 B2 90 F9 10 12 10 12 10,14 01 63 36 20 52 31 46 52 15 47 53 72 41 54 20 36 57 42 17 73 70 80,0x1B9F8 0x1B9F6 0x1B9F5 0x1B9F4 0x1B9F3 0x1B9F2 0x1B9F1 0x1B9F0 0x1B9EF 0x1B9EE 0x1B9ED 0x1B9EC 0x1B9EB 0x1B9EA 0x1B9E9 0x1B9E8 0x1B9E7 0x1B9E6 0x1B9E5 0x1B9E4 0x1B9E3 0x1B9E2 0x1B9E1,CD CF D0 D1 D2 D3 D4 D6 07 75 E9 EC EB EE DD 90 6F D9 F1 F4 F3 F6 F5,E1 D0 33 07 F2 25 05 1C 29 ED 20 2D 4D 1D 31 FE 15 37 23 F9 56 54 65,0x1B6F0 0x1B6F0 0x1B6F0 0x1B6F0 0x1B6F0 0x1B6F0 0x1B6F0 0x1B6F0 0x1B6F0 0x1B6F0 0x1B6F0 0x1B6F0 0x1B6F0 0x1B6F0 0x1B6F0 0x1B6F0 0x1B6F0 0x1B6F0 0x1B6F0 0x1B6F0 0x1B6F0 0x1B6F0 0x1B6F0,0x2A 0x2A 0x2A 0x2A 0x2A 0x2A 0x2A 0x2A 0x2A 0x2A 0x2A 0x2A 0x2A 0x2A 0x2A 0x2A 0x2A 0x2A 0x2A 0x2A 0x2A 0x2A 0x2A,0x0F7 0x0F9 0x0FA 0x0FB 0x0FC 0x0FD 0x0FE 0x0FF 0x100 0x101 0x102 0x103 0x104 0x105 0x106 0x107 0x108 0x109 0x10A 0x10B 0x10C 0x10D 0x10E,fce4d6
0xA38F 0xA390 0xA391 0xA392 0xA393 0xA394 0xA395 0xA396 0xA397 0xA398 0xA399 0xA39A,1486,제어,,,0xA38F~0xA39A,0 1 2 3 4 5 6 7 8 9 10 11,12 10 12 10 12 10 12 10 12 10 12 10,14 00 01 00 17 27 37 47 57 67 77 80,0x1B9E0 0x1B9DF 0x1B9DE 0x1B9DD 0x1B9DC 0x1B9DB 0x1B9DA 0x1B9D9 0x1B9D8 0x1B9D7 0x1B9D6 0x1B9D5,F8 F7 FA F9 FC FB FE FD 00 FF 02 01,FA E7 E9 E9 01 12 23 34 45 56 67 71,0x1B6F0 0x1B6F0 0x1B6F0 0x1B6F0 0x1B6F0 0x1B6F0 0x1B6F0 0x1B6F0 0x1B6F0 0x1B6F0 0x1B6F0 0x1B6F0,0x2A 0x2A 0x2A 0x2A 0x2A 0x2A 0x2A 0x2A 0x2A 0x2A 0x2A 0x2A,0x10F 0x110 0x111 0x112 0x113 0x114 0x115 0x116 0x117 0x118 0x119 0x11A,fce4d6
0xA39B 0xA39C,1487,문자,1314,␠,0xA39B~0xA39C,0 1,12 10,18 12,0x1B9D4 0x1B9D3,04 03,0A 05,0x1B6F0 0x1B6F0,0x2A 0x2A,0x11B 0x11C,e2f0d9
0xA39D 0xA39E,1488,문자,1315,아,0xA39D~0xA39E,0 1,12 10,00 56,0x1B9D2 0x1B9D1,06 05,F4 4B,0x1B6F0 0x1B6F0,0x2A 0x2A,0x11D 0x11E,e9ae2b
0xA39F 0xA3A0,1489,문자,1316,앗,0xA39F~0xA3A0,0 1,12 10,00 64,0x1B9D0 0x1B9CF,08 07,F6 5B,0x1B6F0 0x1B6F0,0x2A 0x2A,0x11F 0x120,e9ae2b
0xA3A1 0xA3A2,1490,문자,1317,!,0xA3A1~0xA3A2,0 1,12 10,A0 12,0x1B9CE 0x1B9CD,0A 09,98 0B,0x1B6F0 0x1B6F0,0x2A 0x2A,0x121 0x122,e2f0d9
0xA3A3 0xA3A4 0xA3A5,1491,제어,,,0xA3A3~0xA3A5,0 1 2,12 10 12,19 00 74,0x1B9CC 0x1B9CB 0x1B9CA,0C 0B 0E,13 FB 70,0x1B6F0 0x1B6F0 0x1B6F0,0x2A 0x2A 0x2A,0x123 0x124 0x125,fce4d6
0xA3A6 0xA3A7,1492,제어,,,0xA3A6~0xA3A7,0 1,10 12,15 00,0x1B9C9 0x1B9C8,0D 10,12 FE,0x1B6F0 0x1B6F0,0x2A 0x2A,0x126 0x127,fce4d6
0xA3A8 0xA3A9,1493,제어,,,0xA3A8~0xA3A9,0 1,40 8A,17 00,0x1B9C7 0x1B9C6,3F 8A,16 00,0x1B6F0 0x1B6F0,0x2A 0x2A,0x128 0x129,fce4d6
0xA3AA 0xA3AB 0xA3AC,1494,제어,,,0xA3AA~0xA3AC,0 1 2,60 C6 10,1A 00 04,0x1B9C5 0x1B9C4 0x1B9C3,61 C8 13,1B 02 07,0x1B6F0 0x1B6F0 0x1B6F0,0x2A 0x2A 0x2A,0x12A 0x12B 0x12C,fce4d6
0xA3AD 0xA3AE 0xA3AF 0xA3B0 0xA3B1 0xA3B2 0xA3B3 0xA3B4 0xA3B5 0xA3B6 0xA3B7 0xA3B8,1495,제어,,,0xA3AD~0xA3B8,0 1 2 3 4 5 6 7 8 9 10 11,12 40 F2 10 12 10 12 10 12 10 12 10,14 00 00 00 11 22 33 44 55 66 77 80,0x1B9C2 0x1B9C1 0x1B9C0 0x1B9BF 0x1B9BE 0x1B9BD 0x1B9BC 0x1B9BB 0x1B9BA 0x1B9B9 0x1B9B8 0x1B9B7,16 45 F8 17 1A 19 1C 1B 1E 1D 20 1F,18 05 06 07 19 2B 3D 4F 61 73 85 8F,0x1B6F0 0x1B6F0 0x1B6F0 0x1B6F0 0x1B6F0 0x1B6F0 0x1B6F0 0x1B6F0 0x1B6F0 0x1B6F0 0x1B6F0 0x1B6F0,0x2A 0x2A 0x2A 0x2A 0x2A 0x2A 0x2A 0x2A 0x2A 0x2A 0x2A 0x2A,0x12D 0x12E 0x12F 0x130 0x131 0x132 0x133 0x134 0x135 0x136 0x137 0x138,fce4d6
0xA3B9 0xA3BA,1496,제어,,,0xA3B9~0xA3BA,0 1,12 10,16 00,0x1B9B6 0x1B9B5,22 21,26 11,0x1B6F0 0x1B6F0,0x2A 0x2A,0x139 0x13A,fce4d6
0xA3BB 0xA3BC,1497,문자,1318,・,0xA3BB~0xA3BC,0 1,12 10,60 12,0x1B9B4 0x1B9B3,24 23,72 25,0x1B6F0 0x1B6F0,0x2A 0x2A,0x13B 0x13C,e2f0d9
0xA3BD 0xA3BE,1498,문자,1319,・,0xA3BD~0xA3BE,0 1,12 10,60 12,0x1B9B2 0x1B9B1,26 25,74 27,0x1B6F0 0x1B6F0,0x2A 0x2A,0x13D 0x13E,e2f0d9
0xA3BF 0xA3C0,1499,문자,1320,・,0xA3BF~0xA3C0,0 1,12 10,60 12,0x1B9B0 0x1B9AF,28 27,76 29,0x1B6F0 0x1B6F0,0x2A 0x2A,0x13F 0x140,e2f0d9
0xA3C1 0xA3C2,1500,문자,1321,제,0xA3C1~0xA3C2,0 1,12 10,F8 E3,0x1B9AE 0x1B9AD,2A 29,10 FC,0x1B6F0 0x1B6F0,0x2A 0x2A,0x141 0x142,e2f0d9
0xA3C3 0xA3C4,1501,문자,1322,가,0xA3C3~0xA3C4,0 1,12 10,A8 17,0x1B9AC 0x1B9AB,2C 2B,C2 32,0x1B6F0 0x1B6F0,0x2A 0x2A,0x143 0x144,e2f0d9
0xA3C5 0xA3C6,1502,문자,1323,␠,0xA3C5~0xA3C6,0 1,12 10,18 12,0x1B9AA 0x1B9A9,2E 2D,34 2F,0x1B6F0 0x1B6F0,0x2A 0x2A,0x145 0x146,e2f0d9
0xA3C7 0xA3C8,1503,문자,1324,한,0xA3C7~0xA3C8,0 1,12 10,78 E3,0x1B9A8 0x1B9A7,30 2F,96 02,0x1B6F0 0x1B6F0,0x2A 0x2A,0x147 0x148,e2f0d9
0xA3C9 0xA3CA,1504,문자,1325,␠,0xA3C9~0xA3CA,0 1,12 10,18 12,0x1B9A6 0x1B9A5,32 31,38 33,0x1B6F0 0x1B6F0,0x2A 0x2A,0x149 0x14A,e2f0d9
0xA3CB 0xA3CC,1505,문자,1326,말,0xA3CB~0xA3CC,0 1,12 10,F8 34,0x1B9A4 0x1B9A3,34 33,1A 57,0x1B6F0 0x1B6F0,0x2A 0x2A,0x14B 0x14C,e2f0d9
0xA3CD 0xA3CE,1506,문자,1327,의,0xA3CD~0xA3CE,0 1,12 10,88 DE,0x1B9A2 0x1B9A1,36 35,AC 03,0x1B6F0 0x1B6F0,0x2A 0x2A,0x14D 0x14E,e2f0d9
0xA3CF 0xA3D0,1507,문자,1328,␠,0xA3CF~0xA3D0,0 1,12 B0,18 12,0x1B9A0 0x1B99F,38 D7,3E 39,0x1B6F0 0x1B6F0,0x2A 0x2A,0x14F 0x150,e2f0d9
0xA3D1 0xA3D2,1508,문자,1329,의,0xA3D1~0xA3D2,0 1,49 40,88 DE,0x1B99E 0x1B99D,71 69,B0 07,0x1B6F0 0x1B6F0,0x2A 0x2A,0x151 0x152,e2f0d9
0xA3D3 0xA3D4,1509,문자,1330,미,0xA3D3~0xA3D4,0 1,66 10,58 39,0x1B99C 0x1B99B,90 3B,82 64,0x1B6F0 0x1B6F0,0x2A 0x2A,0x153 0x154,e2f0d9
0xA3D5 0xA3D6,1510,문자,1331,를,0xA3D5~0xA3D6,0 1,12 00,58 34,0x1B99A 0x1B999,3E 2D,84 61,0x1B6F0 0x1B6F0,0x2A 0x2A,0x155 0x156,e2f0d9
0xA3D7 0xA3D8,1511,문자,1332,・,0xA3D7~0xA3D8,0 1,73 10,60 12,0x1B998 0x1B997,A1 3F,8E 41,0x1B6F0 0x1B6F0,0x2A 0x2A,0x157 0x158,e2f0d9
0xA3D9 0xA3DA,1512,문자,1333,・,0xA3D9~0xA3DA,0 1,12 10,60 12,0x1B996 0x1B995,42 41,90 43,0x1B6F0 0x1B6F0,0x2A 0x2A,0x159 0x15A,e2f0d9
0xA3DB 0xA3DC,1513,문자,1334,・,0xA3DB~0xA3DC,0 1,12 10,60 12,0x1B994 0x1B993,44 43,92 45,0x1B6F0 0x1B6F0,0x2A 0x2A,0x15B 0x15C,e2f0d9
0xA3DD 0xA3DE,1514,문자,1335,␠,0xA3DD~0xA3DE,0 1,12 10,18 12,0x1B992 0x1B991,46 45,4C 47,0x1B6F0 0x1B6F0,0x2A 0x2A,0x15D 0x15E,e2f0d9
0xA3DF 0xA3E0,1515,문자,1336,당,0xA3DF~0xA3E0,0 1,12 10,98 2D,0x1B990 0x1B98F,48 47,CE 64,0x1B6F0 0x1B6F0,0x2A 0x2A,0x15F 0x160,e2f0d9
0xA3E1 0xA3E2,1516,문자,1337,신,0xA3E1~0xA3E2,0 1,12 10,D8 3F,0x1B98E 0x1B98D,4A 49,10 78,0x1B6F0 0x1B6F0,0x2A 0x2A,0x161 0x162,e2f0d9
0xA3E3 0xA3E4,1517,문자,1338,은,0xA3E3~0xA3E4,0 1,12 10,48 DE,0x1B98C 0x1B98B,4C 4B,82 19,0x1B6F0 0x1B6F0,0x2A 0x2A,0x163 0x164,e2f0d9
0xA3E5 0xA3E6,1518,문자,1339,␠,0xA3E5~0xA3E6,0 1,12 10,18 12,0x1B98A 0x1B989,4E 4D,54 4F,0x1B6F0 0x1B6F0,0x2A 0x2A,0x165 0x166,e2f0d9
0xA3E7 0xA3E8,1519,문자,1340,아,0xA3E7~0xA3E8,0 1,12 10,08 56,0x1B988 0x1B987,50 4F,46 95,0x1B6F0 0x1B6F0,0x2A 0x2A,0x167 0x168,e2f0d9
0xA3E9 0xA3EA,1520,문자,1341,직,0xA3E9~0xA3EA,0 1,12 10,28 E0,0x1B986 0x1B985,52 51,68 21,0x1B6F0 0x1B6F0,0x2A 0x2A,0x169 0x16A,e2f0d9
0xA3EB 0xA3EC,1521,문자,1342,␠,0xA3EB~0xA3EC,0 1,12 10,18 12,0x1B984 0x1B983,54 53,5A 55,0x1B6F0 0x1B6F0,0x2A 0x2A,0x16B 0x16C,e2f0d9
0xA3ED 0xA3EE,1522,문자,1343,이,0xA3ED~0xA3EE,0 1,12 10,98 DE,0x1B982 0x1B981,56 55,DC 23,0x1B6F0 0x1B6F0,0x2A 0x2A,0x16D 0x16E,e2f0d9
0xA3EF 0xA3F0,1523,문자,1344,해,0xA3EF~0xA3F0,0 1,12 10,B8 E3,0x1B980 0x1B97F,58 57,FE 2A,0x1B6F0 0x1B6F0,0x2A 0x2A,0x16F 0x170,e2f0d9
0xA3F1 0xA3F2,1524,문자,1345,하,0xA3F1~0xA3F2,0 1,12 10,58 E3,0x1B97E 0x1B97D,5A 59,A0 2C,0x1B6F0 0x1B6F0,0x2A 0x2A,0x171 0x172,e2f0d9
0xA3F3 0xA3F4,1525,문자,1346,지,0xA3F3~0xA3F4,0 1,12 10,18 E0,0x1B97C 0x1B97B,5C 5B,62 2B,0x1B6F0 0x1B6F0,0x2A 0x2A,0x173 0x174,e2f0d9
0xA3F5 0xA3F6,1526,문자,1347,␠,0xA3F5~0xA3F6,0 1,12 10,18 12,0x1B97A 0x1B979,5E 5D,64 5F,0x1B6F0 0x1B6F0,0x2A 0x2A,0x175 0x176,e2f0d9
0xA3F7 0xA3F8,1527,문자,1348,못,0xA3F7~0xA3F8,0 1,12 B0,E8 35,0x1B978 0x1B977,60 FF,36 84,0x1B6F0 0x1B6F0,0x2A 0x2A,0x177 0x178,e2f0d9
0xA3F9 0xA3FA,1528,문자,1349,하,0xA3F9~0xA3FA,0 1,E0 40,58 E3,0x1B976 0x1B975,30 91,A8 34,0x1B6F0 0x1B6F0,0x2A 0x2A,0x179 0x17A,e2f0d9
0xA3FB 0xA3FC,1529,문자,1350,겠,0xA3FB~0xA3FC,0 1,8A 10,18 20,0x1B974 0x1B973,DC 63,6A 73,0x1B6F0 0x1B6F0,0x2A 0x2A,0x17B 0x17C,e2f0d9
0xA3FD 0xA3FE,1530,문자,1351,지,0xA3FD~0xA3FE,0 1,12 C0,18 E0,0x1B972 0x1B971,66 15,6C 35,0x1B6F0 0x1B6F0,0x2A 0x2A,0x17D 0x17E,e2f0d9
0xA3FF 0xA400,1531,문자,1352,요,0xA3FF~0xA400,0 1,B2 30,F8 C7,0x1B970 0x1B96F,08 87,4E 1E,0x1B6F0 0x1B6F0,0x2A 0x2A,0x17F 0x180,e2f0d9
0xA401 0xA402,1532,문자,1353,・,0xA401~0xA402,0 1,78 10,60 12,0x1B96E 0x1B96D,D0 69,B8 6B,0x1B6F0 0x1B6F0,0x2A 0x2A,0x181 0x182,e2f0d9
0xA403 0xA404,1533,문자,1354,・,0xA403~0xA404,0 1,12 10,60 12,0x1B96C 0x1B96B,6C 6B,BA 6D,0x1B6F0 0x1B6F0,0x2A 0x2A,0x183 0x184,e2f0d9
0xA405 0xA406,1534,문자,1355,・,0xA405~0xA406,0 1,12 10,60 12,0x1B96A 0x1B969,6E 6D,BC 6F,0x1B6F0 0x1B6F0,0x2A 0x2A,0x185 0x186,e2f0d9
0xA407 0xA408,1535,문자,1356,。,0xA407~0xA408,0 1,12 10,30 12,0x1B968 0x1B967,70 6F,8E 71,0x1B6F0 0x1B6F0,0x2A 0x2A,0x187 0x188,e2f0d9
0xA409 0xA40A,1536,제어,,,0xA409~0xA40A,0 1,12 30,15 00,0x1B966 0x1B965,72 91,75 61,0x1B6F0 0x1B6F0,0x2A 0x2A,0x189 0x18A,fce4d6
0xA40B 0xA40C,1537,문자,1357,하,0xA40B~0xA40C,0 1,8C C0,58 E3,0x1B964 0x1B963,EE 23,BA 46,0x1B6F0 0x1B6F0,0x2A 0x2A,0x18B 0x18C,e2f0d9
0xA40D 0xA40E,1538,문자,1358,지,0xA40D~0xA40E,0 1,F8 A0,18 E0,0x1B962 0x1B961,5C 05,7C 45,0x1B6F0 0x1B6F0,0x2A 0x2A,0x18D 0x18E,e2f0d9
0xA40F 0xA410,1539,문자,1359,만,0xA40F~0xA410,0 1,F1 C0,D8 34,0x1B960 0x1B95F,57 27,3E 9B,0x1B6F0 0x1B6F0,0x2A 0x2A,0x18F 0x190,e2f0d9
0xA411 0xA412,1540,문자,1360,␠,0xA411~0xA412,0 1,A4 10,18 12,0x1B95E 0x1B95D,0C 79,80 7B,0x1B6F0 0x1B6F0,0x2A 0x2A,0x191 0x192,e2f0d9
0xA413 0xA414,1541,문자,1361,싸,0xA413~0xA414,0 1,12 10,08 46,0x1B95C 0x1B95B,7C 7B,72 B1,0x1B6F0 0x1B6F0,0x2A 0x2A,0x193 0x194,e2f0d9
0xA415 0xA416,1542,문자,1362,움,0xA415~0xA416,0 1,12 10,F8 D5,0x1B95A 0x1B959,7E 7D,64 42,0x1B6F0 0x1B6F0,0x2A 0x2A,0x195 0x196,e2f0d9
0xA417 0xA418,1543,문자,1363,␠,0xA417~0xA418,0 1,12 10,18 12,0x1B958 0x1B957,80 7F,86 81,0x1B6F0 0x1B6F0,0x2A 0x2A,0x197 0x198,e2f0d9
0xA419 0xA41A,1544,문자,1364,속,0xA419~0xA41A,0 1,12 10,E8 3D,0x1B956 0x1B955,82 81,58 AE,0x1B6F0 0x1B6F0,0x2A 0x2A,0x199 0x19A,e2f0d9
0xA41B 0xA41C,1545,문자,1365,에,0xA41B~0xA41C,0 1,12 10,48 9F,0x1B954 0x1B953,84 83,BA 12,0x1B6F0 0x1B6F0,0x2A 0x2A,0x19B 0x19C,e2f0d9
0xA41D 0xA41E,1546,문자,1366,서,0xA41D~0xA41E,0 1,12 10,58 3D,0x1B952 0x1B951,86 85,CC B2,0x1B6F0 0x1B6F0,0x2A 0x2A,0x19D 0x19E,e2f0d9
0xA41F 0xA420,1547,문자,1367,␠,0xA41F~0xA420,0 1,12 90,18 12,0x1B950 0x1B94F,88 07,8E 89,0x1B6F0 0x1B6F0,0x2A 0x2A,0x19F 0x1A0,e2f0d9
0xA421 0xA422,1548,문자,1368,그,0xA421~0xA422,0 1,51 10,58 21,0x1B94E 0x1B94D,C9 89,D0 9A,0x1B6F0 0x1B6F0,0x2A 0x2A,0x1A1 0x1A2,e2f0d9
0xA423 0xA424,1549,문자,1369,␠,0xA423~0xA424,0 1,12 10,18 12,0x1B94C 0x1B94B,8C 8B,92 8D,0x1B6F0 0x1B6F0,0x2A 0x2A,0x1A3 0x1A4,e2f0d9
0xA425 0xA426,1550,문자,1370,의,0xA425~0xA426,0 1,12 E0,88 DE,0x1B94A 0x1B949,8E 5D,04 5B,0x1B6F0 0x1B6F0,0x2A 0x2A,0x1A5 0x1A6,e2f0d9
0xA427 0xA428,1551,문자,1371,미,0xA427~0xA428,0 1,F2 10,58 39,0x1B948 0x1B947,70 8F,D6 B8,0x1B6F0 0x1B6F0,0x2A 0x2A,0x1A7 0x1A8,e2f0d9
0xA429 0xA42A,1552,문자,1372,를,0xA429~0xA42A,0 1,12 10,58 34,0x1B946 0x1B945,92 91,D8 B5,0x1B6F0 0x1B6F0,0x2A 0x2A,0x1A9 0x1AA,e2f0d9
0xA42B 0xA42C,1553,문자,1373,␠,0xA42B~0xA42C,0 1,12 10,18 12,0x1B944 0x1B943,94 93,9A 95,0x1B6F0 0x1B6F0,0x2A 0x2A,0x1AB 0x1AC,e2f0d9
0xA42D 0xA42E,1554,문자,1374,깨,0xA42D~0xA42E,0 1,12 10,08 24,0x1B942 0x1B941,96 95,8C A9,0x1B6F0 0x1B6F0,0x2A 0x2A,0x1AD 0x1AE,e2f0d9
0xA42F 0xA430,1555,문자,1375,달,0xA42F~0xA430,0 1,12 10,F8 27,0x1B940 0x1B93F,98 97,7E AE,0x1B6F0 0x1B6F0,0x2A 0x2A,0x1AF 0x1B0,e2f0d9
0xA431 0xA432,1556,문자,1376,아,0xA431~0xA432,0 1,12 10,08 56,0x1B93E 0x1B93D,9A 99,90 DF,0x1B6F0 0x1B6F0,0x2A 0x2A,0x1B1 0x1B2,e2f0d9
0xA433 0xA434,1557,문자,1377,␠,0xA433~0xA434,0 1,12 10,18 12,0x1B93C 0x1B93B,9C 9B,A2 9D,0x1B6F0 0x1B6F0,0x2A 0x2A,0x1B3 0x1B4,e2f0d9
0xA435 0xA436,1558,문자,1378,주,0xA435~0xA436,0 1,12 10,F8 F5,0x1B93A 0x1B939,9E 9D,84 82,0x1B6F0 0x1B6F0,0x2A 0x2A,0x1B5 0x1B6,e2f0d9
0xA437 0xA438,1559,문자,1379,리,0xA437~0xA438,0 1,12 10,78 34,0x1B938 0x1B937,A0 9F,06 C3,0x1B6F0 0x1B6F0,0x2A 0x2A,0x1B7 0x1B8,e2f0d9
0xA439 0xA43A,1560,문자,1380,라,0xA439~0xA43A,0 1,12 10,F8 30,0x1B936 0x1B935,A2 A1,88 C1,0x1B6F0 0x1B6F0,0x2A 0x2A,0x1B9 0x1BA,e2f0d9
0xA43B 0xA43C,1561,문자,1381,␠,0xA43B~0xA43C,0 1,12 10,18 12,0x1B934 0x1B933,A4 A3,AA A5,0x1B6F0 0x1B6F0,0x2A 0x2A,0x1BB 0x1BC,e2f0d9
0xA43D 0xA43E,1562,문자,1382,믿,0xA43D~0xA43E,0 1,12 10,78 39,0x1B932 0x1B931,A6 A5,0C CE,0x1B6F0 0x1B6F0,0x2A 0x2A,0x1BD 0x1BE,e2f0d9
0xA43F 0xA440,1563,문자,1383,고,0xA43F~0xA440,0 1,12 10,88 20,0x1B930 0x1B92F,A8 A7,1E B7,0x1B6F0 0x1B6F0,0x2A 0x2A,0x1BF 0x1C0,e2f0d9
0xA441 0xA442,1564,문자,1384,␠,0xA441~0xA442,0 1,12 10,18 12,0x1B92E 0x1B92D,AA A9,B0 AB,0x1B6F0 0x1B6F0,0x2A 0x2A,0x1C1 0x1C2,e2f0d9
0xA443 0xA444,1565,문자,1385,있,0xA443~0xA444,0 1,12 10,F8 DE,0x1B92C 0x1B92B,AC AB,92 79,0x1B6F0 0x1B6F0,0x2A 0x2A,0x1C3 0x1C4,e2f0d9
0xA445 0xA446,1566,문자,1386,습,0xA445~0xA446,0 1,12 10,A8 3F,0x1B92A 0x1B929,AE AD,44 DC,0x1B6F0 0x1B6F0,0x2A 0x2A,0x1C5 0x1C6,e2f0d9
0xA447 0xA448,1567,문자,1387,니,0xA447~0xA448,0 1,12 10,F8 25,0x1B928 0x1B927,B0 AF,96 C4,0x1B6F0 0x1B6F0,0x2A 0x2A,0x1C7 0x1C8,e2f0d9
0xA449 0xA44A,1568,문자,1388,다,0xA449~0xA44A,0 1,12 10,C8 27,0x1B926 0x1B925,B2 B1,68 C8,0x1B6F0 0x1B6F0,0x2A 0x2A,0x1C9 0x1CA,e2f0d9
0xA44B 0xA44C,1569,문자,1389,・,0xA44B~0xA44C,0 1,12 10,60 12,0x1B924 0x1B923,B4 B3,02 B5,0x1B6F0 0x1B6F0,0x2A 0x2A,0x1CB 0x1CC,e2f0d9
0xA44D 0xA44E,1570,문자,1390,・,0xA44D~0xA44E,0 1,12 10,60 12,0x1B922 0x1B921,B6 B5,04 B7,0x1B6F0 0x1B6F0,0x2A 0x2A,0x1CD 0x1CE,e2f0d9
0xA44F 0xA450,1571,문자,1391,・,0xA44F~0xA450,0 1,12 10,60 12,0x1B920 0x1B91F,B8 B7,06 B9,0x1B6F0 0x1B6F0,0x2A 0x2A,0x1CF 0x1D0,e2f0d9
0xA451 0xA452,1572,문자,1392,␠,0xA451~0xA452,0 1,12 10,18 12,0x1B91E 0x1B91D,BA B9,C0 BB,0x1B6F0 0x1B6F0,0x2A 0x2A,0x1D1 0x1D2,e2f0d9
0xA453 0xA454,1573,문자,1393,로,0xA453~0xA454,0 1,12 10,D8 31,0x1B91C 0x1B91B,BC BB,82 DC,0x1B6F0 0x1B6F0,0x2A 0x2A,0x1D3 0x1D4,e2f0d9
0xA455 0xA456,1574,문자,1394,그,0xA455~0xA456,0 1,12 10,58 21,0x1B91A 0x1B919,BE BD,04 CE,0x1B6F0 0x1B6F0,0x2A 0x2A,0x1D5 0x1D6,e2f0d9
0xA457 0xA458,1575,문자,1395,레,0xA457~0xA458,0 1,12 10,A8 31,0x1B918 0x1B917,C0 BF,56 E0,0x1B6F0 0x1B6F0,0x2A 0x2A,0x1D7 0x1D8,e2f0d9
0xA459 0xA45A,1576,문자,1396,스,0xA459~0xA45A,0 1,12 F0,78 3F,0x1B916 0x1B915,C2 A1,28 F0,0x1B6F0 0x1B6F0,0x2A 0x2A,0x1D9 0x1DA,e2f0d9
0xA45B 0xA45C,1577,문자,1397,를,0xA45B~0xA45C,0 1,1B 40,58 34,0x1B914 0x1B913,CD F3,0A E7,0x1B6F0 0x1B6F0,0x2A 0x2A,0x1DB 0x1DC,e2f0d9
0xA45D 0xA45E,1578,문자,1398,␠,0xA45D~0xA45E,0 1,1A 80,18 12,0x1B912 0x1B911,CE 35,CC C7,0x1B6F0 0x1B6F0,0x2A 0x2A,0x1DD 0x1DE,e2f0d9
0xA45F 0xA460,1579,문자,1399,쓰,0xA45F~0xA460,0 1,2A B0,08 4C,0x1B910 0x1B90F,E0 67,BE 03,0x1B6F0 0x1B6F0,0x2A 0x2A,0x1DF 0x1E0,e2f0d9
0xA461 0xA462,1580,문자,1400,러,0xA461~0xA462,0 1,3A 10,48 31,0x1B90E 0x1B90D,F2 C9,00 EA,0x1B6F0 0x1B6F0,0x2A 0x2A,0x1E1 0x1E2,e2f0d9
0xA463 0xA464,1581,문자,1401,트,0xA463~0xA464,0 1,12 10,A8 E2,0x1B90C 0x1B90B,CC CB,62 9D,0x1B6F0 0x1B6F0,0x2A 0x2A,0x1E3 0x1E4,e2f0d9
0xA465 0xA466,1582,문자,1402,릴,0xA465~0xA466,0 1,12 10,98 34,0x1B90A 0x1B909,CE CD,54 F1,0x1B6F0 0x1B6F0,0x2A 0x2A,0x1E5 0x1E6,e2f0d9
0xA467 0xA468,1583,문자,1403,␠,0xA467~0xA468,0 1,12 10,18 12,0x1B908 0x1B907,D0 CF,D6 D1,0x1B6F0 0x1B6F0,0x2A 0x2A,0x1E7 0x1E8,e2f0d9
0xA469 0xA46A,1584,문자,1404,때,0xA469~0xA46A,0 1,12 10,88 30,0x1B906 0x1B905,D2 D1,48 F1,0x1B6F0 0x1B6F0,0x2A 0x2A,0x1E9 0x1EA,e2f0d9
0xA46B 0xA46C,1585,문자,1405,까,0xA46B~0xA46C,0 1,12 10,F8 21,0x1B904 0x1B903,D4 D3,BA E4,0x1B6F0 0x1B6F0,0x2A 0x2A,0x1EB 0x1EC,e2f0d9
0xA46D 0xA46E,1586,문자,1406,지,0xA46D~0xA46E,0 1,12 10,18 E0,0x1B902 0x1B901,D6 D5,DC A5,0x1B6F0 0x1B6F0,0x2A 0x2A,0x1ED 0x1EE,e2f0d9
0xA46F 0xA470,1587,문자,1407,、,0xA46F~0xA470,0 1,12 30,20 12,0x1B900 0x1B8FF,D8 F7,E6 D9,0x1B6F0 0x1B6F0,0x2A 0x2A,0x1EF 0x1F0,e2f0d9
0xA471 0xA472,1588,제어,,,0xA471~0xA472,0 1,9D 10,15 00,0x1B8FE 0x1B8FD,65 D9,DD C9,0x1B6F0 0x1B6F0,0x2A 0x2A,0x1F1 0x1F2,fce4d6
0xA473 0xA474,1589,문자,1408,둘,0xA473~0xA474,0 1,12 10,C8 2E,0x1B8FC 0x1B8FB,DC DB,92 F9,0x1B6F0 0x1B6F0,0x2A 0x2A,0x1F3 0x1F4,e2f0d9
0xA475 0xA476,1590,문자,1409,도,0xA475~0xA476,0 1,12 00,28 2E,0x1B8FA 0x1B8F9,DE CD,F4 FB,0x1B6F0 0x1B6F0,0x2A 0x2A,0x1F5 0x1F6,e2f0d9
0xA477 0xA478,1591,문자,1410,␠,0xA477~0xA478,0 1,B2 90,18 12,0x1B8F8 0x1B8F7,80 5F,E6 E1,0x1B6F0 0x1B6F0,0x2A 0x2A,0x1F7 0x1F8,e2f0d9
0xA479 0xA47A,1592,문자,1411,없,0xA479~0xA47A,0 1,F9 10,08 7C,0x1B8F6 0x1B8F5,C9 E1,D8 4D,0x1B6F0 0x1B6F0,0x2A 0x2A,0x1F9 0x1FA,e2f0d9
0xA47B 0xA47C,1593,문자,1412,이,0xA47B~0xA47C,0 1,12 10,98 DE,0x1B8F4 0x1B8F3,E4 E3,6A B1,0x1B6F0 0x1B6F0,0x2A 0x2A,0x1FB 0x1FC,e2f0d9
0xA47D 0xA47E,1594,문자,1413,␠,0xA47D~0xA47E,0 1,12 10,18 12,0x1B8F2 0x1B8F1,E6 E5,EC E7,0x1B6F0 0x1B6F0,0x2A 0x2A,0x1FD 0x1FE,e2f0d9
0xA47F 0xA480,1595,문자,1414,소,0xA47F~0xA480,0 1,12 0F,D8 3D,0x1B8F0 0x1B8EF,E9 E7,AF 15,0x1B6F0 0x1B6F0,0x2A 0x2A,0x1FF 0x200,e2f0d9
0xA481 0xA482,1596,문자,1415,중,0xA481~0xA482,0 1,10 12,F8 FB,0x1B8EE 0x1B8ED,E9 EC,D1 D5,0x1B6F0 0x1B6F0,0x2A 0x2A,0x201 0x202,e2f0d9
0xA483 0xA484,1597,문자,1416,한,0xA483~0xA484,0 1,10 12,78 E3,0x1B8EC 0x1B8EB,EB EE,53 BF,0x1B6F0 0x1B6F0,0x2A 0x2A,0x203 0x204,e2f0d9
0xA485,1598,문자,1417,␠,0xA485~0xA486,0,10,18,0x1B8EA,ED,F5,0x1B6F0,0x2A,0x205,e2f0d9
0xA487 0xA488,1599,문자,1418,것,0xA487~0xA488,0 1,10 12,F8 1D,0x1B8E8 0x1B8E7,EF F2,D7 FD,0x1B6F0 0x1B6F0,0x2A 0x2A,0x207 0x208,e2f0d9
0xA489 0xA48A,1600,문자,1419,을,0xA489~0xA48A,0 1,30 14,58 DE,0x1B8E6 0x1B8E5,11 F6,39 C0,0x1B6F0 0x1B6F0,0x2A 0x2A,0x209 0x20A,e2f0d9
0xA48B,1601,문자,1420,␠,0xA48B~0xA48C,0,10,18,0x1B8E4,F3,FB,0x1B6F0,0x2A,0x20B,e2f0d9
0xA48D 0xA48E,1602,문자,1421,잃,0xA48D~0xA48E,0 1,80 6C,C8 DE,0x1B8E2 0x1B8E1,65 52,AD C4,0x1B6F0 0x1B6F0,0x2A 0x2A,0x20D 0x20E,e2f0d9
0xA48F 0xA490,1603,문자,1422,게,0xA48F~0xA490,0 1,F0 9C,08 20,0x1B8E0 0x1B8DF,D7 84,EF 08,0x1B6F0 0x1B6F0,0x2A 0x2A,0x20F 0x210,e2f0d9
0xA491 0xA492,1604,문자,1423,␠,0xA491~0xA492,0 1,90 1B,18 12,0x1B8DE 0x1B8DD,79 05,01 FC,0x1B6F0 0x1B6F0,0x2A 0x2A,0x211 0x212,e2f0d9
0xA493 0xA494,1605,문자,1424,되,0xA493~0xA494,0 1,F0 1B,88 2E,0x1B8DC 0x1B8DB,DB 07,73 1A,0x1B6F0 0x1B6F0,0x2A 0x2A,0x213 0x214,e2f0d9
0xA495 0xA496,1606,문자,1425,더,0xA495~0xA496,0 1,30 2A,C8 2D,0x1B8DA 0x1B8D9,1D 18,B5 1B,0x1B6F0 0x1B6F0,0x2A 0x2A,0x215 0x216,e2f0d9
0xA497 0xA498,1607,문자,1426,라,0xA497~0xA498,0 1,50 2B,F8 30,0x1B8D8 0x1B8D7,3F 1B,E7 20,0x1B6F0 0x1B6F0,0x2A 0x2A,0x217 0x218,e2f0d9
0xA499 0xA49A,1608,문자,1427,도,0xA499~0xA49A,0 1,10 12,28 2E,0x1B8D6 0x1B8D5,01 04,19 20,0x1B6F0 0x1B6F0,0x2A 0x2A,0x219 0x21A,e2f0d9
0xA49B 0xA49C,1609,문자,1428,・,0xA49B~0xA49C,0 1,30 14,60 12,0x1B8D4 0x1B8D3,23 08,53 06,0x1B6F0 0x1B6F0,0x2A 0x2A,0x21B 0x21C,e2f0d9
0xA49D,1610,문자,1429,・,0xA49D~0xA49E,0,10,60,0x1B8D2,05,55,0x1B6F0,0x2A,0x21D,e2f0d9
0xA49F,1611,문자,1430,・,0xA49F~0xA4A0,0,10,60,0x1B8D0,07,57,0x1B6F0,0x2A,0x21F,e2f0d9
0xA4A1,1612,문자,1431,␠,0xA4A1~0xA4A2,0,10,18,0x1B8CE,09,11,0x1B6F0,0x2A,0x221,e2f0d9
0xA4A3 0xA4A4,1613,문자,1432,그,0xA4A3~0xA4A4,0 1,10 12,58 21,0x1B8CC 0x1B8CB,0B 0E,53 1D,0x1B6F0 0x1B6F0,0x2A 0x2A,0x223 0x224,e2f0d9
0xA4A5 0xA4A6,1614,문자,1433,것,0xA4A5~0xA4A6,0 1,10 12,F8 1D,0x1B8CA 0x1B8C9,0D 10,F5 1B,0x1B6F0 0x1B6F0,0x2A 0x2A,0x225 0x226,e2f0d9
0xA4A7 0xA4A8,1615,문자,1434,이,0xA4A7~0xA4A8,0 1,10 12,98 DE,0x1B8C8 0x1B8C7,0F 12,97 DE,0x1B6F0 0x1B6F0,0x2A 0x2A,0x227 0x228,e2f0d9
0xA4A9,1616,문자,1435,␠,0xA4A9~0xA4AA,0,10,18,0x1B8C6,11,19,0x1B6F0,0x2A,0x229,e2f0d9
0xA4AB 0xA4AC,1617,문자,1436,전,0xA4AB~0xA4AC,0 1,10 12,B8 DF,0x1B8C4 0x1B8C3,13 16,BB E3,0x1B6F0 0x1B6F0,0x2A 0x2A,0x22B 0x22C,e2f0d9
0xA4AD 0xA4AE,1618,문자,1437,사,0xA4AD~0xA4AE,0 1,10 12,E8 3C,0x1B8C2 0x1B8C1,15 18,ED 42,0x1B6F0 0x1B6F0,0x2A 0x2A,0x22D 0x22E,e2f0d9
0xA4AF 0xA4B0,1619,문자,1438,의,0xA4AF~0xA4B0,0 1,10 12,88 DE,0x1B8C0 0x1B8BF,17 1A,8F E6,0x1B6F0 0x1B6F0,0x2A 0x2A,0x22F 0x230,e2f0d9
0xA4B1,1620,문자,1439,␠,0xA4B1~0xA4B2,0,10,18,0x1B8BE,19,21,0x1B6F0,0x2A,0x231,e2f0d9
0xA4B3 0xA4B4,1621,문자,1440,숙,0xA4B3~0xA4B4,0 1,10 12,48 3F,0x1B8BC 0x1B8BB,1B 1E,53 4B,0x1B6F0 0x1B6F0,0x2A 0x2A,0x233 0x234,e2f0d9
0xA4B5 0xA4B6,1622,문자,1441,명,0xA4B5~0xA4B6,0 1,10 12,98 35,0x1B8BA 0x1B8B9,1D 20,A5 43,0x1B6F0 0x1B6F0,0x2A 0x2A,0x235 0x236,e2f0d9
0xA4B7 0xA4B8,1623,문자,1442,임,0xA4B7~0xA4B8,0 1,10 12,D8 DE,0x1B8B8 0x1B8B7,1F 22,E7 EE,0x1B6F0 0x1B6F0,0x2A 0x2A,0x237 0x238,e2f0d9
0xA4B9 0xA4BA,1624,문자,1443,을,0xA4B9~0xA4BA,0 1,10 12,58 DE,0x1B8B6 0x1B8B5,21 24,69 F0,0x1B6F0 0x1B6F0,0x2A 0x2A,0x239 0x23A,e2f0d9
0xA4BB,1625,문자,1444,・,0xA4BB~0xA4BC,0,10,60,0x1B8B4,23,73,0x1B6F0,0x2A,0x23B,e2f0d9
0xA4BD,1626,문자,1445,・,0xA4BD~0xA4BE,0,10,60,0x1B8B2,25,75,0x1B6F0,0x2A,0x23D,e2f0d9
0xA4BF,1627,문자,1446,・,0xA4BF~0xA4C0,0,10,60,0x1B8B0,27,77,0x1B6F0,0x2A,0x23F,e2f0d9
0xA4C1 0xA4C2,1628,제어,,,0xA4C1~0xA4C2,0 1,10 12,15 00,0x1B8AE 0x1B8AD,29 2C,2E 1A,0x1B6F0 0x1B6F0,0x2A 0x2A,0x241 0x242,fce4d6
0xA4C3 0xA4C4,1629,문자,1447,당,0xA4C3~0xA4C4,0 1,10 12,98 2D,0x1B8AC 0x1B8AB,2B 2E,B3 49,0x1B6F0 0x1B6F0,0x2A 0x2A,0x243 0x244,e2f0d9
0xA4C5 0xA4C6,1630,문자,1448,신,0xA4C5~0xA4C6,0 1,10 12,D8 3F,0x1B8AA 0x1B8A9,2D 30,F5 5D,0x1B6F0 0x1B6F0,0x2A 0x2A,0x245 0x246,e2f0d9
0xA4C7 0xA4C8,1631,문자,1449,이,0xA4C7~0xA4C8,0 1,10 12,98 DE,0x1B8A8 0x1B8A7,2F 32,B7 FE,0x1B6F0 0x1B6F0,0x2A 0x2A,0x247 0x248,e2f0d9
0xA4C9,1632,문자,1450,␠,0xA4C9~0xA4CA,0,10,18,0x1B8A6,31,39,0x1B6F0,0x2A,0x249,e2f0d9
0xA4CB 0xA4CC,1633,문자,1451,언,0xA4CB~0xA4CC,0 1,10 12,08 74,0x1B8A4 0x1B8A3,33 36,2B 98,0x1B6F0 0x1B6F0,0x2A 0x2A,0x24B 0x24C,e2f0d9
0xA4CD 0xA4CE,1634,문자,1452,젠,0xA4CD~0xA4CE,0 1,10 12,F8 E5,0x1B8A2 0x1B8A1,35 38,1D 0B,0x1B6F0 0x1B6F0,0x2A 0x2A,0x24D 0x24E,e2f0d9
0xA4CF 0xA4D0,1635,문자,1453,가,0xA4CF~0xA4D0,0 1,10 12,A8 17,0x1B8A0 0x1B89F,37 3A,CF 3F,0x1B6F0 0x1B6F0,0x2A 0x2A,0x24F 0x250,e2f0d9
0xA4D1,1636,문자,1454,␠,0xA4D1~0xA4D2,0,10,18,0x1B89E,39,41,0x1B6F0,0x2A,0x251,e2f0d9
0xA4D3 0xA4D4,1637,문자,1455,이,0xA4D3~0xA4D4,0 1,70 2A,98 DE,0x1B89C 0x1B89B,9B 56,C3 0A,0x1B6F0 0x1B6F0,0x2A 0x2A,0x253 0x254,e2f0d9
0xA4D5 0xA4D6,1638,문자,1456,해,0xA4D5~0xA4D6,0 1,60 1B,B8 E3,0x1B89A 0x1B899,8D 49,E5 11,0x1B6F0 0x1B6F0,0x2A 0x2A,0x255 0x256,e2f0d9
0xA4D7 0xA4D8,1639,문자,1457,해,0xA4D7~0xA4D8,0 1,40 1A,B8 E3,0x1B898 0x1B897,6F 4A,E7 13,0x1B6F0 0x1B6F0,0x2A 0x2A,0x257 0x258,e2f0d9
0xA4D9 0xA4DA,1640,문자,1458,␠,0xA4D9~0xA4DA,0 1,30 3B,18 12,0x1B896 0x1B895,61 6D,49 44,0x1B6F0 0x1B6F0,0x2A 0x2A,0x259 0x25A,e2f0d9
0xA4DB 0xA4DC,1641,문자,1459,주,0xA4DB~0xA4DC,0 1,F0 3A,F8 F5,0x1B894 0x1B893,23 6E,2B 29,0x1B6F0 0x1B6F0,0x2A 0x2A,0x25B 0x25C,e2f0d9
0xA4DD 0xA4DE,1642,문자,1460,길,0xA4DD~0xA4DE,0 1,C0 13,D8 21,0x1B892 0x1B891,F5 49,0D 57,0x1B6F0 0x1B6F0,0x2A 0x2A,0x25D 0x25E,e2f0d9
0xA4DF 0xA4E0,1643,문자,1461,␠,0xA4DF~0xA4E0,0 1,F0 1A,18 12,0x1B890 0x1B88F,27 52,4F 4A,0x1B6F0 0x1B6F0,0x2A 0x2A,0x25F 0x260,e2f0d9
0xA4E1 0xA4E2,1644,문자,1462,바,0xA4E1~0xA4E2,0 1,90 1B,88 39,0x1B88E 0x1B88D,C9 55,C1 73,0x1B6F0 0x1B6F0,0x2A 0x2A,0x261 0x262,e2f0d9
0xA4E3 0xA4E4,1645,문자,1463,랄,0xA4E3~0xA4E4,0 1,10 12,18 31,0x1B88C 0x1B88B,4B 4E,53 6D,0x1B6F0 0x1B6F0,0x2A 0x2A,0x263 0x264,e2f0d9
0xA4E5,1646,문자,1464,␠,0xA4E5~0xA4E6,0,10,18,0x1B88A,4D,55,0x1B6F0,0x2A,0x265,e2f0d9
0xA4E7 0xA4E8,1647,문자,1465,뿐,0xA4E7~0xA4E8,0 1,10 12,98 3C,0x1B888 0x1B887,4F 52,D7 7C,0x1B6F0 0x1B6F0,0x2A 0x2A,0x267 0x268,e2f0d9
0xA4E9 0xA4EA,1648,문자,1466,입,0xA4E9~0xA4EA,0 1,20 F2,E8 DE,0x1B886 0x1B885,61 34,29 20,0x1B6F0 0x1B6F0,0x2A 0x2A,0x269 0x26A,e2f0d9
0xA4EB 0xA4EC,1649,문자,1467,니,0xA4EB~0xA4EC,0 1,60 6D,F8 25,0x1B884 0x1B883,A3 B1,3B 69,0x1B6F0 0x1B6F0,0x2A 0x2A,0x26B 0x26C,e2f0d9
0xA4ED 0xA4EE,1650,문자,1468,다,0xA4ED~0xA4EE,0 1,10 12,C8 27,0x1B882 0x1B881,55 58,0D 6D,0x1B6F0 0x1B6F0,0x2A 0x2A,0x26D 0x26E,e2f0d9
0xA4EF 0xA4F0,1651,문자,1469,・,0xA4EF~0xA4F0,0 1,C0 7B,60 12,0x1B880 0x1B87F,07 C3,A7 5A,0x1B6F0 0x1B6F0,0x2A 0x2A,0x26F 0x270,e2f0d9
0xA4F1,1652,문자,1470,・,0xA4F1~0xA4F2,0,10,60,0x1B87E,59,A9,0x1B6F0,0x2A,0x271,e2f0d9
0xA4F3,1653,문자,1471,・,0xA4F3~0xA4F4,0,10,60,0x1B87C,5B,AB,0x1B6F0,0x2A,0x273,e2f0d9
0xA4F5,TERMINATOR,종료,,0F,0xA4F5,0,10,0F,0x1B87A,5D,5C,0x1B6F0,0x2A,0x275,
