runtime_addrs,row,kind,slot,char,row_addr,byte_indices,decoded_old_bytes,decoded_new_bytes,disk_offsets,raw_old_bytes,raw_new_bytes,payload_starts,decode_keys,segment_indices,fill
0x9698 0x9699,7,문자,1,도,0x9698~0x9699,0 1,50 FB,20 2E,0x1CF27 0x1CF26,3F EB,0F 1E,0x1CB40 0x1CB40,0x29 0x29,0x018 0x019,e9ae2b
0x969A 0x969B,8,문자,2,움,0x969A~0x969B,0 1,10 19,F0 D5,0x1CF25 0x1CF24,01 0B,E1 C7,0x1CB40 0x1CB40,0x29 0x29,0x01A 0x01B,e9ae2b
0x969C 0x969D,9,문자,3,␠,0x969C~0x969D,0 1,90 38,18 12,0x1CF23 0x1CF22,83 2C,0B 06,0x1CB40 0x1CB40,0x29 0x29,0x01C 0x01D,e2f0d9
0x969E 0x969F,10,문자,4,따,0x969E~0x969F,0 1,C0 38,40 30,0x1CF21 0x1CF20,B5 2E,35 26,0x1CB40 0x1CB40,0x29 0x29,0x01E 0x01F,e9ae2b
0x96A0 0x96A1,11,문자,5,윈,0x96A0~0x96A1,0 1,B0 38,10 DE,0x1CF1F 0x1CF1E,A7 30,07 D6,0x1CB40 0x1CB40,0x29 0x29,0x020 0x021,e9ae2b
0x96A2 0x96A3,12,문자,6,␠,0x96A2~0x96A3,0 1,00 A7,18 12,0x1CF1D 0x1CF1C,F9 A1,11 0C,0x1CB40 0x1CB40,0x29 0x29,0x022 0x023,e2f0d9
0x96A4 0x96A5,13,문자,7,받,0x96A4~0x96A5,0 1,80 18,A0 39,0x1CF1B 0x1CF1A,7B 14,9B 35,0x1CB40 0x1CB40,0x29 0x29,0x024 0x025,e9ae2b
0x96A6 0x96A7,14,문자,8,고,0x96A6~0x96A7,0 1,F0 28,80 20,0x1CF19 0x1CF18,ED 26,7D 1E,0x1CB40 0x1CB40,0x29 0x29,0x026 0x027,e9ae2b
0x96A8 0x96A9,15,문자,9,␠,0x96A8~0x96A9,0 1,A0 28,18 12,0x1CF17 0x1CF16,9F 28,17 12,0x1CB40 0x1CB40,0x29 0x29,0x028 0x029,e2f0d9
0x96AA 0x96AB,16,문자,10,싶,0x96AA~0x96AB,0 1,40 18,00 44,0x1CF15 0x1CF14,41 1A,01 46,0x1CB40 0x1CB40,0x29 0x29,0x02A 0x02B,e9ae2b
0x96AC 0x96AD,17,문자,11,지,0x96AC~0x96AD,0 1,F0 38,10 E0,0x1CF13 0x1CF12,F3 3C,13 E4,0x1CB40 0x1CB40,0x29 0x29,0x02C 0x02D,e9ae2b
0x96AE,18,문자,12,␠,0x96AE~0x96AF,0,A0,18,0x1CF11,A5,1D,0x1CB40,0x29,0x02E,e2f0d9
0x96B0 0x96B1,19,문자,13,않,0x96B0~0x96B1,0 1,10 11,00 5E,0x1CF0F 0x1CF0E,17 19,07 66,0x1CB40 0x1CB40,0x29 0x29,0x030 0x031,e9ae2b
0x96B2 0x96B3,20,문자,14,아,0x96B2~0x96B3,0 1,12 00,00 56,0x1CF0D 0x1CF0C,1B 0A,09 60,0x1CB40 0x1CB40,0x29 0x29,0x032 0x033,e9ae2b
0x96B4 0x96B5,21,문자,15,！,0x96B4~0x96B5,0 1,23 00,A0 12,0x1CF0B 0x1CF0A,2E 0C,AB 1E,0x1CB40 0x1CB40,0x29 0x29,0x034 0x035,e2f0d9
0x96BA,23,제어,,,0x96B8~0x96BB,2,21,23,0x1CF05,32,34,0x1CB40,0x29,0x03A,fce4d6
0x96BE 0x96BF 0x96C0 0x96C1,25,제어,,,0x96BE~0x96C1,0 1 2 3,F0 19 30 28,12 00 21 00,0x1CF01 0x1CF00 0x1CEFF 0x1CEFE,05 2F 47 40,27 16 38 18,0x1CB40 0x1CB40 0x1CB40 0x1CB40,0x29 0x29 0x29 0x29,0x03E 0x03F 0x040 0x041,fce4d6
0x96C2 0x96C3,26,제어,,,0x96C2~0x96C3,0 1,F0 19,10 11,0x1CEFD 0x1CEFC,09 33,29 2B,0x1CB40 0x1CB40,0x29 0x29,0x042 0x043,fce4d6
0x96C4 0x96C5,27,문자,16,우,0x96C4~0x96C5,0 1,30 74,F0 CD,0x1CEFB 0x1CEFA,4B 90,0B E9,0x1CB40 0x1CB40,0x29 0x29,0x044 0x045,e9ae2b
0x96C6 0x96C7,28,문자,17,린,0x96C6~0x96C7,0 1,E0 29,80 34,0x1CEF9 0x1CEF8,FD 47,9D 52,0x1CB40 0x1CB40,0x29 0x29,0x046 0x047,e9ae2b
0x96C8 0x96C9,29,문자,18,␠,0x96C8~0x96C9,0 1,70 28,18 12,0x1CEF7 0x1CEF6,8F 48,37 32,0x1CB40 0x1CB40,0x29 0x29,0x048 0x049,e2f0d9
0x96CA 0x96CB,30,문자,19,방,0x96CA~0x96CB,0 1,F0 C0,D0 39,0x1CEF5 0x1CEF4,11 E2,F1 5B,0x1CB40 0x1CB40,0x29 0x29,0x04A 0x04B,e9ae2b
0x96CC 0x96CD,31,문자,20,금,0x96CC~0x96CD,0 1,30 28,80 21,0x1CEF3 0x1CEF2,53 4C,A3 45,0x1CB40 0x1CB40,0x29 0x29,0x04C 0x04D,e9ae2b
0x96CE 0x96CF,32,문자,21,␠,0x96CE~0x96CF,0 1,60 28,18 12,0x1CEF1 0x1CEF0,85 4E,3D 38,0x1CB40 0x1CB40,0x29 0x29,0x04E 0x04F,e2f0d9
0x96D0 0x96D1,33,문자,22,전,0x96D0~0x96D1,0 1,F0 19,B0 DF,0x1CEEF 0x1CEEE,17 41,D7 07,0x1CB40 0x1CB40,0x29 0x29,0x050 0x051,e9ae2b
0x96D2 0x96D3,34,문자,23,까,0x96D2~0x96D3,0 1,E0 28,F0 21,0x1CEED 0x1CEEC,09 52,19 4B,0x1CB40 0x1CB40,0x29 0x29,0x052 0x053,e9ae2b
0x96D4 0x96D5,35,문자,24,지,0x96D4~0x96D5,0 1,B0 28,10 E0,0x1CEEB 0x1CEEA,DB 54,3B 0C,0x1CB40 0x1CB40,0x29 0x29,0x054 0x055,e9ae2b
0x96D6,36,문자,25,␠,0x96D6~0x96D7,0,60,18,0x1CEE9,8D,45,0x1CB40,0x29,0x056,e2f0d9
0x96D8 0x96D9,37,문자,26,싸,0x96D8~0x96D9,0 1,60 12,00 46,0x1CEE7 0x1CEE6,8F 42,2F 76,0x1CB40 0x1CB40,0x29 0x29,0x058 0x059,e9ae2b
0x96DA 0x96DB,38,문자,27,우,0x96DA~0x96DB,0 1,60 12,F0 CD,0x1CEE5 0x1CEE4,91 44,21 FF,0x1CB40 0x1CB40,0x29 0x29,0x05A 0x05B,e9ae2b
0x96DC 0x96DD,39,문자,28,던,0x96DC~0x96DD,0 1,12 00,D0 2D,0x1CEE3 0x1CEE2,45 34,03 61,0x1CB40 0x1CB40,0x29 0x29,0x05C 0x05D,e9ae2b
0x96DE 0x96DF,40,문자,29,␠,0x96DE~0x96DF,0 1,23 21,18 12,0x1CEE1 0x1CEE0,58 57,4D 48,0x1CB40 0x1CB40,0x29 0x29,0x05E 0x05F,e2f0d9
0x96E0 0x96E1,41,문자,30,적,0x96E0~0x96E1,0 1,00 19,A0 DF,0x1CEDF 0x1CEDE,37 51,D7 17,0x1CB40 0x1CB40,0x29 0x29,0x060 0x061,e9ae2b
0x96E2 0x96E3,42,문자,31,이,0x96E2~0x96E3,0 1,00 7E,90 DE,0x1CEDD 0x1CEDC,39 B8,C9 18,0x1CB40 0x1CB40,0x29 0x29,0x062 0x063,e9ae2b
0x96E4 0x96E5,43,문자,32,야,0x96E4~0x96E5,0 1,15 00,00 6C,0x1CEDB 0x1CEDA,50 3C,3B A8,0x1CB40 0x1CB40,0x29 0x29,0x064 0x065,e9ae2b
0x96E6 0x96E7,44,문자,33,・,0x96E6~0x96E7,0 1,17 00,60 12,0x1CED9 0x1CED8,54 3E,9D 50,0x1CB40 0x1CB40,0x29 0x29,0x066 0x067,e2f0d9
0x96E8 0x96E9,45,문자,34,・,0x96E8~0x96E9,0 1,1A 00,60 12,0x1CED7 0x1CED6,59 40,9F 52,0x1CB40 0x1CB40,0x29 0x29,0x068 0x069,e2f0d9
0x96EA 0x96EB,46,문자,35,・,0x96EA~0x96EB,0 1,04 14,60 12,0x1CED5 0x1CED4,45 56,A1 54,0x1CB40 0x1CB40,0x29 0x29,0x06A 0x06B,e2f0d9
0x96EC 0x96EE 0x96EF 0x96F0,47,제어,,,0x96EC~0x96F0,0 2 3 4,00 40 80 16,12 23 21 00,0x1CED3 0x1CED1 0x1CED0 0x1CECF,43 85 C6 5D,55 68 67 47,0x1CB40 0x1CB40 0x1CB40 0x1CB40,0x29 0x29 0x29 0x29,0x06C 0x06E 0x06F 0x070,fce4d6
0x96F1 0x96F2 0x96F3,48,제어,,,0x96F1~0x96F3,0 1 2,00 E0 29,19 00 7E,0x1CECE 0x1CECD 0x1CECC,48 29 73,61 49 C8,0x1CB40 0x1CB40 0x1CB40,0x29 0x29 0x29,0x071 0x072 0x073,fce4d6
0x96F4 0x96F5,49,제어,,,0x96F4~0x96F5,0 1,F0 19,15 00,0x1CECB 0x1CECA,3B 65,60 4C,0x1CB40 0x1CB40,0x29 0x29,0x074 0x075,fce4d6
0x96F6 0x96F7,50,제어,,,0x96F6~0x96F7,0 1,D0 19,17 00,0x1CEC9 0x1CEC8,1D 67,64 4E,0x1CB40 0x1CB40,0x29 0x29,0x076 0x077,fce4d6
0x96F8 0x96F9 0x96FA,51,제어,,,0x96F8~0x96FA,0 1 2,30 39 A0,1A 00 04,0x1CEC7 0x1CEC6 0x1CEC5,7F 89 F1,69 50 55,0x1CB40 0x1CB40 0x1CB40,0x29 0x29 0x29,0x078 0x079 0x07A,fce4d6
0x96FB 0x96FC 0x96FD 0x96FE 0x96FF,52,제어,,,0x96FB~0x96FF,0 1 2 3 4,28 60 F7 00 B0,14 00 00 40 80,0x1CEC4 0x1CEC3 0x1CEC2 0x1CEC1 0x1CEC0,7A B3 4B 55 06,66 53 54 95 D6,0x1CB40 0x1CB40 0x1CB40 0x1CB40 0x1CB40,0x29 0x29 0x29 0x29 0x29,0x07B 0x07C 0x07D 0x07E 0x07F,fce4d6
0x9700 0x9701,53,제어,,,0x9700~0x9701,0 1,30 28,16 00,0x1CEBF 0x1CEBE,87 80,6D 58,0x1CB40 0x1CB40,0x29 0x29,0x080 0x081,fce4d6
0x9702 0x9703,54,문자,36,또,0x9702~0x9703,0 1,60 28,C0 30,0x1CEBD 0x1CEBC,B9 82,19 8A,0x1CB40 0x1CB40,0x29 0x29,0x082 0x083,e9ae2b
0x9704,55,문자,37,␠,0x9704~0x9705,0,60,18,0x1CEBB,BB,73,0x1CB40,0x29,0x084,e2f0d9
0x9706 0x9707,56,문자,38,삐,0x9706~0x9707,0 1,60 12,D0 3C,0x1CEB9 0x1CEB8,BD 70,2D 9A,0x1CB40 0x1CB40,0x29 0x29,0x086 0x087,e9ae2b
0x9708 0x9709,57,문자,39,딱,0x9708~0x9709,0 1,60 12,50 30,0x1CEB7 0x1CEB6,BF 72,AF 90,0x1CB40 0x1CB40,0x29 0x29,0x088 0x089,e9ae2b
0x970A 0x970B,58,문자,40,한,0x970A~0x970B,0 1,12 00,70 E3,0x1CEB5 0x1CEB4,73 62,D1 45,0x1CB40 0x1CB40,0x29 0x29,0x08A 0x08B,e9ae2b
0x970C 0x970D,59,문자,41,␠,0x970C~0x970D,0 1,23 21,18 12,0x1CEB3 0x1CEB2,86 85,7B 76,0x1CB40 0x1CB40,0x29 0x29,0x08C 0x08D,e2f0d9
0x970E 0x970F,60,문자,42,소,0x970E~0x970F,0 1,00 50,D0 3D,0x1CEB1 0x1CEB0,65 B6,35 A3,0x1CB40 0x1CB40,0x29 0x29,0x08E 0x08F,e9ae2b
0x9710 0x9711,61,문자,43,리,0x9710~0x9711,0 1,A1 F0,70 34,0x1CEAF 0x1CEAE,08 58,D7 9C,0x1CB40 0x1CB40,0x29 0x29,0x090 0x091,e9ae2b
0x9712 0x9713,62,문자,44,나,0x9712~0x9713,0 1,86 30,B0 24,0x1CEAD 0x1CEAC,EF 9A,19 8E,0x1CB40 0x1CB40,0x29 0x29,0x092 0x093,e9ae2b
0x9714 0x9715,63,문자,45,␠,0x9714~0x9715,0 1,28 10,18 12,0x1CEAB 0x1CEAA,93 7C,83 7E,0x1CB40 0x1CB40,0x29 0x29,0x094 0x095,e2f0d9
0x9716 0x9717,64,문자,46,하,0x9716~0x9717,0 1,29 A0,50 E3,0x1CEA9 0x1CEA8,96 0E,BD 51,0x1CB40 0x1CB40,0x29 0x29,0x096 0x097,e9ae2b
0x9718 0x9719,65,문자,47,고,0x9718~0x9719,0 1,38 A0,80 20,0x1CEA7 0x1CEA6,A7 10,EF 90,0x1CB40 0x1CB40,0x29 0x29,0x098 0x099,e9ae2b
0x971A 0x971B,66,문자,48,・,0x971A~0x971B,0 1,12 30,60 12,0x1CEA5 0x1CEA4,83 A2,D1 84,0x1CB40 0x1CB40,0x29 0x29,0x09A 0x09B,e2f0d9
0x971C 0x971D,67,문자,49,・,0x971C~0x971D,0 1,19 30,60 12,0x1CEA3 0x1CEA2,8C A4,D3 86,0x1CB40 0x1CB40,0x29 0x29,0x09C 0x09D,e2f0d9
0x971E 0x971F,68,문자,50,・,0x971E~0x971F,0 1,39 A0,60 12,0x1CEA1 0x1CEA0,AE 16,D5 88,0x1CB40 0x1CB40,0x29 0x29,0x09E 0x09F,e2f0d9
0x9720 0x9721 0x9722 0x9723 0x9724,69,제어,,,0x9720~0x9724,0 1 2 3 4,28 10 1B C0 1A,12 00 23 21 00,0x1CE9F 0x1CE9E 0x1CE9D 0x1CE9C 0x1CE9B,9F 88 94 3A 95,89 78 9C 9B 7B,0x1CB40 0x1CB40 0x1CB40 0x1CB40 0x1CB40,0x29 0x29 0x29 0x29 0x29,0x0A0 0x0A1 0x0A2 0x0A3 0x0A4,fce4d6
0x9725 0x9726,70,문자,51,␠,0x9725~0x9726,0 1,70 19,18 12,0x1CE9A 0x1CE99,EC 96,94 8F,0x1CB40 0x1CB40,0x29 0x29,0x0A5 0x0A6,e2f0d9
0x9727 0x9728,71,문자,52,꼰,0x9727~0x9728,0 1,60 28,30 24,0x1CE98 0x1CE97,DE A7,AE A3,0x1CB40 0x1CB40,0x29 0x29,0x0A7 0x0A8,e9ae2b
0x972A,72,문자,53,대,0x9729~0x972A,1,38,2D,0x1CE95,B9,AE,0x1CB40,0x29,0x0AA,e9ae2b
0x972B 0x972C,73,문자,54,␠,0x972B~0x972C,0 1,E0 28,18 12,0x1CE94 0x1CE93,62 AB,9A 95,0x1CB40 0x1CB40,0x29 0x29,0x0AB 0x0AC,e2f0d9
0x972D 0x972E,74,문자,55,같,0x972D~0x972E,0 1,B0 28,00 1C,0x1CE92 0x1CE91,34 AD,84 A1,0x1CB40 0x1CB40,0x29 0x29,0x0AD 0x0AE,e9ae2b
0x972F 0x9730,75,문자,56,아,0x972F~0x9730,0 1,60 12,00 56,0x1CE90 0x1CE8F,E6 99,86 DD,0x1CB40 0x1CB40,0x29 0x29,0x0AF 0x0B0,e9ae2b
0x9731,76,문자,57,！,0x9731~0x9732,0,60,A0,0x1CE8E,E8,28,0x1CB40,0x29,0x0B1,e2f0d9
0x9733,77,문자,58,␠,0x9733~0x9734,0,60,18,0x1CE8C,EA,A2,0x1CB40,0x29,0x0B3,e2f0d9
0x9735 0x9736,78,문자,59,이,0x9735~0x9736,0 1,15 00,90 DE,0x1CE8A 0x1CE89,A1 8D,1C 6B,0x1CB40 0x1CB40,0x29 0x29,0x0B5 0x0B6,e9ae2b
0x9737 0x9738,79,문자,60,렇,0x9737~0x9738,0 1,A0 CB,90 31,0x1CE88 0x1CE87,2E 5A,1E C0,0x1CB40 0x1CB40,0x29 0x29,0x0B7 0x0B8,e9ae2b
0x9739 0x973A,80,문자,61,게,0x9739~0x973A,0 1,80 18,00 20,0x1CE86 0x1CE85,10 A9,90 B1,0x1CB40 0x1CB40,0x29 0x29,0x0B9 0x0BA,e9ae2b
0x973B 0x973C,81,문자,62,␠,0x973B~0x973C,0 1,60 28,18 12,0x1CE84 0x1CE83,F2 BB,AA A5,0x1CB40 0x1CB40,0x29 0x29,0x0BB 0x0BC,e2f0d9
0x973D 0x973E,82,문자,63,심,0x973D~0x973E,0 1,20 12,00 40,0x1CE82 0x1CE81,B4 A7,94 D5,0x1CB40 0x1CB40,0x29 0x29,0x0BD 0x0BE,e9ae2b
0x973F 0x9740,83,문자,64,하,0x973F~0x9740,0 1,F0 DC,50 E3,0x1CE80 0x1CE7F,86 73,E6 7A,0x1CB40 0x1CB40,0x29 0x29,0x0BF 0x0C0,e9ae2b
0x9741 0x9742,84,문자,65,게,0x9741~0x9742,0 1,20 B7,00 20,0x1CE7E 0x1CE7D,B8 50,98 B9,0x1CB40 0x1CB40,0x29 0x29,0x0C1 0x0C2,e9ae2b
0x9743,85,문자,66,␠,0x9743~0x9744,0,20,18,0x1CE7C,BA,B2,0x1CB40,0x29,0x0C3,e2f0d9
0x9745 0x9746,86,문자,67,다,0x9745~0x9746,0 1,12 00,C0 27,0x1CE7A 0x1CE79,AE 9D,5C C4,0x1CB40 0x1CB40,0x29 0x29,0x0C5 0x0C6,e9ae2b
0x9747 0x9748,87,문자,68,쳤,0x9747~0x9748,0 1,23 21,50 E1,0x1CE78 0x1CE77,C1 C0,EE 80,0x1CB40 0x1CB40,0x29 0x29,0x0C7 0x0C8,e9ae2b
0x9749 0x974A,88,문자,69,으,0x9749~0x974A,0 1,00 A0,30 DE,0x1CE76 0x1CE75,A0 41,D0 7F,0x1CB40 0x1CB40,0x29 0x29,0x0C9 0x0CA,e9ae2b
0x974B 0x974C,89,문자,70,면,0x974B~0x974C,0 1,28 30,70 35,0x1CE74 0x1CE73,CA D3,12 D8,0x1CB40 0x1CB40,0x29 0x29,0x0CB 0x0CC,e9ae2b
0x974D 0x974E,90,문자,71,서,0x974D~0x974E,0 1,39 70,50 3D,0x1CE72 0x1CE71,DD 15,F4 E2,0x1CB40 0x1CB40,0x29 0x29,0x0CD 0x0CE,e9ae2b
0x974F 0x9750,91,문자,72,・,0x974F~0x9750,0 1,28 20,60 12,0x1CE70 0x1CE6F,CE C7,06 B9,0x1CB40 0x1CB40,0x29 0x29,0x0CF 0x0D0,e2f0d9
0x9751 0x9752,92,문자,73,・,0x9751~0x9752,0 1,18 A0,60 12,0x1CE6E 0x1CE6D,C0 49,08 BB,0x1CB40 0x1CB40,0x29 0x29,0x0D1 0x0D2,e2f0d9
0x9753 0x9754,93,문자,74,・,0x9753~0x9754,0 1,28 F0,60 12,0x1CE6C 0x1CE6B,D2 9B,0A BD,0x1CB40 0x1CB40,0x29 0x29,0x0D3 0x0D4,e2f0d9
0x9755 0x9756,94,제어,,,0x9755~0x9756,0 1,19 80,15 00,0x1CE6A 0x1CE69,C5 2D,C1 AD,0x1CB40 0x1CB40,0x29 0x29,0x0D5 0x0D6,fce4d6
0x9757 0x9758,95,문자,75,대,0x9757~0x9758,0 1,28 40,B0 2D,0x1CE68 0x1CE67,D6 EF,5E DC,0x1CB40 0x1CB40,0x29 0x29,0x0D7 0x0D8,e9ae2b
0x9759 0x975A,96,문자,76,답,0x9759~0x975A,0 1,F6 C0,00 2C,0x1CE66 0x1CE65,A6 71,B0 DD,0x1CB40 0x1CB40,0x29 0x29,0x0D9 0x0DA,e9ae2b
0x975B 0x975C,97,문자,77,해,0x975B~0x975C,0 1,18 F0,B0 E3,0x1CE64 0x1CE63,CA A3,62 96,0x1CB40 0x1CB40,0x29 0x29,0x0DB 0x0DC,e9ae2b
0x975D 0x975E,98,문자,78,줘,0x975D~0x975E,0 1,C0 B0,F0 FD,0x1CE62 0x1CE61,74 65,A4 B2,0x1CB40 0x1CB40,0x29 0x29,0x0DD 0x0DE,e9ae2b
0x975F 0x9760,99,문자,79,、,0x975F~0x9760,0 1,18 F0,20 12,0x1CE60 0x1CE5F,CE A7,D6 C9,0x1CB40 0x1CB40,0x29 0x29,0x0DF 0x0E0,e2f0d9
0x9761 0x9762,100,문자,80,레,0x9761~0x9762,0 1,38 A0,A0 31,0x1CE5E 0x1CE5D,F0 59,58 EA,0x1CB40 0x1CB40,0x29 0x29,0x0E1 0x0E2,e9ae2b
0x9763 0x9764,101,문자,81,이,0x9763~0x9764,0 1,28 D0,90 DE,0x1CE5C 0x1CE5B,E2 8B,4A 99,0x1CB40 0x1CB40,0x29 0x29,0x0E3 0x0E4,e9ae2b
0x9765 0x9766,102,문자,82,코,0x9765~0x9766,0 1,18 30,10 E2,0x1CE5A 0x1CE59,D4 ED,CC 9F,0x1CB40 0x1CB40,0x29 0x29,0x0E5 0x0E6,e9ae2b
0x9767 0x9768,103,문자,83,、,0x9767~0x9768,0 1,38 A0,20 12,0x1CE58 0x1CE57,F6 5F,DE D1,0x1CB40 0x1CB40,0x29 0x29,0x0E7 0x0E8,e2f0d9
0x9769 0x976A 0x976B 0x976C 0x976D,104,제어,,,0x9769~0x976D,0 1 2 3 4,28 90 38 A0 28,12 00 23 21 00,0x1CE56 0x1CE55 0x1CE54 0x1CE53 0x1CE52,E8 51 FA 63 EC,D2 C1 E5 E4 C4,0x1CB40 0x1CB40 0x1CB40 0x1CB40 0x1CB40,0x29 0x29 0x29 0x29 0x29,0x0E9 0x0EA 0x0EB 0x0EC 0x0ED,fce4d6
0x976E 0x976F,105,문자,84,왜,0x976E~0x976F,0 1,40 18,F0 C5,0x1CE51 0x1CE50,05 DE,B5 8B,0x1CB40 0x1CB40,0x29 0x29,0x0EE 0x0EF,e9ae2b
0x9770 0x9771,106,문자,85,␠,0x9770~0x9771,0 1,E0 28,18 12,0x1CE4F 0x1CE4E,A7 F0,DF DA,0x1CB40 0x1CB40,0x29 0x29,0x0F0 0x0F1,e2f0d9
0x9772 0x9773,107,문자,86,우,0x9772~0x9773,0 1,90 12,F0 CD,0x1CE4D 0x1CE4C,59 DC,B9 97,0x1CB40 0x1CB40,0x29 0x29,0x0F2 0x0F3,e9ae2b
0x9774 0x9775,108,문자,87,리,0x9774~0x9775,0 1,12 00,70 34,0x1CE4B 0x1CE4A,DD CC,3B 00,0x1CB40 0x1CB40,0x29 0x29,0x0F4 0x0F5,e9ae2b
0x9776 0x9777,109,문자,88,가,0x9776~0x9777,0 1,23 21,A0 17,0x1CE49 0x1CE48,F0 EF,6D E5,0x1CB40 0x1CB40,0x29 0x29,0x0F6 0x0F7,e9ae2b
0x9778 0x9779,110,문자,89,␠,0x9778~0x9779,0 1,00 D0,18 12,0x1CE47 0x1CE46,CF A0,E7 E2,0x1CB40 0x1CB40,0x29 0x29,0x0F8 0x0F9,e2f0d9
0x977A 0x977B,111,문자,90,서,0x977A~0x977B,0 1,28 80,50 3D,0x1CE45 0x1CE44,F9 52,21 0F,0x1CB40 0x1CB40,0x29 0x29,0x0FA 0x0FB,e9ae2b
0x977C 0x977D,112,문자,91,로,0x977C~0x977D,0 1,18 A0,D0 31,0x1CE43 0x1CE42,EB 74,A3 05,0x1CB40 0x1CB40,0x29 0x29,0x0FC 0x0FD,e9ae2b
0x977E 0x977F,113,문자,92,␠,0x977E~0x977F,0 1,12 90,18 12,0x1CE41 0x1CE40,E7 67,ED E9,0x1CB40 0x1CB40,0x29 0x29,0x0FE 0x0FF,e2f0d9
0x9780 0x9781,114,문자,93,싸,0x9780~0x9781,0 1,12 19,00 46,0x1CE3F 0x1CE3E,EA F2,D8 1F,0x1CB40 0x1CB40,0x29 0x29,0x100 0x101,e9ae2b
0x9782 0x9783,115,문자,94,워,0x9782~0x9783,0 1,00 7D,F0 D7,0x1CE3D 0x1CE3C,DA 58,CA B2,0x1CB40 0x1CB40,0x29 0x29,0x102 0x103,e9ae2b
0x9784 0x9785,116,문자,95,야,0x9784~0x9785,0 1,15 00,00 6C,0x1CE3B 0x1CE3A,F1 DD,DC 49,0x1CB40 0x1CB40,0x29 0x29,0x104 0x105,e9ae2b
0x9786 0x9787,117,문자,96,만,0x9786~0x9787,0 1,17 00,D0 34,0x1CE39 0x1CE38,F5 DF,AE 13,0x1CB40 0x1CB40,0x29 0x29,0x106 0x107,e9ae2b
0x9788 0x9789,118,문자,97,␠,0x9788~0x9789,0 1,1A 00,18 12,0x1CE37 0x1CE36,FA E1,F8 F3,0x1CB40 0x1CB40,0x29 0x29,0x108 0x109,e2f0d9
0x978A 0x978B,119,문자,98,하,0x978A~0x978B,0 1,04 16,50 E3,0x1CE35 0x1CE34,E6 F9,32 C6,0x1CB40 0x1CB40,0x29 0x29,0x10A 0x10B,e9ae2b
0x978C 0x978D,120,문자,99,는,0x978C~0x978D,0 1,00 A0,E0 25,0x1CE33 0x1CE32,E4 85,C4 0A,0x1CB40 0x1CB40,0x29 0x29,0x10C 0x10D,e9ae2b
0x978F,121,문자,100,␠,0x978E~0x978F,1,30,12,0x1CE30,17,F9,0x1CB40,0x29,0x10F,e2f0d9
0x9790 0x9791,122,문자,101,거,0x9790~0x9791,0 1,28 D0,90 1D,0x1CE2F 0x1CE2E,10 B9,78 06,0x1CB40 0x1CB40,0x29 0x29,0x110 0x111,e9ae2b
0x9792 0x9793,123,문자,102,야,0x9792~0x9793,0 1,18 A0,00 6C,0x1CE2D 0x1CE2C,02 8B,EA 57,0x1CB40 0x1CB40,0x29 0x29,0x112 0x113,e9ae2b
0x9794 0x9795,124,문자,103,？,0x9794~0x9795,0 1,28 C0,90 12,0x1CE2B 0x1CE2A,14 AD,7C FF,0x1CB40 0x1CB40,0x29 0x29,0x114 0x115,e2f0d9
0x9796 0x9798 0x9799 0x979A,125,제어,,,0x9796~0x979A,0 2 3 4,41 BB 50 19,12 23 21 00,0x1CE29 0x1CE27 0x1CE26 0x1CE25,2F AB 41 0B,00 13 12 F2,0x1CB40 0x1CB40 0x1CB40 0x1CB40,0x29 0x29 0x29 0x29,0x116 0x118 0x119 0x11A,fce4d6
0x979B 0x979C,126,문자,104,␠,0x979B~0x979C,0 1,A0 28,18 12,0x1CE24 0x1CE23,93 1C,0B 06,0x1CB40 0x1CB40,0x29 0x29,0x11B 0x11C,e2f0d9
0x979D 0x979E,127,문자,105,어,0x979D~0x979E,0 1,40 18,00 70,0x1CE22 0x1CE21,35 0E,F5 66,0x1CB40 0x1CB40,0x29 0x29,0x11D 0x11E,e9ae2b
0x979F 0x97A0,128,문자,106,째,0x979F~0x97A0,0 1,70 28,80 E0,0x1CE20 0x1CE1F,67 20,77 D8,0x1CB40 0x1CB40,0x29 0x29,0x11F 0x120,e9ae2b
0x97A1 0x97A2,129,문자,107,서,0x97A1~0x97A2,0 1,80 38,50 3D,0x1CE1E 0x1CE1D,79 32,49 37,0x1CB40 0x1CB40,0x29 0x29,0x121 0x122,e9ae2b
0x97A3,130,문자,108,！,0x97A3~0x97A4,0,60,A0,0x1CE1C,5B,9B,0x1CB40,0x29,0x123,e2f0d9
0x97A5,131,문자,109,？,0x97A5~0x97A6,0,60,90,0x1CE1A,5D,8D,0x1CB40,0x29,0x125,e2f0d9
0x97A7 0x97A8 0x97A9,132,제어,,,0x97A7~0x97A9,0 1 2,60 12 12,19 00 7D,0x1CE18 0x1CE17 0x1CE16,5F 12 13,18 00 7E,0x1CB40 0x1CB40 0x1CB40,0x29 0x29 0x29,0x127 0x128 0x129,fce4d6
0x97AA 0x97AB,133,제어,,,0x97AA~0x97AB,0 1,00 23,15 00,0x1CE15 0x1CE14,02 26,17 03,0x1CB40 0x1CB40,0x29 0x29,0x12A 0x12B,fce4d6
0x97AC 0x97AD,134,제어,,,0x97AC~0x97AD,0 1,00 D0,17 00,0x1CE13 0x1CE12,04 D5,1B 05,0x1CB40 0x1CB40,0x29 0x29,0x12C 0x12D,fce4d6
0x97AE 0x97AF 0x97B0,135,제어,,,0x97AE~0x97B0,0 1 2,FB B0 28,1A 00 04,0x1CE11 0x1CE10 0x1CE0F,01 B7 30,20 07 0C,0x1CB40 0x1CB40 0x1CB40,0x29 0x29 0x29,0x12E 0x12F 0x130,fce4d6
0x97B1 0x97B2,136,제어,,,0x97B1~0x97B2,0 1,10 AC,16 00,0x1CE0E 0x1CE0D,19 B6,1F 0A,0x1CB40 0x1CB40,0x29 0x29,0x131 0x132,fce4d6
0x97B3 0x97B4,137,문자,110,소,0x97B3~0x97B4,0 1,F0 18,D0 3D,0x1CE0C 0x1CE0B,FB 24,DB 49,0x1CB40 0x1CB40,0x29 0x29,0x133 0x134,e9ae2b
0x97B5 0x97B6,138,문자,111,리,0x97B5~0x97B6,0 1,F0 38,70 34,0x1CE0A 0x1CE09,FD 46,7D 42,0x1CB40 0x1CB40,0x29 0x29,0x135 0x136,e9ae2b
0x97B7,139,문자,112,␠,0x97B7~0x97B8,0,60,18,0x1CE08,6F,27,0x1CB40,0x29,0x137,e2f0d9
0x97B9 0x97BA,140,문자,113,지,0x97B9~0x97BA,0 1,60 12,10 E0,0x1CE06 0x1CE05,71 24,21 F2,0x1CB40 0x1CB40,0x29 0x29,0x139 0x13A,e9ae2b
0x97BB 0x97BC,141,문자,114,르,0x97BB~0x97BC,0 1,60 12,30 34,0x1CE04 0x1CE03,73 26,43 48,0x1CB40 0x1CB40,0x29 0x29,0x13B 0x13C,e9ae2b
0x97BD 0x97BE,142,문자,115,지,0x97BD~0x97BE,0 1,15 00,10 E0,0x1CE02 0x1CE01,2A 16,25 F6,0x1CB40 0x1CB40,0x29 0x29,0x13D 0x13E,e9ae2b
0x97BF 0x97C0,143,문자,116,␠,0x97BF~0x97C0,0 1,20 18,18 12,0x1CE00 0x1CDFF,37 30,2F 2A,0x1CB40 0x1CB40,0x29 0x29,0x13F 0x140,e2f0d9
0x97C1 0x97C2,144,문자,117,마,0x97C1~0x97C2,0 1,A0 28,B0 34,0x1CDFE 0x1CDFD,B9 42,C9 4E,0x1CB40 0x1CB40,0x29 0x29,0x141 0x142,e9ae2b
0x97C3 0x97C4,145,문자,118,・,0x97C3~0x97C4,0 1,F0 19,60 12,0x1CDFC 0x1CDFB,0B 35,7B 2E,0x1CB40 0x1CB40,0x29 0x29,0x143 0x144,e2f0d9
0x97C5 0x97C6,146,문자,119,・,0x97C5~0x97C6,0 1,80 28,60 12,0x1CDFA 0x1CDF9,9D 46,7D 30,0x1CB40 0x1CB40,0x29 0x29,0x145 0x146,e2f0d9
0x97C7 0x97C8,147,문자,120,・,0x97C7~0x97C8,0 1,40 F6,60 12,0x1CDF8 0x1CDF7,5F 16,7F 32,0x1CB40 0x1CB40,0x29 0x29,0x147 0x148,e2f0d9
0x97C9 0x97CA 0x97CB 0x97CC,148,제어,,,0x97C9~0x97CC,0 1 2 3,F0 28 80 4A,12 00 23 00,0x1CDF6 0x1CDF5 0x1CDF4 0x1CDF3,11 4A A3 6E,33 22 46 24,0x1CB40 0x1CB40 0x1CB40 0x1CB40,0x29 0x29 0x29 0x29,0x149 0x14A 0x14B 0x14C,fce4d6
0x97CD 0x97CE,149,문자,121,␠,0x97CD~0x97CE,0 1,10 4D,18 12,0x1CDF2 0x1CDF1,35 73,3D 38,0x1CB40 0x1CB40,0x29 0x29,0x14D 0x14E,e2f0d9
0x97CF 0x97D0,150,문자,122,상,0x97CF~0x97D0,0 1,E0 B6,20 3D,0x1CDF0 0x1CDEF,07 DE,47 65,0x1CB40 0x1CB40,0x29 0x29,0x14F 0x150,e9ae2b
0x97D1 0x97D2,151,문자,123,처,0x97D1~0x97D2,0 1,60 12,00 E1,0x1CDEE 0x1CDED,89 3C,29 0B,0x1CB40 0x1CB40,0x29 0x29,0x151 0x152,e9ae2b
0x97D3 0x97D4,152,문자,124,가,0x97D3~0x97D4,0 1,60 12,A0 17,0x1CDEC 0x1CDEB,8B 3E,CB 43,0x1CB40 0x1CB40,0x29 0x29,0x153 0x154,e9ae2b
0x97D5,153,문자,125,␠,0x97D5~0x97D6,0,60,18,0x1CDEA,8D,45,0x1CB40,0x29,0x155,e2f0d9
0x97D7 0x97D8,154,문자,126,울,0x97D7~0x97D8,0 1,00 28,F0 D3,0x1CDE8 0x1CDE7,2F 58,1F 03,0x1CB40 0x1CB40,0x29 0x29,0x157 0x158,e9ae2b
0x97D9 0x97DA,155,문자,127,리,0x97D9~0x97DA,0 1,B0 18,70 34,0x1CDE6 0x1CDE5,E1 4A,A1 66,0x1CB40 0x1CB40,0x29 0x29,0x159 0x15A,e9ae2b
0x97DB 0x97DC,156,문자,128,잖,0x97DB~0x97DC,0 1,90 38,30 DF,0x1CDE4 0x1CDE3,C3 6C,63 13,0x1CB40 0x1CB40,0x29 0x29,0x15B 0x15C,e9ae2b
0x97DD 0x97DE,157,문자,129,아,0x97DD~0x97DE,0 1,F0 C0,00 56,0x1CDE2 0x1CDE1,25 F6,35 8C,0x1CB40 0x1CB40,0x29 0x29,0x15D 0x15E,e9ae2b
0x97E0,158,문자,130,・,0x97DF~0x97E0,1,18,12,0x1CDDF,50,4A,0x1CB40,0x29,0x160,e2f0d9
0x97E1 0x97E2,159,문자,131,・,0x97E1~0x97E2,0 1,E0 28,60 12,0x1CDDE 0x1CDDD,19 62,99 4C,0x1CB40 0x1CB40,0x29 0x29,0x161 0x162,e2f0d9
0x97E5 0x97E6,161,제어,,,0x97E5~0x97E6,0 1,60 12,15 00,0x1CDDA 0x1CDD9,9D 50,52 3E,0x1CB40 0x1CB40,0x29 0x29,0x165 0x166,fce4d6
0x97E7 0x97E8,162,문자,133,너,0x97E7~0x97E8,0 1,60 12,50 25,0x1CDD8 0x1CDD7,9F 52,8F 65,0x1CB40 0x1CB40,0x29 0x29,0x167 0x168,e9ae2b
0x97E9 0x97EA,163,문자,134,와,0x97E9~0x97EA,0 1,12 00,E0 9F,0x1CDD6 0x1CDD5,53 42,21 E1,0x1CB40 0x1CB40,0x29 0x29,0x169 0x16A,e9ae2b
0x97EB 0x97EC,164,문자,135,␠,0x97EB~0x97EC,0 1,21 00,18 12,0x1CDD4 0x1CDD3,64 44,5B 56,0x1CB40 0x1CB40,0x29 0x29,0x16B 0x16C,e2f0d9
0x97ED 0x97EE,165,문자,136,나,0x97ED~0x97EE,0 1,D0 19,B0 24,0x1CDD2 0x1CDD1,15 5F,F5 6A,0x1CB40 0x1CB40,0x29 0x29,0x16D 0x16E,e9ae2b
0x97EF 0x97F0,166,문자,137,는,0x97EF~0x97F0,0 1,C0 38,E0 25,0x1CDD0 0x1CDCF,07 80,27 6D,0x1CB40 0x1CB40,0x29 0x29,0x16F 0x170,e9ae2b
0x97F1 0x97F2,167,문자,138,␠,0x97F1~0x97F2,0 1,70 28,18 12,0x1CDCE 0x1CDCD,B9 72,61 5C,0x1CB40 0x1CB40,0x29 0x29,0x171 0x172,e2f0d9
0x97F3 0x97F4,168,문자,139,적,0x97F3~0x97F4,0 1,40 18,A0 DF,0x1CDCC 0x1CDCB,8B 64,EB 2B,0x1CB40 0x1CB40,0x29 0x29,0x173 0x174,e9ae2b
0x97F5 0x97F6,169,문자,140,이,0x97F5~0x97F6,0 1,40 18,90 DE,0x1CDCA 0x1CDC9,8D 66,DD 2C,0x1CB40 0x1CB40,0x29 0x29,0x175 0x176,e9ae2b
0x97F7 0x97F8,170,문자,141,야,0x97F7~0x97F8,0 1,80 19,00 6C,0x1CDC8 0x1CDC7,CF 69,4F BC,0x1CB40 0x1CB40,0x29 0x29,0x177 0x178,e9ae2b
0x97F9 0x97FA,171,문자,142,・,0x97F9~0x97FA,0 1,30 38,60 12,0x1CDC6 0x1CDC5,81 8A,B1 64,0x1CB40 0x1CB40,0x29 0x29,0x179 0x17A,e2f0d9
0x97FB 0x97FC,172,문자,143,・,0x97FB~0x97FC,0 1,A0 28,60 12,0x1CDC4 0x1CDC3,F3 7C,B3 66,0x1CB40 0x1CB40,0x29 0x29,0x17B 0x17C,e2f0d9
0x97FD 0x97FE,173,문자,144,・,0x97FD~0x97FE,0 1,40 18,60 12,0x1CDC2 0x1CDC1,95 6E,B5 68,0x1CB40 0x1CB40,0x29 0x29,0x17D 0x17E,e2f0d9
0x97FF,174,문자,145,␠,0x97FF~0x9800,0,A0,18,0x1CDC0,F7,6F,0x1CB40,0x29,0x17F,e2f0d9
0x9801 0x9802,175,문자,146,그,0x9801~0x9802,0 1,19 00,50 21,0x1CDBE 0x1CDBD,72 5A,A9 7B,0x1CB40 0x1CB40,0x29 0x29,0x181 0x182,e9ae2b
0x9803 0x9804,176,문자,147,래,0x9803~0x9804,0 1,7E 15,30 31,0x1CDBC 0x1CDBB,D9 71,8B 8D,0x1CB40 0x1CB40,0x29 0x29,0x183 0x184,e9ae2b
0x9805 0x9806,177,문자,148,서,0x9805~0x9806,0 1,00 17,50 3D,0x1CDBA 0x1CDB9,5D 75,AD 9B,0x1CB40 0x1CB40,0x29 0x29,0x185 0x186,e9ae2b
0x9807 0x9808,178,문자,149,␠,0x9807~0x9808,0 1,00 14,18 12,0x1CDB8 0x1CDB7,5F 74,77 72,0x1CB40 0x1CB40,0x29 0x29,0x187 0x188,e2f0d9
0x980A,179,문자,150,싸,0x9809~0x980A,1,00,46,0x1CDB5,62,A8,0x1CB40,0x29,0x18A,e9ae2b
0x980B 0x980C,180,문자,151,우,0x980B~0x980C,0 1,40 80,F0 CD,0x1CDB4 0x1CDB3,A3 E4,53 31,0x1CB40 0x1CB40,0x29 0x29,0x18B 0x18C,e9ae2b
0x980D 0x980E,181,문자,152,는,0x980D~0x980E,0 1,1A 00,E0 25,0x1CDB2 0x1CDB1,7F 66,45 8B,0x1CB40 0x1CB40,0x29 0x29,0x18D 0x18E,e9ae2b
0x980F 0x9810,182,문자,153,␠,0x980F~0x9810,0 1,04 16,18 12,0x1CDB0 0x1CDAF,6B 7E,7F 7A,0x1CB40 0x1CB40,0x29 0x29,0x18F 0x190,e2f0d9
0x9811 0x9812,183,문자,154,거,0x9811~0x9812,0 1,00 80,90 1D,0x1CDAE 0x1CDAD,69 EA,F9 87,0x1CB40 0x1CB40,0x29 0x29,0x191 0x192,e9ae2b
0x9813 0x9814,184,문자,155,야,0x9813~0x9814,0 1,38 F0,00 6C,0x1CDAC 0x1CDAB,A3 5C,6B D8,0x1CB40 0x1CB40,0x29 0x29,0x193 0x194,e9ae2b
0x9815 0x9816,185,문자,156,・,0x9815~0x9816,0 1,18 A0,60 12,0x1CDAA 0x1CDA9,85 0E,CD 80,0x1CB40 0x1CB40,0x29 0x29,0x195 0x196,e2f0d9
0x9817 0x9818,186,문자,157,・,0x9817~0x9818,0 1,28 40,60 12,0x1CDA8 0x1CDA7,97 B0,CF 82,0x1CB40 0x1CB40,0x29 0x29,0x197 0x198,e2f0d9
0x9819 0x981A,187,문자,158,・,0x9819~0x981A,0 1,18 F0,60 12,0x1CDA6 0x1CDA5,89 62,D1 84,0x1CB40 0x1CB40,0x29 0x29,0x199 0x19A,e2f0d9
0x981B 0x981C 0x981D 0x981E,188,제어,,,0x981B~0x981E,0 1 2 3,38 30 28 20,12 00 21 00,0x1CDA4 0x1CDA3 0x1CDA2 0x1CDA1,AB A4 9D 96,85 74 96 76,0x1CB40 0x1CB40 0x1CB40 0x1CB40,0x29 0x29 0x29 0x29,0x19B 0x19C 0x19D 0x19E,fce4d6
0x981F,189,문자,159,␠,0x981F~0x9820,0,12,18,0x1CDA0,89,8F,0x1CB40,0x29,0x19F,e2f0d9
0x9821 0x9822,190,문자,160,그,0x9821~0x9822,0 1,00 23,50 21,0x1CD9E 0x1CD9D,79 9D,C9 9B,0x1CB40 0x1CB40,0x29 0x29,0x1A1 0x1A2,e9ae2b
0x9823 0x9824,191,문자,161,거,0x9823~0x9824,0 1,21 00,90 1D,0x1CD9C 0x1CD9B,9C 7C,0B 99,0x1CB40 0x1CB40,0x29 0x29,0x1A3 0x1A4,e9ae2b
0x9825 0x9826,192,문자,162,면,0x9825~0x9826,0 1,00 28,70 35,0x1CD9A 0x1CD99,7D A6,ED B3,0x1CB40 0x1CB40,0x29 0x29,0x1A5 0x1A6,e9ae2b
0x9827 0x9828,193,문자,163,␠,0x9827~0x9828,0 1,30 28,18 12,0x1CD98 0x1CD97,AF A8,97 92,0x1CB40 0x1CB40,0x29 0x29,0x1A7 0x1A8,e2f0d9
0x9829 0x982A,194,문자,164,됐,0x9829~0x982A,0 1,60 28,70 2E,0x1CD96 0x1CD95,E1 AA,F1 B0,0x1CB40 0x1CB40,0x29 0x29,0x1A9 0x1AA,e9ae2b
0x982B 0x982C,195,문자,165,잖,0x982B~0x982C,0 1,20 12,30 DF,0x1CD94 0x1CD93,A3 96,B3 63,0x1CB40 0x1CB40,0x29 0x29,0x1AB 0x1AC,e9ae2b
0x982D 0x982E,196,문자,166,아,0x982D~0x982E,0 1,80 4A,00 56,0x1CD92 0x1CD91,05 D0,85 DC,0x1CB40 0x1CB40,0x29 0x29,0x1AD 0x1AE,e9ae2b
0x982F 0x9830,197,문자,167,！,0x982F~0x9830,0 1,80 19,A0 12,0x1CD90 0x1CD8F,07 A1,27 9A,0x1CB40 0x1CB40,0x29 0x29,0x1AF 0x1B0,e2f0d9
0x9831 0x9832 0x9833,198,제어,,,0x9831~0x9833,0 1 2,30 38 A0,19 00 7E,0x1CD8E 0x1CD8D 0x1CD8C,B9 C2 2B,A2 8A 09,0x1CB40 0x1CB40 0x1CB40,0x29 0x29 0x29,0x1B1 0x1B2 0x1B3,fce4d6
0x9834 0x9835,199,제어,,,0x9834~0x9835,0 1,28 40,15 00,0x1CD8B 0x1CD8A,B4 CD,A1 8D,0x1CB40 0x1CB40,0x29 0x29,0x1B4 0x1B5,fce4d6
0x9836 0x9837,200,제어,,,0x9836~0x9837,0 1,18 20,17 00,0x1CD89 0x1CD88,A6 AF,A5 8F,0x1CB40 0x1CB40,0x29 0x29,0x1B6 0x1B7,fce4d6
0x9838 0x9839 0x983A 0x983B 0x983C,201,제어,,,0x9838~0x983C,0 1 2 3 4,38 E0 28 A0 12,14 00 00 40 80,0x1CD87 0x1CD86 0x1CD85 0x1CD84 0x1CD83,C8 71 BA 33 A6,A4 91 92 D3 14,0x1CB40 0x1CB40 0x1CB40 0x1CB40 0x1CB40,0x29 0x29 0x29 0x29 0x29,0x1B8 0x1B9 0x1BA 0x1BB 0x1BC,fce4d6
0x983D 0x983F,202,제어,,,0x983D~0x983F,0 2,19 7D,1A 04,0x1CD82 0x1CD80,AE 14,AF 9B,0x1CB40 0x1CB40,0x29 0x29,0x1BD 0x1BF,fce4d6
0x9840,203,제어,,,0x9840~0x9841,0,15,16,0x1CD7F,AD,AE,0x1CB40,0x29,0x1C0,fce4d6
0x9842 0x9843,204,문자,168,억,0x9842~0x9843,0 1,17 00,00 72,0x1CD7D 0x1CD7C,B1 9B,9A 0D,0x1CB40 0x1CB40,0x29 0x29,0x1C2 0x1C3,e9ae2b
0x9844 0x9845,205,문자,169,지,0x9844~0x9845,0 1,1A 00,10 E0,0x1CD7B 0x1CD7A,B6 9D,AC 7D,0x1CB40 0x1CB40,0x29 0x29,0x1C4 0x1C5,e9ae2b
0x9846 0x9847,206,문자,170,␠,0x9846~0x9847,0 1,04 16,18 12,0x1CD79 0x1CD78,A2 B5,B6 B1,0x1CB40 0x1CB40,0x29 0x29,0x1C6 0x1C7,e2f0d9
0x9849,207,문자,171,부,0x9848~0x9849,1,10,3C,0x1CD76,B1,DD,0x1CB40,0x29,0x1C9,e9ae2b
0x984A 0x984B,208,문자,172,리,0x984A~0x984B,0 1,11 12,70 34,0x1CD75 0x1CD74,B3 B5,12 D7,0x1CB40 0x1CB40,0x29 0x29,0x1CA 0x1CB,e9ae2b
0x984C 0x984D,209,문자,173,지,0x984C~0x984D,0 1,00 23,10 E0,0x1CD73 0x1CD72,A4 C8,B4 85,0x1CB40 0x1CB40,0x29 0x29,0x1CC 0x1CD,e9ae2b
0x984E 0x984F,210,문자,174,␠,0x984E~0x984F,0 1,21 00,18 12,0x1CD71 0x1CD70,C7 A7,BE B9,0x1CB40 0x1CB40,0x29 0x29,0x1CE 0x1CF,e2f0d9
0x9850 0x9851,211,문자,175,마,0x9850~0x9851,0 1,10 11,B0 34,0x1CD6F 0x1CD6E,B8 BA,58 DD,0x1CB40 0x1CB40,0x29 0x29,0x1D0 0x1D1,e9ae2b
0x9852 0x9853,212,문자,176,、,0x9852~0x9853,0 1,12 00,20 12,0x1CD6D 0x1CD6C,BC AB,CA BD,0x1CB40 0x1CB40,0x29 0x29,0x1D2 0x1D3,e2f0d9
0x9854 0x9855 0x9856 0x9857 0x9858,213,제어,,,0x9854~0x9858,0 1 2 3 4,23 21 00 10 11,12 00 23 21 00,0x1CD6B 0x1CD6A 0x1CD69 0x1CD68 0x1CD67,CF CE AE BF C1,BE AD D1 D0 B0,0x1CB40 0x1CB40 0x1CB40 0x1CB40 0x1CB40,0x29 0x29 0x29 0x29 0x29,0x1D4 0x1D5 0x1D6 0x1D7 0x1D8,fce4d6
0x9859 0x985A,214,문자,177,난,0x9859~0x985A,0 1,80 19,C0 24,0x1CD66 0x1CD65,31 CB,71 D6,0x1CB40 0x1CB40,0x29 0x29,0x1D9 0x1DA,e9ae2b
0x985B 0x985C,215,문자,178,␠,0x985B~0x985C,0 1,30 38,18 12,0x1CD64 0x1CD63,E3 EC,CB C6,0x1CB40 0x1CB40,0x29 0x29,0x1DB 0x1DC,e2f0d9
0x985D 0x985E,216,문자,179,널,0x985D~0x985E,0 1,20 18,70 25,0x1CD62 0x1CD61,D5 CE,25 DB,0x1CB40 0x1CB40,0x29 0x29,0x1DD 0x1DE,e9ae2b
0x985F,217,문자,180,␠,0x985F~0x9860,0,60,18,0x1CD60,17,CF,0x1CB40,0x29,0x1DF,e2f0d9
0x9861 0x9862,218,문자,181,적,0x9861~0x9862,0 1,60 12,A0 DF,0x1CD5E 0x1CD5D,19 CC,59 99,0x1CB40 0x1CB40,0x29 0x29,0x1E1 0x1E2,e9ae2b
0x9863 0x9864,219,문자,182,이,0x9863~0x9864,0 1,60 12,90 DE,0x1CD5C 0x1CD5B,1B CE,4B 9A,0x1CB40 0x1CB40,0x29 0x29,0x1E3 0x1E4,e9ae2b
0x9865 0x9866,220,문자,183,라,0x9865~0x9866,0 1,A0 28,F0 30,0x1CD5A 0x1CD59,5D E6,AD EE,0x1CB40 0x1CB40,0x29 0x29,0x1E5 0x1E6,e9ae2b
0x9867 0x9868,221,문자,184,␠,0x9867~0x9868,0 1,30 39,18 12,0x1CD58 0x1CD57,EF F9,D7 D2,0x1CB40 0x1CB40,0x29 0x29,0x1E7 0x1E8,e2f0d9
0x9869 0x986A,222,문자,185,생,0x9869~0x986A,0 1,A0 28,40 3D,0x1CD56 0x1CD55,61 EA,01 FF,0x1CB40 0x1CB40,0x29 0x29,0x1E9 0x1EA,e9ae2b
0x986B 0x986C,223,문자,186,각,0x986B~0x986C,0 1,E0 28,B0 17,0x1CD54 0x1CD53,A3 EC,73 DB,0x1CB40 0x1CB40,0x29 0x29,0x1EB 0x1EC,e9ae2b
0x986D 0x986E,224,문자,187,한,0x986D~0x986E,0 1,80 38,70 E3,0x1CD52 0x1CD51,45 FE,35 A9,0x1CB40 0x1CB40,0x29 0x29,0x1ED 0x1EE,e9ae2b
0x986F,225,문자,188,␠,0x986F~0x9870,0,90,18,0x1CD50,57,DF,0x1CB40,0x29,0x1EF,e2f0d9
0x9871 0x9872,226,문자,189,적,0x9871~0x9872,0 1,19 00,A0 DF,0x1CD4E 0x1CD4D,E2 CA,69 A9,0x1CB40 0x1CB40,0x29 0x29,0x1F1 0x1F2,e9ae2b
0x9873 0x9874,227,문자,190,␠,0x9873~0x9874,0 1,7E 15,18 12,0x1CD4C 0x1CD4B,49 E1,E3 DE,0x1CB40 0x1CB40,0x29 0x29,0x1F3 0x1F4,e2f0d9
0x9876,228,문자,191,없,0x9875~0x9876,1,17,7C,0x1CD49,E5,4A,0x1CB40,0x29,0x1F6,e9ae2b
0x9878,229,문자,192,어,0x9877~0x9878,1,14,70,0x1CD47,E4,40,0x1CB40,0x29,0x1F8,e9ae2b
0x9879 0x987A,230,문자,193,！,0x9879~0x987A,0 1,00 00,A0 12,0x1CD46 0x1CD45,D1 D2,71 E4,0x1CB40 0x1CB40,0x29 0x29,0x1F9 0x1FA,e2f0d9
0x987B 0x987C 0x987D,231,제어,,,0x987B~0x987D,0 1 2,40 80 1A,19 00 7D,0x1CD44 0x1CD43 0x1CD42,13 54 EF,EC D4 52,0x1CB40 0x1CB40 0x1CB40,0x29 0x29 0x29,0x1FB 0x1FC 0x1FD,fce4d6
0x987E 0x987F,232,제어,,,0x987E~0x987F,0 1,00 04,15 00,0x1CD41 0x1CD40,D6 DC,EB D8,0x1CB40 0x1CB40,0x29 0x29,0x1FE 0x1FF,fce4d6
0x9880,233,제어,,,0x9880~0x9881,0,16,17,0x1CD3F,EF,F0,0x1CB40,0x29,0x200,fce4d6
0x9882 0x9884,234,제어,,,0x9882~0x9884,0 2,12 23,1A 04,0x1CD3D 0x1CD3B,ED 00,F5 E1,0x1CB40 0x1CB40,0x29 0x29,0x202 0x204,fce4d6
0x9885 0x9886,235,제어,,,0x9885~0x9886,0 1,00 70,16 00,0x1CD3A 0x1CD39,DE 4F,F4 DF,0x1CB40 0x1CB40,0x29 0x29,0x205 0x206,fce4d6
0x9887 0x9888,236,제어,,,0x9887~0x9888,0 1,5A 30,10 11,0x1CD38 0x1CD37,3A 11,F0 F2,0x1CB40 0x1CB40,0x29 0x29,0x207 0x208,fce4d6
0x9889 0x988A 0x988B 0x988C 0x988D,237,제어,,,0x9889~0x988D,0 1 2 3 4,46 80 38 60 12,12 00 23 21 00,0x1CD36 0x1CD35 0x1CD34 0x1CD33 0x1CD32,28 63 1C 45 F8,F4 E3 07 06 E6,0x1CB40 0x1CB40 0x1CB40 0x1CB40 0x1CB40,0x29 0x29 0x29 0x29 0x29,0x209 0x20A 0x20B 0x20C 0x20D,fce4d6
0x988E 0x988F,238,제어,,,0x988E~0x988F,0 1,60 12,10 11,0x1CD31 0x1CD30,47 FA,F7 F9,0x1CB40 0x1CB40,0x29 0x29,0x20E 0x20F,fce4d6
0x9890 0x9891 0x9892 0x9893 0x9894,239,제어,,,0x9890~0x9894,0 1 2 3 4,60 12 12 00 21,12 00 23 21 00,0x1CD2F 0x1CD2E 0x1CD2D 0x1CD2C 0x1CD2B,49 FC FD EC 0E,FB EA 0E 0D ED,0x1CB40 0x1CB40 0x1CB40 0x1CB40 0x1CB40,0x29 0x29 0x29 0x29 0x29,0x210 0x211 0x212 0x213 0x214,fce4d6
0x9895 0x9896,240,제어,,,0x9895~0x9896,0 1,00 D0,10 11,0x1CD2A 0x1CD29,EE BF,FE 00,0x1CB40 0x1CB40,0x29 0x29,0x215 0x216,fce4d6
0x9897 0x9898,241,문자,194,그,0x9897~0x9898,0 1,19 60,50 21,0x1CD28 0x1CD27,09 51,40 12,0x1CB40 0x1CB40,0x29 0x29,0x217 0x218,e9ae2b
0x9899 0x989A,242,문자,195,럼,0x9899~0x989A,0 1,18 20,70 31,0x1CD26 0x1CD25,0A 13,62 24,0x1CB40 0x1CB40,0x29 0x29,0x219 0x21A,e9ae2b
0x989B,243,문자,196,・,0x989B~0x989C,0,12,60,0x1CD24,06,54,0x1CB40,0x29,0x21B,e2f0d9
0x989D 0x989E,244,문자,197,・,0x989D~0x989E,0 1,00 23,60 12,0x1CD22 0x1CD21,F6 1A,56 09,0x1CB40 0x1CB40,0x29 0x29,0x21D 0x21E,e2f0d9
0x989F 0x98A0,245,문자,198,・,0x989F~0x98A0,0 1,21 00,60 12,0x1CD20 0x1CD1F,19 F9,58 0B,0x1CB40 0x1CB40,0x29 0x29,0x21F 0x220,e2f0d9
0x98A1 0x98A2,246,문자,199,␠,0x98A1~0x98A2,0 1,70 5A,18 12,0x1CD1E 0x1CD1D,6A 55,12 0D,0x1CB40 0x1CB40,0x29 0x29,0x221 0x222,e2f0d9
0x98A3 0x98A4,247,문자,200,뭔,0x98A3~0x98A4,0 1,30 46,F0 37,0x1CD1C 0x1CD1B,2C 43,EC 34,0x1CB40 0x1CB40,0x29 0x29,0x223 0x224,e9ae2b
0x98A5 0x98A6,248,문자,201,데,0x98A5~0x98A6,0 1,80 38,F0 2D,0x1CD1A 0x1CD19,7E 37,EE 2C,0x1CB40 0x1CB40,0x29 0x29,0x225 0x226,e9ae2b
0x98A7,249,문자,202,？,0x98A7~0x98A8,0,A0,90,0x1CD18,A0,90,0x1CB40,0x29,0x227,e2f0d9
0x98AB,250,제어,,,0x98A9~0x98AB,2,7D,7E,0x1CD14,81,82,0x1CB40,0x29,0x22B,fce4d6
0x98B0 0x98B2 0x98B3 0x98B4,253,제어,,,0x98B0~0x98B4,0 2 3 4,1A 04 16 00,14 00 40 80,0x1CD0F 0x1CD0D 0x1CD0C 0x1CD0B,23 0F 22 0D,1D 0B 4C 8D,0x1CB40 0x1CB40 0x1CB40 0x1CB40,0x29 0x29 0x29 0x29,0x230 0x232 0x233 0x234,fce4d6
0x98B5 0x98B6 0x98B7,254,제어,,,0x98B5~0x98B7,0 1 2,10 11 12,1A 00 04,0x1CD0A 0x1CD09 0x1CD08,1E 20 22,28 0F 14,0x1CB40 0x1CB40 0x1CB40,0x29 0x29 0x29,0x235 0x236 0x237,fce4d6
0x98B8 0x98B9,255,제어,,,0x98B8~0x98B9,0 1,00 23,16 00,0x1CD07 0x1CD06,11 35,27 12,0x1CB40 0x1CB40,0x29 0x29,0x238 0x239,fce4d6
0x98BA 0x98BB 0x98BC 0x98BD,256,제어,,,0x98BA~0x98BD,0 1 2 3,00 60 12 60,12 00 23 00,0x1CD05 0x1CD04 0x1CD03 0x1CD02,13 74 27 76,25 14 38 16,0x1CB40 0x1CB40 0x1CB40 0x1CB40,0x29 0x29 0x29 0x29,0x23A 0x23B 0x23C 0x23D,fce4d6
0x98BE 0x98BF,257,문자,203,친,0x98BE~0x98BF,0 1,12 60,B0 E1,0x1CD01 0x1CD00,29 78,C7 F9,0x1CB40 0x1CB40,0x29 0x29,0x23E 0x23F,e9ae2b
0x98C0 0x98C1,258,문자,204,구,0x98C0~0x98C1,0 1,12 12,00 21,0x1CCFF 0x1CCFE,2B 2C,19 3B,0x1CB40 0x1CB40,0x29 0x29,0x240 0x241,e9ae2b
0x98C3,259,문자,205,야,0x98C2~0x98C3,1,21,6C,0x1CCFC,3D,88,0x1CB40,0x29,0x243,e9ae2b
0x98C4 0x98C5,260,문자,206,・,0x98C4~0x98C5,0 1,00 40,60 12,0x1CCFB 0x1CCFA,1D 5E,7D 30,0x1CB40 0x1CB40,0x29 0x29,0x244 0x245,e2f0d9
0x98C6 0x98C7,261,문자,207,・,0x98C6~0x98C7,0 1,18 40,60 12,0x1CCF9 0x1CCF8,37 60,7F 32,0x1CB40 0x1CB40,0x29 0x29,0x246 0x247,e2f0d9
0x98C8 0x98C9,262,문자,208,・,0x98C8~0x98C9,0 1,28 20,60 12,0x1CCF7 0x1CCF6,49 42,81 34,0x1CB40 0x1CB40,0x29 0x29,0x248 0x249,e2f0d9
0x98CA 0x98CB 0x98CC 0x98CD,263,제어,,,0x98CA~0x98CD,0 1 2 3,38 40 18 80,12 00 21 00,0x1CCF5 0x1CCF4 0x1CCF3 0x1CCF2,5B 64 3D A6,35 24 46 26,0x1CB40 0x1CB40 0x1CB40 0x1CB40,0x29 0x29 0x29 0x29,0x24A 0x24B 0x24C 0x24D,fce4d6
0x98CE 0x98CF,264,문자,209,␠,0x98CE~0x98CF,0 1,19 10,18 12,0x1CCF1 0x1CCF0,40 38,3F 3A,0x1CB40 0x1CB40,0x29 0x29,0x24E 0x24F,e2f0d9
0x98D0 0x98D1,265,문자,210,우,0x98D0~0x98D1,0 1,38 60,F0 CD,0x1CCEF 0x1CCEE,61 8A,19 F7,0x1CB40 0x1CB40,0x29 0x29,0x250 0x251,e9ae2b
0x98D2 0x98D3,266,문자,211,린,0x98D2~0x98D3,0 1,28 F0,80 34,0x1CCED 0x1CCEC,53 1C,AB 60,0x1CB40 0x1CB40,0x29 0x29,0x252 0x253,e9ae2b
0x98D4 0x98D5,267,문자,212,␠,0x98D4~0x98D5,0 1,19 E0,18 12,0x1CCEB 0x1CCEA,46 0E,45 40,0x1CB40 0x1CB40,0x29 0x29,0x254 0x255,e2f0d9
0x98D6 0x98D7 0x98D8 0x98D9 0x98DA,268,제어,,,0x98D6~0x98DA,0 1 2 3 4,28 B0 28 90 12,12 00 23 21 00,0x1CCE9 0x1CCE8 0x1CCE7 0x1CCE6 0x1CCE5,57 E0 59 C2 45,41 30 54 53 33,0x1CB40 0x1CB40 0x1CB40 0x1CB40 0x1CB40,0x29 0x29 0x29 0x29 0x29,0x256 0x257 0x258 0x259 0x25A,fce4d6
0x98DB 0x98DC,269,문자,213,친,0x98DB~0x98DC,0 1,12 00,B0 E1,0x1CCE4 0x1CCE3,46 35,E4 16,0x1CB40 0x1CB40,0x29 0x29,0x25B 0x25C,e9ae2b
0x98DD,270,문자,214,구,0x98DD~0x98DE,0,23,00,0x1CCE2,59,36,0x1CB40,0x29,0x25D,e9ae2b
0x98DF 0x98E0,271,문자,215,라,0x98DF~0x98E0,0 1,00 60,F0 30,0x1CCE0 0x1CCDF,38 99,28 69,0x1CB40 0x1CB40,0x29 0x29,0x25F 0x260,e9ae2b
0x98E1 0x98E2,272,문자,216,고,0x98E1~0x98E2,0 1,1A D0,80 20,0x1CCDE 0x1CCDD,54 0B,BA 5B,0x1CB40 0x1CB40,0x29 0x29,0x261 0x262,e9ae2b
0x98E3 0x98E4,273,문자,217,！,0x98E3~0x98E4,0 1,1B A0,A0 12,0x1CCDC 0x1CCDB,57 DD,DC 4F,0x1CB40 0x1CB40,0x29 0x29,0x263 0x264,e2f0d9
0x98E5 0x98E6 0x98E7,274,제어,,,0x98E5~0x98E7,0 1 2,18 30 28,19 00 7D,0x1CCDA 0x1CCD9 0x1CCD8,56 6F 68,57 3F BD,0x1CB40 0x1CB40 0x1CB40,0x29 0x29 0x29,0x265 0x266 0x267,fce4d6
0x98E8 0x98E9,275,제어,,,0x98E8~0x98E9,0 1,70 19,15 00,0x1CCD7 0x1CCD6,B1 5B,56 42,0x1CB40 0x1CB40,0x29 0x29,0x268 0x269,fce4d6
0x98EA 0x98EB,276,제어,,,0x98EA~0x98EB,0 1,30 38,17 00,0x1CCD5 0x1CCD4,73 7C,5A 44,0x1CB40 0x1CB40,0x29 0x29,0x26A 0x26B,fce4d6
0x98EC 0x98ED 0x98EE,277,제어,,,0x98EC~0x98EE,0 1 2,40 18 A0,1A 00 04,0x1CCD3 0x1CCD2 0x1CCD1,85 5E E7,5F 46 4B,0x1CB40 0x1CB40 0x1CB40,0x29 0x29 0x29,0x26C 0x26D 0x26E,fce4d6
0x98EF 0x98F0,278,제어,,,0x98EF~0x98F0,0 1,12 19,16 00,0x1CCD0 0x1CCCF,5A 62,5E 49,0x1CB40 0x1CB40,0x29 0x29,0x26F 0x270,fce4d6
0x98F1 0x98F2,279,제어,,,0x98F1~0x98F2,0 1,00 7E,10 11,0x1CCCE 0x1CCCD,4A C9,5A 5C,0x1CB40 0x1CB40,0x29 0x29,0x271 0x272,fce4d6
0x98F3 0x98F5,280,제어,,,0x98F3~0x98F6,0 2,15 17,12 23,0x1CCCC 0x1CCCA,61 65,5E 71,0x1CB40 0x1CB40,0x29 0x29,0x273 0x275,fce4d6
0x98F7 0x98F8,281,문자,218,・,0x98F7~0x98F8,0 1,14 00,60 12,0x1CCC8 0x1CCC7,64 51,B0 63,0x1CB40 0x1CB40,0x29 0x29,0x277 0x278,e2f0d9
0x98F9 0x98FA,282,문자,219,・,0x98F9~0x98FA,0 1,00 40,60 12,0x1CCC6 0x1CCC5,52 93,B2 65,0x1CB40 0x1CB40,0x29 0x29,0x279 0x27A,e2f0d9
0x98FB 0x98FC,283,문자,220,・,0x98FB~0x98FC,0 1,80 1A,60 12,0x1CCC4 0x1CCC3,D4 6F,B4 67,0x1CB40 0x1CB40,0x29 0x29,0x27B 0x27C,e2f0d9
0x98FD 0x98FE 0x98FF,284,제어,,,0x98FD~0x9900,0 1 2,00 04 16,12 00 21,0x1CCC2 0x1CCC1 0x1CCC0,56 5B 6E,68 57 79,0x1CB40 0x1CB40 0x1CB40,0x29 0x29 0x29,0x27D 0x27E 0x27F,fce4d6
0x9901 0x9902,285,문자,221,항,0x9901~0x9902,0 1,30 74,A0 E3,0x1CCBE 0x1CCBD,8A CF,FA 3E,0x1CB40 0x1CB40,0x29 0x29,0x281 0x282,e9ae2b
0x9903 0x9904,286,문자,222,상,0x9903~0x9904,0 1,60 12,20 3D,0x1CCBC 0x1CCBB,BC 6F,7C 9A,0x1CB40 0x1CB40,0x29 0x29,0x283 0x284,e9ae2b
0x9905,287,문자,223,␠,0x9905~0x9906,0,60,18,0x1CCBA,BE,76,0x1CB40,0x29,0x285,e2f0d9
0x9907 0x9908,288,문자,224,괴,0x9907~0x9908,0 1,60 12,E0 20,0x1CCB8 0x1CCB7,C0 73,40 81,0x1CB40 0x1CB40,0x29 0x29,0x287 0x288,e9ae2b
0x9909 0x990A,289,문자,225,롭,0x9909~0x990A,0 1,12 00,F0 33,0x1CCB6 0x1CCB5,74 63,52 96,0x1CB40 0x1CB40,0x29 0x29,0x289 0x28A,e9ae2b
0x990B 0x990C,290,문자,226,히,0x990B~0x990C,0 1,23 00,60 E5,0x1CCB4 0x1CCB3,87 65,C4 4A,0x1CB40 0x1CB40,0x29 0x29,0x28B 0x28C,e9ae2b
0x990D 0x990E,291,문자,227,기,0x990D~0x990E,0 1,A0 28,B0 21,0x1CCB2 0x1CCB1,06 8F,16 88,0x1CB40 0x1CB40,0x29 0x29,0x28D 0x28E,e9ae2b
0x990F 0x9910,292,문자,228,만,0x990F~0x9910,0 1,B0 28,D0 34,0x1CCB0 0x1CCAF,18 91,38 9D,0x1CB40 0x1CB40,0x29 0x29,0x28F 0x290,e9ae2b
0x9911 0x9912,293,문자,229,␠,0x9911~0x9912,0 1,20 38,18 12,0x1CCAE 0x1CCAD,8A A3,82 7D,0x1CB40 0x1CB40,0x29 0x29,0x291 0x292,e2f0d9
0x9913 0x9914,294,문자,230,했,0x9913~0x9914,0 1,30 74,C0 E3,0x1CCAC 0x1CCAB,9C E1,2C 50,0x1CB40 0x1CB40,0x29 0x29,0x293 0x294,e9ae2b
0x9915 0x9916,295,문자,231,는,0x9915~0x9916,0 1,D0 19,E0 25,0x1CCAA 0x1CCA9,3E 88,4E 94,0x1CB40 0x1CB40,0x29 0x29,0x295 0x296,e9ae2b
0x9917 0x9918,296,문자,232,데,0x9917~0x9918,0 1,30 39,F0 2D,0x1CCA8 0x1CCA7,A0 AA,60 9E,0x1CB40 0x1CB40,0x29 0x29,0x297 0x298,e9ae2b
0x9919 0x991A,297,문자,233,？,0x9919~0x991A,0 1,A0 28,90 12,0x1CCA6 0x1CCA5,12 9B,02 85,0x1CB40 0x1CB40,0x29 0x29,0x299 0x29A,e2f0d9
0x991B 0x991C 0x991D 0x991E 0x991F,298,제어,,,0x991B~0x991F,0 1 2 3 4,60 F7 00 B0 F0,12 00 23 21 00,0x1CCA4 0x1CCA3 0x1CCA2 0x1CCA1 0x1CCA0,D4 6C 76 27 68,86 75 99 98 78,0x1CB40 0x1CB40 0x1CB40 0x1CB40 0x1CB40,0x29 0x29 0x29 0x29 0x29,0x29B 0x29C 0x29D 0x29E 0x29F,fce4d6
0x9920 0x9921,299,문자,234,␠,0x9920~0x9921,0 1,38 A0,18 12,0x1CC9F 0x1CC9E,B1 1A,91 8C,0x1CB40 0x1CB40,0x29 0x29,0x2A0 0x2A1,e2f0d9
0x9922 0x9923,300,문자,235,거,0x9922~0x9923,0 1,28 F0,90 1D,0x1CC9D 0x1CC9C,A3 6C,0B 99,0x1CB40 0x1CB40,0x29 0x29,0x2A2 0x2A3,e9ae2b
0x9924 0x9925,301,문자,236,짓,0x9924~0x9925,0 1,18 F0,60 E0,0x1CC9B 0x1CC9A,95 6E,DD 5E,0x1CB40 0x1CB40,0x29 0x29,0x2A4 0x2A5,e9ae2b
0x9926 0x9927,302,문자,237,말,0x9926~0x9927,0 1,19 30,F0 34,0x1CC99 0x1CC98,98 B0,6F B4,0x1CB40 0x1CB40,0x29 0x29,0x2A6 0x2A7,e9ae2b
0x9928 0x9929,303,문자,238,하,0x9928~0x9929,0 1,28 60,50 E3,0x1CC97 0x1CC96,A9 E2,D1 65,0x1CB40 0x1CB40,0x29 0x29,0x2A8 0x2A9,e9ae2b
0x992A 0x992B,304,문자,239,지,0x992A~0x992B,0 1,28 60,10 E0,0x1CC95 0x1CC94,AB E4,93 64,0x1CB40 0x1CB40,0x29 0x29,0x2AA 0x2AB,e9ae2b
0x992C 0x992D,305,문자,240,␠,0x992C~0x992D,0 1,12 60,18 12,0x1CC93 0x1CC92,97 E6,9D 98,0x1CB40 0x1CB40,0x29 0x29,0x2AC 0x2AD,e2f0d9
0x992E 0x992F,306,문자,241,마,0x992E~0x992F,0 1,12 60,B0 34,0x1CC91 0x1CC90,99 E8,37 BC,0x1CB40 0x1CB40,0x29 0x29,0x2AE 0x2AF,e9ae2b
0x9930,307,문자,242,！,0x9930~0x9931,0,12,A0,0x1CC8F,9B,29,0x1CB40,0x29,0x2B0,e2f0d9
0x9932 0x9933 0x9934,308,제어,,,0x9932~0x9934,0 1 2,00 21 00,19 00 7E,0x1CC8D 0x1CC8C 0x1CC8B,8B AD 8D,A4 8C 0B,0x1CB40 0x1CB40 0x1CB40,0x29 0x29 0x29,0x2B2 0x2B3 0x2B4,fce4d6
0x9935 0x9936,309,제어,,,0x9935~0x9936,0 1,40 F6,15 00,0x1CC8A 0x1CC89,CE 85,A3 8F,0x1CB40 0x1CB40,0x29 0x29,0x2B5 0x2B6,fce4d6
0x9937 0x9938,310,제어,,,0x9937~0x9938,0 1,C0 18,17 00,0x1CC88 0x1CC87,50 A9,A7 91,0x1CB40 0x1CB40,0x29 0x29,0x2B7 0x2B8,fce4d6
0x9939 0x993A 0x993B 0x993C 0x993D,311,제어,,,0x9939~0x993D,0 1 2 3 4,D0 19 60 18 00,14 00 00 40 80,0x1CC86 0x1CC85 0x1CC84 0x1CC83 0x1CC82,62 AC F4 AD 96,A6 93 94 D5 16,0x1CB40 0x1CB40 0x1CB40 0x1CB40 0x1CB40,0x29 0x29 0x29 0x29 0x29,0x2B9 0x2BA 0x2BB 0x2BC 0x2BD,fce4d6
0x993E 0x993F 0x9940,312,제어,,,0x993E~0x9940,0 1 2,28 30 28,1A 00 04,0x1CC81 0x1CC80 0x1CC7F,BF C8 C1,B1 98 9D,0x1CB40 0x1CB40 0x1CB40,0x29 0x29 0x29,0x2BE 0x2BF 0x2C0,fce4d6
0x9941 0x9942,313,제어,,,0x9941~0x9942,0 1,60 28,16 00,0x1CC7E 0x1CC7D,FA C3,B0 9B,0x1CB40 0x1CB40,0x29 0x29,0x2C1 0x2C2,fce4d6
0x9943 0x9944,314,문자,243,분,0x9943~0x9944,0 1,40 18,10 3C,0x1CC7C 0x1CC7B,DC B5,AC D9,0x1CB40 0x1CB40,0x29 0x29,0x2C3 0x2C4,e9ae2b
0x9945 0x9946,315,문자,244,명,0x9945~0x9946,0 1,30 28,90 35,0x1CC7A 0x1CC79,CE C7,2E D4,0x1CB40 0x1CB40,0x29 0x29,0x2C5 0x2C6,e9ae2b
0x9948,316,문자,245,・,0x9947~0x9948,1,28,12,0x1CC77,C9,B3,0x1CB40,0x29,0x2C8,e2f0d9
0x9949 0x994A,317,문자,246,・,0x9949~0x994A,0 1,B0 38,60 12,0x1CC76 0x1CC75,52 DB,02 B5,0x1CB40 0x1CB40,0x29 0x29,0x2C9 0x2CA,e2f0d9
0x994B 0x994C,318,문자,247,・,0x994B~0x994C,0 1,E0 28,60 12,0x1CC74 0x1CC73,84 CD,04 B7,0x1CB40 0x1CB40,0x29 0x29,0x2CB 0x2CC,e2f0d9
0x994D 0x994E 0x994F 0x9950,319,제어,,,0x994D~0x9950,0 1 2 3,80 38 A0 12,12 00 23 00,0x1CC72 0x1CC71 0x1CC70 0x1CC6F,26 DF 48 BB,B8 A7 CB A9,0x1CB40 0x1CB40 0x1CB40 0x1CB40,0x29 0x29 0x29 0x29,0x2CD 0x2CE 0x2CF 0x2D0,fce4d6
0x9951 0x9952,320,문자,248,␠,0x9951~0x9952,0 1,15 00,18 12,0x1CC6E 0x1CC6D,BF AB,C2 BD,0x1CB40 0x1CB40,0x29 0x29,0x2D1 0x2D2,e2f0d9
0x9953 0x9954,321,문자,249,그,0x9953~0x9954,0 1,F0 DC,50 21,0x1CC6C 0x1CC6B,9C 89,FC CE,0x1CB40 0x1CB40,0x29 0x29,0x2D3 0x2D4,e9ae2b
0x9955 0x9956,322,문자,250,런,0x9955~0x9956,0 1,20 B7,50 31,0x1CC6A 0x1CC69,CE 66,FE E0,0x1CB40 0x1CB40,0x29 0x29,0x2D5 0x2D6,e9ae2b
0x9957,323,문자,251,␠,0x9957~0x9958,0,20,18,0x1CC68,D0,C8,0x1CB40,0x29,0x2D7,e2f0d9
0x9959 0x995A,324,문자,252,적,0x9959~0x995A,0 1,F0 65,A0 DF,0x1CC66 0x1CC65,A2 18,52 92,0x1CB40 0x1CB40,0x29 0x29,0x2D9 0x2DA,e9ae2b
0x995B 0x995C,325,문자,253,이,0x995B~0x995C,0 1,20 39,90 DE,0x1CC64 0x1CC63,D4 EE,44 93,0x1CB40 0x1CB40,0x29 0x29,0x2DB 0x2DC,e9ae2b
0x995D 0x995E,326,문자,254,␠,0x995D~0x995E,0 1,30 62,18 12,0x1CC62 0x1CC61,E6 19,CE C9,0x1CB40 0x1CB40,0x29 0x29,0x2DD 0x2DE,e2f0d9
0x995F 0x9960,327,문자,255,있,0x995F~0x9960,0 1,70 19,F0 DE,0x1CC60 0x1CC5F,28 D2,A8 97,0x1CB40 0x1CB40,0x29 0x29,0x2DF 0x2E0,e9ae2b
0x9961 0x9962,328,문자,256,었,0x9961~0x9962,0 1,60 28,00 7E,0x1CC5E 0x1CC5D,1A E3,BA 39,0x1CB40 0x1CB40,0x29 0x29,0x2E1 0x2E2,e9ae2b
0x9963 0x9964,329,문자,257,다,0x9963~0x9964,0 1,40 18,C0 27,0x1CC5C 0x1CC5B,FC D5,7C E4,0x1CB40 0x1CB40,0x29 0x29,0x2E3 0x2E4,e9ae2b
0x9965 0x9966,330,문자,258,고,0x9965~0x9966,0 1,B0 38,80 20,0x1CC5A 0x1CC59,6E F7,3E DF,0x1CB40 0x1CB40,0x29 0x29,0x2E5 0x2E6,e9ae2b
0x9967 0x9968,331,문자,259,␠,0x9967~0x9968,0 1,E0 28,18 12,0x1CC58 0x1CC57,A0 E9,D8 D3,0x1CB40 0x1CB40,0x29 0x29,0x2E7 0x2E8,e2f0d9
0x9969 0x996A,332,문자,260,해,0x9969~0x996A,0 1,90 12,B0 E3,0x1CC56 0x1CC55,52 D5,72 A6,0x1CB40 0x1CB40,0x29 0x29,0x2E9 0x2EA,e9ae2b
0x996B 0x996C,333,문자,261,도,0x996B~0x996C,0 1,12 00,20 2E,0x1CC54 0x1CC53,D6 C5,E4 F3,0x1CB40 0x1CB40,0x29 0x29,0x2EB 0x2EC,e9ae2b
0x996D 0x996E,334,문자,262,・,0x996D~0x996E,0 1,23 00,60 12,0x1CC52 0x1CC51,E9 C7,26 D9,0x1CB40 0x1CB40,0x29 0x29,0x2ED 0x2EE,e2f0d9
0x996F 0x9970,335,문자,263,・,0x996F~0x9970,0 1,A0 28,60 12,0x1CC50 0x1CC4F,68 F1,28 DB,0x1CB40 0x1CB40,0x29 0x29,0x2EF 0x2F0,e2f0d9
0x9971 0x9972,336,문자,264,・,0x9971~0x9972,0 1,12 00,60 12,0x1CC4E 0x1CC4D,DC CB,2A DD,0x1CB40 0x1CB40,0x29 0x29,0x2F1 0x2F2,e2f0d9
0x9973 0x9975 0x9976,337,제어,,,0x9973~0x9976,0 2 3,21 C0 19,12 21 00,0x1CC4C 0x1CC4A 0x1CC49,ED 8E E8,DE EF CF,0x1CB40 0x1CB40 0x1CB40,0x29 0x29 0x29,0x2F3 0x2F5 0x2F6,fce4d6
0x9977 0x9978,338,문자,265,␠,0x9977~0x9978,0 1,C0 97,18 12,0x1CC48 0x1CC47,90 68,E8 E3,0x1CB40 0x1CB40,0x29 0x29,0x2F7 0x2F8,e2f0d9
0x9979 0x997A,339,문자,266,난,0x9979~0x997A,0 1,60 CB,C0 24,0x1CC46 0x1CC45,32 9E,92 F7,0x1CB40 0x1CB40,0x29 0x29,0x2F9 0x2FA,e9ae2b
0x997B 0x997C,340,문자,267,␠,0x997B~0x997C,0 1,E0 28,18 12,0x1CC44 0x1CC43,B4 FD,EC E7,0x1CB40 0x1CB40,0x29 0x29,0x2FB 0x2FC,e2f0d9
0x997D 0x997E,341,문자,268,친,0x997D~0x997E,0 1,30 19,B0 E1,0x1CC42 0x1CC41,06 F0,86 B8,0x1CB40 0x1CB40,0x29 0x29,0x2FD 0x2FE,e9ae2b
0x997F 0x9980,342,문자,269,구,0x997F~0x9980,0 1,80 28,00 21,0x1CC40 0x1CC3F,59 02,D9 FB,0x1CB40 0x1CB40,0x29 0x29,0x2FF 0x300,e9ae2b
0x9981 0x9982,343,문자,270,라,0x9981~0x9982,0 1,20 39,F0 30,0x1CC3E 0x1CC3D,FB 15,CB 0C,0x1CB40 0x1CB40,0x29 0x29,0x301 0x302,e9ae2b
0x9983 0x9984,344,문자,271,고,0x9983~0x9984,0 1,00 B0,80 20,0x1CC3C 0x1CC3B,DD 8E,5D FE,0x1CB40 0x1CB40,0x29 0x29,0x303 0x304,e9ae2b
0x9985 0x9986,345,문자,272,␠,0x9985~0x9986,0 1,30 28,18 12,0x1CC3A 0x1CC39,0F 08,F7 F2,0x1CB40 0x1CB40,0x29 0x29,0x305 0x306,e2f0d9
0x9987 0x9988,346,문자,273,생,0x9987~0x9988,0 1,60 28,40 3D,0x1CC38 0x1CC37,41 0A,21 1F,0x1CB40 0x1CB40,0x29 0x29,0x307 0x308,e9ae2b
0x9989 0x998A,347,문자,274,각,0x9989~0x998A,0 1,F0 18,B0 17,0x1CC36 0x1CC35,D3 FC,93 FB,0x1CB40 0x1CB40,0x29 0x29,0x309 0x30A,e9ae2b
0x998B 0x998C,348,문자,275,해,0x998B~0x998C,0 1,C0 38,B0 E3,0x1CC34 0x1CC33,A5 1E,95 C9,0x1CB40 0x1CB40,0x29 0x29,0x30B 0x30C,e9ae2b
0x998E,349,문자,276,！,0x998D~0x998E,1,28,12,0x1CC31,10,FA,0x1CB40,0x29,0x30E,e2f0d9
0x998F 0x9990,350,제어,,,0x998F~0x9990,0 1,40 18,15 00,0x1CC30 0x1CC2F,29 02,FE EA,0x1CB40 0x1CB40,0x29 0x29,0x30F 0x310,fce4d6
0x9991 0x9992,351,문자,277,레,0x9991~0x9992,0 1,E0 28,A0 31,0x1CC2E 0x1CC2D,CB 14,8B 1D,0x1CB40 0x1CB40,0x29 0x29,0x311 0x312,e9ae2b
0x9993 0x9994,352,문자,278,이,0x9993~0x9994,0 1,A0 12,90 DE,0x1CC2C 0x1CC2B,8D 00,7D CC,0x1CB40 0x1CB40,0x29 0x29,0x313 0x314,e9ae2b
0x9995 0x9996,353,문자,279,코,0x9995~0x9996,0 1,12 00,10 E2,0x1CC2A 0x1CC29,01 F0,FF D2,0x1CB40 0x1CB40,0x29 0x29,0x315 0x316,e9ae2b
0x9997 0x9998,354,문자,280,、,0x9997~0x9998,0 1,23 21,20 12,0x1CC28 0x1CC27,14 13,11 04,0x1CB40 0x1CB40,0x29 0x29,0x317 0x318,e2f0d9
0x9999 0x999A,355,문자,281,뭘,0x9999~0x999A,0 1,00 90,40 39,0x1CC26 0x1CC25,F3 84,33 2D,0x1CB40 0x1CB40,0x29 0x29,0x319 0x31A,e9ae2b
0x999B 0x999C,356,문자,282,␠,0x999B~0x999C,0 1,12 19,18 12,0x1CC24 0x1CC23,07 0F,0D 08,0x1CB40 0x1CB40,0x29 0x29,0x31B 0x31C,e2f0d9
0x999D 0x999E,357,문자,283,숨,0x999D~0x999E,0 1,00 7D,50 3F,0x1CC22 0x1CC21,F7 75,47 37,0x1CB40 0x1CB40,0x29 0x29,0x31D 0x31E,e9ae2b
0x999F 0x99A0,358,문자,284,기,0x999F~0x99A0,0 1,15 00,B0 21,0x1CC20 0x1CC1F,0E FA,A9 1B,0x1CB40 0x1CB40,0x29 0x29,0x31F 0x320,e9ae2b
0x99A1 0x99A2,359,문자,285,고,0x99A1~0x99A2,0 1,17 00,80 20,0x1CC1E 0x1CC1D,12 FC,7B 1C,0x1CB40 0x1CB40,0x29 0x29,0x321 0x322,e9ae2b
0x99A3 0x99A4,360,문자,286,␠,0x99A3~0x99A4,0 1,1A 00,18 12,0x1CC1C 0x1CC1B,17 FE,15 10,0x1CB40 0x1CB40,0x29 0x29,0x323 0x324,e2f0d9
0x99A5 0x99A6,361,문자,287,있,0x99A5~0x99A6,0 1,04 16,F0 DE,0x1CC1A 0x1CC19,03 16,EF DE,0x1CB40 0x1CB40,0x29 0x29,0x325 0x326,e9ae2b
0x99A7 0x99A8,362,문자,288,는,0x99A7~0x99A8,0 1,00 60,E0 25,0x1CC18 0x1CC17,01 62,E1 27,0x1CB40 0x1CB40,0x29 0x29,0x327 0x328,e9ae2b
0x99A9,363,문자,289,␠,0x99A9~0x99AA,0,12,18,0x1CC16,15,1B,0x1CB40,0x29,0x329,e2f0d9
0x99AB 0x99AC,364,문자,290,거,0x99AB~0x99AC,0 1,00 23,90 1D,0x1CC14 0x1CC13,05 29,95 23,0x1CB40 0x1CB40,0x29 0x29,0x32B 0x32C,e9ae2b
0x99AE,365,문자,291,야,0x99AD~0x99AE,1,60,6C,0x1CC11,68,74,0x1CB40,0x29,0x32E,e9ae2b
0x99AF 0x99B0,366,문자,292,？,0x99AF~0x99B0,0 1,12 60,90 12,0x1CC10 0x1CC0F,1B 6A,99 1C,0x1CB40 0x1CB40,0x29 0x29,0x32F 0x330,e2f0d9
0x99B2 0x99B3 0x99B4,367,제어,,,0x99B1~0x99B4,1 2 3,60 12 60,00 23 00,0x1CC0D 0x1CC0C 0x1CC0B,6C 1F 6E,0C 30 0E,0x1CB40 0x1CB40 0x1CB40,0x29 0x29 0x29,0x332 0x333 0x334,fce4d6
0x99B5 0x99B6,368,문자,293,␠,0x99B5~0x99B6,0 1,12 60,18 12,0x1CC0A 0x1CC09,21 70,27 22,0x1CB40 0x1CB40,0x29 0x29,0x335 0x336,e2f0d9
0x99B7 0x99B8,369,문자,294,왜,0x99B7~0x99B8,0 1,12 15,F0 C5,0x1CC08 0x1CC07,23 27,01 D7,0x1CB40 0x1CB40,0x29 0x29,0x337 0x338,e9ae2b
0x99B9 0x99BA 0x99BB 0x99BC,370,제어,,,0x99B9~0x99BC,0 1 2 3,00 60 12 12,12 00 21 00,0x1CC06 0x1CC05 0x1CC04 0x1CC03,13 74 27 28,25 14 36 16,0x1CB40 0x1CB40 0x1CB40 0x1CB40,0x29 0x29 0x29 0x29,0x339 0x33A 0x33B 0x33C,fce4d6
0x99BD 0x99BE,371,문자,295,␠,0x99BD~0x99BE,0 1,00 21,18 12,0x1CC02 0x1CC01,17 39,2F 2A,0x1CB40 0x1CB40,0x29 0x29,0x33D 0x33E,e2f0d9
0x99BF 0x99C0,372,문자,296,사,0x99BF~0x99C0,0 1,00 60,E0 3C,0x1CC00 0x1CBFF,19 7A,F9 56,0x1CB40 0x1CB40,0x29 0x29,0x33F 0x340,e9ae2b
0x99C1 0x99C2,373,문자,297,실,0x99C1~0x99C2,0 1,12 50,E0 3F,0x1CBFE 0x1CBFD,2D 6C,FB 5B,0x1CB40 0x1CB40,0x29 0x29,0x341 0x342,e9ae2b
0x99C3 0x99C4,374,문자,298,대,0x99C3~0x99C4,0 1,5A 20,B0 2D,0x1CBFC 0x1CBFB,77 3E,CD 4B,0x1CB40 0x1CB40,0x29 0x29,0x343 0x344,e9ae2b
0x99C5 0x99C6,375,문자,299,로,0x99C5~0x99C6,0 1,B7 E0,D0 31,0x1CBFA 0x1CBF9,D6 00,EF 51,0x1CB40 0x1CB40,0x29 0x29,0x345 0x346,e9ae2b
0x99C7 0x99C8,376,문자,300,␠,0x99C7~0x99C8,0 1,28 E0,18 12,0x1CBF8 0x1CBF7,49 02,39 34,0x1CB40 0x1CB40,0x29 0x29,0x347 0x348,e2f0d9
0x99C9 0x99CA,377,문자,301,말,0x99C9~0x99CA,0 1,5D 60,F0 34,0x1CBF6 0x1CBF5,80 84,13 58,0x1CB40 0x1CB40,0x29 0x29,0x349 0x34A,e9ae2b
0x99CB 0x99CC,378,문자,302,해,0x99CB~0x99CC,0 1,BE F0,B0 E3,0x1CBF4 0x1CBF3,E3 16,D5 09,0x1CB40 0x1CB40,0x29 0x29,0x34B 0x34C,e9ae2b
0x99CD 0x99CE,379,문자,303,주,0x99CD~0x99CE,0 1,28 70,F0 F5,0x1CBF2 0x1CBF1,4F 98,17 1D,0x1CB40 0x1CB40,0x29 0x29,0x34D 0x34E,e9ae2b
0x99CF 0x99D0,380,문자,304,지,0x99CF~0x99D0,0 1,C6 C0,10 E0,0x1CBF0 0x1CBEF,EF EA,39 0A,0x1CB40 0x1CB40,0x29 0x29,0x34F 0x350,e9ae2b
0x99D2,381,문자,305,␠,0x99D1~0x99D2,1,40,12,0x1CBED,6C,3E,0x1CB40,0x29,0x352,e2f0d9
0x99D3 0x99D4,382,문자,306,않,0x99D3~0x99D4,0 1,18 40,00 5E,0x1CBEC 0x1CBEB,45 6E,2D 8C,0x1CB40 0x1CB40,0x29 0x29,0x353 0x354,e9ae2b
0x99D5 0x99D6,383,문자,307,는,0x99D5~0x99D6,0 1,18 90,E0 25,0x1CBEA 0x1CBE9,47 C0,0F 55,0x1CB40 0x1CB40,0x29 0x29,0x355 0x356,e9ae2b
0x99D7 0x99D8,384,문자,308,␠,0x99D7~0x99D8,0 1,12 19,18 12,0x1CBE8 0x1CBE7,43 4B,49 44,0x1CB40 0x1CB40,0x29 0x29,0x357 0x358,e2f0d9
0x99D9 0x99DA,385,문자,309,거,0x99D9~0x99DA,0 1,00 7E,90 1D,0x1CBE6 0x1CBE5,33 B2,C3 51,0x1CB40 0x1CB40,0x29 0x29,0x359 0x35A,e9ae2b
0x99DB 0x99DC,386,문자,310,야,0x99DB~0x99DC,0 1,15 00,00 6C,0x1CBE4 0x1CBE3,4A 36,35 A2,0x1CB40 0x1CB40,0x29 0x29,0x35B 0x35C,e9ae2b
0x99DD 0x99DE,387,문자,311,！,0x99DD~0x99DE,0 1,17 00,A0 12,0x1CBE2 0x1CBE1,4E 38,D7 4A,0x1CB40 0x1CB40,0x29 0x29,0x35D 0x35E,e2f0d9
0x99DF 0x99E1 0x99E2 0x99E3,388,제어,,,0x99DF~0x99E3,0 2 3 4,14 00 40 80,12 23 21 00,0x1CBE0 0x1CBDE 0x1CBDD 0x1CBDC,4D 3B 7C BD,4B 5E 5D 3D,0x1CB40 0x1CB40 0x1CB40 0x1CB40,0x29 0x29 0x29 0x29,0x35F 0x361 0x362 0x363,fce4d6
0x99E4 0x99E5,389,문자,312,？,0x99E4~0x99E5,0 1,1A 00,90 12,0x1CBDB 0x1CBDA,58 3F,CE 51,0x1CB40 0x1CB40,0x29 0x29,0x364 0x365,e2f0d9
0x99E6 0x99E7 0x99E8,390,제어,,,0x99E6~0x99E8,0 1 2,04 16 00,19 00 7D,0x1CBD9 0x1CBD8 0x1CBD7,44 57 42,59 41 BF,0x1CB40 0x1CB40 0x1CB40,0x29 0x29 0x29,0x366 0x367 0x368,fce4d6
0x99E9 0x99EA,391,제어,,,0x99E9~0x99EA,0 1,80 18,15 00,0x1CBD6 0x1CBD5,C3 5C,58 44,0x1CB40 0x1CB40,0x29 0x29,0x369 0x36A,fce4d6
0x99EB 0x99EC,392,제어,,,0x99EB~0x99EC,0 1,30 28,17 00,0x1CBD4 0x1CBD3,75 6E,5C 46,0x1CB40 0x1CB40,0x29 0x29,0x36B 0x36C,fce4d6
0x99ED 0x99EE 0x99EF,393,제어,,,0x99ED~0x99EF,0 1 2,90 12 60,1A 00 04,0x1CBD2 0x1CBD1 0x1CBD0,D7 5A A9,61 48 4D,0x1CB40 0x1CB40 0x1CB40,0x29 0x29 0x29,0x36D 0x36E 0x36F,fce4d6
0x99F0 0x99F1,394,제어,,,0x99F0~0x99F1,0 1,12 12,16 00,0x1CBCF 0x1CBCE,5C 5D,60 4B,0x1CB40 0x1CB40,0x29 0x29,0x370 0x371,fce4d6
0x99F2 0x99F3,395,문자,313,・,0x99F2~0x99F3,0 1,00 23,60 12,0x1CBCD 0x1CBCC,4C 70,AC 5F,0x1CB40 0x1CB40,0x29 0x29,0x372 0x373,e2f0d9
0x99F4 0x99F6 0x99F7,396,제어,,,0x99F4~0x99F7,0 2 3,21 60 12,12 23 00,0x1CBCB 0x1CBC9 0x1CBC8,6F B0 63,60 73 51,0x1CB40 0x1CB40 0x1CB40,0x29 0x29 0x29,0x374 0x376 0x377,fce4d6
0x99F8 0x99F9,397,문자,314,・,0x99F8~0x99F9,0 1,12 00,60 12,0x1CBC7 0x1CBC6,64 53,B2 65,0x1CB40 0x1CB40,0x29 0x29,0x378 0x379,e2f0d9
0x99FA 0x99FB,398,문자,315,・,0x99FA~0x99FB,0 1,23 21,60 12,0x1CBC5 0x1CBC4,77 76,B4 67,0x1CB40 0x1CB40,0x29 0x29,0x37A 0x37B,e2f0d9
0x99FC 0x99FD,399,제어,,,0x99FC~0x99FD,0 1,00 60,15 00,0x1CBC3 0x1CBC2,56 B7,6B 57,0x1CB40 0x1CB40,0x29 0x29,0x37C 0x37D,fce4d6
0x99FE 0x99FF,400,문자,316,・,0x99FE~0x99FF,0 1,12 80,60 12,0x1CBC1 0x1CBC0,6A D9,B8 6B,0x1CB40 0x1CB40,0x29 0x29,0x37E 0x37F,e2f0d9
0x9A00 0x9A01 0x9A02 0x9A03,401,제어,,,0x9A00~0x9A03,0 1 2 3,18 80 18 60,12 00 21 00,0x1CBBF 0x1CBBE 0x1CBBD 0x1CBBC,72 DB 74 BD,6C 5B 7D 5D,0x1CB40 0x1CB40 0x1CB40 0x1CB40,0x29 0x29 0x29 0x29,0x380 0x381 0x382 0x383,fce4d6
0x9A04 0x9A05,402,문자,317,・,0x9A04~0x9A05,0 1,12 60,60 12,0x1CBBB 0x1CBBA,70 BF,BE 71,0x1CB40 0x1CB40,0x29 0x29,0x384 0x385,e2f0d9
0x9A06 0x9A07,403,문자,318,・,0x9A06~0x9A07,0 1,12 60,60 12,0x1CBB9 0x1CBB8,72 C1,C0 73,0x1CB40 0x1CB40,0x29 0x29,0x386 0x387,e2f0d9
0x9A08 0x9A09,404,문자,319,유,0x9A08~0x9A09,0 1,12 15,20 DE,0x1CBB7 0x1CBB6,74 78,82 41,0x1CB40 0x1CB40,0x29 0x29,0x388 0x389,e9ae2b
0x9A0A 0x9A0B,405,문자,320,코,0x9A0A~0x9A0B,0 1,00 B8,10 E2,0x1CBB5 0x1CBB4,64 1D,74 47,0x1CB40 0x1CB40,0x29 0x29,0x38A 0x38B,e9ae2b
0x9A0C 0x9A0D,406,문자,321,의,0x9A0C~0x9A0D,0 1,6F F8,80 DE,0x1CBB3 0x1CBB2,D5 5F,E6 45,0x1CB40 0x1CB40,0x29 0x29,0x38C 0x38D,e9ae2b
0x9A0E 0x9A0F,407,문자,322,␠,0x9A0E~0x9A0F,0 1,C8 C8,18 12,0x1CBB1 0x1CBB0,30 31,80 7B,0x1CB40 0x1CB40,0x29 0x29,0x38E 0x38F,e2f0d9
0x9A10 0x9A11,408,문자,323,부,0x9A10~0x9A11,0 1,18 48,00 3C,0x1CBAF 0x1CBAE,82 B3,6A A7,0x1CB40 0x1CB40,0x29 0x29,0x390 0x391,e9ae2b
0x9A12 0x9A13,409,문자,324,모,0x9A12~0x9A13,0 1,18 B8,A0 35,0x1CBAD 0x1CBAC,84 25,0C A2,0x1CB40 0x1CB40,0x29 0x29,0x392 0x393,e9ae2b
0x9A14 0x9A15,410,문자,325,님,0x9A14~0x9A15,0 1,38 78,00 26,0x1CBAB 0x1CBAA,A6 E7,6E 95,0x1CB40 0x1CB40,0x29 0x29,0x394 0x395,e9ae2b
0x9A16 0x9A17,411,문자,326,은,0x9A16~0x9A17,0 1,28 78,40 DE,0x1CBA9 0x1CBA8,98 E9,B0 4F,0x1CB40 0x1CB40,0x29 0x29,0x396 0x397,e9ae2b
0x9A18 0x9A19,412,문자,327,␠,0x9A18~0x9A19,0 1,19 78,18 12,0x1CBA7 0x1CBA6,8B EB,8A 85,0x1CB40 0x1CB40,0x29 0x29,0x398 0x399,e2f0d9
0x9A1A 0x9A1B,413,문자,328,사,0x9A1A~0x9A1B,0 1,38 68,E0 3C,0x1CBA5 0x1CBA4,AC DD,54 B1,0x1CB40 0x1CB40,0x29 0x29,0x39A 0x39B,e9ae2b
0x9A1C 0x9A1D,414,문자,329,이,0x9A1C~0x9A1D,0 1,18 90,90 DE,0x1CBA3 0x1CBA2,8E 07,06 55,0x1CB40 0x1CB40,0x29 0x29,0x39C 0x39D,e9ae2b
0x9A1E 0x9A1F,415,문자,330,가,0x9A1E~0x9A1F,0 1,12 60,A0 17,0x1CBA1 0x1CBA0,8A D9,18 90,0x1CB40 0x1CB40,0x29 0x29,0x39E 0x39F,e9ae2b
0x9A20 0x9A21,416,문자,331,␠,0x9A20~0x9A21,0 1,12 60,18 12,0x1CB9F 0x1CB9E,8C DB,92 8D,0x1CB40 0x1CB40,0x29 0x29,0x3A0 0x3A1,e2f0d9
0x9A22 0x9A23,417,문자,332,좋,0x9A22~0x9A23,0 1,12 12,F0 F3,0x1CB9D 0x1CB9C,8E 8F,6C 70,0x1CB40 0x1CB40,0x29 0x29,0x3A2 0x3A3,e9ae2b
0x9A25,418,문자,333,아,0x9A24~0x9A25,1,23,56,0x1CB9A,A2,D5,0x1CB40,0x29,0x3A5,e9ae2b
0x9A26 0x9A27,419,문자,334,？,0x9A26~0x9A27,0 1,21 00,90 12,0x1CB99 0x1CB98,A1 81,10 93,0x1CB40 0x1CB40,0x29 0x29,0x3A6 0x3A7,e2f0d9
0x9A28 0x9A29 0x9A2A,420,제어,,,0x9A28~0x9A2A,0 1 2,60 12 68,19 00 7E,0x1CB97 0x1CB96 0x1CB95,E2 95 EC,9B 83 02,0x1CB40 0x1CB40 0x1CB40,0x29 0x29 0x29,0x3A8 0x3A9 0x3AA,fce4d6
0x9A2B 0x9A2C,421,제어,,,0x9A2B~0x9A2C,0 1,EF E8,15 00,0x1CB94 0x1CB93,74 6E,9A 86,0x1CB40 0x1CB40,0x29 0x29,0x3AB 0x3AC,fce4d6
0x9A2D 0x9A2E,422,제어,,,0x9A2D~0x9A2E,0 1,A5 78,17 00,0x1CB92 0x1CB91,2C 00,9E 88,0x1CB40 0x1CB40,0x29 0x29,0x3AD 0x3AE,fce4d6
0x9A2F 0x9A30 0x9A31 0x9A32 0x9A33,423,제어,,,0x9A2F~0x9A33,0 1 2 3 4,19 A8 28 48 18,14 00 00 40 80,0x1CB90 0x1CB8F 0x1CB8E 0x1CB8D 0x1CB8C,A2 32 B3 D4 A5,9D 8A 8B CC 0D,0x1CB40 0x1CB40 0x1CB40 0x1CB40 0x1CB40,0x29 0x29 0x29 0x29 0x29,0x3AF 0x3B0 0x3B1 0x3B2 0x3B3,fce4d6
0x9A34 0x9A35 0x9A36,424,제어,,,0x9A34~0x9A36,0 1 2,90 12 15,1A 00 04,0x1CB8B 0x1CB8A 0x1CB89,1E A1 A5,A8 8F 94,0x1CB40 0x1CB40 0x1CB40,0x29 0x29 0x29,0x3B4 0x3B5 0x3B6,fce4d6
0x9A37 0x9A38,425,제어,,,0x9A37~0x9A38,0 1,00 60,16 00,0x1CB88 0x1CB87,91 F2,A7 92,0x1CB40 0x1CB40,0x29 0x29,0x3B7 0x3B8,fce4d6
0x9A39 0x9A3A,426,문자,335,뭐,0x9A39~0x9A3A,0 1,12 60,E0 37,0x1CB86 0x1CB85,A5 F4,73 CB,0x1CB40 0x1CB40,0x29 0x29,0x3B9 0x3BA,e9ae2b
0x9A3B 0x9A3C,427,문자,336,？,0x9A3B~0x9A3C,0 1,12 60,90 12,0x1CB84 0x1CB83,A7 F6,25 A8,0x1CB40 0x1CB40,0x29 0x29,0x3BB 0x3BC,e2f0d9
0x9A3D,428,문자,337,␠,0x9A3D~0x9A3E,0,12,18,0x1CB82,A9,AF,0x1CB40,0x29,0x3BD,e2f0d9
0x9A3F 0x9A40,429,문자,338,・,0x9A3F~0x9A40,0 1,00 23,60 12,0x1CB80 0x1CB7F,99 BD,F9 AC,0x1CB40 0x1CB40,0x29 0x29,0x3BF 0x3C0,e2f0d9
0x9A41 0x9A43 0x9A44 0x9A45,430,제어,,,0x9A41~0x9A45,0 2 3 4,21 80 18 80,12 23 21 00,0x1CB7E 0x1CB7C 0x1CB7B 0x1CB7A,BC 1D B6 1F,AD C0 BF 9F,0x1CB40 0x1CB40 0x1CB40 0x1CB40,0x29 0x29 0x29 0x29,0x3C1 0x3C3 0x3C4 0x3C5,fce4d6
0x9A46 0x9A47,431,문자,339,・,0x9A46~0x9A47,0 1,18 60,60 12,0x1CB79 0x1CB78,B8 01,00 B3,0x1CB40 0x1CB40,0x29 0x29,0x3C6 0x3C7,e2f0d9
0x9A49 0x9A4A 0x9A4B 0x9A4C,432,제어,,,0x9A48~0x9A4C,1 2 3 4,60 12 60 12,00 23 21 00,0x1CB76 0x1CB75 0x1CB74 0x1CB73,03 B6 05 B8,A3 C7 C6 A6,0x1CB40 0x1CB40 0x1CB40 0x1CB40,0x29 0x29 0x29 0x29,0x3C9 0x3CA 0x3CB 0x3CC,fce4d6
0x9A4D 0x9A4E,433,문자,340,・,0x9A4D~0x9A4E,0 1,12 00,60 12,0x1CB72 0x1CB71,B9 A8,07 BA,0x1CB40 0x1CB40,0x29 0x29,0x3CD 0x3CE,e2f0d9
0x9A4F 0x9A50,434,문자,341,좋,0x9A4F~0x9A50,0 1,23 21,F0 F3,0x1CB70 0x1CB6F,CC CB,99 9D,0x1CB40 0x1CB40,0x29 0x29,0x3CF 0x3D0,e9ae2b
0x9A51 0x9A52,435,문자,342,은,0x9A51~0x9A52,0 1,00 70,40 DE,0x1CB6E 0x1CB6D,AB 1C,EB 8A,0x1CB40 0x1CB40,0x29 0x29,0x3D1 0x3D2,e9ae2b
0x9A53 0x9A54,436,문자,343,␠,0x9A53~0x9A54,0 1,28 20,18 12,0x1CB6C 0x1CB6B,D5 CE,C5 C0,0x1CB40 0x1CB40,0x29 0x29,0x3D3 0x3D4,e2f0d9
0x9A55 0x9A56,437,문자,344,편,0x9A55~0x9A56,0 1,38 20,F0 E2,0x1CB6A 0x1CB69,E7 D0,9F 92,0x1CB40 0x1CB40,0x29 0x29,0x3D5 0x3D6,e9ae2b
0x9A57 0x9A58,438,문자,345,이,0x9A57~0x9A58,0 1,12 E0,90 DE,0x1CB68 0x1CB67,C3 92,41 90,0x1CB40 0x1CB40,0x29 0x29,0x3D7 0x3D8,e9ae2b
0x9A59 0x9A5A,439,문자,346,야,0x9A59~0x9A5A,0 1,F7 90,00 6C,0x1CB66 0x1CB65,AA 44,B3 20,0x1CB40 0x1CB40,0x29 0x29,0x3D9 0x3DA,e9ae2b
0x9A5B 0x9A5C,440,문자,347,・,0x9A5B~0x9A5C,0 1,13 F0,60 12,0x1CB64 0x1CB63,C8 A6,15 C8,0x1CB40 0x1CB40,0x29 0x29,0x3DB 0x3DC,e2f0d9
0x9A5D 0x9A5E,441,문자,348,・,0x9A5D~0x9A5E,0 1,28 60,60 12,0x1CB62 0x1CB61,DF 18,17 CA,0x1CB40 0x1CB40,0x29 0x29,0x3DD 0x3DE,e2f0d9
0x9A5F 0x9A60,442,문자,349,・,0x9A5F~0x9A60,0 1,12 60,60 12,0x1CB60 0x1CB5F,CB 1A,19 CC,0x1CB40 0x1CB40,0x29 0x29,0x3DF 0x3E0,e2f0d9
0x9A61 0x9A62,443,제어,,,0x9A61~0x9A62,0 1,12 60,15 00,0x1CB5E 0x1CB5D,CD 1C,D0 BC,0x1CB40 0x1CB40,0x29 0x29,0x3E1 0x3E2,fce4d6
0x9A63 0x9A64,444,문자,350,너,0x9A63~0x9A64,0 1,12 F0,58 25,0x1CB5C 0x1CB5B,CF AE,15 E3,0x1CB40 0x1CB40,0x29 0x29,0x3E3 0x3E4,e0eed1
0x9A65,445,문자,351,␠,0x9A65~0x9A66,0,DC,18,0x1CB5A,9B,D7,0x1CB40,0x29,0x3E5,e2f0d9
0x9A67 0x9A68,446,문자,352,형,0x9A67~0x9A68,0 1,00 23,48 E4,0x1CB58 0x1CB57,C1 E5,09 A6,0x1CB40 0x1CB40,0x29 0x29,0x3E7 0x3E8,e0eed1
0x9A69 0x9A6A,447,문자,353,제,0x9A69~0x9A6A,0 1,21 00,F8 E3,0x1CB56 0x1CB55,E4 C4,BB A7,0x1CB40 0x1CB40,0x29 0x29,0x3E9 0x3EA,e0eed1
0x9A6B 0x9A6C,448,문자,354,가,0x9A6B~0x9A6C,0 1,20 B7,A8 17,0x1CB54 0x1CB53,E5 7D,6D DD,0x1CB40 0x1CB40,0x29 0x29,0x3EB 0x3EC,e0eed1
0x9A6D 0x9A6E,449,문자,355,␠,0x9A6D~0x9A6E,0 1,A0 28,18 12,0x1CB52 0x1CB51,67 F0,DF DA,0x1CB40 0x1CB40,0x29 0x29,0x3ED 0x3EE,e2f0d9
0x9A6F 0x9A70,450,문자,356,있,0x9A6F~0x9A70,0 1,B0 28,F8 DE,0x1CB50 0x1CB4F,79 F2,C1 A8,0x1CB40 0x1CB40,0x29 0x29,0x3EF 0x3F0,e0eed1
0x9A71 0x9A72,451,문자,357,지,0x9A71~0x9A72,0 1,20 39,18 E0,0x1CB4E 0x1CB4D,EB 05,E3 AC,0x1CB40 0x1CB40,0x29 0x29,0x3F1 0x3F2,e0eed1
0x9A73,452,문자,358,？,0x9A73~0x9A74,0,60,90,0x1CB4C,2D,5D,0x1CB40,0x29,0x3F3,e2f0d9
0x9A75,453,문자,359,␠,0x9A75~0x9A76,0,60,18,0x1CB4A,2F,E7,0x1CB40,0x29,0x3F5,e2f0d9
0x9A79,455,문자,361,・,0x9A79~0x9A7A,0,A0,60,0x1CB46,73,33,0x1CB40,0x29,0x3F9,e2f0d9
0x9A7B 0x9A7D 0x9A7E,456,제어,,,0x9A7B~0x9A7F,0 2 3,19 7D 15,12 23 21,0x1CB44 0x1CB42 0x1CB41,EE 54 ED,E7 FA F9,0x1CB40 0x1CB40 0x1CB40,0x29 0x29 0x29,0x3FB 0x3FD 0x3FE,fce4d6
0x9A80 0x9A81,457,문자,362,・,0x9A80~0x9A81,0 1,17 00,60 12,0x1D34F 0x1D34E,EF D9,38 EB,0x1CF50 0x1CF50,0x28 0x28,0x000 0x001,e2f0d9
0x9A82 0x9A83,458,문자,363,서,0x9A82~0x9A83,0 1,1A 00,58 3D,0x1D34D 0x1D34C,F4 DB,32 18,0x1CF50 0x1CF50,0x28 0x28,0x002 0x003,e0eed1
0x9A84 0x9A85,459,문자,364,로,0x9A84~0x9A85,0 1,04 16,D8 31,0x1D34B 0x1D34A,E0 F3,B4 0E,0x1CF50 0x1CF50,0x28 0x28,0x004 0x005,e0eed1
0x9A86 0x9A87,460,문자,365,␠,0x9A86~0x9A87,0 1,00 40,18 12,0x1D349 0x1D348,DE 1F,F6 F1,0x1CF50 0x1CF50,0x28 0x28,0x006 0x007,e2f0d9
0x9A88 0x9A89,461,문자,366,싸,0x9A88~0x9A89,0 1,F6 F0,08 46,0x1D347 0x1D346,D6 D1,E8 27,0x1CF50 0x1CF50,0x28 0x28,0x008 0x009,e0eed1
0x9A8A 0x9A8B,462,문자,367,우,0x9A8A~0x9A8B,0 1,28 40,F8 CD,0x1D345 0x1D344,0A 23,DA B0,0x1CF50 0x1CF50,0x28 0x28,0x00A 0x00B,e0eed1
0x9A8C 0x9A8D,463,문자,368,거,0x9A8C~0x9A8D,0 1,43 30,98 1D,0x1D343 0x1D342,27 15,7C 02,0x1CF50 0x1CF50,0x28 0x28,0x00C 0x00D,e0eed1
0x9A8E 0x9A8F,464,문자,369,나,0x9A8E~0x9A8F,0 1,43 F0,B8 24,0x1D341 0x1D340,29 D7,9E 0B,0x1CF50 0x1CF50,0x28 0x28,0x00E 0x00F,e0eed1
0x9A90 0x9A91,465,문자,370,␠,0x9A90~0x9A91,0 1,51 00,18 12,0x1D33F 0x1D33E,39 E9,00 FB,0x1CF50 0x1CF50,0x28 0x28,0x010 0x011,e2f0d9
0x9A92 0x9A93,466,문자,371,해,0x9A92~0x9A93,0 1,85 80,B8 E3,0x1D33D 0x1D33C,6F 6B,A2 CE,0x1CF50 0x1CF50,0x28 0x28,0x012 0x013,e0eed1
0x9A94 0x9A95,467,문자,372,?,0x9A94~0x9A95,0 1,38 60,90 12,0x1D33B 0x1D33A,24 4D,7C FF,0x1CF50 0x1CF50,0x28 0x28,0x014 0x015,e2f0d9
0x9A96 0x9A97,468,제어,,,0x9A96~0x9A97,0 1,12 60,15 00,0x1D339 0x1D338,00 4F,03 EF,0x1CF50 0x1CF50,0x28 0x28,0x016 0x017,fce4d6
0x9A98 0x9A99,469,문자,373,・,0x9A98~0x9A99,0 1,12 60,60 12,0x1D337 0x1D336,02 51,50 03,0x1CF50 0x1CF50,0x28 0x28,0x018 0x019,e2f0d9
0x9A9A,470,문자,374,・,0x9A9A~0x9A9B,0,12,60,0x1D335,04,52,0x1CF50,0x28,0x01A,e2f0d9
0x9A9C 0x9A9D,471,문자,375,・,0x9A9C~0x9A9D,0 1,00 23,60 12,0x1D333 0x1D332,F4 18,54 07,0x1CF50 0x1CF50,0x28 0x28,0x01C 0x01D,e2f0d9
0x9A9E 0x9A9F 0x9AA0 0x9AA1 0x9AA2,472,제어,,,0x9A9E~0x9AA2,0 1 2 3 4,00 80 A4 20 38,12 00 23 21 00,0x1D331 0x1D330 0x1D32F 0x1D32E 0x1D32D,F6 77 9C 19 32,08 F7 1B 1A FA,0x1CF50 0x1CF50 0x1CF50 0x1CF50 0x1CF50,0x28 0x28 0x28 0x28 0x28,0x01E 0x01F 0x020 0x021 0x022,fce4d6
0x9AA3 0x9AA4,473,문자,376,응,0x9AA3~0x9AA4,0 1,00 2B,70 DE,0x1D32C 0x1D32B,FB 27,6B DA,0x1CF50 0x1CF50,0x28 0x28,0x023 0x024,e9ae2b
0x9AA5 0x9AA6,474,문자,377,・,0x9AA5~0x9AA6,0 1,90 3A,60 12,0x1D32A 0x1D329,8D 38,5D 10,0x1CF50 0x1CF50,0x28 0x28,0x025 0x026,e2f0d9
0x9AA7 0x9AA8,475,문자,378,・,0x9AA7~0x9AA8,0 1,00 2B,60 12,0x1D328 0x1D327,FF 2B,5F 12,0x1CF50 0x1CF50,0x28 0x28,0x027 0x028,e2f0d9
0x9AA9 0x9AAA,476,문자,379,・,0x9AA9~0x9AAA,0 1,90 3A,60 12,0x1D326 0x1D325,91 3C,61 14,0x1CF50 0x1CF50,0x28 0x28,0x029 0x02A,e2f0d9
0x9AAB 0x9AAC 0x9AAD 0x9AAE 0x9AAF,477,제어,,,0x9AAB~0x9AAF,0 1 2 3 4,70 28 60 12 60,12 00 23 21 00,0x1D324 0x1D323 0x1D322 0x1D321 0x1D320,73 2C 65 18 67,15 04 28 27 07,0x1CF50 0x1CF50 0x1CF50 0x1CF50 0x1CF50,0x28 0x28 0x28 0x28 0x28,0x02B 0x02C 0x02D 0x02E 0x02F,fce4d6
0x9AB0 0x9AB1,478,문자,380,␠,0x9AB0~0x9AB1,0 1,12 60,18 12,0x1D31F 0x1D31E,1A 69,20 1B,0x1CF50 0x1CF50,0x28 0x28,0x030 0x031,e2f0d9
0x9AB2 0x9AB3,479,문자,381,가,0x9AB2~0x9AB3,0 1,12 70,A0 17,0x1D31D 0x1D31C,1C 7B,AA 22,0x1CF50 0x1CF50,0x28 0x28,0x032 0x033,e9ae2b
0x9AB4 0x9AB5,480,문자,382,끔,0x9AB4~0x9AB5,0 1,5A 30,80 24,0x1D31B 0x1D31A,66 3D,8C 31,0x1CF50 0x1CF50,0x28 0x28,0x034 0x035,e9ae2b
0x9AB6 0x9AB7,481,문자,383,씩,0x9AB6~0x9AB7,0 1,46 20,00 52,0x1D319 0x1D318,54 2F,0E 61,0x1CF50 0x1CF50,0x28 0x28,0x036 0x037,e9ae2b
0x9AB8 0x9AB9,482,문자,384,␠,0x9AB8~0x9AB9,0 1,38 40,18 12,0x1D317 0x1D316,48 51,28 23,0x1CF50 0x1CF50,0x28 0x28,0x038 0x039,e2f0d9
0x9ABA 0x9ABB,483,문자,385,싸,0x9ABA~0x9ABB,0 1,18 A0,00 46,0x1D315 0x1D314,2A B3,12 59,0x1CF50 0x1CF50,0x28 0x28,0x03A 0x03B,e9ae2b
0x9ABC 0x9ABD,484,문자,386,우,0x9ABC~0x9ABD,0 1,28 40,F0 CD,0x1D313 0x1D312,3C 55,04 E2,0x1CF50 0x1CF50,0x28 0x28,0x03C 0x03D,e9ae2b
0x9ABE 0x9ABF,485,문자,387,기,0x9ABE~0x9ABF,0 1,18 F0,B0 21,0x1D311 0x1D310,2E 07,C6 38,0x1CF50 0x1CF50,0x28 0x28,0x03E 0x03F,e9ae2b
0x9AC0 0x9AC1,486,문자,388,도,0x9AC0~0x9AC1,0 1,38 60,20 2E,0x1D30F 0x1D30E,50 79,38 47,0x1CF50 0x1CF50,0x28 0x28,0x040 0x041,e9ae2b
0x9AC2 0x9AC3,487,문자,389,␠,0x9AC2~0x9AC3,0 1,12 60,18 12,0x1D30D 0x1D30C,2C 7B,32 2D,0x1CF50 0x1CF50,0x28 0x28,0x042 0x043,e2f0d9
0x9AC4 0x9AC5,488,문자,390,해,0x9AC4~0x9AC5,0 1,12 60,B0 E3,0x1D30B 0x1D30A,2E 7D,CC 00,0x1CF50 0x1CF50,0x28 0x28,0x044 0x045,e9ae2b
0x9AC6 0x9AC7,489,문자,391,・,0x9AC6~0x9AC7,0 1,12 A0,60 12,0x1D309 0x1D308,30 BF,7E 31,0x1CF50 0x1CF50,0x28 0x28,0x046 0x047,e2f0d9
0x9AC8 0x9AC9,490,문자,392,・,0x9AC8~0x9AC9,0 1,19 30,60 12,0x1D307 0x1D306,39 51,80 33,0x1CF50 0x1CF50,0x28 0x28,0x048 0x049,e2f0d9
0x9ACA 0x9ACB,491,문자,393,・,0x9ACA~0x9ACB,0 1,28 80,60 12,0x1D305 0x1D304,4A A3,82 35,0x1CF50 0x1CF50,0x28 0x28,0x04A 0x04B,e2f0d9
0x9ACC 0x9ACD,492,문자,394,␠,0x9ACC~0x9ACD,0 1,28 50,18 12,0x1D303 0x1D302,4C 75,3C 37,0x1CF50 0x1CF50,0x28 0x28,0x04C 0x04D,e2f0d9
0x9ACE 0x9ACF,493,문자,395,레,0x9ACE~0x9ACF,0 1,A1 F0,A0 31,0x1D301 0x1D300,C7 17,C6 58,0x1CF50 0x1CF50,0x28 0x28,0x04E 0x04F,e9ae2b
0x9AD0 0x9AD1 0x9AD2 0x9AD3 0x9AD4,494,제어,,,0x9AD0~0x9AD4,0 1 2 3 4,86 F0 28 30 28,12 00 23 21 00,0x1D2FF 0x1D2FE 0x1D2FD 0x1D2FC 0x1D2FB,AE 19 52 5B 54,3A 29 4D 4C 2C,0x1CF50 0x1CF50 0x1CF50 0x1CF50 0x1CF50,0x28 0x28 0x28 0x28 0x28,0x050 0x051 0x052 0x053 0x054,fce4d6
0x9AD5 0x9AD6,495,문자,396,이,0x9AD5~0x9AD6,0 1,60 28,90 DE,0x1D2FA 0x1D2F9,8D 56,BD 0C,0x1CF50 0x1CF50,0x28 0x28,0x055 0x056,e9ae2b
0x9AD7 0x9AD8,496,문자,397,코,0x9AD7~0x9AD8,0 1,80 DA,10 E2,0x1D2F8 0x1D2F7,AF 0A,3F 12,0x1CF50 0x1CF50,0x28 0x28,0x057 0x058,e9ae2b
0x9AD9 0x9ADA,497,문자,398,、,0x9AD9~0x9ADA,0 1,F0 19,20 12,0x1D2F6 0x1D2F5,21 4B,51 44,0x1CF50 0x1CF50,0x28 0x28,0x059 0x05A,e2f0d9
0x9ADB 0x9ADC,498,문자,399,갑,0x9ADB~0x9ADC,0 1,B0 18,F0 17,0x1D2F4 0x1D2F3,E3 4C,23 4B,0x1CF50 0x1CF50,0x28 0x28,0x05B 0x05C,e9ae2b
0x9ADD 0x9ADE,499,문자,400,자,0x9ADD~0x9ADE,0 1,90 38,00 DF,0x1D2F2 0x1D2F1,C5 6E,35 15,0x1CF50 0x1CF50,0x28 0x28,0x05D 0x05E,e9ae2b
0x9ADF 0x9AE0,500,문자,401,기,0x9ADF~0x9AE0,0 1,60 12,B0 21,0x1D2F0 0x1D2EF,97 4A,E7 59,0x1CF50 0x1CF50,0x28 0x28,0x05F 0x060,e9ae2b
0x9AE1,501,문자,402,␠,0x9AE1~0x9AE2,0,60,18,0x1D2EE,99,51,0x1CF50,0x28,0x061,e2f0d9
0x9AE3 0x9AE4,502,문자,403,왜,0x9AE3~0x9AE4,0 1,60 12,F0 C5,0x1D2EC 0x1D2EB,9B 4E,2B 01,0x1CF50 0x1CF50,0x28 0x28,0x063 0x064,e9ae2b
0x9AE5 0x9AE6,503,문자,404,・,0x9AE5~0x9AE6,0 1,15 00,60 12,0x1D2EA 0x1D2E9,52 3E,9D 50,0x1CF50 0x1CF50,0x28 0x28,0x065 0x066,e2f0d9
0x9AE7 0x9AE8,504,문자,405,・,0x9AE7~0x9AE8,0 1,12 00,60 12,0x1D2E8 0x1D2E7,51 40,9F 52,0x1CF50 0x1CF50,0x28 0x28,0x067 0x068,e2f0d9
0x9AE9 0x9AEA,505,문자,406,・,0x9AE9~0x9AEA,0 1,21 00,60 12,0x1D2E6 0x1D2E5,62 42,A1 54,0x1CF50 0x1CF50,0x28 0x28,0x069 0x06A,e2f0d9
0x9AEB 0x9AEC,506,문자,407,！,0x9AEB~0x9AEC,0 1,D0 19,A0 12,0x1D2E4 0x1D2E3,13 5D,E3 56,0x1CF50 0x1CF50,0x28 0x28,0x06B 0x06C,e2f0d9
0x9AED 0x9AEE 0x9AEF,507,제어,,,0x9AED~0x9AEF,0 1 2,30 39 A0,19 00 7D,0x1D2E2 0x1D2E1 0x1D2E0,75 7F E7,5E 46 C4,0x1CF50 0x1CF50 0x1CF50,0x28 0x28 0x28,0x06D 0x06E 0x06F,fce4d6
0x9AF0 0x9AF1,508,제어,,,0x9AF0~0x9AF1,0 1,28 20,15 00,0x1D2DF 0x1D2DE,70 69,5D 49,0x1CF50 0x1CF50,0x28 0x28,0x070 0x071,fce4d6
0x9AF2 0x9AF3,509,제어,,,0x9AF2~0x9AF3,0 1,38 E0,17 00,0x1D2DD 0x1D2DC,82 2B,61 4B,0x1CF50 0x1CF50,0x28 0x28,0x072 0x073,fce4d6
0x9AF4 0x9AF6,510,제어,,,0x9AF4~0x9AF6,0 2,28 28,1A 04,0x1D2DB 0x1D2D9,74 76,66 52,0x1CF50 0x1CF50,0x28 0x28,0x074 0x076,fce4d6
0x9AF7 0x9AF8,511,제어,,,0x9AF7~0x9AF8,0 1,80 28,16 00,0x1D2D8 0x1D2D7,CF 78,65 50,0x1CF50 0x1CF50,0x28 0x28,0x077 0x078,fce4d6
0x9AF9 0x9AFA,512,문자,408,난,0x9AF9~0x9AFA,0 1,70 B7,C0 24,0x1D2D6 0x1D2D5,C1 09,11 76,0x1CF50 0x1CF50,0x28 0x28,0x079 0x07A,e9ae2b
0x9AFB 0x9AFC,513,문자,409,␠,0x9AFB~0x9AFC,0 1,30 28,18 12,0x1D2D4 0x1D2D3,83 7C,6B 66,0x1CF50 0x1CF50,0x28 0x28,0x07B 0x07C,e2f0d9
0x9AFD 0x9AFE,514,문자,410,정,0x9AFD~0x9AFE,0 1,60 28,F0 DF,0x1D2D2 0x1D2D1,B5 7E,45 35,0x1CF50 0x1CF50,0x28 0x28,0x07D 0x07E,e9ae2b
0x9AFF 0x9B00,515,문자,411,반,0x9AFF~0x9B00,0 1,F0 19,90 39,0x1D2D0 0x1D2CF,47 71,E7 91,0x1CF50 0x1CF50,0x28 0x28,0x07F 0x080,e9ae2b
0x9B01 0x9B02,516,문자,412,대,0x9B01~0x9B02,0 1,70 19,B0 2D,0x1D2CE 0x1D2CD,C9 73,09 87,0x1CF50 0x1CF50,0x28 0x28,0x081 0x082,e9ae2b
0x9B03 0x9B04,517,문자,413,야,0x9B03~0x9B04,0 1,60 12,00 6C,0x1D2CC 0x1D2CB,BB 6E,5B C8,0x1CF50 0x1CF50,0x28 0x28,0x083 0x084,e9ae2b
0x9B09 0x9B0A,520,문자,416,・,0x9B09~0x9B0A,0 1,12 00,60 12,0x1D2C6 0x1D2C5,73 62,C1 74,0x1CF50 0x1CF50,0x28 0x28,0x089 0x08A,e2f0d9
0x9B0B 0x9B0C 0x9B0D 0x9B0E,521,제어,,,0x9B0B~0x9B0E,0 1 2 3,23 21 00 D0,12 00 23 00,0x1D2C4 0x1D2C3 0x1D2C2 0x1D2C1,86 85 65 36,75 64 88 66,0x1CF50 0x1CF50 0x1CF50 0x1CF50,0x28 0x28 0x28 0x28,0x08B 0x08C 0x08D 0x08E,fce4d6
0x9B0F 0x9B10,522,문자,417,␠,0x9B0F~0x9B10,0 1,28 F0,18 12,0x1D2C0 0x1D2BF,8F 58,7F 7A,0x1CF50 0x1CF50,0x28 0x28,0x08F 0x090,e2f0d9
0x9B11 0x9B12,523,문자,418,가,0x9B11~0x9B12,0 1,19 30,A0 17,0x1D2BE 0x1D2BD,82 9A,09 81,0x1CF50 0x1CF50,0x28 0x28,0x091 0x092,e9ae2b
0x9B13 0x9B14,524,문자,419,족,0x9B13~0x9B14,0 1,39 00,F0 ED,0x1D2BC 0x1D2BB,A4 6C,5B 59,0x1CF50 0x1CF50,0x28 0x28,0x093 0x094,e9ae2b
0x9B15 0x9B16,525,문자,420,도,0x9B15~0x9B16,0 1,28 A0,20 2E,0x1D2BA 0x1D2B9,95 0E,8D 9C,0x1CF50 0x1CF50,0x28 0x28,0x095 0x096,e9ae2b
0x9B17 0x9B18,526,문자,421,␠,0x9B17~0x9B18,0 1,38 20,18 12,0x1D2B8 0x1D2B7,A7 90,87 82,0x1CF50 0x1CF50,0x28 0x28,0x097 0x098,e2f0d9
0x9B19 0x9B1A,527,문자,422,뿔,0x9B19~0x9B1A,0 1,12 D0,A0 3C,0x1D2B6 0x1D2B5,83 42,11 AE,0x1CF50 0x1CF50,0x28 0x28,0x099 0x09A,e9ae2b
0x9B1B 0x9B1C,528,문자,423,뿔,0x9B1B~0x9B1C,0 1,19 D0,A0 3C,0x1D2B4 0x1D2B3,8C 44,13 B0,0x1CF50 0x1CF50,0x28 0x28,0x09B 0x09C,e9ae2b
0x9B1D 0x9B1E,529,문자,424,이,0x9B1D~0x9B1E,0 1,28 30,90 DE,0x1D2B2 0x1D2B1,9D A6,05 54,0x1CF50 0x1CF50,0x28 0x28,0x09D 0x09E,e9ae2b
0x9B1F 0x9B20,530,문자,425,␠,0x9B1F~0x9B20,0 1,39 00,18 12,0x1D2B0 0x1D2AF,B0 78,8F 8A,0x1CF50 0x1CF50,0x28 0x28,0x09F 0x0A0,e2f0d9
0x9B21 0x9B22,531,문자,426,흩,0x9B21~0x9B22,0 1,28 A0,50 E5,0x1D2AE 0x1D2AD,A1 1A,C9 5F,0x1CF50 0x1CF50,0x28 0x28,0x0A1 0x0A2,e9ae2b
0x9B23,532,문자,427,어,0x9B23~0x9B24,0,38,00,0x1D2AC,B3,7B,0x1CF50,0x28,0x0A3,e9ae2b
0x9B25 0x9B26,533,문자,428,지,0x9B25~0x9B26,0 1,19 60,10 E0,0x1D2AA 0x1D2A9,96 DE,8D 5E,0x1CF50 0x1CF50,0x28 0x28,0x0A5 0x0A6,e9ae2b
0x9B27,534,문자,429,고,0x9B27~0x9B28,0,28,80,0x1D2A8,A7,FF,0x1CF50,0x28,0x0A7,e9ae2b
0x9B29 0x9B2A,535,문자,430,・,0x9B29~0x9B2A,0 1,12 D0,60 12,0x1D2A6 0x1D2A5,93 52,E1 94,0x1CF50 0x1CF50,0x28 0x28,0x0A9 0x0AA,e2f0d9
0x9B2B 0x9B2C,536,문자,431,・,0x9B2B~0x9B2C,0 1,BE 20,60 12,0x1D2A4 0x1D2A3,41 A4,E3 96,0x1CF50 0x1CF50,0x28 0x28,0x0AB 0x0AC,e2f0d9
0x9B2D 0x9B2E,537,문자,432,・,0x9B2D~0x9B2E,0 1,39 00,60 12,0x1D2A2 0x1D2A1,BE 86,E5 98,0x1CF50 0x1CF50,0x28 0x28,0x0AD 0x0AE,e2f0d9
0x9B2F 0x9B30,538,문자,433,␠,0x9B2F~0x9B30,0 1,BB 70,18 12,0x1D2A0 0x1D29F,42 F8,9F 9A,0x1CF50 0x1CF50,0x28 0x28,0x0AF 0x0B0,e2f0d9
0x9B31 0x9B32,539,문자,434,친,0x9B31~0x9B32,0 1,19 40,B0 E1,0x1D29E 0x1D29D,A2 CA,39 6B,0x1CF50 0x1CF50,0x28 0x28,0x0B1 0x0B2,e9ae2b
0x9B33 0x9B34,540,문자,435,구,0x9B33~0x9B34,0 1,51 40,00 21,0x1D29C 0x1D29B,DC CC,8B AD,0x1CF50 0x1CF50,0x28 0x28,0x0B3 0x0B4,e9ae2b
0x9B35 0x9B36,541,문자,436,도,0x9B35~0x9B36,0 1,18 60,20 2E,0x1D29A 0x1D299,A5 EE,AD BC,0x1CF50 0x1CF50,0x28 0x28,0x0B5 0x0B6,e9ae2b
0x9B37 0x9B38,542,문자,437,␠,0x9B37~0x9B38,0 1,28 20,18 12,0x1D298 0x1D297,B7 B0,A7 A2,0x1CF50 0x1CF50,0x28 0x28,0x0B7 0x0B8,e2f0d9
0x9B39 0x9B3A,543,문자,438,없,0x9B39~0x9B3A,0 1,12 D0,00 7C,0x1D296 0x1D295,A3 62,91 0E,0x1CF50 0x1CF50,0x28 0x28,0x0B9 0x0BA,e9ae2b
0x9B3B 0x9B3C,544,문자,439,어,0x9B3B~0x9B3C,0 1,BE E0,00 70,0x1D294 0x1D293,51 74,93 04,0x1CF50 0x1CF50,0x28 0x28,0x0BB 0x0BC,e9ae2b
0x9B3D 0x9B3E,545,문자,440,・,0x9B3D~0x9B3E,0 1,28 50,60 12,0x1D292 0x1D291,BD E6,F5 A8,0x1CF50 0x1CF50,0x28 0x28,0x0BD 0x0BE,e2f0d9
0x9B3F 0x9B40,546,문자,441,・,0x9B3F~0x9B40,0 1,FC B0,60 12,0x1D290 0x1D28F,93 48,F7 AA,0x1CF50 0x1CF50,0x28 0x28,0x0BF 0x0C0,e2f0d9
0x9B41 0x9B42,547,문자,442,・,0x9B41~0x9B42,0 1,28 90,60 12,0x1D28E 0x1D28D,C1 2A,F9 AC,0x1CF50 0x1CF50,0x28 0x28,0x0C1 0x0C2,e2f0d9
0x9B43 0x9B44,548,문자,443,␠,0x9B43~0x9B44,0 1,5C 30,18 12,0x1D28C 0x1D28B,F7 CC,B3 AE,0x1CF50 0x1CF50,0x28 0x28,0x0C3 0x0C4,e2f0d9
0x9B45 0x9B46,549,문자,444,계,0x9B45~0x9B46,0 1,28 60,70 20,0x1D28A 0x1D289,C5 FE,0D BE,0x1CF50 0x1CF50,0x28 0x28,0x0C5 0x0C6,e9ae2b
0x9B47 0x9B48,550,문자,445,속,0x9B47~0x9B48,0 1,28 80,E0 3D,0x1D288 0x1D287,C7 20,7F DD,0x1CF50 0x1CF50,0x28 0x28,0x0C7 0x0C8,e9ae2b
0x9B49 0x9B4A,551,문자,446,␠,0x9B49~0x9B4A,0 1,41 D0,18 12,0x1D286 0x1D285,E2 72,B9 B4,0x1CF50 0x1CF50,0x28 0x28,0x0C9 0x0CA,e2f0d9
0x9B4B 0x9B4C,552,문자,447,고,0x9B4B~0x9B4C,0 1,18 60,80 20,0x1D284 0x1D283,BB 04,23 C4,0x1CF50 0x1CF50,0x28 0x28,0x0CB 0x0CC,e9ae2b
0x9B4D 0x9B4E,553,문자,448,집,0x9B4D~0x9B4E,0 1,28 40,50 E0,0x1D282 0x1D281,CD E6,F5 86,0x1CF50 0x1CF50,0x28 0x28,0x0CD 0x0CE,e9ae2b
0x9B4F 0x9B50,554,문자,449,부,0x9B4F~0x9B50,0 1,38 D0,00 3C,0x1D280 0x1D27F,DF 78,A7 E4,0x1CF50 0x1CF50,0x28 0x28,0x0CF 0x0D0,e9ae2b
0x9B51 0x9B52,555,문자,450,리,0x9B51~0x9B52,0 1,38 60,70 34,0x1D27E 0x1D27D,E1 0A,19 DE,0x1CF50 0x1CF50,0x28 0x28,0x0D1 0x0D2,e9ae2b
0x9B53 0x9B54,556,문자,451,며,0x9B53~0x9B54,0 1,18 30,60 35,0x1D27C 0x1D27B,C3 DC,0B E1,0x1CF50 0x1CF50,0x28 0x28,0x0D3 0x0D4,e9ae2b
0x9B55 0x9B56,557,문자,452,␠,0x9B55~0x9B56,0 1,28 60,18 12,0x1D27A 0x1D279,D5 0E,C5 C0,0x1CF50 0x1CF50,0x28 0x28,0x0D5 0x0D6,e2f0d9
0x9B57 0x9B58,558,문자,453,살,0x9B57~0x9B58,0 1,28 60,00 3D,0x1D278 0x1D277,D7 10,AF ED,0x1CF50 0x1CF50,0x28 0x28,0x0D7 0x0D8,e9ae2b
0x9B59 0x9B5A,559,문자,454,아,0x9B59~0x9B5A,0 1,12 60,00 56,0x1D276 0x1D275,C3 12,B1 08,0x1CF50 0x1CF50,0x28 0x28,0x0D9 0x0DA,e9ae2b
0x9B5B 0x9B5C,560,문자,455,왔,0x9B5B~0x9B5C,0 1,12 60,F0 C1,0x1D274 0x1D273,C5 14,A3 75,0x1CF50 0x1CF50,0x28 0x28,0x0DB 0x0DC,e9ae2b
0x9B5D 0x9B5E,561,문자,456,으,0x9B5D~0x9B5E,0 1,12 70,30 DE,0x1D272 0x1D271,C7 26,E5 94,0x1CF50 0x1CF50,0x28 0x28,0x0DD 0x0DE,e9ae2b
0x9B5F 0x9B60,562,문자,457,니,0x9B5F~0x9B60,0 1,B7 30,F0 25,0x1D270 0x1D26F,6E E8,A7 DD,0x1CF50 0x1CF50,0x28 0x28,0x0DF 0x0E0,e9ae2b
0x9B61 0x9B62,563,문자,458,까,0x9B61~0x9B62,0 1,28 60,F0 21,0x1D26E 0x1D26D,E1 1A,A9 DB,0x1CF50 0x1CF50,0x28 0x28,0x0E1 0x0E2,e9ae2b
0x9B63 0x9B64,564,문자,459,・,0x9B63~0x9B64,0 1,28 F0,60 12,0x1D26C 0x1D26B,E3 AC,1B CE,0x1CF50 0x1CF50,0x28 0x28,0x0E3 0x0E4,e2f0d9
0x9B65 0x9B66,565,문자,460,・,0x9B65~0x9B66,0 1,19 60,60 12,0x1D26A 0x1D269,D6 1E,1D D0,0x1CF50 0x1CF50,0x28 0x28,0x0E5 0x0E6,e2f0d9
0x9B67 0x9B68,566,문자,461,・,0x9B67~0x9B68,0 1,12 60,60 12,0x1D268 0x1D267,D1 20,1F D2,0x1CF50 0x1CF50,0x28 0x28,0x0E7 0x0E8,e2f0d9
0x9B69 0x9B6A,567,제어,,,0x9B69~0x9B6A,0 1,12 60,15 00,0x1D266 0x1D265,D3 22,D6 C2,0x1CF50 0x1CF50,0x28 0x28,0x0E9 0x0EA,fce4d6
0x9B6C 0x9B6D 0x9B6E,568,제어,,,0x9B6B~0x9B6E,1 2 3,12 00 23,00 21 00,0x1D263 0x1D262 0x1D261,D6 C5 E9,C4 E6 C6,0x1CF50 0x1CF50 0x1CF50,0x28 0x28 0x28,0x0EC 0x0ED 0x0EE,fce4d6
0x9B6F 0x9B70,569,문자,462,그,0x9B6F~0x9B70,0 1,00 15,50 21,0x1D260 0x1D25F,C7 DD,17 E9,0x1CF50 0x1CF50,0x28 0x28,0x0EF 0x0F0,e9ae2b
0x9B72,570,문자,463,게,0x9B71~0x9B72,1,00,20,0x1D25D,CA,EA,0x1CF50,0x28,0x0F2,e9ae2b
0x9B73 0x9B74,571,문자,464,␠,0x9B73~0x9B74,0 1,28 B0,18 12,0x1D25C 0x1D25B,F3 7C,E3 DE,0x1CF50 0x1CF50,0x28 0x28,0x0F3 0x0F4,e2f0d9
0x9B75 0x9B76,572,문자,465,당,0x9B75~0x9B76,0 1,18 90,90 2D,0x1D25A 0x1D259,E5 5E,5D FB,0x1CF50 0x1CF50,0x28 0x28,0x0F5 0x0F6,e9ae2b
0x9B77 0x9B78,573,문자,466,연,0x9B77~0x9B78,0 1,38 20,70 9F,0x1D258 0x1D257,07 F0,3F 6F,0x1CF50 0x1CF50,0x28 0x28,0x0F7 0x0F8,e9ae2b
0x9B79 0x9B7A,574,문자,467,하,0x9B79~0x9B7A,0 1,12 D0,50 E3,0x1D256 0x1D255,E3 A2,21 B5,0x1CF50 0x1CF50,0x28 0x28,0x0F9 0x0FA,e9ae2b
0x9B7B 0x9B7C,575,문자,468,다,0x9B7B~0x9B7C,0 1,3A 00,C0 27,0x1D254 0x1D253,0D D4,93 FB,0x1CF50 0x1CF50,0x28 0x28,0x0FB 0x0FC,e9ae2b
0x9B7D 0x9B7E,576,문자,469,고,0x9B7D~0x9B7E,0 1,1B C0,80 20,0x1D252 0x1D251,F0 96,55 F6,0x1CF50 0x1CF50,0x28 0x28,0x0FD 0x0FE,e9ae2b
0x9B7F 0x9B80,577,문자,470,␠,0x9B7F~0x9B80,0 1,3A 90,18 12,0x1D250 0x1D24F,12 69,F0 EB,0x1CF50 0x1CF50,0x28 0x28,0x0FF 0x100,e2f0d9
0x9B81 0x9B82,578,문자,471,생,0x9B81~0x9B82,0 1,1B E0,40 3D,0x1D24E 0x1D24D,F5 BB,1A 18,0x1CF50 0x1CF50,0x28 0x28,0x101 0x102,e9ae2b
0x9B83 0x9B84,579,문자,472,각,0x9B83~0x9B84,0 1,28 60,B0 17,0x1D24C 0x1D24B,04 3D,8C F4,0x1CF50 0x1CF50,0x28 0x28,0x103 0x104,e9ae2b
0x9B85 0x9B86,580,문자,473,했,0x9B85~0x9B86,0 1,5B 40,C0 E3,0x1D24A 0x1D249,39 1F,9E C2,0x1CF50 0x1CF50,0x28 0x28,0x105 0x106,e9ae2b
0x9B87 0x9B88,581,문자,474,어,0x9B87~0x9B88,0 1,18 B0,00 70,0x1D248 0x1D247,F8 91,E0 51,0x1CF50 0x1CF50,0x28 0x28,0x107 0x108,e9ae2b
0x9B89 0x9B8A,582,문자,475,・,0x9B89~0x9B8A,0 1,28 20,60 12,0x1D246 0x1D245,0A 03,42 F5,0x1CF50 0x1CF50,0x28 0x28,0x109 0x10A,e2f0d9
0x9B8B 0x9B8C,583,문자,476,・,0x9B8B~0x9B8C,0 1,38 80,60 12,0x1D244 0x1D243,1C 65,44 F7,0x1CF50 0x1CF50,0x28 0x28,0x10B 0x10C,e2f0d9
0x9B8D 0x9B8E,584,문자,477,・,0x9B8D~0x9B8E,0 1,FC 30,60 12,0x1D242 0x1D241,E2 17,46 F9,0x1CF50 0x1CF50,0x28 0x28,0x10D 0x10E,e2f0d9
0x9B8F 0x9B90 0x9B91 0x9B92 0x9B93,585,제어,,,0x9B8F~0x9B93,0 1 2 3 4,28 F0 19 E0 28,12 00 23 21 00,0x1D240 0x1D23F 0x1D23E 0x1D23D 0x1D23C,10 D9 03 CB 14,FA E9 0D 0C EC,0x1CF50 0x1CF50 0x1CF50 0x1CF50 0x1CF50,0x28 0x28 0x28 0x28 0x28,0x10F 0x110 0x111 0x112 0x113,fce4d6
0x9B94,586,문자,478,␠,0x9B94~0x9B95,0,30,18,0x1D23B,1D,05,0x1CF50,0x28,0x114,e2f0d9
0x9B96 0x9B97,587,문자,479,남,0x9B96~0x9B97,0 1,15 00,E0 24,0x1D239 0x1D238,04 F0,CF 14,0x1CF50 0x1CF50,0x28 0x28,0x116 0x117,e9ae2b
0x9B98 0x9B99,588,문자,480,을,0x9B98~0x9B99,0 1,D0 32,50 DE,0x1D237 0x1D236,C1 24,41 D0,0x1CF50 0x1CF50,0x28 0x28,0x118 0x119,e9ae2b
0x9B9A 0x9B9B,589,문자,481,␠,0x9B9A~0x9B9B,0 1,12 00,18 12,0x1D235 0x1D234,05 F4,0B 06,0x1CF50 0x1CF50,0x28 0x28,0x11A 0x11B,e2f0d9
0x9B9C 0x9B9D,590,문자,482,질,0x9B9C~0x9B9D,0 1,21 00,40 E0,0x1D233 0x1D232,16 F6,35 D6,0x1CF50 0x1CF50,0x28 0x28,0x11C 0x11D,e9ae2b
0x9B9E 0x9B9F,591,문자,483,투,0x9B9E~0x9B9F,0 1,D0 BE,90 E2,0x1D231 0x1D230,C7 B6,87 DA,0x1CF50 0x1CF50,0x28 0x28,0x11E 0x11F,e9ae2b
0x9BA0 0x9BA1,592,문자,484,하,0x9BA0~0x9BA1,0 1,E0 28,50 E3,0x1D22F 0x1D22E,D9 22,49 DD,0x1CF50 0x1CF50,0x28 0x28,0x120 0x121,e9ae2b
0x9BA2 0x9BA3,593,문자,485,고,0x9BA2~0x9BA3,0 1,40 40,80 20,0x1D22D 0x1D22C,3B 3C,7B 1C,0x1CF50 0x1CF50,0x28 0x28,0x122 0x123,e9ae2b
0x9BA4 0x9BA5,594,문자,486,␠,0x9BA4~0x9BA5,0 1,20 39,18 12,0x1D22B 0x1D22A,1D 37,15 10,0x1CF50 0x1CF50,0x28 0x28,0x124 0x125,e2f0d9
0x9BA6 0x9BA7,595,문자,487,시,0x9BA6~0x9BA7,0 1,90 B7,C0 3F,0x1D229 0x1D228,8F B7,BF 3F,0x1CF50 0x1CF50,0x28 0x28,0x126 0x127,e9ae2b
0x9BA9,596,문자,488,기,0x9BA8~0x9BA9,1,8F,21,0x1D226,91,23,0x1CF50,0x28,0x129,e9ae2b
0x9BAA 0x9BAB,597,문자,489,하,0x9BAA~0x9BAB,0 1,70 28,50 E3,0x1D225 0x1D224,73 2C,53 E7,0x1CF50 0x1CF50,0x28 0x28,0x12A 0x12B,e9ae2b
0x9BAC 0x9BAD,598,문자,490,면,0x9BAC~0x9BAD,0 1,D0 18,70 35,0x1D223 0x1D222,D5 1E,75 3B,0x1CF50 0x1CF50,0x28 0x28,0x12C 0x12D,e9ae2b
0x9BAE 0x9BAF,599,문자,491,서,0x9BAE~0x9BAF,0 1,B0 38,50 3D,0x1D221 0x1D220,B7 40,57 45,0x1CF50 0x1CF50,0x28 0x28,0x12E 0x12F,e9ae2b
0x9BB0 0x9BB1,600,문자,492,、,0x9BB0~0x9BB1,0 1,D0 32,20 12,0x1D21F 0x1D21E,D9 3C,29 1C,0x1CF50 0x1CF50,0x28 0x28,0x130 0x131,e2f0d9
0x9BB2 0x9BB3,601,문자,493,남,0x9BB2~0x9BB3,0 1,30 28,E0 24,0x1D21D 0x1D21C,3B 34,EB 30,0x1CF50 0x1CF50,0x28 0x28,0x132 0x133,e9ae2b
0x9BB4 0x9BB5,602,문자,494,보,0x9BB4~0x9BB5,0 1,60 28,B0 3B,0x1D21B 0x1D21A,6D 36,BD 49,0x1CF50 0x1CF50,0x28 0x28,0x134 0x135,e9ae2b
0x9BB6 0x9BB7,603,문자,495,다,0x9BB6~0x9BB7,0 1,00 B0,C0 27,0x1D219 0x1D218,0F C0,CF 37,0x1CF50 0x1CF50,0x28 0x28,0x136 0x137,e9ae2b
0x9BB8 0x9BB9,604,문자,496,␠,0x9BB8~0x9BB9,0 1,30 28,18 12,0x1D217 0x1D216,41 3A,29 24,0x1CF50 0x1CF50,0x28 0x28,0x138 0x139,e2f0d9
0x9BBA 0x9BBB,605,문자,497,앞,0x9BBA~0x9BBB,0 1,F0 19,00 68,0x1D215 0x1D214,03 2D,13 7C,0x1CF50 0x1CF50,0x28 0x28,0x13A 0x13B,e9ae2b
0x9BBC 0x9BBD,606,문자,498,서,0x9BBC~0x9BBD,0 1,E0 28,50 3D,0x1D213 0x1D212,F5 3E,65 53,0x1CF50 0x1CF50,0x28 0x28,0x13C 0x13D,e9ae2b
0x9BBE 0x9BBF,607,문자,499,서,0x9BBE~0x9BBF,0 1,80 38,50 3D,0x1D211 0x1D210,97 50,67 55,0x1CF50 0x1CF50,0x28 0x28,0x13E 0x13F,e9ae2b
0x9BC0 0x9BC1,608,문자,500,␠,0x9BC0~0x9BC1,0 1,20 1A,18 12,0x1D20F 0x1D20E,39 34,31 2C,0x1CF50 0x1CF50,0x28 0x28,0x140 0x141,e2f0d9
0x9BC2 0x9BC3,609,문자,501,위,0x9BC2~0x9BC3,0 1,40 1A,00 DE,0x1D20D 0x1D20C,5B 36,1B FA,0x1CF50 0x1CF50,0x28 0x28,0x142 0x143,e9ae2b
0x9BC5,610,문자,502,에,0x9BC4~0x9BC5,1,2A,9F,0x1D20A,48,BD,0x1CF50,0x28,0x145,e9ae2b
0x9BC6,611,문자,503,␠,0x9BC6~0x9BC7,0,60,18,0x1D209,7F,37,0x1CF50,0x28,0x146,e9ae2b
0x9BC8 0x9BC9,612,문자,504,올,0x9BC8~0x9BC9,0 1,60 12,D0 9F,0x1D207 0x1D206,81 34,F1 C1,0x1CF50 0x1CF50,0x28 0x28,0x148 0x149,e9ae2b
0x9BCA 0x9BCB,613,문자,505,라,0x9BCA~0x9BCB,0 1,60 12,F0 30,0x1D205 0x1D204,83 36,13 54,0x1CF50 0x1CF50,0x28 0x28,0x14A 0x14B,e9ae2b
0x9BCC 0x9BCD,614,문자,506,서,0x9BCC~0x9BCD,0 1,19 00,50 3D,0x1D203 0x1D202,3E 26,75 63,0x1CF50 0x1CF50,0x28 0x28,0x14C 0x14D,e9ae2b
0x9BCE 0x9BCF,615,문자,507,서,0x9BCE~0x9BCF,0 1,7E 15,50 3D,0x1D201 0x1D200,A5 3D,77 65,0x1CF50 0x1CF50,0x28 0x28,0x14E 0x14F,e9ae2b
0x9BD0 0x9BD1,616,문자,508,␠,0x9BD0~0x9BD1,0 1,00 17,18 12,0x1D1FF 0x1D1FE,29 41,41 3C,0x1CF50 0x1CF50,0x28 0x28,0x150 0x151,e2f0d9
0x9BD3,617,문자,509,살,0x9BD2~0x9BD3,1,14,3D,0x1D1FC,40,69,0x1CF50,0x28,0x153,e9ae2b
0x9BD5,618,문자,510,아,0x9BD4~0x9BD5,1,00,56,0x1D1FA,2E,84,0x1CF50,0x28,0x155,e9ae2b
0x9BD6 0x9BD7,619,문자,511,가,0x9BD6~0x9BD7,0 1,40 80,A0 17,0x1D1F9 0x1D1F8,6F B0,CF 47,0x1CF50 0x1CF50,0x28 0x28,0x156 0x157,e9ae2b
0x9BD8 0x9BD9,620,문자,512,겠,0x9BD8~0x9BD9,0 1,1A 00,10 20,0x1D1F7 0x1D1F6,4B 32,41 52,0x1CF50 0x1CF50,0x28 0x28,0x158 0x159,e9ae2b
0x9BDA 0x9BDB,621,문자,513,다,0x9BDA~0x9BDB,0 1,04 16,C0 27,0x1D1F5 0x1D1F4,37 4A,F3 5B,0x1CF50 0x1CF50,0x28 0x28,0x15A 0x15B,e9ae2b
0x9BDC 0x9BDD,622,문자,514,고,0x9BDC~0x9BDD,0 1,00 78,80 20,0x1D1F3 0x1D1F2,35 AE,B5 56,0x1CF50 0x1CF50,0x28 0x28,0x15C 0x15D,e9ae2b
0x9BDE 0x9BDF,623,문자,515,・,0x9BDE~0x9BDF,0 1,28 28,60 12,0x1D1F1 0x1D1F0,5F 60,97 4A,0x1CF50 0x1CF50,0x28 0x28,0x15E 0x15F,e2f0d9
0x9BE0 0x9BE1,624,문자,516,・,0x9BE0~0x9BE1,0 1,38 18,60 12,0x1D1EF 0x1D1EE,71 52,99 4C,0x1CF50 0x1CF50,0x28 0x28,0x160 0x161,e2f0d9
0x9BE2 0x9BE3,625,문자,517,・,0x9BE2~0x9BE3,0 1,28 C8,60 12,0x1D1ED 0x1D1EC,63 04,9B 4E,0x1CF50 0x1CF50,0x28 0x28,0x162 0x163,e2f0d9
0x9BE5,626,문자,518,␠,0x9BE4~0x9BE5,1,68,12,0x1D1EA,A6,50,0x1CF50,0x28,0x165,e2f0d9
0x9BE6 0x9BE7,627,문자,519,생,0x9BE6~0x9BE7,0 1,18 20,40 3D,0x1D1E9 0x1D1E8,57 60,7F 7D,0x1CF50 0x1CF50,0x28 0x28,0x166 0x167,e9ae2b
0x9BE8 0x9BE9,628,문자,520,각,0x9BE8~0x9BE9,0 1,12 88,B0 17,0x1D1E7 0x1D1E6,53 CA,F1 59,0x1CF50 0x1CF50,0x28 0x28,0x168 0x169,e9ae2b
0x9BEA 0x9BEB,629,문자,521,했,0x9BEA~0x9BEB,0 1,4C 28,C0 E3,0x1D1E5 0x1D1E4,8F 6C,03 27,0x1CF50 0x1CF50,0x28 0x28,0x16A 0x16B,e9ae2b
0x9BEC 0x9BED,630,문자,522,어,0x9BEC~0x9BED,0 1,19 F8,00 70,0x1D1E3 0x1D1E2,5E 3E,45 B6,0x1CF50 0x1CF50,0x28 0x28,0x16C 0x16D,e9ae2b
0x9BEE 0x9BEF,631,문자,523,・,0x9BEE~0x9BEF,0 1,19 B8,60 12,0x1D1E1 0x1D1E0,60 00,A7 5A,0x1CF50 0x1CF50,0x28 0x28,0x16E 0x16F,e2f0d9
0x9BF0 0x9BF1,632,문자,524,・,0x9BF0~0x9BF1,0 1,18 38,60 12,0x1D1DF 0x1D1DE,61 82,A9 5C,0x1CF50 0x1CF50,0x28 0x28,0x170 0x171,e2f0d9
0x9BF2 0x9BF3,633,문자,525,・,0x9BF2~0x9BF3,0 1,28 F8,60 12,0x1D1DD 0x1D1DC,73 44,AB 5E,0x1CF50 0x1CF50,0x28 0x28,0x172 0x173,e2f0d9
0x9BF4 0x9BF5 0x9BF6 0x9BF7,634,제어,,,0x9BF4~0x9BF7,0 1 2 3,19 08 28 18,12 00 23 00,0x1D1DB 0x1D1DA 0x1D1D9 0x1D1D8,66 56 77 68,5F 4E 72 50,0x1CF50 0x1CF50 0x1CF50 0x1CF50,0x28 0x28 0x28 0x28,0x174 0x175 0x176 0x177,fce4d6
0x9BF8 0x9BF9,635,제어,,,0x9BF8~0x9BF9,0 1,19 A8,15 00,0x1D1D7 0x1D1D6,6A FA,66 52,0x1CF50 0x1CF50,0x28 0x28,0x178 0x179,fce4d6
0x9BFA 0x9BFB,636,문자,526,그,0x9BFA~0x9BFB,0 1,28 E8,50 21,0x1D1D5 0x1D1D4,7B 3C,A3 75,0x1CF50 0x1CF50,0x28 0x28,0x17A 0x17B,e9ae2b
0x9BFC 0x9BFD,637,문자,527,래,0x9BFC~0x9BFD,0 1,28 60,30 31,0x1D1D3 0x1D1D2,7D B6,85 87,0x1CF50 0x1CF50,0x28 0x28,0x17C 0x17D,e9ae2b
0x9BFE 0x9BFF,638,문자,528,서,0x9BFE~0x9BFF,0 1,12 60,50 3D,0x1D1D1 0x1D1D0,69 B8,A7 95,0x1CF50 0x1CF50,0x28 0x28,0x17E 0x17F,e9ae2b
0x9C00 0x9C01,639,문자,529,␠,0x9C00~0x9C01,0 1,12 60,18 12,0x1D1CF 0x1D1CE,6B BA,71 6C,0x1CF50 0x1CF50,0x28 0x28,0x180 0x181,e2f0d9
0x9C02 0x9C03,640,문자,530,로,0x9C02~0x9C03,0 1,12 12,D0 31,0x1D1CD 0x1D1CC,6D 6E,2B 8D,0x1CF50 0x1CF50,0x28 0x28,0x182 0x183,e9ae2b
0x9C04 0x9C05,641,문자,531,그,0x9C04~0x9C05,0 1,00 20,50 21,0x1D1CB 0x1D1CA,5D 7E,AD 7F,0x1CF50 0x1CF50,0x28 0x28,0x184 0x185,e9ae2b
0x9C06 0x9C07,642,문자,532,레,0x9C06~0x9C07,0 1,48 18,A0 31,0x1D1C9 0x1D1C8,A7 78,FF 91,0x1CF50 0x1CF50,0x28 0x28,0x186 0x187,e9ae2b
0x9C08 0x9C09,643,문자,533,스,0x9C08~0x9C09,0 1,D8 38,70 3F,0x1D1C7 0x1D1C6,39 9A,D1 A1,0x1CF50 0x1CF50,0x28 0x28,0x188 0x189,e9ae2b
0x9C0A 0x9C0B,644,문자,534,의,0x9C0A~0x9C0B,0 1,38 39,80 DE,0x1D1C5 0x1D1C4,9B 9D,E3 42,0x1CF50 0x1CF50,0x28 0x28,0x18A 0x18B,e9ae2b
0x9C0C 0x9C0D,645,문자,535,␠,0x9C0C~0x9C0D,0 1,A8 28,18 12,0x1D1C3 0x1D1C2,0D 8E,7D 78,0x1CF50 0x1CF50,0x28 0x28,0x18C 0x18D,e2f0d9
0x9C0E 0x9C0F,646,문자,536,유,0x9C0E~0x9C0F,0 1,68 F7,20 DE,0x1D1C1 0x1D1C0,CF 5F,87 46,0x1CF50 0x1CF50,0x28 0x28,0x18E 0x18F,e9ae2b
0x9C10 0x9C11,647,문자,537,혹,0x9C10~0x9C11,0 1,B8 18,60 E4,0x1D1BF 0x1D1BE,21 82,C9 4E,0x1CF50 0x1CF50,0x28 0x28,0x190 0x191,e9ae2b
0x9C12 0x9C13,648,문자,538,에,0x9C12~0x9C13,0 1,98 38,40 9F,0x1D1BD 0x1D1BC,03 A4,AB 0B,0x1CF50 0x1CF50,0x28 0x28,0x192 0x193,e9ae2b
0x9C14,649,문자,539,␠,0x9C14~0x9C15,0,60,18,0x1D1BB,CD,85,0x1CF50,0x28,0x194,e2f0d9
0x9C16 0x9C17,650,문자,540,넘,0x9C16~0x9C17,0 1,60 12,80 25,0x1D1B9 0x1D1B8,CF 82,EF 95,0x1CF50 0x1CF50,0x28 0x28,0x196 0x197,e9ae2b
0x9C18 0x9C19,651,문자,541,어,0x9C18~0x9C19,0 1,60 12,00 70,0x1D1B7 0x1D1B6,D1 84,71 E2,0x1CF50 0x1CF50,0x28 0x28,0x198 0x199,e9ae2b
0x9C1A 0x9C1B,652,문자,542,간,0x9C1A~0x9C1B,0 1,15 00,C0 17,0x1D1B5 0x1D1B4,88 74,33 8B,0x1CF50 0x1CF50,0x28 0x28,0x19A 0x19B,e9ae2b
0x9C1C 0x9C1D,653,문자,543,␠,0x9C1C~0x9C1D,0 1,A8 4F,18 12,0x1D1B3 0x1D1B2,1D C5,8D 88,0x1CF50 0x1CF50,0x28 0x28,0x19C 0x19D,e2f0d9
0x9C1E 0x9C1F,654,문자,544,거,0x9C1E~0x9C1F,0 1,F8 29,90 1D,0x1D1B1 0x1D1B0,6F A1,07 95,0x1CF50 0x1CF50,0x28 0x28,0x19E 0x19F,e9ae2b
0x9C20 0x9C21,655,문자,545,야,0x9C20~0x9C21,0 1,48 38,00 6C,0x1D1AF 0x1D1AE,C1 B2,79 E6,0x1CF50 0x1CF50,0x28 0x28,0x1A0 0x1A1,e9ae2b
0x9C22,656,문자,546,。,0x9C22~0x9C23,0,20,30,0x1D1AD,9B,AB,0x1CF50,0x28,0x1A2,e2f0d9
0x9C24 0x9C25,657,제어,,,0x9C24~0x9C25,0 1,98 EF,15 00,0x1D1AB 0x1D1AA,15 6D,92 7E,0x1CF50 0x1CF50,0x28 0x28,0x1A4 0x1A5,fce4d6
0x9C26 0x9C27,658,문자,547,그,0x9C26~0x9C27,0 1,A8 28,50 21,0x1D1A9 0x1D1A8,27 A8,CF A1,0x1CF50 0x1CF50,0x28 0x28,0x1A6 0x1A7,e9ae2b
0x9C28 0x9C29 0x9C2A 0x9C2B,659,제어,,,0x9C28~0x9C2B,0 1 2 3,68 F7 B8 18,12 00 21 00,0x1D1A7 0x1D1A6 0x1D1A5 0x1D1A4,E9 79 3B 9C,93 82 A4 84,0x1CF50 0x1CF50 0x1CF50 0x1CF50,0x28 0x28 0x28 0x28,0x1A8 0x1A9 0x1AA 0x1AB,fce4d6
0x9C2C 0x9C2D,660,문자,548,␠,0x9C2C~0x9C2D,0 1,98 38,18 12,0x1D1A3 0x1D1A2,1D BE,9D 98,0x1CF50 0x1CF50,0x28 0x28,0x1AC 0x1AD,e2f0d9
0x9C2E 0x9C2F,661,문자,549,녀,0x9C2E~0x9C2F,0 1,60 12,A0 25,0x1D1A1 0x1D1A0,E7 9A,27 AD,0x1CF50 0x1CF50,0x28 0x28,0x1AE 0x1AF,e9ae2b
0x9C31,662,문자,550,석,0x9C30~0x9C31,1,12,3D,0x1D19E,9C,C7,0x1CF50,0x28,0x1B1,e9ae2b
0x9C32 0x9C33,663,문자,551,이,0x9C32~0x9C33,0 1,60 12,90 DE,0x1D19D 0x1D19C,EB 9E,1B 6A,0x1CF50 0x1CF50,0x28 0x28,0x1B2 0x1B3,e9ae2b
0x9C34 0x9C35,664,문자,552,“,0x9C34~0x9C35,0 1,B8 78,88 22,0x1D19B 0x1D19A,45 06,15 B0,0x1CF50 0x1CF50,0x28 0x28,0x1B4 0x1B5,e2f0d9
0x9C36 0x9C37,665,문자,553,세,0x9C36~0x9C37,0 1,C8 54,A0 3D,0x1D199 0x1D198,57 E4,2F CD,0x1CF50 0x1CF50,0x28 0x28,0x1B6 0x1B7,e9ae2b
0x9C38 0x9C39,666,문자,554,상,0x9C38~0x9C39,0 1,78 28,20 3D,0x1D197 0x1D196,09 BA,B1 CF,0x1CF50 0x1CF50,0x28 0x28,0x1B8 0x1B9,e9ae2b
0x9C3A 0x9C3B,667,문자,555,을,0x9C3A~0x9C3B,0 1,28 38,50 DE,0x1D195 0x1D194,BB CC,E3 72,0x1CF50 0x1CF50,0x28 0x28,0x1BA 0x1BB,e9ae2b
0x9C3C 0x9C3D,668,문자,556,␠,0x9C3C~0x9C3D,0 1,F8 38,18 12,0x1D193 0x1D192,8D CE,AD A8,0x1CF50 0x1CF50,0x28 0x28,0x1BC 0x1BD,e2f0d9
0x9C3E 0x9C3F,669,문자,557,지,0x9C3E~0x9C3F,0 1,B8 18,10 E0,0x1D191 0x1D190,4F B0,A7 78,0x1CF50 0x1CF50,0x28 0x28,0x1BE 0x1BF,e9ae2b
0x9C40 0x9C41,670,문자,558,배,0x9C40~0x9C41,0 1,38 28,E0 39,0x1D18F 0x1D18E,D1 C2,79 D3,0x1CF50 0x1CF50,0x28 0x28,0x1C0 0x1C1,e9ae2b
0x9C42 0x9C43,671,문자,559,할,0x9C42~0x9C43,0 1,68 28,80 E3,0x1D18D 0x1D18C,03 C4,1B 7F,0x1CF50 0x1CF50,0x28 0x28,0x1C2 0x1C3,e9ae2b
0x9C44 0x9C45,672,문자,560,␠,0x9C44~0x9C45,0 1,F8 19,18 12,0x1D18B 0x1D18A,95 B7,B5 B0,0x1CF50 0x1CF50,0x28 0x28,0x1C4 0x1C5,e2f0d9
0x9C46 0x9C47,673,문자,561,수,0x9C46~0x9C47,0 1,60 12,30 3F,0x1D189 0x1D188,FF B2,CF DF,0x1CF50 0x1CF50,0x28 0x28,0x1C6 0x1C7,e9ae2b
0x9C48,674,문자,562,␠,0x9C48~0x9C49,0,60,18,0x1D187,01,B9,0x1CF50,0x28,0x1C8,e2f0d9
0x9C4A 0x9C4B,675,문자,563,있,0x9C4A~0x9C4B,0 1,60 12,F0 DE,0x1D185 0x1D184,03 B6,93 82,0x1CF50 0x1CF50,0x28 0x28,0x1CA 0x1CB,e9ae2b
0x9C4C 0x9C4D,676,문자,564,다,0x9C4C~0x9C4D,0 1,19 00,C0 27,0x1D183 0x1D182,BE A6,65 CD,0x1CF50 0x1CF50,0x28 0x28,0x1CC 0x1CD,e9ae2b
0x9C4E 0x9C4F,677,문자,565,”,0x9C4E~0x9C4F,0 1,7D 15,98 22,0x1D181 0x1D180,24 BD,3F CA,0x1CF50 0x1CF50,0x28 0x28,0x1CE 0x1CF,e2f0d9
0x9C50 0x9C51,678,문자,566,고,0x9C50~0x9C51,0 1,00 17,80 20,0x1D17F 0x1D17E,A9 C1,29 CA,0x1CF50 0x1CF50,0x28 0x28,0x1D0 0x1D1,e9ae2b
0x9C52 0x9C53,679,문자,567,␠,0x9C52~0x9C53,0 1,00 1A,18 12,0x1D17D 0x1D17C,AB C6,C3 BE,0x1CF50 0x1CF50,0x28 0x28,0x1D2 0x1D3,e2f0d9
0x9C54 0x9C55,680,문자,568,말,0x9C54~0x9C55,0 1,00 04,F0 34,0x1D17B 0x1D17A,AD B2,9D E2,0x1CF50 0x1CF50,0x28 0x28,0x1D4 0x1D5,e9ae2b
0x9C56 0x9C57,681,문자,569,했,0x9C56~0x9C57,0 1,16 00,C0 E3,0x1D179 0x1D178,C5 B0,6F 93,0x1CF50 0x1CF50,0x28 0x28,0x1D6 0x1D7,e9ae2b
0x9C58 0x9C59,682,문자,570,으,0x9C58~0x9C59,0 1,20 38,30 DE,0x1D177 0x1D176,D1 EA,E1 90,0x1CF50 0x1CF50,0x28 0x28,0x1D8 0x1D9,e9ae2b
0x9C5A 0x9C5B,683,문자,571,니,0x9C5A~0x9C5B,0 1,60 18,F0 25,0x1D175 0x1D174,13 CC,A3 D9,0x1CF50 0x1CF50,0x28 0x28,0x1DA 0x1DB,e9ae2b
0x9C5C 0x9C5D,684,문자,572,까,0x9C5C~0x9C5D,0 1,20 12,F0 21,0x1D173 0x1D172,D5 C8,A5 D7,0x1CF50 0x1CF50,0x28 0x28,0x1DC 0x1DD,e9ae2b
0x9C5E 0x9C5F,685,문자,573,・,0x9C5E~0x9C5F,0 1,12 00,60 12,0x1D171 0x1D170,C9 B8,17 CA,0x1CF50 0x1CF50,0x28 0x28,0x1DE 0x1DF,e2f0d9
0x9C60 0x9C61,686,문자,574,・,0x9C60~0x9C61,0 1,23 00,60 12,0x1D16F 0x1D16E,DC BA,19 CC,0x1CF50 0x1CF50,0x28 0x28,0x1E0 0x1E1,e2f0d9
0x9C62 0x9C63,687,문자,575,・,0x9C62~0x9C63,0 1,90 28,60 12,0x1D16D 0x1D16C,4B E4,1B CE,0x1CF50 0x1CF50,0x28 0x28,0x1E2 0x1E3,e2f0d9
0x9C64 0x9C65 0x9C66,688,제어,,,0x9C64~0x9C66,0 1 2,60 18 70,19 00 7E,0x1D16B 0x1D16A 0x1D169,1D D6 2F,D6 BE 3D,0x1CF50 0x1CF50 0x1CF50,0x28 0x28 0x28,0x1E4 0x1E5 0x1E6,fce4d6
0x9C67 0x9C68,689,제어,,,0x9C67~0x9C68,0 1,28 20,15 00,0x1D168 0x1D167,E8 E1,D5 C1,0x1CF50 0x1CF50,0x28 0x28,0x1E7 0x1E8,fce4d6
0x9C69 0x9C6A,690,제어,,,0x9C69~0x9C6A,0 1,38 80,17 00,0x1D166 0x1D165,FA 43,D9 C3,0x1CF50 0x1CF50,0x28 0x28,0x1E9 0x1EA,fce4d6
0x9C6B 0x9C6C 0x9C6D 0x9C6E 0x9C6F,691,제어,,,0x9C6B~0x9C6F,0 1 2 3 4,38 F0 18 A0 28,14 00 00 40 80,0x1D164 0x1D163 0x1D162 0x1D161 0x1D160,FC B5 DE 67 F0,D8 C5 C6 07 48,0x1CF50 0x1CF50 0x1CF50 0x1CF50 0x1CF50,0x28 0x28 0x28 0x28 0x28,0x1EB 0x1EC 0x1ED 0x1EE 0x1EF,fce4d6
0x9C70 0x9C71 0x9C72,692,제어,,,0x9C70~0x9C72,0 1 2,30 28 60,1A 00 04,0x1D15F 0x1D15E 0x1D15D,F9 F2 2B,E3 CA CF,0x1CF50 0x1CF50 0x1CF50,0x28 0x28 0x28,0x1F0 0x1F1 0x1F2,fce4d6
0x9C73 0x9C74,693,제어,,,0x9C73~0x9C74,0 1,28 F0,16 00,0x1D15C 0x1D15B,F4 BD,E2 CD,0x1CF50 0x1CF50,0x28 0x28,0x1F3 0x1F4,fce4d6
0x9C75 0x9C76,694,문자,576,그,0x9C75~0x9C76,0 1,19 E0,58 21,0x1D15A 0x1D159,E7 AF,26 F0,0x1CF50 0x1CF50,0x28 0x28,0x1F5 0x1F6,e0eed1
0x9C77 0x9C78,695,문자,577,치,0x9C77~0x9C78,0 1,28 80,A8 E1,0x1D158 0x1D157,F8 51,78 B2,0x1CF50 0x1CF50,0x28 0x28,0x1F7 0x1F8,e0eed1
0x9C79 0x9C7A,696,문자,578,만,0x9C79~0x9C7A,0 1,38 20,D8 34,0x1D156 0x1D155,0A F3,AA 07,0x1CF50 0x1CF50,0x28 0x28,0x1F9 0x1FA,e0eed1
0x9C7B 0x9C7C,697,문자,579,␠,0x9C7B~0x9C7C,0 1,12 30,18 12,0x1D154 0x1D153,E6 05,EC E7,0x1CF50 0x1CF50,0x28 0x28,0x1FB 0x1FC,e2f0d9
0x9C7D 0x9C7E,698,문자,580,아,0x9C7D~0x9C7E,0 1,74 50,08 56,0x1D152 0x1D151,4A 27,DE 2D,0x1CF50 0x1CF50,0x28 0x28,0x1FD 0x1FE,e0eed1
0x9C7F 0x9C80,699,문자,581,니,0x9C7F~0x9C80,0 1,19 90,F8 25,0x1D150 0x1D14F,F2 6A,D1 FF,0x1CF50 0x1CF50,0x28 0x28,0x1FF 0x200,e0eed1
0x9C81 0x9C82,700,문자,582,었,0x9C81~0x9C82,0 1,38 60,08 7E,0x1D14E 0x1D14D,13 3C,E3 5A,0x1CF50 0x1CF50,0x28 0x28,0x201 0x202,e0eed1
0x9C83 0x9C84,701,문자,583,어,0x9C83~0x9C84,0 1,12 60,08 70,0x1D14C 0x1D14B,EF 3E,E5 4E,0x1CF50 0x1CF50,0x28 0x28,0x203 0x204,e0eed1
0x9C85 0x9C86,702,문자,584,、,0x9C85~0x9C86,0 1,12 60,20 12,0x1D14A 0x1D149,F1 40,FF F2,0x1CF50 0x1CF50,0x28 0x28,0x205 0x206,e2f0d9
0x9C87 0x9C88,703,문자,585,난,0x9C87~0x9C88,0 1,12 F0,C8 24,0x1D148 0x1D147,F3 D2,A9 06,0x1CF50 0x1CF50,0x28 0x28,0x207 0x208,e0eed1
0x9C89 0x9C8A,704,문자,586,␠,0x9C89~0x9C8A,0 1,19 00,18 12,0x1D146 0x1D145,FC E4,FB F6,0x1CF50 0x1CF50,0x28 0x28,0x209 0x20A,e2f0d9
0x9C8C,705,문자,587,도,0x9C8B~0x9C8C,1,60,2E,0x1D143,46,14,0x1CF50,0x28,0x20C,e0eed1
0x9C8D 0x9C8E,706,문자,588,망,0x9C8D~0x9C8E,0 1,12 60,08 35,0x1D142 0x1D141,F9 48,EF 1D,0x1CF50 0x1CF50,0x28 0x28,0x20D 0x20E,e0eed1
0x9C8F 0x9C90,707,문자,589,치,0x9C8F~0x9C90,0 1,12 60,A8 E1,0x1D140 0x1D13F,FB 4A,91 CB,0x1CF50 0x1CF50,0x28 0x28,0x20F 0x210,e0eed1
0x9C91 0x9C92,708,문자,590,고,0x9C91~0x9C92,0 1,12 80,88 20,0x1D13E 0x1D13D,FD 6C,73 0C,0x1CF50 0x1CF50,0x28 0x28,0x211 0x212,e0eed1
0x9C93 0x9C94,709,문자,591,␠,0x9C93~0x9C94,0 1,4C 20,18 12,0x1D13C 0x1D13B,39 0E,05 00,0x1CF50 0x1CF50,0x28 0x28,0x213 0x214,e2f0d9
0x9C95 0x9C96,710,문자,592,싶,0x9C95~0x9C96,0 1,19 00,08 44,0x1D13A 0x1D139,08 F0,F7 34,0x1CF50 0x1CF50,0x28 0x28,0x215 0x216,e0eed1
0x9C97 0x9C98,711,문자,593,었,0x9C97~0x9C98,0 1,BB 70,08 7E,0x1D138 0x1D137,AC 62,F9 70,0x1CF50 0x1CF50,0x28 0x28,0x217 0x218,e0eed1
0x9C99 0x9C9A,712,문자,594,을,0x9C99~0x9C9A,0 1,19 F0,58 DE,0x1D136 0x1D135,0C E4,4B D2,0x1CF50 0x1CF50,0x28 0x28,0x219 0x21A,e0eed1
0x9C9B 0x9C9C,713,문자,595,␠,0x9C9B~0x9C9C,0 1,19 B0,18 12,0x1D134 0x1D133,0E A6,0D 08,0x1CF50 0x1CF50,0x28 0x28,0x21B 0x21C,e2f0d9
0x9C9D 0x9C9E,714,문자,596,뿐,0x9C9D~0x9C9E,0 1,18 30,98 3C,0x1D132 0x1D131,0F 28,8F 34,0x1CF50 0x1CF50,0x28 0x28,0x21D 0x21E,e0eed1
0x9C9F 0x9CA0,715,문자,597,이,0x9C9F~0x9CA0,0 1,28 F0,98 DE,0x1D130 0x1D12F,21 EA,91 D8,0x1CF50 0x1CF50,0x28 0x28,0x21F 0x220,e0eed1
0x9CA1 0x9CA2,716,문자,598,야,0x9CA1~0x9CA2,0 1,19 60,08 6C,0x1D12E 0x1D12D,14 5C,03 68,0x1CF50 0x1CF50,0x28 0x28,0x221 0x222,e0eed1
0x9CA3 0x9CA4,717,문자,599,・,0x9CA3~0x9CA4,0 1,12 60,60 12,0x1D12C 0x1D12B,0F 5E,5D 10,0x1CF50 0x1CF50,0x28 0x28,0x223 0x224,e2f0d9
0x9CA5 0x9CA6,718,문자,600,・,0x9CA5~0x9CA6,0 1,12 60,60 12,0x1D12A 0x1D129,11 60,5F 12,0x1CF50 0x1CF50,0x28 0x28,0x225 0x226,e2f0d9
0x9CA7,719,문자,601,・,0x9CA7~0x9CA8,0,12,60,0x1D128,13,61,0x1CF50,0x28,0x227,e2f0d9
0x9CA9 0x9CAA 0x9CAB,720,제어,,,0x9CA9~0x9CAB,0 1 2,00 23 21,12 00 20,0x1D126 0x1D125 0x1D124,03 27 26,15 04 25,0x1CF50 0x1CF50 0x1CF50,0x28 0x28 0x28,0x229 0x22A 0x22B,fce4d6
0x9CAC 0x9CAD,721,문자,602,␠,0x9CAC~0x9CAD,0 1,00 15,18 12,0x1D123 0x1D122,06 1C,1E 19,0x1CF50 0x1CF50,0x28 0x28,0x22C 0x22D,e2f0d9
0x9CAE 0x9CAF,722,문자,603,모,0x9CAE~0x9CAF,0 1,00 12,A8 35,0x1D121 0x1D120,08 1B,B0 3E,0x1CF50 0x1CF50,0x28 0x28,0x22E 0x22F,e0eed1
0x9CB0 0x9CB1,723,문자,604,든,0x9CB0~0x9CB1,0 1,00 23,08 30,0x1D11F 0x1D11E,0A 2E,12 3B,0x1CF50 0x1CF50,0x28 0x28,0x230 0x231,e0eed1
0x9CB2 0x9CB3,724,문자,605,␠,0x9CB2~0x9CB3,0 1,00 D0,18 12,0x1D11D 0x1D11C,0C DD,24 1F,0x1CF50 0x1CF50,0x28 0x28,0x232 0x233,e0eed1
0x9CB4 0x9CB5,725,문자,606,것,0x9CB4~0x9CB5,0 1,19 60,F8 1D,0x1D11B 0x1D11A,27 6F,06 2C,0x1CF50 0x1CF50,0x28 0x28,0x234 0x235,e0eed1
0x9CB7,726,문자,607,들,0x9CB6~0x9CB7,1,60,30,0x1D118,71,41,0x1CF50,0x28,0x237,e0eed1
0x9CB8 0x9CB9,727,문자,608,로,0x9CB8~0x9CB9,0 1,38 60,D8 31,0x1D117 0x1D116,4A 73,EA 44,0x1CF50 0x1CF50,0x28 0x28,0x238 0x239,e0eed1
0x9CBA 0x9CBB,728,문자,609,부,0x9CBA~0x9CBB,0 1,18 30,08 3C,0x1D115 0x1D114,2C 45,1C 51,0x1CF50 0x1CF50,0x28 0x28,0x23A 0x23B,e0eed1
0x9CBC 0x9CBD,729,문자,610,터,0x9CBC~0x9CBD,0 1,19 80,58 E2,0x1D113 0x1D112,2F 97,6E F9,0x1CF50 0x1CF50,0x28 0x28,0x23C 0x23D,e0eed1
0x9CBE 0x9CBF,730,문자,611,・,0x9CBE~0x9CBF,0 1,28 30,60 12,0x1D111 0x1D110,40 49,78 2B,0x1CF50 0x1CF50,0x28 0x28,0x23E 0x23F,e2f0d9
0x9CC0 0x9CC1,731,문자,612,・,0x9CC0~0x9CC1,0 1,28 60,60 12,0x1D10F 0x1D10E,42 7B,7A 2D,0x1CF50 0x1CF50,0x28 0x28,0x240 0x241,e2f0d9
0x9CC2 0x9CC3,732,문자,613,・,0x9CC2~0x9CC3,0 1,28 60,60 12,0x1D10D 0x1D10C,44 7D,7C 2F,0x1CF50 0x1CF50,0x28 0x28,0x242 0x243,e2f0d9
0x9CC4 0x9CC5,733,제어,,,0x9CC4~0x9CC5,0 1,12 60,15 00,0x1D10B 0x1D10A,30 7F,33 1F,0x1CF50 0x1CF50,0x28 0x28,0x244 0x245,fce4d6
0x9CC6 0x9CC7,734,문자,614,고,0x9CC6~0x9CC7,0 1,12 60,88 20,0x1D109 0x1D108,32 81,A8 41,0x1CF50 0x1CF50,0x28 0x28,0x246 0x247,e0eed1
0x9CC8 0x9CC9,735,문자,615,민,0x9CC8~0x9CC9,0 1,12 20,68 39,0x1D107 0x1D106,34 43,8A 5C,0x1CF50 0x1CF50,0x28 0x28,0x248 0x249,e0eed1
0x9CCA 0x9CCB,736,문자,616,이,0x9CCA~0x9CCB,0 1,18 A0,98 DE,0x1D105 0x1D104,3C C5,BC 03,0x1CF50 0x1CF50,0x28 0x28,0x24A 0x24B,e0eed1
0x9CCC 0x9CCD,737,문자,617,나,0x9CCC~0x9CCD,0 1,28 F0,B8 24,0x1D103 0x1D102,4E 17,DE 4B,0x1CF50 0x1CF50,0x28 0x28,0x24C 0x24D,e0eed1
0x9CCE 0x9CCF,738,문자,618,␠,0x9CCE~0x9CCF,0 1,19 B0,18 12,0x1D101 0x1D100,41 D9,40 3B,0x1CF50 0x1CF50,0x28 0x28,0x24E 0x24F,e0eed1
0x9CD0 0x9CD1,739,문자,619,마,0x9CD0~0x9CD1,0 1,28 F0,B8 34,0x1D0FF 0x1D0FE,52 1B,E2 5F,0x1CF50 0x1CF50,0x28 0x28,0x250 0x251,e0eed1
0x9CD2 0x9CD3,740,문자,620,주,0x9CD2~0x9CD3,0 1,28 A0,F8 F5,0x1D0FD 0x1D0FC,54 CD,24 22,0x1CF50 0x1CF50,0x28 0x28,0x252 0x253,e0eed1
0x9CD4 0x9CD5,741,문자,621,치,0x9CD4~0x9CD5,0 1,28 40,A8 E1,0x1D0FB 0x1D0FA,56 6F,D6 10,0x1CF50 0x1CF50,0x28 0x28,0x254 0x255,e0eed1
0x9CD6 0x9CD7,742,문자,622,기,0x9CD6~0x9CD7,0 1,18 E0,B8 21,0x1D0F9 0x1D0F8,48 11,E8 52,0x1CF50 0x1CF50,0x28 0x28,0x256 0x257,e0eed1
0x9CD8 0x9CD9,743,문자,623,␠,0x9CD8~0x9CD9,0 1,28 90,18 12,0x1D0F7 0x1D0F6,5A C3,4A 45,0x1CF50 0x1CF50,0x28 0x28,0x258 0x259,e2f0d9
0x9CDA 0x9CDB,744,문자,624,싫,0x9CDA~0x9CDB,0 1,12 19,F8 3F,0x1D0F5 0x1D0F4,46 4E,2C 74,0x1CF50 0x1CF50,0x28 0x28,0x25A 0x25B,e0eed1
0x9CDC 0x9CDD,745,문자,625,은,0x9CDC~0x9CDD,0 1,00 7E,48 DE,0x1D0F3 0x1D0F2,36 B5,7E 15,0x1CF50 0x1CF50,0x28 0x28,0x25C 0x25D,e0eed1
0x9CDE 0x9CDF,746,문자,626,␠,0x9CDE~0x9CDF,0 1,15 00,18 12,0x1D0F1 0x1D0F0,4D 39,50 4B,0x1CF50 0x1CF50,0x28 0x28,0x25E 0x25F,e0eed1
0x9CE0 0x9CE1,747,문자,627,현,0x9CE0~0x9CE1,0 1,17 00,38 E4,0x1D0EF 0x1D0EE,51 3B,72 1F,0x1CF50 0x1CF50,0x28 0x28,0x260 0x261,e0eed1
0x9CE2 0x9CE3,748,문자,628,실,0x9CE2~0x9CE3,0 1,1A 00,E8 3F,0x1D0ED 0x1D0EC,56 3D,24 7C,0x1CF50 0x1CF50,0x28 0x28,0x262 0x263,e0eed1
0x9CE4 0x9CE5,749,문자,629,␠,0x9CE4~0x9CE5,0 1,04 16,18 12,0x1D0EB 0x1D0EA,42 55,56 51,0x1CF50 0x1CF50,0x28 0x28,0x264 0x265,e0eed1
0x9CE6 0x9CE7,750,문자,630,같,0x9CE6~0x9CE7,0 1,00 20,08 1C,0x1D0E9 0x1D0E8,40 61,48 5D,0x1CF50 0x1CF50,0x28 0x28,0x266 0x267,e0eed1
0x9CE8 0x9CE9,751,문자,631,은,0x9CE8~0x9CE9,0 1,18 B0,48 DE,0x1D0E7 0x1D0E6,5A F3,8A 21,0x1CF50 0x1CF50,0x28 0x28,0x268 0x269,e0eed1
0x9CEA 0x9CEB,752,문자,632,・,0x9CEA~0x9CEB,0 1,38 F0,60 12,0x1D0E5 0x1D0E4,7C 35,A4 57,0x1CF50 0x1CF50,0x28 0x28,0x26A 0x26B,e2f0d9
0x9CEC 0x9CED,753,문자,633,・,0x9CEC~0x9CED,0 1,38 80,60 12,0x1D0E3 0x1D0E2,7E C7,A6 59,0x1CF50 0x1CF50,0x28 0x28,0x26C 0x26D,e2f0d9
0x9CEE 0x9CEF,754,문자,634,・,0x9CEE~0x9CEF,0 1,38 20,60 12,0x1D0E1 0x1D0E0,80 69,A8 5B,0x1CF50 0x1CF50,0x28 0x28,0x26E 0x26F,e2f0d9
0x9CF0,755,문자,635,␠,0x9CF0~0x9CF1,0,12,18,0x1D0DF,5C,62,0x1CF50,0x28,0x270,e2f0d9
0x9CF2 0x9CF3,756,문자,636,사,0x9CF2~0x9CF3,0 1,00 23,E8 3C,0x1D0DD 0x1D0DC,4C 70,34 89,0x1CF50 0x1CF50,0x28 0x28,0x272 0x273,e0eed1
0x9CF4 0x9CF5,757,문자,637,실,0x9CF4~0x9CF5,0 1,21 00,E8 3F,0x1D0DB 0x1D0DA,6F 4F,36 8E,0x1CF50 0x1CF50,0x28 0x28,0x274 0x275,e0eed1
0x9CF6 0x9CF7,758,문자,638,␠,0x9CF6~0x9CF7,0 1,20 38,18 12,0x1D0D9 0x1D0D8,70 89,68 63,0x1CF50 0x1CF50,0x28 0x28,0x276 0x277,e0eed1
0x9CF8 0x9CF9,759,문자,639,나,0x9CF8~0x9CF9,0 1,10 28,B8 24,0x1D0D7 0x1D0D6,62 7B,0A 77,0x1CF50 0x1CF50,0x28 0x28,0x278 0x279,e0eed1
0x9CFA 0x9CFB,760,문자,640,도,0x9CFA~0x9CFB,0 1,D0 38,28 2E,0x1D0D5 0x1D0D4,24 8D,7C 83,0x1CF50 0x1CF50,0x28 0x28,0x27A 0x27B,e0eed1
0x9CFC 0x9CFD,761,문자,641,␠,0x9CFC~0x9CFD,0 1,30 39,18 12,0x1D0D3 0x1D0D2,86 90,6E 69,0x1CF50 0x1CF50,0x28 0x28,0x27C 0x27D,e0eed1
0x9CFE 0x9CFF,762,문자,642,이,0x9CFE~0x9CFF,0 1,A0 12,98 DE,0x1D0D1 0x1D0D0,F8 6B,F0 37,0x1CF50 0x1CF50,0x28 0x28,0x27E 0x27F,e0eed1
0x9D00 0x9D01,763,문자,643,미,0x9D00~0x9D01,0 1,19 00,58 39,0x1D0CF 0x1D0CE,73 5B,B2 94,0x1CF50 0x1CF50,0x28 0x28,0x280 0x281,e0eed1
0x9D02 0x9D03,764,문자,644,␠,0x9D02~0x9D03,0 1,7D 15,18 12,0x1D0CD 0x1D0CC,D9 72,74 6F,0x1CF50 0x1CF50,0x28 0x28,0x282 0x283,e0eed1
0x9D04 0x9D05,765,문자,645,알,0x9D04~0x9D05,0 1,00 17,08 60,0x1D0CB 0x1D0CA,5E 76,66 BF,0x1CF50 0x1CF50,0x28 0x28,0x284 0x285,e0eed1
0x9D06 0x9D07,766,문자,646,고,0x9D06~0x9D07,0 1,00 14,88 20,0x1D0C9 0x1D0C8,60 75,E8 81,0x1CF50 0x1CF50,0x28 0x28,0x286 0x287,e0eed1
0x9D08 0x9D09,767,문자,647,␠,0x9D08~0x9D09,0 1,00 00,18 12,0x1D0C7 0x1D0C6,62 63,7A 75,0x1CF50 0x1CF50,0x28 0x28,0x288 0x289,e2f0d9
0x9D0A 0x9D0B,768,문자,648,있,0x9D0A~0x9D0B,0 1,40 80,F8 DE,0x1D0C5 0x1D0C4,A4 E5,5C 43,0x1CF50 0x1CF50,0x28 0x28,0x28A 0x28B,e0eed1
0x9D0C 0x9D0D,769,문자,649,었,0x9D0C~0x9D0D,0 1,1A 00,08 7E,0x1D0C3 0x1D0C2,80 67,6E E5,0x1CF50 0x1CF50,0x28 0x28,0x28C 0x28D,e0eed1
0x9D0E 0x9D0F,770,문자,650,어,0x9D0E~0x9D0F,0 1,04 16,08 70,0x1D0C1 0x1D0C0,6C 7F,70 D9,0x1CF50 0x1CF50,0x28 0x28,0x28E 0x28F,e0eed1
0x9D10 0x9D11,771,문자,651,・,0x9D10~0x9D11,0 1,00 70,60 12,0x1D0BF 0x1D0BE,6A DB,CA 7D,0x1CF50 0x1CF50,0x28 0x28,0x290 0x291,e2f0d9
0x9D12 0x9D13,772,문자,652,・,0x9D12~0x9D13,0 1,28 20,60 12,0x1D0BD 0x1D0BC,94 8D,CC 7F,0x1CF50 0x1CF50,0x28 0x28,0x292 0x293,e2f0d9
0x9D14 0x9D15,773,문자,653,・,0x9D14~0x9D15,0 1,38 60,60 12,0x1D0BB 0x1D0BA,A6 CF,CE 81,0x1CF50 0x1CF50,0x28 0x28,0x294 0x295,e2f0d9
0x9D16 0x9D17 0x9D18,774,제어,,,0x9D16~0x9D18,0 1 2,12 60 12,19 00 7D,0x1D0B9 0x1D0B8 0x1D0B7,82 D1 84,89 71 EF,0x1CF50 0x1CF50 0x1CF50,0x28 0x28 0x28,0x296 0x297 0x298,fce4d6
0x9D19 0x9D1A,775,제어,,,0x9D19~0x9D1A,0 1,60 12,15 00,0x1D0B6 0x1D0B5,D3 86,88 74,0x1CF50 0x1CF50,0x28 0x28,0x299 0x29A,fce4d6
0x9D1B 0x9D1C,776,제어,,,0x9D1B~0x9D1C,0 1,20 18,17 00,0x1D0B4 0x1D0B3,95 8E,8C 76,0x1CF50 0x1CF50,0x28 0x28,0x29B 0x29C,fce4d6
0x9D1D 0x9D1E 0x9D1F,777,제어,,,0x9D1D~0x9D1F,0 1 2,A0 28 F0,1A 00 04,0x1D0B2 0x1D0B1 0x1D0B0,17 A0 69,91 78 7D,0x1CF50 0x1CF50 0x1CF50,0x28 0x28 0x28,0x29D 0x29E 0x29F,fce4d6
0x9D20 0x9D21,778,제어,,,0x9D20~0x9D21,0 1,19 F0,16 00,0x1D0AF 0x1D0AE,93 6B,90 7B,0x1CF50 0x1CF50,0x28 0x28,0x2A0 0x2A1,fce4d6
0x9D22 0x9D23,779,문자,654,이,0x9D22~0x9D23,0 1,28 40,90 DE,0x1D0AD 0x1D0AC,A4 BD,0C 5B,0x1CF50 0x1CF50,0x28 0x28,0x2A2 0x2A3,e9ae2b
0x9D24 0x9D25,780,문자,655,제,0x9D24~0x9D25,0 1,18 40,F0 E3,0x1D0AB 0x1D0AA,96 BF,6E 62,0x1CF50 0x1CF50,0x28 0x28,0x2A4 0x2A5,e9ae2b
0x9D26 0x9D27 0x9D28 0x9D29,781,제어,,,0x9D26~0x9D29,0 1 2 3,28 20 38 F0,12 00 23 00,0x1D0A9 0x1D0A8 0x1D0A7 0x1D0A6,A8 A1 BA 73,92 81 A5 83,0x1CF50 0x1CF50 0x1CF50 0x1CF50,0x28 0x28 0x28 0x28,0x2A6 0x2A7 0x2A8 0x2A9,fce4d6
0x9D2A 0x9D2B,782,문자,656,␠,0x9D2A~0x9D2B,0 1,C0 30,18 12,0x1D0A5 0x1D0A4,44 B5,9C 97,0x1CF50 0x1CF50,0x28 0x28,0x2AA 0x2AB,e2f0d9
0x9D2C 0x9D2D,783,문자,657,어,0x9D2C~0x9D2D,0 1,28 60,00 70,0x1D0A3 0x1D0A2,AE E7,86 F7,0x1CF50 0x1CF50,0x28 0x28,0x2AC 0x2AD,e9ae2b
0x9D2E 0x9D2F,784,문자,658,떻,0x9D2E~0x9D2F,0 1,28 F0,B0 30,0x1D0A1 0x1D0A0,B0 79,38 B9,0x1CF50 0x1CF50,0x28 0x28,0x2AE 0x2AF,e9ae2b
0x9D30 0x9D31,785,문자,659,게,0x9D30~0x9D31,0 1,19 70,00 20,0x1D09F 0x1D09E,A3 FB,8A AB,0x1CF50 0x1CF50,0x28 0x28,0x2B0 0x2B1,e9ae2b
0x9D32 0x9D33,786,문자,660,␠,0x9D32~0x9D33,0 1,28 70,18 12,0x1D09D 0x1D09C,B4 FD,A4 9F,0x1CF50 0x1CF50,0x28 0x28,0x2B2 0x2B3,e2f0d9
0x9D34 0x9D35,787,문자,661,되,0x9D34~0x9D35,0 1,19 70,80 2E,0x1D09B 0x1D09A,A7 FF,0E BD,0x1CF50 0x1CF50,0x28 0x28,0x2B4 0x2B5,e9ae2b
0x9D36 0x9D37,788,문자,662,든,0x9D36~0x9D37,0 1,38 60,00 30,0x1D099 0x1D098,C8 F1,90 C1,0x1CF50 0x1CF50,0x28 0x28,0x2B6 0x2B7,e9ae2b
0x9D39,789,문자,663,␠,0x9D38~0x9D39,1,90,12,0x1D096,23,A5,0x1CF50,0x28,0x2B9,e2f0d9
0x9D3A 0x9D3B,790,문자,664,상,0x9D3A~0x9D3B,0 1,12 12,20 3D,0x1D095 0x1D094,A6 A7,B4 D2,0x1CF50 0x1CF50,0x28 0x28,0x2BA 0x2BB,e9ae2b
0x9D3C 0x9D3D,791,문자,665,관,0x9D3C~0x9D3D,0 1,00 23,C0 20,0x1D093 0x1D092,96 BA,56 B7,0x1CF50 0x1CF50,0x28 0x28,0x2BC 0x2BD,e9ae2b
0x9D3E 0x9D3F,792,문자,666,없,0x9D3E~0x9D3F,0 1,21 00,00 7C,0x1D091 0x1D090,B9 99,98 15,0x1CF50 0x1CF50,0x28 0x28,0x2BE 0x2BF,e9ae2b
0x9D40 0x9D41,793,문자,667,어,0x9D40~0x9D41,0 1,40 18,00 70,0x1D08F 0x1D08E,DA B3,9A 0B,0x1CF50 0x1CF50,0x28 0x28,0x2C0 0x2C1,e9ae2b
0x9D42 0x9D43,794,문자,668,・,0x9D42~0x9D43,0 1,D0 38,60 12,0x1D08D 0x1D08C,6C D5,FC AF,0x1CF50 0x1CF50,0x28 0x28,0x2C2 0x2C3,e2f0d9
0x9D44 0x9D45,795,문자,669,・,0x9D44~0x9D45,0 1,30 39,60 12,0x1D08B 0x1D08A,CE D8,FE B1,0x1CF50 0x1CF50,0x28 0x28,0x2C4 0x2C5,e2f0d9
0x9D46 0x9D47,796,문자,670,・,0x9D46~0x9D47,0 1,A0 28,60 12,0x1D089 0x1D088,40 C9,00 B3,0x1CF50 0x1CF50,0x28 0x28,0x2C6 0x2C7,e2f0d9
0x9D48 0x9D49,797,문자,671,␠,0x9D48~0x9D49,0 1,A0 4F,18 12,0x1D087 0x1D086,42 F2,BA B5,0x1CF50 0x1CF50,0x28 0x28,0x2C8 0x2C9,e2f0d9
0x9D4A 0x9D4B,798,문자,672,그,0x9D4A~0x9D4B,0 1,F0 29,50 21,0x1D085 0x1D084,94 CE,F4 C6,0x1CF50 0x1CF50,0x28 0x28,0x2CA 0x2CB,e9ae2b
0x9D4C 0x9D4D,799,문자,673,저,0x9D4C~0x9D4D,0 1,40 38,90 DF,0x1D083 0x1D082,E6 DF,36 86,0x1CF50 0x1CF50,0x28 0x28,0x2CC 0x2CD,e9ae2b
0x9D4E,800,문자,674,・,0x9D4E~0x9D4F,0,20,60,0x1D081,C8,08,0x1CF50,0x28,0x2CE,e2f0d9
0x9D50 0x9D51,801,문자,675,・,0x9D50~0x9D51,0 1,C0 EC,60 12,0x1D07F 0x1D07E,6A 97,0A BD,0x1CF50 0x1CF50,0x28 0x28,0x2D0 0x2D1,e2f0d9
0x9D52 0x9D53,802,문자,676,・,0x9D52~0x9D53,0 1,70 19,60 12,0x1D07D 0x1D07C,1C C6,0C BF,0x1CF50 0x1CF50,0x28 0x28,0x2D2 0x2D3,e2f0d9
0x9D54 0x9D55,803,문자,677,␠,0x9D54~0x9D55,0 1,40 18,18 12,0x1D07B 0x1D07A,EE C7,C6 C1,0x1CF50 0x1CF50,0x28 0x28,0x2D4 0x2D5,e2f0d9
0x9D56 0x9D57,804,문자,678,도,0x9D56~0x9D57,0 1,30 19,20 2E,0x1D079 0x1D078,E0 CA,D0 DF,0x1CF50 0x1CF50,0x28 0x28,0x2D6 0x2D7,e9ae2b
0x9D58 0x9D59,805,문자,679,망,0x9D58~0x9D59,0 1,80 28,00 35,0x1D077 0x1D076,32 DB,B2 E8,0x1CF50 0x1CF50,0x28 0x28,0x2D8 0x2D9,e9ae2b
0x9D5A 0x9D5B,806,문자,680,치,0x9D5A~0x9D5B,0 1,80 28,A0 E1,0x1D075 0x1D074,34 DD,54 96,0x1CF50 0x1CF50,0x28 0x28,0x2DA 0x2DB,e9ae2b
0x9D5C 0x9D5D,807,문자,681,고,0x9D5C~0x9D5D,0 1,60 12,80 20,0x1D073 0x1D072,16 C9,36 D7,0x1CF50 0x1CF50,0x28 0x28,0x2DC 0x2DD,e9ae2b
0x9D5E,808,문자,682,␠,0x9D5E~0x9D5F,0,60,18,0x1D071,18,D0,0x1CF50,0x28,0x2DE,e2f0d9
0x9D60 0x9D61,809,문자,683,싶,0x9D60~0x9D61,0 1,60 12,00 44,0x1D06F 0x1D06E,1A CD,BA FF,0x1CF50 0x1CF50,0x28 0x28,0x2E0 0x2E1,e9ae2b
0x9D62 0x9D63,810,문자,684,을,0x9D62~0x9D63,0 1,15 00,50 DE,0x1D06D 0x1D06C,D1 BD,0C 9B,0x1CF50 0x1CF50,0x28 0x28,0x2E2 0x2E3,e9ae2b
0x9D64 0x9D65,811,문자,685,␠,0x9D64~0x9D65,0 1,40 F6,18 12,0x1D06B 0x1D06A,FE B5,D6 D1,0x1CF50 0x1CF50,0x28 0x28,0x2E4 0x2E5,e2f0d9
0x9D66 0x9D67,812,문자,686,뿐,0x9D66~0x9D67,0 1,F0 28,90 3C,0x1D069 0x1D068,B0 E9,50 FD,0x1CF50 0x1CF50,0x28 0x28,0x2E6 0x2E7,e9ae2b
0x9D68 0x9D69,813,문자,687,이,0x9D68~0x9D69,0 1,12 00,90 DE,0x1D067 0x1D066,D4 C3,52 A1,0x1CF50 0x1CF50,0x28 0x28,0x2E8 0x2E9,e9ae2b
0x9D6A 0x9D6B,814,문자,688,야,0x9D6A~0x9D6B,0 1,23 21,00 6C,0x1D065 0x1D064,E7 E6,C4 31,0x1CF50 0x1CF50,0x28 0x28,0x2EA 0x2EB,e9ae2b
0x9D6C 0x9D6D,815,문자,689,・,0x9D6C~0x9D6D,0 1,00 80,60 12,0x1D063 0x1D062,C6 47,26 D9,0x1CF50 0x1CF50,0x28 0x28,0x2EC 0x2ED,e2f0d9
0x9D6E 0x9D6F,816,문자,690,・,0x9D6E~0x9D6F,0 1,4C 20,60 12,0x1D061 0x1D060,14 E9,28 DB,0x1CF50 0x1CF50,0x28 0x28,0x2EE 0x2EF,e2f0d9
0x9D70 0x9D71,817,문자,691,・,0x9D70~0x9D71,0 1,19 90,60 12,0x1D05F 0x1D05E,E3 5B,2A DD,0x1CF50 0x1CF50,0x28 0x28,0x2F0 0x2F1,e2f0d9
0x9D72 0x9D73 0x9D74 0x9D75 0x9D76,818,제어,,,0x9D72~0x9D76,0 1 2 3 4,38 C0 38 B0 38,12 00 23 21 00,0x1D05D 0x1D05C 0x1D05B 0x1D05A 0x1D059,04 8D 06 7F 08,DE CD F1 F0 D0,0x1CF50 0x1CF50 0x1CF50 0x1CF50 0x1CF50,0x28 0x28 0x28 0x28 0x28,0x2F2 0x2F3 0x2F4 0x2F5 0x2F6,fce4d6
0x9D77 0x9D78,819,제어,,,0x9D77~0x9D78,0 1,00 28,15 00,0x1D058 0x1D057,D1 FA,E6 D2,0x1CF50 0x1CF50,0x28 0x28,0x2F7 0x2F8,fce4d6
0x9D79 0x9D7A 0x9D7B 0x9D7C,820,제어,,,0x9D79~0x9D7C,0 1 2 3,10 19 80 4C,12 00 23 00,0x1D056 0x1D055 0x1D054 0x1D053,E3 ED 55 22,E5 D4 F8 D6,0x1CF50 0x1CF50 0x1CF50 0x1CF50,0x28 0x28 0x28 0x28,0x2F9 0x2FA 0x2FB 0x2FC,fce4d6
0x9D7D 0x9D7E,821,문자,692,넌,0x9D7D~0x9D7E,0 1,20 19,60 25,0x1D052 0x1D051,F7 F1,37 FD,0x1CF50 0x1CF50,0x28 0x28,0x2FD 0x2FE,e9ae2b
0x9D7F 0x9D80,822,문자,693,␠,0x9D7F~0x9D80,0 1,60 28,18 12,0x1D050 0x1D04F,3A 03,F2 ED,0x1CF50 0x1CF50,0x28 0x28,0x2FF 0x300,e2f0d9
0x9D81 0x9D82,823,문자,694,그,0x9D81~0x9D82,0 1,60 12,50 21,0x1D04E 0x1D04D,3C EF,2C FE,0x1CF50 0x1CF50,0x28 0x28,0x301 0x302,e9ae2b
0x9D83 0x9D84,824,문자,695,런,0x9D83~0x9D84,0 1,60 12,50 31,0x1D04C 0x1D04B,3E F1,2E 10,0x1CF50 0x1CF50,0x28 0x28,0x303 0x304,e9ae2b
0x9D85,825,문자,696,␠,0x9D85~0x9D86,0,60,18,0x1D04A,40,F8,0x1CF50,0x28,0x305,e2f0d9
0x9D87 0x9D88,826,문자,697,적,0x9D87~0x9D88,0 1,12 00,A0 DF,0x1D048 0x1D047,F4 E3,82 C2,0x1CF50 0x1CF50,0x28 0x28,0x307 0x308,e9ae2b
0x9D89 0x9D8A,827,문자,698,이,0x9D89~0x9D8A,0 1,23 00,90 DE,0x1D046 0x1D045,07 E5,74 C3,0x1CF50 0x1CF50,0x28 0x28,0x309 0x30A,e9ae2b
0x9D8B 0x9D8C,828,문자,699,・,0x9D8B~0x9D8C,0 1,80 28,60 12,0x1D044 0x1D043,66 0F,46 F9,0x1CF50 0x1CF50,0x28 0x28,0x30B 0x30C,e2f0d9
0x9D8E,829,문자,700,・,0x9D8D~0x9D8E,1,18,12,0x1D041,01,FB,0x1CF50,0x28,0x30E,e2f0d9
0x9D8F 0x9D90,830,문자,701,・,0x9D8F~0x9D90,0 1,80 28,60 12,0x1D040 0x1D03F,6A 13,4A FD,0x1CF50 0x1CF50,0x28 0x28,0x30F 0x310,e2f0d9
0x9D91 0x9D92,831,문자,702,␠,0x9D91~0x9D92,0 1,60 18,18 12,0x1D03E 0x1D03D,4C 05,04 FF,0x1CF50 0x1CF50,0x28 0x28,0x311 0x312,e2f0d9
0x9D93 0x9D94,832,문자,703,한,0x9D93~0x9D94,0 1,30 19,70 E3,0x1D03C 0x1D03B,1E 08,5E D2,0x1CF50 0x1CF50,0x28 0x28,0x313 0x314,e9ae2b
0x9D95 0x9D96,833,문자,704,␠,0x9D95~0x9D96,0 1,30 39,18 12,0x1D03A 0x1D039,20 2A,08 03,0x1CF50 0x1CF50,0x28 0x28,0x315 0x316,e2f0d9
0x9D97 0x9D98,834,문자,705,번,0x9D97~0x9D98,0 1,A0 28,70 3B,0x1D038 0x1D037,92 1B,62 2E,0x1CF50 0x1CF50,0x28 0x28,0x317 0x318,e9ae2b
0x9D99 0x9D9A,835,문자,706,도,0x9D99~0x9D9A,0 1,A0 FA,20 2E,0x1D036 0x1D035,94 EF,14 23,0x1CF50 0x1CF50,0x28 0x28,0x319 0x31A,e9ae2b
0x9D9B 0x9D9C,836,문자,707,␠,0x9D9B~0x9D9C,0 1,70 28,18 12,0x1D034 0x1D033,66 1F,0E 09,0x1CF50 0x1CF50,0x28 0x28,0x31B 0x31C,e2f0d9
0x9D9E,837,문자,708,없,0x9D9D~0x9D9E,1,F6,7C,0x1D031,EF,75,0x1CF50,0x28,0x31E,e9ae2b
0x9D9F 0x9DA0,838,문자,709,었,0x9D9F~0x9DA0,0 1,C0 28,00 7E,0x1D030 0x1D02F,BA 23,FA 79,0x1CF50 0x1CF50,0x28 0x28,0x31F 0x320,e9ae2b
0x9DA1 0x9DA2,839,문자,710,어,0x9DA1~0x9DA2,0 1,F0 2A,00 70,0x1D02E 0x1D02D,EC 27,FC 6D,0x1CF50 0x1CF50,0x28 0x28,0x321 0x322,e9ae2b
0x9DA3 0x9DA4,840,문자,711,？,0x9DA3~0x9DA4,0 1,10 3A,90 12,0x1D02C 0x1D02B,0E 39,8E 11,0x1CF50 0x1CF50,0x28 0x28,0x323 0x324,e2f0d9
0x9DA5 0x9DA6 0x9DA7,841,제어,,,0x9DA5~0x9DA7,0 1 2,B0 28 A0,19 00 7E,0x1D02A 0x1D029 0x1D028,B0 29 A2,19 01 80,0x1CF50 0x1CF50 0x1CF50,0x28 0x28 0x28,0x325 0x326 0x327,fce4d6
0x9DA8 0x9DA9,842,제어,,,0x9DA8~0x9DA9,0 1,28 30,15 00,0x1D027 0x1D026,2B 34,18 04,0x1CF50 0x1CF50,0x28 0x28,0x328 0x329,fce4d6
0x9DAA 0x9DAB,843,제어,,,0x9DAA~0x9DAB,0 1,28 F0,17 00,0x1D025 0x1D024,2D F6,1C 06,0x1CF50 0x1CF50,0x28 0x28,0x32A 0x32B,fce4d6
0x9DAC 0x9DAD 0x9DAE,844,제어,,,0x9DAC~0x9DAE,0 1 2,19 E0 28,1A 00 04,0x1D023 0x1D022 0x1D021,20 E8 31,21 08 0D,0x1CF50 0x1CF50 0x1CF50,0x28 0x28 0x28,0x32C 0x32D 0x32E,fce4d6
0x9DAF 0x9DB0,845,제어,,,0x9DAF~0x9DB0,0 1,80 38,16 00,0x1D020 0x1D01F,8A 43,20 0B,0x1CF50 0x1CF50,0x28 0x28,0x32F 0x330,fce4d6
0x9DB1 0x9DB2,846,문자,712,나,0x9DB1~0x9DB2,0 1,60 12,B0 24,0x1D01E 0x1D01D,6C 1F,BC 31,0x1CF50 0x1CF50,0x28 0x28,0x331 0x332,e9ae2b
0x9DB3 0x9DB4,847,문자,713,도,0x9DB3~0x9DB4,0 1,60 12,20 2E,0x1D01C 0x1D01B,6E 21,2E 3D,0x1CF50 0x1CF50,0x28 0x28,0x333 0x334,e9ae2b
0x9DB5 0x9DB6 0x9DB7 0x9DB8 0x9DB9,848,제어,,,0x9DB5~0x9DB9,0 1 2 3 4,60 12 30 12 19,12 00 23 21 00,0x1D01A 0x1D019 0x1D018 0x1D017 0x1D016,70 23 42 25 2D,22 11 35 34 14,0x1CF50 0x1CF50 0x1CF50 0x1CF50 0x1CF50,0x28 0x28 0x28 0x28 0x28,0x335 0x336 0x337 0x338 0x339,fce4d6
0x9DBA 0x9DBB,849,문자,714,␠,0x9DBA~0x9DBB,0 1,00 7E,18 12,0x1D015 0x1D014,15 94,2D 28,0x1CF50 0x1CF50,0x28 0x28,0x33A 0x33B,e2f0d9
0x9DBC 0x9DBD,850,문자,715,있,0x9DBC~0x9DBD,0 1,15 00,F0 DE,0x1D013 0x1D012,2C 18,07 F6,0x1CF50 0x1CF50,0x28 0x28,0x33C 0x33D,e9ae2b
0x9DBE 0x9DBF,851,문자,716,었,0x9DBE~0x9DBF,0 1,17 00,00 7E,0x1D011 0x1D010,30 1A,19 98,0x1CF50 0x1CF50,0x28 0x28,0x33E 0x33F,e9ae2b
0x9DC0 0x9DC1,852,문자,717,어,0x9DC0~0x9DC1,0 1,14 00,00 70,0x1D00F 0x1D00E,2F 1C,1B 8C,0x1CF50 0x1CF50,0x28 0x28,0x340 0x341,e9ae2b
0x9DC2 0x9DC3,853,문자,718,!,0x9DC2~0x9DC3,0 1,00 40,A0 12,0x1D00D 0x1D00C,1D 5E,BD 30,0x1CF50 0x1CF50,0x28 0x28,0x342 0x343,e2f0d9
0x9DC4 0x9DC5 0x9DC6,854,제어,,,0x9DC4~0x9DC6,0 1 2,80 1A 00,19 00 7D,0x1D00B 0x1D00A 0x1D009,9F 3A 21,38 20 9E,0x1CF50 0x1CF50 0x1CF50,0x28 0x28 0x28,0x344 0x345 0x346,fce4d6
0x9DC7 0x9DC8,855,제어,,,0x9DC7~0x9DC8,0 1,04 16,15 00,0x1D008 0x1D007,26 39,37 23,0x1CF50 0x1CF50,0x28 0x28,0x347 0x348,fce4d6
0x9DC9 0x9DCA,856,제어,,,0x9DC9~0x9DCA,0 1,00 12,17 00,0x1D006 0x1D005,24 37,3B 25,0x1CF50 0x1CF50,0x28 0x28,0x349 0x34A,fce4d6
0x9DCB 0x9DCC 0x9DCD 0x9DCE 0x9DCF,857,제어,,,0x9DCB~0x9DCF,0 1 2 3 4,00 23 21 00 00,14 00 00 40 80,0x1D004 0x1D003 0x1D002 0x1D001 0x1D000,26 4A 49 29 2A,3A 27 28 69 AA,0x1CF50 0x1CF50 0x1CF50 0x1CF50 0x1CF50,0x28 0x28 0x28 0x28 0x28,0x34B 0x34C 0x34D 0x34E 0x34F,fce4d6
0x9DD0 0x9DD1 0x9DD2,858,제어,,,0x9DD0~0x9DD2,0 1 2,2B B0 1A,1A 00 04,0x1CFFF 0x1CFFE 0x1CFFD,56 DC 47,45 2C 31,0x1CF50 0x1CF50 0x1CF50,0x28 0x28 0x28,0x350 0x351 0x352,fce4d6
0x9DD3 0x9DD4,859,제어,,,0x9DD3~0x9DD4,0 1,A0 28,16 00,0x1CFFC 0x1CFFB,CE 57,44 2F,0x1CF50 0x1CF50,0x28 0x28,0x353 0x354,fce4d6
0x9DD5 0x9DD6,860,문자,719,그,0x9DD5~0x9DD6,0 1,60 F7,50 21,0x1CFFA 0x1CFF9,90 28,80 52,0x1CF50 0x1CF50,0x28 0x28,0x355 0x356,e9ae2b
0x9DD7 0x9DD8,861,문자,720,래,0x9DD7~0x9DD8,0 1,00 B0,30 31,0x1CFF8 0x1CFF7,32 E3,62 64,0x1CF50 0x1CF50,0x28 0x28,0x357 0x358,e9ae2b
0x9DD9 0x9DDA,862,문자,721,도,0x9DD9~0x9DDA,0 1,F0 38,20 2E,0x1CFF6 0x1CFF5,24 6D,54 63,0x1CF50 0x1CF50,0x28 0x28,0x359 0x35A,e9ae2b
0x9DDB 0x9DDC,863,문자,722,・,0x9DDB~0x9DDC,0 1,A0 28,60 12,0x1CFF4 0x1CFF3,D6 5F,96 49,0x1CF50 0x1CF50,0x28 0x28,0x35B 0x35C,e2f0d9
0x9DDD 0x9DDE,864,문자,723,・,0x9DDD~0x9DDE,0 1,40 18,60 12,0x1CFF2 0x1CFF1,78 51,98 4B,0x1CF50 0x1CF50,0x28 0x28,0x35D 0x35E,e2f0d9
0x9DDF 0x9DE0,865,문자,724,・,0x9DDF~0x9DE0,0 1,70 28,60 12,0x1CFF0 0x1CFEF,AA 63,9A 4D,0x1CF50 0x1CF50,0x28 0x28,0x35F 0x360,e2f0d9
0x9DE1,866,문자,725,␠,0x9DE1~0x9DE2,0,A0,18,0x1CFEE,DC,54,0x1CF50,0x28,0x361,e2f0d9
0x9DE3 0x9DE4,867,문자,726,넌,0x9DE3~0x9DE4,0 1,D0 18,60 25,0x1CFEC 0x1CFEB,0E 57,9E 64,0x1CF50 0x1CF50,0x28 0x28,0x363 0x364,e9ae2b
0x9DE5 0x9DE6,868,문자,727,␠,0x9DE5~0x9DE6,0 1,12 00,18 12,0x1CFEA 0x1CFE9,52 41,58 53,0x1CF50 0x1CF50,0x28 0x28,0x365 0x366,e2f0d9
0x9DE7 0x9DE8,869,문자,728,항,0x9DE7~0x9DE8,0 1,23 00,A0 E3,0x1CFE8 0x1CFE7,65 43,E2 26,0x1CF50 0x1CF50,0x28 0x28,0x367 0x368,e9ae2b
0x9DE9 0x9DEA,870,문자,729,상,0x9DE9~0x9DEA,0 1,30 28,20 3D,0x1CFE6 0x1CFE5,74 6D,64 82,0x1CF50 0x1CF50,0x28 0x28,0x369 0x36A,e9ae2b
0x9DEB 0x9DEC,871,문자,730,␠,0x9DEB~0x9DEC,0 1,14 00,18 12,0x1CFE4 0x1CFE3,5A 47,5E 59,0x1CF50 0x1CF50,0x28 0x28,0x36B 0x36C,e2f0d9
0x9DEE,872,문자,731,싸,0x9DED~0x9DEE,1,47,46,0x1CFE1,90,8F,0x1CF50,0x28,0x36E,e9ae2b
0x9DEF 0x9DF0,873,문자,732,워,0x9DEF~0x9DF0,0 1,80 80,F0 D7,0x1CFE0 0x1CFDF,CA CB,3A 22,0x1CF50 0x1CF50,0x28 0x28,0x36F 0x370,e9ae2b
0x9DF1 0x9DF2,874,문자,733,왔,0x9DF1~0x9DF2,0 1,28 20,F0 C1,0x1CFDE 0x1CFDD,74 6D,3C 0E,0x1CF50 0x1CF50,0x28 0x28,0x371 0x372,e9ae2b
0x9DF3 0x9DF4,875,문자,734,잖,0x9DF3~0x9DF4,0 1,12 12,30 DF,0x1CFDC 0x1CFDB,60 61,7E 2E,0x1CF50 0x1CF50,0x28 0x28,0x373 0x374,e9ae2b
0x9DF6,876,문자,735,아,0x9DF5~0x9DF6,1,21,56,0x1CFD9,72,A7,0x1CF50,0x28,0x376,e9ae2b
0x9DF7 0x9DF8,877,문자,736,？,0x9DF7~0x9DF8,0 1,00 D0,90 12,0x1CFD8 0x1CFD7,52 23,E2 65,0x1CF50 0x1CF50,0x28 0x28,0x377 0x378,e2f0d9
0x9DF9 0x9DFA 0x9DFB 0x9DFC 0x9DFD,878,제어,,,0x9DF9~0x9DFD,0 1 2 3 4,18 12 00 23 21,12 00 23 21 00,0x1CFD6 0x1CFD5 0x1CFD4 0x1CFD3 0x1CFD2,6C 67 56 7A 79,66 55 79 78 58,0x1CF50 0x1CF50 0x1CF50 0x1CF50 0x1CF50,0x28 0x28 0x28 0x28 0x28,0x379 0x37A 0x37B 0x37C 0x37D,fce4d6
0x9DFE 0x9DFF,879,문자,737,␠,0x9DFE~0x9DFF,0 1,00 30,18 12,0x1CFD1 0x1CFD0,59 8A,71 6C,0x1CF50 0x1CF50,0x28 0x28,0x37E 0x37F,e2f0d9
0x9E00 0x9E01,880,문자,738,온,0x9E00~0x9E01,0 1,28 80,C0 9F,0x1CFCF 0x1CFCE,83 DC,1B FB,0x1CF50 0x1CF50,0x28 0x28,0x380 0x381,e9ae2b
0x9E02 0x9E03,881,문자,739,갖,0x9E02~0x9E03,0 1,28 40,00 1A,0x1CFCD 0x1CFCC,85 9E,5D 78,0x1CF50 0x1CF50,0x28 0x28,0x382 0x383,e9ae2b
0x9E04 0x9E05,882,문자,740,␠,0x9E04~0x9E05,0 1,F6 C0,18 12,0x1CFCB 0x1CFCA,55 20,77 72,0x1CF50 0x1CF50,0x28 0x28,0x384 0x385,e2f0d9
0x9E06 0x9E07,883,문자,741,고,0x9E06~0x9E07,0 1,18 50,80 20,0x1CFC9 0x1CFC8,79 B2,E1 82,0x1CF50 0x1CF50,0x28 0x28,0x386 0x387,e9ae2b
0x9E08 0x9E09,884,문자,742,민,0x9E08~0x9E09,0 1,FB 10,60 39,0x1CFC7 0x1CFC6,5E 74,C3 9D,0x1CF50 0x1CF50,0x28 0x28,0x388 0x389,e9ae2b
0x9E0A 0x9E0B,885,문자,743,과,0x9E0A~0x9E0B,0 1,19 60,B0 20,0x1CFC5 0x1CFC4,7E C6,15 86,0x1CF50 0x1CF50,0x28 0x28,0x38A 0x38B,e9ae2b
0x9E0C 0x9E0D,886,문자,744,␠,0x9E0C~0x9E0D,0 1,28 20,18 12,0x1CFC3 0x1CFC2,8F 88,7F 7A,0x1CF50 0x1CF50,0x28 0x28,0x38C 0x38D,e2f0d9
0x9E0E,887,문자,745,괴,0x9E0E~0x9E0F,0,18,E0,0x1CFC1,81,49,0x1CF50,0x28,0x38E,e9ae2b
0x9E10 0x9E11,888,문자,746,로,0x9E10~0x9E11,0 1,19 B0,D0 31,0x1CFBF 0x1CFBE,84 1C,3B 9D,0x1CF50 0x1CF50,0x28 0x28,0x390 0x391,e9ae2b
0x9E12 0x9E13,889,문자,747,움,0x9E12~0x9E13,0 1,38 B0,F0 D5,0x1CFBD 0x1CFBC,A5 1E,5D 43,0x1CF50 0x1CF50,0x28 0x28,0x392 0x393,e9ae2b
0x9E14 0x9E15,890,문자,748,으,0x9E14~0x9E15,0 1,18 90,30 DE,0x1CFBB 0x1CFBA,87 00,9F 4E,0x1CF50 0x1CF50,0x28 0x28,0x394 0x395,e9ae2b
0x9E16 0x9E17,891,문자,749,로,0x9E16~0x9E17,0 1,38 A0,D0 31,0x1CFB9 0x1CFB8,A9 12,41 A3,0x1CF50 0x1CF50,0x28 0x28,0x396 0x397,e9ae2b
0x9E18 0x9E19,892,문자,750,부,0x9E18~0x9E19,0 1,12 12,00 3C,0x1CFB7 0x1CFB6,85 86,73 B0,0x1CF50 0x1CF50,0x28 0x28,0x398 0x399,e9ae2b
0x9E1A 0x9E1B,893,문자,751,터,0x9E1A~0x9E1B,0 1,00 23,50 E2,0x1CFB5 0x1CFB4,75 99,C5 58,0x1CF50 0x1CF50,0x28 0x28,0x39A 0x39B,e9ae2b
0x9E1C 0x9E1D,894,문자,752,・,0x9E1C~0x9E1D,0 1,21 00,60 12,0x1CFB3 0x1CFB2,98 78,D7 8A,0x1CF50 0x1CF50,0x28 0x28,0x39C 0x39D,e2f0d9
0x9E1E 0x9E1F,895,문자,753,・,0x9E1E~0x9E1F,0 1,10 11,60 12,0x1CFB1 0x1CFB0,89 8B,D9 8C,0x1CF50 0x1CF50,0x28 0x28,0x39E 0x39F,e2f0d9
0x9E20 0x9E21,896,문자,754,・,0x9E20~0x9E21,0 1,12 00,60 12,0x1CFAF 0x1CFAE,8D 7C,DB 8E,0x1CF50 0x1CF50,0x28 0x28,0x3A0 0x3A1,e2f0d9
0x9E22 0x9E23,897,제어,,,0x9E22~0x9E23,0 1,23 21,15 00,0x1CFAD 0x1CFAC,A0 9F,92 7E,0x1CF50 0x1CF50,0x28 0x28,0x3A2 0x3A3,fce4d6
0x9E24 0x9E25,898,문자,755,난,0x9E24~0x9E25,0 1,00 19,C0 24,0x1CFAB 0x1CFAA,7F 99,3F A4,0x1CF50 0x1CF50,0x28 0x28,0x3A4 0x3A5,e9ae2b
0x9E26 0x9E27 0x9E28 0x9E29 0x9E2A,899,제어,,,0x9E26~0x9E2A,0 1 2 3 4,00 7D 15 00 17,12 00 23 21 00,0x1CFA9 0x1CFA8 0x1CFA7 0x1CFA6 0x1CFA5,81 FF 98 84 9C,93 82 A6 A5 85,0x1CF50 0x1CF50 0x1CF50 0x1CF50 0x1CF50,0x28 0x28 0x28 0x28 0x28,0x3A6 0x3A7 0x3A8 0x3A9 0x3AA,fce4d6
0x9E2B 0x9E2C,900,문자,756,␠,0x9E2B~0x9E2C,0 1,00 1A,18 12,0x1CFA4 0x1CFA3,86 A1,9E 99,0x1CF50 0x1CF50,0x28 0x28,0x3AB 0x3AC,e2f0d9
0x9E2D 0x9E2E,901,문자,757,도,0x9E2D~0x9E2E,0 1,00 04,20 2E,0x1CFA2 0x1CFA1,88 8D,A8 B7,0x1CF50 0x1CF50,0x28 0x28,0x3AD 0x3AE,e9ae2b
0x9E2F 0x9E30,902,문자,758,망,0x9E2F~0x9E30,0 1,16 00,00 35,0x1CFA0 0x1CF9F,A0 8B,8A C0,0x1CF50 0x1CF50,0x28 0x28,0x3AF 0x3B0,e9ae2b
0x9E31 0x9E32,903,문자,759,치,0x9E31~0x9E32,0 1,10 11,A0 E1,0x1CF9E 0x1CF9D,9C 9E,2C 6E,0x1CF50 0x1CF50,0x28 0x28,0x3B1 0x3B2,e9ae2b
0x9E33 0x9E34,904,문자,760,기,0x9E33~0x9E34,0 1,12 00,B0 21,0x1CF9C 0x1CF9B,A0 8F,3E B0,0x1CF50 0x1CF50,0x28 0x28,0x3B3 0x3B4,e9ae2b
0x9E35 0x9E36,905,문자,761,만,0x9E35~0x9E36,0 1,23 21,D0 34,0x1CF9A 0x1CF99,B3 B2,60 C5,0x1CF50 0x1CF50,0x28 0x28,0x3B5 0x3B6,e9ae2b
0x9E37 0x9E38,906,문자,762,␠,0x9E37~0x9E38,0 1,00 30,18 12,0x1CF98 0x1CF97,92 C3,AA A5,0x1CF50 0x1CF50,0x28 0x28,0x3B7 0x3B8,e2f0d9
0x9E39 0x9E3A,907,문자,763,하,0x9E39~0x9E3A,0 1,EA 40,50 E3,0x1CF96 0x1CF95,7E D5,E4 78,0x1CF50 0x1CF50,0x28 0x28,0x3B9 0x3BA,e9ae2b
0x9E3B 0x9E3C,908,문자,764,다,0x9E3B~0x9E3C,0 1,18 60,C0 27,0x1CF94 0x1CF93,AE F7,56 BE,0x1CF50 0x1CF50,0x28 0x28,0x3BB 0x3BC,e9ae2b
0x9E3D 0x9E3E,909,문자,765,가,0x9E3D~0x9E3E,0 1,28 F0,A0 17,0x1CF92 0x1CF91,C0 89,38 B0,0x1CF50 0x1CF50,0x28 0x28,0x3BD 0x3BE,e9ae2b
0x9E3F 0x9E40,910,문자,766,・,0x9E3F~0x9E40,0 1,18 C0,60 12,0x1CF90 0x1CF8F,B2 5B,FA AD,0x1CF50 0x1CF50,0x28 0x28,0x3BF 0x3C0,e2f0d9
0x9E41 0x9E42,911,문자,767,・,0x9E41~0x9E42,0 1,38 60,60 12,0x1CF8E 0x1CF8D,D4 FD,FC AF,0x1CF50 0x1CF50,0x28 0x28,0x3C1 0x3C2,e2f0d9
0x9E43 0x9E44,912,문자,768,・,0x9E43~0x9E44,0 1,28 40,60 12,0x1CF8C 0x1CF8B,C6 DF,FE B1,0x1CF50 0x1CF50,0x28 0x28,0x3C3 0x3C4,e2f0d9
0x9E45 0x9E46 0x9E47 0x9E48,913,제어,,,0x9E45~0x9E48,0 1 2 3,18 B0 38 E0,12 00 23 00,0x1CF8A 0x1CF89 0x1CF88 0x1CF87,B8 51 DA 83,B2 A1 C5 A3,0x1CF50 0x1CF50 0x1CF50 0x1CF50,0x28 0x28 0x28 0x28,0x3C5 0x3C6 0x3C7 0x3C8,fce4d6
0x9E49,914,문자,769,␠,0x9E49~0x9E4A,0,28,18,0x1CF86,CC,BC,0x1CF50,0x28,0x3C9,e2f0d9
0x9E4B 0x9E4C,915,문자,770,결,0x9E4B~0x9E4C,0 1,00 23,40 20,0x1CF84 0x1CF83,A6 CA,E6 C7,0x1CF50 0x1CF50,0x28 0x28,0x3CB 0x3CC,e9ae2b
0x9E4D 0x9E4E,916,문자,771,국,0x9E4D~0x9E4E,0 1,21 00,10 21,0x1CF82 0x1CF81,C9 A9,B8 CA,0x1CF50 0x1CF50,0x28 0x28,0x3CD 0x3CE,e9ae2b
0x9E4F,917,문자,772,␠,0x9E4F~0x9E50,0,60,18,0x1CF80,0A,C2,0x1CF50,0x28,0x3CF,e2f0d9
0x9E51 0x9E52,918,문자,773,이,0x9E51~0x9E52,0 1,60 12,90 DE,0x1CF7E 0x1CF7D,0C BF,3C 8B,0x1CF50 0x1CF50,0x28 0x28,0x3D1 0x3D2,e9ae2b
0x9E53 0x9E54,919,문자,774,런,0x9E53~0x9E54,0 1,60 12,50 31,0x1CF7C 0x1CF7B,0E C1,FE E0,0x1CF50 0x1CF50,0x28 0x28,0x3D3 0x3D4,e9ae2b
0x9E55,920,문자,775,␠,0x9E55~0x9E56,0,90,18,0x1CF7A,40,C8,0x1CF50,0x28,0x3D5,e2f0d9
0x9E57 0x9E58,921,문자,776,곳,0x9E57~0x9E58,0 1,40 F6,90 20,0x1CF78 0x1CF77,F2 A9,42 D3,0x1CF50 0x1CF50,0x28 0x28,0x3D7 0x3D8,e9ae2b
0x9E59 0x9E5A,922,문자,777,에,0x9E59~0x9E5A,0 1,E0 28,40 9F,0x1CF76 0x1CF75,94 DD,F4 54,0x1CF50 0x1CF50,0x28 0x28,0x3D9 0x3DA,e9ae2b
0x9E5B 0x9E5C,923,문자,778,서,0x9E5B~0x9E5C,0 1,F0 19,50 3D,0x1CF74 0x1CF73,A6 D0,06 F4,0x1CF50 0x1CF50,0x28 0x28,0x3DB 0x3DC,e9ae2b
0x9E5D 0x9E5E,924,문자,779,␠,0x9E5D~0x9E5E,0 1,10 38,18 12,0x1CF72 0x1CF71,C8 F1,D0 CB,0x1CF50 0x1CF50,0x28 0x28,0x3DD 0x3DE,e2f0d9
0x9E5F 0x9E60,925,문자,780,죽,0x9E5F~0x9E60,0 1,B0 28,F0 F7,0x1CF70 0x1CF6F,6A E3,AA B2,0x1CF50 0x1CF50,0x28 0x28,0x3DF 0x3E0,e9ae2b
0x9E61 0x9E62,926,문자,781,게,0x9E61~0x9E62,0 1,90 12,00 20,0x1CF6E 0x1CF6D,4C CF,BC DD,0x1CF50 0x1CF50,0x28 0x28,0x3E1 0x3E2,e9ae2b
0x9E63,927,문자,782,␠,0x9E63~0x9E64,0,60,18,0x1CF6C,1E,D6,0x1CF50,0x28,0x3E3,e2f0d9
0x9E65 0x9E66,928,문자,783,되,0x9E65~0x9E66,0 1,60 12,80 2E,0x1CF6A 0x1CF69,20 D3,40 EF,0x1CF50 0x1CF50,0x28 0x28,0x3E5 0x3E6,e9ae2b
0x9E67 0x9E68,929,문자,784,는,0x9E67~0x9E68,0 1,60 12,E0 25,0x1CF68 0x1CF67,22 D5,A2 E8,0x1CF50 0x1CF50,0x28 0x28,0x3E7 0x3E8,e9ae2b
0x9E69 0x9E6A,930,문자,785,␠,0x9E69~0x9E6A,0 1,80 19,18 12,0x1CF66 0x1CF65,44 DE,DC D7,0x1CF50 0x1CF50,0x28 0x28,0x3E9 0x3EA,e2f0d9
0x9E6B 0x9E6C,931,문자,786,운,0x9E6B~0x9E6C,0 1,30 38,F0 D1,0x1CF64 0x1CF63,F6 FF,B6 98,0x1CF50 0x1CF50,0x28 0x28,0x3EB 0x3EC,e9ae2b
0x9E6D 0x9E6E,932,문자,787,명,0x9E6D~0x9E6E,0 1,20 18,90 35,0x1CF62 0x1CF61,E8 E1,58 FE,0x1CF50 0x1CF50,0x28 0x28,0x3ED 0x3EE,e9ae2b
0x9E6F 0x9E70,933,문자,788,인,0x9E6F~0x9E70,0 1,60 12,A0 DE,0x1CF60 0x1CF5F,2A DD,6A A9,0x1CF50 0x1CF50,0x28 0x28,0x3EF 0x3F0,e9ae2b
0x9E71 0x9E72,934,문자,789,가,0x9E71~0x9E72,0 1,60 12,A0 17,0x1CF5E 0x1CF5D,2C DF,6C E4,0x1CF50 0x1CF50,0x28 0x28,0x3F1 0x3F2,e9ae2b
0x9E73 0x9E74,935,문자,790,␠,0x9E73~0x9E74,0 1,12 00,18 12,0x1CF5C 0x1CF5B,E0 CF,E6 E1,0x1CF50 0x1CF50,0x28 0x28,0x3F3 0x3F4,e2f0d9
0x9E75 0x9E76,936,문자,791,봐,0x9E75~0x9E76,0 1,23 00,E0 3B,0x1CF5A 0x1CF59,F3 D1,B0 0C,0x1CF50 0x1CF50,0x28 0x28,0x3F5 0x3F6,e9ae2b
0x9E79 0x9E7A,938,문자,793,・,0x9E79~0x9E7A,0 1,70 5A,60 12,0x1CF56 0x1CF55,44 2F,34 E7,0x1CF50 0x1CF50,0x28 0x28,0x3F9 0x3FA,e2f0d9
0x9E7B 0x9E7C,939,문자,794,・,0x9E7B~0x9E7C,0 1,30 46,60 12,0x1CF54 0x1CF53,06 1D,36 E9,0x1CF50 0x1CF50,0x28 0x28,0x3FB 0x3FC,e2f0d9
0x9E7D 0x9E7E,940,문자,795,。,0x9E7D~0x9E7E,0 1,B0 28,30 12,0x1CF52 0x1CF51,88 01,08 EB,0x1CF50 0x1CF50,0x28 0x28,0x3FD 0x3FE,e2f0d9
0x9E7F 0x9E80 0x9E81,941,제어,,,0x9E7F~0x9E81,0 1 2,A0 28 C0,19 00 7E,0x1CF50 0x1D75F 0x1D75E,7B 00 99,F4 D8 57,0x1CF50 0x1D360 0x1D360,0x28 0x28 0x28,0x3FF 0x000 0x001,fce4d6
0x9E82 0x9E83,942,제어,,,0x9E82~0x9E83,0 1,38 F0,15 00,0x1D75D 0x1D75C,12 CB,EF DB,0x1D360 0x1D360,0x28 0x28,0x002 0x003,fce4d6
0x9E84 0x9E85,943,제어,,,0x9E84~0x9E85,0 1,19 E0,17 00,0x1D75B 0x1D75A,F5 BD,F3 DD,0x1D360 0x1D360,0x28 0x28,0x004 0x005,fce4d6
0x9E86 0x9E87 0x9E88 0x9E89 0x9E8A,944,제어,,,0x9E86~0x9E8A,0 1 2 3 4,28 B0 18 A0 28,14 00 00 40 80,0x1D759 0x1D758 0x1D757 0x1D756 0x1D755,06 8F F8 81 0A,F2 DF E0 21 62,0x1D360 0x1D360 0x1D360 0x1D360 0x1D360,0x28 0x28 0x28 0x28 0x28,0x006 0x007 0x008 0x009 0x00A,fce4d6
0x9E8B 0x9E8C 0x9E8D,945,제어,,,0x9E8B~0x9E8D,0 1 2,20 12 12,1A 00 04,0x1D754 0x1D753 0x1D752,03 F6 F7,FD E4 E9,0x1D360 0x1D360 0x1D360,0x28 0x28 0x28,0x00B 0x00C 0x00D,fce4d6
0x9E8E 0x9E8F,946,제어,,,0x9E8E~0x9E8F,0 1,00 21,16 00,0x1D751 0x1D750,E6 08,FC E7,0x1D360 0x1D360,0x28 0x28,0x00E 0x00F,fce4d6
0x9E90 0x9E91 0x9E92 0x9E93 0x9E94,947,제어,,,0x9E90~0x9E94,0 1 2 3 4,00 40 F6 60 12,12 00 23 21 00,0x1D74F 0x1D74E 0x1D74D 0x1D74C 0x1D74B,E8 29 E0 4B FE,FA E9 0D 0C EC,0x1D360 0x1D360 0x1D360 0x1D360 0x1D360,0x28 0x28 0x28 0x28 0x28,0x010 0x011 0x012 0x013 0x014,fce4d6
0x9E95 0x9E96,948,문자,796,바,0x9E95~0x9E96,0 1,60 12,80 39,0x1D74A 0x1D749,4D 00,6D 27,0x1D360 0x1D360,0x28 0x28,0x015 0x016,e9ae2b
0x9E97 0x9E98,949,문자,797,보,0x9E97~0x9E98,0 1,60 12,B0 3B,0x1D748 0x1D747,4F 02,9F 2B,0x1D360 0x1D360,0x28 0x28,0x017 0x018,e9ae2b
0x9E99 0x9E9A,950,문자,798,␠,0x9E99~0x9E9A,0 1,19 00,18 12,0x1D746 0x1D745,0A F2,09 04,0x1D360 0x1D360,0x28 0x28,0x019 0x01A,e2f0d9
0x9E9B 0x9E9C,951,문자,799,같,0x9E9B~0x9E9C,0 1,7E 15,00 1C,0x1D744 0x1D743,71 09,F3 10,0x1D360 0x1D360,0x28 0x28,0x01B 0x01C,e9ae2b
0x9E9D 0x9E9E,952,문자,800,은,0x9E9D~0x9E9E,0 1,00 17,40 DE,0x1D742 0x1D741,F5 0D,35 D4,0x1D360 0x1D360,0x28 0x28,0x01D 0x01E,e9ae2b
0x9E9F 0x9EA0,953,문자,801,␠,0x9E9F~0x9EA0,0 1,00 1A,18 12,0x1D740 0x1D73F,F7 12,0F 0A,0x1D360 0x1D360,0x28 0x28,0x01F 0x020,e2f0d9
0x9EA1 0x9EA2,954,문자,802,소,0x9EA1~0x9EA2,0 1,00 04,D0 3D,0x1D73E 0x1D73D,F9 FE,C9 37,0x1D360 0x1D360,0x28 0x28,0x021 0x022,e9ae2b
0x9EA3 0x9EA4,955,문자,803,리,0x9EA3~0x9EA4,0 1,16 00,70 34,0x1D73C 0x1D73B,11 FC,6B 30,0x1D360 0x1D360,0x28 0x28,0x023 0x024,e9ae2b
0x9EA5 0x9EA6,956,문자,804,하,0x9EA5~0x9EA6,0 1,80 18,50 E3,0x1D73A 0x1D739,7D 16,4D E1,0x1D360 0x1D360,0x28 0x28,0x025 0x026,e9ae2b
0x9EA7 0x9EA8,957,문자,805,지,0x9EA7~0x9EA8,0 1,80 18,10 E0,0x1D738 0x1D737,7F 18,0F E0,0x1D360 0x1D360,0x28 0x28,0x027 0x028,e9ae2b
0x9EA9,958,문자,806,␠,0x9EA9~0x9EAA,0,60,18,0x1D736,61,19,0x1D360,0x28,0x029,e2f0d9
0x9EAB 0x9EAC,959,문자,807,마,0x9EAB~0x9EAC,0 1,60 12,B0 34,0x1D734 0x1D733,63 16,B3 38,0x1D360 0x1D360,0x28 0x28,0x02B 0x02C,e9ae2b
0x9EAD 0x9EAE,960,문자,808,！,0x9EAD~0x9EAE,0 1,12 00,A0 12,0x1D732 0x1D731,17 06,A5 18,0x1D360 0x1D360,0x28 0x28,0x02D 0x02E,e2f0d9
0x9EAF 0x9EB0,961,문자,809,␠,0x9EAF~0x9EB0,0 1,23 00,18 12,0x1D730 0x1D72F,2A 08,1F 1A,0x1D360 0x1D360,0x28 0x28,0x02F 0x030,e2f0d9
0x9EB1 0x9EB2 0x9EB3 0x9EB4,962,제어,,,0x9EB1~0x9EB4,0 1 2 3,60 12 80 18,12 00 21 00,0x1D72E 0x1D72D 0x1D72C 0x1D72B,69 1C 8B 24,1B 0A 2C 0C,0x1D360 0x1D360 0x1D360 0x1D360,0x28 0x28 0x28 0x28,0x031 0x032 0x033 0x034,fce4d6
0x9EB5 0x9EB6,963,문자,810,내,0x9EB5~0x9EB6,0 1,80 18,00 25,0x1D72A 0x1D729,8D 26,0D 33,0x1D360 0x1D360,0x28 0x28,0x035 0x036,e9ae2b
0x9EB7 0x9EB8 0x9EB9 0x9EBA,964,제어,,,0x9EB7~0x9EBA,0 1 2 3,60 12 60 12,12 00 23 00,0x1D728 0x1D727 0x1D726 0x1D725,6F 22 71 24,21 10 34 12,0x1D360 0x1D360 0x1D360 0x1D360,0x28 0x28 0x28 0x28,0x037 0x038 0x039 0x03A,fce4d6
0x9EBB 0x9EBC 0x9EBD 0x9EBE 0x9EBF,965,제어,,,0x9EBB~0x9EBF,0 1 2 3 4,60 12 A0 12 12,14 00 00 47 80,0x1D724 0x1D723 0x1D722 0x1D721 0x1D720,73 26 B5 28 29,27 14 15 5D 97,0x1D360 0x1D360 0x1D360 0x1D360 0x1D360,0x28 0x28 0x28 0x28 0x28,0x03B 0x03C 0x03D 0x03E 0x03F,fce4d6
0x9EC0 0x9EC1,966,문자,811,가,0x9EC0~0x9EC1,0 1,00 21,A0 17,0x1D71F 0x1D71E,18 3A,B8 30,0x1D360 0x1D360,0x28 0x28,0x040 0x041,e9ae2b
0x9EC2 0x9EC3,967,문자,812,␠,0x9EC2~0x9EC3,0 1,00 19,18 12,0x1D71D 0x1D71C,1A 34,32 2D,0x1D360 0x1D360,0x28 0x28,0x042 0x043,e2f0d9
0x9EC4 0x9EC5,968,문자,813,꼭,0x9EC4~0x9EC5,0 1,00 7D,20 24,0x1D71B 0x1D71A,1C 9A,3C 41,0x1D360 0x1D360,0x28 0x28,0x044 0x045,e9ae2b
0x9EC6 0x9EC8 0x9EC9 0x9ECA,969,제어,,,0x9EC6~0x9ECA,0 2 3 4,15 17 00 1A,12 23 21 00,0x1D719 0x1D717 0x1D716 0x1D715,33 37 21 3C,30 43 42 22,0x1D360 0x1D360 0x1D360 0x1D360,0x28 0x28 0x28 0x28,0x046 0x048 0x049 0x04A,fce4d6
0x9ECB 0x9ECC,970,문자,814,␠,0x9ECB~0x9ECC,0 1,00 04,18 12,0x1D714 0x1D713,23 28,3B 36,0x1D360 0x1D360,0x28 0x28,0x04B 0x04C,e2f0d9
0x9ECD 0x9ECE,971,문자,815,도,0x9ECD~0x9ECE,0 1,16 00,20 2E,0x1D712 0x1D711,3B 26,45 54,0x1D360 0x1D360,0x28 0x28,0x04D 0x04E,e9ae2b
0x9ECF 0x9ED0,972,문자,816,와,0x9ECF~0x9ED0,0 1,1B 00,E0 9F,0x1D710 0x1D70F,42 28,07 C7,0x1D360 0x1D360,0x28 0x28,0x04F 0x050,e9ae2b
0x9ED1 0x9ED2,973,문자,817,줄,0x9ED1~0x9ED2,0 1,80 10,F0 F9,0x1D70E 0x1D70D,A9 3A,19 23,0x1D360 0x1D360,0x28 0x28,0x051 0x052,e9ae2b
0x9ED3 0x9ED4,974,문자,818,게,0x9ED3~0x9ED4,0 1,11 10,00 20,0x1D70C 0x1D70B,3C 3C,2B 4C,0x1D360 0x1D360,0x28 0x28,0x053 0x054,e9ae2b
0x9ED5,975,문자,819,！,0x9ED5~0x9ED6,0,11,A0,0x1D70A,3E,CD,0x1D360,0x28,0x055,e2f0d9
0x9ED7 0x9ED8 0x9ED9 0x9EDA 0x9EDB,976,제어,,,0x9ED7~0x9EDB,0 1 2 3 4,00 23 00 20 18,12 00 23 21 00,0x1D708 0x1D707 0x1D706 0x1D705 0x1D704,2F 53 31 52 4B,41 30 54 53 33,0x1D360 0x1D360 0x1D360 0x1D360 0x1D360,0x28 0x28 0x28 0x28 0x28,0x057 0x058 0x059 0x05A 0x05B,fce4d6
0x9EDC 0x9EDD,977,제어,,,0x9EDC~0x9EDD,0 1,A0 38,10 11,0x1D703 0x1D702,D4 6D,44 46,0x1D360 0x1D360,0x28 0x28,0x05C 0x05D,fce4d6
0x9EDE 0x9EDF 0x9EE0 0x9EE1 0x9EE2,978,제어,,,0x9EDE~0x9EE2,0 1 2 3 4,C0 18 80 28 12,12 00 23 21 00,0x1D701 0x1D700 0x1D6FF 0x1D6FE 0x1D6FD,F6 4F B8 61 4C,48 37 5B 5A 3A,0x1D360 0x1D360 0x1D360 0x1D360 0x1D360,0x28 0x28 0x28 0x28 0x28,0x05E 0x05F 0x060 0x061 0x062,fce4d6
0x9EE3 0x9EE4 0x9EE5,979,제어,,,0x9EE3~0x9EE5,0 1 2,00 23 00,19 00 7D,0x1D6FC 0x1D6FB 0x1D6FA,3B 5F 3D,54 3C BA,0x1D360 0x1D360 0x1D360,0x28 0x28 0x28,0x063 0x064 0x065,fce4d6
0x9EE6 0x9EE7,980,제어,,,0x9EE6~0x9EE7,0 1,60 12,15 00,0x1D6F9 0x1D6F8,9E 51,53 3F,0x1D360 0x1D360,0x28 0x28,0x066 0x067,fce4d6
0x9EE8 0x9EE9,981,제어,,,0x9EE8~0x9EE9,0 1,60 12,17 00,0x1D6F7 0x1D6F6,A0 53,57 41,0x1D360 0x1D360,0x28 0x28,0x068 0x069,fce4d6
0x9EEA 0x9EEB 0x9EEC,982,제어,,,0x9EEA~0x9EEC,0 1 2,60 12 12,1A 00 04,0x1D6F5 0x1D6F4 0x1D6F3,A2 55 56,5C 43 48,0x1D360 0x1D360 0x1D360,0x28 0x28 0x28,0x06A 0x06B 0x06C,fce4d6
0x9EED 0x9EEE,983,제어,,,0x9EED~0x9EEE,0 1,00 20,16 00,0x1D6F2 0x1D6F1,45 66,5B 46,0x1D360 0x1D360,0x28 0x28,0x06D 0x06E,fce4d6
0x9EEF 0x9EF0,984,제어,,,0x9EEF~0x9EF0,0 1,50 A0,10 11,0x1D6F0 0x1D6EF,97 E8,57 59,0x1D360 0x1D360,0x28 0x28,0x06F 0x070,fce4d6
0x9EF1 0x9EF2 0x9EF3 0x9EF4 0x9EF5,985,제어,,,0x9EF1~0x9EF5,0 1 2 3 4,F0 18 A0 28 30,12 00 23 21 00,0x1D6EE 0x1D6ED 0x1D6EC 0x1D6EB 0x1D6EA,39 62 EB 74 7D,5B 4A 6E 6D 4D,0x1D360 0x1D360 0x1D360 0x1D360 0x1D360,0x28 0x28 0x28 0x28 0x28,0x071 0x072 0x073 0x074 0x075,fce4d6
0x9EF6 0x9EF7,986,문자,820,우,0x9EF6~0x9EF7,0 1,28 60,F0 CD,0x1D6E9 0x1D6E8,76 AF,3E 1C,0x1D360 0x1D360,0x28 0x28,0x076 0x077,e9ae2b
0x9EF8 0x9EF9,987,문자,821,는,0x9EF8~0x9EF9,0 1,28 80,E0 25,0x1D6E7 0x1D6E6,78 D1,30 76,0x1D360 0x1D360,0x28 0x28,0x078 0x079,e9ae2b
0x9EFA 0x9EFB,988,문자,822,␠,0x9EFA~0x9EFB,0 1,DA F0,18 12,0x1D6E5 0x1D6E4,2C 43,6A 65,0x1D360 0x1D360,0x28 0x28,0x07A 0x07B,e2f0d9
0x9EFC 0x9EFD,989,문자,823,거,0x9EFC~0x9EFD,0 1,19 F0,90 1D,0x1D6E3 0x1D6E2,6D 45,E4 72,0x1D360 0x1D360,0x28 0x28,0x07C 0x07D,e9ae2b
0x9EFE 0x9EFF,990,문자,824,야,0x9EFE~0x9EFF,0 1,38 60,00 6C,0x1D6E1 0x1D6E0,8E B7,56 C3,0x1D360 0x1D360,0x28 0x28,0x07E 0x07F,e9ae2b
0x9F01 0x9F02 0x9F03 0x9F04,991,제어,,,0x9F00~0x9F04,1 2 3 4,60 12 60 12,00 23 21 00,0x1D6DE 0x1D6DD 0x1D6DC 0x1D6DB,B9 6C BB 6E,59 7D 7C 5C,0x1D360 0x1D360 0x1D360 0x1D360,0x28 0x28 0x28 0x28,0x081 0x082 0x083 0x084,fce4d6
0x9F05 0x9F06,992,문자,825,・,0x9F05~0x9F06,0 1,12 00,60 12,0x1D6DA 0x1D6D9,6F 5E,BD 70,0x1D360 0x1D360,0x28 0x28,0x085 0x086,e2f0d9
0x9F07 0x9F08,993,문자,826,・,0x9F07~0x9F08,0 1,23 00,60 12,0x1D6D8 0x1D6D7,82 60,BF 72,0x1D360 0x1D360,0x28 0x28,0x087 0x088,e2f0d9
0x9F09 0x9F0A,994,문자,827,？,0x9F09~0x9F0A,0 1,20 38,90 12,0x1D6D6 0x1D6D5,81 9A,F1 74,0x1D360 0x1D360,0x28 0x28,0x089 0x08A,e2f0d9
0x9F0B 0x9F0C,995,문자,828,␠,0x9F0B~0x9F0C,0 1,60 18,18 12,0x1D6D4 0x1D6D3,C3 7C,7B 76,0x1D360 0x1D360,0x28 0x28,0x08B 0x08C,e2f0d9
0x9F0D 0x9F0E,996,문자,829,나,0x9F0D~0x9F0E,0 1,60 12,B0 24,0x1D6D2 0x1D6D1,C5 78,15 8A,0x1D360 0x1D360,0x28 0x28,0x08D 0x08E,e9ae2b
0x9F0F,997,문자,830,␠,0x9F0F~0x9F10,0,60,18,0x1D6D0,C7,7F,0x1D360,0x28,0x08F,e2f0d9
0x9F11 0x9F12,998,문자,831,때,0x9F11~0x9F12,0 1,60 12,80 30,0x1D6CE 0x1D6CD,C9 7C,E9 9A,0x1D360 0x1D360,0x28 0x28,0x091 0x092,e9ae2b
0x9F13 0x9F14,999,문자,832,문,0x9F13~0x9F14,0 1,12 00,B0 37,0x1D6CC 0x1D6CB,7D 6C,1B A3,0x1D360 0x1D360,0x28 0x28,0x093 0x094,e9ae2b
0x9F15 0x9F16,1000,문자,833,에,0x9F15~0x9F16,0 1,20 80,40 9F,0x1D6CA 0x1D6C9,8D EE,AD 0D,0x1D360 0x1D360,0x28 0x28,0x095 0x096,e9ae2b
0x9F17 0x9F18,1001,문자,834,？,0x9F17~0x9F18,0 1,38 F0,90 12,0x1D6C8 0x1D6C7,A7 60,FF 82,0x1D360 0x1D360,0x28 0x28,0x097 0x098,e2f0d9
0x9F1A,1002,문자,835,␠,0x9F19~0x9F1A,1,20,12,0x1D6C5,92,84,0x1D360,0x28,0x09A,e2f0d9
0x9F1B 0x9F1C,1003,문자,836,・,0x9F1B~0x9F1C,0 1,12 B0,60 12,0x1D6C4 0x1D6C3,85 24,D3 86,0x1D360 0x1D360,0x28 0x28,0x09B 0x09C,e2f0d9
0x9F1D 0x9F1E,1004,문자,837,・,0x9F1D~0x9F1E,0 1,70 80,60 12,0x1D6C2 0x1D6C1,E5 F6,D5 88,0x1D360 0x1D360,0x28 0x28,0x09D 0x09E,e2f0d9
0x9F1F 0x9F20,1005,문자,838,・,0x9F1F~0x9F20,0 1,18 A0,60 12,0x1D6C0 0x1D6BF,8F 18,D7 8A,0x1D360 0x1D360,0x28 0x28,0x09F 0x0A0,e2f0d9
0x9F21 0x9F22,1006,문자,839,그,0x9F21~0x9F22,0 1,28 40,50 21,0x1D6BE 0x1D6BD,A1 BA,C9 9B,0x1D360 0x1D360,0x28 0x28,0x0A1 0x0A2,e9ae2b
0x9F23 0x9F24,1007,문자,840,럼,0x9F23~0x9F24,0 1,18 60,70 31,0x1D6BC 0x1D6BB,93 DC,EB AD,0x1D360 0x1D360,0x28 0x28,0x0A3 0x0A4,e9ae2b
0x9F25 0x9F26,1008,문자,841,・,0x9F25~0x9F26,0 1,12 60,60 12,0x1D6BA 0x1D6B9,8F DE,DD 90,0x1D360 0x1D360,0x28 0x28,0x0A5 0x0A6,e2f0d9
0x9F27 0x9F28,1009,문자,842,・,0x9F27~0x9F28,0 1,12 60,60 12,0x1D6B8 0x1D6B7,91 E0,DF 92,0x1D360 0x1D360,0x28 0x28,0x0A7 0x0A8,e2f0d9
0x9F2A 0x9F2B 0x9F2C,1010,제어,,,0x9F29~0x9F2C,1 2 3,50 19 80,00 23 00,0x1D6B5 0x1D6B4 0x1D6B3,D2 9C 04,82 A6 84,0x1D360 0x1D360 0x1D360,0x28 0x28 0x28,0x0AA 0x0AB 0x0AC,fce4d6
0x9F2D 0x9F2E,1011,문자,843,・,0x9F2D~0x9F2E,0 1,38 60,60 12,0x1D6B2 0x1D6B1,BD E6,E5 98,0x1D360 0x1D360,0x28 0x28,0x0AD 0x0AE,e2f0d9
0x9F30,1012,문자,844,␠,0x9F2F~0x9F30,1,A0,12,0x1D6AF,28,9A,0x1D360,0x28,0x0B0,e2f0d9
0x9F31 0x9F32,1013,문자,845,정,0x9F31~0x9F32,0 1,28 90,F0 DF,0x1D6AE 0x1D6AD,B1 1A,79 69,0x1D360 0x1D360,0x28 0x28,0x0B1 0x0B2,e9ae2b
0x9F33 0x9F34,1014,문자,846,말,0x9F33~0x9F34,0 1,38 60,F0 34,0x1D6AC 0x1D6AB,C3 EC,7B C0,0x1D360 0x1D360,0x28 0x28,0x0B3 0x0B4,e9ae2b
0x9F35 0x9F36,1015,문자,847,␠,0x9F35~0x9F36,0 1,12 60,18 12,0x1D6AA 0x1D6A9,9F EE,A5 A0,0x1D360 0x1D360,0x28 0x28,0x0B5 0x0B6,e2f0d9
0x9F37 0x9F38,1016,문자,848,너,0x9F37~0x9F38,0 1,12 60,50 25,0x1D6A8 0x1D6A7,A1 F0,DF B5,0x1D360 0x1D360,0x28 0x28,0x0B7 0x0B8,e9ae2b
0x9F39 0x9F3A,1017,문자,849,와,0x9F39~0x9F3A,0 1,12 12,E0 9F,0x1D6A6 0x1D6A5,A3 A4,71 31,0x1D360 0x1D360,0x28 0x28,0x0B9 0x0BA,e9ae2b
0x9F3B 0x9F3C,1018,문자,850,␠,0x9F3B~0x9F3C,0 1,00 23,18 12,0x1D6A4 0x1D6A3,93 B7,AB A6,0x1D360 0x1D360,0x28 0x28,0x0BB 0x0BC,e2f0d9
0x9F3D 0x9F3E,1019,문자,851,친,0x9F3D~0x9F3E,0 1,00 58,B0 E1,0x1D6A2 0x1D6A1,95 EE,45 77,0x1D360 0x1D360,0x28 0x28,0x0BD 0x0BE,e9ae2b
0x9F3F 0x9F40,1020,문자,852,구,0x9F3F~0x9F40,0 1,5A 28,00 21,0x1D6A0 0x1D69F,F1 C0,97 B9,0x1D360 0x1D360,0x28 0x28,0x0BF 0x0C0,e9ae2b
0x9F41 0x9F42,1021,문자,853,가,0x9F41~0x9F42,0 1,B7 60,A0 17,0x1D69E 0x1D69D,50 FA,39 B1,0x1D360 0x1D360,0x28 0x28,0x0C1 0x0C2,e9ae2b
0x9F43 0x9F44,1022,문자,854,␠,0x9F43~0x9F44,0 1,12 60,18 12,0x1D69C 0x1D69B,AD FC,B3 AE,0x1D360 0x1D360,0x28 0x28,0x0C3 0x0C4,e2f0d9
0x9F45 0x9F46,1023,문자,855,된,0x9F45~0x9F46,0 1,12 60,90 2E,0x1D69A 0x1D699,AF FE,2D CC,0x1D360 0x1D360,0x28 0x28,0x0C5 0x0C6,e9ae2b
0x9F47 0x9F48,1024,문자,856,␠,0x9F47~0x9F48,0 1,12 19,18 12,0x1D698 0x1D697,B1 B9,B7 B2,0x1D360 0x1D360,0x28 0x28,0x0C7 0x0C8,e2f0d9
0x9F49 0x9F4A,1025,문자,857,걸,0x9F49~0x9F4A,0 1,00 7E,C0 1D,0x1D696 0x1D695,A1 20,61 BF,0x1D360 0x1D360,0x28 0x28,0x0C9 0x0CA,e9ae2b
0x9F4B 0x9F4C,1026,문자,858,까,0x9F4B~0x9F4C,0 1,15 00,F0 21,0x1D694 0x1D693,B8 A4,93 C5,0x1D360 0x1D360,0x28 0x28,0x0CB 0x0CC,e9ae2b
0x9F4D 0x9F4E,1027,문자,859,、,0x9F4D~0x9F4E,0 1,17 00,20 12,0x1D692 0x1D691,BC A6,C5 B8,0x1D360 0x1D360,0x28 0x28,0x0CD 0x0CE,e2f0d9
0x9F4F 0x9F51 0x9F52,1028,제어,,,0x9F4F~0x9F52,0 2 3,1A 04 16,12 21 00,0x1D690 0x1D68E 0x1D68D,C1 AD C0,B9 CA AA,0x1D360 0x1D360 0x1D360,0x28 0x28 0x28,0x0CF 0x0D1 0x0D2,fce4d6
0x9F53 0x9F54,1029,문자,860,나,0x9F53~0x9F54,0 1,00 12,B0 24,0x1D68C 0x1D68B,AB BE,5B D0,0x1D360 0x1D360,0x28 0x28,0x0D3 0x0D4,e9ae2b
0x9F55 0x9F56,1030,문자,861,・,0x9F55~0x9F56,0 1,00 23,60 12,0x1D68A 0x1D689,AD D1,0D C0,0x1D360 0x1D360,0x28 0x28,0x0D5 0x0D6,e2f0d9
0x9F57 0x9F58,1031,문자,862,・,0x9F57~0x9F58,0 1,21 00,60 12,0x1D688 0x1D687,D0 B0,0F C2,0x1D360 0x1D360,0x28 0x28,0x0D7 0x0D8,e2f0d9
0x9F59 0x9F5A,1032,문자,863,・,0x9F59~0x9F5A,0 1,F1 DC,60 12,0x1D686 0x1D685,A2 8E,11 C4,0x1D360 0x1D360,0x28 0x28,0x0D9 0x0DA,e2f0d9
0x9F5B 0x9F5C 0x9F5D,1033,제어,,,0x9F5B~0x9F5D,0 1 2,34 31 00,19 00 7E,0x1D684 0x1D683 0x1D682,E7 E5 B5,CC B4 33,0x1D360 0x1D360 0x1D360,0x28 0x28 0x28,0x0DB 0x0DC 0x0DD,fce4d6
0x9F5E 0x9F5F,1034,제어,,,0x9F5E~0x9F5F,0 1,21 B7,15 00,0x1D681 0x1D680,D7 6E,CB B7,0x1D360 0x1D360,0x28 0x28,0x0DE 0x0DF,fce4d6
0x9F60 0x9F61,1035,제어,,,0x9F60~0x9F61,0 1,34 31,17 00,0x1D67F 0x1D67E,EC EA,CF B9,0x1D360 0x1D360,0x28 0x28,0x0E0 0x0E1,fce4d6
0x9F62 0x9F63 0x9F64,1036,제어,,,0x9F62~0x9F64,0 1 2,00 A0 12,1A 00 04,0x1D67D 0x1D67C 0x1D67B,BA 5B CE,D4 BB C0,0x1D360 0x1D360 0x1D360,0x28 0x28 0x28,0x0E2 0x0E3 0x0E4,fce4d6
0x9F65 0x9F66,1037,제어,,,0x9F65~0x9F66,0 1,60 12,16 00,0x1D67A 0x1D679,1D D0,D3 BE,0x1D360 0x1D360,0x28 0x28,0x0E5 0x0E6,fce4d6
0x9F67 0x9F68,1038,문자,864,응,0x9F67~0x9F68,0 1,12 00,70 DE,0x1D678 0x1D677,D1 C0,2F 9E,0x1D360 0x1D360,0x28 0x28,0x0E7 0x0E8,e9ae2b
0x9F69 0x9F6A,1039,문자,865,・,0x9F69~0x9F6A,0 1,23 21,60 12,0x1D676 0x1D675,E4 E3,21 D4,0x1D360 0x1D360,0x28 0x28,0x0E9 0x0EA,e2f0d9
0x9F6B 0x9F6C,1040,문자,866,・,0x9F6B~0x9F6C,0 1,00 60,60 12,0x1D674 0x1D673,C3 24,23 D6,0x1D360 0x1D360,0x28 0x28,0x0EB 0x0EC,e2f0d9
0x9F6E 0x9F6F 0x9F70,1041,제어,,,0x9F6D~0x9F70,1 2 3,12 00 23,00 23 00,0x1D671 0x1D670 0x1D66F,D8 C7 EB,C6 EA C8,0x1D360 0x1D360 0x1D360,0x28 0x28 0x28,0x0EE 0x0EF 0x0F0,fce4d6
0x9F71 0x9F72,1042,문자,867,・,0x9F71~0x9F72,0 1,21 00,60 12,0x1D66E 0x1D66D,EA CA,29 DC,0x1D360 0x1D360,0x28 0x28,0x0F1 0x0F2,e2f0d9
0x9F73,1043,문자,868,␠,0x9F73~0x9F74,0,60,18,0x1D66C,2B,E3,0x1D360,0x28,0x0F3,e2f0d9
0x9F75 0x9F76,1044,문자,869,그,0x9F75~0x9F76,0 1,F1 DC,50 21,0x1D66A 0x1D669,BE AA,1D EF,0x1D360 0x1D360,0x28 0x28,0x0F5 0x0F6,e9ae2b
0x9F77 0x9F78,1045,문자,870,래,0x9F77~0x9F78,0 1,34 35,30 31,0x1D668 0x1D667,03 05,FF 01,0x1D360 0x1D360,0x28 0x28,0x0F7 0x0F8,e9ae2b
0x9F79 0x9F7A,1046,문자,871,・,0x9F79~0x9F7A,0 1,00 60,60 12,0x1D666 0x1D665,D1 32,31 E4,0x1D360 0x1D360,0x28 0x28,0x0F9 0x0FA,e2f0d9
0x9F7B 0x9F7C,1047,문자,872,・,0x9F7B~0x9F7C,0 1,12 60,60 12,0x1D664 0x1D663,E5 34,33 E6,0x1D360 0x1D360,0x28 0x28,0x0FB 0x0FC,e2f0d9
0x9F7D 0x9F7E,1048,문자,873,・,0x9F7D~0x9F7E,0 1,12 60,60 12,0x1D662 0x1D661,E7 36,35 E8,0x1D360 0x1D360,0x28 0x28,0x0FD 0x0FE,e2f0d9
0x9F7F 0x9F80,1049,문자,874,!,0x9F7F~0x9F80,0 1,12 A0,A0 12,0x1D660 0x1D65F,EA 79,78 EB,0x1D360 0x1D360,0x28 0x28,0x0FF 0x100,e2f0d9
0x9F82 0x9F83 0x9F84,1050,제어,,,0x9F81~0x9F84,1 2 3,12 00 12,00 21 00,0x1D65D 0x1D65C 0x1D65B,ED DC EF,DB FD DD,0x1D360 0x1D360 0x1D360,0x28 0x28 0x28,0x102 0x103 0x104,fce4d6
0x9F85 0x9F86 0x9F87,1051,제어,,,0x9F85~0x9F87,0 1 2,50 60 12,19 00 7D,0x1D65A 0x1D659 0x1D658,2E 3F F2,F7 DF 5D,0x1D360 0x1D360 0x1D360,0x28 0x28 0x28,0x105 0x106 0x107,fce4d6
0x9F88 0x9F89,1052,제어,,,0x9F88~0x9F89,0 1,60 12,15 00,0x1D657 0x1D656,41 F4,F6 E2,0x1D360 0x1D360,0x28 0x28,0x108 0x109,fce4d6
0x9F8A 0x9F8B,1053,제어,,,0x9F8A~0x9F8B,0 1,60 12,17 00,0x1D655 0x1D654,43 F6,FA E4,0x1D360 0x1D360,0x28 0x28,0x10A 0x10B,fce4d6
0x9F8C 0x9F8E,1054,제어,,,0x9F8C~0x9F8E,0 2,15 98,1A 04,0x1D653 0x1D651,FA 7F,FF EB,0x1D360 0x1D360,0x28 0x28,0x10C 0x10E,fce4d6
0x9F8F 0x9F90,1055,제어,,,0x9F8F~0x9F90,0 1,28 68,16 00,0x1D650 0x1D64F,10 51,FE E9,0x1D360 0x1D360,0x28 0x28,0x10F 0x110,fce4d6
0x9F91 0x9F92 0x9F93,1056,제어,,,0x9F91~0x9F93,0 1 2,18 78 19,1B 00 80,0x1D64E 0x1D64D 0x1D64C,02 63 05,05 EB 6C,0x1D360 0x1D360 0x1D360,0x28 0x28 0x28,0x111 0x112 0x113,fce4d6
0x9F94 0x9F95,1057,제어,,,0x9F94~0x9F95,0 1,68 28,10 11,0x1D64B 0x1D64A,55 16,FD FF,0x1D360 0x1D360,0x28 0x28,0x114 0x115,fce4d6
0x9F96 0x9F97,1058,제어,,,0x9F96~0x9F97,0 1,60 12,10 11,0x1D649 0x1D648,4F 02,FF 01,0x1D360 0x1D360,0x28 0x28,0x116 0x117,fce4d6
0x9F98 0x9F99 0x9F9A 0x9F9B,1059,제어,,,0x9F98~0x9F9B,0 1 2 3,60 12 60 12,12 00 23 00,0x1D647 0x1D646 0x1D645 0x1D644,51 04 53 06,03 F2 16 F4,0x1D360 0x1D360 0x1D360 0x1D360,0x28 0x28 0x28 0x28,0x118 0x119 0x11A 0x11B,fce4d6
0x9F9C 0x9F9D,1060,문자,875,고,0x9F9C~0x9F9D,0 1,28 18,80 20,0x1D643 0x1D642,1D 0E,75 16,0x1D360 0x1D360,0x28 0x28,0x11C 0x11D,e9ae2b
0x9F9E 0x9F9F,1061,문자,876,마,0x9F9E~0x9F9F,0 1,A8 28,B0 34,0x1D641 0x1D640,9F 20,A7 2C,0x1D360 0x1D360,0x28 0x28,0x11E 0x11F,e9ae2b
0x9FA0 0x9FA1,1062,문자,877,워,0x9FA0~0x9FA1,0 1,F8 19,F0 D7,0x1D63F 0x1D63E,F1 13,E9 D1,0x1D360 0x1D360,0x28 0x28,0x120 0x121,e9ae2b
0x9FA2 0x9FA3 0x9FA4 0x9FA5,1063,제어,,,0x9FA2~0x9FA5,0 1 2 3,C8 18 08 F6,12 00 23 00,0x1D63D 0x1D63C 0x1D63B 0x1D63A,C3 14 05 F4,0D FC 20 FE,0x1D360 0x1D360 0x1D360 0x1D360,0x28 0x28 0x28 0x28,0x122 0x123 0x124 0x125,fce4d6
0x9FA6 0x9FA7,1064,문자,878,・,0x9FA6~0x9FA7,0 1,C8 28,60 12,0x1D639 0x1D638,C7 28,5F 12,0x1D360 0x1D360,0x28 0x28,0x126 0x127,e2f0d9
0x9FA8 0x9FA9,1065,문자,879,・,0x9FA8~0x9FA9,0 1,D8 DB,60 12,0x1D637 0x1D636,D9 DD,61 14,0x1D360 0x1D360,0x28 0x28,0x128 0x129,e2f0d9
0x9FAA 0x9FAB,1066,문자,880,・,0x9FAA~0x9FAB,0 1,38 5B,60 12,0x1D635 0x1D634,3B 5F,63 16,0x1D360 0x1D360,0x28 0x28,0x12A 0x12B,e2f0d9
0x9FAC 0x9FAD 0x9FAE,1067,제어,,,0x9FAC~0x9FAE,0 1 2,A8 28 38,12 00 20,0x1D633 0x1D632 0x1D631,AD 2E 3F,17 06 27,0x1D360 0x1D360 0x1D360,0x28 0x28 0x28,0x12C 0x12D 0x12E,fce4d6
0x9FAF 0x9FB0,1068,문자,881,␠,0x9FAF~0x9FB0,0 1,39 68,18 12,0x1D630 0x1D62F,41 71,20 1B,0x1D360 0x1D360,0x28 0x28,0x12F 0x130,e2f0d9
0x9FB1 0x9FB2,1069,문자,882,점,0x9FB1~0x9FB2,0 1,28 60,D0 DF,0x1D62E 0x1D62D,32 6B,DA EA,0x1D360 0x1D360,0x28 0x28,0x131 0x132,e9ae2b
0x9FB3 0x9FB4,1070,문자,883,점,0x9FB3~0x9FB4,0 1,12 60,D0 DF,0x1D62C 0x1D62B,1E 6D,DC EC,0x1D360 0x1D360,0x28 0x28,0x133 0x134,e9ae2b
0x9FB5 0x9FB6,1071,문자,884,␠,0x9FB5~0x9FB6,0 1,12 60,18 12,0x1D62A 0x1D629,20 6F,26 21,0x1D360 0x1D360,0x28 0x28,0x135 0x136,e2f0d9
0x9FB7 0x9FB8,1072,문자,885,어,0x9FB7~0x9FB8,0 1,12 A8,00 70,0x1D628 0x1D627,22 B9,10 81,0x1D360 0x1D360,0x28 0x28,0x137 0x138,e9ae2b
0x9FB9 0x9FBA,1073,문자,886,두,0x9FB9~0x9FBA,0 1,28 48,B0 2E,0x1D626 0x1D625,3A 5B,C2 41,0x1D360 0x1D360,0x28 0x28,0x139 0x13A,e9ae2b
0x9FBB 0x9FBC,1074,문자,887,워,0x9FBB~0x9FBC,0 1,18 E8,F0 D7,0x1D624 0x1D623,2C FD,04 EC,0x1D360 0x1D360,0x28 0x28,0x13B 0x13C,e9ae2b
0x9FBD 0x9FBE,1075,문자,888,져,0x9FBD~0x9FBE,0 1,28 B8,F0 E7,0x1D622 0x1D621,3E CF,06 FE,0x1D360 0x1D360,0x28 0x28,0x13D 0x13E,e9ae2b
0x9FBF 0x9FC0,1076,문자,889,・,0x9FBF~0x9FC0,0 1,28 A0,60 12,0x1D620 0x1D61F,40 B9,78 2B,0x1D360 0x1D360,0x28 0x28,0x13F 0x140,e2f0d9
0x9FC1 0x9FC2,1077,문자,890,・,0x9FC1~0x9FC2,0 1,12 15,60 12,0x1D61E 0x1D61D,2C 30,7A 2D,0x1D360 0x1D360,0x28 0x28,0x141 0x142,e2f0d9
0x9FC3 0x9FC4,1078,문자,891,・,0x9FC3~0x9FC4,0 1,00 A0,60 12,0x1D61C 0x1D61B,1C BD,7C 2F,0x1D360 0x1D360,0x28 0x28,0x143 0x144,e2f0d9
0x9FC6 0x9FC7 0x9FC8,1079,제어,,,0x9FC5~0x9FC8,1 2 3,12 00 24,00 23 00,0x1D619 0x1D618 0x1D617,31 20 45,1F 43 21,0x1D360 0x1D360 0x1D360,0x28 0x28 0x28,0x146 0x147 0x148,fce4d6
0x9FC9 0x9FCA,1080,문자,892,␠,0x9FC9~0x9FCA,0 1,00 A0,18 12,0x1D616 0x1D615,22 C3,3A 35,0x1D360 0x1D360,0x28 0x28,0x149 0x14A,e2f0d9
0x9FCB 0x9FCC,1081,문자,893,이,0x9FCB~0x9FCC,0 1,12 19,90 DE,0x1D614 0x1D613,36 3E,B4 03,0x1D360 0x1D360,0x28 0x28,0x14B 0x14C,e9ae2b
0x9FCD 0x9FCE,1082,문자,894,제,0x9FCD~0x9FCE,0 1,00 68,F0 E3,0x1D612 0x1D611,26 8F,16 0A,0x1D360 0x1D360,0x28 0x28,0x14D 0x14E,e9ae2b
0x9FCF 0x9FD0,1083,문자,895,・,0x9FCF~0x9FD0,0 1,15 00,60 12,0x1D610 0x1D60F,3D 29,88 3B,0x1D360 0x1D360,0x28 0x28,0x14F 0x150,e2f0d9
0x9FD1 0x9FD2,1084,문자,896,・,0x9FD1~0x9FD2,0 1,17 00,60 12,0x1D60E 0x1D60D,41 2B,8A 3D,0x1D360 0x1D360,0x28 0x28,0x151 0x152,e2f0d9
0x9FD3 0x9FD4,1085,문자,897,・,0x9FD3~0x9FD4,0 1,1A 00,60 12,0x1D60C 0x1D60B,46 2D,8C 3F,0x1D360 0x1D360,0x28 0x28,0x153 0x154,e2f0d9
0x9FD5 0x9FD6 0x9FD7,1086,제어,,,0x9FD5~0x9FD7,0 1 2,03 16 00,12 00 20,0x1D60A 0x1D609 0x1D608,31 45 30,40 2F 50,0x1D360 0x1D360 0x1D360,0x28 0x28 0x28,0x155 0x156 0x157,fce4d6
0x9FD8 0x9FD9,1087,문자,898,␠,0x9FD8~0x9FD9,0 1,58 2B,18 12,0x1D607 0x1D606,89 5D,49 44,0x1D360 0x1D360,0x28 0x28,0x158 0x159,e2f0d9
0x9FDA 0x9FDB,1088,문자,899,잘,0x9FDA~0x9FDB,0 1,F8 2A,40 DF,0x1D605 0x1D604,2B 5E,73 13,0x1D360 0x1D360,0x28 0x28,0x15A 0x15B,e9ae2b
0x9FDC 0x9FDD,1089,문자,900,、,0x9FDC~0x9FDD,0 1,F8 2A,20 12,0x1D603 0x1D602,2D 60,55 48,0x1D360 0x1D360,0x28 0x28,0x15C 0x15D,e2f0d9
0x9FDE 0x9FDF,1090,문자,901,안,0x9FDE~0x9FDF,0 1,F8 2A,00 5A,0x1D601 0x1D600,2F 62,37 92,0x1D360 0x1D360,0x28 0x28,0x15E 0x15F,e9ae2b
0x9FE0 0x9FE1,1091,문자,902,␠,0x9FE0~0x9FE1,0 1,F8 2A,18 12,0x1D5FF 0x1D5FE,31 64,51 4C,0x1D360 0x1D360,0x28 0x28,0x160 0x161,e2f0d9
0x9FE2 0x9FE3,1092,문자,903,보,0x9FE2~0x9FE3,0 1,F8 2A,B0 3B,0x1D5FD 0x1D5FC,33 66,EB 77,0x1D360 0x1D360,0x28 0x28,0x162 0x163,e9ae2b
0x9FE4 0x9FE5,1093,문자,904,여,0x9FE4~0x9FE5,0 1,60 12,50 9F,0x1D5FB 0x1D5FA,9D 50,8D DD,0x1D360 0x1D360,0x28 0x28,0x164 0x165,e9ae2b
0x9FEA 0x9FEB,1096,문자,907,・,0x9FEA~0x9FEB,0 1,28 ED,60 12,0x1D5F5 0x1D5F4,6B 31,A3 56,0x1D360 0x1D360,0x28 0x28,0x16A 0x16B,e2f0d9
0x9FEC 0x9FED,1097,문자,908,␠,0x9FEC~0x9FED,0 1,B8 18,18 12,0x1D5F3 0x1D5F2,FD 5E,5D 58,0x1D360 0x1D360,0x28 0x28,0x16C 0x16D,e2f0d9
0x9FEE 0x9FEF,1098,문자,909,잘,0x9FEE~0x9FEF,0 1,48 B9,40 DF,0x1D5F1 0x1D5F0,8F 01,87 27,0x1D360 0x1D360,0x28 0x28,0x16E 0x16F,e9ae2b
0x9FF1,1099,문자,910,␠,0x9FF0~0x9FF1,1,38,12,0x1D5EE,82,5C,0x1D360,0x28,0x171,e2f0d9
0x9FF2 0x9FF3,1100,문자,911,있,0x9FF2~0x9FF3,0 1,C8 18,F0 DE,0x1D5ED 0x1D5EC,13 64,3B 2A,0x1D360 0x1D360,0x28 0x28,0x172 0x173,e9ae2b
0x9FF4 0x9FF5,1101,문자,912,어,0x9FF4~0x9FF5,0 1,20 12,00 70,0x1D5EB 0x1D5EA,6D 60,4D BE,0x1D360 0x1D360,0x28 0x28,0x174 0x175,e9ae2b
0x9FF6 0x9FF7,1102,문자,913,・,0x9FF6~0x9FF7,0 1,08 FD,60 12,0x1D5E9 0x1D5E8,57 4D,AF 62,0x1D360 0x1D360,0x28 0x28,0x176 0x177,e2f0d9
0x9FF8 0x9FF9,1103,문자,914,・,0x9FF8~0x9FF9,0 1,B8 28,60 12,0x1D5E7 0x1D5E6,09 7A,B1 64,0x1D360 0x1D360,0x28 0x28,0x178 0x179,e2f0d9
0x9FFA 0x9FFB,1104,문자,915,・,0x9FFA~0x9FFB,0 1,A8 28,60 12,0x1D5E5 0x1D5E4,FB 7C,B3 66,0x1D360 0x1D360,0x28 0x28,0x17A 0x17B,e2f0d9
0x9FFC 0x9FFD 0x9FFE 0x9FFF,1105,제어,,,0x9FFC~0x9FFF,0 1 2 3,98 28 E8 5C,12 00 23 00,0x1D5E3 0x1D5E2 0x1D5E1 0x1D5E0,ED 7E 3F B4,67 56 7A 58,0x1D360 0x1D360 0x1D360 0x1D360,0x28 0x28 0x28 0x28,0x17C 0x17D 0x17E 0x17F,fce4d6
0xA000 0xA001,1106,문자,916,␠,0xA000~0xA001,0 1,58 19,18 12,0x1D5DF 0x1D5DE,B1 73,71 6C,0x1D360 0x1D360,0x28 0x28,0x180 0x181,e2f0d9
0xA002 0xA003,1107,문자,917,유,0xA002~0xA003,0 1,C8 38,20 DE,0x1D5DD 0x1D5DC,23 94,7B 3A,0x1D360 0x1D360,0x28 0x28,0x182 0x183,e9ae2b
0xA004 0xA005,1108,문자,918,코,0xA004~0xA005,0 1,A8 18,10 E2,0x1D5DB 0x1D5DA,05 76,6D 40,0x1D360 0x1D360,0x28 0x28,0x184 0x185,e9ae2b
0xA006 0xA007,1109,문자,919,・,0xA006~0xA007,0 1,38 28,60 12,0x1D5D9 0x1D5D8,97 88,BF 72,0x1D360 0x1D360,0x28 0x28,0x186 0x187,e2f0d9
0xA008 0xA009,1110,문자,920,・,0xA008~0xA009,0 1,68 28,60 12,0x1D5D7 0x1D5D6,C9 8A,C1 74,0x1D360 0x1D360,0x28 0x28,0x188 0x189,e2f0d9
0xA00A,1111,문자,921,・,0xA00A~0xA00B,0,20,60,0x1D5D5,83,C3,0x1D360,0x28,0x18A,e2f0d9
0xA00C 0xA00D 0xA00E,1112,제어,,,0xA00C~0xA00E,0 1 2,E8 51 C8,19 00 7E,0x1D5D3 0x1D5D2 0x1D5D1,4D B7 2F,7E 66 E5,0x1D360 0x1D360 0x1D360,0x28 0x28 0x28,0x18C 0x18D 0x18E,fce4d6
0xA00F 0xA010,1113,제어,,,0xA00F~0xA010,0 1,47 B8,15 00,0x1D5D0 0x1D5CF,AF 21,7D 69,0x1D360 0x1D360,0x28 0x28,0x18F 0x190,fce4d6
0xA011 0xA012,1114,제어,,,0xA011~0xA012,0 1,28 48,17 00,0x1D5CE 0x1D5CD,92 B3,81 6B,0x1D360 0x1D360,0x28 0x28,0x191 0x192,fce4d6
0xA013 0xA014 0xA015,1115,제어,,,0xA013~0xA015,0 1 2,3B 18 1A,1A 00 04,0x1D5CC 0x1D5CB 0x1D5CA,A7 85 88,86 6D 72,0x1D360 0x1D360 0x1D360,0x28 0x28 0x28,0x193 0x194 0x195,fce4d6
0xA016 0xA017,1116,제어,,,0xA016~0xA017,0 1,B8 2A,16 00,0x1D5C9 0x1D5C8,27 9A,85 70,0x1D360 0x1D360,0x28 0x28,0x196 0x197,fce4d6
0xA018 0xA019 0xA01A 0xA01B 0xA01C,1117,제어,,,0xA018~0xA01C,0 1 2 3 4,68 2A 38 1A E8,12 00 23 21 00,0x1D5C7 0x1D5C6 0x1D5C5 0x1D5C4 0x1D5C3,D9 9C AB 8E 5D,83 72 96 95 75,0x1D360 0x1D360 0x1D360 0x1D360 0x1D360,0x28 0x28 0x28 0x28 0x28,0x198 0x199 0x19A 0x19B 0x19C,fce4d6
0xA01D 0xA01E 0xA01F 0xA020 0xA021,1118,문자,922,레,0xA01D~0xA021,0 1 2 3 4,28 48 7F A8 28,A1 31 34 31 00,0x1D5C2 0x1D5C1 0x1D5C0 0x1D5BF 0x1D5BE,9E BF F7 21 A2,17 A8 AC AA 7A,0x1D360 0x1D360 0x1D360 0x1D360 0x1D360,0x28 0x28 0x28 0x28 0x28,0x19D 0x19E 0x19F 0x1A0 0x1A1,c75252
0xA022 0xA023 0xA024 0xA025 0xA026,1119,문자,923,이,0xA022~0xA026,0 1 2 3 4,E8 19 D8 F7 48,91 DE 34 31 00,0x1D5BD 0x1D5BC 0x1D5BB 0x1D5BA 0x1D5B9,63 95 55 75 C7,0C 5A B1 AF 7F,0x1D360 0x1D360 0x1D360 0x1D360 0x1D360,0x28 0x28 0x28 0x28 0x28,0x1A2 0x1A3 0x1A4 0x1A5 0x1A6,c75252
0xA027 0xA028 0xA029 0xA02A 0xA02B,1120,문자,924,코,0xA027~0xA02B,0 1 2 3 4,28 B8 18 98 38,11 E2 34 31 00,0x1D5B8 0x1D5B7 0x1D5B6 0x1D5B5 0x1D5B4,A8 39 9A 1B BC,91 63 B6 B4 84,0x1D360 0x1D360 0x1D360 0x1D360 0x1D360,0x28 0x28 0x28 0x28 0x28,0x1A7 0x1A8 0x1A9 0x1AA 0x1AB,c75252
0xA02C 0xA02D,1121,문자,925,！,0xA02C~0xA02D,0 1,08 28,A0 12,0x1D5B3 0x1D5B2,8D AE,25 98,0x1D360 0x1D360,0x28 0x28,0x1AC 0x1AD,e2f0d9
0xA02E,1122,문자,926,␠,0xA02E~0xA02F,0,60,18,0x1D5B1,E7,9F,0x1D360,0x28,0x1AE,e2f0d9
0xA032 0xA033 0xA034 0xA035 0xA036,1124,제어,,,0xA032~0xA036,0 1 2 3 4,60 12 15 00 E8,12 00 23 21 00,0x1D5AD 0x1D5AC 0x1D5AB 0x1D5AA 0x1D5A9,EB 9E A2 8E 77,9D 8C B0 AF 8F,0x1D360 0x1D360 0x1D360 0x1D360 0x1D360,0x28 0x28 0x28 0x28 0x28,0x1B2 0x1B3 0x1B4 0x1B5 0x1B6,fce4d6
0xA037 0xA038,1125,문자,928,・,0xA037~0xA038,0 1,29 18,60 12,0x1D5A8 0x1D5A7,B9 A9,F0 A3,0x1D360 0x1D360,0x28 0x28,0x1B7 0x1B8,e2f0d9
0xA039 0xA03A 0xA03B 0xA03C 0xA03D,1126,제어,,,0xA039~0xA03D,0 1 2 3 4,18 88 38 48 18,12 00 23 21 00,0x1D5A6 0x1D5A5 0x1D5A4 0x1D5A3 0x1D5A2,AA 1B CC DD AE,A4 93 B7 B6 96,0x1D360 0x1D360 0x1D360 0x1D360 0x1D360,0x28 0x28 0x28 0x28 0x28,0x1B9 0x1BA 0x1BB 0x1BC 0x1BD,fce4d6
0xA03E,1127,문자,929,・,0xA03E~0xA03F,0,20,60,0x1D5A1,B7,F7,0x1D360,0x28,0x1BE,e2f0d9
0xA040 0xA041 0xA042 0xA043 0xA044,1128,문자,930,레,0xA040~0xA044,0 1 2 3 4,28 38 88 28 28,A1 31 34 31 00,0x1D59F 0x1D59E 0x1D59D 0x1D59C 0x1D59B,C1 D2 23 C4 C5,3A CB CF CD 9D,0x1D360 0x1D360 0x1D360 0x1D360 0x1D360,0x28 0x28 0x28 0x28 0x28,0x1C0 0x1C1 0x1C2 0x1C3 0x1C4,c75252
0xA045 0xA046 0xA047 0xA048 0xA049,1129,문자,931,이,0xA045~0xA049,0 1 2 3 4,38 88 28 D8 19,91 DE 34 35 00,0x1D59A 0x1D599 0x1D598 0x1D597 0x1D596,D6 27 C8 79 BB,2F 7D D4 D6 A2,0x1D360 0x1D360 0x1D360 0x1D360 0x1D360,0x28 0x28 0x28 0x28 0x28,0x1C5 0x1C6 0x1C7 0x1C8 0x1C9,c75252
0xA04A 0xA04B,1130,문자,932,・,0xA04A~0xA04B,0 1,38 39,60 12,0x1D595 0x1D594,DB DD,03 B6,0x1D360 0x1D360,0x28 0x28,0x1CA 0x1CB,e2f0d9
0xA04C 0xA04D,1131,문자,933,・,0xA04C~0xA04D,0 1,A8 28,60 12,0x1D593 0x1D592,4D CE,05 B8,0x1D360 0x1D360,0x28 0x28,0x1CC 0x1CD,e2f0d9
0xA04E 0xA04F,1132,문자,934,・,0xA04E~0xA04F,0 1,28 B7,60 12,0x1D591 0x1D590,CF 5F,07 BA,0x1D360 0x1D360,0x28 0x28,0x1CE 0x1CF,e2f0d9
0xA050 0xA051,1133,문자,935,！,0xA050~0xA051,0 1,C8 59,A0 12,0x1D58F 0x1D58E,71 03,49 BC,0x1D360 0x1D360,0x28 0x28,0x1D0 0x1D1,e2f0d9
0xA052 0xA053 0xA054 0xA055,1134,제어,,,0xA052~0xA055,0 1 2 3,A8 28 98 28,12 00 12 50,0x1D58D 0x1D58C 0x1D58B 0x1D58A,53 D4 45 D6,BD AC BF FE,0x1D360 0x1D360 0x1D360 0x1D360,0x28 0x28 0x28 0x28,0x1D2 0x1D3 0x1D4 0x1D5,fce4d6
0xA056,1135,문자,936,・,0xA056~0xA057,0,20,60,0x1D589,CF,0F,0x1D360,0x28,0x1D6,e2f0d9
0xA058 0xA059,1136,문자,937,・,0xA058~0xA059,0 1,28 18,60 12,0x1D587 0x1D586,D9 CA,11 C4,0x1D360 0x1D360,0x28 0x28,0x1D8 0x1D9,e2f0d9
0xA05A 0xA05B,1137,문자,938,・,0xA05A~0xA05B,0 1,68 28,60 12,0x1D585 0x1D584,1B DC,13 C6,0x1D360 0x1D360,0x28 0x28,0x1DA 0x1DB,e2f0d9
0xA05C 0xA05D,1138,제어,,,0xA05C~0xA05D,0 1,B8 28,15 00,0x1D583 0x1D582,6D DE,CA B6,0x1D360 0x1D360,0x28 0x28,0x1DC 0x1DD,fce4d6
0xA05E 0xA05F,1139,문자,939,왜,0xA05E~0xA05F,0 1,78 19,F8 C5,0x1D581 0x1D580,2F D1,AF 7D,0x1D360 0x1D360,0x28 0x28,0x1DE 0x1DF,e2f0d9
0xA060 0xA061,1140,문자,940,・,0xA060~0xA061,0 1,68 28,60 12,0x1D57F 0x1D57E,21 E2,19 CC,0x1D360 0x1D360,0x28 0x28,0x1E0 0x1E1,e2f0d9
0xA062 0xA063,1141,문자,941,・,0xA062~0xA063,0 1,F8 28,60 12,0x1D57D 0x1D57C,B3 E4,1B CE,0x1D360 0x1D360,0x28 0x28,0x1E2 0x1E3,e2f0d9
0xA064 0xA065,1142,문자,942,・,0xA064~0xA065,0 1,A8 18,60 12,0x1D57B 0x1D57A,65 D6,1D D0,0x1D360 0x1D360,0x28 0x28,0x1E4 0x1E5,e2f0d9
0xA066 0xA067,1143,문자,943,␠,0xA066~0xA067,0 1,98 38,18 12,0x1D579 0x1D578,57 F8,D7 D2,0x1D360 0x1D360,0x28 0x28,0x1E6 0x1E7,e2f0d9
0xA068 0xA069,1144,문자,944,네,0xA068~0xA069,0 1,C8 28,98 25,0x1D577 0x1D576,89 EA,59 E7,0x1D360 0x1D360,0x28 0x28,0x1E8 0x1E9,e2f0d9
0xA06A 0xA06B,1145,문자,945,가,0xA06A~0xA06B,0 1,F8 38,A8 17,0x1D575 0x1D574,BB FC,6B DB,0x1D360 0x1D360,0x28 0x28,0x1EA 0x1EB,e2f0d9
0xA06C,1146,문자,946,␠,0xA06C~0xA06D,0,A0,18,0x1D573,65,DD,0x1D360,0x28,0x1EC,e2f0d9
0xA06E 0xA06F,1147,문자,947,죽,0xA06E~0xA06F,0 1,58 5A,F8 F7,0x1D571 0x1D570,1F 22,BF BF,0x1D360 0x1D360,0x28 0x28,0x1EE 0x1EF,e2f0d9
0xA070 0xA071,1148,문자,948,어,0xA070~0xA071,0 1,28 B7,08 70,0x1D56F 0x1D56E,F1 81,D1 3A,0x1D360 0x1D360,0x28 0x28,0x1F0 0x1F1,e2f0d9
0xA072 0xA073,1149,문자,949,야,0xA072~0xA073,0 1,88 28,08 6C,0x1D56D 0x1D56C,53 F4,D3 38,0x1D360 0x1D360,0x28 0x28,0x1F2 0x1F3,e2f0d9
0xA074 0xA075,1150,문자,950,만,0xA074~0xA075,0 1,B8 18,D8 34,0x1D56B 0x1D56A,85 E6,A5 02,0x1D360 0x1D360,0x28 0x28,0x1F4 0x1F5,e2f0d9
0xA076 0xA077,1151,문자,951,・,0xA076~0xA077,0 1,48 18,60 12,0x1D569 0x1D568,17 E8,2F E2,0x1D360 0x1D360,0x28 0x28,0x1F6 0x1F7,e2f0d9
0xA078 0xA079,1152,문자,952,・,0xA078~0xA079,0 1,38 28,60 12,0x1D567 0x1D566,09 FA,31 E4,0x1D360 0x1D360,0x28 0x28,0x1F8 0x1F9,e2f0d9
0xA07A 0xA07B,1153,문자,953,・,0xA07A~0xA07B,0 1,F8 19,60 12,0x1D565 0x1D564,CB ED,33 E6,0x1D360 0x1D360,0x28 0x28,0x1FA 0x1FB,e2f0d9
0xA07C 0xA07D,1154,문자,954,␠,0xA07C~0xA07D,0 1,A8 28,18 12,0x1D563 0x1D562,7D FE,ED E8,0x1D360 0x1D360,0x28 0x28,0x1FC 0x1FD,e2f0d9
0xA07E 0xA07F,1155,문자,955,하,0xA07E~0xA07F,0 1,60 12,58 E3,0x1D561 0x1D560,37 EB,2F BC,0x1D360 0x1D360,0x28 0x28,0x1FE 0x1FF,e2f0d9
0xA080 0xA081,1156,문자,956,는,0xA080~0xA081,0 1,60 12,E8 25,0x1D55F 0x1D55E,3A ED,C2 00,0x1D360 0x1D360,0x28 0x28,0x200 0x201,e2f0d9
0xA082,1157,문자,957,␠,0xA082~0xA083,0,60,18,0x1D55D,3C,F4,0x1D360,0x28,0x202,e2f0d9
0xA084 0xA085,1158,문자,958,건,0xA084~0xA085,0 1,48 3B,B8 1D,0x1D55B 0x1D55A,26 1A,96 FC,0x1D360 0x1D360,0x28 0x28,0x204 0x205,e2f0d9
0xA086 0xA087,1159,문자,959,데,0xA086~0xA087,0 1,18 1A,F8 2D,0x1D559 0x1D558,F8 FB,D8 0E,0x1D360 0x1D360,0x28 0x28,0x206 0x207,e2f0d9
0xA088 0xA089,1160,문자,960,！,0xA088~0xA089,0 1,A8 3A,A0 12,0x1D557 0x1D556,8A 1D,82 F5,0x1D360 0x1D360,0x28 0x28,0x208 0x209,e2f0d9
0xA08A 0xA08B,1161,제어,,,0xA08A~0xA08B,0 1,98 1B,15 00,0x1D555 0x1D554,7C 00,F9 E5,0x1D360 0x1D360,0x28 0x28,0x20A 0x20B,fce4d6
0xA08C 0xA08D,1162,문자,961,！,0xA08C~0xA08D,0 1,E8 28,A0 12,0x1D553 0x1D552,CE 0F,86 F9,0x1D360 0x1D360,0x28 0x28,0x20C 0x20D,e2f0d9
0xA08E 0xA08F 0xA090 0xA091,1163,제어,,,0xA08E~0xA091,0 1 2 3,F8 C0 E8 B6,12 00 24 00,0x1D551 0x1D550 0x1D54F 0x1D54E,E0 A9 D2 A1,FA E9 0E EB,0x1D360 0x1D360 0x1D360 0x1D360,0x28 0x28 0x28 0x28,0x20E 0x20F 0x210 0x211,fce4d6
0xA092 0xA093,1164,문자,962,！,0xA092~0xA093,0 1,88 38,A0 12,0x1D54D 0x1D54C,74 25,8C FF,0x1D360 0x1D360,0x28 0x28,0x212 0x213,e2f0d9
0xA094 0xA095 0xA096,1165,제어,,,0xA094~0xA096,0 1 2,20 12 15,19 00 68,0x1D54B 0x1D54A 0x1D549,0E 01 05,07 EF 58,0x1D360 0x1D360 0x1D360,0x28 0x28 0x28,0x214 0x215 0x216,fce4d6
0xA097 0xA098,1166,제어,,,0xA097~0xA098,0 1,00 88,15 00,0x1D548 0x1D547,F1 7A,06 F2,0x1D360 0x1D360,0x28 0x28,0x217 0x218,fce4d6
0xA099 0xA09A,1167,제어,,,0xA099~0xA09A,0 1,DA B8,17 00,0x1D546 0x1D545,CD AC,0A F4,0x1D360 0x1D360,0x28 0x28,0x219 0x21A,fce4d6
0xA09B 0xA09C 0xA09D,1168,제어,,,0xA09B~0xA09D,0 1 2,38 C8 18,1A 00 03,0x1D544 0x1D543 0x1D542,2D BE 0F,0F F6 FA,0x1D360 0x1D360 0x1D360,0x28 0x28 0x28,0x21B 0x21C 0x21D,fce4d6
0xA09E 0xA09F,1169,제어,,,0xA09E~0xA09F,0 1,48 18,16 00,0x1D541 0x1D540,40 11,0E F9,0x1D360 0x1D360,0x28 0x28,0x21E 0x21F,fce4d6
0xA0A0 0xA0A1,1170,문자,963,흐,0xA0A0~0xA0A1,0 1,48 18,08 E5,0x1D53F 0x1D53E,42 13,02 E0,0x1D360 0x1D360,0x28 0x28,0x220 0x221,e2f0d9
0xA0A2 0xA0A3,1171,문자,964,하,0xA0A2~0xA0A3,0 1,30 12,58 E3,0x1D53D 0x1D53C,2C 0F,54 E0,0x1D360 0x1D360,0x28 0x28,0x222 0x223,e2f0d9
0xA0A4 0xA0A5,1172,문자,965,하,0xA0A4~0xA0A5,0 1,48 3B,58 E3,0x1D53B 0x1D53A,46 3A,56 E2,0x1D360 0x1D360,0x28 0x28,0x224 0x225,e2f0d9
0xA0A6 0xA0A7,1173,문자,966,하,0xA0A6~0xA0A7,0 1,78 1A,58 E3,0x1D539 0x1D538,78 1B,58 E4,0x1D360 0x1D360,0x28 0x28,0x226 0x227,e2f0d9
0xA0A8 0xA0A9,1174,문자,967,・,0xA0A8~0xA0A9,0 1,B8 1A,60 12,0x1D537 0x1D536,BA 1D,62 15,0x1D360 0x1D360,0x28 0x28,0x228 0x229,e2f0d9
0xA0AA 0xA0AB,1175,문자,968,・,0xA0AA~0xA0AB,0 1,38 3B,60 12,0x1D535 0x1D534,3C 40,64 17,0x1D360 0x1D360,0x28 0x28,0x22A 0x22B,e2f0d9
0xA0AC 0xA0AD,1176,문자,969,・,0xA0AC~0xA0AD,0 1,F8 1B,60 12,0x1D533 0x1D532,FE 22,66 19,0x1D360 0x1D360,0x28 0x28,0x22C 0x22D,e2f0d9
0xA0AE 0xA0AF,1177,문자,970,␠,0xA0AE~0xA0AF,0 1,A8 3A,18 12,0x1D531 0x1D530,B0 43,20 1B,0x1D360 0x1D360,0x28 0x28,0x22E 0x22F,e2f0d9
0xA0B0 0xA0B1,1178,문자,971,어,0xA0B0~0xA0B1,0 1,28 1A,08 70,0x1D52F 0x1D52E,32 25,12 7B,0x1D360 0x1D360,0x28 0x28,0x230 0x231,e2f0d9
0xA0B2 0xA0B3,1179,문자,972,리,0xA0B2~0xA0B3,0 1,E8 28,78 34,0x1D52D 0x1D52C,F4 35,84 41,0x1D360 0x1D360,0x28 0x28,0x232 0x233,e2f0d9
0xA0B4 0xA0B5,1180,문자,973,석,0xA0B4~0xA0B5,0 1,F8 38,68 3D,0x1D52B 0x1D52A,06 47,76 4C,0x1D360 0x1D360,0x28 0x28,0x234 0x235,e2f0d9
0xA0B6 0xA0B7,1181,문자,974,은,0xA0B6~0xA0B7,0 1,78 19,48 DE,0x1D529 0x1D528,88 2A,58 EF,0x1D360 0x1D360,0x28 0x28,0x236 0x237,e2f0d9
0xA0B8 0xA0B9,1182,문자,975,␠,0xA0B8~0xA0B9,0 1,E8 28,18 12,0x1D527 0x1D526,FA 3B,2A 25,0x1D360 0x1D360,0x28 0x28,0x238 0x239,e2f0d9
0xA0BA 0xA0BB,1183,문자,976,것,0xA0BA~0xA0BB,0 1,B8 FC,F8 1D,0x1D525 0x1D524,CC 11,0C 32,0x1D360 0x1D360,0x28 0x28,0x23A 0x23B,e2f0d9
0xA0BC 0xA0BD,1184,문자,977,、,0xA0BC~0xA0BD,0 1,E8 29,20 12,0x1D523 0x1D522,FE 40,36 29,0x1D360 0x1D360,0x28 0x28,0x23C 0x23D,e2f0d9
0xA0BE 0xA0BF,1185,문자,978,정,0xA0BE~0xA0BF,0 1,78 28,F8 DF,0x1D521 0x1D520,90 41,10 F8,0x1D360 0x1D360,0x28 0x28,0x23E 0x23F,e2f0d9
0xA0C0 0xA0C1,1186,문자,979,␠,0xA0C0~0xA0C1,0 1,A8 28,18 12,0x1D51F 0x1D51E,C2 43,32 2D,0x1D360 0x1D360,0x28 0x28,0x240 0x241,e2f0d9
0xA0C2 0xA0C3,1187,문자,980,따,0xA0C2~0xA0C3,0 1,20 12,48 30,0x1D51D 0x1D51C,3C 2F,64 4D,0x1D360 0x1D360,0x28 0x28,0x242 0x243,e2f0d9
0xA0C4 0xA0C5,1188,문자,981,위,0xA0C4~0xA0C5,0 1,D8 19,08 DE,0x1D51B 0x1D51A,F6 38,26 FD,0x1D360 0x1D360,0x28 0x28,0x244 0x245,e2f0d9
0xA0C6 0xA0C7,1189,문자,982,에,0xA0C6~0xA0C7,0 1,68 18,48 9F,0x1D519 0x1D518,88 39,68 C0,0x1D360 0x1D360,0x28 0x28,0x246 0x247,e2f0d9
0xA0C8 0xA0C9,1190,문자,983,␠,0xA0C8~0xA0C9,0 1,98 19,18 12,0x1D517 0x1D516,BA 3C,3A 35,0x1D360 0x1D360,0x28 0x28,0x248 0x249,e2f0d9
0xA0CA 0xA0CB,1191,문자,984,얽,0xA0CA~0xA0CB,0 1,C8 38,08 7A,0x1D515 0x1D514,EC 5D,2C 9F,0x1D360 0x1D360,0x28 0x28,0x24A 0x24B,e2f0d9
0xA0CC 0xA0CD,1192,문자,985,매,0xA0CC~0xA0CD,0 1,08 29,38 35,0x1D513 0x1D512,2E 50,5E 5C,0x1D360 0x1D360,0x28 0x28,0x24C 0x24D,e2f0d9
0xA0CE 0xA0CF,1193,문자,986,이,0xA0CE~0xA0CF,0 1,48 43,98 DE,0x1D511 0x1D510,70 6C,C0 07,0x1D360 0x1D360,0x28 0x28,0x24E 0x24F,e2f0d9
0xA0D0 0xA0D1,1194,문자,987,다,0xA0D0~0xA0D1,0 1,68 28,C8 27,0x1D50F 0x1D50E,92 53,F2 52,0x1D360 0x1D360,0x28 0x28,0x250 0x251,e2f0d9
0xA0D2 0xA0D3,1195,문자,988,니,0xA0D2~0xA0D3,0 1,C8 18,F8 25,0x1D50D 0x1D50C,F4 45,24 52,0x1D360 0x1D360,0x28 0x28,0x252 0x253,e2f0d9
0xA0D4 0xA0D5,1196,문자,989,。,0xA0D4~0xA0D5,0 1,F8 38,30 12,0x1D50B 0x1D50A,26 67,5E 41,0x1D360 0x1D360,0x28 0x28,0x254 0x255,e2f0d9
0xA0D6 0xA0D7,1197,문자,990,어,0xA0D6~0xA0D7,0 1,B8 18,08 70,0x1D509 0x1D508,E8 49,38 A1,0x1D360 0x1D360,0x28 0x28,0x256 0x257,e2f0d9
0xA0D8 0xA0D9,1198,문자,991,설,0xA0D8~0xA0D9,0 1,B8 38,88 3D,0x1D507 0x1D506,EA 6B,BA 70,0x1D360 0x1D360,0x28 0x28,0x258 0x259,e2f0d9
0xA0DA 0xA0DB,1199,문자,992,프,0xA0DA~0xA0DB,0 1,60 12,18 E3,0x1D505 0x1D504,94 47,4C 18,0x1D360 0x1D360,0x28 0x28,0x25A 0x25B,e2f0d9
0xA0DC 0xA0DD,1200,문자,993,게,0xA0DC~0xA0DD,0 1,60 12,08 20,0x1D503 0x1D502,96 49,3E 57,0x1D360 0x1D360,0x28 0x28,0x25C 0x25D,e2f0d9
0xA0DE,1201,문자,994,␠,0xA0DE~0xA0DF,0,60,18,0x1D501,98,50,0x1D360,0x28,0x25E,e2f0d9
0xA0E0 0xA0E1,1202,문자,995,바,0xA0E0~0xA0E1,0 1,48 85,88 39,0x1D4FF 0x1D4FE,82 C0,C2 74,0x1D360 0x1D360,0x28 0x28,0x260 0x261,e2f0d9
0xA0E2 0xA0E3,1203,문자,996,니,0xA0E2~0xA0E3,0 1,38 28,F8 25,0x1D4FD 0x1D4FC,74 65,34 62,0x1D360 0x1D360,0x28 0x28,0x262 0x263,e2f0d9
0xA0E4 0xA0E5,1204,문자,997,티,0xA0E4~0xA0E5,0 1,68 28,D8 E2,0x1D4FB 0x1D4FA,A6 67,16 21,0x1D360 0x1D360,0x28 0x28,0x264 0x265,e2f0d9
0xA0E6 0xA0E7,1205,문자,998,의,0xA0E6~0xA0E7,0 1,A8 18,88 DE,0x1D4F9 0x1D4F8,E8 59,C8 1F,0x1D360 0x1D360,0x28 0x28,0x266 0x267,e2f0d9
0xA0E8 0xA0E9,1206,문자,999,␠,0xA0E8~0xA0E9,0 1,B8 38,18 12,0x1D4F7 0x1D4F6,FA 7B,5A 55,0x1D360 0x1D360,0x28 0x28,0x268 0x269,e2f0d9
0xA0EA 0xA0EB,1207,문자,1000,마,0xA0EA~0xA0EB,0 1,E8 19,B8 34,0x1D4F5 0x1D4F4,2C 5E,FC 79,0x1D360 0x1D360,0x28 0x28,0x26A 0x26B,e2f0d9
0xA0EC 0xA0ED,1208,문자,1001,음,0xA0EC~0xA0ED,0 1,20 12,68 DE,0x1D4F3 0x1D4F2,66 59,AE 25,0x1D360 0x1D360,0x28 0x28,0x26C 0x26D,e2f0d9
0xA0EE 0xA0EF,1209,문자,1002,␠,0xA0EE~0xA0EF,0 1,48 6A,18 12,0x1D4F1 0x1D4F0,90 B3,60 5B,0x1D360 0x1D360,0x28 0x28,0x26E 0x26F,e2f0d9
0xA0F0 0xA0F1,1210,문자,1003,따,0xA0F0~0xA0F1,0 1,98 49,48 30,0x1D4EF 0x1D4EE,E2 94,92 7B,0x1D360 0x1D360,0x28 0x28,0x270 0x271,e2f0d9
0xA0F2 0xA0F3,1211,문자,1004,위,0xA0F2~0xA0F3,0 1,B8 28,08 DE,0x1D4ED 0x1D4EC,04 75,54 2B,0x1D360 0x1D360,0x28 0x28,0x272 0x273,e2f0d9
0xA0F4 0xA0F5,1212,문자,1005,에,0xA0F4~0xA0F5,0 1,A8 28,48 9F,0x1D4EB 0x1D4EA,F6 77,96 EE,0x1D360 0x1D360,0x28 0x28,0x274 0x275,e2f0d9
0xA0F6,1213,문자,1006,␠,0xA0F6~0xA0F7,0,30,18,0x1D4E9,80,68,0x1D360,0x28,0x276,e2f0d9
0xA0F8 0xA0F9,1214,문자,1007,휘,0xA0F8~0xA0F9,0 1,15 00,E8 E4,0x1D4E7 0x1D4E6,67 53,3A 37,0x1D360 0x1D360,0x28 0x28,0x278 0x279,e2f0d9
0xA0FA 0xA0FB,1215,문자,1008,둘,0xA0FA~0xA0FB,0 1,58 2B,C8 2E,0x1D4E5 0x1D4E4,AC 80,1C 83,0x1D360 0x1D360,0x28 0x28,0x27A 0x27B,e2f0d9
0xA0FC 0xA0FD,1216,문자,1009,린,0xA0FC~0xA0FD,0 1,F8 2A,88 34,0x1D4E3 0x1D4E2,4E 81,DE 8B,0x1D360 0x1D360,0x28 0x28,0x27C 0x27D,e2f0d9
0xA0FE 0xA0FF,1217,문자,1010,␠,0xA0FE~0xA0FF,0 1,F8 2A,18 12,0x1D4E1 0x1D4E0,50 83,70 6B,0x1D360 0x1D360,0x28 0x28,0x27E 0x27F,e2f0d9
0xA100 0xA101,1218,문자,1011,대,0xA100~0xA101,0 1,F8 2A,B8 2D,0x1D4DF 0x1D4DE,52 85,12 88,0x1D360 0x1D360,0x28 0x28,0x280 0x281,e2f0d9
0xA102 0xA103,1219,문자,1012,가,0xA102~0xA103,0 1,F8 2A,A8 17,0x1D4DD 0x1D4DC,54 87,04 74,0x1D360 0x1D360,0x28 0x28,0x282 0x283,e2f0d9
0xA104 0xA105,1220,문자,1013,다,0xA104~0xA105,0 1,F8 2A,C8 27,0x1D4DB 0x1D4DA,56 89,26 86,0x1D360 0x1D360,0x28 0x28,0x284 0x285,e2f0d9
0xA106,1221,문자,1014,・,0xA106~0xA107,0,A0,60,0x1D4D9,00,C0,0x1D360,0x28,0x286,e2f0d9
0xA108 0xA109,1222,문자,1015,・,0xA108~0xA109,0 1,19 00,60 12,0x1D4D7 0x1D4D6,7B 63,C2 75,0x1D360 0x1D360,0x28 0x28,0x288 0x289,e2f0d9
0xA10A 0xA10B,1223,문자,1016,・,0xA10A~0xA10B,0 1,7E 15,60 12,0x1D4D5 0x1D4D4,E2 7A,C4 77,0x1D360 0x1D360,0x28 0x28,0x28A 0x28B,e2f0d9
0xA10C 0xA10D,1224,제어,,,0xA10C~0xA10D,0 1,00 17,15 00,0x1D4D3 0x1D4D2,66 7E,7B 67,0x1D360 0x1D360,0x28 0x28,0x28C 0x28D,fce4d6
0xA10E 0xA10F,1225,문자,1017,뭐,0xA10E~0xA10F,0 1,00 1A,E8 37,0x1D4D1 0x1D4D0,68 83,50 A0,0x1D360 0x1D360,0x28 0x28,0x28E 0x28F,e2f0d9
0xA110 0xA111,1226,문자,1018,␠,0xA110~0xA111,0 1,00 04,18 12,0x1D4CF 0x1D4CE,6A 6F,82 7D,0x1D360 0x1D360,0x28 0x28,0x290 0x291,e2f0d9
0xA112 0xA113,1227,문자,1019,상,0xA112~0xA113,0 1,12 00,28 3D,0x1D4CD 0x1D4CC,7E 6D,94 AA,0x1D360 0x1D360,0x28 0x28,0x292 0x293,e2f0d9
0xA114 0xA115,1228,문자,1020,관,0xA114~0xA115,0 1,40 11,C8 20,0x1D4CB 0x1D4CA,AE 80,36 8F,0x1D360 0x1D360,0x28 0x28,0x294 0x295,e2f0d9
0xA116 0xA117,1229,문자,1021,없,0xA116~0xA117,0 1,12 50,08 7C,0x1D4C9 0x1D4C8,82 C1,78 ED,0x1D360 0x1D360,0x28 0x28,0x296 0x297,e2f0d9
0xA118 0xA119,1230,문자,1022,다,0xA118~0xA119,0 1,16 00,C8 27,0x1D4C7 0x1D4C6,88 73,3A 9A,0x1D360 0x1D360,0x28 0x28,0x298 0x299,e2f0d9
0xA11A 0xA11B,1231,문자,1023,、,0xA11A~0xA11B,0 1,10 11,20 12,0x1D4C5 0x1D4C4,84 86,94 87,0x1D360 0x1D360,0x28 0x28,0x29A 0x29B,e2f0d9
0xA11C 0xA11D,1232,문자,1024,애,0xA11C~0xA11D,0 1,14 00,08 6A,0x1D4C3 0x1D4C2,8A 77,7E E1,0x1D360 0x1D360,0x28 0x28,0x29C 0x29D,e2f0d9
0xA11E 0xA11F,1233,문자,1025,초,0xA11E~0xA11F,0 1,06 80,68 E1,0x1D4C1 0x1D4C0,7E F9,E0 5A,0x1D360 0x1D360,0x28 0x28,0x29E 0x29F,e2f0d9
0xA120 0xA121,1234,문자,1026,에,0xA120~0xA121,0 1,60 12,48 9F,0x1D4BF 0x1D4BE,DA 8D,C2 1A,0x1D360 0x1D360,0x28 0x28,0x2A0 0x2A1,e2f0d9
0xA122,1235,문자,1027,␠,0xA122~0xA123,0,60,18,0x1D4BD,DC,94,0x1D360,0x28,0x2A2,e2f0d9
0xA124 0xA125,1236,문자,1028,그,0xA124~0xA125,0 1,60 12,58 21,0x1D4BB 0x1D4BA,DE 91,D6 A0,0x1D360 0x1D360,0x28 0x28,0x2A4 0x2A5,e2f0d9
0xA126 0xA127,1237,문자,1029,런,0xA126~0xA127,0 1,68 EB,58 31,0x1D4B9 0x1D4B8,E8 6C,D8 B2,0x1D360 0x1D360,0x28 0x28,0x2A6 0x2A7,e2f0d9
0xA128 0xA129,1238,문자,1030,␠,0xA128~0xA129,0 1,58 19,18 12,0x1D4B7 0x1D4B6,DA 9C,9A 95,0x1D360 0x1D360,0x28 0x28,0x2A8 0x2A9,e2f0d9
0xA12A 0xA12B,1239,문자,1031,계,0xA12A~0xA12B,0 1,A8 28,78 20,0x1D4B5 0x1D4B4,2C AD,FC A5,0x1D360 0x1D360,0x28 0x28,0x2AA 0x2AB,e2f0d9
0xA12C 0xA12D,1240,문자,1032,집,0xA12C~0xA12D,0 1,48 18,58 E0,0x1D4B3 0x1D4B2,CE 9F,DE 67,0x1D360 0x1D360,0x28 0x28,0x2AC 0x2AD,e2f0d9
0xA12E 0xA12F,1241,문자,1033,따,0xA12E~0xA12F,0 1,20 12,48 30,0x1D4B1 0x1D4B0,A8 9B,D0 B9,0x1D360 0x1D360,0x28 0x28,0x2AE 0x2AF,e2f0d9
0xA130 0xA131,1242,문자,1034,윈,0xA130~0xA131,0 1,D8 3A,18 DE,0x1D4AF 0x1D4AE,62 C5,A2 69,0x1D360 0x1D360,0x28 0x28,0x2B0 0x2B1,e2f0d9
0xA132 0xA133,1243,문자,1035,␠,0xA132~0xA133,0 1,08 1B,18 12,0x1D4AD 0x1D4AC,94 A8,A4 9F,0x1D360 0x1D360,0x28 0x28,0x2B2 0x2B3,e2f0d9
0xA134 0xA135,1244,문자,1036,기,0xA134~0xA135,0 1,C8 3A,B8 21,0x1D4AB 0x1D4AA,56 C9,46 B0,0x1D360 0x1D360,0x28 0x28,0x2B4 0x2B5,e2f0d9
0xA136 0xA137,1245,문자,1037,대,0xA136~0xA137,0 1,98 1B,B8 2D,0x1D4A9 0x1D4A8,28 AC,48 BE,0x1D360 0x1D360,0x28 0x28,0x2B6 0x2B7,e2f0d9
0xA138 0xA139,1246,문자,1038,도,0xA138~0xA139,0 1,A0 12,28 2E,0x1D4A7 0x1D4A6,32 A5,BA C1,0x1D360 0x1D360,0x28 0x28,0x2B8 0x2B9,e2f0d9
0xA13A,1247,문자,1039,␠,0xA13A~0xA13B,0,60,18,0x1D4A5,F4,AC,0x1D360,0x28,0x2BA,e2f0d9
0xA13C 0xA13D,1248,문자,1040,하,0xA13C~0xA13D,0 1,60 12,58 E3,0x1D4A3 0x1D4A2,F6 A9,EE 7A,0x1D360 0x1D360,0x28 0x28,0x2BC 0x2BD,e2f0d9
0xA13E 0xA13F,1249,문자,1041,지,0xA13E~0xA13F,0 1,60 12,18 E0,0x1D4A1 0x1D4A0,F8 AB,B0 79,0x1D360 0x1D360,0x28 0x28,0x2BE 0x2BF,e2f0d9
0xA140 0xA141,1250,문자,1042,␠,0xA140~0xA141,0 1,A8 18,18 12,0x1D49F 0x1D49E,42 B3,B2 AD,0x1D360 0x1D360,0x28 0x28,0x2C0 0x2C1,e2f0d9
0xA142 0xA143,1251,문자,1043,않,0xA142~0xA143,0 1,E8 29,08 5E,0x1D49D 0x1D49C,84 C6,A4 FB,0x1D360 0x1D360,0x28 0x28,0x2C2 0x2C3,e2f0d9
0xA144 0xA145,1252,문자,1044,았,0xA144~0xA145,0 1,88 18,08 66,0x1D49B 0x1D49A,26 B7,A6 05,0x1D360 0x1D360,0x28 0x28,0x2C4 0x2C5,e2f0d9
0xA146 0xA147,1253,문자,1045,다,0xA146~0xA147,0 1,F8 28,C8 27,0x1D499 0x1D498,98 C9,68 C8,0x1D360 0x1D360,0x28 0x28,0x2C6 0x2C7,e2f0d9
0xA148 0xA149,1254,문자,1046,!,0xA148~0xA149,0 1,C8 52,A0 12,0x1D497 0x1D496,6A F5,42 B5,0x1D360 0x1D360,0x28 0x28,0x2C8 0x2C9,e2f0d9
0xA14A 0xA14B,1255,문자,1047,␠,0xA14A~0xA14B,0 1,A8 19,18 12,0x1D495 0x1D494,4C BE,BC B7,0x1D360 0x1D360,0x28 0x28,0x2CA 0x2CB,e2f0d9
0xA14C 0xA14D,1256,문자,1048,유,0xA14C~0xA14D,0 1,60 12,28 DE,0x1D493 0x1D492,06 B9,CE 85,0x1D360 0x1D360,0x28 0x28,0x2CC 0x2CD,e2f0d9
0xA14E 0xA14F,1257,문자,1049,코,0xA14E~0xA14F,0 1,60 12,18 E2,0x1D491 0x1D490,08 BB,C0 8B,0x1D360 0x1D360,0x28 0x28,0x2CE 0x2CF,e2f0d9
0xA150 0xA151,1258,문자,1050,라,0xA150~0xA151,0 1,60 12,F8 30,0x1D48F 0x1D48E,0A BD,A2 DB,0x1D360 0x1D360,0x28 0x28,0x2D0 0x2D1,e2f0d9
0xA152 0xA153,1259,문자,1051,고,0xA152~0xA153,0 1,C8 52,88 20,0x1D48D 0x1D48C,74 FF,34 CD,0x1D360 0x1D360,0x28 0x28,0x2D2 0x2D3,e2f0d9
0xA154 0xA155,1260,문자,1052,␠,0xA154~0xA155,0 1,A8 19,18 12,0x1D48B 0x1D48A,56 C8,C6 C1,0x1D360 0x1D360,0x28 0x28,0x2D4 0x2D5,e2f0d9
0xA156 0xA157,1261,문자,1053,했,0xA156~0xA157,0 1,48 F6,C8 E3,0x1D489 0x1D488,F8 A7,78 94,0x1D360 0x1D360,0x28 0x28,0x2D6 0x2D7,e2f0d9
0xA158 0xA159,1262,문자,1054,나,0xA158~0xA159,0 1,E8 28,B8 24,0x1D487 0x1D486,9A DB,6A D7,0x1D360 0x1D360,0x28 0x28,0x2D8 0x2D9,e2f0d9
0xA15A 0xA15B,1263,문자,1055,・,0xA15A~0xA15B,0 1,A8 F8,60 12,0x1D485 0x1D484,5C AD,14 C7,0x1D360 0x1D360,0x28 0x28,0x2DA 0x2DB,e2f0d9
0xA15C 0xA15D,1264,문자,1056,・,0xA15C~0xA15D,0 1,78 28,60 12,0x1D483 0x1D482,2E DF,16 C9,0x1D360 0x1D360,0x28 0x28,0x2DC 0x2DD,e2f0d9
0xA15E,1265,문자,1057,・,0xA15E~0xA15F,0,A0,60,0x1D481,58,18,0x1D360,0x28,0x2DE,e2f0d9
0xA160 0xA161,1266,문자,1058,␠,0xA160~0xA161,0 1,0F 00,18 12,0x1D47F 0x1D47E,C9 BB,D2 CD,0x1D360 0x1D360,0x28 0x28,0x2E0 0x2E1,e2f0d9
0xA162 0xA163,1267,문자,1059,바,0xA162~0xA163,0 1,00 00,88 39,0x1D47D 0x1D47C,BC BD,44 F6,0x1D360 0x1D360,0x28 0x28,0x2E2 0x2E3,e2f0d9
0xA164 0xA165,1268,문자,1060,리,0xA164~0xA165,0 1,00 00,78 34,0x1D47B 0x1D47A,BE BF,36 F3,0x1D360 0x1D360,0x28 0x28,0x2E4 0x2E5,e2f0d9
0xA166 0xA167,1269,문자,1061,스,0xA166~0xA167,0 1,00 00,78 3F,0x1D479 0x1D478,C0 C1,38 00,0x1D360 0x1D360,0x28 0x28,0x2E6 0x2E7,e2f0d9
0xA168 0xA169,1270,문자,1062,의,0xA168~0xA169,0 1,00 00,88 DE,0x1D477 0x1D476,C2 C3,4A A1,0x1D360 0x1D360,0x28 0x28,0x2E8 0x2E9,e2f0d9
0xA16A 0xA16B,1271,문자,1063,␠,0xA16A~0xA16B,0 1,00 00,18 12,0x1D475 0x1D474,C4 C5,DC D7,0x1D360 0x1D360,0x28 0x28,0x2EA 0x2EB,e2f0d9
0xA16C 0xA16D,1272,문자,1064,전,0xA16C~0xA16D,0 1,00 00,B8 DF,0x1D473 0x1D472,C6 C7,7E A6,0x1D360 0x1D360,0x28 0x28,0x2EC 0x2ED,e2f0d9
0xA16E 0xA16F,1273,문자,1065,사,0xA16E~0xA16F,0 1,00 00,E8 3C,0x1D471 0x1D470,C8 C9,B0 05,0x1D360 0x1D360,0x28 0x28,0x2EE 0x2EF,e2f0d9
0xA170 0xA171,1274,문자,1066,여,0xA170~0xA171,0 1,00 00,58 9F,0x1D46F 0x1D46E,CA CB,22 6A,0x1D360 0x1D360,0x28 0x28,0x2F0 0x2F1,e2f0d9
0xA172 0xA173,1275,문자,1067,、,0xA172~0xA173,0 1,00 00,20 12,0x1D46D 0x1D46C,CC CD,EC DF,0x1D360 0x1D360,0x28 0x28,0x2F2 0x2F3,e2f0d9
0xA174,1276,제어,,,0xA174~0xA175,0,00,15,0x1D46B,CE,E3,0x1D360,0x28,0x2F4,fce4d6
0xA176 0xA177,1277,문자,1068,와,0xA176~0xA177,0 1,00 00,E8 9F,0x1D469 0x1D468,D0 D1,B8 70,0x1D360 0x1D360,0x28 0x28,0x2F6 0x2F7,e2f0d9
0xA178 0xA179,1278,문자,1069,␠,0xA178~0xA179,0 1,00 00,18 12,0x1D467 0x1D466,D2 D3,EA E5,0x1D360 0x1D360,0x28 0x28,0x2F8 0x2F9,e2f0d9
0xA17A 0xA17B,1279,문자,1070,보,0xA17A~0xA17B,0 1,00 00,B8 3B,0x1D465 0x1D464,D4 D5,8C 10,0x1D360 0x1D360,0x28 0x28,0x2FA 0x2FB,e2f0d9
0xA17C 0xA17D,1280,문자,1071,거,0xA17C~0xA17D,0 1,00 00,98 1D,0x1D463 0x1D462,D6 D7,6E F4,0x1D360 0x1D360,0x28 0x28,0x2FC 0x2FD,e2f0d9
0xA17E 0xA17F,1281,문자,1072,라,0xA17E~0xA17F,0 1,00 00,F8 30,0x1D461 0x1D460,D8 DA,D0 0A,0x1D360 0x1D360,0x28 0x28,0x2FE 0x2FF,e2f0d9
0xA180,1282,문자,1073,。,0xA180~0xA181,0,20,30,0x1D45F,FB,0B,0x1D360,0x28,0x300,e2f0d9
0xA182 0xA183,1283,문자,1074,베,0xA182~0xA183,0 1,50 5A,98 3B,0x1D45D 0x1D45C,2D 38,75 19,0x1D360 0x1D360,0x28 0x28,0x302 0x303,e2f0d9
0xA184 0xA185,1284,문자,1075,칸,0xA184~0xA185,0 1,20 B7,D8 E1,0x1D45B 0x1D45A,FF 97,B7 C1,0x1D360 0x1D360,0x28 0x28,0x304 0x305,e2f0d9
0xA186 0xA187,1285,문자,1076,타,0xA186~0xA187,0 1,A0 12,28 E2,0x1D459 0x1D458,81 F4,09 C4,0x1D360 0x1D360,0x28 0x28,0x306 0x307,e2f0d9
0xA188 0xA189,1286,문자,1077,리,0xA188~0xA189,0 1,19 00,78 34,0x1D457 0x1D456,FC E4,5B 18,0x1D360 0x1D360,0x28 0x28,0x308 0x309,e2f0d9
0xA18A 0xA18B,1287,문자,1078,아,0xA18A~0xA18B,0 1,76 15,08 56,0x1D455 0x1D454,5B FB,ED 3C,0x1D360 0x1D360,0x28 0x28,0x30A 0x30B,e2f0d9
0xA18C 0xA18D,1288,문자,1079,의,0xA18C~0xA18D,0 1,00 17,88 DE,0x1D453 0x1D452,E7 FF,6F C6,0x1D360 0x1D360,0x28 0x28,0x30C 0x30D,e2f0d9
0xA18E 0xA18F,1289,문자,1080,␠,0xA18E~0xA18F,0 1,00 1A,18 12,0x1D451 0x1D450,E9 04,01 FC,0x1D360 0x1D360,0x28 0x28,0x30E 0x30F,e2f0d9
0xA190 0xA191,1290,문자,1081,내,0xA190~0xA191,0 1,00 03,08 25,0x1D44F 0x1D44E,EB EF,F3 11,0x1D360 0x1D360,0x28 0x28,0x310 0x311,e2f0d9
0xA192 0xA193,1291,문자,1082,␠,0xA192~0xA193,0 1,12 00,18 12,0x1D44D 0x1D44C,FF EE,05 00,0x1D360 0x1D360,0x28 0x28,0x312 0x313,e2f0d9
0xA194 0xA195,1292,문자,1083,성,0xA194~0xA195,0 1,40 16,98 3D,0x1D44B 0x1D44A,2F 06,87 2D,0x1D360 0x1D360,0x28 0x28,0x314 0x315,e2f0d9
0xA196 0xA197,1293,문자,1084,으,0xA196~0xA197,0 1,00 10,38 DE,0x1D449 0x1D448,F1 02,29 D0,0x1D360 0x1D360,0x28 0x28,0x316 0x317,e2f0d9
0xA198 0xA199,1294,문자,1085,로,0xA198~0xA199,0 1,11 D0,D8 31,0x1D447 0x1D446,04 C4,CB 25,0x1D360 0x1D360,0x28 0x28,0x318 0x319,e2f0d9
0xA19A 0xA19B,1295,문자,1086,、,0xA19A~0xA19B,0 1,19 30,20 12,0x1D445 0x1D444,0E 26,15 08,0x1D360 0x1D360,0x28 0x28,0x31A 0x31B,e2f0d9
0xA19C 0xA19D,1296,문자,1087,오,0xA19C~0xA19D,0 1,39 A0,B8 9F,0x1D443 0x1D442,30 98,AF 97,0x1D360 0x1D360,0x28 0x28,0x31C 0x31D,e2f0d9
0xA19E 0xA19F,1297,문자,1088,게,0xA19E~0xA19F,0 1,28 60,08 20,0x1D441 0x1D440,21 5A,01 1A,0x1D360 0x1D360,0x28 0x28,0x31E 0x31F,e2f0d9
0xA1A0 0xA1A1,1298,문자,1089,␠,0xA1A0~0xA1A1,0 1,12 60,18 12,0x1D43F 0x1D43E,0D 5C,13 0E,0x1D360 0x1D360,0x28 0x28,0x320 0x321,e2f0d9
0xA1A2 0xA1A3,1299,문자,1090,되,0xA1A2~0xA1A3,0 1,12 60,88 2E,0x1D43D 0x1D43C,0F 5E,85 2C,0x1D360 0x1D360,0x28 0x28,0x322 0x323,e2f0d9
0xA1A4 0xA1A5,1300,문자,1091,면,0xA1A4~0xA1A5,0 1,12 A0,78 35,0x1D43B 0x1D43A,11 A0,77 35,0x1D360 0x1D360,0x28 0x28,0x324 0x325,e2f0d9
0xA1A6 0xA1A7,1301,문자,1092,␠,0xA1A6~0xA1A7,0 1,12 50,18 12,0x1D439 0x1D438,13 52,19 14,0x1D360 0x1D360,0x28 0x28,0x326 0x327,e2f0d9
0xA1A8 0xA1A9,1302,문자,1093,모,0xA1A8~0xA1A9,0 1,59 D0,A8 35,0x1D437 0x1D436,5C D4,AB 39,0x1D360 0x1D360,0x28 0x28,0x328 0x329,e2f0d9
0xA1AA 0xA1AB,1303,문자,1094,든,0xA1AA~0xA1AB,0 1,DB 00,08 30,0x1D435 0x1D434,E0 06,0D 36,0x1D360 0x1D360,0x28 0x28,0x32A 0x32B,e2f0d9
0xA1AC 0xA1AD,1304,문자,1095,␠,0xA1AC~0xA1AD,0 1,D9 D0,18 12,0x1D433 0x1D432,E0 D8,1F 1A,0x1D360 0x1D360,0x28 0x28,0x32C 0x32D,e2f0d9
0xA1AE 0xA1AF,1305,문자,1096,것,0xA1AE~0xA1AF,0 1,DB 60,F8 1D,0x1D431 0x1D430,E4 6A,01 27,0x1D360 0x1D360,0x28 0x28,0x32E 0x32F,e2f0d9
0xA1B0 0xA1B1,1306,문자,1097,을,0xA1B0~0xA1B1,0 1,12 60,58 DE,0x1D42F 0x1D42E,1D 6C,63 EA,0x1D360 0x1D360,0x28 0x28,0x330 0x331,e2f0d9
0xA1B2 0xA1B3,1307,문자,1098,␠,0xA1B2~0xA1B3,0 1,12 60,18 12,0x1D42D 0x1D42C,1F 6E,25 20,0x1D360 0x1D360,0x28 0x28,0x332 0x333,e2f0d9
0xA1B4 0xA1B5,1308,문자,1099,알,0xA1B4~0xA1B5,0 1,12 12,08 60,0x1D42B 0x1D42A,21 22,17 70,0x1D360 0x1D360,0x28 0x28,0x334 0x335,e2f0d9
0xA1B6 0xA1B7,1309,문자,1100,게,0xA1B6~0xA1B7,0 1,00 50,08 20,0x1D429 0x1D428,11 62,19 32,0x1D360 0x1D360,0x28 0x28,0x336 0x337,e2f0d9
0xA1B8 0xA1B9,1310,문자,1101,␠,0xA1B8~0xA1B9,0 1,1B 00,18 12,0x1D427 0x1D426,2E 14,2B 26,0x1D360 0x1D360,0x28 0x28,0x338 0x339,e2f0d9
0xA1BA 0xA1BB,1311,문자,1102,될,0xA1BA~0xA1BB,0 1,02 14,A8 2E,0x1D425 0x1D424,17 2A,BD 44,0x1D360 0x1D360,0x28 0x28,0x33A 0x33B,e2f0d9
0xA1BC 0xA1BD,1312,문자,1103,␠,0xA1BC~0xA1BD,0 1,00 01,18 12,0x1D423 0x1D422,17 19,2F 2A,0x1D360 0x1D360,0x28 0x28,0x33C 0x33D,e2f0d9
0xA1BE 0xA1BF,1313,문자,1104,것,0xA1BE~0xA1BF,0 1,63 36,F8 1D,0x1D421 0x1D420,7C 50,11 37,0x1D360 0x1D360,0x28 0x28,0x33E 0x33F,e2f0d9
0xA1C0 0xA1C1,1314,문자,1105,이,0xA1C0~0xA1C1,0 1,20 52,98 DE,0x1D41F 0x1D41E,3B 6E,B3 FA,0x1D360 0x1D360,0x28 0x28,0x340 0x341,e2f0d9
0xA1C2 0xA1C3,1315,문자,1106,다,0xA1C2~0xA1C3,0 1,31 46,C8 27,0x1D41D 0x1D41C,4E 64,E5 45,0x1D360 0x1D360,0x28 0x28,0x342 0x343,e2f0d9
0xA1C4 0xA1C5,1316,문자,1107,・,0xA1C4~0xA1C5,0 1,52 15,60 12,0x1D41B 0x1D41A,71 35,7F 32,0x1D360 0x1D360,0x28 0x28,0x344 0x345,e2f0d9
0xA1C6 0xA1C7,1317,문자,1108,・,0xA1C6~0xA1C7,0 1,47 53,60 12,0x1D419 0x1D418,68 75,81 34,0x1D360 0x1D360,0x28 0x28,0x346 0x347,e2f0d9
0xA1C8 0xA1C9,1318,문자,1109,・,0xA1C8~0xA1C9,0 1,72 41,60 12,0x1D417 0x1D416,95 65,83 36,0x1D360 0x1D360,0x28 0x28,0x348 0x349,e2f0d9
0xA1CA 0xA1CB,1319,문자,1110,␠,0xA1CA~0xA1CB,0 1,54 20,18 12,0x1D415 0x1D414,79 46,3D 38,0x1D360 0x1D360,0x28 0x28,0x34A 0x34B,e2f0d9
0xA1CC 0xA1CD,1320,문자,1111,느,0xA1CC~0xA1CD,0 1,36 57,D8 25,0x1D413 0x1D412,5D 7F,FF 4D,0x1D360 0x1D360,0x28 0x28,0x34C 0x34D,e2f0d9
0xA1CE 0xA1CF,1321,문자,1112,긋,0xA1CE~0xA1CF,0 1,42 17,A8 21,0x1D411 0x1D410,6B 41,D1 4B,0x1D360 0x1D360,0x28 0x28,0x34E 0x34F,e2f0d9
0xA1D0 0xA1D1,1322,문자,1113,하,0xA1D0~0xA1D1,0 1,73 70,58 E3,0x1D40F 0x1D40E,9E 9C,83 0F,0x1D360 0x1D360,0x28 0x28,0x350 0x351,e2f0d9
0xA1D2 0xA1D3,1323,문자,1114,게,0xA1D2~0xA1D3,0 1,80 14,08 20,0x1D40D 0x1D40C,AD 42,35 4E,0x1D360 0x1D360,0x28 0x28,0x352 0x353,e2f0d9
0xA1D4 0xA1D5,1324,문자,1115,␠,0xA1D4~0xA1D5,0 1,00 01,18 12,0x1D40B 0x1D40A,2F 31,47 42,0x1D360 0x1D360,0x28 0x28,0x354 0x355,e2f0d9
0xA1D6 0xA1D7,1325,문자,1116,기,0xA1D6~0xA1D7,0 1,63 36,B8 21,0x1D409 0x1D408,94 68,E9 53,0x1D360 0x1D360,0x28 0x28,0x356 0x357,e2f0d9
0xA1D8 0xA1D9,1326,문자,1117,다,0xA1D8~0xA1D9,0 1,20 52,C8 27,0x1D407 0x1D406,53 86,FB 5B,0x1D360 0x1D360,0x28 0x28,0x358 0x359,e2f0d9
0xA1DA 0xA1DB,1327,문자,1118,리,0xA1DA~0xA1DB,0 1,31 46,78 34,0x1D405 0x1D404,66 7C,AD 6A,0x1D360 0x1D360,0x28 0x28,0x35A 0x35B,e2f0d9
0xA1DC 0xA1DD,1328,문자,1119,고,0xA1DC~0xA1DD,0 1,52 15,88 20,0x1D403 0x1D402,89 4D,BF 58,0x1D360 0x1D360,0x28 0x28,0x35C 0x35D,e2f0d9
0xA1DE 0xA1DF,1329,문자,1120,␠,0xA1DE~0xA1DF,0 1,47 53,18 12,0x1D401 0x1D400,80 8D,51 4C,0x1D360 0x1D360,0x28 0x28,0x35E 0x35F,e2f0d9
0xA1E0 0xA1E1,1330,문자,1121,있,0xA1E0~0xA1E1,0 1,72 41,F8 DE,0x1D3FF 0x1D3FE,AD 7D,33 1A,0x1D360 0x1D360,0x28 0x28,0x360 0x361,e2f0d9
0xA1E2 0xA1E3,1331,문자,1122,으,0xA1E2~0xA1E3,0 1,54 20,38 DE,0x1D3FD 0x1D3FC,91 5E,75 1C,0x1D360 0x1D360,0x28 0x28,0x362 0x363,e2f0d9
0xA1E4 0xA1E5,1332,문자,1123,마,0xA1E4~0xA1E5,0 1,36 57,B8 34,0x1D3FB 0x1D3FA,75 97,F7 74,0x1D360 0x1D360,0x28 0x28,0x364 0x365,e2f0d9
0xA1E6 0xA1E7,1333,문자,1124,。,0xA1E6~0xA1E7,0 1,42 17,30 12,0x1D3F9 0x1D3F8,83 59,71 54,0x1D360 0x1D360,0x28 0x28,0x366 0x367,e2f0d9
0xA1E8 0xA1E9,1334,제어,,,0xA1E8~0xA1E9,0 1,73 70,15 00,0x1D3F7 0x1D3F6,B6 B4,58 44,0x1D360 0x1D360,0x28 0x28,0x368 0x369,fce4d6
0xA1EA 0xA1EB,1335,문자,1125,흐,0xA1EA~0xA1EB,0 1,80 14,08 E5,0x1D3F5 0x1D3F4,C5 5A,4D 2B,0x1D360 0x1D360,0x28 0x28,0x36A 0x36B,e2f0d9
0xA1EC 0xA1ED,1336,문자,1126,하,0xA1EC~0xA1ED,0 1,00 01,58 E3,0x1D3F3 0x1D3F2,47 49,9F 2B,0x1D360 0x1D360,0x28 0x28,0x36C 0x36D,e2f0d9
0xA1EE 0xA1EF,1337,문자,1127,하,0xA1EE~0xA1EF,0 1,63 36,58 E3,0x1D3F1 0x1D3F0,AC 80,A1 2D,0x1D360 0x1D360,0x28 0x28,0x36E 0x36F,e2f0d9
0xA1F0 0xA1F1,1338,문자,1128,하,0xA1F0~0xA1F1,0 1,20 52,58 E3,0x1D3EF 0x1D3EE,6B 9E,A3 2F,0x1D360 0x1D360,0x28 0x28,0x370 0x371,e2f0d9
0xA1F2 0xA1F3,1339,문자,1129,！,0xA1F2~0xA1F3,0 1,31 46,A0 12,0x1D3ED 0x1D3EC,7E 94,ED 60,0x1D360 0x1D360,0x28 0x28,0x372 0x373,e2f0d9
0xA1F4 0xA1F5 0xA1F6,1340,제어,,,0xA1F4~0xA1F6,0 1 2,52 15 47,19 00 7E,0x1D3EB 0x1D3EA 0x1D3E9,A1 65 98,68 50 CF,0x1D360 0x1D360 0x1D360,0x28 0x28 0x28,0x374 0x375 0x376,fce4d6
0xA1F7 0xA1F8,1341,제어,,,0xA1F7~0xA1F8,0 1,53 72,15 00,0x1D3E8 0x1D3E7,A5 C5,67 53,0x1D360 0x1D360,0x28 0x28,0x377 0x378,fce4d6
0xA1F9 0xA1FA,1342,제어,,,0xA1F9~0xA1FA,0 1,41 54,17 00,0x1D3E6 0x1D3E5,95 A9,6B 55,0x1D360 0x1D360,0x28 0x28,0x379 0x37A,fce4d6
0xA1FB 0xA1FC 0xA1FD,1343,제어,,,0xA1FB~0xA1FD,0 1 2,20 36 57,1A 00 04,0x1D3E4 0x1D3E3 0x1D3E2,76 8D AF,70 57 5C,0x1D360 0x1D360 0x1D360,0x28 0x28 0x28,0x37B 0x37C 0x37D,fce4d6
0xA1FE 0xA1FF 0xA200,1344,제어,,,0xA1FE~0xA200,0 1 2,42 17 73,12 00 40,0x1D3E1 0x1D3E0 0x1D3DF,9B 71 CE,6B 5A 9B,0x1D360 0x1D360 0x1D360,0x28 0x28 0x28,0x37E 0x37F 0x380,fce4d6
0xA201 0xA202 0xA203,1345,제어,,,0xA201~0xA203,0 1 2,70 80 14,11 12 50,0x1D3DE 0x1D3DD 0x1D3DC,CC DD 72,6D 6F AE,0x1D360 0x1D360 0x1D360,0x28 0x28 0x28,0x381 0x382 0x383,fce4d6
0xA204 0xA205,1346,제어,,,0xA204~0xA205,0 1,00 01,16 00,0x1D3DB 0x1D3DA,5F 61,75 60,0x1D360 0x1D360,0x28 0x28,0x384 0x385,fce4d6
0xA206 0xA207,1347,제어,,,0xA206~0xA207,0 1,63 36,10 11,0x1D3D9 0x1D3D8,C4 98,71 73,0x1D360 0x1D360,0x28 0x28,0x386 0x387,fce4d6
0xA208 0xA209 0xA20A 0xA20B,1348,제어,,,0xA208~0xA20B,0 1 2 3,20 52 31 46,14 00 06 80,0x1D3D7 0x1D3D6 0x1D3D5 0x1D3D4,83 B6 96 AC,77 64 6B E6,0x1D360 0x1D360 0x1D360 0x1D360,0x28 0x28 0x28 0x28,0x388 0x389 0x38A 0x38B,fce4d6
0xA20C 0xA20D,1349,문자,1130,・,0xA20C~0xA20D,0 1,52 15,60 12,0x1D3D3 0x1D3D2,B9 7D,C7 7A,0x1D360 0x1D360,0x28 0x28,0x38C 0x38D,e2f0d9
0xA20E 0xA20F,1350,문자,1131,・,0xA20E~0xA20F,0 1,47 53,60 12,0x1D3D1 0x1D3D0,B0 BD,C9 7C,0x1D360 0x1D360,0x28 0x28,0x38E 0x38F,e2f0d9
0xA210 0xA211,1351,문자,1132,・,0xA210~0xA211,0 1,72 41,60 12,0x1D3CF 0x1D3CE,DD AD,CB 7E,0x1D360 0x1D360,0x28 0x28,0x390 0x391,e2f0d9
0xA212 0xA213,1352,문자,1133,용,0xA212~0xA213,0 1,54 20,F8 CB,0x1D3CD 0x1D3CC,C1 8E,65 39,0x1D360 0x1D360,0x28 0x28,0x392 0x393,e2f0d9
0xA214 0xA215,1353,문자,1134,서,0xA214~0xA215,0 1,36 57,58 3D,0x1D3CB 0x1D3CA,A5 C7,C7 AD,0x1D360 0x1D360,0x28 0x28,0x394 0x395,e2f0d9
0xA216 0xA217,1354,문자,1135,␠,0xA216~0xA217,0 1,42 17,18 12,0x1D3C9 0x1D3C8,B3 89,89 84,0x1D360 0x1D360,0x28 0x28,0x396 0x397,e2f0d9
0xA218 0xA219,1355,문자,1136,못,0xA218~0xA219,0 1,73 70,E8 35,0x1D3C7 0x1D3C6,E6 E4,5B A9,0x1D360 0x1D360,0x28 0x28,0x398 0x399,e2f0d9
0xA21A 0xA21B,1356,문자,1137,해,0xA21A~0xA21B,0 1,80 14,B8 E3,0x1D3C5 0x1D3C4,F5 8A,2D 59,0x1D360 0x1D360,0x28 0x28,0x39A 0x39B,e2f0d9
0xA21C 0xA21D,1357,문자,1138,、,0xA21C~0xA21D,0 1,00 01,20 12,0x1D3C3 0x1D3C2,77 79,97 8A,0x1D360 0x1D360,0x28 0x28,0x39C 0x39D,e2f0d9
0xA21E 0xA21F,1358,문자,1139,로,0xA21E~0xA21F,0 1,00 17,D8 31,0x1D3C1 0x1D3C0,79 91,51 AB,0x1D360 0x1D360,0x28 0x28,0x39E 0x39F,e2f0d9
0xA220 0xA221,1359,문자,1140,그,0xA220~0xA221,0 1,27 37,58 21,0x1D3BF 0x1D3BE,A2 B3,D3 9D,0x1D360 0x1D360,0x28 0x28,0x3A0 0x3A1,e2f0d9
0xA222 0xA223,1360,문자,1141,레,0xA222~0xA223,0 1,47 57,A8 31,0x1D3BD 0x1D3BC,C4 D5,25 AF,0x1D360 0x1D360,0x28 0x28,0x3A2 0x3A3,e2f0d9
0xA224 0xA225,1361,문자,1142,스,0xA224~0xA225,0 1,67 77,78 3F,0x1D3BB 0x1D3BA,E6 F7,F7 BF,0x1D360 0x1D360,0x28 0x28,0x3A4 0x3A5,e2f0d9
0xA226 0xA227,1362,문자,1143,！,0xA226~0xA227,0 1,80 14,A0 12,0x1D3B9 0x1D3B8,01 96,21 94,0x1D360 0x1D360,0x28 0x28,0x3A6 0x3A7,e2f0d9
0xA228 0xA229,1363,문자,1144,␠,0xA228~0xA229,0 1,00 00,18 12,0x1D3B7 0x1D3B6,83 84,9B 96,0x1D360 0x1D360,0x28 0x28,0x3A8 0x3A9,e2f0d9
0xA22A 0xA22B,1364,문자,1145,・,0xA22A~0xA22B,0 1,00 11,60 12,0x1D3B5 0x1D3B4,85 97,E5 98,0x1D360 0x1D360,0x28 0x28,0x3AA 0x3AB,e2f0d9
0xA22C 0xA22D,1365,문자,1146,・,0xA22C~0xA22D,0 1,22 33,60 12,0x1D3B3 0x1D3B2,A9 BB,E7 9A,0x1D360 0x1D360,0x28 0x28,0x3AC 0x3AD,e2f0d9
0xA22E 0xA22F,1366,문자,1147,・,0xA22E~0xA22F,0 1,44 55,60 12,0x1D3B1 0x1D3B0,CD DF,E9 9C,0x1D360 0x1D360,0x28 0x28,0x3AE 0x3AF,e2f0d9
0xA230 0xA231,1367,문자,1148,넌,0xA230~0xA231,0 1,66 77,68 25,0x1D3AF 0x1D3AE,F1 03,F3 B1,0x1D360 0x1D360,0x28 0x28,0x3B0 0x3B1,e2f0d9
0xA232 0xA233,1368,문자,1149,␠,0xA232~0xA233,0 1,80 20,18 12,0x1D3AD 0x1D3AC,0D AE,A5 A0,0x1D360 0x1D360,0x28 0x28,0x3B2 0x3B3,e2f0d9
0xA234 0xA235,1369,문자,1150,반,0xA234~0xA235,0 1,1A 10,98 39,0x1D3AB 0x1D3AA,A9 A0,27 C9,0x1D360 0x1D360,0x28 0x28,0x3B4 0x3B5,e2f0d9
0xA236 0xA237,1370,문자,1151,드,0xA236~0xA237,0 1,1A 30,08 2F,0x1D3A9 0x1D3A8,AB C2,99 C1,0x1D360 0x1D360,0x28 0x28,0x3B6 0x3B7,e2f0d9
0xA238 0xA239,1371,문자,1152,시,0xA238~0xA239,0 1,2A A0,C8 3F,0x1D3A7 0x1D3A6,BD 34,5B D3,0x1D360 0x1D360,0x28 0x28,0x3B8 0x3B9,e2f0d9
0xA23A 0xA23B,1372,문자,1153,・,0xA23A~0xA23B,0 1,12 19,60 12,0x1D3A5 0x1D3A4,A7 AF,F5 A8,0x1D360 0x1D360,0x28 0x28,0x3BA 0x3BB,e2f0d9
0xA23C 0xA23D,1373,문자,1154,・,0xA23C~0xA23D,0 1,00 74,60 12,0x1D3A3 0x1D3A2,97 0C,F7 AA,0x1D360 0x1D360,0x28 0x28,0x3BC 0x3BD,e2f0d9
0xA23E 0xA23F,1374,문자,1155,・,0xA23E~0xA23F,0 1,15 00,60 12,0x1D3A1 0x1D3A0,AE 9A,F9 AC,0x1D360 0x1D360,0x28 0x28,0x3BE 0x3BF,e2f0d9
0xA240 0xA241,1375,문자,1156,␠,0xA240~0xA241,0 1,17 00,18 12,0x1D39F 0x1D39E,B2 9C,B3 AE,0x1D360 0x1D360,0x28 0x28,0x3C0 0x3C1,e2f0d9
0xA242 0xA243,1376,문자,1157,내,0xA242~0xA243,0 1,1A 00,08 25,0x1D39D 0x1D39C,B7 9E,A5 C3,0x1D360 0x1D360,0x28 0x28,0x3C2 0x3C3,e2f0d9
0xA244 0xA245,1377,문자,1158,␠,0xA244~0xA245,0 1,04 14,18 12,0x1D39B 0x1D39A,A3 B4,B7 B2,0x1D360 0x1D360,0x28 0x28,0x3C4 0x3C5,e2f0d9
0xA246 0xA247,1378,문자,1159,손,0xA246~0xA247,0 1,00 00,F8 3D,0x1D399 0x1D398,A1 A2,99 DF,0x1D360 0x1D360,0x28 0x28,0x3C6 0x3C7,e2f0d9
0xA248 0xA249,1379,문자,1160,으,0xA248~0xA249,0 1,00 11,38 DE,0x1D397 0x1D396,A3 B5,DB 82,0x1D360 0x1D360,0x28 0x28,0x3C8 0x3C9,e2f0d9
0xA24A 0xA24B,1380,문자,1161,로,0xA24A~0xA24B,0 1,22 33,D8 31,0x1D395 0x1D394,C7 D9,7D D7,0x1D360 0x1D360,0x28 0x28,0x3CA 0x3CB,e2f0d9
0xA24C 0xA24D,1381,문자,1162,！,0xA24C~0xA24D,0 1,44 55,A0 12,0x1D393 0x1D392,EB FD,47 BA,0x1D360 0x1D360,0x28 0x28,0x3CC 0x3CD,e2f0d9
0xA24E,TERMINATOR,종료,,0F,0xA24E,0,66,0F,0x1D391,0F,B8,0x1D360,0x28,0x3CE,
