runtime_addrs,row,kind,slot,char,row_addr,byte_indices,decoded_old_bytes,decoded_new_bytes,disk_offsets,raw_old_bytes,raw_new_bytes,payload_starts,decode_keys,segment_indices,fill
0x96A6 0x96A7,12,문자,4,누,0x96A6~0x96A7,0 1,48 18,C8 25,0x1BED9 0x1BED8,45 16,C5 23,0x1BB00 0x1BB00,0x29 0x29,0x026 0x027,e2f0d9
0x96A8 0x96A9,13,문자,5,가,0x96A8~0x96A9,0 1,B8 38,A8 17,0x1BED7 0x1BED6,B7 38,A7 17,0x1BB00 0x1BB00,0x29 0x29,0x028 0x029,e2f0d9
0x96AA,14,문자,6,␠,0x96AA~0x96AB,0,60,18,0x1BED5,61,19,0x1BB00,0x29,0x02A,e2f0d9
0x96AC 0x96AD,15,문자,7,있,0x96AC~0x96AD,0 1,60 12,F8 DE,0x1BED3 0x1BED2,63 16,FB E2,0x1BB00 0x1BB00,0x29 0x29,0x02C 0x02D,e2f0d9
0x96AE 0x96AF,16,문자,8,어,0x96AE~0x96AF,0 1,12 00,08 70,0x1BED1 0x1BED0,17 06,0D 76,0x1BB00 0x1BB00,0x29 0x29,0x02E 0x02F,e2f0d9
0x96B0 0x96B1,17,문자,9,・,0x96B0~0x96B1,0 1,23 21,60 12,0x1BECF 0x1BECE,2A 29,67 1A,0x1BB00 0x1BB00,0x29 0x29,0x030 0x031,e2f0d9
0x96B2 0x96B3,18,문자,10,・,0x96B2~0x96B3,0 1,00 60,60 12,0x1BECD 0x1BECC,09 6A,69 1C,0x1BB00 0x1BB00,0x29 0x29,0x032 0x033,e2f0d9
0x96B5 0x96B6 0x96B7 0x96B8,19,제어,,,0x96B4~0x96B8,1 2 3 4,12 00 23 21,00 23 21 00,0x1BECA 0x1BEC9 0x1BEC8 0x1BEC7,1E 0D 31 30,0C 30 2F 0F,0x1BB00 0x1BB00 0x1BB00 0x1BB00,0x29 0x29 0x29 0x29,0x035 0x036 0x037 0x038,fce4d6
0x96B9 0x96BA,20,문자,11,・,0x96B9~0x96BA,0 1,00 18,60 12,0x1BEC6 0x1BEC5,10 29,70 23,0x1BB00 0x1BB00,0x29 0x29,0x039 0x03A,e2f0d9
0x96BB 0x96BC 0x96BD 0x96BE 0x96BF,21,제어,,,0x96BB~0x96BF,0 1 2 3 4,EC F8 18 B8 28,12 00 23 21 00,0x1BEC4 0x1BEC3 0x1BEC2 0x1BEC1 0x1BEC0,FE 0B 2C CD 3E,24 13 37 36 16,0x1BB00 0x1BB00 0x1BB00 0x1BB00 0x1BB00,0x29 0x29 0x29 0x29 0x29,0x03B 0x03C 0x03D 0x03E 0x03F,fce4d6
0x96C0,22,문자,12,␠,0x96C0~0x96C1,0,60,18,0x1BEBF,77,2F,0x1BB00,0x29,0x040,e2f0d9
0x96C2 0x96C3,23,문자,13,가,0x96C2~0x96C3,0 1,60 12,A8 17,0x1BEBD 0x1BEBC,79 2C,C1 31,0x1BB00 0x1BB00,0x29 0x29,0x042 0x043,e2f0d9
0x96C4 0x96C5,24,문자,14,까,0x96C4~0x96C5,0 1,60 12,F8 21,0x1BEBB 0x1BEBA,7B 2E,13 3D,0x1BB00 0x1BB00,0x29 0x29,0x044 0x045,e2f0d9
0x96C6 0x96C7,25,문자,15,이,0x96C6~0x96C7,0 1,12 00,98 DE,0x1BEB9 0x1BEB8,2F 1E,B5 FC,0x1BB00 0x1BB00,0x29 0x29,0x046 0x047,e2f0d9
0x96C8 0x96C9,26,문자,16,・,0x96C8~0x96C9,0 1,23 21,60 12,0x1BEB7 0x1BEB6,42 41,7F 32,0x1BB00 0x1BB00,0x29 0x29,0x048 0x049,e2f0d9
0x96CA 0x96CB,27,문자,17,・,0x96CA~0x96CB,0 1,00 98,60 12,0x1BEB5 0x1BEB4,21 BA,81 34,0x1BB00 0x1BB00,0x29 0x29,0x04A 0x04B,e2f0d9
0x96CC 0x96CD,28,문자,18,・,0x96CC~0x96CD,0 1,28 38,60 12,0x1BEB3 0x1BEB2,4B 5C,83 36,0x1BB00 0x1BB00,0x29 0x29,0x04C 0x04D,e2f0d9
0x96CE 0x96CF 0x96D0 0x96D1 0x96D2,29,제어,,,0x96CE~0x96D2,0 1 2 3 4,19 A0 12 90 12,12 00 23 21 00,0x1BEB1 0x1BEB0 0x1BEAF 0x1BEAE 0x1BEAD,3E C6 39 B8 3B,37 26 4A 49 29,0x1BB00 0x1BB00 0x1BB00 0x1BB00 0x1BB00,0x29 0x29 0x29 0x29 0x29,0x04E 0x04F 0x050 0x051 0x052,fce4d6
0x96D3 0x96D4,30,문자,19,␠,0x96D3~0x96D4,0 1,12 00,18 12,0x1BEAC 0x1BEAB,3C 2B,42 3D,0x1BB00 0x1BB00,0x29 0x29,0x053 0x054,e2f0d9
0x96D5 0x96D6,31,문자,20,어,0x96D5~0x96D6,0 1,23 24,08 70,0x1BEAA 0x1BEA9,4F 51,34 9D,0x1BB00 0x1BB00,0x29 0x29,0x055 0x056,e2f0d9
0x96D7 0x96D8,32,문자,21,디,0x96D7~0x96D8,0 1,00 A0,28 30,0x1BEA8 0x1BEA7,2E CF,56 5F,0x1BB00 0x1BB00,0x29 0x29,0x057 0x058,e2f0d9
0x96D9 0x96DA,33,문자,22,지,0x96D9~0x96DA,0 1,12 19,18 E0,0x1BEA6 0x1BEA5,42 4A,48 11,0x1BB00 0x1BB00,0x29 0x29,0x059 0x05A,e2f0d9
0x96DB 0x96DC,34,문자,23,！,0x96DB~0x96DC,0 1,00 67,A0 12,0x1BEA4 0x1BEA3,32 9A,D2 45,0x1BB00 0x1BB00,0x29 0x29,0x05B 0x05C,e2f0d9
0x96DD 0x96DE,35,문자,24,？,0x96DD~0x96DE,0 1,1B 00,90 12,0x1BEA2 0x1BEA1,4F 35,C4 47,0x1BB00 0x1BB00,0x29 0x29,0x05D 0x05E,e2f0d9
0x96DF 0x96E0 0x96E1 0x96E2,36,제어,,,0x96DF~0x96E3,0 1 2 3,80 15 00 16,12 00 23 24,0x1BEA0 0x1BE9F 0x1BE9E 0x1BE9D,B6 4C 38 4F,48 37 5B 5D,0x1BB00 0x1BB00 0x1BB00 0x1BB00,0x29 0x29 0x29 0x29,0x05F 0x060 0x061 0x062,fce4d6
0x96E4 0x96E5,37,문자,25,！,0x96E4~0x96E5,0 1,17 00,A0 12,0x1BE9B 0x1BE9A,52 3C,DB 4E,0x1BB00 0x1BB00,0x29 0x29,0x064 0x065,e2f0d9
0x96E6 0x96E8,38,제어,,,0x96E6~0x96E8,0 2,1A 04,19 67,0x1BE99 0x1BE97,57 43,56 A6,0x1BB00 0x1BB00,0x29 0x29,0x066 0x068,fce4d6
0x96E9 0x96EB,39,제어,,,0x96E9~0x96EB,0 2,16 19,1B 80,0x1BE96 0x1BE94,56 5B,5B C2,0x1BB00 0x1BB00,0x29 0x29,0x069 0x06B,fce4d6
0x96EC 0x96ED,40,제어,,,0x96EC~0x96ED,0 1,00 68,15 00,0x1BE93 0x1BE92,43 AC,58 44,0x1BB00 0x1BB00,0x29 0x29,0x06C 0x06D,fce4d6
0x96EE,41,제어,,,0x96EE~0x96EF,0,13,16,0x1BE91,58,5B,0x1BB00,0x29,0x06E,fce4d6
0x96F0 0x96F1,42,제어,,,0x96F0~0x96F1,0 1,02 78,17 00,0x1BE8F 0x1BE8E,49 C0,5E 48,0x1BB00 0x1BB00,0x29 0x29,0x070 0x071,fce4d6
0x96F2 0x96F3 0x96F4,43,제어,,,0x96F2~0x96F4,0 1 2,58 2B F8,1A 00 04,0x1BE8D 0x1BE8C 0x1BE8B,A1 75 43,63 4A 4F,0x1BB00 0x1BB00 0x1BB00,0x29 0x29 0x29,0x072 0x073 0x074,fce4d6
0x96F5 0x96F6,44,제어,,,0x96F5~0x96F6,0 1,2A F8,16 00,0x1BE8A 0x1BE89,76 45,62 4D,0x1BB00 0x1BB00,0x29 0x29,0x075 0x076,fce4d6
0x96F7 0x96F8 0x96F9,45,제어,,,0x96F7~0x96F9,0 1 2,2A F8 2A,19 00 68,0x1BE88 0x1BE87 0x1BE86,78 47 7A,67 4F B8,0x1BB00 0x1BB00 0x1BB00,0x29 0x29 0x29,0x077 0x078 0x079,fce4d6
0x96FA 0x96FB 0x96FC 0x96FD,46,제어,,,0x96FA~0x96FD,0 1 2 3,F8 2A F8 2A,13 00 02 78,0x1BE85 0x1BE84 0x1BE83 0x1BE82,49 7C 4B 7E,64 52 55 CC,0x1BB00 0x1BB00 0x1BB00 0x1BB00,0x29 0x29 0x29 0x29,0x07A 0x07B 0x07C 0x07D,fce4d6
0x96FE 0x96FF,47,문자,26,흐,0x96FE~0x96FF,0 1,60 12,08 E5,0x1BE81 0x1BE80,B5 68,5D 3B,0x1BB00 0x1BB00,0x29 0x29,0x07E 0x07F,e2f0d9
0x9700 0x9701,48,문자,27,하,0x9700~0x9701,0 1,60 12,58 E3,0x1BE7F 0x1BE7E,B7 6A,AF 3B,0x1BB00 0x1BB00,0x29 0x29,0x080 0x081,e2f0d9
0x9702 0x9703,49,문자,28,하,0x9702~0x9703,0 1,60 12,58 E3,0x1BE7D 0x1BE7C,B9 6C,B1 3D,0x1BB00 0x1BB00,0x29 0x29,0x082 0x083,e2f0d9
0x9704 0x9705,50,문자,29,・,0x9704~0x9705,0 1,A8 18,60 12,0x1BE7B 0x1BE7A,03 74,BB 6E,0x1BB00 0x1BB00,0x29 0x29,0x084 0x085,e2f0d9
0x9706 0x9707,51,문자,30,・,0x9706~0x9707,0 1,E8 29,60 12,0x1BE79 0x1BE78,45 87,BD 70,0x1BB00 0x1BB00,0x29 0x29,0x086 0x087,e2f0d9
0x9708 0x9709,52,문자,31,・,0x9708~0x9709,0 1,88 18,60 12,0x1BE77 0x1BE76,E7 78,BF 72,0x1BB00 0x1BB00,0x29 0x29,0x088 0x089,e2f0d9
0x970A 0x970B,53,문자,32,␠,0x970A~0x970B,0 1,C8 18,18 12,0x1BE75 0x1BE74,29 7A,79 74,0x1BB00 0x1BB00,0x29 0x29,0x08A 0x08B,e2f0d9
0x970C 0x970D,54,문자,33,네,0x970C~0x970D,0 1,38 74,98 25,0x1BE73 0x1BE72,9B D8,FB 89,0x1BB00 0x1BB00,0x29 0x29,0x08C 0x08D,e2f0d9
0x970E 0x970F,55,문자,34,가,0x970E~0x970F,0 1,98 8B,A8 17,0x1BE71 0x1BE70,FD F1,0D 7D,0x1BB00 0x1BB00,0x29 0x29,0x08E 0x08F,e2f0d9
0x9710 0x9711,56,문자,35,␠,0x9710~0x9711,0 1,E8 28,18 12,0x1BE6F 0x1BE6E,4F 90,7F 7A,0x1BB00 0x1BB00,0x29 0x29,0x090 0x091,e2f0d9
0x9712 0x9713,57,문자,36,새,0x9712~0x9713,0 1,F8 C0,38 3D,0x1BE6D 0x1BE6C,61 2A,A1 A7,0x1BB00 0x1BB00,0x29 0x29,0x092 0x093,e2f0d9
0x9714 0x9715,58,문자,37,로,0x9714~0x9715,0 1,E8 B6,D8 31,0x1BE6B 0x1BE6A,53 22,43 9D,0x1BB00 0x1BB00,0x29 0x29,0x094 0x095,e2f0d9
0x9716 0x9717,59,문자,38,운,0x9716~0x9717,0 1,B8 18,F8 D1,0x1BE69 0x1BE68,25 86,65 3F,0x1BB00 0x1BB00,0x29 0x29,0x096 0x097,e2f0d9
0x9718,60,문자,39,␠,0x9718~0x9719,0,20,18,0x1BE67,8F,87,0x1BB00,0x29,0x098,e2f0d9
0x971A 0x971B,61,문자,40,전,0x971A~0x971B,0 1,E8 59,B8 DF,0x1BE65 0x1BE64,59 CB,29 51,0x1BB00 0x1BB00,0x29 0x29,0x09A 0x09B,e2f0d9
0x971C 0x971D,62,문자,41,사,0x971C~0x971D,0 1,88 FC,E8 3C,0x1BE63 0x1BE62,FB 70,5B B0,0x1BB00 0x1BB00,0x29 0x29,0x09C 0x09D,e2f0d9
0x971E 0x971F,63,문자,42,인,0x971E~0x971F,0 1,B8 38,A8 DE,0x1BE61 0x1BE60,2D AE,1D 54,0x1BB00 0x1BB00,0x29 0x29,0x09E 0x09F,e2f0d9
0x9720 0x9721,64,문자,43,가,0x9720~0x9721,0 1,C8 18,A8 17,0x1BE5F 0x1BE5E,3F 90,1F 8F,0x1BB00 0x1BB00,0x29 0x29,0x0A0 0x0A1,e2f0d9
0x9722 0x9723,65,문자,44,？,0x9722~0x9723,0 1,88 38,90 12,0x1BE5D 0x1BE5C,01 B2,09 8C,0x1BB00 0x1BB00,0x29 0x29,0x0A2 0x0A3,e2f0d9
0x9724 0x9725,66,문자,45,␠,0x9724~0x9725,0 1,48 18,18 12,0x1BE5B 0x1BE5A,C3 94,93 8E,0x1BB00 0x1BB00,0x29 0x29,0x0A4 0x0A5,e2f0d9
0x9726 0x9727,67,문자,46,이,0x9726~0x9727,0 1,48 3B,98 DE,0x1BE59 0x1BE58,C5 B9,15 5C,0x1BB00 0x1BB00,0x29 0x29,0x0A6 0x0A7,e2f0d9
0x9728 0x9729,68,문자,47,름,0x9728~0x9729,0 1,18 1A,68 34,0x1BE57 0x1BE56,97 9A,E7 B4,0x1BB00 0x1BB00,0x29 0x29,0x0A8 0x0A9,e2f0d9
0x972A 0x972B,69,문자,48,을,0x972A~0x972B,0 1,A8 3A,58 DE,0x1BE55 0x1BE54,29 BC,D9 60,0x1BB00 0x1BB00,0x29 0x29,0x0AA 0x0AB,e2f0d9
0x972C 0x972D,70,문자,49,␠,0x972C~0x972D,0 1,98 1B,18 12,0x1BE53 0x1BE52,1B 9F,9B 96,0x1BB00 0x1BB00,0x29 0x29,0x0AC 0x0AD,e2f0d9
0x972E 0x972F,71,문자,50,밝,0x972E~0x972F,0 1,E8 28,C8 39,0x1BE51 0x1BE50,6D AE,4D BF,0x1BB00 0x1BB00,0x29 0x29,0x0AE 0x0AF,e2f0d9
0x9730 0x9731,72,문자,51,히,0x9730~0x9731,0 1,F8 C0,68 E5,0x1BE4F 0x1BE4E,7F 48,EF 6D,0x1BB00 0x1BB00,0x29 0x29,0x0B0 0x0B1,e2f0d9
0x9732 0x9733,73,문자,52,거,0x9732~0x9733,0 1,E8 B6,98 1D,0x1BE4D 0x1BE4C,71 40,21 A7,0x1BB00 0x1BB00,0x29 0x29,0x0B2 0x0B3,e2f0d9
0x9734 0x9735,74,문자,53,라,0x9734~0x9735,0 1,88 38,F8 30,0x1BE4B 0x1BE4A,13 C4,83 BC,0x1BB00 0x1BB00,0x29 0x29,0x0B4 0x0B5,e2f0d9
0x9736,75,문자,54,、,0x9736~0x9737,0,A0,20,0x1BE49,2D,AD,0x1BB00,0x29,0x0B6,e2f0d9
0x9738 0x9739,76,문자,55,바,0x9738~0x9739,0 1,19 00,88 39,0x1BE47 0x1BE46,A8 90,17 C9,0x1BB00 0x1BB00,0x29 0x29,0x0B8 0x0B9,e2f0d9
0x973B,77,문자,56,리,0x973A~0x973B,1,15,34,0x1BE44,A7,C6,0x1BB00,0x29,0x0BB,e2f0d9
0x973C 0x973D,78,문자,57,스,0x973C~0x973D,0 1,00 17,78 3F,0x1BE43 0x1BE42,93 AB,0B D3,0x1BB00 0x1BB00,0x29 0x29,0x0BC 0x0BD,e2f0d9
0x973E 0x973F,79,문자,58,의,0x973E~0x973F,0 1,00 1A,88 DE,0x1BE41 0x1BE40,95 B0,1D 74,0x1BB00 0x1BB00,0x29 0x29,0x0BE 0x0BF,e2f0d9
0x9740 0x9741,80,문자,59,␠,0x9740~0x9741,0 1,00 04,18 12,0x1BE3F 0x1BE3E,97 9C,AF AA,0x1BB00 0x1BB00,0x29 0x29,0x0C0 0x0C1,e2f0d9
0x9742 0x9743,81,문자,60,전,0x9742~0x9743,0 1,16 00,B8 DF,0x1BE3D 0x1BE3C,AF 9A,51 79,0x1BB00 0x1BB00,0x29 0x29,0x0C2 0x0C3,e2f0d9
0x9744 0x9745,82,문자,61,사,0x9744~0x9745,0 1,A0 18,E8 3C,0x1BE3B 0x1BE3A,3B B4,83 D8,0x1BB00 0x1BB00,0x29 0x29,0x0C4 0x0C5,e2f0d9
0x9746 0x9747,83,문자,62,여,0x9746~0x9747,0 1,20 12,58 9F,0x1BE39 0x1BE38,BD B0,F5 3D,0x1BB00 0x1BB00,0x29 0x29,0x0C6 0x0C7,e2f0d9
0x9749,84,문자,63,！,0x9748~0x9749,1,18,12,0x1BE36,B8,B2,0x1BB00,0x29,0x0C9,e2f0d9
0x974A 0x974B 0x974C,85,제어,,,0x974A~0x974C,0 1 2,E0 29 80,19 00 78,0x1BE35 0x1BE34 0x1BE33,81 CB 23,BA A2 1B,0x1BB00 0x1BB00 0x1BB00,0x29 0x29 0x29,0x0CA 0x0CB 0x0CC,fce4d6
0x974D 0x974E,86,제어,,,0x974D~0x974E,0 1,18 F0,15 00,0x1BE32 0x1BE31,BC 95,B9 A5,0x1BB00 0x1BB00,0x29 0x29,0x0CD 0x0CE,fce4d6
0x974F 0x9750,87,제어,,,0x974F~0x9750,0 1,28 60,17 00,0x1BE30 0x1BE2F,CE 07,BD A7,0x1BB00 0x1BB00,0x29 0x29,0x0CF 0x0D0,fce4d6
0x9751 0x9752 0x9753,88,제어,,,0x9751~0x9753,0 1 2,12 60 12,1A 00 04,0x1BE2E 0x1BE2D 0x1BE2C,BA 09 BC,C2 A9 AE,0x1BB00 0x1BB00 0x1BB00,0x29 0x29 0x29,0x0D1 0x0D2 0x0D3,fce4d6
0x9754 0x9755,89,제어,,,0x9754~0x9755,0 1,60 12,16 00,0x1BE2B 0x1BE2A,0B BE,C1 AC,0x1BB00 0x1BB00,0x29 0x29,0x0D4 0x0D5,fce4d6
0x9756 0x9757,90,문자,64,너,0x9756~0x9757,0 1,F0 46,50 25,0x1BE29 0x1BE28,9D F4,FD D3,0x1BB00 0x1BB00,0x29 0x29,0x0D6 0x0D7,e9ae2b
0x9758 0x9759,91,문자,65,、,0x9758~0x9759,0 1,A0 28,20 12,0x1BE27 0x1BE26,4F D8,CF C2,0x1BB00 0x1BB00,0x29 0x29,0x0D8 0x0D9,e2f0d9
0x975A 0x975B,92,문자,66,넌,0x975A~0x975B,0 1,E0 28,60 25,0x1BE25 0x1BE24,91 DA,11 D7,0x1BB00 0x1BB00,0x29 0x29,0x0DA 0x0DB,e9ae2b
0x975C,93,문자,67,・,0x975C~0x975D,0,A0,60,0x1BE23,53,13,0x1BB00,0x29,0x0DC,e2f0d9
0x975E,94,문자,68,・,0x975E~0x975F,0,90,60,0x1BE21,45,15,0x1BB00,0x29,0x0DE,e2f0d9
0x9760 0x9761,95,문자,69,・,0x9760~0x9761,0 1,19 00,60 12,0x1BE1F 0x1BE1E,D0 B8,17 CA,0x1BB00 0x1BB00,0x29 0x29,0x0E0 0x0E1,e2f0d9
0x9762 0x9763,96,문자,70,␠,0x9762~0x9763,0 1,69 15,18 12,0x1BE1D 0x1BE1C,22 CF,D1 CC,0x1BB00 0x1BB00,0x29 0x29,0x0E2 0x0E3,e2f0d9
0x9764 0x9765,97,문자,71,누,0x9764~0x9765,0 1,00 17,C0 25,0x1BE1B 0x1BE1A,BB D3,7B E1,0x1BB00 0x1BB00,0x29 0x29,0x0E4 0x0E5,e9ae2b
0x9767,98,문자,72,구,0x9766~0x9767,1,1A,21,0x1BE18,D8,DF,0x1BB00,0x29,0x0E7,e9ae2b
0x9769,99,문자,73,야,0x9768~0x9769,1,04,6C,0x1BE16,C4,2C,0x1BB00,0x29,0x0E9,e9ae2b
0x976A 0x976B,100,문자,74,！,0x976A~0x976B,0 1,16 00,A0 12,0x1BE15 0x1BE14,D7 C2,61 D4,0x1BB00 0x1BB00,0x29 0x29,0x0EA 0x0EB,e2f0d9
0x976C 0x976D,101,문자,75,？,0x976C~0x976D,0 1,F8 2A,90 12,0x1BE13 0x1BE12,BB EE,53 D6,0x1BB00 0x1BB00,0x29 0x29,0x0EC 0x0ED,e2f0d9
0x976E 0x976F 0x9770,102,제어,,,0x976E~0x9770,0 1 2,38 2A F8,19 00 69,0x1BE11 0x1BE10 0x1BE0F,FD F0 BF,DE C6 30,0x1BB00 0x1BB00 0x1BB00,0x29 0x29 0x29,0x0EE 0x0EF 0x0F0,fce4d6
0x9771 0x9772,103,제어,,,0x9771~0x9772,0 1,2A 38,15 00,0x1BE0E 0x1BE0D,F2 01,DD C9,0x1BB00 0x1BB00,0x29 0x29,0x0F1 0x0F2,fce4d6
0x9773 0x9774,104,제어,,,0x9773~0x9774,0 1,2A F8,17 00,0x1BE0C 0x1BE0B,F4 C3,E1 CB,0x1BB00 0x1BB00,0x29 0x29,0x0F3 0x0F4,fce4d6
0x9775 0x9776 0x9777,105,제어,,,0x9775~0x9777,0 1 2,2A 38 2A,1A 00 04,0x1BE0A 0x1BE09 0x1BE08,F6 05 F8,E6 CD D2,0x1BB00 0x1BB00 0x1BB00,0x29 0x29 0x29,0x0F5 0x0F6 0x0F7,fce4d6
0x9778 0x9779,106,제어,,,0x9778~0x9779,0 1,20 12,16 00,0x1BE07 0x1BE06,EF E2,E5 D0,0x1BB00 0x1BB00,0x29 0x29,0x0F8 0x0F9,fce4d6
0x977A 0x977B,107,문자,76,하,0x977A~0x977B,0 1,98 28,58 E3,0x1BE05 0x1BE04,69 FA,29 B5,0x1BB00 0x1BB00,0x29 0x29,0x0FA 0x0FB,e2f0d9
0x977C 0x977D,108,문자,77,하,0x977C~0x977D,0 1,68 18,58 E3,0x1BE03 0x1BE02,3B EC,2B B7,0x1BB00 0x1BB00,0x29 0x29,0x0FC 0x0FD,e2f0d9
0x977E 0x977F,109,문자,78,하,0x977E~0x977F,0 1,78 19,58 E3,0x1BE01 0x1BE00,4D F0,2D BA,0x1BB00 0x1BB00,0x29 0x29,0x0FE 0x0FF,e2f0d9
0x9780 0x9781,110,문자,79,、,0x9780~0x9781,0 1,F8 19,20 12,0x1BDFF 0x1BDFE,D0 F2,F8 EB,0x1BB00 0x1BB00,0x29 0x29,0x100 0x101,e2f0d9
0x9782 0x9783,111,문자,80,왜,0x9782~0x9783,0 1,90 12,F8 C5,0x1BDFD 0x1BDFC,6A ED,D2 A0,0x1BB00 0x1BB00,0x29 0x29,0x102 0x103,e2f0d9
0x9784 0x9785,112,문자,81,␠,0x9784~0x9785,0 1,C8 41,18 12,0x1BDFB 0x1BDFA,A4 1E,F4 EF,0x1BB00 0x1BB00,0x29 0x29,0x104 0x105,e2f0d9
0x9786 0x9787,113,문자,82,그,0x9786~0x9787,0 1,C8 18,58 21,0x1BDF9 0x1BDF8,A6 F7,36 00,0x1BB00 0x1BB00,0x29 0x29,0x106 0x107,e2f0d9
0x9788 0x9789,114,문자,83,러,0x9788~0x9789,0 1,58 29,48 31,0x1BDF7 0x1BDF6,38 0A,28 12,0x1BB00 0x1BB00,0x29 0x29,0x108 0x109,e2f0d9
0x978A 0x978B,115,문자,84,느,0x978A~0x978B,0 1,B8 38,D8 25,0x1BDF5 0x1BDF4,9A 1B,BA 08,0x1BB00 0x1BB00,0x29 0x29,0x10A 0x10B,e2f0d9
0x978C 0x978D,116,문자,85,냐,0x978C~0x978D,0 1,88 18,38 25,0x1BDF3 0x1BDF2,6C FD,1C 0A,0x1BB00 0x1BB00,0x29 0x29,0x10C 0x10D,e2f0d9
0x978E 0x978F,117,문자,86,？,0x978E~0x978F,0 1,68 28,90 12,0x1BDF1 0x1BDF0,4E 0F,76 F9,0x1BB00 0x1BB00,0x29 0x29,0x10E 0x10F,e2f0d9
0x9790 0x9791,118,문자,87,␠,0x9790~0x9791,0 1,A8 18,18 12,0x1BDEF 0x1BDEE,90 01,00 FB,0x1BB00 0x1BB00,0x29 0x29,0x110 0x111,e2f0d9
0x9793,119,문자,88,목,0x9792~0x9793,1,38,35,0x1BDEC,23,20,0x1BB00,0x29,0x113,e2f0d9
0x9794 0x9795,120,문자,89,소,0x9794~0x9795,0 1,E8 19,D8 3D,0x1BDEB 0x1BDEA,D4 06,C4 2A,0x1BB00 0x1BB00,0x29 0x29,0x114 0x115,e2f0d9
0x9796 0x9797,121,문자,90,리,0x9796~0x9797,0 1,30 12,78 34,0x1BDE9 0x1BDE8,1E 01,66 23,0x1BB00 0x1BB00,0x29 0x29,0x116 0x117,e2f0d9
0x9798 0x9799,122,문자,91,가,0x9798~0x9799,0 1,48 3B,A8 17,0x1BDE7 0x1BDE6,38 2C,98 08,0x1BB00 0x1BB00,0x29 0x29,0x118 0x119,e2f0d9
0x979B,123,문자,92,␠,0x979A~0x979B,1,1A,12,0x1BDE4,0D,05,0x1BB00,0x29,0x11B,e2f0d9
0x979D,124,문자,93,떨,0x979C~0x979D,1,3A,30,0x1BDE2,2F,25,0x1BB00,0x29,0x11D,e2f0d9
0x979E 0x979F,125,문자,94,리,0x979E~0x979F,0 1,28 1A,78 34,0x1BDE1 0x1BDE0,1E 11,6E 2B,0x1BB00 0x1BB00,0x29 0x29,0x11E 0x11F,e2f0d9
0x97A0 0x97A1,126,문자,95,는,0x97A0~0x97A1,0 1,B8 18,E8 25,0x1BDDF 0x1BDDE,B0 11,E0 1E,0x1BB00 0x1BB00,0x29 0x29,0x120 0x121,e2f0d9
0x97A2 0x97A3,127,문자,96,구,0x97A2~0x97A3,0 1,98 38,08 21,0x1BDDD 0x1BDDC,92 33,02 1C,0x1BB00 0x1BB00,0x29 0x29,0x122 0x123,e2f0d9
0x97A4 0x97A5,128,문자,97,나,0x97A4~0x97A5,0 1,98 55,B8 24,0x1BDDB 0x1BDDA,94 52,B4 21,0x1BB00 0x1BB00,0x29 0x29,0x124 0x125,e2f0d9
0x97A6 0x97A7,129,문자,98,。,0x97A6~0x97A7,0 1,48 18,30 12,0x1BDD9 0x1BDD8,46 17,2E 11,0x1BB00 0x1BB00,0x29 0x29,0x126 0x127,e2f0d9
0x97A8 0x97A9,130,문자,99,바,0x97A8~0x97A9,0 1,68 28,88 39,0x1BDD7 0x1BDD6,68 29,88 3A,0x1BB00 0x1BB00,0x29 0x29,0x128 0x129,e2f0d9
0x97AA 0x97AB,131,문자,100,리,0x97AA~0x97AB,0 1,A8 18,78 34,0x1BDD5 0x1BDD4,AA 1B,7A 37,0x1BB00 0x1BB00,0x29 0x29,0x12A 0x12B,e2f0d9
0x97AC 0x97AD,132,문자,101,아,0x97AC~0x97AD,0 1,D8 38,08 56,0x1BDD3 0x1BDD2,DC 3D,0C 5B,0x1BB00 0x1BB00,0x29 0x29,0x12C 0x12D,e2f0d9
0x97AE 0x97AF,133,문자,102,에,0x97AE~0x97AF,0 1,68 18,48 9F,0x1BDD1 0x1BDD0,6E 1F,4E A6,0x1BB00 0x1BB00,0x29 0x29,0x12E 0x12F,e2f0d9
0x97B0 0x97B1,134,문자,103,게,0x97B0~0x97B1,0 1,60 12,08 20,0x1BDCF 0x1BDCE,68 1B,10 29,0x1BB00 0x1BB00,0x29 0x29,0x130 0x131,e2f0d9
0x97B2,135,문자,104,␠,0x97B2~0x97B3,0,60,18,0x1BDCD,6A,22,0x1BB00,0x29,0x132,e2f0d9
0x97B4 0x97B5,136,문자,105,이,0x97B4~0x97B5,0 1,60 12,98 DE,0x1BDCB 0x1BDCA,6C 1F,A4 EB,0x1BB00 0x1BB00,0x29 0x29,0x134 0x135,e2f0d9
0x97B6 0x97B7,137,문자,106,미,0x97B6~0x97B7,0 1,E8 5B,58 39,0x1BDC9 0x1BDC8,F6 6A,66 48,0x1BB00 0x1BB00,0x29 0x29,0x136 0x137,e2f0d9
0x97B8 0x97B9,138,문자,107,␠,0x97B8~0x97B9,0 1,F8 28,18 12,0x1BDC7 0x1BDC6,08 39,28 23,0x1BB00 0x1BB00,0x29 0x29,0x138 0x139,e2f0d9
0x97BA 0x97BB,139,문자,108,들,0x97BA~0x97BB,0 1,48 3B,18 30,0x1BDC5 0x1BDC4,5A 4E,2A 43,0x1BB00 0x1BB00,0x29 0x29,0x13A 0x13B,e2f0d9
0x97BC 0x97BD,140,문자,109,었,0x97BC~0x97BD,0 1,78 1A,08 7E,0x1BDC3 0x1BDC2,8C 2F,1C 93,0x1BB00 0x1BB00,0x29 0x29,0x13C 0x13D,e2f0d9
0x97BE 0x97BF,141,문자,110,을,0x97BE~0x97BF,0 1,B8 1A,58 DE,0x1BDC1 0x1BDC0,CE 31,6E F5,0x1BB00 0x1BB00,0x29 0x29,0x13E 0x13F,e2f0d9
0x97C0 0x97C1,142,문자,111,␠,0x97C0~0x97C1,0 1,38 3B,18 12,0x1BDBF 0x1BDBE,50 54,30 2B,0x1BB00 0x1BB00,0x29 0x29,0x140 0x141,e2f0d9
0x97C2 0x97C3,143,문자,112,터,0x97C2~0x97C3,0 1,68 2A,58 E2,0x1BDBD 0x1BDBC,82 45,72 FD,0x1BB00 0x1BB00,0x29 0x29,0x142 0x143,e2f0d9
0x97C4 0x97C5,144,문자,113,・,0x97C4~0x97C5,0 1,38 1A,60 12,0x1BDBB 0x1BDBA,54 37,7C 2F,0x1BB00 0x1BB00,0x29 0x29,0x144 0x145,e2f0d9
0x97C6 0x97C7,145,문자,114,・,0x97C6~0x97C7,0 1,E8 28,60 12,0x1BDB9 0x1BDB8,06 47,7E 31,0x1BB00 0x1BB00,0x29 0x29,0x146 0x147,e2f0d9
0x97C8 0x97C9,146,문자,115,・,0x97C8~0x97C9,0 1,68 64,60 12,0x1BDB7 0x1BDB6,88 85,80 33,0x1BB00 0x1BB00,0x29 0x29,0x148 0x149,e2f0d9
0x97CA,147,문자,116,␠,0x97CA~0x97CB,0,20,18,0x1BDB5,42,3A,0x1BB00,0x29,0x14A,e2f0d9
0x97CC 0x97CD,148,문자,117,이,0x97CC~0x97CD,0 1,D8 19,98 DE,0x1BDB3 0x1BDB2,FC 3E,BC 03,0x1BB00 0x1BB00,0x29 0x29,0x14C 0x14D,e2f0d9
0x97CE 0x97CF,149,문자,118,␠,0x97CE~0x97CF,0 1,78 19,18 12,0x1BDB1 0x1BDB0,9E 40,3E 39,0x1BB00 0x1BB00,0x29 0x29,0x14E 0x14F,e2f0d9
0x97D0 0x97D1,150,문자,119,몸,0x97D0~0x97D1,0 1,68 28,D8 35,0x1BDAF 0x1BDAE,90 51,00 5E,0x1BB00 0x1BB00,0x29 0x29,0x150 0x151,e2f0d9
0x97D2 0x97D3,151,문자,120,은,0x97D2~0x97D3,0 1,08 77,48 DE,0x1BDAD 0x1BDAC,32 A2,72 09,0x1BB00 0x1BB00,0x29 0x29,0x152 0x153,e2f0d9
0x97D4 0x97D5,152,문자,121,␠,0x97D4~0x97D5,0 1,68 66,18 12,0x1BDAB 0x1BDAA,94 93,44 3F,0x1BB00 0x1BB00,0x29 0x29,0x154 0x155,e2f0d9
0x97D6 0x97D7,153,문자,122,베,0x97D6~0x97D7,0 1,E8 28,98 3B,0x1BDA9 0x1BDA8,16 57,C6 6A,0x1BB00 0x1BB00,0x29 0x29,0x156 0x157,e2f0d9
0x97D8 0x97D9,154,문자,123,칸,0x97D8~0x97D9,0 1,98 B7,D8 E1,0x1BDA7 0x1BDA6,C8 E8,08 12,0x1BB00 0x1BB00,0x29 0x29,0x158 0x159,e2f0d9
0x97DA 0x97DB,155,문자,124,티,0x97DA~0x97DB,0 1,B8 8F,D8 E2,0x1BDA5 0x1BDA4,EA C2,0A 15,0x1BB00 0x1BB00,0x29 0x29,0x15A 0x15B,e2f0d9
0x97DC 0x97DD,156,문자,125,의,0x97DC~0x97DD,0 1,48 B9,88 DE,0x1BDA3 0x1BDA2,7C EE,BC 13,0x1BB00 0x1BB00,0x29 0x29,0x15C 0x15D,e2f0d9
0x97DE,157,문자,126,␠,0x97DE~0x97DF,0,20,18,0x1BDA1,56,4E,0x1BB00,0x29,0x15E,e2f0d9
0x97E0 0x97E1,158,문자,127,군,0x97E0~0x97E1,0 1,D8 3A,28 21,0x1BD9F 0x1BD9E,10 73,60 5A,0x1BB00 0x1BB00,0x29 0x29,0x160 0x161,e2f0d9
0x97E2 0x97E3,159,문자,128,주,0x97E2~0x97E3,0 1,08 1B,F8 F5,0x1BD9D 0x1BD9C,42 56,32 30,0x1BB00 0x1BB00,0x29 0x29,0x162 0x163,e2f0d9
0x97E4 0x97E5,160,문자,129,이,0x97E4~0x97E5,0 1,C8 3A,98 DE,0x1BD9B 0x1BD9A,04 77,D4 1B,0x1BB00 0x1BB00,0x29 0x29,0x164 0x165,e2f0d9
0x97E6 0x97E7,161,문자,130,자,0x97E6~0x97E7,0 1,98 1B,08 DF,0x1BD99 0x1BD98,D6 5A,46 1E,0x1BB00 0x1BB00,0x29 0x29,0x166 0x167,e2f0d9
0x97E8 0x97E9,162,문자,131,、,0x97E8~0x97E9,0 1,08 28,20 12,0x1BD97 0x1BD96,48 69,60 53,0x1BB00 0x1BB00,0x29 0x29,0x168 0x169,e2f0d9
0x97EA 0x97EB,163,문자,132,삼,0x97EA~0x97EB,0 1,30 12,18 3D,0x1BD95 0x1BD94,72 55,5A 80,0x1BB00 0x1BB00,0x29 0x29,0x16A 0x16B,e2f0d9
0x97EC 0x97ED,164,문자,133,계,0x97EC~0x97ED,0 1,15 00,78 20,0x1BD93 0x1BD92,59 45,BC 65,0x1BB00 0x1BB00,0x29 0x29,0x16C 0x16D,e2f0d9
0x97EE 0x97EF,165,문자,134,의,0x97EE~0x97EF,0 1,19 00,88 DE,0x1BD91 0x1BD90,5F 47,CE 25,0x1BB00 0x1BB00,0x29 0x29,0x16E 0x16F,e2f0d9
0x97F0 0x97F1,166,문자,135,␠,0x97F0~0x97F1,0 1,68 1A,18 12,0x1BD8F 0x1BD8E,B0 63,60 5B,0x1BB00 0x1BB00,0x29 0x29,0x170 0x171,e2f0d9
0x97F2 0x97F3,167,문자,136,지,0x97F2~0x97F3,0 1,00 03,18 E0,0x1BD8D 0x1BD8C,4A 4E,62 2B,0x1BB00 0x1BB00,0x29 0x29,0x172 0x173,e2f0d9
0x97F4 0x97F5,168,문자,137,배,0x97F4~0x97F5,0 1,19 00,E8 39,0x1BD8B 0x1BD8A,65 4D,34 86,0x1BB00 0x1BB00,0x29 0x29,0x174 0x175,e2f0d9
0x97F6 0x97F7,169,문자,138,자,0x97F6~0x97F7,0 1,69 A8,08 DF,0x1BD89 0x1BD88,B7 F7,56 2E,0x1BB00 0x1BB00,0x29 0x29,0x176 0x177,e2f0d9
0x97F8 0x97F9,170,문자,139,␠,0x97F8~0x97F9,0 1,28 B8,18 12,0x1BD87 0x1BD86,78 09,68 63,0x1BB00 0x1BB00,0x29 0x29,0x178 0x179,e2f0d9
0x97FA 0x97FB,171,문자,140,로,0x97FA~0x97FB,0 1,18 A8,D8 31,0x1BD85 0x1BD84,6A FB,2A 84,0x1BB00 0x1BB00,0x29 0x29,0x17A 0x17B,e2f0d9
0x97FC 0x97FD,172,문자,141,그,0x97FC~0x97FD,0 1,28 B8,58 21,0x1BD83 0x1BD82,7C 0D,AC 76,0x1BB00 0x1BB00,0x29 0x29,0x17C 0x17D,e2f0d9
0x97FE 0x97FF,173,문자,142,레,0x97FE~0x97FF,0 1,18 E8,A8 31,0x1BD81 0x1BD80,6E 3F,FE 88,0x1BB00 0x1BB00,0x29 0x29,0x17E 0x17F,e2f0d9
0x9800 0x9801,174,문자,143,스,0x9800~0x9801,0 1,28 38,78 3F,0x1BD7F 0x1BD7E,80 91,D0 98,0x1BB00 0x1BB00,0x29 0x29,0x180 0x181,e2f0d9
0x9802 0x9803,175,문자,144,다,0x9802~0x9803,0 1,9F 08,C8 27,0x1BD7D 0x1BD7C,F9 63,22 82,0x1BB00 0x1BB00,0x29 0x29,0x182 0x183,e2f0d9
0x9804 0x9805,176,문자,145,。,0x9804~0x9805,0 1,28 A8,30 12,0x1BD7B 0x1BD7A,84 05,8C 6F,0x1BB00 0x1BB00,0x29 0x29,0x184 0x185,e2f0d9
0x9806 0x9807,177,제어,,,0x9806~0x9807,0 1,28 20,15 00,0x1BD79 0x1BD78,86 7F,73 5F,0x1BB00 0x1BB00,0x29 0x29,0x186 0x187,fce4d6
0x9808 0x9809 0x980A,178,제어,,,0x9808~0x980A,0 1 2,12 E8 29,19 00 68,0x1BD77 0x1BD76 0x1BD75,72 49 8B,79 61 CA,0x1BB00 0x1BB00 0x1BB00,0x29 0x29 0x29,0x188 0x189 0x18A,fce4d6
0x980B 0x980C 0x980D,179,제어,,,0x980B~0x980D,0 1 2,A8 19 F8,1A 00 03,0x1BD74 0x1BD73 0x1BD72,0B 7D 5D,7D 64 68,0x1BB00 0x1BB00 0x1BB00,0x29 0x29 0x29,0x18B 0x18C 0x18D,fce4d6
0x980E 0x980F 0x9810,180,제어,,,0x980E~0x9810,0 1 2,28 B8 29,19 00 69,0x1BD71 0x1BD70 0x1BD6F,8E 1F 91,7F 67 D1,0x1BB00 0x1BB00 0x1BB00,0x29 0x29 0x29,0x18E 0x18F 0x190,fce4d6
0x9811 0x9812,181,문자,146,훌,0x9811~0x9812,0 1,18 38,D8 E4,0x1BD6E 0x1BD6D,81 A2,41 4E,0x1BB00 0x1BB00,0x29 0x29,0x191 0x192,e2f0d9
0x9813 0x9814,182,문자,147,륭,0x9813~0x9814,0 1,68 28,28 34,0x1BD6C 0x1BD6B,D3 94,93 A0,0x1BB00 0x1BB00,0x29 0x29,0x193 0x194,e2f0d9
0x9815 0x9816,183,문자,148,한,0x9815~0x9816,0 1,48 38,78 E3,0x1BD6A 0x1BD69,B5 A6,E5 51,0x1BB00 0x1BB00,0x29 0x29,0x195 0x196,e2f0d9
0x9817 0x9818,184,문자,149,␠,0x9817~0x9818,0 1,D8 38,18 12,0x1BD68 0x1BD67,47 A8,87 82,0x1BB00 0x1BB00,0x29 0x29,0x197 0x198,e2f0d9
0x9819 0x981A,185,문자,150,솜,0x9819~0x981A,0 1,68 18,28 3F,0x1BD66 0x1BD65,D9 8A,99 B1,0x1BB00 0x1BB00,0x29 0x29,0x199 0x19A,e2f0d9
0x981B 0x981C,186,문자,151,씨,0x981B~0x981C,0 1,60 12,08 50,0x1BD64 0x1BD63,D3 86,7B C4,0x1BB00 0x1BB00,0x29 0x29,0x19B 0x19C,e2f0d9
0x981D 0x981E,187,문자,152,였,0x981D~0x981E,0 1,60 12,88 9F,0x1BD62 0x1BD61,D5 88,FD 15,0x1BB00 0x1BB00,0x29 0x29,0x19D 0x19E,e2f0d9
0x981F 0x9820,188,문자,153,다,0x981F~0x9820,0 1,60 12,C8 27,0x1BD60 0x1BD5F,D7 8A,3F 9F,0x1BB00 0x1BB00,0x29 0x29,0x19F 0x1A0,e2f0d9
0x9821 0x9822,189,문자,154,、,0x9821~0x9822,0 1,88 38,20 12,0x1BD5E 0x1BD5D,01 B2,99 8C,0x1BB00 0x1BB00,0x29 0x29,0x1A1 0x1A2,e2f0d9
0x9824,190,문자,155,우,0x9823~0x9824,1,18,CD,0x1BD5B,94,49,0x1BB00,0x29,0x1A4,e2f0d9
0x9825 0x9826,191,문자,156,선,0x9825~0x9826,0 1,E8 19,78 3D,0x1BD5A 0x1BD59,65 97,F5 BB,0x1BB00 0x1BB00,0x29 0x29,0x1A5 0x1A6,e2f0d9
0x9827 0x9828,192,문자,157,␠,0x9827~0x9828,0 1,48 3B,18 12,0x1BD58 0x1BD57,C7 BB,97 92,0x1BB00 0x1BB00,0x29 0x29,0x1A7 0x1A8,e2f0d9
0x9829 0x982A,193,문자,158,칭,0x9829~0x982A,0 1,78 1A,C8 E1,0x1BD56 0x1BD55,F9 9C,49 63,0x1BB00 0x1BB00,0x29 0x29,0x1A9 0x1AA,e2f0d9
0x982C,194,문자,159,찬,0x982B~0x982C,1,1A,E0,0x1BD53,9E,64,0x1BB00,0x29,0x1AC,e2f0d9
0x982D 0x982E,195,문자,160,해,0x982D~0x982E,0 1,38 3B,B8 E3,0x1BD52 0x1BD51,BD C1,3D 69,0x1BB00 0x1BB00,0x29 0x29,0x1AD 0x1AE,e2f0d9
0x982F 0x9830,196,문자,161,주,0x982F~0x9830,0 1,68 2A,F8 F5,0x1BD50 0x1BD4F,EF B2,7F 7D,0x1BB00 0x1BB00,0x29 0x29,0x1AF 0x1B0,e2f0d9
0x9831 0x9832,197,문자,162,마,0x9831~0x9832,0 1,38 1A,B8 34,0x1BD4E 0x1BD4D,C1 A4,41 BE,0x1BB00 0x1BB00,0x29 0x29,0x1B1 0x1B2,e2f0d9
0x9833 0x9834,198,문자,163,・,0x9833~0x9834,0 1,E8 29,60 12,0x1BD4C 0x1BD4B,73 B5,EB 9E,0x1BB00 0x1BB00,0x29 0x29,0x1B3 0x1B4,e2f0d9
0x9835 0x9836,199,문자,164,・,0x9835~0x9836,0 1,78 28,60 12,0x1BD4A 0x1BD49,05 B6,ED A0,0x1BB00 0x1BB00,0x29 0x29,0x1B5 0x1B6,e2f0d9
0x9837 0x9838,200,문자,165,・,0x9837~0x9838,0 1,F8 19,60 12,0x1BD48 0x1BD47,87 A9,EF A2,0x1BB00 0x1BB00,0x29 0x29,0x1B7 0x1B8,e2f0d9
0x9839 0x983A,201,문자,166,␠,0x9839~0x983A,0 1,98 28,18 12,0x1BD46 0x1BD45,29 BA,A9 A4,0x1BB00 0x1BB00,0x29 0x29,0x1B9 0x1BA,e2f0d9
0x983B 0x983C,202,문자,167,용,0x983B~0x983C,0 1,A8 38,F8 CB,0x1BD44 0x1BD43,3B CC,8B 5F,0x1BB00 0x1BB00,0x29 0x29,0x1BB 0x1BC,e2f0d9
0x983D 0x983E,203,문자,168,케,0x983D~0x983E,0 1,48 28,08 E2,0x1BD42 0x1BD41,DD BE,9D 78,0x1BB00 0x1BB00,0x29 0x29,0x1BD 0x1BE,e2f0d9
0x983F 0x9840,204,문자,169,도,0x983F~0x9840,0 1,48 18,28 2E,0x1BD40 0x1BD3F,DF B0,BF C6,0x1BB00 0x1BB00,0x29 0x29,0x1BF 0x1C0,e2f0d9
0x9841 0x9842,205,문자,170,␠,0x9841~0x9842,0 1,F8 19,18 12,0x1BD3E 0x1BD3D,91 B3,B1 AC,0x1BB00 0x1BB00,0x29 0x29,0x1C1 0x1C2,e2f0d9
0x9843 0x9844,206,문자,171,베,0x9843~0x9844,0 1,30 12,98 3B,0x1BD3C 0x1BD3B,CB AE,33 D7,0x1BB00 0x1BB00,0x29 0x29,0x1C3 0x1C4,e2f0d9
0x9845 0x9846,207,문자,172,칸,0x9845~0x9846,0 1,15 00,D8 E1,0x1BD3A 0x1BD39,B2 9E,75 7F,0x1BB00 0x1BB00,0x29 0x29,0x1C5 0x1C6,e2f0d9
0x9847 0x9848,208,문자,173,티,0x9847~0x9848,0 1,38 19,D8 E2,0x1BD38 0x1BD37,D7 B9,77 82,0x1BB00 0x1BB00,0x29 0x29,0x1C7 0x1C8,e2f0d9
0x9849 0x984A,209,문자,174,까,0x9849~0x984A,0 1,C8 38,F8 21,0x1BD36 0x1BD35,69 DA,99 C3,0x1BB00 0x1BB00,0x29 0x29,0x1C9 0x1CA,e2f0d9
0x984B 0x984C,210,문자,175,지,0x984B~0x984C,0 1,E8 19,18 E0,0x1BD34 0x1BD33,8B BD,BB 84,0x1BB00 0x1BB00,0x29 0x29,0x1CB 0x1CC,e2f0d9
0x984D 0x984E,211,문자,176,␠,0x984D~0x984E,0 1,C8 E0,18 12,0x1BD32 0x1BD31,6D 86,BD B8,0x1BB00 0x1BB00,0x29 0x29,0x1CD 0x1CE,e2f0d9
0x984F 0x9850,212,문자,177,잘,0x984F~0x9850,0 1,D8 6D,48 DF,0x1BD30 0x1BD2F,7F 15,EF 87,0x1BB00 0x1BB00,0x29 0x29,0x1CF 0x1D0,e2f0d9
0x9851,213,문자,178,␠,0x9851~0x9852,0,60,18,0x1BD2E,09,C1,0x1BB00,0x29,0x1D1,e2f0d9
0x9853 0x9854,214,문자,179,도,0x9853~0x9854,0 1,60 12,28 2E,0x1BD2C 0x1BD2B,0B BE,D3 DA,0x1BB00 0x1BB00,0x29 0x29,0x1D3 0x1D4,e2f0d9
0x9855 0x9856,215,문자,180,달,0x9855~0x9856,0 1,60 12,F8 27,0x1BD2A 0x1BD29,0D C0,A5 D5,0x1BB00 0x1BB00,0x29 0x29,0x1D5 0x1D6,e2f0d9
0x9857 0x9858,216,문자,181,했,0x9857~0x9858,0 1,08 28,C8 E3,0x1BD28 0x1BD27,B7 D8,77 93,0x1BB00 0x1BB00,0x29 0x29,0x1D7 0x1D8,e2f0d9
0x9859 0x985A,217,문자,182,구,0x9859~0x985A,0 1,C8 18,08 21,0x1BD26 0x1BD25,79 CA,B9 D3,0x1BB00 0x1BB00,0x29 0x29,0x1D9 0x1DA,e2f0d9
0x985B 0x985C,218,문자,183,나,0x985B~0x985C,0 1,60 12,B8 24,0x1BD24 0x1BD23,13 C6,6B D8,0x1BB00 0x1BB00,0x29 0x29,0x1DB 0x1DC,e2f0d9
0x985D,219,문자,184,。,0x985D~0x985E,0,60,30,0x1BD22,15,E5,0x1BB00,0x29,0x1DD,e2f0d9
0x985F 0x9860,220,제어,,,0x985F~0x9860,0 1,60 12,15 00,0x1BD20 0x1BD1F,17 CA,CC B8,0x1BB00 0x1BB00,0x29 0x29,0x1DF 0x1E0,fce4d6
0x9861 0x9862,221,문자,185,간,0x9861~0x9862,0 1,1A 00,C8 17,0x1BD1E 0x1BD1D,D3 BA,81 D1,0x1BB00 0x1BB00,0x29 0x29,0x1E1 0x1E2,e2f0d9
0x9863 0x9864,222,문자,186,만,0x9863~0x9864,0 1,04 15,D8 34,0x1BD1C 0x1BD1B,BF D1,93 F0,0x1BB00 0x1BB00,0x29 0x29,0x1E3 0x1E4,e2f0d9
0x9865 0x9866,223,문자,187,에,0x9865~0x9866,0 1,00 D8,48 9F,0x1BD1A 0x1BD19,BD 96,05 5D,0x1BB00 0x1BB00,0x29 0x29,0x1E5 0x1E6,e2f0d9
0x9867 0x9868,224,문자,188,␠,0x9867~0x9868,0 1,19 C8,18 12,0x1BD18 0x1BD17,D8 88,D7 D2,0x1BB00 0x1BB00,0x29 0x29,0x1E7 0x1E8,e2f0d9
0x9869 0x986A,225,문자,189,즐,0x9869~0x986A,0 1,38 28,F8 FF,0x1BD16 0x1BD15,F9 EA,B9 C1,0x1BB00 0x1BB00,0x29 0x29,0x1E9 0x1EA,e2f0d9
0x986B 0x986C,226,문자,190,거,0x986B~0x986C,0 1,38 38,98 1D,0x1BD14 0x1BD13,FB FC,5B E1,0x1BB00 0x1BB00,0x29 0x29,0x1EB 0x1EC,e2f0d9
0x986D 0x986E,227,문자,191,운,0x986D~0x986E,0 1,19 C8,F8 D1,0x1BD12 0x1BD11,DE 8E,BD 97,0x1BB00 0x1BB00,0x29 0x29,0x1ED 0x1EE,e2f0d9
0x986F 0x9870,228,문자,192,␠,0x986F~0x9870,0 1,38 E8,18 12,0x1BD10 0x1BD0F,FF B0,DF DA,0x1BB00 0x1BB00,0x29 0x29,0x1EF 0x1F0,e2f0d9
0x9871 0x9872,229,문자,193,구,0x9871~0x9872,0 1,29 78,08 21,0x1BD0E 0x1BD0D,F2 42,D1 EB,0x1BB00 0x1BB00,0x29 0x29,0x1F1 0x1F2,e2f0d9
0x9873 0x9874,230,문자,194,경,0x9873~0x9874,0 1,28 08,68 20,0x1BD0C 0x1BD0B,F3 D4,33 EC,0x1BB00 0x1BB00,0x29 0x29,0x1F3 0x1F4,e2f0d9
0x9875 0x9876,231,문자,195,거,0x9875~0x9876,0 1,28 A0,98 1D,0x1BD0A 0x1BD09,F5 6E,65 EB,0x1BB00 0x1BB00,0x29 0x29,0x1F5 0x1F6,e2f0d9
0x9877 0x9878,232,문자,196,리,0x9877~0x9878,0 1,12 E8,78 34,0x1BD08 0x1BD07,E1 B8,47 04,0x1BB00 0x1BB00,0x29 0x29,0x1F7 0x1F8,e2f0d9
0x9879 0x987A,233,문자,197,였,0x9879~0x987A,0 1,5B E8,88 9F,0x1BD06 0x1BD05,2C BA,59 71,0x1BB00 0x1BB00,0x29 0x29,0x1F9 0x1FA,e2f0d9
0x987B 0x987C,234,문자,198,지,0x987B~0x987C,0 1,28 88,18 E0,0x1BD04 0x1BD03,FB 5C,EB B4,0x1BB00 0x1BB00,0x29 0x29,0x1FB 0x1FC,e2f0d9
0x987D 0x987E,235,문자,199,만,0x987D~0x987E,0 1,19 38,D8 34,0x1BD02 0x1BD01,EE 0E,AD 0A,0x1BB00 0x1BB00,0x29 0x29,0x1FD 0x1FE,e2f0d9
0x987F 0x9880,236,문자,200,・,0x987F~0x9880,0 1,38 E8,60 12,0x1BD00 0x1BCFF,10 C1,38 EB,0x1BB00 0x1BB00,0x29 0x29,0x1FF 0x200,e2f0d9
0x9881 0x9882,237,문자,201,・,0x9881~0x9882,0 1,29 28,60 12,0x1BCFE 0x1BCFD,03 03,3A ED,0x1BB00 0x1BB00,0x29 0x29,0x201 0x202,e2f0d9
0x9883 0x9884,238,문자,202,・,0x9883~0x9884,0 1,39 98,60 12,0x1BCFC 0x1BCFB,15 75,3C EF,0x1BB00 0x1BB00,0x29 0x29,0x203 0x204,e2f0d9
0x9885 0x9886 0x9887,239,제어,,,0x9885~0x9887,0 1 2,19 B8 38,1A 00 04,0x1BCFA 0x1BCF9 0x1BCF8,F7 97 18,F8 DF E4,0x1BB00 0x1BB00 0x1BB00,0x29 0x29 0x29,0x205 0x206 0x207,fce4d6
0x9888 0x9889,240,제어,,,0x9888~0x9889,0 1,48 B9,15 00,0x1BCF7 0x1BCF6,29 9B,F6 E2,0x1BB00 0x1BB00,0x29 0x29,0x208 0x209,fce4d6
0x988A 0x988B,241,문자,203,그,0x988A~0x988B,0 1,F8 28,58 21,0x1BCF5 0x1BCF4,DB 0C,3B 05,0x1BB00 0x1BB00,0x29 0x29,0x20A 0x20B,e2f0d9
0x988C 0x988D,242,문자,204,것,0x988C~0x988D,0 1,20 12,F8 1D,0x1BCF3 0x1BCF2,05 F8,DD 03,0x1BB00 0x1BB00,0x29 0x29,0x20C 0x20D,e2f0d9
0x988E 0x988F,243,문자,205,도,0x988E~0x988F,0 1,F8 65,28 2E,0x1BCF1 0x1BCF0,DF 4D,0F 16,0x1BB00 0x1BB00,0x29 0x29,0x20E 0x20F,e2f0d9
0x9890 0x9891,244,문자,206,␠,0x9890~0x9891,0 1,D8 BE,18 12,0x1BCEF 0x1BCEE,C1 A8,01 FC,0x1BB00 0x1BB00,0x29 0x29,0x210 0x211,e2f0d9
0x9892 0x9893,245,문자,207,여,0x9892~0x9893,0 1,F8 19,58 9F,0x1BCED 0x1BCEC,E3 05,43 8B,0x1BB00 0x1BB00,0x29 0x29,0x212 0x213,e2f0d9
0x9894 0x9895,246,문자,208,기,0x9894~0x9895,0 1,A8 38,B8 21,0x1BCEB 0x1BCEA,95 26,A5 0F,0x1BB00 0x1BB00,0x29 0x29,0x214 0x215,e2f0d9
0x9896 0x9897,247,문자,209,까,0x9896~0x9897,0 1,88 28,F8 21,0x1BCE9 0x1BCE8,77 18,E7 11,0x1BB00 0x1BB00,0x29 0x29,0x216 0x217,e2f0d9
0x9898 0x9899,248,문자,210,지,0x9898~0x9899,0 1,28 38,18 E0,0x1BCE7 0x1BCE6,19 2A,09 D2,0x1BB00 0x1BB00,0x29 0x29,0x218 0x219,e2f0d9
0x989A 0x989B,249,문자,211,다,0x989A~0x989B,0 1,88 41,C8 27,0x1BCE5 0x1BCE4,7B 35,BB 1B,0x1BB00 0x1BB00,0x29 0x29,0x21A 0x21B,e2f0d9
0x989C 0x989D,250,문자,212,！,0x989C~0x989D,0 1,B8 18,A0 12,0x1BCE3 0x1BCE2,AD 0E,95 08,0x1BB00 0x1BB00,0x29 0x29,0x21C 0x21D,e2f0d9
0x989E 0x989F,251,문자,213,␠,0x989E~0x989F,0 1,78 19,18 12,0x1BCE1 0x1BCE0,6F 11,0F 0A,0x1BB00 0x1BB00,0x29 0x29,0x21E 0x21F,e2f0d9
0x98A0 0x98A1,252,문자,214,나,0x98A0~0x98A1,0 1,68 28,B8 24,0x1BCDF 0x1BCDE,61 22,B1 1E,0x1BB00 0x1BB00,0x29 0x29,0x220 0x221,e2f0d9
0x98A2 0x98A3,253,문자,215,를,0x98A2~0x98A3,0 1,F8 28,58 34,0x1BCDD 0x1BCDC,F3 24,53 30,0x1BB00 0x1BB00,0x29 0x29,0x222 0x223,e2f0d9
0x98A4 0x98A5,254,문자,216,␠,0x98A4~0x98A5,0 1,A8 18,18 12,0x1BCDB 0x1BCDA,A5 16,15 10,0x1BB00 0x1BB00,0x29 0x29,0x224 0x225,e2f0d9
0x98A6 0x98A7,255,문자,217,방,0x98A6~0x98A7,0 1,B8 18,D8 39,0x1BCD9 0x1BCD8,B7 18,D7 39,0x1BB00 0x1BB00,0x29 0x29,0x226 0x227,e2f0d9
0x98A8 0x98A9,256,문자,218,해,0x98A8~0x98A9,0 1,C8 28,B8 E3,0x1BCD7 0x1BCD6,C9 2A,B9 E5,0x1BB00 0x1BB00,0x29 0x29,0x228 0x229,e2f0d9
0x98AA 0x98AB,257,문자,219,하,0x98AA~0x98AB,0 1,30 12,58 E3,0x1BCD5 0x1BCD4,33 16,5B E7,0x1BB00 0x1BB00,0x29 0x29,0x22A 0x22B,e2f0d9
0x98AC 0x98AD,258,문자,220,는,0x98AC~0x98AD,0 1,15 00,E8 25,0x1BCD3 0x1BCD2,1A 06,ED 2B,0x1BB00 0x1BB00,0x29 0x29,0x22C 0x22D,e2f0d9
0x98AE 0x98AF,259,문자,221,␠,0x98AE~0x98AF,0 1,38 8C,18 12,0x1BCD1 0x1BCD0,3F 94,1F 1A,0x1BB00 0x1BB00,0x29 0x29,0x22E 0x22F,e2f0d9
0x98B0 0x98B1,260,문자,222,자,0x98B0~0x98B1,0 1,B8 28,08 DF,0x1BCCF 0x1BCCE,C1 32,11 E9,0x1BB00 0x1BB00,0x29 0x29,0x230 0x231,e2f0d9
0x98B2 0x98B3,261,문자,223,는,0x98B2~0x98B3,0 1,48 3B,E8 25,0x1BCCD 0x1BCCC,53 47,F3 31,0x1BB00 0x1BB00,0x29 0x29,0x232 0x233,e2f0d9
0x98B5,262,문자,224,␠,0x98B4~0x98B5,1,1A,12,0x1BCCA,28,20,0x1BB00,0x29,0x235,e2f0d9
0x98B6 0x98B7,263,문자,225,그,0x98B6~0x98B7,0 1,B8 2A,58 21,0x1BCC9 0x1BCC8,C7 3A,67 31,0x1BB00 0x1BB00,0x29 0x29,0x236 0x237,e2f0d9
0x98B8 0x98B9,264,문자,226,␠,0x98B8~0x98B9,0 1,68 2A,18 12,0x1BCC7 0x1BCC6,79 3C,29 24,0x1BB00 0x1BB00,0x29 0x29,0x238 0x239,e2f0d9
0x98BA 0x98BB,265,문자,227,누,0x98BA~0x98BB,0 1,38 1A,C8 25,0x1BCC5 0x1BCC4,4B 2E,DB 39,0x1BB00 0x1BB00,0x29 0x29,0x23A 0x23B,e2f0d9
0x98BC 0x98BD,266,문자,228,구,0x98BC~0x98BD,0 1,E8 28,08 21,0x1BCC3 0x1BCC2,FD 3E,1D 37,0x1BB00 0x1BB00,0x29 0x29,0x23C 0x23D,e2f0d9
0x98BE 0x98BF,267,문자,229,라,0x98BE~0x98BF,0 1,48 B9,F8 30,0x1BCC1 0x1BCC0,5F D1,0F 48,0x1BB00 0x1BB00,0x29 0x29,0x23E 0x23F,e2f0d9
0x98C0 0x98C1,268,문자,230,도,0x98C0~0x98C1,0 1,18 6C,28 2E,0x1BCBF 0x1BCBE,31 86,41 48,0x1BB00 0x1BB00,0x29 0x29,0x240 0x241,e2f0d9
0x98C2 0x98C3,269,문자,231,␠,0x98C2~0x98C3,0 1,F8 28,18 12,0x1BCBD 0x1BCBC,13 44,33 2E,0x1BB00 0x1BB00,0x29 0x29,0x242 0x243,e2f0d9
0x98C4 0x98C5,270,문자,232,결,0x98C4~0x98C5,0 1,A8 28,48 20,0x1BCBB 0x1BCBA,C5 46,65 3E,0x1BB00 0x1BB00,0x29 0x29,0x244 0x245,e2f0d9
0x98C6 0x98C7,271,문자,233,코,0x98C6~0x98C7,0 1,30 12,18 E2,0x1BCB9 0x1BCB8,4F 32,37 02,0x1BB00 0x1BB00,0x29 0x29,0x246 0x247,e2f0d9
0x98C9,272,문자,234,␠,0x98C8~0x98C9,1,81,12,0x1BCB6,A3,34,0x1BB00,0x29,0x249,e2f0d9
0x98CA 0x98CB,273,문자,235,살,0x98CA~0x98CB,0 1,F8 4E,08 3D,0x1BCB5 0x1BCB4,1B 72,2B 61,0x1BB00 0x1BB00,0x29 0x29,0x24A 0x24B,e2f0d9
0x98CC 0x98CD,274,문자,236,려,0x98CC~0x98CD,0 1,E8 28,B8 31,0x1BCB3 0x1BCB2,0D 4E,DD 57,0x1BB00 0x1BB00,0x29 0x29,0x24C 0x24D,e2f0d9
0x98CE 0x98CF,275,문자,237,두,0x98CE~0x98CF,0 1,68 18,B8 2E,0x1BCB1 0x1BCB0,8F 40,DF 56,0x1BB00 0x1BB00,0x29 0x29,0x24E 0x24F,e2f0d9
0x98D0 0x98D1,276,문자,238,지,0x98D0~0x98D1,0 1,98 38,18 E0,0x1BCAF 0x1BCAE,C1 62,41 0A,0x1BB00 0x1BB00,0x29 0x29,0x250 0x251,e2f0d9
0x98D2 0x98D3,277,문자,239,␠,0x98D2~0x98D3,0 1,F8 29,18 12,0x1BCAD 0x1BCAC,23 55,43 3E,0x1BB00 0x1BB00,0x29 0x29,0x252 0x253,e2f0d9
0x98D4 0x98D5,278,문자,240,않,0x98D4~0x98D5,0 1,20 12,08 5E,0x1BCAB 0x1BCAA,4D 40,35 8C,0x1BB00 0x1BB00,0x29 0x29,0x254 0x255,e2f0d9
0x98D6 0x98D7,279,문자,241,는,0x98D6~0x98D7,0 1,28 41,E8 25,0x1BCA9 0x1BCA8,57 71,17 55,0x1BB00 0x1BB00,0x29 0x29,0x256 0x257,e2f0d9
0x98D8 0x98D9,280,문자,242,다,0x98D8~0x98D9,0 1,98 38,C8 27,0x1BCA7 0x1BCA6,C9 6A,F9 59,0x1BB00 0x1BB00,0x29 0x29,0x258 0x259,e2f0d9
0x98DA 0x98DB,281,문자,243,。,0x98DA~0x98DB,0 1,78 19,30 12,0x1BCA5 0x1BCA4,AB 4D,63 46,0x1BB00 0x1BB00,0x29 0x29,0x25A 0x25B,e2f0d9
0x98DC 0x98DD,282,제어,,,0x98DC~0x98DD,0 1,68 28,15 00,0x1BCA3 0x1BCA2,9D 5E,4A 36,0x1BB00 0x1BB00,0x29 0x29,0x25C 0x25D,fce4d6
0x98DE 0x98DF,283,문자,244,특,0x98DE~0x98DF,0 1,F8 18,B8 E2,0x1BCA1 0x1BCA0,2F 50,EF 1A,0x1BB00 0x1BB00,0x29 0x29,0x25E 0x25F,e2f0d9
0x98E0 0x98E1,284,문자,245,히,0x98E0~0x98E1,0 1,C8 38,68 E5,0x1BC9F 0x1BC9E,01 72,A1 1F,0x1BB00 0x1BB00,0x29 0x29,0x260 0x261,e2f0d9
0x98E2 0x98E3,285,문자,246,␠,0x98E2~0x98E3,0 1,B8 38,18 12,0x1BC9D 0x1BC9C,F3 74,53 4E,0x1BB00 0x1BB00,0x29 0x29,0x262 0x263,e2f0d9
0x98E4 0x98E5,286,문자,247,베,0x98E4~0x98E5,0 1,F8 38,98 3B,0x1BC9B 0x1BC9A,35 76,D5 79,0x1BB00 0x1BB00,0x29 0x29,0x264 0x265,e2f0d9
0x98E6 0x98E7,287,문자,248,니,0x98E6~0x98E7,0 1,38 28,F8 25,0x1BC99 0x1BC98,77 68,37 65,0x1BB00 0x1BB00,0x29 0x29,0x266 0x267,e2f0d9
0x98E8 0x98E9,288,문자,249,티,0x98E8~0x98E9,0 1,A0 12,D8 E2,0x1BC97 0x1BC96,E1 54,19 24,0x1BB00 0x1BB00,0x29 0x29,0x268 0x269,e2f0d9
0x98EA 0x98EB,289,문자,250,의,0x98EA~0x98EB,0 1,19 00,88 DE,0x1BC95 0x1BC94,5C 44,CB 22,0x1BB00 0x1BB00,0x29 0x29,0x26A 0x26B,e2f0d9
0x98EC 0x98ED,290,문자,251,␠,0x98EC~0x98ED,0 1,78 15,18 12,0x1BC93 0x1BC92,BD 5B,5D 58,0x1BB00 0x1BB00,0x29 0x29,0x26C 0x26D,e2f0d9
0x98EE 0x98EF,291,문자,252,잔,0x98EE~0x98EF,0 1,00 17,28 DF,0x1BC91 0x1BC90,47 5F,6F 27,0x1BB00 0x1BB00,0x29 0x29,0x26E 0x26F,e2f0d9
0x98F0 0x98F1,292,문자,253,당,0x98F0~0x98F1,0 1,00 1A,98 2D,0x1BC8F 0x1BC8E,49 64,E1 77,0x1BB00 0x1BB00,0x29 0x29,0x270 0x271,e2f0d9
0x98F2 0x98F3,293,문자,254,은,0x98F2~0x98F3,0 1,00 04,48 DE,0x1BC8D 0x1BC8C,4B 50,93 2A,0x1BB00 0x1BB00,0x29 0x29,0x272 0x273,e2f0d9
0x98F4 0x98F5,294,문자,255,␠,0x98F4~0x98F5,0 1,16 00,18 12,0x1BC8B 0x1BC8A,63 4E,65 60,0x1BB00 0x1BB00,0x29 0x29,0x274 0x275,e2f0d9
0x98F6 0x98F7,295,문자,256,더,0x98F6~0x98F7,0 1,A0 18,C8 2D,0x1BC89 0x1BC88,EF 68,17 7D,0x1BB00 0x1BB00,0x29 0x29,0x276 0x277,e2f0d9
0x98F8 0x98F9,296,문자,257,더,0x98F8~0x98F9,0 1,E0 29,C8 2D,0x1BC87 0x1BC86,31 7B,19 7F,0x1BB00 0x1BB00,0x29 0x29,0x278 0x279,e2f0d9
0x98FA 0x98FB,297,문자,258,욱,0x98FA~0x98FB,0 1,80 18,F8 CF,0x1BC85 0x1BC84,D3 6C,4B 23,0x1BB00 0x1BB00,0x29 0x29,0x27A 0x27B,e2f0d9
0x98FC 0x98FD,298,문자,259,␠,0x98FC~0x98FD,0 1,E0 28,18 12,0x1BC83 0x1BC82,35 7E,6D 68,0x1BB00 0x1BB00,0x29 0x29,0x27C 0x27D,e2f0d9
0x98FE 0x98FF,299,문자,260,말,0x98FE~0x98FF,0 1,C0 99,F8 34,0x1BC81 0x1BC80,17 F1,4F 8C,0x1BB00 0x1BB00,0x29 0x29,0x27E 0x27F,e2f0d9
0x9900 0x9901,300,문자,261,이,0x9900~0x9901,0 1,A0 4A,98 DE,0x1BC7F 0x1BC7E,F9 A4,F1 38,0x1BB00 0x1BB00,0x29 0x29,0x280 0x281,e2f0d9
0x9902 0x9903,301,문자,262,다,0x9902~0x9903,0 1,F0 28,C8 27,0x1BC7D 0x1BC7C,4B 84,23 83,0x1BB00 0x1BB00,0x29 0x29,0x282 0x283,e2f0d9
0x9904 0x9905,302,문자,263,。,0x9904~0x9905,0 1,F0 65,30 12,0x1BC7B 0x1BC7A,4D C3,8D 70,0x1BB00 0x1BB00,0x29 0x29,0x284 0x285,e2f0d9
0x9906 0x9907,303,문자,264,기,0x9906~0x9907,0 1,A0 12,B8 21,0x1BC79 0x1BC78,FF 72,17 81,0x1BB00 0x1BB00,0x29 0x29,0x286 0x287,e2f0d9
0x9908 0x9909,304,문자,265,나,0x9908~0x9909,0 1,90 12,B8 24,0x1BC77 0x1BC76,F1 74,19 86,0x1BB00 0x1BB00,0x29 0x29,0x288 0x289,e2f0d9
0x990A 0x990B,305,문자,266,긴,0x990A~0x990B,0 1,F0 65,C8 21,0x1BC75 0x1BC74,53 C9,2B 85,0x1BB00 0x1BB00,0x29 0x29,0x28A 0x28B,e2f0d9
0x990C 0x990D,306,문자,267,␠,0x990C~0x990D,0 1,A0 28,18 12,0x1BC73 0x1BC72,05 8E,7D 78,0x1BB00 0x1BB00,0x29 0x29,0x28C 0x28D,e2f0d9
0x990E 0x990F,307,문자,268,세,0x990E~0x990F,0 1,E0 28,A8 3D,0x1BC71 0x1BC70,47 90,0F A5,0x1BB00 0x1BB00,0x29 0x29,0x28E 0x28F,e2f0d9
0x9910 0x9911,308,문자,269,월,0x9910~0x9911,0 1,A0 12,F8 DB,0x1BC6F 0x1BC6E,09 7C,61 45,0x1BB00 0x1BB00,0x29 0x29,0x290 0x291,e2f0d9
0x9912,309,문자,270,␠,0x9912~0x9913,0,90,18,0x1BC6D,FB,83,0x1BB00,0x29,0x292,e2f0d9
0x9914 0x9915,310,문자,271,동,0x9914~0x9915,0 1,19 00,58 2E,0x1BC6B 0x1BC6A,86 6E,C5 9C,0x1BB00 0x1BB00,0x29 0x29,0x294 0x295,e2f0d9
0x9916 0x9917,311,문자,272,안,0x9916~0x9917,0 1,69 15,08 5A,0x1BC69 0x1BC68,D8 85,77 CA,0x1BB00 0x1BB00,0x29 0x29,0x296 0x297,e2f0d9
0x9918 0x9919,312,문자,273,␠,0x9918~0x9919,0 1,00 17,18 12,0x1BC67 0x1BC66,71 89,89 84,0x1BB00 0x1BB00,0x29 0x29,0x298 0x299,e2f0d9
0x991A 0x991B,313,문자,274,쌓,0x991A~0x991B,0 1,00 1A,08 48,0x1BC65 0x1BC64,73 8E,7B BC,0x1BB00 0x1BB00,0x29 0x29,0x29A 0x29B,e2f0d9
0x991C 0x991D,314,문자,275,여,0x991C~0x991D,0 1,00 04,58 9F,0x1BC63 0x1BC62,75 7A,CD 15,0x1BB00 0x1BB00,0x29 0x29,0x29C 0x29D,e2f0d9
0x991E 0x991F,315,문자,276,온,0x991E~0x991F,0 1,16 00,C8 9F,0x1BC61 0x1BC60,8D 78,3F 17,0x1BB00 0x1BB00,0x29 0x29,0x29E 0x29F,e2f0d9
0x9920 0x9921,316,문자,277,␠,0x9920~0x9921,0 1,B8 8E,18 12,0x1BC5F 0x1BC5E,31 08,91 8C,0x1BB00 0x1BB00,0x29 0x29,0x2A0 0x2A1,e2f0d9
0x9922 0x9923,317,문자,278,이,0x9922~0x9923,0 1,58 E5,98 DE,0x1BC5D 0x1BC5C,D3 61,13 5A,0x1BB00 0x1BB00,0x29 0x29,0x2A2 0x2A3,e2f0d9
0x9924 0x9925,318,문자,279,␠,0x9924~0x9925,0 1,08 28,18 12,0x1BC5B 0x1BC5A,85 A6,95 90,0x1BB00 0x1BB00,0x29 0x29,0x2A4 0x2A5,e2f0d9
0x9926 0x9927,319,문자,280,원,0x9926~0x9927,0 1,A0 12,F8 D9,0x1BC59 0x1BC58,1F 92,77 59,0x1BB00 0x1BB00,0x29 0x29,0x2A6 0x2A7,e2f0d9
0x9928 0x9929,320,문자,281,한,0x9928~0x9929,0 1,58 59,78 E3,0x1BC57 0x1BC56,D9 DB,F9 65,0x1BB00 0x1BB00,0x29 0x29,0x2A8 0x2A9,e2f0d9
0x992A 0x992B,321,문자,282,을,0x992A~0x992B,0 1,08 28,58 DE,0x1BC55 0x1BC54,8B AC,DB 62,0x1BB00 0x1BB00,0x29 0x29,0x2AA 0x2AB,e2f0d9
0x992C,322,문자,283,、,0x992C~0x992D,0,A0,20,0x1BC53,25,A5,0x1BB00,0x29,0x2AC,e2f0d9
0x992E 0x992F,323,문자,284,깨,0x992E~0x992F,0 1,48 43,08 24,0x1BC51 0x1BC50,CF CB,8F AC,0x1BB00 0x1BB00,0x29 0x29,0x2AE 0x2AF,e2f0d9
0x9930 0x9931,324,문자,285,끗,0x9930~0x9931,0 1,68 28,98 24,0x1BC4F 0x1BC4E,F1 B2,21 AE,0x1BB00 0x1BB00,0x29 0x29,0x2B0 0x2B1,e2f0d9
0x9932 0x9933,325,문자,286,이,0x9932~0x9933,0 1,28 39,98 DE,0x1BC4D 0x1BC4C,B3 C5,23 6A,0x1BB00 0x1BB00,0x29 0x29,0x2B2 0x2B3,e2f0d9
0x9934 0x9935,326,문자,287,␠,0x9934~0x9935,0 1,78 98,18 12,0x1BC4B 0x1BC4A,05 26,A5 A0,0x1BB00 0x1BB00,0x29 0x29,0x2B4 0x2B5,e2f0d9
0x9936 0x9937,327,문자,288,씻,0x9936~0x9937,0 1,C8 29,08 54,0x1BC49 0x1BC48,57 B9,97 E4,0x1BB00 0x1BB00,0x29 0x29,0x2B6 0x2B7,e2f0d9
0x9938 0x9939,328,문자,289,어,0x9938~0x9939,0 1,78 19,08 70,0x1BC47 0x1BC46,09 AB,99 02,0x1BB00 0x1BB00,0x29 0x29,0x2B8 0x2B9,e2f0d9
0x993A 0x993B,329,문자,290,내,0x993A~0x993B,0 1,20 12,08 25,0x1BC45 0x1BC44,B3 A6,9B B9,0x1BB00 0x1BB00,0x29 0x29,0x2BA 0x2BB,e2f0d9
0x993C 0x993D,330,문자,291,주,0x993C~0x993D,0 1,48 43,F8 F5,0x1BC43 0x1BC42,DD D9,8D 8B,0x1BB00 0x1BB00,0x29 0x29,0x2BC 0x2BD,e2f0d9
0x993E 0x993F,331,문자,292,마,0x993E~0x993F,0 1,68 28,B8 34,0x1BC41 0x1BC40,FF C0,4F CC,0x1BB00 0x1BB00,0x29 0x29,0x2BE 0x2BF,e2f0d9
0x9940 0x9941,332,문자,293,！,0x9940~0x9941,0 1,28 39,A0 12,0x1BC3F 0x1BC3E,C1 D3,39 AC,0x1BB00 0x1BB00,0x29 0x29,0x2C0 0x2C1,e2f0d9
0x9942 0x9943 0x9944,333,제어,,,0x9942~0x9944,0 1 2,A8 57 18,19 00 78,0x1BC3D 0x1BC3C 0x1BC3B,43 F3 B5,B4 9C 15,0x1BB00 0x1BB00 0x1BB00,0x29 0x29 0x29,0x2C2 0x2C3 0x2C4,fce4d6
0x9945 0x9946,334,제어,,,0x9945~0x9946,0 1,AB E8,15 00,0x1BC3A 0x1BC39,49 87,B3 9F,0x1BB00 0x1BB00,0x29 0x29,0x2C5 0x2C6,fce4d6
0x9947 0x9948,335,제어,,,0x9947~0x9948,0 1,28 08,17 00,0x1BC38 0x1BC37,C8 A9,B7 A1,0x1BB00 0x1BB00,0x29 0x29,0x2C7 0x2C8,fce4d6
0x9949 0x994A 0x994B,336,제어,,,0x9949~0x994B,0 1 2,D0 D8 D5,1A 00 04,0x1BC36 0x1BC35 0x1BC34,72 7B 79,BC A3 A8,0x1BB00 0x1BB00 0x1BB00,0x29 0x29 0x29,0x2C9 0x2CA 0x2CB,fce4d6
0x994C 0x994D,337,제어,,,0x994C~0x994D,0 1,88 29,16 00,0x1BC33 0x1BC32,2D CF,BB A6,0x1BB00 0x1BB00,0x29 0x29,0x2CC 0x2CD,fce4d6
0x994E 0x994F,338,문자,294,네,0x994E~0x994F,0 1,88 28,90 25,0x1BC31 0x1BC30,2F D0,37 CD,0x1BB00 0x1BB00,0x29 0x29,0x2CE 0x2CF,e9ae2b
0x9950 0x9951,339,문자,295,␠,0x9950~0x9951,0 1,28 C3,18 12,0x1BC2F 0x1BC2E,D1 6D,C1 BC,0x1BB00 0x1BB00,0x29 0x29,0x2D0 0x2D1,e2f0d9
0x9952 0x9953,340,문자,296,목,0x9952~0x9953,0 1,A8 38,B0 35,0x1BC2D 0x1BC2C,53 E4,5B E1,0x1BB00 0x1BB00,0x29 0x29,0x2D2 0x2D3,e9ae2b
0x9954 0x9955,341,문자,297,적,0x9954~0x9955,0 1,E8 EA,A0 DF,0x1BC2B 0x1BC2A,95 98,4D 8D,0x1BB00 0x1BB00,0x29 0x29,0x2D4 0x2D5,e9ae2b
0x9956 0x9957,342,문자,298,은,0x9956~0x9957,0 1,B8 38,40 DE,0x1BC29 0x1BC28,67 E8,EF 8E,0x1BB00 0x1BB00,0x29 0x29,0x2D6 0x2D7,e9ae2b
0x9958 0x9959,343,문자,299,␠,0x9958~0x9959,0 1,E8 28,18 12,0x1BC27 0x1BC26,99 DA,C9 C4,0x1BB00 0x1BB00,0x29 0x29,0x2D8 0x2D9,e2f0d9
0x995A 0x995B,344,문자,300,뭐,0x995A~0x995B,0 1,08 28,E0 37,0x1BC25 0x1BC24,BB DC,93 EB,0x1BB00 0x1BB00,0x29 0x29,0x2DA 0x2DB,e9ae2b
0x995C 0x995D,345,문자,301,야,0x995C~0x995D,0 1,30 12,00 6C,0x1BC23 0x1BC22,E5 C8,B5 22,0x1BB00 0x1BB00,0x29 0x29,0x2DC 0x2DD,e9ae2b
0x995E 0x995F,346,문자,302,！,0x995E~0x995F,0 1,15 00,A0 12,0x1BC21 0x1BC20,CC B8,57 CA,0x1BB00 0x1BB00,0x29 0x29,0x2DE 0x2DF,e2f0d9
0x9960 0x9961,347,문자,303,？,0x9960~0x9961,0 1,08 77,90 12,0x1BC1F 0x1BC1E,C1 31,49 CC,0x1BB00 0x1BB00,0x29 0x29,0x2E0 0x2E1,e2f0d9
0x9962 0x9963,348,문자,304,␠,0x9962~0x9963,0 1,68 66,18 12,0x1BC1D 0x1BC1C,23 22,D3 CE,0x1BB00 0x1BB00,0x29 0x29,0x2E2 0x2E3,e2f0d9
0x9964 0x9965,349,문자,305,뭘,0x9964~0x9965,0 1,E8 28,40 39,0x1BC1B 0x1BC1A,A5 E6,FD F7,0x1BB00 0x1BB00,0x29 0x29,0x2E4 0x2E5,e9ae2b
0x9966 0x9967,350,문자,306,␠,0x9966~0x9967,0 1,48 49,18 12,0x1BC19 0x1BC18,07 09,D7 D2,0x1BB00 0x1BB00,0x29 0x29,0x2E6 0x2E7,e2f0d9
0x9968 0x9969,351,문자,307,원,0x9968~0x9969,0 1,28 9E,F0 D9,0x1BC17 0x1BC16,E9 60,B1 9B,0x1BB00 0x1BB00,0x29 0x29,0x2E8 0x2E9,e9ae2b
0x996A 0x996B,352,문자,308,하,0x996A~0x996B,0 1,A8 28,50 E3,0x1BC15 0x1BC14,6B EC,13 A7,0x1BB00 0x1BB00,0x29 0x29,0x2EA 0x2EB,e9ae2b
0x996C 0x996D,353,문자,309,는,0x996C~0x996D,0 1,98 28,E0 25,0x1BC13 0x1BC12,5D EE,A5 EB,0x1BB00 0x1BB00,0x29 0x29,0x2EC 0x2ED,e9ae2b
0x996E 0x996F,354,문자,310,데,0x996E~0x996F,0 1,58 59,F0 2D,0x1BC11 0x1BC10,1F 21,B7 F5,0x1BB00 0x1BB00,0x29 0x29,0x2EE 0x2EF,e9ae2b
0x9970 0x9971,355,문자,311,！,0x9970~0x9971,0 1,18 9B,A0 12,0x1BC0F 0x1BC0E,E1 65,69 DC,0x1BB00 0x1BB00,0x29 0x29,0x2F0 0x2F1,e2f0d9
0x9972 0x9973,356,문자,312,？,0x9972~0x9973,0 1,E8 28,90 12,0x1BC0D 0x1BC0C,B3 F4,5B DE,0x1BB00 0x1BB00,0x29 0x29,0x2F2 0x2F3,e2f0d9
0x9974 0x9975 0x9976,357,제어,,,0x9974~0x9976,0 1 2,28 38 E8,19 00 69,0x1BC0B 0x1BC0A 0x1BC09,F5 06 B7,E6 CE 38,0x1BB00 0x1BB00 0x1BB00,0x29 0x29 0x29,0x2F4 0x2F5 0x2F6,fce4d6
0x9977 0x9978,358,제어,,,0x9977~0x9978,0 1,28 20,15 00,0x1BC08 0x1BC07,F8 F1,E5 D1,0x1BB00 0x1BB00,0x29 0x29,0x2F7 0x2F8,fce4d6
0x9979 0x997A,359,제어,,,0x9979~0x997A,0 1,12 48,17 00,0x1BC06 0x1BC05,E4 1B,E9 D3,0x1BB00 0x1BB00,0x29 0x29,0x2F9 0x2FA,fce4d6
0x997B 0x997C 0x997D,360,제어,,,0x997B~0x997D,0 1 2,3B 18 1A,1A 00 04,0x1BC04 0x1BC03 0x1BC02,0F ED F0,EE D5 DA,0x1BB00 0x1BB00 0x1BB00,0x29 0x29 0x29,0x2FB 0x2FC 0x2FD,fce4d6
0x997E 0x997F,361,제어,,,0x997E~0x997F,0 1,B8 2A,16 00,0x1BC01 0x1BC00,8F 03,ED D9,0x1BB00 0x1BB00,0x29 0x29,0x2FE 0x2FF,fce4d6
0x9980 0x9981,362,문자,313,파,0x9980~0x9981,0 1,68 2A,E8 E2,0x1BBFF 0x1BBFE,42 05,C2 BD,0x1BB00 0x1BB00,0x29 0x29,0x300 0x301,e2f0d9
0x9982 0x9983,363,문자,314,괴,0x9982~0x9983,0 1,38 1A,E8 20,0x1BBFD 0x1BBFC,14 F7,C4 FD,0x1BB00 0x1BB00,0x29 0x29,0x302 0x303,e2f0d9
0x9984 0x9985,364,문자,315,다,0x9984~0x9985,0 1,28 38,C8 27,0x1BBFB 0x1BBFA,06 17,A6 06,0x1BB00 0x1BB00,0x29 0x29,0x304 0x305,e2f0d9
0x9986 0x9987,365,문자,316,！,0x9986~0x9987,0 1,A8 3A,A0 12,0x1BBF9 0x1BBF8,88 1B,80 F3,0x1BB00 0x1BB00,0x29 0x29,0x306 0x307,e2f0d9
0x9988 0x9989,366,문자,317,␠,0x9988~0x9989,0 1,28 1A,18 12,0x1BBF7 0x1BBF6,0A FD,FA F5,0x1BB00 0x1BB00,0x29 0x29,0x308 0x309,e2f0d9
0x998A 0x998B,367,문자,318,완,0x998A~0x998B,0 1,A8 3A,F8 9F,0x1BBF5 0x1BBF4,8C 1F,DC 84,0x1BB00 0x1BB00,0x29 0x29,0x30A 0x30B,e2f0d9
0x998C 0x998D,368,문자,319,전,0x998C~0x998D,0 1,68 2A,B8 DF,0x1BBF3 0x1BBF2,4E 11,9E C6,0x1BB00 0x1BB00,0x29 0x29,0x30C 0x30D,e2f0d9
0x998E 0x998F,369,문자,320,한,0x998E~0x998F,0 1,38 1A,78 E3,0x1BBF1 0x1BBF0,20 03,60 CC,0x1BB00 0x1BB00,0x29 0x29,0x30E 0x30F,e2f0d9
0x9990 0x9991,370,문자,321,␠,0x9990~0x9991,0 1,28 38,18 12,0x1BBEF 0x1BBEE,12 23,02 FD,0x1BB00 0x1BB00,0x29 0x29,0x310 0x311,e2f0d9
0x9992 0x9993,371,문자,322,허,0x9992~0x9993,0 1,48 18,08 E4,0x1BBED 0x1BBEC,34 05,F4 D1,0x1BB00 0x1BB00,0x29 0x29,0x312 0x313,e2f0d9
0x9994 0x9995,372,문자,323,무,0x9994~0x9995,0 1,98 38,08 36,0x1BBEB 0x1BBEA,86 27,F6 25,0x1BB00 0x1BB00,0x29 0x29,0x314 0x315,e2f0d9
0x9996 0x9997,373,문자,324,！,0x9996~0x9997,0 1,C8 28,A0 12,0x1BBE9 0x1BBE8,B8 19,90 03,0x1BB00 0x1BB00,0x29 0x29,0x316 0x317,e2f0d9
0x9998 0x9999,374,문자,325,␠,0x9998~0x9999,0 1,F8 38,18 12,0x1BBE7 0x1BBE6,EA 2B,0A 05,0x1BB00 0x1BB00,0x29 0x29,0x318 0x319,e2f0d9
0x999A 0x999B,375,문자,326,모,0x999A~0x999B,0 1,38 28,A8 35,0x1BBE5 0x1BBE4,2C 1D,9C 2A,0x1BB00 0x1BB00,0x29 0x29,0x31A 0x31B,e2f0d9
0x999C 0x999D,376,문자,327,든,0x999C~0x999D,0 1,A0 12,08 30,0x1BBE3 0x1BBE2,96 09,FE 27,0x1BB00 0x1BB00,0x29 0x29,0x31C 0x31D,e2f0d9
0x999E 0x999F,377,문자,328,␠,0x999E~0x999F,0 1,15 00,18 12,0x1BBE1 0x1BBE0,0D F9,10 0B,0x1BB00 0x1BB00,0x29 0x29,0x31E 0x31F,e2f0d9
0x99A0 0x99A1,378,문자,329,것,0x99A0~0x99A1,0 1,78 62,F8 1D,0x1BBDF 0x1BBDE,72 5D,F2 18,0x1BB00 0x1BB00,0x29 0x29,0x320 0x321,e2f0d9
0x99A2 0x99A3,379,문자,330,을,0x99A2~0x99A3,0 1,88 C6,58 DE,0x1BBDD 0x1BBDC,84 C3,54 DB,0x1BB00 0x1BB00,0x29 0x29,0x322 0x323,e2f0d9
0x99A4 0x99A5,380,문자,331,␠,0x99A4~0x99A5,0 1,E8 28,18 12,0x1BBDB 0x1BBDA,E6 27,16 11,0x1BB00 0x1BB00,0x29 0x29,0x324 0x325,e2f0d9
0x99A6 0x99A7,381,문자,332,멸,0x99A6~0x99A7,0 1,F8 7F,88 35,0x1BBD9 0x1BBD8,F8 80,88 36,0x1BB00 0x1BB00,0x29 0x29,0x326 0x327,e2f0d9
0x99A8 0x99A9,382,문자,333,하,0x99A8~0x99A9,0 1,D8 DB,58 E3,0x1BBD7 0x1BBD6,DA DE,5A E6,0x1BB00 0x1BB00,0x29 0x29,0x328 0x329,e2f0d9
0x99AA 0x99AB,383,문자,334,고,0x99AA~0x99AB,0 1,28 39,88 20,0x1BBD5 0x1BBD4,2C 3E,8C 25,0x1BB00 0x1BB00,0x29 0x29,0x32A 0x32B,e2f0d9
0x99AC 0x99AD,384,문자,335,、,0x99AC~0x99AD,0 1,68 E4,20 12,0x1BBD3 0x1BBD2,6E EB,26 19,0x1BB00 0x1BB00,0x29 0x29,0x32C 0x32D,e2f0d9
0x99AE 0x99AF,385,문자,336,망,0x99AE~0x99AF,0 1,C8 18,08 35,0x1BBD1 0x1BBD0,D0 21,10 3E,0x1BB00 0x1BB00,0x29 0x29,0x32E 0x32F,e2f0d9
0x99B0 0x99B1,386,문자,337,각,0x99B0~0x99B1,0 1,A8 F8,B8 17,0x1BBCF 0x1BBCE,B2 03,C2 22,0x1BB00 0x1BB00,0x29 0x29,0x330 0x331,e2f0d9
0x99B2 0x99B3,387,문자,338,의,0x99B2~0x99B3,0 1,B8 28,88 DE,0x1BBCD 0x1BBCC,C4 35,94 EB,0x1BB00 0x1BB00,0x29 0x29,0x332 0x333,e2f0d9
0x99B4 0x99B5,388,문자,339,␠,0x99B4~0x99B5,0 1,C8 4F,18 12,0x1BBCB 0x1BBCA,D6 5E,26 21,0x1BB00 0x1BB00,0x29 0x29,0x334 0x335,e2f0d9
0x99B6 0x99B7,389,문자,340,저,0x99B6~0x99B7,0 1,18 38,98 DF,0x1BBC9 0x1BBC8,28 49,A8 F0,0x1BB00 0x1BB00,0x29 0x29,0x336 0x337,e2f0d9
0x99B8 0x99B9,390,문자,341,편,0x99B8~0x99B9,0 1,20 12,F8 E2,0x1BBC7 0x1BBC6,32 25,0A F5,0x1BB00 0x1BB00,0x29 0x29,0x338 0x339,e2f0d9
0x99BA 0x99BB,391,문자,342,으,0x99BA~0x99BB,0 1,48 3B,38 DE,0x1BBC5 0x1BBC4,5C 50,4C F3,0x1BB00 0x1BB00,0x29 0x29,0x33A 0x33B,e2f0d9
0x99BC 0x99BD,392,문자,343,로,0x99BC~0x99BD,0 1,78 1A,D8 31,0x1BBC3 0x1BBC2,8E 31,EE 48,0x1BB00 0x1BB00,0x29 0x29,0x33C 0x33D,e2f0d9
0x99BE 0x99BF,393,문자,344,␠,0x99BE~0x99BF,0 1,B8 1A,18 12,0x1BBC1 0x1BBC0,D0 33,30 2B,0x1BB00 0x1BB00,0x29 0x29,0x33E 0x33F,e2f0d9
0x99C0 0x99C1,394,문자,345,묻,0x99C0~0x99C1,0 1,38 3B,C8 37,0x1BBBF 0x1BBBE,52 56,E2 52,0x1BB00 0x1BB00,0x29 0x29,0x340 0x341,e2f0d9
0x99C2 0x99C3,395,문자,346,어,0x99C2~0x99C3,0 1,68 2A,08 70,0x1BBBD 0x1BBBC,84 47,24 8D,0x1BB00 0x1BB00,0x29 0x29,0x342 0x343,e2f0d9
0x99C4 0x99C5,396,문자,347,버,0x99C4~0x99C5,0 1,38 1A,F8 39,0x1BBBB 0x1BBBA,56 39,16 58,0x1BB00 0x1BB00,0x29 0x29,0x344 0x345,e2f0d9
0x99C6 0x99C7,397,문자,348,리,0x99C6~0x99C7,0 1,E8 28,78 34,0x1BBB9 0x1BBB8,08 49,98 55,0x1BB00 0x1BB00,0x29 0x29,0x346 0x347,e2f0d9
0x99C8 0x99C9,398,문자,349,는,0x99C8~0x99C9,0 1,F8 29,E8 25,0x1BBB7 0x1BBB6,1A 4C,0A 48,0x1BB00 0x1BB00,0x29 0x29,0x348 0x349,e2f0d9
0x99CA 0x99CB,399,문자,350,␠,0x99CA~0x99CB,0 1,C8 18,18 12,0x1BBB5 0x1BBB4,EC 3D,3C 37,0x1BB00 0x1BB00,0x29 0x29,0x34A 0x34B,e2f0d9
0x99CC 0x99CD,400,문자,351,것,0x99CC~0x99CD,0 1,48 C0,F8 1D,0x1BBB3 0x1BBB2,6E E7,1E 44,0x1BB00 0x1BB00,0x29 0x29,0x34C 0x34D,e2f0d9
0x99CE 0x99CF,401,문자,352,。,0x99CE~0x99CF,0 1,08 85,30 12,0x1BBB1 0x1BBB0,30 AE,58 3B,0x1BB00 0x1BB00,0x29 0x29,0x34E 0x34F,e2f0d9
0x99D0 0x99D1,402,제어,,,0x99D0~0x99D1,0 1,28 39,15 00,0x1BBAF 0x1BBAE,52 64,3F 2B,0x1BB00 0x1BB00,0x29 0x29,0x350 0x351,fce4d6
0x99D2 0x99D3,403,문자,353,삼,0x99D2~0x99D3,0 1,98 B7,18 3D,0x1BBAD 0x1BBAC,C4 E4,44 6A,0x1BB00 0x1BB00,0x29 0x29,0x352 0x353,e2f0d9
0x99D4 0x99D5,404,문자,354,계,0x99D4~0x99D5,0 1,B8 8F,78 20,0x1BBAB 0x1BBAA,E6 BE,A6 4F,0x1BB00 0x1BB00,0x29 0x29,0x354 0x355,e2f0d9
0x99D6 0x99D7,405,문자,355,의,0x99D6~0x99D7,0 1,98 19,88 DE,0x1BBA9 0x1BBA8,C8 4A,B8 0F,0x1BB00 0x1BB00,0x29 0x29,0x356 0x357,e2f0d9
0x99D8 0x99D9,406,문자,356,␠,0x99D8~0x99D9,0 1,B8 38,18 12,0x1BBA7 0x1BBA6,EA 6B,4A 45,0x1BB00 0x1BB00,0x29 0x29,0x358 0x359,e2f0d9
0x99DA 0x99DB,407,문자,357,조,0x99DA~0x99DB,0 1,E8 28,F8 EB,0x1BBA5 0x1BBA4,1C 5D,2C 20,0x1BB00 0x1BB00,0x29 0x29,0x35A 0x35B,e2f0d9
0x99DC 0x99DD,408,문자,358,화,0x99DC~0x99DD,0 1,08 28,88 E4,0x1BBA3 0x1BBA2,3E 5F,BE 1B,0x1BB00 0x1BB00,0x29 0x29,0x35C 0x35D,e2f0d9
0x99DE,409,문자,359,␠,0x99DE~0x99DF,0,A0,18,0x1BBA1,D8,50,0x1BB00,0x29,0x35E,e2f0d9
0x99E0 0x99E1,410,문자,360,따,0x99E0~0x99E1,0 1,19 00,48 30,0x1BB9F 0x1BB9E,53 3B,82 6B,0x1BB00 0x1BB00,0x29 0x29,0x360 0x361,e2f0d9
0x99E2 0x99E3,411,문자,361,윈,0x99E2~0x99E3,0 1,78 15,18 DE,0x1BB9D 0x1BB9C,B4 52,54 1B,0x1BB00 0x1BB00,0x29 0x29,0x362 0x363,e2f0d9
0x99E4 0x99E5,412,문자,362,␠,0x99E4~0x99E5,0 1,00 17,18 12,0x1BB9B 0x1BB9A,3E 56,56 51,0x1BB00 0x1BB00,0x29 0x29,0x364 0x365,e2f0d9
0x99E6 0x99E7,413,문자,363,쓸,0x99E6~0x99E7,0 1,00 1A,08 4E,0x1BB99 0x1BB98,40 5B,48 8F,0x1BB00 0x1BB00,0x29 0x29,0x366 0x367,e2f0d9
0x99E8 0x99E9,414,문자,364,모,0x99E8~0x99E9,0 1,00 04,A8 35,0x1BB97 0x1BB96,42 47,EA 78,0x1BB00 0x1BB00,0x29 0x29,0x368 0x369,e2f0d9
0x99EA 0x99EB,415,문자,365,없,0x99EA~0x99EB,0 1,16 00,08 7C,0x1BB95 0x1BB94,5A 45,4C C1,0x1BB00 0x1BB00,0x29 0x29,0x36A 0x36B,e2f0d9
0x99EC 0x99ED,416,문자,366,고,0x99EC~0x99ED,0 1,D0 19,88 20,0x1BB93 0x1BB92,16 60,CE 67,0x1BB00 0x1BB00,0x29 0x29,0x36C 0x36D,e2f0d9
0x99EE 0x99EF,417,문자,367,、,0x99EE~0x99EF,0 1,30 39,20 12,0x1BB91 0x1BB90,78 82,68 5B,0x1BB00 0x1BB00,0x29 0x29,0x36E 0x36F,e2f0d9
0x99F0 0x99F1,418,문자,368,몽,0x99F0~0x99F1,0 1,A0 28,F8 35,0x1BB8F 0x1BB8E,EA 73,42 80,0x1BB00 0x1BB00,0x29 0x29,0x370 0x371,e2f0d9
0x99F2 0x99F3,419,문자,369,환,0x99F2~0x99F3,0 1,30 19,98 E4,0x1BB8D 0x1BB8C,7C 66,E4 31,0x1BB00 0x1BB00,0x29 0x29,0x372 0x373,e2f0d9
0x99F4 0x99F5,420,문자,370,계,0x99F4~0x99F5,0 1,80 28,78 20,0x1BB8B 0x1BB8A,CE 77,C6 6F,0x1BB00 0x1BB00,0x29 0x29,0x374 0x375,e2f0d9
0x99F6 0x99F7,421,문자,371,도,0x99F6~0x99F7,0 1,F0 28,28 2E,0x1BB89 0x1BB88,40 79,78 7F,0x1BB00 0x1BB00,0x29 0x29,0x376 0x377,e2f0d9
0x99F8 0x99F9,422,문자,372,␠,0x99F8~0x99F9,0 1,50 19,18 12,0x1BB87 0x1BB86,A2 6C,6A 65,0x1BB00 0x1BB00,0x29 0x29,0x378 0x379,e2f0d9
0x99FA 0x99FB,423,문자,373,현,0x99FA~0x99FB,0 1,B0 19,38 E4,0x1BB85 0x1BB84,04 6E,8C 39,0x1BB00 0x1BB00,0x29 0x29,0x37A 0x37B,e2f0d9
0x99FC 0x99FD,424,문자,374,계,0x99FC~0x99FD,0 1,A0 28,78 20,0x1BB83 0x1BB82,F6 7F,CE 77,0x1BB00 0x1BB00,0x29 0x29,0x37C 0x37D,e2f0d9
0x99FE 0x99FF,425,문자,375,도,0x99FE~0x99FF,0 1,40 18,28 2E,0x1BB81 0x1BB80,98 71,80 87,0x1BB00 0x1BB00,0x29 0x29,0x37E 0x37F,e2f0d9
0x9A00,426,문자,376,␠,0x9A00~0x9A01,0,60,18,0x1BB7F,BA,72,0x1BB00,0x29,0x380,e2f0d9
0x9A02 0x9A03,427,문자,377,필,0x9A02~0x9A03,0 1,60 12,48 E3,0x1BB7D 0x1BB7C,BC 6F,A4 40,0x1BB00 0x1BB00,0x29 0x29,0x382 0x383,e2f0d9
0x9A04 0x9A05,428,문자,378,요,0x9A04~0x9A05,0 1,60 12,F8 C7,0x1BB7B 0x1BB7A,BE 71,56 26,0x1BB00 0x1BB00,0x29 0x29,0x384 0x385,e2f0d9
0x9A06 0x9A07,429,문자,379,없,0x9A06~0x9A07,0 1,D0 19,08 7C,0x1BB79 0x1BB78,30 7A,68 DD,0x1BB00 0x1BB00,0x29 0x29,0x386 0x387,e2f0d9
0x9A08 0x9A09,430,문자,380,다,0x9A08~0x9A09,0 1,30 39,C8 27,0x1BB77 0x1BB76,92 9C,2A 8A,0x1BB00 0x1BB00,0x29 0x29,0x388 0x389,e2f0d9
0x9A0B,431,문자,381,！,0x9A0A~0x9A0B,1,28,12,0x1BB74,8D,77,0x1BB00,0x29,0x38B,e2f0d9
0x9A0C 0x9A0D,432,제어,,,0x9A0C~0x9A0D,0 1,30 19,15 00,0x1BB73 0x1BB72,96 80,7B 67,0x1BB00 0x1BB00,0x29 0x29,0x38C 0x38D,fce4d6
0x9A0E 0x9A0F,433,문자,382,우,0x9A0E~0x9A0F,0 1,80 28,F8 CD,0x1BB71 0x1BB70,E8 91,60 36,0x1BB00 0x1BB00,0x29 0x29,0x38E 0x38F,e2f0d9
0x9A10 0x9A11,434,문자,383,주,0x9A10~0x9A11,0 1,F0 28,F8 F5,0x1BB6F 0x1BB6E,5A 93,62 60,0x1BB00 0x1BB00,0x29 0x29,0x390 0x391,e2f0d9
0x9A12 0x9A13,435,문자,384,의,0x9A12~0x9A13,0 1,60 EB,88 DE,0x1BB6D 0x1BB6C,CC 58,F4 4B,0x1BB00 0x1BB00,0x29 0x29,0x392 0x393,e2f0d9
0x9A14 0x9A15,436,문자,385,␠,0x9A14~0x9A15,0 1,50 19,18 12,0x1BB6B 0x1BB6A,BE 88,86 81,0x1BB00 0x1BB00,0x29 0x29,0x394 0x395,e2f0d9
0x9A16 0x9A17,437,문자,386,진,0x9A16~0x9A17,0 1,A0 28,38 E0,0x1BB69 0x1BB68,10 99,A8 51,0x1BB00 0x1BB00,0x29 0x29,0x396 0x397,e2f0d9
0x9A18 0x9A19,438,문자,387,리,0x9A18~0x9A19,0 1,40 18,78 34,0x1BB67 0x1BB66,B2 8B,EA A7,0x1BB00 0x1BB00,0x29 0x29,0x398 0x399,e2f0d9
0x9A1A 0x9A1B,439,문자,388,를,0x9A1A~0x9A1B,0 1,A0 12,58 34,0x1BB65 0x1BB64,14 87,CC A9,0x1BB00 0x1BB00,0x29 0x29,0x39A 0x39B,e2f0d9
0x9A1C 0x9A1D,440,문자,389,␠,0x9A1C~0x9A1D,0 1,19 00,18 12,0x1BB63 0x1BB62,8F 77,8E 89,0x1BB00 0x1BB00,0x29 0x29,0x39C 0x39D,e2f0d9
0x9A1E 0x9A1F,441,문자,390,내,0x9A1E~0x9A1F,0 1,68 15,08 25,0x1BB61 0x1BB60,E0 8E,80 9E,0x1BB00 0x1BB00,0x29 0x29,0x39E 0x39F,e2f0d9
0x9A20 0x9A21,442,문자,391,␠,0x9A20~0x9A21,0 1,00 17,18 12,0x1BB5F 0x1BB5E,7A 92,92 8D,0x1BB00 0x1BB00,0x29 0x29,0x3A0 0x3A1,e2f0d9
0x9A22 0x9A23,443,문자,392,손,0x9A22~0x9A23,0 1,00 1A,F8 3D,0x1BB5D 0x1BB5C,7C 97,74 BA,0x1BB00 0x1BB00,0x29 0x29,0x3A2 0x3A3,e2f0d9
0x9A24 0x9A25,444,문자,393,에,0x9A24~0x9A25,0 1,00 03,48 9F,0x1BB5B 0x1BB5A,7E 82,C6 1E,0x1BB00 0x1BB00,0x29 0x29,0x3A4 0x3A5,e2f0d9
0x9A26 0x9A27,445,문자,394,␠,0x9A26~0x9A27,0 1,16 00,18 12,0x1BB59 0x1BB58,96 81,98 93,0x1BB00 0x1BB00,0x29 0x29,0x3A6 0x3A7,e2f0d9
0x9A28 0x9A29,446,문자,395,거,0x9A28~0x9A29,0 1,19 00,98 1D,0x1BB57 0x1BB56,9B 83,1A A0,0x1BB00 0x1BB00,0x29 0x29,0x3A8 0x3A9,e2f0d9
0x9A2A 0x9A2B,447,문자,396,두,0x9A2A~0x9A2B,0 1,78 B8,B8 2E,0x1BB55 0x1BB54,FC 3D,3C B3,0x1BB00 0x1BB00,0x29 0x29,0x3AA 0x3AB,e2f0d9
0x9A2C 0x9A2D,448,문자,397,어,0x9A2C~0x9A2D,0 1,29 68,08 70,0x1BB53 0x1BB52,AF EF,8E F7,0x1BB00 0x1BB00,0x29 0x29,0x3AC 0x3AD,e2f0d9
0x9A2E 0x9A2F,449,문자,398,、,0x9A2E~0x9A2F,0 1,18 60,20 12,0x1BB51 0x1BB50,A0 E9,A8 9B,0x1BB00 0x1BB00,0x29 0x29,0x3AE 0x3AF,e2f0d9
0x9A30 0x9A31,450,문자,399,오,0x9A30~0x9A31,0 1,12 60,B8 9F,0x1BB4F 0x1BB4E,9C EB,42 2A,0x1BB00 0x1BB00,0x29 0x29,0x3B0 0x3B1,e2f0d9
0x9A32 0x9A33,451,문자,400,직,0x9A32~0x9A33,0 1,12 60,28 E0,0x1BB4D 0x1BB4C,9E ED,B4 6D,0x1BB00 0x1BB00,0x29 0x29,0x3B2 0x3B3,e2f0d9
0x9A34 0x9A35,452,문자,401,␠,0x9A34~0x9A35,0 1,12 A8,18 12,0x1BB4B 0x1BB4A,A0 37,A6 A1,0x1BB00 0x1BB00,0x29 0x29,0x3B4 0x3B5,e2f0d9
0x9A36 0x9A37,453,문자,402,베,0x9A36~0x9A37,0 1,28 C8,98 3B,0x1BB49 0x1BB48,B8 59,28 CC,0x1BB00 0x1BB00,0x29 0x29,0x3B6 0x3B7,e2f0d9
0x9A38 0x9A39,454,문자,403,칸,0x9A38~0x9A39,0 1,19 08,D8 E1,0x1BB47 0x1BB46,AB 9B,6A 74,0x1BB00 0x1BB00,0x29 0x29,0x3B8 0x3B9,e2f0d9
0x9A3A 0x9A3B,455,문자,404,티,0x9A3A~0x9A3B,0 1,28 90,D8 E2,0x1BB45 0x1BB44,BC 25,6C 77,0x1BB00 0x1BB00,0x29 0x29,0x3BA 0x3BB,e2f0d9
0x9A3C 0x9A3D,456,문자,405,만,0x9A3C~0x9A3D,0 1,12 A8,D8 34,0x1BB43 0x1BB42,A8 3F,6E CB,0x1BB00 0x1BB00,0x29 0x29,0x3BC 0x3BD,e2f0d9
0x9A3E 0x9A3F,457,문자,406,이,0x9A3E~0x9A3F,0 1,18 E8,98 DE,0x1BB41 0x1BB40,B0 81,30 77,0x1BB00 0x1BB00,0x29 0x29,0x3BE 0x3BF,e2f0d9
0x9A40 0x9A41,458,문자,407,␠,0x9A40~0x9A41,0 1,29 88,18 12,0x1BB3F 0x1BB3E,C3 23,B2 AD,0x1BB00 0x1BB00,0x29 0x29,0x3C0 0x3C1,e2f0d9
0x9A42 0x9A43,459,문자,408,절,0x9A42~0x9A43,0 1,18 F8,C8 DF,0x1BB3D 0x1BB3C,B4 95,64 7C,0x1BB00 0x1BB00,0x29 0x29,0x3C2 0x3C3,e2f0d9
0x9A44 0x9A45,460,문자,409,대,0x9A44~0x9A45,0 1,28 A8,B8 2D,0x1BB3B 0x1BB3A,C6 47,56 CC,0x1BB00 0x1BB00,0x29 0x29,0x3C4 0x3C5,e2f0d9
0x9A46 0x9A47,461,문자,410,적,0x9A46~0x9A47,0 1,28 C8,A8 DF,0x1BB39 0x1BB38,C8 69,48 80,0x1BB00 0x1BB00,0x29 0x29,0x3C6 0x3C7,e2f0d9
0x9A48 0x9A49,462,문자,411,인,0x9A48~0x9A49,0 1,19 F8,A8 DE,0x1BB37 0x1BB36,BB 9B,4A 81,0x1BB00 0x1BB00,0x29 0x29,0x3C8 0x3C9,e2f0d9
0x9A4A 0x9A4B,463,문자,412,␠,0x9A4A~0x9A4B,0 1,C0 68,18 12,0x1BB35 0x1BB34,64 0D,BC B7,0x1BB00 0x1BB00,0x29 0x29,0x3CA 0x3CB,e2f0d9
0x9A4D,464,문자,413,지,0x9A4C~0x9A4D,1,E8,E0,0x1BB32,8F,87,0x1BB00,0x29,0x3CD,e2f0d9
0x9A4E 0x9A4F,465,문자,414,배,0x9A4E~0x9A4F,0 1,28 08,E8 39,0x1BB31 0x1BB30,D0 B1,90 E2,0x1BB00 0x1BB00,0x29 0x29,0x3CE 0x3CF,e2f0d9
0x9A50 0x9A51,466,문자,415,자,0x9A50~0x9A51,0 1,28 90,08 DF,0x1BB2F 0x1BB2E,D2 3B,B2 8A,0x1BB00 0x1BB00,0x29 0x29,0x3D0 0x3D1,e2f0d9
0x9A52 0x9A53,467,문자,416,가,0x9A52~0x9A53,0 1,12 A8,A8 17,0x1BB2D 0x1BB2C,BE 55,54 C4,0x1BB00 0x1BB00,0x29 0x29,0x3D2 0x3D3,e2f0d9
0x9A55,468,문자,417,␠,0x9A54~0x9A55,1,E8,12,0x1BB2A,97,C1,0x1BB00,0x29,0x3D5,e2f0d9
0x9A56 0x9A57,469,문자,418,될,0x9A56~0x9A57,0 1,29 88,A8 2E,0x1BB29 0x1BB28,D9 39,58 DF,0x1BB00 0x1BB00,0x29 0x29,0x3D6 0x3D7,e2f0d9
0x9A59,470,문자,419,␠,0x9A58~0x9A59,1,38,12,0x1BB26,EB,C5,0x1BB00,0x29,0x3D9,e2f0d9
0x9A5A 0x9A5B,471,문자,420,것,0x9A5A~0x9A5B,0 1,19 D8,F8 1D,0x1BB25 0x1BB24,CD 8D,AC D2,0x1BB00 0x1BB00,0x29 0x29,0x3DA 0x3DB,e2f0d9
0x9A5C 0x9A5D,472,문자,421,이,0x9A5C~0x9A5D,0 1,19 F8,98 DE,0x1BB23 0x1BB22,CF AF,4E 95,0x1BB00 0x1BB00,0x29 0x29,0x3DC 0x3DD,e2f0d9
0x9A5E 0x9A5F,473,문자,422,다,0x9A5E~0x9A5F,0 1,65 28,C8 27,0x1BB21 0x1BB20,1D E1,80 E0,0x1BB00 0x1BB00,0x29 0x29,0x3DE 0x3DF,e2f0d9
0x9A60 0x9A61,474,문자,423,！,0x9A60~0x9A61,0 1,39 18,A0 12,0x1BB1F 0x1BB1E,F3 D3,5A CD,0x1BB00 0x1BB00,0x29 0x29,0x3E0 0x3E1,e2f0d9
0x9A62 0x9A63 0x9A64,475,제어,,,0x9A62~0x9A64,0 1 2,EA 18 38,19 00 78,0x1BB1D 0x1BB1C 0x1BB1B,A6 D5 F6,D5 BD 36,0x1BB00 0x1BB00 0x1BB00,0x29 0x29 0x29,0x3E2 0x3E3 0x3E4,fce4d6
0x9A65 0x9A66,476,제어,,,0x9A65~0x9A66,0 1,68 28,15 00,0x1BB1A 0x1BB19,27 E8,D4 C0,0x1BB00 0x1BB00,0x29 0x29,0x3E5 0x3E6,fce4d6
0x9A67 0x9A68,477,제어,,,0x9A67~0x9A68,0 1,48 18,17 00,0x1BB18 0x1BB17,09 DA,D8 C2,0x1BB00 0x1BB00,0x29 0x29,0x3E7 0x3E8,fce4d6
0x9A69 0x9A6A 0x9A6B,478,제어,,,0x9A69~0x9A6B,0 1 2,B8 38 20,1A 00 04,0x1BB16 0x1BB15 0x1BB14,7B FC E5,DD C4 C9,0x1BB00 0x1BB00 0x1BB00,0x29 0x29 0x29,0x3E9 0x3EA 0x3EB,fce4d6
0x9A6C 0x9A6D,479,제어,,,0x9A6C~0x9A6D,0 1,12 A8,16 00,0x1BB13 0x1BB12,D8 6F,DC C7,0x1BB00 0x1BB00,0x29 0x29,0x3EC 0x3ED,fce4d6
0x9A6E 0x9A6F,480,문자,424,그,0x9A6E~0x9A6F,0 1,CB 88,50 21,0x1BB11 0x1BB10,93 51,18 EA,0x1BB00 0x1BB00,0x29 0x29,0x3EE 0x3EF,e9ae2b
0x9A70 0x9A71,481,문자,425,렇,0x9A70~0x9A71,0 1,18 88,90 31,0x1BB0F 0x1BB0E,E2 53,5A FC,0x1BB00 0x1BB00,0x29 0x29,0x3F0 0x3F1,e9ae2b
0x9A72 0x9A73,482,문자,426,게,0x9A72~0x9A73,0 1,38 38,00 20,0x1BB0D 0x1BB0C,04 05,CC ED,0x1BB00 0x1BB00,0x29 0x29,0x3F2 0x3F3,e9ae2b
0x9A74 0x9A75,483,문자,427,␠,0x9A74~0x9A75,0 1,28 A0,18 12,0x1BB0B 0x1BB0A,F6 6F,E6 E1,0x1BB00 0x1BB00,0x29 0x29,0x3F4 0x3F5,e2f0d9
0x9A76 0x9A77,484,문자,428,두,0x9A76~0x9A77,0 1,12 15,B0 2E,0x1BB09 0x1BB08,E2 E6,80 FF,0x1BB00 0x1BB00,0x29 0x29,0x3F6 0x3F7,e9ae2b
0x9A78 0x9A79,485,문자,429,진,0x9A78~0x9A79,0 1,00 17,30 E0,0x1BB07 0x1BB06,D2 EA,02 B3,0x1BB00 0x1BB00,0x29 0x29,0x3F8 0x3F9,e9ae2b
0x9A7A 0x9A7B,486,문자,430,␠,0x9A7A~0x9A7B,0 1,00 1A,18 12,0x1BB05 0x1BB04,D4 EF,EC E7,0x1BB00 0x1BB00,0x29 0x29,0x3FA 0x3FB,e2f0d9
0x9A7D,487,문자,431,않,0x9A7C~0x9A7D,1,04,5E,0x1BB02,DB,35,0x1BB00,0x29,0x3FD,e9ae2b
0x9A7E 0x9A7F,488,문자,432,아,0x9A7E~0x9A7F,0 1,16 00,00 56,0x1BB01 0x1BB00,EE DA,D8 30,0x1BB00 0x1BB00,0x29 0x29,0x3FE 0x3FF,e9ae2b
0x9A80 0x9A81,489,문자,433,・,0x9A80~0x9A81,0 1,F0 38,60 12,0x1C30F 0x1C30E,C7 10,37 EA,0x1BF10 0x1BF10,0x29 0x29,0x000 0x001,e2f0d9
0x9A82 0x9A83,490,문자,434,・,0x9A82~0x9A83,0 1,B0 18,60 12,0x1C30D 0x1C30C,89 F2,39 EC,0x1BF10 0x1BF10,0x29 0x29,0x002 0x003,e2f0d9
0x9A84 0x9A85,491,문자,435,・,0x9A84~0x9A85,0 1,90 38,60 12,0x1C30B 0x1C30A,6B 14,3B EE,0x1BF10 0x1BF10,0x29 0x29,0x004 0x005,e2f0d9
0x9A86 0x9A87,492,문자,436,␠,0x9A86~0x9A87,0 1,A0 28,18 12,0x1C309 0x1C308,7D 06,F5 F0,0x1BF10 0x1BF10,0x29 0x29,0x006 0x007,e2f0d9
0x9A88 0x9A89,493,문자,437,그,0x9A88~0x9A89,0 1,40 18,50 21,0x1C307 0x1C306,1F F8,2F 01,0x1BF10 0x1BF10,0x29 0x29,0x008 0x009,e9ae2b
0x9A8A 0x9A8B,494,문자,438,런,0x9A8A~0x9A8B,0 1,60 12,50 31,0x1C305 0x1C304,41 F4,31 13,0x1BF10 0x1BF10,0x29 0x29,0x00A 0x00B,e9ae2b
0x9A8C,495,문자,439,␠,0x9A8C~0x9A8D,0,60,18,0x1C303,43,FB,0x1BF10,0x29,0x00C,e2f0d9
0x9A8E 0x9A8F,496,문자,440,건,0x9A8E~0x9A8F,0 1,60 12,B0 1D,0x1C301 0x1C300,45 F8,95 03,0x1BF10 0x1BF10,0x29 0x29,0x00E 0x00F,e9ae2b
0x9A90 0x9A91,497,문자,441,␠,0x9A90~0x9A91,0 1,70 28,18 12,0x1C2FF 0x1C2FE,57 10,FF FA,0x1BF10 0x1BF10,0x29 0x29,0x010 0x011,e2f0d9
0x9A92 0x9A93,498,문자,442,절,0x9A92~0x9A93,0 1,20 38,C0 DF,0x1C2FD 0x1C2FC,09 22,A9 C9,0x1BF10 0x1BF10,0x29 0x29,0x012 0x013,e9ae2b
0x9A94 0x9A95,499,문자,443,대,0x9A94~0x9A95,0 1,20 12,B0 2D,0x1C2FB 0x1C2FA,0B FE,9B 19,0x1BF10 0x1BF10,0x29 0x29,0x014 0x015,e9ae2b
0x9A96 0x9A97,500,문자,444,␠,0x9A96~0x9A97,0 1,F0 7C,18 12,0x1C2F9 0x1C2F8,DD 6A,05 00,0x1BF10 0x1BF10,0x29 0x29,0x016 0x017,e2f0d9
0x9A98 0x9A99,501,문자,445,용,0x9A98~0x9A99,0 1,A0 28,F0 CB,0x1C2F7 0x1C2F6,8F 18,DF BB,0x1BF10 0x1BF10,0x29 0x29,0x018 0x019,e9ae2b
0x9A9B,502,문자,446,납,0x9A9A~0x9A9B,1,18,24,0x1C2F4,0A,16,0x1BF10,0x29,0x01B,e9ae2b
0x9A9C 0x9A9D,503,문자,447,␠,0x9A9C~0x9A9D,0 1,80 28,18 12,0x1C2F3 0x1C2F2,73 1C,0B 06,0x1BF10 0x1BF10,0x29 0x29,0x01C 0x01D,e2f0d9
0x9A9E 0x9A9F,504,문자,448,못,0x9A9E~0x9A9F,0 1,20 38,E0 35,0x1C2F1 0x1C2F0,15 2E,D5 2B,0x1BF10 0x1BF10,0x29 0x29,0x01E 0x01F,e9ae2b
0x9AA0 0x9AA1,505,문자,449,해,0x9AA0~0x9AA1,0 1,A0 18,B0 E3,0x1C2EF 0x1C2EE,97 10,A7 DB,0x1BF10 0x1BF10,0x29 0x29,0x020 0x021,e9ae2b
0x9AA2 0x9AA3,506,문자,450,！,0x9AA2~0x9AA3,0 1,E0 29,A0 12,0x1C2ED 0x1C2EC,D9 23,99 0C,0x1BF10 0x1BF10,0x29 0x29,0x022 0x023,e2f0d9
0x9AA4 0x9AA5 0x9AA6,507,제어,,,0x9AA4~0x9AA6,0 1 2,80 18 E0,19 00 68,0x1C2EB 0x1C2EA 0x1C2E9,7B 14 DD,14 FC 65,0x1BF10 0x1BF10 0x1BF10,0x29 0x29 0x29,0x024 0x025 0x026,fce4d6
0x9AA7 0x9AA8,508,제어,,,0x9AA7~0x9AA8,0 1,28 80,15 00,0x1C2E8 0x1C2E7,26 7F,13 FF,0x1BF10 0x1BF10,0x29 0x29,0x027 0x028,fce4d6
0x9AA9 0x9AAA,509,제어,,,0x9AA9~0x9AAA,0 1,38 60,17 00,0x1C2E6 0x1C2E5,38 61,17 01,0x1BF10 0x1BF10,0x29 0x29,0x029 0x02A,fce4d6
0x9AAB 0x9AAC 0x9AAD,510,제어,,,0x9AAB~0x9AAD,0 1 2,18 B0 28,1A 00 03,0x1C2E4 0x1C2E3 0x1C2E2,1A B3 2C,1C 03 07,0x1BF10 0x1BF10 0x1BF10,0x29 0x29 0x29,0x02B 0x02C 0x02D,fce4d6
0x9AAE 0x9AAF,511,제어,,,0x9AAE~0x9AAF,0 1,40 43,16 00,0x1C2E1 0x1C2E0,45 49,1B 06,0x1BF10 0x1BF10,0x29 0x29,0x02E 0x02F,fce4d6
0x9AB0 0x9AB1 0x9AB2,512,제어,,,0x9AB0~0x9AB2,0 1 2,60 28 20,19 00 78,0x1C2DF 0x1C2DE 0x1C2DD,67 30 29,20 08 81,0x1BF10 0x1BF10 0x1BF10,0x29 0x29 0x29,0x030 0x031 0x032,fce4d6
0x9AB3 0x9AB4,513,문자,451,호,0x9AB3~0x9AB4,0 1,39 30,58 E4,0x1C2DC 0x1C2DB,43 3B,62 EF,0x1BF10 0x1BF10,0x29 0x29,0x033 0x034,e2f0d9
0x9AB5 0x9AB6,514,문자,452,오,0x9AB5~0x9AB6,0 1,BC 70,B8 9F,0x1C2DA 0x1C2D9,C8 7D,C4 AC,0x1BF10 0x1BF10,0x29 0x29,0x035 0x036,e2f0d9
0x9AB7 0x9AB8,515,문자,453,・,0x9AB7~0x9AB8,0 1,19 60,60 12,0x1C2D8 0x1C2D7,27 6F,6E 21,0x1BF10 0x1BF10,0x29 0x29,0x037 0x038,e2f0d9
0x9AB9 0x9ABA,516,문자,454,・,0x9AB9~0x9ABA,0 1,28 E0,60 12,0x1C2D6 0x1C2D5,38 F1,70 23,0x1BF10 0x1BF10,0x29 0x29,0x039 0x03A,e2f0d9
0x9ABB 0x9ABC,517,문자,455,・,0x9ABB~0x9ABC,0 1,29 70,60 12,0x1C2D4 0x1C2D3,3B 83,72 25,0x1BF10 0x1BF10,0x29 0x29,0x03B 0x03C,e2f0d9
0x9ABD 0x9ABE,518,문자,456,␠,0x9ABD~0x9ABE,0 1,28 10,18 12,0x1C2D2 0x1C2D1,3C 25,2C 27,0x1BF10 0x1BF10,0x29 0x29,0x03D 0x03E,e2f0d9
0x9ABF 0x9AC0,519,문자,457,어,0x9ABF~0x9AC0,0 1,EA 10,08 70,0x1C2D0 0x1C2CF,00 27,1E 87,0x1BF10 0x1BF10,0x29 0x29,0x03F 0x040,e2f0d9
0x9AC1 0x9AC2,520,문자,458,째,0x9AC1~0x9AC2,0 1,38 80,88 E0,0x1C2CE 0x1C2CD,50 99,A0 F9,0x1BF10 0x1BF10,0x29 0x29,0x041 0x042,e2f0d9
0x9AC3 0x9AC4,521,문자,459,서,0x9AC3~0x9AC4,0 1,38 60,58 3D,0x1C2CC 0x1C2CB,52 7B,72 58,0x1BF10 0x1BF10,0x29 0x29,0x043 0x044,e2f0d9
0x9AC5 0x9AC6,522,문자,460,냐,0x9AC5~0x9AC6,0 1,18 80,38 25,0x1C2CA 0x1C2C9,34 9D,54 42,0x1BF10 0x1BF10,0x29 0x29,0x045 0x046,e2f0d9
0x9AC7 0x9AC8,523,문자,461,？,0x9AC7~0x9AC8,0 1,28 F0,90 12,0x1C2C8 0x1C2C7,46 0F,AE 31,0x1BF10 0x1BF10,0x29 0x29,0x047 0x048,e2f0d9
0x9AC9 0x9ACA,524,문자,462,␠,0x9AC9~0x9ACA,0 1,28 70,18 12,0x1C2C6 0x1C2C5,48 91,38 33,0x1BF10 0x1BF10,0x29 0x29,0x049 0x04A,e2f0d9
0x9ACB 0x9ACC,525,문자,463,너,0x9ACB~0x9ACC,0 1,B7 F0,58 25,0x1C2C4 0x1C2C3,D9 13,7A 48,0x1BF10 0x1BF10,0x29 0x29,0x04B 0x04C,e2f0d9
0x9ACD 0x9ACE,526,문자,464,는,0x9ACD~0x9ACE,0 1,38 A0,E8 25,0x1C2C2 0x1C2C1,5C C5,0C 4A,0x1BF10 0x1BF10,0x29 0x29,0x04D 0x04E,e2f0d9
0x9ACF 0x9AD0,527,문자,465,␠,0x9ACF~0x9AD0,0 1,28 40,18 12,0x1C2C0 0x1C2BF,4E 67,3E 39,0x1BF10 0x1BF10,0x29 0x29,0x04F 0x050,e2f0d9
0x9AD1 0x9AD2,528,문자,466,뭘,0x9AD1~0x9AD2,0 1,18 A0,48 39,0x1C2BE 0x1C2BD,40 C9,70 62,0x1BF10 0x1BF10,0x29 0x29,0x051 0x052,e2f0d9
0x9AD3 0x9AD4,529,문자,467,␠,0x9AD3~0x9AD4,0 1,12 19,18 12,0x1C2BC 0x1C2BB,3C 44,42 3D,0x1BF10 0x1BF10,0x29 0x29,0x053 0x054,e2f0d9
0x9AD5 0x9AD6,530,문자,468,위,0x9AD5~0x9AD6,0 1,00 69,08 DE,0x1C2BA 0x1C2B9,2C 96,34 0B,0x1BF10 0x1BF10,0x29 0x29,0x055 0x056,e2f0d9
0x9AD7 0x9AD8,531,문자,469,해,0x9AD7~0x9AD8,0 1,15 00,B8 E3,0x1C2B8 0x1C2B7,43 2F,E6 12,0x1BF10 0x1BF10,0x29 0x29,0x057 0x058,e2f0d9
0x9AD9 0x9ADA,532,문자,470,␠,0x9AD9~0x9ADA,0 1,17 00,18 12,0x1C2B6 0x1C2B5,47 31,48 43,0x1BF10 0x1BF10,0x29 0x29,0x059 0x05A,e2f0d9
0x9ADB 0x9ADC,533,문자,471,싸,0x9ADB~0x9ADC,0 1,1A 00,08 46,0x1C2B4 0x1C2B3,4C 33,3A 79,0x1BF10 0x1BF10,0x29 0x29,0x05B 0x05C,e2f0d9
0x9ADD 0x9ADE,534,문자,472,우,0x9ADD~0x9ADE,0 1,04 16,F8 CD,0x1C2B2 0x1C2B1,38 4B,2C 02,0x1BF10 0x1BF10,0x29 0x29,0x05D 0x05E,e2f0d9
0x9ADF 0x9AE0,535,문자,473,는,0x9ADF~0x9AE0,0 1,00 58,E8 25,0x1C2B0 0x1C2AF,36 8F,1E 5C,0x1BF10 0x1BF10,0x29 0x29,0x05F 0x060,e2f0d9
0x9AE1 0x9AE2,536,문자,474,␠,0x9AE1~0x9AE2,0 1,2B 38,18 12,0x1C2AE 0x1C2AD,63 71,50 4B,0x1BF10 0x1BF10,0x29 0x29,0x061 0x062,e2f0d9
0x9AE3 0x9AE4,537,문자,475,것,0x9AE3~0x9AE4,0 1,2A 60,F8 1D,0x1C2AC 0x1C2AB,64 9B,32 58,0x1BF10 0x1BF10,0x29 0x29,0x063 0x064,e2f0d9
0x9AE5 0x9AE6,538,문자,476,이,0x9AE5~0x9AE6,0 1,12 60,98 DE,0x1C2AA 0x1C2A9,4E 9D,D4 1B,0x1BF10 0x1BF10,0x29 0x29,0x065 0x066,e2f0d9
0x9AE7 0x9AE8,539,문자,477,냐,0x9AE7~0x9AE8,0 1,12 60,38 25,0x1C2A8 0x1C2A7,50 9F,76 64,0x1BF10 0x1BF10,0x29 0x29,0x067 0x068,e2f0d9
0x9AE9 0x9AEA,540,문자,478,？,0x9AE9~0x9AEA,0 1,12 98,90 12,0x1C2A6 0x1C2A5,52 D9,D0 53,0x1BF10 0x1BF10,0x29 0x29,0x069 0x06A,e2f0d9
0x9AEB 0x9AEC,541,문자,479,␠,0x9AEB~0x9AEC,0 1,55 48,18 12,0x1C2A4 0x1C2A3,97 8B,5A 55,0x1BF10 0x1BF10,0x29 0x29,0x06B 0x06C,e2f0d9
0x9AED 0x9AEE,542,문자,480,너,0x9AED~0x9AEE,0 1,18 F8,58 25,0x1C2A2 0x1C2A1,5C 3D,9C 6A,0x1BF10 0x1BF10,0x29 0x29,0x06D 0x06E,e2f0d9
0x9AEF 0x9AF0,543,문자,481,야,0x9AEF~0x9AF0,0 1,19 58,08 6C,0x1C2A0 0x1C29F,5F 9F,4E B3,0x1BF10 0x1BF10,0x29 0x29,0x06F 0x070,e2f0d9
0x9AF1 0x9AF2,544,문자,482,말,0x9AF1~0x9AF2,0 1,29 68,F8 34,0x1C29E 0x1C29D,71 B1,40 7D,0x1BF10 0x1BF10,0x29 0x29,0x071 0x072,e2f0d9
0x9AF3 0x9AF4,545,문자,483,로,0x9AF3~0x9AF4,0 1,18 A8,D8 31,0x1C29C 0x1C29B,62 F3,22 7C,0x1BF10 0x1BF10,0x29 0x29,0x073 0x074,e2f0d9
0x9AF5 0x9AF6,546,문자,484,␠,0x9AF5~0x9AF6,0 1,28 38,18 12,0x1C29A 0x1C299,74 85,64 5F,0x1BF10 0x1BF10,0x29 0x29,0x075 0x076,e2f0d9
0x9AF7 0x9AF8,547,문자,485,뭘,0x9AF7~0x9AF8,0 1,19 88,48 39,0x1C298 0x1C297,67 D7,96 88,0x1BF10 0x1BF10,0x29 0x29,0x077 0x078,e2f0d9
0x9AF9 0x9AFA,548,문자,486,␠,0x9AF9~0x9AFA,0 1,28 28,18 12,0x1C296 0x1C295,78 79,68 63,0x1BF10 0x1BF10,0x29 0x29,0x079 0x07A,e2f0d9
0x9AFB 0x9AFC,549,문자,487,바,0x9AFB~0x9AFC,0 1,39 60,88 39,0x1C294 0x1C293,8B B3,DA 8C,0x1BF10 0x1BF10,0x29 0x29,0x07B 0x07C,e2f0d9
0x9AFD 0x9AFE,550,문자,488,라,0x9AFD~0x9AFE,0 1,12 60,F8 30,0x1C292 0x1C291,66 B5,4C 85,0x1BF10 0x1BF10,0x29 0x29,0x07D 0x07E,e2f0d9
0x9AFF 0x9B00,551,문자,489,고,0x9AFF~0x9B00,0 1,12 60,88 20,0x1C290 0x1C28F,68 B7,DE 77,0x1BF10 0x1BF10,0x29 0x29,0x07F 0x080,e2f0d9
0x9B01 0x9B02,552,문자,490,␠,0x9B01~0x9B02,0 1,12 A8,18 12,0x1C28E 0x1C28D,6A 01,70 6B,0x1BF10 0x1BF10,0x29 0x29,0x081 0x082,e2f0d9
0x9B03 0x9B04,553,문자,491,있,0x9B03~0x9B04,0 1,18 A8,F8 DE,0x1C28C 0x1C28B,72 03,52 39,0x1BF10 0x1BF10,0x29 0x29,0x083 0x084,e2f0d9
0x9B05 0x9B06,554,문자,492,느,0x9B05~0x9B06,0 1,18 B8,D8 25,0x1C28A 0x1C289,74 15,34 82,0x1BF10 0x1BF10,0x29 0x29,0x085 0x086,e2f0d9
0x9B07 0x9B08,555,문자,493,냐,0x9B07~0x9B08,0 1,18 F8,38 25,0x1C288 0x1C287,76 57,96 84,0x1BF10 0x1BF10,0x29 0x29,0x087 0x088,e2f0d9
0x9B09 0x9B0A,556,문자,494,、,0x9B09~0x9B0A,0 1,19 48,20 12,0x1C286 0x1C285,79 A9,80 73,0x1BF10 0x1BF10,0x29 0x29,0x089 0x08A,e2f0d9
0x9B0B 0x9B0C,557,문자,495,말,0x9B0B~0x9B0C,0 1,3B 18,F8 34,0x1C284 0x1C283,9D 7B,5A 97,0x1BF10 0x1BF10,0x29 0x29,0x08B 0x08C,e2f0d9
0x9B0D 0x9B0E,558,문자,496,해,0x9B0D~0x9B0E,0 1,1A A8,B8 E3,0x1C282 0x1C281,7E 0D,1C 48,0x1BF10 0x1BF10,0x29 0x29,0x08D 0x08E,e2f0d9
0x9B0F 0x9B10,559,문자,497,라,0x9B0F~0x9B10,0 1,3A 28,F8 30,0x1C280 0x1C27F,A0 8F,5E 97,0x1BF10 0x1BF10,0x29 0x29,0x08F 0x090,e2f0d9
0x9B11 0x9B12,560,문자,498,！,0x9B11~0x9B12,0 1,1A B8,A0 12,0x1C27E 0x1C27D,82 21,08 7B,0x1BF10 0x1BF10,0x29 0x29,0x091 0x092,e2f0d9
0x9B13 0x9B14,561,제어,,,0x9B13~0x9B14,0 1,28 D8,15 00,0x1C27C 0x1C27B,92 43,7F 6B,0x1BF10 0x1BF10,0x29 0x29,0x093 0x094,fce4d6
0x9B15 0x9B16,562,제어,,,0x9B15~0x9B16,0 1,A9 18,17 00,0x1C27A 0x1C279,15 85,83 6D,0x1BF10 0x1BF10,0x29 0x29,0x095 0x096,fce4d6
0x9B17 0x9B18 0x9B19,563,제어,,,0x9B17~0x9B19,0 1 2,38 E8 F3,1A 00 04,0x1C278 0x1C277 0x1C276,A6 57 63,88 6F 74,0x1BF10 0x1BF10 0x1BF10,0x29 0x29 0x29,0x097 0x098 0x099,fce4d6
0x9B1A 0x9B1B,564,제어,,,0x9B1A~0x9B1B,0 1,E8 29,16 00,0x1C275 0x1C274,59 9B,87 72,0x1BF10 0x1BF10,0x29 0x29,0x09A 0x09B,fce4d6
0x9B1C 0x9B1D,565,문자,499,나,0x9B1C~0x9B1D,0 1,C8 38,B0 24,0x1C273 0x1C272,3B AC,23 98,0x1BF10 0x1BF10,0x29 0x29,0x09C 0x09D,e9ae2b
0x9B1E 0x9B1F,566,문자,500,도,0x9B1E~0x9B1F,0 1,68 28,20 2E,0x1C271 0x1C270,DD 9E,95 A4,0x1BF10 0x1BF10,0x29 0x29,0x09E 0x09F,e9ae2b
0x9B20 0x9B21,567,문자,501,␠,0x9B20~0x9B21,0 1,F8 C0,18 12,0x1C26F 0x1C26E,6F 38,8F 8A,0x1BF10 0x1BF10,0x29 0x29,0x0A0 0x0A1,e2f0d9
0x9B22 0x9B23,568,문자,502,모,0x9B22~0x9B23,0 1,38 28,A0 35,0x1C26D 0x1C26C,B1 A2,19 AF,0x1BF10 0x1BF10,0x29 0x29,0x0A2 0x0A3,e9ae2b
0x9B24 0x9B25,569,문자,503,르,0x9B24~0x9B25,0 1,68 28,30 34,0x1C26B 0x1C26A,E3 A4,AB B0,0x1BF10 0x1BF10,0x29 0x29,0x0A4 0x0A5,e9ae2b
0x9B26 0x9B27,570,문자,504,겠,0x9B26~0x9B27,0 1,48 18,10 20,0x1C269 0x1C268,C5 96,8D 9E,0x1BF10 0x1BF10,0x29 0x29,0x0A6 0x0A7,e9ae2b
0x9B28 0x9B29,571,문자,505,어,0x9B28~0x9B29,0 1,B8 38,00 70,0x1C267 0x1C266,37 B8,7F F0,0x1BF10 0x1BF10,0x29 0x29,0x0A8 0x0A9,e9ae2b
0x9B2A 0x9B2B,572,문자,506,・,0x9B2A~0x9B2B,0 1,E8 28,60 12,0x1C265 0x1C264,69 AA,E1 94,0x1BF10 0x1BF10,0x29 0x29,0x0AA 0x0AB,e2f0d9
0x9B2C 0x9B2D,573,문자,507,・,0x9B2C~0x9B2D,0 1,78 28,60 12,0x1C263 0x1C262,FB AC,E3 96,0x1BF10 0x1BF10,0x29 0x29,0x0AC 0x0AD,e2f0d9
0x9B2E 0x9B2F,574,문자,508,・,0x9B2E~0x9B2F,0 1,28 18,60 12,0x1C261 0x1C260,AD 9E,E5 98,0x1BF10 0x1BF10,0x29 0x29,0x0AE 0x0AF,e2f0d9
0x9B30 0x9B31,575,문자,509,␠,0x9B30~0x9B31,0 1,D8 38,18 12,0x1C25F 0x1C25E,5F C0,9F 9A,0x1BF10 0x1BF10,0x29 0x29,0x0B0 0x0B1,e2f0d9
0x9B32 0x9B33,576,문자,510,그,0x9B32~0x9B33,0 1,68 18,50 21,0x1C25D 0x1C25C,F1 A2,D9 AB,0x1BF10 0x1BF10,0x29 0x29,0x0B2 0x0B3,e9ae2b
0x9B34 0x9B35,577,문자,511,치,0x9B34~0x9B35,0 1,C8 18,A0 E1,0x1C25B 0x1C25A,53 A4,2B 6D,0x1BF10 0x1BF10,0x29 0x29,0x0B4 0x0B5,e9ae2b
0x9B36 0x9B37,578,문자,512,만,0x9B36~0x9B37,0 1,A0 12,D0 34,0x1C259 0x1C258,2D A0,5D C2,0x1BF10 0x1BF10,0x29 0x29,0x0B6 0x0B7,e9ae2b
0x9B38 0x9B39,579,문자,513,、,0x9B38~0x9B39,0 1,19 00,20 12,0x1C257 0x1C256,A8 90,AF A2,0x1BF10 0x1BF10,0x29 0x29,0x0B8 0x0B9,e2f0d9
0x9B3A 0x9B3B,580,문자,514,적,0x9B3A~0x9B3B,0 1,77 15,A0 DF,0x1C255 0x1C254,08 A7,31 71,0x1BF10 0x1BF10,0x29 0x29,0x0BA 0x0BB,e9ae2b
0x9B3D,581,문자,515,어,0x9B3C~0x9B3D,1,17,70,0x1C252,AB,04,0x1BF10,0x29,0x0BD,e9ae2b
0x9B3E 0x9B3F,582,문자,516,도,0x9B3E~0x9B3F,0 1,00 1A,20 2E,0x1C251 0x1C250,95 B0,B5 C4,0x1BF10 0x1BF10,0x29 0x29,0x0BE 0x0BF,e9ae2b
0x9B40 0x9B41,583,문자,517,␠,0x9B40~0x9B41,0 1,00 04,18 12,0x1C24F 0x1C24E,97 9C,AF AA,0x1BF10 0x1BF10,0x29 0x29,0x0C0 0x0C1,e2f0d9
0x9B42 0x9B43,584,문자,518,너,0x9B42~0x9B43,0 1,12 00,50 25,0x1C24D 0x1C24C,AB 9A,E9 BF,0x1BF10 0x1BF10,0x29 0x29,0x0C2 0x0C3,e9ae2b
0x9B44 0x9B45,585,문자,519,처,0x9B44~0x9B45,0 1,40 16,00 E1,0x1C24B 0x1C24A,DB B2,9B 7D,0x1BF10 0x1BF10,0x29 0x29,0x0C4 0x0C5,e9ae2b
0x9B46 0x9B47,586,문자,520,럼,0x9B46~0x9B47,0 1,00 48,70 31,0x1C249 0x1C248,9D E6,0D CF,0x1BF10 0x1BF10,0x29 0x29,0x0C6 0x0C7,e9ae2b
0x9B48,587,문자,521,␠,0x9B48~0x9B49,0,3B,18,0x1C247,DA,B7,0x1BF10,0x29,0x0C8,e2f0d9
0x9B4A 0x9B4B,588,문자,522,모,0x9B4A~0x9B4B,0 1,00 10,A0 35,0x1C245 0x1C244,A1 B2,41 D7,0x1BF10 0x1BF10,0x29 0x29,0x0CA 0x0CB,e9ae2b
0x9B4C 0x9B4D,589,문자,523,든,0x9B4C~0x9B4D,0 1,18 1A,00 30,0x1C243 0x1C242,BB BE,A3 D4,0x1BF10 0x1BF10,0x29 0x29,0x0CC 0x0CD,e9ae2b
0x9B4E 0x9B4F,590,문자,524,␠,0x9B4E~0x9B4F,0 1,A8 3A,18 12,0x1C241 0x1C240,4D E0,BD B8,0x1BF10 0x1BF10,0x29 0x29,0x0CE 0x0CF,e2f0d9
0x9B50 0x9B51,591,문자,525,것,0x9B50~0x9B51,0 1,28 1A,F0 1D,0x1C23F 0x1C23E,CF C2,97 C5,0x1BF10 0x1BF10,0x29 0x29,0x0D0 0x0D1,e9ae2b
0x9B52 0x9B53,592,문자,526,을,0x9B52~0x9B53,0 1,60 12,50 DE,0x1C23D 0x1C23C,09 BC,F9 88,0x1BF10 0x1BF10,0x29 0x29,0x0D2 0x0D3,e9ae2b
0x9B54,593,문자,527,␠,0x9B54~0x9B55,0,60,18,0x1C23B,0B,C3,0x1BF10,0x29,0x0D4,e2f0d9
0x9B56 0x9B57,594,문자,528,파,0x9B56~0x9B57,0 1,60 12,E0 E2,0x1C239 0x1C238,0D C0,8D 90,0x1BF10 0x1BF10,0x29 0x29,0x0D6 0x0D7,e9ae2b
0x9B58 0x9B59,595,문자,529,괴,0x9B58~0x9B59,0 1,28 18,E0 20,0x1C237 0x1C236,D7 C8,8F D0,0x1BF10 0x1BF10,0x29 0x29,0x0D8 0x0D9,e9ae2b
0x9B5A 0x9B5B,596,문자,530,하,0x9B5A~0x9B5B,0 1,A8 28,50 E3,0x1C235 0x1C234,59 DA,01 95,0x1BF10 0x1BF10,0x29 0x29,0x0DA 0x0DB,e9ae2b
0x9B5C 0x9B5D,597,문자,531,면,0x9B5C~0x9B5D,0 1,F8 19,70 35,0x1C233 0x1C232,AB CD,23 E9,0x1BF10 0x1BF10,0x29 0x29,0x0DC 0x0DD,e9ae2b
0x9B5E 0x9B5F,598,문자,532,서,0x9B5E~0x9B5F,0 1,E8 28,50 3D,0x1C231 0x1C230,9D DE,05 F3,0x1BF10 0x1BF10,0x29 0x29,0x0DE 0x0DF,e9ae2b
0x9B60 0x9B61,599,문자,533,까,0x9B60~0x9B61,0 1,08 B0,F0 21,0x1C22F 0x1C22E,BF 68,A7 D9,0x1BF10 0x1BF10,0x29 0x29,0x0E0 0x0E1,e9ae2b
0x9B62 0x9B63,600,문자,534,지,0x9B62~0x9B63,0 1,38 28,10 E0,0x1C22D 0x1C22C,F1 E2,C9 9A,0x1BF10 0x1BF10,0x29 0x29,0x0E2 0x0E3,e9ae2b
0x9B64 0x9B65,601,문자,535,␠,0x9B64~0x9B65,0 1,F8 19,18 12,0x1C22B 0x1C22A,B3 D5,D3 CE,0x1BF10 0x1BF10,0x29 0x29,0x0E4 0x0E5,e2f0d9
0x9B66 0x9B67,602,문자,536,욕,0x9B66~0x9B67,0 1,38 19,F0 C9,0x1C229 0x1C228,F5 D7,AD 87,0x1BF10 0x1BF10,0x29 0x29,0x0E6 0x0E7,e9ae2b
0x9B68 0x9B69,603,문자,537,망,0x9B68~0x9B69,0 1,88 28,00 35,0x1C227 0x1C226,47 E8,BF F5,0x1BF10 0x1BF10,0x29 0x29,0x0E8 0x0E9,e9ae2b
0x9B6A 0x9B6B,604,문자,538,을,0x9B6A~0x9B6B,0 1,E8 28,50 DE,0x1C225 0x1C224,A9 EA,11 A0,0x1BF10 0x1BF10,0x29 0x29,0x0EA 0x0EB,e9ae2b
0x9B6C 0x9B6D,605,문자,539,␠,0x9B6C~0x9B6D,0 1,58 A1,18 12,0x1C223 0x1C222,1B 65,DB D6,0x1BF10 0x1BF10,0x29 0x29,0x0EC 0x0ED,e2f0d9
0x9B6E 0x9B6F,606,문자,540,채,0x9B6E~0x9B6F,0 1,38 58,F0 E0,0x1C221 0x1C220,FD 1E,B5 A6,0x1BF10 0x1BF10,0x29 0x29,0x0EE 0x0EF,e9ae2b
0x9B70 0x9B71,607,문자,541,우,0x9B70~0x9B71,0 1,F8 28,F0 CD,0x1C21F 0x1C21E,BF F0,B7 95,0x1BF10 0x1BF10,0x29 0x29,0x0F0 0x0F1,e9ae2b
0x9B72 0x9B73,608,문자,542,고,0x9B72~0x9B73,0 1,20 12,80 20,0x1C21D 0x1C21C,E9 DC,49 EA,0x1BF10 0x1BF10,0x29 0x29,0x0F2 0x0F3,e9ae2b
0x9B74 0x9B75,609,문자,543,␠,0x9B74~0x9B75,0 1,38 74,18 12,0x1C21B 0x1C21A,03 40,E3 DE,0x1BF10 0x1BF10,0x29 0x29,0x0F4 0x0F5,e2f0d9
0x9B76 0x9B77,610,문자,544,싶,0x9B76~0x9B77,0 1,28 38,00 44,0x1C219 0x1C218,F5 06,CD 12,0x1BF10 0x1BF10,0x29 0x29,0x0F6 0x0F7,e9ae2b
0x9B78 0x9B79,611,문자,545,지,0x9B78~0x9B79,0 1,88 38,10 E0,0x1C217 0x1C216,57 08,DF B0,0x1BF10 0x1BF10,0x29 0x29,0x0F8 0x0F9,e9ae2b
0x9B7A 0x9B7B,612,문자,546,␠,0x9B7A~0x9B7B,0 1,F8 18,18 12,0x1C215 0x1C214,C9 EA,E9 E4,0x1BF10 0x1BF10,0x29 0x29,0x0FA 0x0FB,e2f0d9
0x9B7C 0x9B7D,613,문자,547,않,0x9B7C~0x9B7D,0 1,F8 38,00 5E,0x1C213 0x1C212,CB 0C,D3 32,0x1BF10 0x1BF10,0x29 0x29,0x0FC 0x0FD,e9ae2b
0x9B7E 0x9B7F,614,문자,548,아,0x9B7E~0x9B7F,0 1,B8 18,00 56,0x1C211 0x1C210,8D EF,D5 2D,0x1BF10 0x1BF10,0x29 0x29,0x0FE 0x0FF,e9ae2b
0x9B80 0x9B81,615,문자,549,！,0x9B80~0x9B81,0 1,98 38,A0 12,0x1C20F 0x1C20E,70 11,78 EB,0x1BF10 0x1BF10,0x29 0x29,0x100 0x101,e2f0d9
0x9B82 0x9B83 0x9B84,616,제어,,,0x9B82~0x9B84,0 1 2,A8 28 48,19 00 69,0x1C20D 0x1C20C 0x1C20B,82 03 24,F3 DB 45,0x1BF10 0x1BF10 0x1BF10,0x29 0x29 0x29,0x102 0x103 0x104,fce4d6
0x9B85 0x9B86,617,제어,,,0x9B85~0x9B86,0 1,18 60,15 00,0x1C20A 0x1C209,F5 3E,F2 DE,0x1BF10 0x1BF10,0x29 0x29,0x105 0x106,fce4d6
0x9B87 0x9B88,618,제어,,,0x9B87~0x9B88,0 1,12 60,17 00,0x1C208 0x1C207,F1 40,F6 E0,0x1BF10 0x1BF10,0x29 0x29,0x107 0x108,fce4d6
0x9B89 0x9B8A 0x9B8B,619,제어,,,0x9B89~0x9B8B,0 1 2,12 60 12,1A 00 04,0x1C206 0x1C205 0x1C204,F3 42 F5,FB E2 E7,0x1BF10 0x1BF10 0x1BF10,0x29 0x29 0x29,0x109 0x10A 0x10B,fce4d6
0x9B8C,620,제어,,,0x9B8C~0x9B8D,0,15,16,0x1C203,F9,FA,0x1BF10,0x29,0x10C,fce4d6
0x9B8E 0x9B8F,621,문자,550,후,0x9B8E~0x9B8F,0 1,78 28,C8 E4,0x1C201 0x1C200,5E 0F,AE CB,0x1BF10 0x1BF10,0x29 0x29,0x10E 0x10F,e2f0d9
0x9B90 0x9B91,622,문자,551,・,0x9B90~0x9B91,0 1,28 38,60 12,0x1C1FF 0x1C1FE,10 21,48 FB,0x1BF10 0x1BF10,0x29 0x29,0x110 0x111,e2f0d9
0x9B92 0x9B93,623,문자,552,・,0x9B92~0x9B93,0 1,12 00,60 12,0x1C1FD 0x1C1FC,FC EB,4A FD,0x1BF10 0x1BF10,0x29 0x29,0x112 0x113,e2f0d9
0x9B94 0x9B95,624,문자,553,・,0x9B94~0x9B95,0 1,24 00,60 12,0x1C1FB 0x1C1FA,10 ED,4C FF,0x1BF10 0x1BF10,0x29 0x29,0x114 0x115,e2f0d9
0x9B96,625,문자,554,␠,0x9B96~0x9B97,0,20,18,0x1C1F9,0E,06,0x1BF10,0x29,0x116,e2f0d9
0x9B98 0x9B99,626,문자,555,제,0x9B98~0x9B99,0 1,28 38,F8 E3,0x1C1F7 0x1C1F6,18 29,E8 D4,0x1BF10 0x1BF10,0x29 0x29,0x118 0x119,e2f0d9
0x9B9A 0x9B9B,627,문자,556,법,0x9B9A~0x9B9B,0 1,78 19,88 3B,0x1C1F5 0x1C1F4,6A 0C,7A 2E,0x1BF10 0x1BF10,0x29 0x29,0x11A 0x11B,e2f0d9
0x9B9C 0x9B9D,628,문자,557,␠,0x9B9C~0x9B9D,0 1,48 F6,18 12,0x1C1F3 0x1C1F2,3C EB,0C 07,0x1BF10 0x1BF10,0x29 0x29,0x11C 0x11D,e2f0d9
0x9B9E 0x9B9F,629,문자,558,고,0x9B9E~0x9B9F,0 1,C8 18,88 20,0x1C1F1 0x1C1F0,BE 0F,7E 17,0x1BF10 0x1BF10,0x29 0x29,0x11E 0x11F,e2f0d9
0x9BA0 0x9BA1,630,문자,559,상,0x9BA0~0x9BA1,0 1,C8 97,28 3D,0x1C1EF 0x1C1EE,C0 90,20 36,0x1BF10 0x1BF10,0x29 0x29,0x120 0x121,e2f0d9
0x9BA2 0x9BA3,631,문자,560,한,0x9BA2~0x9BA3,0 1,68 CB,78 E3,0x1C1ED 0x1C1EC,62 C6,72 DE,0x1BF10 0x1BF10,0x29 0x29,0x122 0x123,e2f0d9
0x9BA4 0x9BA5,632,문자,561,␠,0x9BA4~0x9BA5,0 1,B8 28,18 12,0x1C1EB 0x1C1EA,B4 25,14 0F,0x1BF10 0x1BF10,0x29 0x29,0x124 0x125,e2f0d9
0x9BA6 0x9BA7,633,문자,562,척,0x9BA6~0x9BA7,0 1,28 18,18 E1,0x1C1E9 0x1C1E8,26 17,16 E0,0x1BF10 0x1BF10,0x29 0x29,0x126 0x127,e2f0d9
0x9BA8 0x9BA9,634,문자,563,␠,0x9BA8~0x9BA9,0 1,A8 28,18 12,0x1C1E7 0x1C1E6,A8 29,18 13,0x1BF10 0x1BF10,0x29 0x29,0x128 0x129,e2f0d9
0x9BAA 0x9BAB,635,문자,564,하,0x9BAA~0x9BAB,0 1,F8 19,58 E3,0x1C1E5 0x1C1E4,FA 1C,5A E6,0x1BF10 0x1BF10,0x29 0x29,0x12A 0x12B,e2f0d9
0x9BAD,636,문자,565,는,0x9BAC~0x9BAD,1,28,25,0x1C1E2,2D,2A,0x1BF10,0x29,0x12D,e2f0d9
0x9BAE 0x9BAF,637,문자,566,구,0x9BAE~0x9BAF,0 1,E8 57,08 21,0x1C1E1 0x1C1E0,EE 5E,0E 28,0x1BF10 0x1BF10,0x29 0x29,0x12E 0x12F,e2f0d9
0x9BB0 0x9BB1,638,문자,567,나,0x9BB0~0x9BB1,0 1,08 38,B8 24,0x1C1DF 0x1C1DE,10 41,C0 2D,0x1BF10 0x1BF10,0x29 0x29,0x130 0x131,e2f0d9
0x9BB2 0x9BB3,639,문자,568,・,0x9BB2~0x9BB3,0 1,48 3B,60 12,0x1C1DD 0x1C1DC,52 46,6A 1D,0x1BF10 0x1BF10,0x29 0x29,0x132 0x133,e2f0d9
0x9BB4 0x9BB5,640,문자,569,・,0x9BB4~0x9BB5,0 1,18 1A,60 12,0x1C1DB 0x1C1DA,24 27,6C 1F,0x1BF10 0x1BF10,0x29 0x29,0x134 0x135,e2f0d9
0x9BB6 0x9BB7,641,문자,570,・,0x9BB6~0x9BB7,0 1,A8 3A,60 12,0x1C1D9 0x1C1D8,B6 49,6E 21,0x1BF10 0x1BF10,0x29 0x29,0x136 0x137,e2f0d9
0x9BB8 0x9BB9,642,문자,571,␠,0x9BB8~0x9BB9,0 1,98 1B,18 12,0x1C1D7 0x1C1D6,A8 2C,28 23,0x1BF10 0x1BF10,0x29 0x29,0x138 0x139,e2f0d9
0x9BBA 0x9BBB,643,문자,572,어,0x9BBA~0x9BBB,0 1,E8 28,08 70,0x1C1D5 0x1C1D4,FA 3B,1A 83,0x1BF10 0x1BF10,0x29 0x29,0x13A 0x13B,e2f0d9
0x9BBC 0x9BBD,644,문자,573,차,0x9BBC~0x9BBD,0 1,F8 C0,A8 E0,0x1C1D3 0x1C1D2,0C D5,BC F5,0x1BF10 0x1BF10,0x29 0x29,0x13C 0x13D,e2f0d9
0x9BBE 0x9BBF,645,문자,574,피,0x9BBE~0x9BBF,0 1,E8 B6,38 E3,0x1C1D1 0x1C1D0,FE CD,4E FA,0x1BF10 0x1BF10,0x29 0x29,0x13E 0x13F,e2f0d9
0x9BC0 0x9BC1,646,문자,575,␠,0x9BC0~0x9BC1,0 1,A8 28,18 12,0x1C1CF 0x1C1CE,C0 41,30 2B,0x1BF10 0x1BF10,0x29 0x29,0x140 0x141,e2f0d9
0x9BC2 0x9BC3,647,문자,576,바,0x9BC2~0x9BC3,0 1,98 38,88 39,0x1C1CD 0x1C1CC,B2 53,A2 54,0x1BF10 0x1BF10,0x29 0x29,0x142 0x143,e2f0d9
0x9BC4 0x9BC5,648,문자,577,리,0x9BC4~0x9BC5,0 1,60 12,78 34,0x1C1CB 0x1C1CA,7C 2F,94 51,0x1BF10 0x1BF10,0x29 0x29,0x144 0x145,e2f0d9
0x9BC6 0x9BC7,649,문자,578,아,0x9BC6~0x9BC7,0 1,60 12,08 56,0x1C1C9 0x1C1C8,7E 31,26 75,0x1BF10 0x1BF10,0x29 0x29,0x146 0x147,e2f0d9
0x9BC8 0x9BC9,650,문자,579,에,0x9BC8~0x9BC9,0 1,60 12,48 9F,0x1C1C7 0x1C1C6,80 33,68 C0,0x1BF10 0x1BF10,0x29 0x29,0x148 0x149,e2f0d9
0x9BCA 0x9BCB,651,문자,580,게,0x9BCA~0x9BCB,0 1,F8 C0,08 20,0x1C1C5 0x1C1C4,1A E3,2A 43,0x1BF10 0x1BF10,0x29 0x29,0x14A 0x14B,e2f0d9
0x9BCC 0x9BCD,652,문자,581,␠,0x9BCC~0x9BCD,0 1,F8 38,18 12,0x1C1C3 0x1C1C2,1C 5D,3C 37,0x1BF10 0x1BF10,0x29 0x29,0x14C 0x14D,e2f0d9
0x9BCE 0x9BCF,653,문자,582,속,0x9BCE~0x9BCF,0 1,A8 28,E8 3D,0x1C1C1 0x1C1C0,CE 4F,0E 64,0x1BF10 0x1BF10,0x29 0x29,0x14E 0x14F,e2f0d9
0x9BD0 0x9BD1,654,문자,583,아,0x9BD0~0x9BD1,0 1,18 19,08 56,0x1C1BF 0x1C1BE,40 42,30 7F,0x1BF10 0x1BF10,0x29 0x29,0x150 0x151,e2f0d9
0x9BD2 0x9BD3,655,문자,584,␠,0x9BD2~0x9BD3,0 1,C8 38,18 12,0x1C1BD 0x1C1BC,F2 63,42 3D,0x1BF10 0x1BF10,0x29 0x29,0x152 0x153,e2f0d9
0x9BD4 0x9BD5,656,문자,585,넘,0x9BD4~0x9BD5,0 1,08 29,88 25,0x1C1BB 0x1C1BA,34 56,B4 52,0x1BF10 0x1BF10,0x29 0x29,0x154 0x155,e2f0d9
0x9BD6 0x9BD7,657,문자,586,어,0x9BD6~0x9BD7,0 1,A8 28,08 70,0x1C1B9 0x1C1B8,D6 57,36 9F,0x1BF10 0x1BF10,0x29 0x29,0x156 0x157,e2f0d9
0x9BD8 0x9BD9,658,문자,587,가,0x9BD8~0x9BD9,0 1,98 38,A8 17,0x1C1B7 0x1C1B6,C8 69,D8 48,0x1BF10 0x1BF10,0x29 0x29,0x158 0x159,e2f0d9
0x9BDA 0x9BDB,659,문자,588,␠,0x9BDA~0x9BDB,0 1,A8 28,18 12,0x1C1B5 0x1C1B4,DA 5B,4A 45,0x1BF10 0x1BF10,0x29 0x29,0x15A 0x15B,e2f0d9
0x9BDC 0x9BDD,660,문자,589,싸,0x9BDC~0x9BDD,0 1,48 18,08 46,0x1C1B3 0x1C1B2,7C 4D,3C 7B,0x1BF10 0x1BF10,0x29 0x29,0x15C 0x15D,e2f0d9
0x9BDE 0x9BDF,661,문자,590,우,0x9BDE~0x9BDF,0 1,38 74,F8 CD,0x1C1B1 0x1C1B0,6E AB,2E 04,0x1BF10 0x1BF10,0x29 0x29,0x15E 0x15F,e2f0d9
0x9BE0 0x9BE1,662,문자,591,는,0x9BE0~0x9BE1,0 1,F8 28,E8 25,0x1C1AF 0x1C1AE,30 61,20 5E,0x1BF10 0x1BF10,0x29 0x29,0x160 0x161,e2f0d9
0x9BE2,663,문자,592,␠,0x9BE2~0x9BE3,0,20,18,0x1C1AD,5A,52,0x1BF10,0x29,0x162,e2f0d9
0x9BE4 0x9BE5,664,문자,593,신,0x9BE4~0x9BE5,0 1,15 00,D8 3F,0x1C1AB 0x1C1AA,51 3D,14 7C,0x1BF10 0x1BF10,0x29 0x29,0x164 0x165,e2f0d9
0x9BE6 0x9BE7,665,문자,594,세,0x9BE6~0x9BE7,0 1,18 7C,A8 3D,0x1C1A9 0x1C1A8,56 BB,E6 7C,0x1BF10 0x1BF10,0x29 0x29,0x166 0x167,e2f0d9
0x9BE8 0x9BE9,666,문자,595,에,0x9BE8~0x9BE9,0 1,38 28,48 9F,0x1C1A7 0x1C1A6,78 69,88 E0,0x1BF10 0x1BF10,0x29 0x29,0x168 0x169,e2f0d9
0x9BEA 0x9BEB,667,문자,596,␠,0x9BEA~0x9BEB,0 1,68 28,18 12,0x1C1A5 0x1C1A4,AA 6B,5A 55,0x1BF10 0x1BF10,0x29 0x29,0x16A 0x16B,e2f0d9
0x9BEC 0x9BED,668,문자,597,불,0x9BEC~0x9BED,0 1,D8 19,28 3C,0x1C1A3 0x1C1A2,1C 5E,6C 81,0x1BF10 0x1BF10,0x29 0x29,0x16C 0x16D,e2f0d9
0x9BEE 0x9BEF,669,문자,598,과,0x9BEE~0x9BEF,0 1,E8 28,B8 20,0x1C1A1 0x1C1A0,2E 6F,FE 67,0x1BF10 0x1BF10,0x29 0x29,0x16E 0x16F,e2f0d9
0x9BF0 0x9BF1,670,문자,599,한,0x9BF0~0x9BF1,0 1,58 A1,78 E3,0x1C19F 0x1C19E,A0 EA,C0 2C,0x1BF10 0x1BF10,0x29 0x29,0x170 0x171,e2f0d9
0x9BF2 0x9BF3,671,문자,600,␠,0x9BF2~0x9BF3,0 1,38 58,18 12,0x1C19D 0x1C19C,82 A3,62 5D,0x1BF10 0x1BF10,0x29 0x29,0x172 0x173,e2f0d9
0x9BF4 0x9BF5,672,문자,601,주,0x9BF4~0x9BF5,0 1,28 39,F8 F5,0x1C19B 0x1C19A,74 86,44 42,0x1BF10 0x1BF10,0x29 0x29,0x174 0x175,e2f0d9
0x9BF6 0x9BF7,673,문자,602,제,0x9BF6~0x9BF7,0 1,E8 86,F8 E3,0x1C199 0x1C198,36 D5,46 32,0x1BF10 0x1BF10,0x29 0x29,0x176 0x177,e2f0d9
0x9BF8 0x9BF9,674,문자,603,에,0x9BF8~0x9BF9,0 1,A8 38,48 9F,0x1C197 0x1C196,F8 89,98 F0,0x1BF10 0x1BF10,0x29 0x29,0x178 0x179,e2f0d9
0x9BFA 0x9BFB,675,문자,604,！,0x9BFA~0x9BFB,0 1,F8 19,A0 12,0x1C195 0x1C194,4A 6C,F2 65,0x1BF10 0x1BF10,0x29 0x29,0x17A 0x17B,e2f0d9
0x9BFC 0x9BFD 0x9BFE,676,제어,,,0x9BFC~0x9BFE,0 1 2,48 18 A0,19 00 77,0x1C193 0x1C192 0x1C191,9C 6D F6,6D 55 CD,0x1BF10 0x1BF10 0x1BF10,0x29 0x29 0x29,0x17C 0x17D 0x17E,fce4d6
0x9BFF 0x9C00,677,제어,,,0x9BFF~0x9C00,0 1,12 48,15 00,0x1C190 0x1C18F,69 A0,6C 58,0x1BF10 0x1BF10,0x29 0x29,0x17F 0x180,fce4d6
0x9C01 0x9C02,678,제어,,,0x9C01~0x9C02,0 1,43 68,17 00,0x1C18E 0x1C18D,9C C2,70 5A,0x1BF10 0x1BF10,0x29 0x29,0x181 0x182,fce4d6
0x9C03 0x9C04 0x9C05,679,제어,,,0x9C03~0x9C05,0 1 2,28 28 39,1A 00 04,0x1C18C 0x1C18B 0x1C18A,83 84 96,75 5C 61,0x1BF10 0x1BF10 0x1BF10,0x29 0x29 0x29,0x183 0x184 0x185,fce4d6
0x9C06 0x9C07 0x9C08,680,제어,,,0x9C06~0x9C08,0 1 2,48 F6 B8,12 00 40,0x1C189 0x1C188 0x1C187,A6 55 18,70 5F A0,0x1BF10 0x1BF10 0x1BF10,0x29 0x29 0x29,0x186 0x187 0x188,fce4d6
0x9C09 0x9C0A,681,제어,,,0x9C09~0x9C0A,0 1,28 78,16 00,0x1C186 0x1C185,89 DA,77 62,0x1BF10 0x1BF10,0x29 0x29,0x189 0x18A,fce4d6
0x9C0B 0x9C0C,682,문자,605,바,0x9C0B~0x9C0C,0 1,C5 98,88 39,0x1C184 0x1C183,28 FC,EB 9D,0x1BF10 0x1BF10,0x29 0x29,0x18B 0x18C,e2f0d9
0x9C0D 0x9C0E 0x9C0F,683,제어,,,0x9C0D~0x9C0F,0 1 2,19 20 12,12 00 10,0x1C182 0x1C181 0x1C180,7E 86 79,77 66 77,0x1BF10 0x1BF10 0x1BF10,0x29 0x29 0x29,0x18D 0x18E 0x18F,fce4d6
0x9C10 0x9C11,684,문자,606,리,0x9C10~0x9C11,0 1,C8 97,78 34,0x1C17F 0x1C17E,30 00,E0 9D,0x1BF10 0x1BF10,0x29 0x29,0x190 0x191,e2f0d9
0x9C12 0x9C13,685,문자,607,아,0x9C12~0x9C13,0 1,68 CB,08 56,0x1C17D 0x1C17C,D2 36,72 C1,0x1BF10 0x1BF10,0x29 0x29,0x192 0x193,e2f0d9
0x9C14 0x9C15,686,문자,608,・,0x9C14~0x9C15,0 1,E8 28,60 12,0x1C17B 0x1C17A,54 95,CC 7F,0x1BF10 0x1BF10,0x29 0x29,0x194 0x195,e2f0d9
0x9C16 0x9C17,687,문자,609,・,0x9C16~0x9C17,0 1,D8 DB,60 12,0x1C179 0x1C178,46 4A,CE 81,0x1BF10 0x1BF10,0x29 0x29,0x196 0x197,e2f0d9
0x9C18 0x9C19,688,문자,610,・,0x9C18~0x9C19,0 1,38 5B,60 12,0x1C177 0x1C176,A8 CC,D0 83,0x1BF10 0x1BF10,0x29 0x29,0x198 0x199,e2f0d9
0x9C1A 0x9C1B,689,문자,611,␠,0x9C1A~0x9C1B,0 1,F8 28,18 12,0x1C175 0x1C174,6A 9B,8A 85,0x1BF10 0x1BF10,0x29 0x29,0x19A 0x19B,e2f0d9
0x9C1C 0x9C1D,690,문자,612,네,0x9C1C~0x9C1D,0 1,60 12,98 25,0x1C173 0x1C172,D4 87,0C 9A,0x1BF10 0x1BF10,0x29 0x29,0x19C 0x19D,e2f0d9
0x9C1E 0x9C1F,691,문자,613,가,0x9C1E~0x9C1F,0 1,60 12,A8 17,0x1C171 0x1C170,D6 89,1E 8E,0x1BF10 0x1BF10,0x29 0x29,0x19E 0x19F,e2f0d9
0x9C20,692,문자,614,␠,0x9C20~0x9C21,0,60,18,0x1C16F,D8,90,0x1BF10,0x29,0x1A0,e2f0d9
0x9C22 0x9C23,693,문자,615,한,0x9C22~0x9C23,0 1,A8 28,78 E3,0x1C16D 0x1C16C,22 A3,F2 5E,0x1BF10 0x1BF10,0x29 0x29,0x1A2 0x1A3,e2f0d9
0x9C24 0x9C25,694,문자,616,␠,0x9C24~0x9C25,0 1,B8 28,18 12,0x1C16B 0x1C16A,34 A5,94 8F,0x1BF10 0x1BF10,0x29 0x29,0x1A4 0x1A5,e2f0d9
0x9C26 0x9C27,695,문자,617,말,0x9C26~0x9C27,0 1,60 12,F8 34,0x1C169 0x1C168,DE 91,76 B3,0x1BF10 0x1BF10,0x29 0x29,0x1A6 0x1A7,e2f0d9
0x9C28 0x9C29,696,문자,618,의,0x9C28~0x9C29,0 1,60 12,88 DE,0x1C167 0x1C166,E0 93,08 5F,0x1BF10 0x1BF10,0x29 0x29,0x1A8 0x1A9,e2f0d9
0x9C2A,697,문자,619,␠,0x9C2A~0x9C2B,0,60,18,0x1C165,E2,9A,0x1BF10,0x29,0x1AA,e2f0d9
0x9C2C 0x9C2D,698,문자,620,뜻,0x9C2C~0x9C2D,0 1,90 12,E8 30,0x1C163 0x1C162,14 97,6C B5,0x1BF10 0x1BF10,0x29 0x29,0x1AC 0x1AD,e2f0d9
0x9C2E 0x9C2F,699,문자,621,은,0x9C2E~0x9C2F,0 1,19 00,48 DE,0x1C161 0x1C160,9F 87,CE 65,0x1BF10 0x1BF10,0x29 0x29,0x1AE 0x1AF,e2f0d9
0x9C30 0x9C31,700,문자,622,、,0x9C30~0x9C31,0 1,78 15,20 12,0x1C15F 0x1C15E,00 9E,A8 9B,0x1BF10 0x1BF10,0x29 0x29,0x1B0 0x1B1,e2f0d9
0x9C32 0x9C33,701,문자,623,지,0x9C32~0x9C33,0 1,00 17,18 E0,0x1C15D 0x1C15C,8A A2,A2 6B,0x1BF10 0x1BF10,0x29 0x29,0x1B2 0x1B3,e2f0d9
0x9C34 0x9C35,702,문자,624,금,0x9C34~0x9C35,0 1,00 1A,88 21,0x1C15B 0x1C15A,8C A7,14 AE,0x1BF10 0x1BF10,0x29 0x29,0x1B4 0x1B5,e2f0d9
0x9C36 0x9C37,703,문자,625,도,0x9C36~0x9C37,0 1,00 04,28 2E,0x1C159 0x1C158,8E 93,B6 BD,0x1BF10 0x1BF10,0x29 0x29,0x1B6 0x1B7,e2f0d9
0x9C38 0x9C39,704,문자,626,␠,0x9C38~0x9C39,0 1,16 00,18 12,0x1C157 0x1C156,A6 91,A8 A3,0x1BF10 0x1BF10,0x29 0x29,0x1B8 0x1B9,e2f0d9
0x9C3A 0x9C3B,705,문자,627,잘,0x9C3A~0x9C3B,0 1,40 F6,48 DF,0x1C155 0x1C154,D2 89,DA 72,0x1BF10 0x1BF10,0x29 0x29,0x1BA 0x1BB,e2f0d9
0x9C3C 0x9C3D,706,문자,628,␠,0x9C3C~0x9C3D,0 1,F0 28,18 12,0x1C153 0x1C152,84 BD,AC A7,0x1BF10 0x1BF10,0x29 0x29,0x1BC 0x1BD,e2f0d9
0x9C3E 0x9C3F,707,문자,629,모,0x9C3E~0x9C3F,0 1,A0 18,A8 35,0x1C151 0x1C150,36 AF,3E CC,0x1BF10 0x1BF10,0x29 0x29,0x1BE 0x1BF,e2f0d9
0x9C40 0x9C41,708,문자,630,르,0x9C40~0x9C41,0 1,E0 29,38 34,0x1C14F 0x1C14E,78 C2,D0 CD,0x1BF10 0x1BF10,0x29 0x29,0x1C0 0x1C1,e2f0d9
0x9C42 0x9C43,709,문자,631,겠,0x9C42~0x9C43,0 1,80 18,18 20,0x1C14D 0x1C14C,1A B3,B2 BB,0x1BF10 0x1BF10,0x29 0x29,0x1C2 0x1C3,e2f0d9
0x9C44 0x9C45,710,문자,632,어,0x9C44~0x9C45,0 1,80 28,08 70,0x1C14B 0x1C14A,1C C5,A4 0D,0x1BF10 0x1BF10,0x29 0x29,0x1C4 0x1C5,e2f0d9
0x9C46 0x9C47,711,문자,633,・,0x9C46~0x9C47,0 1,F0 C0,60 12,0x1C149 0x1C148,8E 5F,FE B1,0x1BF10 0x1BF10,0x29 0x29,0x1C6 0x1C7,e2f0d9
0x9C49,712,문자,634,・,0x9C48~0x9C49,1,18,12,0x1C146,B9,B3,0x1BF10,0x29,0x1C9,e2f0d9
0x9C4A 0x9C4B,713,문자,635,・,0x9C4A~0x9C4B,0 1,F0 38,60 12,0x1C145 0x1C144,92 DB,02 B5,0x1BF10 0x1BF10,0x29 0x29,0x1CA 0x1CB,e2f0d9
0x9C4C 0x9C4D,714,제어,,,0x9C4C~0x9C4D,0 1,A0 12,15 00,0x1C143 0x1C142,44 B7,B9 A5,0x1BF10 0x1BF10,0x29 0x29,0x1CC 0x1CD,fce4d6
0x9C4E 0x9C4F,715,문자,636,그,0x9C4E~0x9C4F,0 1,A0 18,58 21,0x1C141 0x1C140,46 BF,FE C8,0x1BF10 0x1BF10,0x29 0x29,0x1CE 0x1CF,e2f0d9
0x9C50 0x9C51,716,문자,637,치,0x9C50~0x9C51,0 1,E0 29,A8 E1,0x1C13F 0x1C13E,88 D2,50 8A,0x1BF10 0x1BF10,0x29 0x29,0x1D0 0x1D1,e2f0d9
0x9C52 0x9C53,717,문자,638,만,0x9C52~0x9C53,0 1,80 18,D8 34,0x1C13D 0x1C13C,2A C3,82 DF,0x1BF10 0x1BF10,0x29 0x29,0x1D2 0x1D3,e2f0d9
0x9C54 0x9C55 0x9C56 0x9C57,718,제어,,,0x9C54~0x9C57,0 1 2 3,C0 18 40 43,12 00 24 00,0x1C13B 0x1C13A 0x1C139 0x1C138,6C C5 EE F2,BE AD D2 AF,0x1BF10 0x1BF10 0x1BF10 0x1BF10,0x29 0x29 0x29 0x29,0x1D4 0x1D5 0x1D6 0x1D7,fce4d6
0x9C58 0x9C59,719,문자,639,、,0x9C58~0x9C59,0 1,60 28,20 12,0x1C137 0x1C136,10 D9,D0 C3,0x1BF10 0x1BF10,0x29 0x29,0x1D8 0x1D9,e2f0d9
0x9C5A 0x9C5B,720,문자,640,내,0x9C5A~0x9C5B,0 1,20 39,08 25,0x1C135 0x1C134,D2 EC,BA D8,0x1BF10 0x1BF10,0x29 0x29,0x1DA 0x1DB,e2f0d9
0x9C5C 0x9C5D,721,문자,641,가,0x9C5C~0x9C5D,0 1,30 BC,A8 17,0x1C133 0x1C132,E4 71,5C CC,0x1BF10 0x1BF10,0x29 0x29,0x1DC 0x1DD,e2f0d9
0x9C5E 0x9C5F,722,문자,642,␠,0x9C5E~0x9C5F,0 1,90 19,18 12,0x1C131 0x1C130,46 D0,CE C9,0x1BF10 0x1BF10,0x29 0x29,0x1DE 0x1DF,e2f0d9
0x9C60 0x9C61,723,문자,643,정,0x9C60~0x9C61,0 1,80 28,F8 DF,0x1C12F 0x1C12E,38 E1,B0 98,0x1BF10 0x1BF10,0x29 0x29,0x1E0 0x1E1,e2f0d9
0x9C62 0x9C63,724,문자,644,말,0x9C62~0x9C63,0 1,40 18,F8 34,0x1C12D 0x1C12C,FA D3,B2 EF,0x1BF10 0x1BF10,0x29 0x29,0x1E2 0x1E3,e2f0d9
0x9C64 0x9C65,725,문자,645,␠,0x9C64~0x9C65,0 1,60 18,18 12,0x1C12B 0x1C12A,1C D5,D4 CF,0x1BF10 0x1BF10,0x29 0x29,0x1E4 0x1E5,e2f0d9
0x9C66 0x9C67,726,문자,646,바,0x9C66~0x9C67,0 1,A0 28,88 39,0x1C129 0x1C128,5E E7,46 F8,0x1BF10 0x1BF10,0x29 0x29,0x1E6 0x1E7,e2f0d9
0x9C68 0x9C69,727,문자,647,리,0x9C68~0x9C69,0 1,90 38,78 34,0x1C127 0x1C126,50 F9,38 F5,0x1BF10 0x1BF10,0x29 0x29,0x1E8 0x1E9,e2f0d9
0x9C6A 0x9C6B,728,문자,648,스,0x9C6A~0x9C6B,0 1,20 12,78 3F,0x1C125 0x1C124,E2 D5,3A 02,0x1BF10 0x1BF10,0x29 0x29,0x1EA 0x1EB,e2f0d9
0x9C6C 0x9C6D,729,문자,649,의,0x9C6C~0x9C6D,0 1,80 4C,88 DE,0x1C123 0x1C122,44 11,4C A3,0x1BF10 0x1BF10,0x29 0x29,0x1EC 0x1ED,e2f0d9
0x9C6E 0x9C6F,730,문자,650,␠,0x9C6E~0x9C6F,0 1,20 19,18 12,0x1C121 0x1C120,E6 E0,DE D9,0x1BF10 0x1BF10,0x29 0x29,0x1EE 0x1EF,e2f0d9
0x9C70 0x9C71,731,문자,651,전,0x9C70~0x9C71,0 1,60 28,B8 DF,0x1C11F 0x1C11E,28 F1,80 A8,0x1BF10 0x1BF10,0x29 0x29,0x1F0 0x1F1,e2f0d9
0x9C72 0x9C73,732,문자,652,사,0x9C72~0x9C73,0 1,20 38,E8 3C,0x1C11D 0x1C11C,EA 03,B2 07,0x1BF10 0x1BF10,0x29 0x29,0x1F2 0x1F3,e2f0d9
0x9C74 0x9C75,733,문자,653,라,0x9C74~0x9C75,0 1,F0 B6,F8 30,0x1C11B 0x1C11A,BC 83,C4 FD,0x1BF10 0x1BF10,0x29 0x29,0x1F4 0x1F5,e2f0d9
0x9C76 0x9C77,734,문자,654,면,0x9C76~0x9C77,0 1,E0 29,78 35,0x1C119 0x1C118,AE F8,46 04,0x1BF10 0x1BF10,0x29 0x29,0x1F6 0x1F7,e2f0d9
0x9C78 0x9C79,735,문자,655,・,0x9C78~0x9C79,0 1,90 38,60 12,0x1C117 0x1C116,60 09,30 E3,0x1BF10 0x1BF10,0x29 0x29,0x1F8 0x1F9,e2f0d9
0x9C7A 0x9C7B,736,문자,656,・,0x9C7A~0x9C7B,0 1,A0 28,60 12,0x1C115 0x1C114,72 FB,32 E5,0x1BF10 0x1BF10,0x29 0x29,0x1FA 0x1FB,e2f0d9
0x9C7C 0x9C7D,737,문자,657,・,0x9C7C~0x9C7D,0 1,40 18,60 12,0x1C113 0x1C112,14 ED,34 E7,0x1BF10 0x1BF10,0x29 0x29,0x1FC 0x1FD,e2f0d9
0x9C7E,738,문자,658,␠,0x9C7E~0x9C7F,0,30,18,0x1C111,06,EE,0x1BF10,0x29,0x1FE,e2f0d9
0x9C80 0x9C81,739,문자,659,지,0x9C80~0x9C81,0 1,15 00,18 E0,0x1C10F 0x1C10E,EE DA,F1 BA,0x1BF10 0x1BF10,0x29 0x29,0x200 0x201,e2f0d9
0x9C82 0x9C83,740,문자,660,금,0x9C82~0x9C83,0 1,40 F6,88 21,0x1C10D 0x1C10C,1B D2,63 FD,0x1BF10 0x1BF10,0x29 0x29,0x202 0x203,e2f0d9
0x9C84 0x9C85,741,문자,661,␠,0x9C84~0x9C85,0 1,F0 28,18 12,0x1C10B 0x1C10A,CD 06,F5 F0,0x1BF10 0x1BF10,0x29 0x29,0x204 0x205,e2f0d9
0x9C86 0x9C87,742,문자,662,내,0x9C86~0x9C87,0 1,40 3B,08 25,0x1C109 0x1C108,1F 1B,E7 05,0x1BF10 0x1BF10,0x29 0x29,0x206 0x207,e2f0d9
0x9C88 0x9C89,743,문자,663,가,0x9C88~0x9C89,0 1,10 1A,A8 17,0x1C107 0x1C106,F1 FC,89 F9,0x1BF10 0x1BF10,0x29 0x29,0x208 0x209,e2f0d9
0x9C8A 0x9C8B,744,문자,664,␠,0x9C8A~0x9C8B,0 1,B0 2A,18 12,0x1C105 0x1C104,93 0E,FB F6,0x1BF10 0x1BF10,0x29 0x29,0x20A 0x20B,e2f0d9
0x9C8C 0x9C8D,745,문자,665,싸,0x9C8C~0x9C8D,0 1,60 2A,08 46,0x1C103 0x1C102,45 10,ED 2C,0x1BF10 0x1BF10,0x29 0x29,0x20C 0x20D,e2f0d9
0x9C8E 0x9C8F,746,문자,666,워,0x9C8E~0x9C8F,0 1,30 1A,F8 D7,0x1C101 0x1C100,17 02,DF BF,0x1BF10 0x1BF10,0x29 0x29,0x20E 0x20F,e2f0d9
0x9C90 0x9C91,747,문자,667,야,0x9C90~0x9C91,0 1,80 28,08 6C,0x1C0FF 0x1C0FE,69 12,F1 56,0x1BF10 0x1BF10,0x29 0x29,0x210 0x211,e2f0d9
0x9C92 0x9C93,748,문자,668,한,0x9C92~0x9C93,0 1,20 12,78 E3,0x1C0FD 0x1C0FC,0B FE,63 CF,0x1BF10 0x1BF10,0x29 0x29,0x212 0x213,e2f0d9
0x9C94 0x9C95,749,문자,669,다,0x9C94~0x9C95,0 1,40 F6,C8 27,0x1C0FB 0x1C0FA,2D E4,B5 15,0x1BF10 0x1BF10,0x29 0x29,0x214 0x215,e2f0d9
0x9C96 0x9C97,750,문자,670,면,0x9C96~0x9C97,0 1,B0 78,78 35,0x1C0F9 0x1C0F8,9F 68,67 25,0x1BF10 0x1BF10,0x29 0x29,0x216 0x217,e2f0d9
0x9C98 0x9C99,751,문자,671,、,0x9C98~0x9C99,0 1,80 BE,20 12,0x1C0F7 0x1C0F6,71 B0,11 04,0x1BF10 0x1BF10,0x29 0x29,0x218 0x219,e2f0d9
0x9C9A 0x9C9B,752,제어,,,0x9C9A~0x9C9B,0 1,B0 28,15 00,0x1C0F5 0x1C0F4,A3 1C,08 F4,0x1BF10 0x1BF10,0x29 0x29,0x21A 0x21B,fce4d6
0x9C9C 0x9C9D,753,문자,672,이,0x9C9C~0x9C9D,0 1,40 43,98 DE,0x1C0F3 0x1C0F2,35 39,8D D4,0x1BF10 0x1BF10,0x29 0x29,0x21C 0x21D,e2f0d9
0x9C9E 0x9C9F,754,문자,673,겨,0x9C9E~0x9C9F,0 1,60 28,28 20,0x1C0F1 0x1C0F0,57 20,1F 18,0x1BF10 0x1BF10,0x29 0x29,0x21E 0x21F,e2f0d9
0x9CA0 0x9CA1,755,문자,674,서,0x9CA0~0x9CA1,0 1,20 39,58 3D,0x1C0EF 0x1C0EE,19 33,51 37,0x1BF10 0x1BF10,0x29 0x29,0x220 0x221,e2f0d9
0x9CA2 0x9CA3,756,문자,675,␠,0x9CA2~0x9CA3,0 1,20 8B,18 12,0x1C0ED 0x1C0EC,1B 87,13 0E,0x1BF10 0x1BF10,0x29 0x29,0x222 0x223,e2f0d9
0x9CA4 0x9CA5,757,문자,676,답,0x9CA4~0x9CA5,0 1,10 19,08 2C,0x1C0EB 0x1C0EA,0D 17,05 2A,0x1BF10 0x1BF10,0x29 0x29,0x224 0x225,e2f0d9
0x9CA6 0x9CA7,758,문자,677,을,0x9CA6~0x9CA7,0 1,60 28,58 DE,0x1C0E9 0x1C0E8,5F 28,57 DE,0x1BF10 0x1BF10,0x29 0x29,0x226 0x227,e2f0d9
0x9CA8,759,문자,678,␠,0x9CA8~0x9CA9,0,20,18,0x1C0E7,21,19,0x1BF10,0x29,0x228,e2f0d9
0x9CAA 0x9CAB,760,문자,679,찾,0x9CAA~0x9CAB,0 1,D0 19,E8 E0,0x1C0E5 0x1C0E4,D3 1D,EB E4,0x1BF10 0x1BF10,0x29 0x29,0x22A 0x22B,e2f0d9
0x9CAC 0x9CAD,761,문자,680,고,0x9CAC~0x9CAD,0 1,E0 28,88 20,0x1C0E3 0x1C0E2,E5 2E,8D 26,0x1BF10 0x1BF10,0x29 0x29,0x22C 0x22D,e2f0d9
0x9CAE 0x9CAF,762,문자,681,␠,0x9CAE~0x9CAF,0 1,A0 CB,18 12,0x1C0E1 0x1C0E0,A7 D3,1F 1A,0x1BF10 0x1BF10,0x29 0x29,0x22E 0x22F,e2f0d9
0x9CB0 0x9CB1,763,문자,682,말,0x9CB0~0x9CB1,0 1,80 18,F8 34,0x1C0DF 0x1C0DE,89 22,01 3E,0x1BF10 0x1BF10,0x29 0x29,0x230 0x231,e2f0d9
0x9CB2 0x9CB3,764,문자,683,겠,0x9CB2~0x9CB3,0 1,20 39,18 20,0x1C0DD 0x1C0DC,2B 45,23 2C,0x1BF10 0x1BF10,0x29 0x29,0x232 0x233,e2f0d9
0x9CB4 0x9CB5,765,문자,684,어,0x9CB4~0x9CB5,0 1,50 47,08 70,0x1C0DB 0x1C0DA,5D 55,15 7E,0x1BF10 0x1BF10,0x29 0x29,0x234 0x235,e2f0d9
0x9CB6 0x9CB7,766,문자,685,！,0x9CB6~0x9CB7,0 1,90 19,A0 12,0x1C0D9 0x1C0D8,9F 29,AF 22,0x1BF10 0x1BF10,0x29 0x29,0x236 0x237,e2f0d9
0x9CB8 0x9CB9,767,문자,686,␠,0x9CB8~0x9CB9,0 1,F0 38,18 12,0x1C0D7 0x1C0D6,01 4A,29 24,0x1BF10 0x1BF10,0x29 0x29,0x238 0x239,e2f0d9
0x9CBA 0x9CBB,768,문자,687,모,0x9CBA~0x9CBB,0 1,A0 12,A8 35,0x1C0D5 0x1C0D4,B3 26,BB 49,0x1BF10 0x1BF10,0x29 0x29,0x23A 0x23B,e2f0d9
0x9CBC 0x9CBD,769,문자,688,든,0x9CBC~0x9CBD,0 1,19 00,08 30,0x1C0D3 0x1C0D2,2E 16,1D 46,0x1BF10 0x1BF10,0x29 0x29,0x23C 0x23D,e2f0d9
0x9CBE 0x9CBF,770,문자,689,␠,0x9CBE~0x9CBF,0 1,69 15,18 12,0x1C0D1 0x1C0D0,80 2D,2F 2A,0x1BF10 0x1BF10,0x29 0x29,0x23E 0x23F,e2f0d9
0x9CC0 0x9CC1,771,문자,690,것,0x9CC0~0x9CC1,0 1,00 17,F8 1D,0x1C0CF 0x1C0CE,19 31,11 37,0x1BF10 0x1BF10,0x29 0x29,0x240 0x241,e2f0d9
0x9CC2 0x9CC3,772,문자,691,을,0x9CC2~0x9CC3,0 1,00 1A,58 DE,0x1C0CD 0x1C0CC,1B 36,73 FA,0x1BF10 0x1BF10,0x29 0x29,0x242 0x243,e2f0d9
0x9CC4 0x9CC5,773,문자,692,␠,0x9CC4~0x9CC5,0 1,00 04,18 12,0x1C0CB 0x1C0CA,1D 22,35 30,0x1BF10 0x1BF10,0x29 0x29,0x244 0x245,e2f0d9
0x9CC6 0x9CC7,774,문자,693,나,0x9CC6~0x9CC7,0 1,16 00,B8 24,0x1C0C9 0x1C0C8,35 20,D7 44,0x1BF10 0x1BF10,0x29 0x29,0x246 0x247,e2f0d9
0x9CC8 0x9CC9,775,문자,694,한,0x9CC8~0x9CC9,0 1,58 AB,78 E3,0x1C0C7 0x1C0C6,79 CD,99 05,0x1BF10 0x1BF10,0x29 0x29,0x248 0x249,e2f0d9
0x9CCA 0x9CCB,776,문자,695,테,0x9CCA~0x9CCB,0 1,D8 6C,68 E2,0x1C0C5 0x1C0C4,FB 90,8B 06,0x1BF10 0x1BF10,0x29 0x29,0x24A 0x24B,e2f0d9
0x9CCC 0x9CCD,777,문자,696,␠,0x9CCC~0x9CCD,0 1,B8 28,18 12,0x1C0C3 0x1C0C2,DD 4E,3D 38,0x1BF10 0x1BF10,0x29 0x29,0x24C 0x24D,e2f0d9
0x9CCE 0x9CCF,778,문자,697,맡,0x9CCE~0x9CCF,0 1,A8 18,28 35,0x1C0C1 0x1C0C0,CF 40,4F 5D,0x1BF10 0x1BF10,0x29 0x29,0x24E 0x24F,e2f0d9
0x9CD0 0x9CD1,779,문자,698,긴,0x9CD0~0x9CD1,0 1,B8 18,C8 21,0x1C0BF 0x1C0BE,E1 42,F1 4B,0x1BF10 0x1BF10,0x29 0x29,0x250 0x251,e2f0d9
0x9CD2 0x9CD3,780,문자,699,、,0x9CD2~0x9CD3,0 1,C8 38,20 12,0x1C0BD 0x1C0BC,F3 64,4B 3E,0x1BF10 0x1BF10,0x29 0x29,0x252 0x253,e2f0d9
0x9CD4 0x9CD5,781,문자,700,진,0x9CD4~0x9CD5,0 1,B8 38,38 E0,0x1C0BB 0x1C0BA,E5 66,65 0E,0x1BF10 0x1BF10,0x29 0x29,0x254 0x255,e2f0d9
0x9CD6 0x9CD7,782,문자,701,짜,0x9CD6~0x9CD7,0 1,88 28,78 E0,0x1C0B9 0x1C0B8,B7 58,A7 10,0x1BF10 0x1BF10,0x29 0x29,0x256 0x257,e2f0d9
0x9CD8,783,문자,702,␠,0x9CD8~0x9CD9,0,20,18,0x1C0B7,51,49,0x1BF10,0x29,0x258,e2f0d9
0x9CDA 0x9CDB,784,문자,703,의,0x9CDA~0x9CDB,0 1,58 59,88 DE,0x1C0B5 0x1C0B4,8B 8D,BB 12,0x1BF10 0x1BF10,0x29 0x29,0x25A 0x25B,e2f0d9
0x9CDC 0x9CDD,785,문자,704,도,0x9CDC~0x9CDD,0 1,C8 84,28 2E,0x1C0B3 0x1C0B2,FD BA,5D 64,0x1BF10 0x1BF10,0x29 0x29,0x25C 0x25D,e2f0d9
0x9CDE 0x9CDF,786,문자,705,는,0x9CDE~0x9CDF,0 1,78 28,E8 25,0x1C0B1 0x1C0B0,AF 60,1F 5D,0x1BF10 0x1BF10,0x29 0x29,0x25E 0x25F,e2f0d9
0x9CE0 0x9CE1,787,문자,706,・,0x9CE0~0x9CE1,0 1,28 38,60 12,0x1C0AF 0x1C0AE,61 72,99 4C,0x1BF10 0x1BF10,0x29 0x29,0x260 0x261,e2f0d9
0x9CE2 0x9CE3,788,문자,707,・,0x9CE2~0x9CE3,0 1,F8 51,60 12,0x1C0AD 0x1C0AC,33 8D,9B 4E,0x1BF10 0x1BF10,0x29 0x29,0x262 0x263,e2f0d9
0x9CE4 0x9CE5,789,문자,708,・,0x9CE4~0x9CE5,0 1,F8 50,60 12,0x1C0AB 0x1C0AA,35 8E,9D 50,0x1BF10 0x1BF10,0x29 0x29,0x264 0x265,e2f0d9
0x9CE6 0x9CE7,790,문자,709,␠,0x9CE6~0x9CE7,0 1,78 19,18 12,0x1C0A9 0x1C0A8,B7 59,57 52,0x1BF10 0x1BF10,0x29 0x29,0x266 0x267,e2f0d9
0x9CE8 0x9CE9,791,문자,710,대,0x9CE8~0x9CE9,0 1,F8 19,B8 2D,0x1C0A7 0x1C0A6,39 5B,F9 6F,0x1BF10 0x1BF10,0x29 0x29,0x268 0x269,e2f0d9
0x9CEA 0x9CEB,792,문자,711,체,0x9CEA~0x9CEB,0 1,F8 18,38 E1,0x1C0A5 0x1C0A4,3B 5C,7B 25,0x1BF10 0x1BF10,0x29 0x29,0x26A 0x26B,e2f0d9
0x9CEC 0x9CED,793,문자,712,␠,0x9CEC~0x9CED,0 1,A8 28,18 12,0x1C0A3 0x1C0A2,ED 6E,5D 58,0x1BF10 0x1BF10,0x29 0x29,0x26C 0x26D,e2f0d9
0x9CEE 0x9CEF,794,문자,713,뭘,0x9CEE~0x9CEF,0 1,B8 38,48 39,0x1C0A1 0x1C0A0,FF 80,8F 81,0x1BF10 0x1BF10,0x29 0x29,0x26E 0x26F,e2f0d9
0x9CF0 0x9CF1,795,문자,714,까,0x9CF0~0x9CF1,0 1,E8 28,F8 21,0x1C09F 0x1C09E,31 72,41 6B,0x1BF10 0x1BF10,0x29 0x29,0x270 0x271,e2f0d9
0x9CF2 0x9CF3,796,문자,715,・,0x9CF2~0x9CF3,0 1,C8 18,60 12,0x1C09D 0x1C09C,13 64,AB 5E,0x1BF10 0x1BF10,0x29 0x29,0x272 0x273,e2f0d9
0x9CF4 0x9CF5,797,문자,716,・,0x9CF4~0x9CF5,0 1,D8 BE,60 12,0x1C09B 0x1C09A,25 0C,AD 60,0x1BF10 0x1BF10,0x29 0x29,0x274 0x275,e2f0d9
0x9CF6 0x9CF7,798,문자,717,・,0x9CF6~0x9CF7,0 1,68 A9,60 12,0x1C099 0x1C098,B7 F9,AF 62,0x1BF10 0x1BF10,0x29 0x29,0x276 0x277,e2f0d9
0x9CF8 0x9CF9,799,문자,718,？,0x9CF8~0x9CF9,0 1,08 28,90 12,0x1C097 0x1C096,59 7A,E1 64,0x1BF10 0x1BF10,0x29 0x29,0x278 0x279,e2f0d9
0x9CFA 0x9CFB 0x9CFC,800,제어,,,0x9CFA~0x9CFC,0 1 2,30 12 F8,19 00 78,0x1C095 0x1C094 0x1C093,83 66 4D,6C 54 CD,0x1BF10 0x1BF10 0x1BF10,0x29 0x29 0x29,0x27A 0x27B 0x27C,fce4d6
0x9CFD 0x9CFE,801,제어,,,0x9CFD~0x9CFE,0 1,C0 48,15 00,0x1C092 0x1C091,16 9F,6B 57,0x1BF10 0x1BF10,0x29 0x29,0x27D 0x27E,fce4d6
0x9CFF 0x9D00,802,제어,,,0x9CFF~0x9D00,0 1,18 E8,17 00,0x1C090 0x1C08F,70 41,6F 59,0x1BF10 0x1BF10,0x29 0x29,0x27F 0x280,fce4d6
0x9D01 0x9D02 0x9D03,803,제어,,,0x9D01~0x9D03,0 1 2,28 68 C6,1A 00 04,0x1C08E 0x1C08D 0x1C08C,82 C3 22,74 5B 60,0x1BF10 0x1BF10 0x1BF10,0x29 0x29 0x29,0x281 0x282 0x283,fce4d6
0x9D04 0x9D05,804,제어,,,0x9D04~0x9D05,0 1,78 28,16 00,0x1C08B 0x1C08A,D5 86,73 5E,0x1BF10 0x1BF10,0x29 0x29,0x284 0x285,fce4d6
0x9D06 0x9D07,805,문자,719,난,0x9D06~0x9D07,0 1,D8 19,C0 24,0x1C089 0x1C088,37 79,1F 84,0x1BF10 0x1BF10,0x29 0x29,0x286 0x287,e9ae2b
0x9D08 0x9D09,806,문자,720,␠,0x9D08~0x9D09,0 1,E8 28,18 12,0x1C087 0x1C086,49 8A,79 74,0x1BF10 0x1BF10,0x29 0x29,0x288 0x289,e2f0d9
0x9D0A 0x9D0B,807,문자,721,너,0x9D0A~0x9D0B,0 1,58 A1,50 25,0x1C085 0x1C084,BB 05,B3 89,0x1BF10 0x1BF10,0x29 0x29,0x28A 0x28B,e9ae2b
0x9D0C 0x9D0D,808,문자,722,와,0x9D0C~0x9D0D,0 1,38 58,E0 9F,0x1C083 0x1C082,9D BE,45 05,0x1BF10 0x1BF10,0x29 0x29,0x28C 0x28D,e9ae2b
0x9D0E 0x9D0F,809,문자,723,␠,0x9D0E~0x9D0F,0 1,28 39,18 12,0x1C081 0x1C080,8F A1,7F 7A,0x1BF10 0x1BF10,0x29 0x29,0x28E 0x28F,e2f0d9
0x9D10 0x9D11,810,문자,724,맞,0x9D10~0x9D11,0 1,58 47,10 35,0x1C07F 0x1C07E,C1 B1,79 9F,0x1BF10 0x1BF10,0x29 0x29,0x290 0x291,e9ae2b
0x9D12 0x9D13,811,문자,725,서,0x9D12~0x9D13,0 1,98 19,50 3D,0x1C07D 0x1C07C,03 85,BB A9,0x1BF10 0x1BF10,0x29 0x29,0x292 0x293,e9ae2b
0x9D14 0x9D15,812,문자,726,␠,0x9D14~0x9D15,0 1,B8 18,18 12,0x1C07B 0x1C07A,25 86,85 80,0x1BF10 0x1BF10,0x29 0x29,0x294 0x295,e2f0d9
0x9D16 0x9D17,813,문자,727,싸,0x9D16~0x9D17,0 1,60 12,00 46,0x1C079 0x1C078,CF 82,6F B6,0x1BF10 0x1BF10,0x29 0x29,0x296 0x297,e9ae2b
0x9D18 0x9D19,814,문자,728,우,0x9D18~0x9D19,0 1,60 12,F0 CD,0x1C077 0x1C076,D1 84,61 3F,0x1BF10 0x1BF10,0x29 0x29,0x298 0x299,e9ae2b
0x9D1A 0x9D1B,815,문자,729,겠,0x9D1A~0x9D1B,0 1,60 12,10 20,0x1C075 0x1C074,D3 86,83 94,0x1BF10 0x1BF10,0x29 0x29,0x29A 0x29B,e9ae2b
0x9D1C 0x9D1D,816,문자,730,어,0x9D1C~0x9D1D,0 1,15 00,08 70,0x1C073 0x1C072,8A 76,7D E6,0x1BF10 0x1BF10,0x29 0x29,0x29C 0x29D,e2f0d9
0x9D1E 0x9D1F,817,문자,731,！,0x9D1E~0x9D1F,0 1,F8 19,A0 12,0x1C071 0x1C070,6F 91,17 8A,0x1BF10 0x1BF10,0x29 0x29,0x29E 0x29F,e2f0d9
0x9D20 0x9D21,818,문자,732,␠,0x9D20~0x9D21,0 1,F8 38,18 12,0x1C06F 0x1C06E,71 B2,91 8C,0x1BF10 0x1BF10,0x29 0x29,0x2A0 0x2A1,e2f0d9
0x9D22 0x9D23,819,문자,733,네,0x9D22~0x9D23,0 1,18 19,90 25,0x1C06D 0x1C06C,93 95,0B A1,0x1BF10 0x1BF10,0x29 0x29,0x2A2 0x2A3,e9ae2b
0x9D24 0x9D25,820,문자,734,가,0x9D24~0x9D25,0 1,F8 19,A0 17,0x1C06B 0x1C06A,75 97,1D 95,0x1BF10 0x1BF10,0x29 0x29,0x2A4 0x2A5,e9ae2b
0x9D26 0x9D27,821,문자,735,␠,0x9D26~0x9D27,0 1,38 19,18 12,0x1C069 0x1C068,B7 99,97 92,0x1BF10 0x1BF10,0x29 0x29,0x2A6 0x2A7,e2f0d9
0x9D28 0x9D29,822,문자,736,모,0x9D28~0x9D29,0 1,88 28,A0 35,0x1C067 0x1C066,09 AA,21 B7,0x1BF10 0x1BF10,0x29 0x29,0x2A8 0x2A9,e9ae2b
0x9D2A 0x9D2B,823,문자,737,든,0x9D2A~0x9D2B,0 1,28 39,00 30,0x1C065 0x1C064,AB BD,83 B4,0x1BF10 0x1BF10,0x29 0x29,0x2AA 0x2AB,e9ae2b
0x9D2C,824,문자,738,␠,0x9D2C~0x9D2D,0,A0,18,0x1C063,25,9D,0x1BF10,0x29,0x2AC,e2f0d9
0x9D2E 0x9D2F,825,문자,739,것,0x9D2E~0x9D2F,0 1,88 38,F0 1D,0x1C061 0x1C060,0F C0,77 A5,0x1BF10 0x1BF10,0x29 0x29,0x2AE 0x2AF,e9ae2b
0x9D30 0x9D31,826,문자,740,을,0x9D30~0x9D31,0 1,B8 18,50 DE,0x1C05F 0x1C05E,41 A2,D9 68,0x1BF10 0x1BF10,0x29 0x29,0x2B0 0x2B1,e9ae2b
0x9D32 0x9D33,827,문자,741,␠,0x9D32~0x9D33,0 1,D8 38,18 12,0x1C05D 0x1C05C,63 C4,A3 9E,0x1BF10 0x1BF10,0x29 0x29,0x2B2 0x2B3,e2f0d9
0x9D34 0x9D35,828,문자,742,없,0x9D34~0x9D35,0 1,68 18,00 7C,0x1C05B 0x1C05A,F5 A6,8D 0A,0x1BF10 0x1BF10,0x29 0x29,0x2B4 0x2B5,e9ae2b
0x9D36 0x9D37,829,문자,743,애,0x9D36~0x9D37,0 1,20 12,00 6A,0x1C059 0x1C058,AF A2,8F FA,0x1BF10 0x1BF10,0x29 0x29,0x2B6 0x2B7,e9ae2b
0x9D38 0x9D39,830,문자,744,버,0x9D38~0x9D39,0 1,78 B7,F0 39,0x1C057 0x1C056,09 49,81 CB,0x1BF10 0x1BF10,0x29 0x29,0x2B8 0x2B9,e9ae2b
0x9D3A 0x9D3B,831,문자,745,리,0x9D3A~0x9D3B,0 1,48 18,70 34,0x1C055 0x1C054,DB AC,03 C8,0x1BF10 0x1BF10,0x29 0x29,0x2BA 0x2BB,e9ae2b
0x9D3C 0x9D3D,832,문자,746,겠,0x9D3C~0x9D3D,0 1,E8 86,10 20,0x1C053 0x1C052,7D 1C,A5 B6,0x1BF10 0x1BF10,0x29 0x29,0x2BC 0x2BD,e9ae2b
0x9D3E 0x9D3F,833,문자,747,다,0x9D3E~0x9D3F,0 1,B8 38,C0 27,0x1C051 0x1C050,4F D0,57 BF,0x1BF10 0x1BF10,0x29 0x29,0x2BE 0x2BF,e9ae2b
0x9D40 0x9D41,834,문자,748,고,0x9D40~0x9D41,0 1,C8 18,80 20,0x1C04F 0x1C04E,61 B2,19 BA,0x1BF10 0x1BF10,0x29 0x29,0x2C0 0x2C1,e9ae2b
0x9D42 0x9D43,835,문자,749,␠,0x9D42~0x9D43,0 1,48 18,18 12,0x1C04D 0x1C04C,E3 B4,B3 AE,0x1BF10 0x1BF10,0x29 0x29,0x2C2 0x2C3,e2f0d9
0x9D44 0x9D45,836,문자,750,한,0x9D44~0x9D45,0 1,48 18,70 E3,0x1C04B 0x1C04A,E5 B6,0D 81,0x1BF10 0x1BF10,0x29 0x29,0x2C4 0x2C5,e9ae2b
0x9D46,837,문자,751,␠,0x9D46~0x9D47,0,A0,18,0x1C049,3F,B7,0x1BF10,0x29,0x2C6,e2f0d9
0x9D48 0x9D49,838,문자,752,이,0x9D48~0x9D49,0 1,10 11,90 DE,0x1C047 0x1C046,B1 B3,31 80,0x1BF10 0x1BF10,0x29 0x29,0x2C8 0x2C9,e9ae2b
0x9D4A 0x9D4B,839,문자,753,상,0x9D4A~0x9D4B,0 1,10 11,20 3D,0x1C045 0x1C044,B3 B5,C3 E1,0x1BF10 0x1BF10,0x29 0x29,0x2CA 0x2CB,e9ae2b
0x9D4C 0x9D4D,840,문자,754,、,0x9D4C~0x9D4D,0 1,10 11,20 12,0x1C043 0x1C042,B5 B7,C5 B8,0x1BF10 0x1BF10,0x29 0x29,0x2CC 0x2CD,e2f0d9
0x9D4E 0x9D4F,841,문자,755,도,0x9D4E~0x9D4F,0 1,10 11,20 2E,0x1C041 0x1C040,B7 B9,C7 D6,0x1BF10 0x1BF10,0x29 0x29,0x2CE 0x2CF,e9ae2b
0x9D50 0x9D51,842,문자,756,망,0x9D50~0x9D51,0 1,10 11,00 35,0x1C03F 0x1C03E,B9 BB,A9 DF,0x1BF10 0x1BF10,0x29 0x29,0x2D0 0x2D1,e9ae2b
0x9D52 0x9D53,843,문자,757,친,0x9D52~0x9D53,0 1,0F 00,B0 E1,0x1C03D 0x1C03C,BA AC,5B 8D,0x1BF10 0x1BF10,0x29 0x29,0x2D2 0x2D3,e9ae2b
0x9D54 0x9D55,844,문자,758,들,0x9D54~0x9D55,0 1,00 00,10 30,0x1C03B 0x1C03A,AD AE,BD DE,0x1BF10 0x1BF10,0x29 0x29,0x2D4 0x2D5,e9ae2b
0x9D56 0x9D57,845,문자,759,␠,0x9D56~0x9D57,0 1,00 00,18 12,0x1C039 0x1C038,AF B0,C7 C2,0x1BF10 0x1BF10,0x29 0x29,0x2D6 0x2D7,e2f0d9
0x9D59,846,문자,760,아,0x9D58~0x9D59,1,00,56,0x1C036,B2,08,0x1BF10,0x29,0x2D9,e9ae2b
0x9D5B,847,문자,761,무,0x9D5A~0x9D5B,1,00,36,0x1C034,B4,EA,0x1BF10,0x29,0x2DB,e9ae2b
0x9D5C 0x9D5D,848,문자,762,것,0x9D5C~0x9D5D,0 1,00 00,F0 1D,0x1C033 0x1C032,B5 B6,A5 D3,0x1BF10 0x1BF10,0x29 0x29,0x2DC 0x2DD,e9ae2b
0x9D5E 0x9D5F,849,문자,763,도,0x9D5E~0x9D5F,0 1,00 00,20 2E,0x1C031 0x1C030,B7 B8,D7 E6,0x1BF10 0x1BF10,0x29 0x29,0x2DE 0x2DF,e9ae2b
0x9D60 0x9D61,850,문자,764,␠,0x9D60~0x9D61,0 1,00 00,18 12,0x1C02F 0x1C02E,B9 BA,D1 CC,0x1BF10 0x1BF10,0x29 0x29,0x2E0 0x2E1,e2f0d9
0x9D62 0x9D63,851,문자,765,해,0x9D62~0x9D63,0 1,00 00,B0 E3,0x1C02D 0x1C02C,BB BC,6B 9F,0x1BF10 0x1BF10,0x29 0x29,0x2E2 0x2E3,e9ae2b
0x9D64 0x9D65,852,문자,766,결,0x9D64~0x9D65,0 1,00 00,40 20,0x1C02B 0x1C02A,BD BE,FD DE,0x1BF10 0x1BF10,0x29 0x29,0x2E4 0x2E5,e9ae2b
0x9D66 0x9D67,853,문자,767,되,0x9D66~0x9D67,0 1,00 00,80 2E,0x1C029 0x1C028,BF C0,3F EE,0x1BF10 0x1BF10,0x29 0x29,0x2E6 0x2E7,e9ae2b
0x9D68 0x9D69,854,문자,768,지,0x9D68~0x9D69,0 1,00 00,10 E0,0x1C027 0x1C026,C1 C2,D1 A2,0x1BF10 0x1BF10,0x29 0x29,0x2E8 0x2E9,e9ae2b
0x9D6A 0x9D6B,855,문자,769,␠,0x9D6A~0x9D6B,0 1,00 00,18 12,0x1C025 0x1C024,C3 C4,DB D6,0x1BF10 0x1BF10,0x29 0x29,0x2EA 0x2EB,e2f0d9
0x9D6D,856,문자,770,않,0x9D6C~0x9D6D,1,00,5E,0x1C022,C6,24,0x1BF10,0x29,0x2ED,e9ae2b
0x9D6F,857,문자,771,아,0x9D6E~0x9D6F,1,00,56,0x1C020,C8,1E,0x1BF10,0x29,0x2EF,e9ae2b
0x9D70 0x9D71,858,문자,772,。,0x9D70~0x9D71,0 1,00 00,30 12,0x1C01F 0x1C01E,C9 CA,F9 DC,0x1BF10 0x1BF10,0x29 0x29,0x2F0 0x2F1,e2f0d9
0x9D72,859,제어,,,0x9D72~0x9D73,0,00,15,0x1C01D,CB,E0,0x1BF10,0x29,0x2F2,fce4d6
0x9D74 0x9D75,860,문자,773,바,0x9D74~0x9D75,0 1,00 00,80 39,0x1C01B 0x1C01A,CD CE,4D 07,0x1BF10 0x1BF10,0x29 0x29,0x2F4 0x2F5,e9ae2b
0x9D76 0x9D77,861,문자,774,니,0x9D76~0x9D77,0 1,00 00,F0 25,0x1C019 0x1C018,CF D0,BF F5,0x1BF10 0x1BF10,0x29 0x29,0x2F6 0x2F7,e9ae2b
0x9D78 0x9D79,862,문자,775,티,0x9D78~0x9D79,0 1,00 00,D0 E2,0x1C017 0x1C016,D1 D2,A1 B4,0x1BF10 0x1BF10,0x29 0x29,0x2F8 0x2F9,e9ae2b
0x9D7A 0x9D7B,863,문자,776,와,0x9D7A~0x9D7B,0 1,00 00,E0 9F,0x1C015 0x1C014,D3 D4,B3 73,0x1BF10 0x1BF10,0x29 0x29,0x2FA 0x2FB,e9ae2b
0x9D7C 0x9D7D,864,문자,777,␠,0x9D7C~0x9D7D,0 1,00 00,18 12,0x1C013 0x1C012,D5 D6,ED E8,0x1BF10 0x1BF10,0x29 0x29,0x2FC 0x2FD,e2f0d9
0x9D7E 0x9D7F,865,문자,778,나,0x9D7E~0x9D7F,0 1,00 00,B0 24,0x1C011 0x1C010,D7 D9,87 FD,0x1BF10 0x1BF10,0x29 0x29,0x2FE 0x2FF,e9ae2b
0x9D80 0x9D81,866,문자,779,␠,0x9D80~0x9D81,0 1,00 23,18 12,0x1C00F 0x1C00E,DA FE,F2 ED,0x1BF10 0x1BF10,0x29 0x29,0x300 0x301,e2f0d9
0x9D83,867,문자,780,자,0x9D82~0x9D83,1,10,DF,0x1C00C,ED,BC,0x1BF10,0x29,0x303,e9ae2b
0x9D84 0x9D85,868,문자,781,신,0x9D84~0x9D85,0 1,7B F0,D0 3F,0x1C00B 0x1C00A,59 CF,AE 1E,0x1BF10 0x1BF10,0x29 0x29,0x304 0x305,e9ae2b
0x9D86 0x9D87,869,문자,782,에,0x9D86~0x9D87,0 1,38 C0,40 9F,0x1C009 0x1C008,18 A1,20 80,0x1BF10 0x1BF10,0x29 0x29,0x306 0x307,e9ae2b
0x9D88 0x9D89,870,문자,783,게,0x9D88~0x9D89,0 1,38 F0,00 20,0x1C007 0x1C006,1A D3,E2 03,0x1BF10 0x1BF10,0x29 0x29,0x308 0x309,e9ae2b
0x9D8A 0x9D8B,871,문자,784,␠,0x9D8A~0x9D8B,0 1,19 B0,18 12,0x1C005 0x1C004,FD 95,FC F7,0x1BF10 0x1BF10,0x29 0x29,0x30A 0x30B,e2f0d9
0x9D8C 0x9D8D,872,문자,785,모,0x9D8C~0x9D8D,0 1,18 90,A0 35,0x1C003 0x1C002,FE 77,86 1C,0x1BF10 0x1BF10,0x29 0x29,0x30C 0x30D,e9ae2b
0x9D8E 0x9D8F,873,문자,786,든,0x9D8E~0x9D8F,0 1,38 12,00 30,0x1C001 0x1C000,20 FB,E8 19,0x1BF10 0x1BF10,0x29 0x29,0x30E 0x30F,e9ae2b
0x9D90 0x9D91,874,문자,787,␠,0x9D90~0x9D91,0 1,00 21,18 12,0x1BFFF 0x1BFFE,EA 0C,02 FD,0x1BF10 0x1BF10,0x29 0x29,0x310 0x311,e2f0d9
0x9D92 0x9D93,875,문자,788,것,0x9D92~0x9D93,0 1,00 80,F0 1D,0x1BFFD 0x1BFFC,EC 6D,DC 0A,0x1BF10 0x1BF10,0x29 0x29,0x312 0x313,e9ae2b
0x9D94 0x9D95,876,문자,789,을,0x9D94~0x9D95,0 1,38 30,50 DE,0x1BFFB 0x1BFFA,26 1F,3E CD,0x1BF10 0x1BF10,0x29 0x29,0x314 0x315,e9ae2b
0x9D96 0x9D97,877,문자,790,␠,0x9D96~0x9D97,0 1,28 A0,18 12,0x1BFF9 0x1BFF8,18 91,08 03,0x1BF10 0x1BF10,0x29 0x29,0x316 0x317,e2f0d9
0x9D98 0x9D99,878,문자,791,걸,0x9D98~0x9D99,0 1,12 19,C0 1D,0x1BFF7 0x1BFF6,04 0C,B2 10,0x1BF10 0x1BF10,0x29 0x29,0x318 0x319,e9ae2b
0x9D9A 0x9D9B,879,문자,792,고,0x9D9A~0x9D9B,0 1,00 74,80 20,0x1BFF5 0x1BFF4,F4 69,74 15,0x1BF10 0x1BF10,0x29 0x29,0x31A 0x31B,e9ae2b
0x9D9C 0x9D9D,880,문자,793,、,0x9D9C~0x9D9D,0 1,15 00,20 12,0x1BFF3 0x1BFF2,0B F7,16 09,0x1BF10 0x1BF10,0x29 0x29,0x31C 0x31D,e2f0d9
0x9D9E 0x9D9F,881,문자,794,답,0x9D9E~0x9D9F,0 1,17 00,00 2C,0x1BFF1 0x1BFF0,0F F9,F8 25,0x1BF10 0x1BF10,0x29 0x29,0x31E 0x31F,e9ae2b
0x9DA0 0x9DA1,882,문자,795,을,0x9DA0~0x9DA1,0 1,1A 00,50 DE,0x1BFEF 0x1BFEE,14 FB,4A D9,0x1BF10 0x1BF10,0x29 0x29,0x320 0x321,e9ae2b
0x9DA2 0x9DA3,883,문자,796,␠,0x9DA2~0x9DA3,0 1,04 16,18 12,0x1BFED 0x1BFEC,00 13,14 0F,0x1BF10 0x1BF10,0x29 0x29,0x322 0x323,e2f0d9
0x9DA4 0x9DA5,884,문자,797,찾,0x9DA4~0x9DA5,0 1,00 40,E0 E0,0x1BFEB 0x1BFEA,FE 3F,DE DF,0x1BF10 0x1BF10,0x29 0x29,0x324 0x325,e9ae2b
0x9DA6 0x9DA7,885,문자,798,아,0x9DA6~0x9DA7,0 1,F6 C0,00 56,0x1BFE9 0x1BFE8,F6 C1,00 57,0x1BF10 0x1BF10,0x29 0x29,0x326 0x327,e9ae2b
0x9DA8 0x9DA9,886,문자,799,내,0x9DA8~0x9DA9,0 1,18 10,00 25,0x1BFE7 0x1BFE6,1A 13,02 28,0x1BF10 0x1BF10,0x29 0x29,0x328 0x329,e9ae2b
0x9DAA 0x9DAB,887,문자,800,겠,0x9DAA~0x9DAB,0 1,78 50,10 20,0x1BFE5 0x1BFE4,7C 55,14 25,0x1BF10 0x1BF10,0x29 0x29,0x32A 0x32B,e9ae2b
0x9DAC 0x9DAD,888,문자,801,어,0x9DAC~0x9DAD,0 1,ED E0,00 70,0x1BFE3 0x1BFE2,F3 E7,06 77,0x1BF10 0x1BF10,0x29 0x29,0x32C 0x32D,e9ae2b
0x9DAE 0x9DAF,889,문자,802,！,0x9DAE~0x9DAF,0 1,4B C0,A0 12,0x1BFE1 0x1BFE0,53 C9,A8 1B,0x1BF10 0x1BF10,0x29 0x29,0x32E 0x32F,e2f0d9
0x9DB0 0x9DB1 0x9DB2,890,제어,,,0x9DB0~0x9DB2,0 1 2,A1 70 28,19 00 69,0x1BFDF 0x1BFDE 0x1BFDD,AB 7B 34,23 0B 75,0x1BF10 0x1BF10 0x1BF10,0x29 0x29 0x29,0x330 0x331 0x332,fce4d6
0x9DB3 0x9DB4,891,제어,,,0x9DB3~0x9DB4,0 1,A0 CA,15 00,0x1BFDC 0x1BFDB,AD D8,22 0E,0x1BF10 0x1BF10,0x29 0x29,0x333 0x334,fce4d6
0x9DB5 0x9DB6,892,제어,,,0x9DB5~0x9DB6,0 1,20 19,17 00,0x1BFDA 0x1BFD9,2F 29,26 10,0x1BF10 0x1BF10,0x29 0x29,0x335 0x336,fce4d6
0x9DB7 0x9DB8 0x9DB9,893,제어,,,0x9DB7~0x9DB9,0 1 2,F0 19 50,1A 00 04,0x1BFD8 0x1BFD7 0x1BFD6,01 2B 63,2B 12 17,0x1BF10 0x1BF10 0x1BF10,0x29 0x29 0x29,0x337 0x338 0x339,fce4d6
0x9DBA 0x9DBB,894,제어,,,0x9DBA~0x9DBB,0 1,EF 20,16 00,0x1BFD5 0x1BFD4,03 35,2A 15,0x1BF10 0x1BF10,0x29 0x29,0x33A 0x33B,fce4d6
0x9DBC 0x9DBD,895,문자,803,역,0x9DBC~0x9DBD,0 1,39 50,68 9F,0x1BFD3 0x1BFD2,4F 67,7E B6,0x1BF10 0x1BF10,0x29 0x29,0x33C 0x33D,e2f0d9
0x9DBE 0x9DBF,896,문자,804,경,0x9DBE~0x9DBF,0 1,F9 10,68 20,0x1BFD1 0x1BFD0,11 29,80 39,0x1BF10 0x1BF10,0x29 0x29,0x33E 0x33F,e2f0d9
0x9DC0 0x9DC1,897,문자,805,에,0x9DC0~0x9DC1,0 1,19 80,48 9F,0x1BFCF 0x1BFCE,33 9B,62 BA,0x1BF10 0x1BF10,0x29 0x29,0x340 0x341,e2f0d9
0x9DC2 0x9DC3,898,문자,806,␠,0x9DC2~0x9DC3,0 1,F8 C0,18 12,0x1BFCD 0x1BFCC,14 DD,34 2F,0x1BF10 0x1BF10,0x29 0x29,0x342 0x343,e2f0d9
0x9DC4 0x9DC5,899,문자,807,몰,0x9DC4~0x9DC5,0 1,38 F0,C8 35,0x1BFCB 0x1BFCA,56 0F,E6 54,0x1BF10 0x1BF10,0x29 0x29,0x344 0x345,e2f0d9
0x9DC6 0x9DC7,900,문자,808,리,0x9DC6~0x9DC7,0 1,19 E0,78 34,0x1BFC9 0x1BFC8,39 01,98 55,0x1BF10 0x1BF10,0x29 0x29,0x346 0x347,e2f0d9
0x9DC8 0x9DC9,901,문자,809,면,0x9DC8~0x9DC9,0 1,28 F0,78 35,0x1BFC7 0x1BFC6,4A 13,9A 58,0x1BF10 0x1BF10,0x29 0x29,0x348 0x349,e2f0d9
0x9DCA 0x9DCB,902,문자,810,␠,0x9DCA~0x9DCB,0 1,28 20,18 12,0x1BFC5 0x1BFC4,4C 45,3C 37,0x1BF10 0x1BF10,0x29 0x29,0x34A 0x34B,e2f0d9
0x9DCC 0x9DCD,903,문자,811,부,0x9DCC~0x9DCD,0 1,12 20,08 3C,0x1BFC3 0x1BFC2,38 47,2E 63,0x1BF10 0x1BF10,0x29 0x29,0x34C 0x34D,e2f0d9
0x9DCE 0x9DCF,904,문자,812,질,0x9DCE~0x9DCF,0 1,18 A0,48 E0,0x1BFC1 0x1BFC0,40 C9,70 09,0x1BF10 0x1BF10,0x29 0x29,0x34E 0x34F,e2f0d9
0x9DD0 0x9DD1,905,문자,813,없,0x9DD0~0x9DD1,0 1,28 F0,08 7C,0x1BFBF 0x1BFBE,52 1B,32 A7,0x1BF10 0x1BF10,0x29 0x29,0x350 0x351,e2f0d9
0x9DD2 0x9DD3,906,문자,814,더,0x9DD2~0x9DD3,0 1,19 C0,C8 2D,0x1BFBD 0x1BFBC,45 ED,F4 5A,0x1BF10 0x1BF10,0x29 0x29,0x352 0x353,e2f0d9
0x9DD4 0x9DD5,907,문자,815,라,0x9DD4~0x9DD5,0 1,18 F0,F8 30,0x1BFBB 0x1BFBA,46 1F,26 5F,0x1BF10 0x1BF10,0x29 0x29,0x354 0x355,e2f0d9
0x9DD6 0x9DD7,908,문자,816,도,0x9DD6~0x9DD7,0 1,C0 E0,28 2E,0x1BFB9 0x1BFB8,F0 11,58 5F,0x1BF10 0x1BF10,0x29 0x29,0x356 0x357,e2f0d9
0x9DD8 0x9DD9,909,문자,817,␠,0x9DD8~0x9DD9,0 1,B6 00,18 12,0x1BFB7 0x1BFB6,E8 33,4A 45,0x1BF10 0x1BF10,0x29 0x29,0x358 0x359,e2f0d9
0x9DDA 0x9DDB,910,문자,818,반,0x9DDA~0x9DDB,0 1,28 B0,98 39,0x1BFB5 0x1BFB4,5C E5,CC 6E,0x1BF10 0x1BF10,0x29 0x29,0x35A 0x35B,e2f0d9
0x9DDC 0x9DDD,911,문자,819,발,0x9DDC~0x9DDD,0 1,18 90,B8 39,0x1BFB3 0x1BFB2,4E C7,EE 70,0x1BF10 0x1BF10,0x29 0x29,0x35C 0x35D,e2f0d9
0x9DDE 0x9DDF,912,문자,820,하,0x9DDE~0x9DDF,0 1,38 70,58 E3,0x1BFB1 0x1BFB0,70 A9,90 1C,0x1BF10 0x1BF10,0x29 0x29,0x35E 0x35F,e2f0d9
0x9DE0 0x9DE1,913,문자,821,는,0x9DE0~0x9DE1,0 1,28 90,E8 25,0x1BFAF 0x1BFAE,62 CB,22 60,0x1BF10 0x1BF10,0x29 0x29,0x360 0x361,e2f0d9
0x9DE2 0x9DE3,914,문자,822,␠,0x9DE2~0x9DE3,0 1,19 30,18 12,0x1BFAD 0x1BFAC,55 6D,54 4F,0x1BF10 0x1BF10,0x29 0x29,0x362 0x363,e2f0d9
0x9DE4 0x9DE5,915,문자,823,것,0x9DE4~0x9DE5,0 1,12 15,F8 1D,0x1BFAB 0x1BFAA,50 54,36 5C,0x1BF10 0x1BF10,0x29 0x29,0x364 0x365,e2f0d9
0x9DE6 0x9DE7,916,문자,824,이,0x9DE6~0x9DE7,0 1,00 70,98 DE,0x1BFA9 0x1BFA8,40 B1,D8 1F,0x1BF10 0x1BF10,0x29 0x29,0x366 0x367,e2f0d9
0x9DE8 0x9DE9,917,문자,825,␠,0x9DE8~0x9DE9,0 1,B4 20,18 12,0x1BFA7 0x1BFA6,F6 63,5A 55,0x1BF10 0x1BF10,0x29 0x29,0x368 0x369,e2f0d9
0x9DEA 0x9DEB,918,문자,826,바,0x9DEA~0x9DEB,0 1,38 B0,88 39,0x1BFA5 0x1BFA4,7C F5,CC 7E,0x1BF10 0x1BF10,0x29 0x29,0x36A 0x36B,e2f0d9
0x9DEC 0x9DED,919,문자,827,로,0x9DEC~0x9DED,0 1,78 30,D8 31,0x1BFA3 0x1BFA2,BE 77,1E 78,0x1BF10 0x1BF10,0x29 0x29,0x36C 0x36D,e2f0d9
0x9DEE 0x9DEF,920,문자,828,␠,0x9DEE~0x9DEF,0 1,43 A0,18 12,0x1BFA1 0x1BFA0,8B E9,60 5B,0x1BF10 0x1BF10,0x29 0x29,0x36E 0x36F,e2f0d9
0x9DF0 0x9DF1,921,문자,829,인,0x9DF0~0x9DF1,0 1,28 40,A8 DE,0x1BF9F 0x1BF9E,72 8B,F2 29,0x1BF10 0x1BF10,0x29 0x29,0x370 0x371,e2f0d9
0x9DF2 0x9DF3,922,문자,830,간,0x9DF2~0x9DF3,0 1,7F 20,C8 17,0x1BF9D 0x1BF9C,CB 6D,14 64,0x1BF10 0x1BF10,0x29 0x29,0x372 0x373,e2f0d9
0x9DF4 0x9DF5,923,문자,831,이,0x9DF4~0x9DF5,0 1,12 B0,98 DE,0x1BF9B 0x1BF9A,60 FF,E6 2D,0x1BF10 0x1BF10,0x29 0x29,0x374 0x375,e2f0d9
0x9DF6 0x9DF7,924,문자,832,지,0x9DF6~0x9DF7,0 1,12 00,18 E0,0x1BF99 0x1BF98,62 51,68 31,0x1BF10 0x1BF10,0x29 0x29,0x376 0x377,e2f0d9
0x9DF8 0x9DF9,925,문자,833,。,0x9DF8~0x9DF9,0 1,98 D0,30 12,0x1BF97 0x1BF96,EA 23,82 65,0x1BF10 0x1BF10,0x29 0x29,0x378 0x379,e2f0d9
0x9DFA 0x9DFB,926,문자,834,싸,0x9DFA~0x9DFB,0 1,32 80,08 46,0x1BF95 0x1BF94,86 D5,5C 9B,0x1BF10 0x1BF10,0x29 0x29,0x37A 0x37B,e2f0d9
0x9DFC 0x9DFD,927,문자,835,움,0x9DFC~0x9DFD,0 1,28 B0,F8 D5,0x1BF93 0x1BF92,7E 07,4E 2C,0x1BF10 0x1BF10,0x29 0x29,0x37C 0x37D,e2f0d9
0x9DFE 0x9DFF,928,문자,836,␠,0x9DFE~0x9DFF,0 1,12 50,18 12,0x1BF91 0x1BF90,6A A9,70 6B,0x1BF10 0x1BF10,0x29 0x29,0x37E 0x37F,e2f0d9
0x9E00 0x9E01,929,문자,837,속,0x9E00~0x9E01,0 1,A0 D0,E8 3D,0x1BF8F 0x1BF8E,FA 2B,42 98,0x1BF10 0x1BF10,0x29 0x29,0x380 0x381,e2f0d9
0x9E02 0x9E03,930,문자,838,에,0x9E02~0x9E03,0 1,32 E0,48 9F,0x1BF8D 0x1BF8C,8E 3D,A4 FC,0x1BF10 0x1BF10,0x29 0x29,0x382 0x383,e2f0d9
0x9E04 0x9E05,931,문자,839,서,0x9E04~0x9E05,0 1,28 00,58 3D,0x1BF8B 0x1BF8A,86 5F,B6 9C,0x1BF10 0x1BF10,0x29 0x29,0x384 0x385,e2f0d9
0x9E06 0x9E07,932,문자,840,␠,0x9E06~0x9E07,0 1,2B 90,18 12,0x1BF89 0x1BF88,8B F1,78 73,0x1BF10 0x1BF10,0x29 0x29,0x386 0x387,e2f0d9
0x9E08 0x9E09,933,문자,841,답,0x9E08~0x9E09,0 1,3A 30,08 2C,0x1BF87 0x1BF86,9C 93,6A 8F,0x1BF10 0x1BF10,0x29 0x29,0x388 0x389,e2f0d9
0x9E0A 0x9E0B,934,문자,842,을,0x9E0A~0x9E0B,0 1,3B 90,58 DE,0x1BF85 0x1BF84,9F F5,BC 43,0x1BF10 0x1BF10,0x29 0x29,0x38A 0x38B,e2f0d9
0x9E0C 0x9E0D,935,문자,843,␠,0x9E0C~0x9E0D,0 1,1B C0,18 12,0x1BF83 0x1BF82,81 27,7E 79,0x1BF10 0x1BF10,0x29 0x29,0x38C 0x38D,e2f0d9
0x9E0E 0x9E0F,936,문자,844,찾,0x9E0E~0x9E0F,0 1,18 80,E8 E0,0x1BF81 0x1BF80,80 E9,50 49,0x1BF10 0x1BF10,0x29 0x29,0x38E 0x38F,e2f0d9
0x9E10 0x9E11,937,문자,845,겠,0x9E10~0x9E11,0 1,28 C0,18 20,0x1BF7F 0x1BF7E,92 2B,82 8B,0x1BF10 0x1BF10,0x29 0x29,0x390 0x391,e2f0d9
0x9E12 0x9E13,938,문자,846,다,0x9E12~0x9E13,0 1,38 60,C8 27,0x1BF7D 0x1BF7C,A4 CD,34 94,0x1BF10 0x1BF10,0x29 0x29,0x392 0x393,e2f0d9
0x9E14 0x9E15,939,문자,847,라,0x9E14~0x9E15,0 1,28 40,F8 30,0x1BF7B 0x1BF7A,96 AF,66 9F,0x1BF10 0x1BF10,0x29 0x29,0x394 0x395,e2f0d9
0x9E16 0x9E17,940,문자,848,・,0x9E16~0x9E17,0 1,18 B0,60 12,0x1BF79 0x1BF78,88 21,D0 83,0x1BF10 0x1BF10,0x29 0x29,0x396 0x397,e2f0d9
0x9E18 0x9E19,941,문자,849,・,0x9E18~0x9E19,0 1,38 60,60 12,0x1BF77 0x1BF76,AA D3,D2 85,0x1BF10 0x1BF10,0x29 0x29,0x398 0x399,e2f0d9
0x9E1A 0x9E1B,942,문자,850,・,0x9E1A~0x9E1B,0 1,F7 C0,60 12,0x1BF75 0x1BF74,6B 35,D4 87,0x1BF10 0x1BF10,0x29 0x29,0x39A 0x39B,e2f0d9
0x9E1C 0x9E1D,943,제어,,,0x9E1C~0x9E1D,0 1,18 D0,15 00,0x1BF73 0x1BF72,8E 47,8B 77,0x1BF10 0x1BF10,0x29 0x29,0x39C 0x39D,fce4d6
0x9E1E 0x9E1F,944,문자,851,어,0x9E1E~0x9E1F,0 1,19 E0,08 70,0x1BF71 0x1BF70,91 59,80 E9,0x1BF10 0x1BF10,0x29 0x29,0x39E 0x39F,e2f0d9
0x9E20 0x9E21,945,문자,852,리,0x9E20~0x9E21,0 1,28 00,78 34,0x1BF6F 0x1BF6E,A2 7B,F2 AF,0x1BF10 0x1BF10,0x29 0x29,0x3A0 0x3A1,e2f0d9
0x9E22 0x9E23,946,문자,853,석,0x9E22~0x9E23,0 1,98 B0,68 3D,0x1BF6D 0x1BF6C,14 2D,E4 BA,0x1BF10 0x1BF10,0x29 0x29,0x3A2 0x3A3,e2f0d9
0x9E24 0x9E25,947,문자,854,구,0x9E24~0x9E25,0 1,18 70,08 21,0x1BF6B 0x1BF6A,96 EF,86 A0,0x1BF10 0x1BF10,0x29 0x29,0x3A4 0x3A5,e2f0d9
0x9E26 0x9E27,948,문자,855,나,0x9E26~0x9E27,0 1,19 70,B8 24,0x1BF69 0x1BF68,99 F1,38 A5,0x1BF10 0x1BF10,0x29 0x29,0x3A6 0x3A7,e2f0d9
0x9E28 0x9E29,949,문자,856,!,0x9E28~0x9E29,0 1,28 90,A0 12,0x1BF67 0x1BF66,AA 13,22 95,0x1BF10 0x1BF10,0x29 0x29,0x3A8 0x3A9,e2f0d9
0x9E2A 0x9E2B,950,문자,857,␠,0x9E2A~0x9E2B,0 1,19 30,18 12,0x1BF65 0x1BF64,9D B5,9C 97,0x1BF10 0x1BF10,0x29 0x29,0x3AA 0x3AB,e2f0d9
0x9E2C 0x9E2D,951,문자,858,좋,0x9E2C~0x9E2D,0 1,12 19,F8 F3,0x1BF63 0x1BF62,98 A0,7E 7A,0x1BF10 0x1BF10,0x29 0x29,0x3AC 0x3AD,e2f0d9
0x9E2E 0x9E2F,952,문자,859,다,0x9E2E~0x9E2F,0 1,00 75,C8 27,0x1BF61 0x1BF60,88 FE,50 B0,0x1BF10 0x1BF10,0x29 0x29,0x3AE 0x3AF,e2f0d9
0x9E30 0x9E31,953,문자,860,、,0x9E30~0x9E31,0 1,15 00,20 12,0x1BF5F 0x1BF5E,9F 8B,AA 9D,0x1BF10 0x1BF10,0x29 0x29,0x3B0 0x3B1,e2f0d9
0x9E32 0x9E33,954,문자,861,얼,0x9E32~0x9E33,0 1,17 00,08 78,0x1BF5D 0x1BF5C,A3 8D,94 05,0x1BF10 0x1BF10,0x29 0x29,0x3B2 0x3B3,e2f0d9
0x9E34 0x9E35,955,문자,862,마,0x9E34~0x9E35,0 1,1A 00,B8 34,0x1BF5B 0x1BF5A,A8 8F,46 C3,0x1BF10 0x1BF10,0x29 0x29,0x3B4 0x3B5,e2f0d9
0x9E36 0x9E37,956,문자,863,나,0x9E36~0x9E37,0 1,04 16,B8 24,0x1BF59 0x1BF58,94 A7,48 B5,0x1BF10 0x1BF10,0x29 0x29,0x3B6 0x3B7,e2f0d9
0x9E38 0x9E39,957,문자,864,␠,0x9E38~0x9E39,0 1,00 40,18 12,0x1BF57 0x1BF56,92 D3,AA A5,0x1BF10 0x1BF10,0x29 0x29,0x3B8 0x3B9,e2f0d9
0x9E3A 0x9E3B,958,문자,865,부,0x9E3A~0x9E3B,0 1,18 40,08 3C,0x1BF55 0x1BF54,AC D5,9C D1,0x1BF10 0x1BF10,0x29 0x29,0x3BA 0x3BB,e2f0d9
0x9E3C 0x9E3D,959,문자,866,질,0x9E3C~0x9E3D,0 1,18 C0,48 E0,0x1BF53 0x1BF52,AE 57,DE 77,0x1BF10 0x1BF10,0x29 0x29,0x3BC 0x3BD,e2f0d9
0x9E3E 0x9E3F,960,문자,867,없,0x9E3E~0x9E3F,0 1,18 B0,08 7C,0x1BF51 0x1BF50,B0 49,A0 15,0x1BF10 0x1BF10,0x29 0x29,0x3BE 0x3BF,e2f0d9
0x9E40 0x9E41,961,문자,868,는,0x9E40~0x9E41,0 1,18 A0,E8 25,0x1BF4F 0x1BF4E,B2 3B,82 C0,0x1BF10 0x1BF10,0x29 0x29,0x3C0 0x3C1,e2f0d9
0x9E42 0x9E43,962,문자,869,␠,0x9E42~0x9E43,0 1,38 00,18 12,0x1BF4D 0x1BF4C,D4 9D,B4 AF,0x1BF10 0x1BF10,0x29 0x29,0x3C2 0x3C3,e2f0d9
0x9E44 0x9E45,963,문자,870,짓,0x9E44~0x9E45,0 1,28 F0,68 E0,0x1BF4B 0x1BF4A,C6 8F,06 7F,0x1BF10 0x1BF10,0x29 0x29,0x3C4 0x3C5,e2f0d9
0x9E46 0x9E47,964,문자,871,인,0x9E46~0x9E47,0 1,38 20,A8 DE,0x1BF49 0x1BF48,D8 C1,48 7F,0x1BF10 0x1BF10,0x29 0x29,0x3C6 0x3C7,e2f0d9
0x9E48 0x9E49,965,문자,872,지,0x9E48~0x9E49,0 1,12 12,18 E0,0x1BF47 0x1BF46,B4 B5,BA 83,0x1BF10 0x1BF10,0x29 0x29,0x3C8 0x3C9,e2f0d9
0x9E4A 0x9E4B,966,문자,873,␠,0x9E4A~0x9E4B,0 1,00 23,18 12,0x1BF45 0x1BF44,A4 C8,BC B7,0x1BF10 0x1BF10,0x29 0x29,0x3CA 0x3CB,e2f0d9
0x9E4C 0x9E4D,967,문자,874,뼈,0x9E4C~0x9E4D,0 1,21 00,88 3C,0x1BF43 0x1BF42,C7 A7,2E E3,0x1BF10 0x1BF10,0x29 0x29,0x3CC 0x3CD,e2f0d9
0x9E4E 0x9E4F,968,문자,875,저,0x9E4E~0x9E4F,0 1,40 F6,98 DF,0x1BF41 0x1BF40,E8 9F,40 88,0x1BF10 0x1BF10,0x29 0x29,0x3CE 0x3CF,e2f0d9
0x9E50 0x9E51,969,문자,876,리,0x9E50~0x9E51,0 1,F0 28,78 34,0x1BF3F 0x1BF3E,9A D3,22 DF,0x1BF10 0x1BF10,0x29 0x29,0x3D0 0x3D1,e2f0d9
0x9E52 0x9E53,970,문자,877,게,0x9E52~0x9E53,0 1,D0 19,08 20,0x1BF3D 0x1BF3C,7C C6,B4 CD,0x1BF10 0x1BF10,0x29 0x29,0x3D2 0x3D3,e2f0d9
0x9E54 0x9E55,971,문자,878,␠,0x9E54~0x9E55,0 1,30 39,18 12,0x1BF3B 0x1BF3A,DE E8,C6 C1,0x1BF10 0x1BF10,0x29 0x29,0x3D4 0x3D5,e2f0d9
0x9E56 0x9E57,972,문자,879,깨,0x9E56~0x9E57,0 1,A0 28,08 24,0x1BF39 0x1BF38,50 D9,B8 D5,0x1BF10 0x1BF10,0x29 0x29,0x3D6 0x3D7,e2f0d9
0x9E58 0x9E59,973,문자,880,닫,0x9E58~0x9E59,0 1,D0 BE,E8 27,0x1BF37 0x1BF36,82 71,9A DA,0x1BF10 0x1BF10,0x29 0x29,0x3D8 0x3D9,e2f0d9
0x9E5A 0x9E5B,974,문자,881,게,0x9E5A~0x9E5B,0 1,60 A9,08 20,0x1BF35 0x1BF34,14 5E,BC D5,0x1BF10 0x1BF10,0x29 0x29,0x3DA 0x3DB,e2f0d9
0x9E5C 0x9E5D,975,문자,882,␠,0x9E5C~0x9E5D,0 1,80 19,18 12,0x1BF33 0x1BF32,36 D0,CE C9,0x1BF10 0x1BF10,0x29 0x29,0x3DC 0x3DD,e2f0d9
0x9E5E 0x9E5F,976,문자,883,해,0x9E5E~0x9E5F,0 1,30 38,B8 E3,0x1BF31 0x1BF30,E8 F1,70 9C,0x1BF10 0x1BF10,0x29 0x29,0x3DE 0x3DF,e2f0d9
0x9E60 0x9E61,977,문자,884,주,0x9E60~0x9E61,0 1,A0 28,F8 F5,0x1BF2F 0x1BF2E,5A E3,B2 B0,0x1BF10 0x1BF10,0x29 0x29,0x3E0 0x3E1,e2f0d9
0x9E62 0x9E63,978,문자,885,마,0x9E62~0x9E63,0 1,40 18,B8 34,0x1BF2D 0x1BF2C,FC D5,74 F1,0x1BF10 0x1BF10,0x29 0x29,0x3E2 0x3E3,e2f0d9
0x9E66 0x9E67,980,제어,,,0x9E66~0x9E67,0 1,19 00,10 11,0x1BF29 0x1BF28,D9 C1,D0 D2,0x1BF10 0x1BF10,0x29 0x29,0x3E6 0x3E7,fce4d6
0x9E68 0x9E69,981,제어,,,0x9E68~0x9E69,0 1,74 15,10 11,0x1BF27 0x1BF26,36 D8,D2 D4,0x1BF10 0x1BF10,0x29 0x29,0x3E8 0x3E9,fce4d6
0x9E6A 0x9E6B,982,제어,,,0x9E6A~0x9E6B,0 1,00 17,10 11,0x1BF25 0x1BF24,C4 DC,D4 D6,0x1BF10 0x1BF10,0x29 0x29,0x3EA 0x3EB,fce4d6
0x9E6C 0x9E6D,983,제어,,,0x9E6C~0x9E6D,0 1,00 1A,10 11,0x1BF23 0x1BF22,C6 E1,D6 D8,0x1BF10 0x1BF10,0x29 0x29,0x3EC 0x3ED,fce4d6
0x9E6E 0x9E6F,984,제어,,,0x9E6E~0x9E6F,0 1,00 04,10 11,0x1BF21 0x1BF20,C8 CD,D8 DA,0x1BF10 0x1BF10,0x29 0x29,0x3EE 0x3EF,fce4d6
0x9E70,TERMINATOR,종료,,0F,0x9E70,0,16,0F,0x1BF1F,E0,D9,0x1BF10,0x29,0x3F0,
