ram_addr,ram_offset,d88_c,d88_h,d88_r,sector_raw_base,raw_index,raw_file_offset,DE,Ccorr,stored_byte,current_raw_byte,reverse_roundtrip
0x2BFF,0x03FF,09,40,1,0x00B2F0,0x000,0x00B2F0,0x0400,37,09,D6,OK
0x2BFE,0x03FE,09,40,1,0x00B2F0,0x001,0x00B2F1,0x03FF,37,FF,CA,OK
0x2BFD,0x03FD,09,40,1,0x00B2F0,0x002,0x00B2F2,0x03FE,37,0F,D9,OK
0x2BFC,0x03FC,09,40,1,0x00B2F0,0x003,0x00B2F3,0x03FD,37,A1,6A,OK
0x2BFB,0x03FB,09,40,1,0x00B2F0,0x004,0x00B2F4,0x03FC,37,03,CB,OK
0x2BFA,0x03FA,09,40,1,0x00B2F0,0x005,0x00B2F5,0x03FB,37,8B,52,OK
0x2BF9,0x03F9,09,40,1,0x00B2F0,0x006,0x00B2F6,0x03FA,37,03,C9,OK
0x2BF8,0x03F8,09,40,1,0x00B2F0,0x007,0x00B2F7,0x03F9,37,C0,85,OK
0x2BF7,0x03F7,09,40,1,0x00B2F0,0x008,0x00B2F8,0x03F8,37,FF,C3,OK
0x2BF6,0x03F6,09,40,1,0x00B2F0,0x009,0x00B2F9,0x03F7,37,06,C9,OK
0x2BF5,0x03F5,09,40,1,0x00B2F0,0x00A,0x00B2FA,0x03F6,37,01,C3,OK
0x2BF4,0x03F4,09,40,1,0x00B2F0,0x00B,0x00B2FB,0x03F5,37,89,4A,OK
0x2BF3,0x03F3,09,40,1,0x00B2F0,0x00C,0x00B2FC,0x03F4,37,03,C3,OK
0x2BF2,0x03F2,09,40,1,0x00B2F0,0x00D,0x00B2FD,0x03F3,37,C0,7F,OK
0x2BF1,0x03F1,09,40,1,0x00B2F0,0x00E,0x00B2FE,0x03F2,37,0C,CA,OK
0x2BF0,0x03F0,09,40,1,0x00B2F0,0x00F,0x00B2FF,0x03F1,37,01,BE,OK
0x2BEF,0x03EF,09,40,1,0x00B2F0,0x010,0x00B300,0x03F0,37,00,BC,OK
0x2BEE,0x03EE,09,40,1,0x00B2F0,0x011,0x00B301,0x03EF,37,05,C0,OK
0x2BED,0x03ED,09,40,1,0x00B2F0,0x012,0x00B302,0x03EE,37,FE,B8,OK
0x2BEC,0x03EC,09,40,1,0x00B2F0,0x013,0x00B303,0x03ED,37,09,C2,OK
0x2BEB,0x03EB,09,40,1,0x00B2F0,0x014,0x00B304,0x03EC,37,3F,F7,OK
0x2BEA,0x03EA,09,40,1,0x00B2F0,0x015,0x00B305,0x03EB,37,00,B7,OK
0x2BE9,0x03E9,09,40,1,0x00B2F0,0x016,0x00B306,0x03EA,37,08,BE,OK
0x2BE8,0x03E8,09,40,1,0x00B2F0,0x017,0x00B307,0x03E9,37,FC,B1,OK
0x2BE7,0x03E7,09,40,1,0x00B2F0,0x018,0x00B308,0x03E8,37,FF,B3,OK
0x2BE6,0x03E6,09,40,1,0x00B2F0,0x019,0x00B309,0x03E7,37,00,B3,OK
0x2BE5,0x03E5,09,40,1,0x00B2F0,0x01A,0x00B30A,0x03E6,37,F0,A2,OK
0x2BE4,0x03E4,09,40,1,0x00B2F0,0x01B,0x00B30B,0x03E5,37,09,BA,OK
0x2BE3,0x03E3,09,40,1,0x00B2F0,0x01C,0x00B30C,0x03E4,37,01,B1,OK
0x2BE2,0x03E2,09,40,1,0x00B2F0,0x01D,0x00B30D,0x03E3,37,E0,8F,OK
0x2BE1,0x03E1,09,40,1,0x00B2F0,0x01E,0x00B30E,0x03E2,37,FF,AD,OK
0x2BE0,0x03E0,09,40,1,0x00B2F0,0x01F,0x00B30F,0x03E1,37,09,B6,OK
0x2BDF,0x03DF,09,40,1,0x00B2F0,0x020,0x00B310,0x03E0,37,03,AF,OK
0x2BDE,0x03DE,09,40,1,0x00B2F0,0x021,0x00B311,0x03DF,37,3F,EA,OK
0x2BDD,0x03DD,09,40,1,0x00B2F0,0x022,0x00B312,0x03DE,37,0A,B4,OK
0x2BDC,0x03DC,09,40,1,0x00B2F0,0x023,0x00B313,0x03DD,37,FF,A8,OK
0x2BDB,0x03DB,09,40,1,0x00B2F0,0x024,0x00B314,0x03DC,37,1F,C7,OK
0x2BDA,0x03DA,09,40,1,0x00B2F0,0x025,0x00B315,0x03DB,37,8E,35,OK
0x2BD9,0x03D9,09,40,1,0x00B2F0,0x026,0x00B316,0x03DA,37,03,A9,OK
0x2BD8,0x03D8,09,40,1,0x00B2F0,0x027,0x00B317,0x03D9,37,94,39,OK
0x2BD7,0x03D7,09,40,1,0x00B2F0,0x028,0x00B318,0x03D8,37,03,A7,OK
0x2BD6,0x03D6,09,40,1,0x00B2F0,0x029,0x00B319,0x03D7,37,FC,9F,OK
0x2BD5,0x03D5,09,40,1,0x00B2F0,0x02A,0x00B31A,0x03D6,37,FF,A1,OK
0x2BD4,0x03D4,09,40,1,0x00B2F0,0x02B,0x00B31B,0x03D5,37,89,2A,OK
0x2BD3,0x03D3,09,40,1,0x00B2F0,0x02C,0x00B31C,0x03D4,37,03,A3,OK
0x2BD2,0x03D2,09,40,1,0x00B2F0,0x02D,0x00B31D,0x03D3,37,FE,9D,OK
0x2BD1,0x03D1,09,40,1,0x00B2F0,0x02E,0x00B31E,0x03D2,37,FF,9D,OK
0x2BD0,0x03D0,09,40,1,0x00B2F0,0x02F,0x00B31F,0x03D1,37,0F,AC,OK
0x2BCF,0x03CF,09,40,1,0x00B2F0,0x030,0x00B320,0x03D0,37,86,22,OK
0x2BCE,0x03CE,09,40,1,0x00B2F0,0x031,0x00B321,0x03CF,37,03,9E,OK
0x2BCD,0x03CD,09,40,1,0x00B2F0,0x032,0x00B322,0x03CE,37,FE,98,OK
0x2BCC,0x03CC,09,40,1,0x00B2F0,0x033,0x00B323,0x03CD,37,FF,98,OK
0x2BCB,0x03CB,09,40,1,0x00B2F0,0x034,0x00B324,0x03CC,37,05,9D,OK
0x2BCA,0x03CA,09,40,1,0x00B2F0,0x035,0x00B325,0x03CB,37,01,98,OK
0x2BC9,0x03C9,09,40,1,0x00B2F0,0x036,0x00B326,0x03CA,37,00,96,OK
0x2BC8,0x03C8,09,40,1,0x00B2F0,0x037,0x00B327,0x03C9,37,FF,94,OK
0x2BC7,0x03C7,09,40,1,0x00B2F0,0x038,0x00B328,0x03C8,37,07,9B,OK
0x2BC6,0x03C6,09,40,1,0x00B2F0,0x039,0x00B329,0x03C7,37,04,97,OK
0x2BC5,0x03C5,09,40,1,0x00B2F0,0x03A,0x00B32A,0x03C6,37,A1,33,OK
0x2BC4,0x03C4,09,40,1,0x00B2F0,0x03B,0x00B32B,0x03C5,37,03,94,OK
0x2BC3,0x03C3,09,40,1,0x00B2F0,0x03C,0x00B32C,0x03C4,37,8C,1C,OK
0x2BC2,0x03C2,09,40,1,0x00B2F0,0x03D,0x00B32D,0x03C3,37,03,92,OK
0x2BC1,0x03C1,09,40,1,0x00B2F0,0x03E,0x00B32E,0x03C2,37,FE,8C,OK
0x2BC0,0x03C0,09,40,1,0x00B2F0,0x03F,0x00B32F,0x03C1,37,FF,8C,OK
0x2BBF,0x03BF,09,40,1,0x00B2F0,0x040,0x00B330,0x03C0,37,03,8F,OK
0x2BBE,0x03BE,09,40,1,0x00B2F0,0x041,0x00B331,0x03BF,37,04,8F,OK
0x2BBD,0x03BD,09,40,1,0x00B2F0,0x042,0x00B332,0x03BE,37,8A,14,OK
0x2BBC,0x03BC,09,40,1,0x00B2F0,0x043,0x00B333,0x03BD,37,03,8C,OK
0x2BBB,0x03BB,09,40,1,0x00B2F0,0x044,0x00B334,0x03BC,37,E0,68,OK
0x2BBA,0x03BA,09,40,1,0x00B2F0,0x045,0x00B335,0x03BB,37,0C,93,OK
0x2BB9,0x03B9,09,40,1,0x00B2F0,0x046,0x00B336,0x03BA,37,01,87,OK
0x2BB8,0x03B8,09,40,1,0x00B2F0,0x047,0x00B337,0x03B9,37,00,85,OK
0x2BB7,0x03B7,09,40,1,0x00B2F0,0x048,0x00B338,0x03B8,37,80,04,OK
0x2BB6,0x03B6,09,40,1,0x00B2F0,0x049,0x00B339,0x03B7,37,0A,8D,OK
0x2BB5,0x03B5,09,40,1,0x00B2F0,0x04A,0x00B33A,0x03B6,37,3F,C1,OK
0x2BB4,0x03B4,09,40,1,0x00B2F0,0x04B,0x00B33B,0x03B5,37,00,81,OK
0x2BB3,0x03B3,09,40,1,0x00B2F0,0x04C,0x00B33C,0x03B4,37,08,88,OK
0x2BB2,0x03B2,09,40,1,0x00B2F0,0x04D,0x00B33D,0x03B3,37,FE,7D,OK
0x2BB1,0x03B1,09,40,1,0x00B2F0,0x04E,0x00B33E,0x03B2,37,FF,7D,OK
0x2BB0,0x03B0,09,40,1,0x00B2F0,0x04F,0x00B33F,0x03B1,37,00,7D,OK
0x2BAF,0x03AF,09,40,1,0x00B2F0,0x050,0x00B340,0x03B0,37,F8,74,OK
0x2BAE,0x03AE,09,40,1,0x00B2F0,0x051,0x00B341,0x03AF,37,09,84,OK
0x2BAD,0x03AD,09,40,1,0x00B2F0,0x052,0x00B342,0x03AE,37,03,7D,OK
0x2BAC,0x03AC,09,40,1,0x00B2F0,0x053,0x00B343,0x03AD,37,04,7D,OK
0x2BAB,0x03AB,09,40,1,0x00B2F0,0x054,0x00B344,0x03AC,37,E0,58,OK
0x2BAA,0x03AA,09,40,1,0x00B2F0,0x055,0x00B345,0x03AB,37,88,FF,OK
0x2BA9,0x03A9,09,40,1,0x00B2F0,0x056,0x00B346,0x03AA,37,03,79,OK
0x2BA8,0x03A8,09,40,1,0x00B2F0,0x057,0x00B347,0x03A9,37,7F,F4,OK
0x2BA7,0x03A7,09,40,1,0x00B2F0,0x058,0x00B348,0x03A8,37,0B,7F,OK
0x2BA6,0x03A6,09,40,1,0x00B2F0,0x059,0x00B349,0x03A7,37,F0,63,OK
0x2BA5,0x03A5,09,40,1,0x00B2F0,0x05A,0x00B34A,0x03A6,37,1F,91,OK
0x2BA4,0x03A4,09,40,1,0x00B2F0,0x05B,0x00B34B,0x03A5,37,8E,FF,OK
0x2BA3,0x03A3,09,40,1,0x00B2F0,0x05C,0x00B34C,0x03A4,37,03,73,OK
0x2BA2,0x03A2,09,40,1,0x00B2F0,0x05D,0x00B34D,0x03A3,37,94,03,OK
0x2BA1,0x03A1,09,40,1,0x00B2F0,0x05E,0x00B34E,0x03A2,37,03,71,OK
0x2BA0,0x03A0,09,40,1,0x00B2F0,0x05F,0x00B34F,0x03A1,37,FC,69,OK
0x2B9F,0x039F,09,40,1,0x00B2F0,0x060,0x00B350,0x03A0,37,01,6D,OK
0x2B9E,0x039E,09,40,1,0x00B2F0,0x061,0x00B351,0x039F,37,89,F4,OK
0x2B9D,0x039D,09,40,1,0x00B2F0,0x062,0x00B352,0x039E,37,03,6D,OK
0x2B9C,0x039C,09,40,1,0x00B2F0,0x063,0x00B353,0x039D,37,FE,67,OK
0x2B9B,0x039B,09,40,1,0x00B2F0,0x064,0x00B354,0x039C,37,03,6B,OK
0x2B9A,0x039A,09,40,1,0x00B2F0,0x065,0x00B355,0x039B,37,04,6B,OK
0x2B99,0x0399,09,40,1,0x00B2F0,0x066,0x00B356,0x039A,37,87,ED,OK
0x2B98,0x0398,09,40,1,0x00B2F0,0x067,0x00B357,0x0399,37,03,68,OK
0x2B97,0x0397,09,40,1,0x00B2F0,0x068,0x00B358,0x0398,37,FE,62,OK
0x2B96,0x0396,09,40,1,0x00B2F0,0x069,0x00B359,0x0397,37,FF,62,OK
0x2B95,0x0395,09,40,1,0x00B2F0,0x06A,0x00B35A,0x0396,37,7F,E1,OK
0x2B94,0x0394,09,40,1,0x00B2F0,0x06B,0x00B35B,0x0395,37,09,6A,OK
0x2B93,0x0393,09,40,1,0x00B2F0,0x06C,0x00B35C,0x0394,37,FE,5E,OK
0x2B92,0x0392,09,40,1,0x00B2F0,0x06D,0x00B35D,0x0393,37,03,62,OK
0x2B91,0x0391,09,40,1,0x00B2F0,0x06E,0x00B35E,0x0392,37,04,62,OK
0x2B90,0x0390,09,40,1,0x00B2F0,0x06F,0x00B35F,0x0391,37,00,5D,OK
0x2B8F,0x038F,09,40,1,0x00B2F0,0x070,0x00B360,0x0390,37,0A,66,OK
0x2B8E,0x038E,09,40,1,0x00B2F0,0x071,0x00B361,0x038F,37,03,5E,OK
0x2B8D,0x038D,09,40,1,0x00B2F0,0x072,0x00B362,0x038E,37,7C,D6,OK
0x2B8C,0x038C,09,40,1,0x00B2F0,0x073,0x00B363,0x038D,37,96,EF,OK
0x2B8B,0x038B,09,40,1,0x00B2F0,0x074,0x00B364,0x038C,37,03,5B,OK
0x2B8A,0x038A,09,40,1,0x00B2F0,0x075,0x00B365,0x038B,37,8C,E3,OK
0x2B89,0x0389,09,40,1,0x00B2F0,0x076,0x00B366,0x038A,37,03,59,OK
0x2B88,0x0388,09,40,1,0x00B2F0,0x077,0x00B367,0x0389,37,C0,15,OK
0x2B87,0x0387,09,40,1,0x00B2F0,0x078,0x00B368,0x0388,37,07,5B,OK
0x2B86,0x0386,09,40,1,0x00B2F0,0x079,0x00B369,0x0387,37,04,57,OK
0x2B85,0x0385,09,40,1,0x00B2F0,0x07A,0x00B36A,0x0386,37,8B,DD,OK
0x2B84,0x0384,09,40,1,0x00B2F0,0x07B,0x00B36B,0x0385,37,03,54,OK
0x2B83,0x0383,09,40,1,0x00B2F0,0x07C,0x00B36C,0x0384,37,F0,40,OK
0x2B82,0x0382,09,40,1,0x00B2F0,0x07D,0x00B36D,0x0383,37,0C,5B,OK
0x2B81,0x0381,09,40,1,0x00B2F0,0x07E,0x00B36E,0x0382,37,01,4F,OK
0x2B80,0x0380,09,40,1,0x00B2F0,0x07F,0x00B36F,0x0381,37,00,4D,OK
0x2B7F,0x037F,09,40,1,0x00B2F0,0x080,0x00B370,0x0380,37,C0,0C,OK
0x2B7E,0x037E,09,40,1,0x00B2F0,0x081,0x00B371,0x037F,37,0A,55,OK
0x2B7D,0x037D,09,40,1,0x00B2F0,0x082,0x00B372,0x037E,37,1F,69,OK
0x2B7C,0x037C,09,40,1,0x00B2F0,0x083,0x00B373,0x037D,37,0B,54,OK
0x2B7B,0x037B,09,40,1,0x00B2F0,0x084,0x00B374,0x037C,37,80,C8,OK
0x2B7A,0x037A,09,40,1,0x00B2F0,0x085,0x00B375,0x037B,37,09,50,OK
0x2B79,0x0379,09,40,1,0x00B2F0,0x086,0x00B376,0x037A,37,01,47,OK
0x2B78,0x0378,09,40,1,0x00B2F0,0x087,0x00B377,0x0379,37,FC,41,OK
0x2B77,0x0377,09,40,1,0x00B2F0,0x088,0x00B378,0x0378,37,09,4D,OK
0x2B76,0x0376,09,40,1,0x00B2F0,0x089,0x00B379,0x0377,37,03,46,OK
0x2B75,0x0375,09,40,1,0x00B2F0,0x08A,0x00B37A,0x0376,37,04,46,OK
0x2B74,0x0374,09,40,1,0x00B2F0,0x08B,0x00B37B,0x0375,37,E0,21,OK
0x2B73,0x0373,09,40,1,0x00B2F0,0x08C,0x00B37C,0x0374,37,FF,3F,OK
0x2B72,0x0372,09,40,1,0x00B2F0,0x08D,0x00B37D,0x0373,37,06,45,OK
0x2B71,0x0371,09,40,1,0x00B2F0,0x08E,0x00B37E,0x0372,37,03,41,OK
0x2B70,0x0370,09,40,1,0x00B2F0,0x08F,0x00B37F,0x0371,37,83,C0,OK
0x2B6F,0x036F,09,40,1,0x00B2F0,0x090,0x00B380,0x0370,37,FF,3B,OK
0x2B6E,0x036E,09,40,1,0x00B2F0,0x091,0x00B381,0x036F,37,7F,BA,OK
0x2B6D,0x036D,09,40,1,0x00B2F0,0x092,0x00B382,0x036E,37,0B,45,OK
0x2B6C,0x036C,09,40,1,0x00B2F0,0x093,0x00B383,0x036D,37,E0,19,OK
0x2B6B,0x036B,09,40,1,0x00B2F0,0x094,0x00B384,0x036C,37,0F,47,OK
0x2B6A,0x036A,09,40,1,0x00B2F0,0x095,0x00B385,0x036B,37,8E,C5,OK
0x2B69,0x0369,09,40,1,0x00B2F0,0x096,0x00B386,0x036A,37,03,39,OK
0x2B68,0x0368,09,40,1,0x00B2F0,0x097,0x00B387,0x0369,37,9F,D4,OK
0x2B67,0x0367,09,40,1,0x00B2F0,0x098,0x00B388,0x0368,37,03,37,OK
0x2B66,0x0366,09,40,1,0x00B2F0,0x099,0x00B389,0x0367,37,7E,B1,OK
0x2B65,0x0365,09,40,1,0x00B2F0,0x09A,0x00B38A,0x0366,37,88,BA,OK
0x2B64,0x0364,09,40,1,0x00B2F0,0x09B,0x00B38B,0x0365,37,03,34,OK
0x2B63,0x0363,09,40,1,0x00B2F0,0x09C,0x00B38C,0x0364,37,FE,2E,OK
0x2B62,0x0362,09,40,1,0x00B2F0,0x09D,0x00B38D,0x0363,37,FF,2E,OK
0x2B61,0x0361,09,40,1,0x00B2F0,0x09E,0x00B38E,0x0362,37,0F,3D,OK
0x2B60,0x0360,09,40,1,0x00B2F0,0x09F,0x00B38F,0x0361,37,09,36,OK
0x2B5F,0x035F,09,40,1,0x00B2F0,0x0A0,0x00B390,0x0360,37,FE,2A,OK
0x2B5E,0x035E,09,40,1,0x00B2F0,0x0A1,0x00B391,0x035F,37,03,2E,OK
0x2B5D,0x035D,09,40,1,0x00B2F0,0x0A2,0x00B392,0x035E,37,04,2E,OK
0x2B5C,0x035C,09,40,1,0x00B2F0,0x0A3,0x00B393,0x035D,37,00,29,OK
0x2B5B,0x035B,09,40,1,0x00B2F0,0x0A4,0x00B394,0x035C,37,09,31,OK
0x2B5A,0x035A,09,40,1,0x00B2F0,0x0A5,0x00B395,0x035B,37,03,2A,OK
0x2B59,0x0359,09,40,1,0x00B2F0,0x0A6,0x00B396,0x035A,37,F0,16,OK
0x2B58,0x0358,09,40,1,0x00B2F0,0x0A7,0x00B397,0x0359,37,0F,34,OK
0x2B57,0x0357,09,40,1,0x00B2F0,0x0A8,0x00B398,0x0358,37,96,BA,OK
0x2B56,0x0356,09,40,1,0x00B2F0,0x0A9,0x00B399,0x0357,37,03,26,OK
0x2B55,0x0355,09,40,1,0x00B2F0,0x0AA,0x00B39A,0x0356,37,99,BB,OK
0x2B54,0x0354,09,40,1,0x00B2F0,0x0AB,0x00B39B,0x0355,37,03,24,OK
0x2B53,0x0353,09,40,1,0x00B2F0,0x0AC,0x00B39C,0x0354,37,F8,18,OK
0x2B52,0x0352,09,40,1,0x00B2F0,0x0AD,0x00B39D,0x0353,37,FF,1E,OK
0x2B51,0x0351,09,40,1,0x00B2F0,0x0AE,0x00B39E,0x0352,37,08,26,OK
0x2B50,0x0350,09,40,1,0x00B2F0,0x0AF,0x00B39F,0x0351,37,01,1E,OK
0x2B4F,0x034F,09,40,1,0x00B2F0,0x0B0,0x00B3A0,0x0350,37,00,1C,OK
0x2B4E,0x034E,09,40,1,0x00B2F0,0x0B1,0x00B3A1,0x034F,37,C0,DB,OK
0x2B4D,0x034D,09,40,1,0x00B2F0,0x0B2,0x00B3A2,0x034E,37,0A,24,OK
0x2B4C,0x034C,09,40,1,0x00B2F0,0x0B3,0x00B3A3,0x034D,37,0F,28,OK
0x2B4B,0x034B,09,40,1,0x00B2F0,0x0B4,0x00B3A4,0x034C,37,0B,23,OK
0x2B4A,0x034A,09,40,1,0x00B2F0,0x0B5,0x00B3A5,0x034B,37,F0,07,OK
0x2B49,0x0349,09,40,1,0x00B2F0,0x0B6,0x00B3A6,0x034A,37,09,1F,OK
0x2B48,0x0348,09,40,1,0x00B2F0,0x0B7,0x00B3A7,0x0349,37,01,16,OK
0x2B47,0x0347,09,40,1,0x00B2F0,0x0B8,0x00B3A8,0x0348,37,FC,10,OK
0x2B46,0x0346,09,40,1,0x00B2F0,0x0B9,0x00B3A9,0x0347,37,09,1C,OK
0x2B45,0x0345,09,40,1,0x00B2F0,0x0BA,0x00B3AA,0x0346,37,07,19,OK
0x2B44,0x0344,09,40,1,0x00B2F0,0x0BB,0x00B3AB,0x0345,37,04,15,OK
0x2B43,0x0343,09,40,1,0x00B2F0,0x0BC,0x00B3AC,0x0344,37,F0,00,OK
0x2B42,0x0342,09,40,1,0x00B2F0,0x0BD,0x00B3AD,0x0343,37,FF,0E,OK
0x2B41,0x0341,09,40,1,0x00B2F0,0x0BE,0x00B3AE,0x0342,37,08,16,OK
0x2B40,0x0340,09,40,1,0x00B2F0,0x0BF,0x00B3AF,0x0341,37,0F,1C,OK
0x2B3F,0x033F,09,40,1,0x00B2F0,0x0C0,0x00B3B0,0x0340,37,F0,FC,OK
0x2B3E,0x033E,09,40,1,0x00B2F0,0x0C1,0x00B3B1,0x033F,37,FF,0A,OK
0x2B3D,0x033D,09,40,1,0x00B2F0,0x0C2,0x00B3B2,0x033E,37,3F,49,OK
0x2B3C,0x033C,09,40,1,0x00B2F0,0x0C3,0x00B3B3,0x033D,37,94,9D,OK
0x2B3B,0x033B,09,40,1,0x00B2F0,0x0C4,0x00B3B4,0x033C,37,03,0B,OK
0x2B3A,0x033A,09,40,1,0x00B2F0,0x0C5,0x00B3B5,0x033B,37,9F,A6,OK
0x2B39,0x0339,09,40,1,0x00B2F0,0x0C6,0x00B3B6,0x033A,37,03,09,OK
0x2B38,0x0338,09,40,1,0x00B2F0,0x0C7,0x00B3B7,0x0339,37,02,07,OK
0x2B37,0x0337,09,40,1,0x00B2F0,0x0C8,0x00B3B8,0x0338,37,04,08,OK
0x2B36,0x0336,09,40,1,0x00B2F0,0x0C9,0x00B3B9,0x0337,37,88,8B,OK
0x2B35,0x0335,09,40,1,0x00B2F0,0x0CA,0x00B3BA,0x0336,37,03,05,OK
0x2B34,0x0334,09,40,1,0x00B2F0,0x0CB,0x00B3BB,0x0335,37,FC,FD,OK
0x2B33,0x0333,09,40,1,0x00B2F0,0x0CC,0x00B3BC,0x0334,37,FF,FF,OK
0x2B32,0x0332,09,40,1,0x00B2F0,0x0CD,0x00B3BD,0x0333,37,0F,0E,OK
0x2B31,0x0331,09,40,1,0x00B2F0,0x0CE,0x00B3BE,0x0332,37,09,07,OK
0x2B30,0x0330,09,40,1,0x00B2F0,0x0CF,0x00B3BF,0x0331,37,FE,FB,OK
0x2B2F,0x032F,09,40,1,0x00B2F0,0x0D0,0x00B3C0,0x0330,37,07,03,OK
0x2B2E,0x032E,09,40,1,0x00B2F0,0x0D1,0x00B3C1,0x032F,37,04,FF,OK
0x2B2D,0x032D,09,40,1,0x00B2F0,0x0D2,0x00B3C2,0x032E,37,00,FA,OK
0x2B2C,0x032C,09,40,1,0x00B2F0,0x0D3,0x00B3C3,0x032D,37,08,01,OK
0x2B2B,0x032B,09,40,1,0x00B2F0,0x0D4,0x00B3C4,0x032C,37,03,FB,OK
0x2B2A,0x032A,09,40,1,0x00B2F0,0x0D5,0x00B3C5,0x032B,37,80,77,OK
0x2B29,0x0329,09,40,1,0x00B2F0,0x0D6,0x00B3C6,0x032A,37,7F,75,OK
0x2B28,0x0328,09,40,1,0x00B2F0,0x0D7,0x00B3C7,0x0329,37,97,8C,OK
0x2B27,0x0327,09,40,1,0x00B2F0,0x0D8,0x00B3C8,0x0328,37,03,F7,OK
0x2B26,0x0326,09,40,1,0x00B2F0,0x0D9,0x00B3C9,0x0327,37,99,8C,OK
0x2B25,0x0325,09,40,1,0x00B2F0,0x0DA,0x00B3CA,0x0326,37,03,F5,OK
0x2B24,0x0324,09,40,1,0x00B2F0,0x0DB,0x00B3CB,0x0325,37,FC,ED,OK
0x2B23,0x0323,09,40,1,0x00B2F0,0x0DC,0x00B3CC,0x0324,37,FF,EF,OK
0x2B22,0x0322,09,40,1,0x00B2F0,0x0DD,0x00B3CD,0x0323,37,08,F7,OK
0x2B21,0x0321,09,40,1,0x00B2F0,0x0DE,0x00B3CE,0x0322,37,01,EF,OK
0x2B20,0x0320,09,40,1,0x00B2F0,0x0DF,0x00B3CF,0x0321,37,00,ED,OK
0x2B1F,0x031F,09,40,1,0x00B2F0,0x0E0,0x00B3D0,0x0320,37,E0,CC,OK
0x2B1E,0x031E,09,40,1,0x00B2F0,0x0E1,0x00B3D1,0x031F,37,0A,F5,OK
0x2B1D,0x031D,09,40,1,0x00B2F0,0x0E2,0x00B3D2,0x031E,37,03,ED,OK
0x2B1C,0x031C,09,40,1,0x00B2F0,0x0E3,0x00B3D3,0x031D,37,04,ED,OK
0x2B1B,0x031B,09,40,1,0x00B2F0,0x0E4,0x00B3D4,0x031C,37,0B,F3,OK
0x2B1A,0x031A,09,40,1,0x00B2F0,0x0E5,0x00B3D5,0x031B,37,F0,D7,OK
0x2B19,0x0319,09,40,1,0x00B2F0,0x0E6,0x00B3D6,0x031A,37,09,EF,OK
0x2B18,0x0318,09,40,1,0x00B2F0,0x0E7,0x00B3D7,0x0319,37,01,E6,OK
0x2B17,0x0317,09,40,1,0x00B2F0,0x0E8,0x00B3D8,0x0318,37,F8,DC,OK
0x2B16,0x0316,09,40,1,0x00B2F0,0x0E9,0x00B3D9,0x0317,37,09,EC,OK
0x2B15,0x0315,09,40,1,0x00B2F0,0x0EA,0x00B3DA,0x0316,37,0F,F1,OK
0x2B14,0x0314,09,40,1,0x00B2F0,0x0EB,0x00B3DB,0x0315,37,F0,D1,OK
0x2B13,0x0313,09,40,1,0x00B2F0,0x0EC,0x00B3DC,0x0314,37,FF,DF,OK
0x2B12,0x0312,09,40,1,0x00B2F0,0x0ED,0x00B3DD,0x0313,37,07,E6,OK
0x2B11,0x0311,09,40,1,0x00B2F0,0x0EE,0x00B3DE,0x0312,37,7F,5D,OK
0x2B10,0x0310,09,40,1,0x00B2F0,0x0EF,0x00B3DF,0x0311,37,80,5D,OK
0x2B0F,0x030F,09,40,1,0x00B2F0,0x0F0,0x00B3E0,0x0310,37,09,E5,OK
0x2B0E,0x030E,09,40,1,0x00B2F0,0x0F1,0x00B3E1,0x030F,37,0F,EA,OK
0x2B0D,0x030D,09,40,1,0x00B2F0,0x0F2,0x00B3E2,0x030E,37,94,6E,OK
0x2B0C,0x030C,09,40,1,0x00B2F0,0x0F3,0x00B3E3,0x030D,37,03,DC,OK
0x2B0B,0x030B,09,40,1,0x00B2F0,0x0F4,0x00B3E4,0x030C,37,A8,80,OK
0x2B0A,0x030A,09,40,1,0x00B2F0,0x0F5,0x00B3E5,0x030B,37,03,DA,OK
0x2B09,0x0309,09,40,1,0x00B2F0,0x0F6,0x00B3E6,0x030A,37,F8,CE,OK
0x2B08,0x0308,09,40,1,0x00B2F0,0x0F7,0x00B3E7,0x0309,37,FF,D4,OK
0x2B07,0x0307,09,40,1,0x00B2F0,0x0F8,0x00B3E8,0x0308,37,1F,F3,OK
0x2B06,0x0306,09,40,1,0x00B2F0,0x0F9,0x00B3E9,0x0307,37,09,DC,OK
0x2B05,0x0305,09,40,1,0x00B2F0,0x0FA,0x00B3EA,0x0306,37,FE,D0,OK
0x2B04,0x0304,09,40,1,0x00B2F0,0x0FB,0x00B3EB,0x0305,37,0F,E0,OK
0x2B03,0x0303,09,40,1,0x00B2F0,0x0FC,0x00B3EC,0x0304,37,00,D0,OK
0x2B02,0x0302,09,40,1,0x00B2F0,0x0FD,0x00B3ED,0x0303,37,07,D6,OK
0x2B01,0x0301,09,40,1,0x00B2F0,0x0FE,0x00B3EE,0x0302,37,03,D1,OK
0x2B00,0x0300,09,40,1,0x00B2F0,0x0FF,0x00B3EF,0x0301,37,78,45,OK
0x2AFF,0x02FF,09,40,1,0x00B2F0,0x100,0x00B3F0,0x0300,37,FE,CA,OK
0x2AFE,0x02FE,09,40,1,0x00B2F0,0x101,0x00B3F1,0x02FF,37,3F,09,OK
0x2AFD,0x02FD,09,40,1,0x00B2F0,0x102,0x00B3F2,0x02FE,37,09,D2,OK
0x2AFC,0x02FC,09,40,1,0x00B2F0,0x103,0x00B3F3,0x02FD,37,06,CE,OK
0x2AFB,0x02FB,09,40,1,0x00B2F0,0x104,0x00B3F4,0x02FC,37,04,CB,OK
0x2AFA,0x02FA,09,40,1,0x00B2F0,0x105,0x00B3F5,0x02FB,37,94,5A,OK
0x2AF9,0x02F9,09,40,1,0x00B2F0,0x106,0x00B3F6,0x02FA,37,03,C8,OK
0x2AF8,0x02F8,09,40,1,0x00B2F0,0x107,0x00B3F7,0x02F9,37,00,C4,OK
0x2AF7,0x02F7,09,40,1,0x00B2F0,0x108,0x00B3F8,0x02F8,37,19,DC,OK
0x2AF6,0x02F6,09,40,1,0x00B2F0,0x109,0x00B3F9,0x02F7,37,03,C5,OK
0x2AF5,0x02F5,09,40,1,0x00B2F0,0x10A,0x00B3FA,0x02F6,37,FE,BF,OK
0x2AF4,0x02F4,09,40,1,0x00B2F0,0x10B,0x00B3FB,0x02F5,37,FF,BF,OK
0x2AF3,0x02F3,09,40,1,0x00B2F0,0x10C,0x00B3FC,0x02F4,37,06,C5,OK
0x2AF2,0x02F2,09,40,1,0x00B2F0,0x10D,0x00B3FD,0x02F3,37,7F,3D,OK
0x2AF1,0x02F1,09,40,1,0x00B2F0,0x10E,0x00B3FE,0x02F2,37,0A,C7,OK
0x2AF0,0x02F0,09,40,1,0x00B2F0,0x10F,0x00B3FF,0x02F1,37,F0,AC,OK
0x2AEF,0x02EF,09,40,1,0x00B2F0,0x110,0x00B400,0x02F0,37,0A,C5,OK
0x2AEE,0x02EE,09,40,1,0x00B2F0,0x111,0x00B401,0x02EF,37,03,BD,OK
0x2AED,0x02ED,09,40,1,0x00B2F0,0x112,0x00B402,0x02EE,37,04,BD,OK
0x2AEC,0x02EC,09,40,1,0x00B2F0,0x113,0x00B403,0x02ED,37,0B,C3,OK
0x2AEB,0x02EB,09,40,1,0x00B2F0,0x114,0x00B404,0x02EC,37,E0,97,OK
0x2AEA,0x02EA,09,40,1,0x00B2F0,0x115,0x00B405,0x02EB,37,09,BF,OK
0x2AE9,0x02E9,09,40,1,0x00B2F0,0x116,0x00B406,0x02EA,37,01,B6,OK
0x2AE8,0x02E8,09,40,1,0x00B2F0,0x117,0x00B407,0x02E9,37,F0,A4,OK
0x2AE7,0x02E7,09,40,1,0x00B2F0,0x118,0x00B408,0x02E8,37,09,BC,OK
0x2AE6,0x02E6,09,40,1,0x00B2F0,0x119,0x00B409,0x02E7,37,1F,D1,OK
0x2AE5,0x02E5,09,40,1,0x00B2F0,0x11A,0x00B40A,0x02E6,37,E0,91,OK
0x2AE4,0x02E4,09,40,1,0x00B2F0,0x11B,0x00B40B,0x02E5,37,FF,AF,OK
0x2AE3,0x02E3,09,40,1,0x00B2F0,0x11C,0x00B40C,0x02E4,37,06,B5,OK
0x2AE2,0x02E2,09,40,1,0x00B2F0,0x11D,0x00B40D,0x02E3,37,87,35,OK
0x2AE1,0x02E1,09,40,1,0x00B2F0,0x11E,0x00B40E,0x02E2,37,01,AE,OK
0x2AE0,0x02E0,09,40,1,0x00B2F0,0x11F,0x00B40F,0x02E1,37,C0,6C,OK
0x2ADF,0x02DF,09,40,1,0x00B2F0,0x120,0x00B410,0x02E0,37,09,B4,OK
0x2ADE,0x02DE,09,40,1,0x00B2F0,0x121,0x00B411,0x02DF,37,01,AB,OK
0x2ADD,0x02DD,09,40,1,0x00B2F0,0x122,0x00B412,0x02DE,37,94,3D,OK
0x2ADC,0x02DC,09,40,1,0x00B2F0,0x123,0x00B413,0x02DD,37,03,AB,OK
0x2ADB,0x02DB,09,40,1,0x00B2F0,0x124,0x00B414,0x02DC,37,A8,4F,OK
0x2ADA,0x02DA,09,40,1,0x00B2F0,0x125,0x00B415,0x02DB,37,03,A9,OK
0x2AD9,0x02D9,09,40,1,0x00B2F0,0x126,0x00B416,0x02DA,37,C0,65,OK
0x2AD8,0x02D8,09,40,1,0x00B2F0,0x127,0x00B417,0x02D9,37,3F,E3,OK
0x2AD7,0x02D7,09,40,1,0x00B2F0,0x128,0x00B418,0x02D8,37,0A,AD,OK
0x2AD6,0x02D6,09,40,1,0x00B2F0,0x129,0x00B419,0x02D7,37,FE,A0,OK
0x2AD5,0x02D5,09,40,1,0x00B2F0,0x12A,0x00B41A,0x02D6,37,1F,C0,OK
0x2AD4,0x02D4,09,40,1,0x00B2F0,0x12B,0x00B41B,0x02D5,37,86,26,OK
0x2AD3,0x02D3,09,40,1,0x00B2F0,0x12C,0x00B41C,0x02D4,37,03,A2,OK
0x2AD2,0x02D2,09,40,1,0x00B2F0,0x12D,0x00B41D,0x02D3,37,80,1E,OK
0x2AD1,0x02D1,09,40,1,0x00B2F0,0x12E,0x00B41E,0x02D2,37,FF,9C,OK
0x2AD0,0x02D0,09,40,1,0x00B2F0,0x12F,0x00B41F,0x02D1,37,05,A1,OK
0x2ACF,0x02CF,09,40,1,0x00B2F0,0x130,0x00B420,0x02D0,37,0A,A5,OK
0x2ACE,0x02CE,09,40,1,0x00B2F0,0x131,0x00B421,0x02CF,37,3C,D6,OK
0x2ACD,0x02CD,09,40,1,0x00B2F0,0x132,0x00B422,0x02CE,37,94,2D,OK
0x2ACC,0x02CC,09,40,1,0x00B2F0,0x133,0x00B423,0x02CD,37,03,9B,OK
0x2ACB,0x02CB,09,40,1,0x00B2F0,0x134,0x00B424,0x02CC,37,00,97,OK
0x2ACA,0x02CA,09,40,1,0x00B2F0,0x135,0x00B425,0x02CB,37,19,AF,OK
0x2AC9,0x02C9,09,40,1,0x00B2F0,0x136,0x00B426,0x02CA,37,03,98,OK
0x2AC8,0x02C8,09,40,1,0x00B2F0,0x137,0x00B427,0x02C9,37,FE,92,OK
0x2AC7,0x02C7,09,40,1,0x00B2F0,0x138,0x00B428,0x02C8,37,FF,92,OK
0x2AC6,0x02C6,09,40,1,0x00B2F0,0x139,0x00B429,0x02C7,37,06,98,OK
0x2AC5,0x02C5,09,40,1,0x00B2F0,0x13A,0x00B42A,0x02C6,37,01,92,OK
0x2AC4,0x02C4,09,40,1,0x00B2F0,0x13B,0x00B42B,0x02C5,37,0A,9A,OK
0x2AC3,0x02C3,09,40,1,0x00B2F0,0x13C,0x00B42C,0x02C4,37,FC,8B,OK
0x2AC2,0x02C2,09,40,1,0x00B2F0,0x13D,0x00B42D,0x02C3,37,0A,98,OK
0x2AC1,0x02C1,09,40,1,0x00B2F0,0x13E,0x00B42E,0x02C2,37,03,90,OK
0x2AC0,0x02C0,09,40,1,0x00B2F0,0x13F,0x00B42F,0x02C1,37,04,90,OK
0x2ABF,0x02BF,09,40,1,0x00B2F0,0x140,0x00B430,0x02C0,37,0B,96,OK
0x2ABE,0x02BE,09,40,1,0x00B2F0,0x141,0x00B431,0x02BF,37,E0,6A,OK
0x2ABD,0x02BD,09,40,1,0x00B2F0,0x142,0x00B432,0x02BE,37,09,92,OK
0x2ABC,0x02BC,09,40,1,0x00B2F0,0x143,0x00B433,0x02BD,37,01,89,OK
0x2ABB,0x02BB,09,40,1,0x00B2F0,0x144,0x00B434,0x02BC,37,E0,67,OK
0x2ABA,0x02BA,09,40,1,0x00B2F0,0x145,0x00B435,0x02BB,37,09,8F,OK
0x2AB9,0x02B9,09,40,1,0x00B2F0,0x146,0x00B436,0x02BA,37,3F,C4,OK
0x2AB8,0x02B8,09,40,1,0x00B2F0,0x147,0x00B437,0x02B9,37,E0,64,OK
0x2AB7,0x02B7,09,40,1,0x00B2F0,0x148,0x00B438,0x02B8,37,FF,82,OK
0x2AB6,0x02B6,09,40,1,0x00B2F0,0x149,0x00B439,0x02B7,37,05,87,OK
0x2AB5,0x02B5,09,40,1,0x00B2F0,0x14A,0x00B43A,0x02B6,37,7F,00,OK
0x2AB4,0x02B4,09,40,1,0x00B2F0,0x14B,0x00B43B,0x02B5,37,00,80,OK
0x2AB3,0x02B3,09,40,1,0x00B2F0,0x14C,0x00B43C,0x02B4,37,05,84,OK
0x2AB2,0x02B2,09,40,1,0x00B2F0,0x14D,0x00B43D,0x02B3,37,0A,88,OK
0x2AB1,0x02B1,09,40,1,0x00B2F0,0x14E,0x00B43E,0x02B2,37,03,80,OK
0x2AB0,0x02B0,09,40,1,0x00B2F0,0x14F,0x00B43F,0x02B1,37,04,80,OK
0x2AAF,0x02AF,09,40,1,0x00B2F0,0x150,0x00B440,0x02B0,37,94,0F,OK
0x2AAE,0x02AE,09,40,1,0x00B2F0,0x151,0x00B441,0x02AF,37,03,7D,OK
0x2AAD,0x02AD,09,40,1,0x00B2F0,0x152,0x00B442,0x02AE,37,AD,26,OK
0x2AAC,0x02AC,09,40,1,0x00B2F0,0x153,0x00B443,0x02AD,37,03,7B,OK
0x2AAB,0x02AB,09,40,1,0x00B2F0,0x154,0x00B444,0x02AC,37,F8,6F,OK
0x2AAA,0x02AA,09,40,1,0x00B2F0,0x155,0x00B445,0x02AB,37,01,77,OK
0x2AA9,0x02A9,09,40,1,0x00B2F0,0x156,0x00B446,0x02AA,37,86,FB,OK
0x2AA8,0x02A8,09,40,1,0x00B2F0,0x157,0x00B447,0x02A9,37,03,77,OK
0x2AA7,0x02A7,09,40,1,0x00B2F0,0x158,0x00B448,0x02A8,37,FC,6F,OK
0x2AA6,0x02A6,09,40,1,0x00B2F0,0x159,0x00B449,0x02A7,37,FF,71,OK
0x2AA5,0x02A5,09,40,1,0x00B2F0,0x15A,0x00B44A,0x02A6,37,05,76,OK
0x2AA4,0x02A4,09,40,1,0x00B2F0,0x15B,0x00B44B,0x02A5,37,0A,7A,OK
0x2AA3,0x02A3,09,40,1,0x00B2F0,0x15C,0x00B44C,0x02A4,37,F8,67,OK
0x2AA2,0x02A2,09,40,1,0x00B2F0,0x15D,0x00B44D,0x02A3,37,94,02,OK
0x2AA1,0x02A1,09,40,1,0x00B2F0,0x15E,0x00B44E,0x02A2,37,03,70,OK
0x2AA0,0x02A0,09,40,1,0x00B2F0,0x15F,0x00B44F,0x02A1,37,98,04,OK
0x2A9F,0x029F,09,40,1,0x00B2F0,0x160,0x00B450,0x02A0,37,03,6E,OK
0x2A9E,0x029E,09,40,1,0x00B2F0,0x161,0x00B451,0x029F,37,80,EA,OK
0x2A9D,0x029D,09,40,1,0x00B2F0,0x162,0x00B452,0x029E,37,FF,68,OK
0x2A9C,0x029C,09,40,1,0x00B2F0,0x163,0x00B453,0x029D,37,06,6E,OK
0x2A9B,0x029B,09,40,1,0x00B2F0,0x164,0x00B454,0x029C,37,3F,A6,OK
0x2A9A,0x029A,09,40,1,0x00B2F0,0x165,0x00B455,0x029B,37,00,66,OK
0x2A99,0x0299,09,40,1,0x00B2F0,0x166,0x00B456,0x029A,37,07,6C,OK
0x2A98,0x0298,09,40,1,0x00B2F0,0x167,0x00B457,0x0299,37,FE,62,OK
0x2A97,0x0297,09,40,1,0x00B2F0,0x168,0x00B458,0x0298,37,0A,6D,OK
0x2A96,0x0296,09,40,1,0x00B2F0,0x169,0x00B459,0x0297,37,01,63,OK
0x2A95,0x0295,09,40,1,0x00B2F0,0x16A,0x00B45A,0x0296,37,0B,6C,OK
0x2A94,0x0294,09,40,1,0x00B2F0,0x16B,0x00B45B,0x0295,37,C0,20,OK
0x2A93,0x0293,09,40,1,0x00B2F0,0x16C,0x00B45C,0x0294,37,09,68,OK
0x2A92,0x0292,09,40,1,0x00B2F0,0x16D,0x00B45D,0x0293,37,03,61,OK
0x2A91,0x0291,09,40,1,0x00B2F0,0x16E,0x00B45E,0x0292,37,04,61,OK
0x2A90,0x0290,09,40,1,0x00B2F0,0x16F,0x00B45F,0x0291,37,E0,3C,OK
0x2A8F,0x028F,09,40,1,0x00B2F0,0x170,0x00B460,0x0290,37,09,64,OK
0x2A8E,0x028E,09,40,1,0x00B2F0,0x171,0x00B461,0x028F,37,7F,D9,OK
0x2A8D,0x028D,09,40,1,0x00B2F0,0x172,0x00B462,0x028E,37,E0,39,OK
0x2A8C,0x028C,09,40,1,0x00B2F0,0x173,0x00B463,0x028D,37,FF,57,OK
0x2A8B,0x028B,09,40,1,0x00B2F0,0x174,0x00B464,0x028C,37,05,5C,OK
0x2A8A,0x028A,09,40,1,0x00B2F0,0x175,0x00B465,0x028B,37,03,59,OK
0x2A89,0x0289,09,40,1,0x00B2F0,0x176,0x00B466,0x028A,37,04,59,OK
0x2A88,0x0288,09,40,1,0x00B2F0,0x177,0x00B467,0x0289,37,00,54,OK
0x2A87,0x0287,09,40,1,0x00B2F0,0x178,0x00B468,0x0288,37,05,58,OK
0x2A86,0x0286,09,40,1,0x00B2F0,0x179,0x00B469,0x0287,37,0A,5C,OK
0x2A85,0x0285,09,40,1,0x00B2F0,0x17A,0x00B46A,0x0286,37,07,58,OK
0x2A84,0x0284,09,40,1,0x00B2F0,0x17B,0x00B46B,0x0285,37,04,54,OK
0x2A83,0x0283,09,40,1,0x00B2F0,0x17C,0x00B46C,0x0284,37,94,E3,OK
0x2A82,0x0282,09,40,1,0x00B2F0,0x17D,0x00B46D,0x0283,37,03,51,OK
0x2A81,0x0281,09,40,1,0x00B2F0,0x17E,0x00B46E,0x0282,37,B5,02,OK
0x2A80,0x0280,09,40,1,0x00B2F0,0x17F,0x00B46F,0x0281,37,03,4F,OK
0x2A7F,0x027F,09,40,1,0x00B2F0,0x180,0x00B470,0x0280,37,09,54,OK
0x2A7E,0x027E,09,40,1,0x00B2F0,0x181,0x00B471,0x027F,37,7F,C9,OK
0x2A7D,0x027D,09,40,1,0x00B2F0,0x182,0x00B472,0x027E,37,0A,53,OK
0x2A7C,0x027C,09,40,1,0x00B2F0,0x183,0x00B473,0x027D,37,FC,44,OK
0x2A7B,0x027B,09,40,1,0x00B2F0,0x184,0x00B474,0x027C,37,94,DB,OK
0x2A7A,0x027A,09,40,1,0x00B2F0,0x185,0x00B475,0x027B,37,03,49,OK
0x2A79,0x0279,09,40,1,0x00B2F0,0x186,0x00B476,0x027A,37,98,DD,OK
0x2A78,0x0278,09,40,1,0x00B2F0,0x187,0x00B477,0x0279,37,03,47,OK
0x2A77,0x0277,09,40,1,0x00B2F0,0x188,0x00B478,0x0278,37,E0,23,OK
0x2A76,0x0276,09,40,1,0x00B2F0,0x189,0x00B479,0x0277,37,FF,41,OK
0x2A75,0x0275,09,40,1,0x00B2F0,0x18A,0x00B47A,0x0276,37,06,47,OK
0x2A74,0x0274,09,40,1,0x00B2F0,0x18B,0x00B47B,0x0275,37,0F,4F,OK
0x2A73,0x0273,09,40,1,0x00B2F0,0x18C,0x00B47C,0x0274,37,00,3F,OK
0x2A72,0x0272,09,40,1,0x00B2F0,0x18D,0x00B47D,0x0273,37,07,45,OK
0x2A71,0x0271,09,40,1,0x00B2F0,0x18E,0x00B47E,0x0272,37,FE,3B,OK
0x2A70,0x0270,09,40,1,0x00B2F0,0x18F,0x00B47F,0x0271,37,0A,46,OK
0x2A6F,0x026F,09,40,1,0x00B2F0,0x190,0x00B480,0x0270,37,01,3C,OK
0x2A6E,0x026E,09,40,1,0x00B2F0,0x191,0x00B481,0x026F,37,0B,45,OK
0x2A6D,0x026D,09,40,1,0x00B2F0,0x192,0x00B482,0x026E,37,80,B9,OK
0x2A6C,0x026C,09,40,1,0x00B2F0,0x193,0x00B483,0x026D,37,09,41,OK
0x2A6B,0x026B,09,40,1,0x00B2F0,0x194,0x00B484,0x026C,37,07,3E,OK
0x2A6A,0x026A,09,40,1,0x00B2F0,0x195,0x00B485,0x026B,37,04,3A,OK
0x2A69,0x0269,09,40,1,0x00B2F0,0x196,0x00B486,0x026A,37,C0,F5,OK
0x2A68,0x0268,09,40,1,0x00B2F0,0x197,0x00B487,0x0269,37,09,3D,OK
0x2A67,0x0267,09,40,1,0x00B2F0,0x198,0x00B488,0x0268,37,7F,B2,OK
0x2A66,0x0266,09,40,1,0x00B2F0,0x199,0x00B489,0x0267,37,C0,F2,OK
0x2A65,0x0265,09,40,1,0x00B2F0,0x19A,0x00B48A,0x0266,37,FF,30,OK
0x2A64,0x0264,09,40,1,0x00B2F0,0x19B,0x00B48B,0x0265,37,07,37,OK
0x2A63,0x0263,09,40,1,0x00B2F0,0x19C,0x00B48C,0x0264,37,04,33,OK
0x2A62,0x0262,09,40,1,0x00B2F0,0x19D,0x00B48D,0x0263,37,09,37,OK
0x2A61,0x0261,09,40,1,0x00B2F0,0x19E,0x00B48E,0x0262,37,80,AD,OK
0x2A60,0x0260,09,40,1,0x00B2F0,0x19F,0x00B48F,0x0261,37,0A,36,OK
0x2A5F,0x025F,09,40,1,0x00B2F0,0x1A0,0x00B490,0x0260,37,03,2E,OK
0x2A5E,0x025E,09,40,1,0x00B2F0,0x1A1,0x00B491,0x025F,37,04,2E,OK
0x2A5D,0x025D,09,40,1,0x00B2F0,0x1A2,0x00B492,0x025E,37,94,BD,OK
0x2A5C,0x025C,09,40,1,0x00B2F0,0x1A3,0x00B493,0x025D,37,03,2B,OK
0x2A5B,0x025B,09,40,1,0x00B2F0,0x1A4,0x00B494,0x025C,37,B5,DC,OK
0x2A5A,0x025A,09,40,1,0x00B2F0,0x1A5,0x00B495,0x025B,37,03,29,OK
0x2A59,0x0259,09,40,1,0x00B2F0,0x1A6,0x00B496,0x025A,37,09,2E,OK
0x2A58,0x0258,09,40,1,0x00B2F0,0x1A7,0x00B497,0x0259,37,3F,63,OK
0x2A57,0x0257,09,40,1,0x00B2F0,0x1A8,0x00B498,0x0258,37,0A,2D,OK
0x2A56,0x0256,09,40,1,0x00B2F0,0x1A9,0x00B499,0x0257,37,78,9A,OK
0x2A55,0x0255,09,40,1,0x00B2F0,0x1AA,0x00B49A,0x0256,37,94,B5,OK
0x2A54,0x0254,09,40,1,0x00B2F0,0x1AB,0x00B49B,0x0255,37,03,23,OK
0x2A53,0x0253,09,40,1,0x00B2F0,0x1AC,0x00B49C,0x0254,37,98,B7,OK
0x2A52,0x0252,09,40,1,0x00B2F0,0x1AD,0x00B49D,0x0253,37,03,21,OK
0x2A51,0x0251,09,40,1,0x00B2F0,0x1AE,0x00B49E,0x0252,37,E0,FD,OK
0x2A50,0x0250,09,40,1,0x00B2F0,0x1AF,0x00B49F,0x0251,37,FF,1B,OK
0x2A4F,0x024F,09,40,1,0x00B2F0,0x1B0,0x00B4A0,0x0250,37,05,20,OK
0x2A4E,0x024E,09,40,1,0x00B2F0,0x1B1,0x00B4A1,0x024F,37,7F,99,OK
0x2A4D,0x024D,09,40,1,0x00B2F0,0x1B2,0x00B4A2,0x024E,37,0B,24,OK
0x2A4C,0x024C,09,40,1,0x00B2F0,0x1B3,0x00B4A3,0x024D,37,80,98,OK
0x2A4B,0x024B,09,40,1,0x00B2F0,0x1B4,0x00B4A4,0x024C,37,0B,22,OK
0x2A4A,0x024A,09,40,1,0x00B2F0,0x1B5,0x00B4A5,0x024B,37,03,19,OK
0x2A49,0x0249,09,40,1,0x00B2F0,0x1B6,0x00B4A6,0x024A,37,04,19,OK
0x2A48,0x0248,09,40,1,0x00B2F0,0x1B7,0x00B4A7,0x0249,37,0B,1F,OK
0x2A47,0x0247,09,40,1,0x00B2F0,0x1B8,0x00B4A8,0x0248,37,80,93,OK
0x2A46,0x0246,09,40,1,0x00B2F0,0x1B9,0x00B4A9,0x0247,37,09,1B,OK
0x2A45,0x0245,09,40,1,0x00B2F0,0x1BA,0x00B4AA,0x0246,37,0F,20,OK
0x2A44,0x0244,09,40,1,0x00B2F0,0x1BB,0x00B4AB,0x0245,37,C0,D0,OK
0x2A43,0x0243,09,40,1,0x00B2F0,0x1BC,0x00B4AC,0x0244,37,0A,19,OK
0x2A42,0x0242,09,40,1,0x00B2F0,0x1BD,0x00B4AD,0x0243,37,01,0F,OK
0x2A41,0x0241,09,40,1,0x00B2F0,0x1BE,0x00B4AE,0x0242,37,FF,0C,OK
0x2A40,0x0240,09,40,1,0x00B2F0,0x1BF,0x00B4AF,0x0241,37,0A,16,OK
0x2A3F,0x023F,09,40,1,0x00B2F0,0x1C0,0x00B4B0,0x0240,37,C0,CB,OK
0x2A3E,0x023E,09,40,1,0x00B2F0,0x1C1,0x00B4B1,0x023F,37,0A,14,OK
0x2A3D,0x023D,09,40,1,0x00B2F0,0x1C2,0x00B4B2,0x023E,37,07,10,OK
0x2A3C,0x023C,09,40,1,0x00B2F0,0x1C3,0x00B4B3,0x023D,37,04,0C,OK
0x2A3B,0x023B,09,40,1,0x00B2F0,0x1C4,0x00B4B4,0x023C,37,94,9B,OK
0x2A3A,0x023A,09,40,1,0x00B2F0,0x1C5,0x00B4B5,0x023B,37,03,09,OK
0x2A39,0x0239,09,40,1,0x00B2F0,0x1C6,0x00B4B6,0x023A,37,00,05,OK
0x2A38,0x0238,09,40,1,0x00B2F0,0x1C7,0x00B4B7,0x0239,37,35,39,OK
0x2A37,0x0237,09,40,1,0x00B2F0,0x1C8,0x00B4B8,0x0238,37,03,06,OK
0x2A36,0x0236,09,40,1,0x00B2F0,0x1C9,0x00B4B9,0x0237,37,09,0B,OK
0x2A35,0x0235,09,40,1,0x00B2F0,0x1CA,0x00B4BA,0x0236,37,3F,40,OK
0x2A34,0x0234,09,40,1,0x00B2F0,0x1CB,0x00B4BB,0x0235,37,00,00,OK
0x2A33,0x0233,09,40,1,0x00B2F0,0x1CC,0x00B4BC,0x0234,37,18,17,OK
0x2A32,0x0232,09,40,1,0x00B2F0,0x1CD,0x00B4BD,0x0233,37,03,01,OK
0x2A31,0x0231,09,40,1,0x00B2F0,0x1CE,0x00B4BE,0x0232,37,00,FD,OK
0x2A30,0x0230,09,40,1,0x00B2F0,0x1CF,0x00B4BF,0x0231,37,18,14,OK
0x2A2F,0x022F,09,40,1,0x00B2F0,0x1D0,0x00B4C0,0x0230,37,03,FE,OK
0x2A2E,0x022E,09,40,1,0x00B2F0,0x1D1,0x00B4C1,0x022F,37,F0,EA,OK
0x2A2D,0x022D,09,40,1,0x00B2F0,0x1D2,0x00B4C2,0x022E,37,FF,F8,OK
0x2A2C,0x022C,09,40,1,0x00B2F0,0x1D3,0x00B4C3,0x022D,37,05,FD,OK
0x2A2B,0x022B,09,40,1,0x00B2F0,0x1D4,0x00B4C4,0x022C,37,07,FE,OK
0x2A2A,0x022A,09,40,1,0x00B2F0,0x1D5,0x00B4C5,0x022B,37,04,FA,OK
0x2A29,0x0229,09,40,1,0x00B2F0,0x1D6,0x00B4C6,0x022A,37,0B,00,OK
0x2A28,0x0228,09,40,1,0x00B2F0,0x1D7,0x00B4C7,0x0229,37,80,74,OK
0x2A27,0x0227,09,40,1,0x00B2F0,0x1D8,0x00B4C8,0x0228,37,0B,FE,OK
0x2A26,0x0226,09,40,1,0x00B2F0,0x1D9,0x00B4C9,0x0227,37,03,F5,OK
0x2A25,0x0225,09,40,1,0x00B2F0,0x1DA,0x00B4CA,0x0226,37,04,F5,OK
0x2A24,0x0224,09,40,1,0x00B2F0,0x1DB,0x00B4CB,0x0225,37,0C,FC,OK
0x2A23,0x0223,09,40,1,0x00B2F0,0x1DC,0x00B4CC,0x0224,37,09,F8,OK
0x2A22,0x0222,09,40,1,0x00B2F0,0x1DD,0x00B4CD,0x0223,37,1F,0D,OK
0x2A21,0x0221,09,40,1,0x00B2F0,0x1DE,0x00B4CE,0x0222,37,C0,AD,OK
0x2A20,0x0220,09,40,1,0x00B2F0,0x1DF,0x00B4CF,0x0221,37,0A,F6,OK
0x2A1F,0x021F,09,40,1,0x00B2F0,0x1E0,0x00B4D0,0x0220,37,03,EE,OK
0x2A1E,0x021E,09,40,1,0x00B2F0,0x1E1,0x00B4D1,0x021F,37,04,EE,OK
0x2A1D,0x021D,09,40,1,0x00B2F0,0x1E2,0x00B4D2,0x021E,37,0B,F4,OK
0x2A1C,0x021C,09,40,1,0x00B2F0,0x1E3,0x00B4D3,0x021D,37,C0,A8,OK
0x2A1B,0x021B,09,40,1,0x00B2F0,0x1E4,0x00B4D4,0x021C,37,0A,F1,OK
0x2A1A,0x021A,09,40,1,0x00B2F0,0x1E5,0x00B4D5,0x021B,37,0F,F5,OK
0x2A19,0x0219,09,40,1,0x00B2F0,0x1E6,0x00B4D6,0x021A,37,94,79,OK
0x2A18,0x0218,09,40,1,0x00B2F0,0x1E7,0x00B4D7,0x0219,37,03,E7,OK
0x2A17,0x0217,09,40,1,0x00B2F0,0x1E8,0x00B4D8,0x0218,37,00,E3,OK
0x2A16,0x0216,09,40,1,0x00B2F0,0x1E9,0x00B4D9,0x0217,37,35,17,OK
0x2A15,0x0215,09,40,1,0x00B2F0,0x1EA,0x00B4DA,0x0216,37,03,E4,OK
0x2A14,0x0214,09,40,1,0x00B2F0,0x1EB,0x00B4DB,0x0215,37,FE,DE,OK
0x2A13,0x0213,09,40,1,0x00B2F0,0x1EC,0x00B4DC,0x0214,37,FF,DE,OK
0x2A12,0x0212,09,40,1,0x00B2F0,0x1ED,0x00B4DD,0x0213,37,7F,5D,OK
0x2A11,0x0211,09,40,1,0x00B2F0,0x1EE,0x00B4DE,0x0212,37,00,DD,OK
0x2A10,0x0210,09,40,1,0x00B2F0,0x1EF,0x00B4DF,0x0211,37,18,F4,OK
0x2A0F,0x020F,09,40,1,0x00B2F0,0x1F0,0x00B4E0,0x0210,37,03,DE,OK
0x2A0E,0x020E,09,40,1,0x00B2F0,0x1F1,0x00B4E1,0x020F,37,00,DA,OK
0x2A0D,0x020D,09,40,1,0x00B2F0,0x1F2,0x00B4E2,0x020E,37,18,F1,OK
0x2A0C,0x020C,09,40,1,0x00B2F0,0x1F3,0x00B4E3,0x020D,37,03,DB,OK
0x2A0B,0x020B,09,40,1,0x00B2F0,0x1F4,0x00B4E4,0x020C,37,FE,D5,OK
0x2A0A,0x020A,09,40,1,0x00B2F0,0x1F5,0x00B4E5,0x020B,37,FF,D5,OK
0x2A09,0x0209,09,40,1,0x00B2F0,0x1F6,0x00B4E6,0x020A,37,1F,F4,OK
0x2A08,0x0208,09,40,1,0x00B2F0,0x1F7,0x00B4E7,0x0209,37,0C,E0,OK
0x2A07,0x0207,09,40,1,0x00B2F0,0x1F8,0x00B4E8,0x0208,37,C0,93,OK
0x2A06,0x0206,09,40,1,0x00B2F0,0x1F9,0x00B4E9,0x0207,37,0B,DD,OK
0x2A05,0x0205,09,40,1,0x00B2F0,0x1FA,0x00B4EA,0x0206,37,03,D4,OK
0x2A04,0x0204,09,40,1,0x00B2F0,0x1FB,0x00B4EB,0x0205,37,04,D4,OK
0x2A03,0x0203,09,40,1,0x00B2F0,0x1FC,0x00B4EC,0x0204,37,0C,DB,OK
0x2A02,0x0202,09,40,1,0x00B2F0,0x1FD,0x00B4ED,0x0203,37,09,D7,OK
0x2A01,0x0201,09,40,1,0x00B2F0,0x1FE,0x00B4EE,0x0202,37,7F,4C,OK
0x2A00,0x0200,09,40,1,0x00B2F0,0x1FF,0x00B4EF,0x0201,37,C0,8C,OK
0x29FF,0x01FF,09,40,1,0x00B2F0,0x200,0x00B4F0,0x0200,37,0A,D5,OK
0x29FE,0x01FE,09,40,1,0x00B2F0,0x201,0x00B4F1,0x01FF,37,1F,E8,OK
0x29FD,0x01FD,09,40,1,0x00B2F0,0x202,0x00B4F2,0x01FE,37,0B,D3,OK
0x29FC,0x01FC,09,40,1,0x00B2F0,0x203,0x00B4F3,0x01FD,37,80,47,OK
0x29FB,0x01FB,09,40,1,0x00B2F0,0x204,0x00B4F4,0x01FC,37,0A,D0,OK
0x29FA,0x01FA,09,40,1,0x00B2F0,0x205,0x00B4F5,0x01FB,37,1F,E4,OK
0x29F9,0x01F9,09,40,1,0x00B2F0,0x206,0x00B4F6,0x01FA,37,94,58,OK
0x29F8,0x01F8,09,40,1,0x00B2F0,0x207,0x00B4F7,0x01F9,37,03,C6,OK
0x29F7,0x01F7,09,40,1,0x00B2F0,0x208,0x00B4F8,0x01F8,37,97,59,OK
0x29F6,0x01F6,09,40,1,0x00B2F0,0x209,0x00B4F9,0x01F7,37,03,C4,OK
0x29F5,0x01F5,09,40,1,0x00B2F0,0x20A,0x00B4FA,0x01F6,37,1F,DF,OK
0x29F4,0x01F4,09,40,1,0x00B2F0,0x20B,0x00B4FB,0x01F5,37,00,BF,OK
0x29F3,0x01F3,09,40,1,0x00B2F0,0x20C,0x00B4FC,0x01F4,37,05,C3,OK
0x29F2,0x01F2,09,40,1,0x00B2F0,0x20D,0x00B4FD,0x01F3,37,FE,BB,OK
0x29F1,0x01F1,09,40,1,0x00B2F0,0x20E,0x00B4FE,0x01F2,37,0C,C8,OK
0x29F0,0x01F0,09,40,1,0x00B2F0,0x20F,0x00B4FF,0x01F1,37,0F,CA,OK
0x29EF,0x01EF,09,40,1,0x00B2F0,0x210,0x00B500,0x01F0,37,00,BA,OK
0x29EE,0x01EE,09,40,1,0x00B2F0,0x211,0x00B501,0x01EF,37,07,C0,OK
0x29ED,0x01ED,09,40,1,0x00B2F0,0x212,0x00B502,0x01EE,37,F8,B0,OK
0x29EC,0x01EC,09,40,1,0x00B2F0,0x213,0x00B503,0x01ED,37,0C,C3,OK
0x29EB,0x01EB,09,40,1,0x00B2F0,0x214,0x00B504,0x01EC,37,01,B7,OK
0x29EA,0x01EA,09,40,1,0x00B2F0,0x215,0x00B505,0x01EB,37,09,BE,OK
0x29E9,0x01E9,09,40,1,0x00B2F0,0x216,0x00B506,0x01EA,37,7F,33,OK
0x29E8,0x01E8,09,40,1,0x00B2F0,0x217,0x00B507,0x01E9,37,0A,BD,OK
0x29E7,0x01E7,09,40,1,0x00B2F0,0x218,0x00B508,0x01E8,37,C0,72,OK
0x29E6,0x01E6,09,40,1,0x00B2F0,0x219,0x00B509,0x01E7,37,0B,BC,OK
0x29E5,0x01E5,09,40,1,0x00B2F0,0x21A,0x00B50A,0x01E6,37,7F,2F,OK
0x29E4,0x01E4,09,40,1,0x00B2F0,0x21B,0x00B50B,0x01E5,37,0B,BA,OK
0x29E3,0x01E3,09,40,1,0x00B2F0,0x21C,0x00B50C,0x01E4,37,94,42,OK
0x29E2,0x01E2,09,40,1,0x00B2F0,0x21D,0x00B50D,0x01E3,37,03,B0,OK
0x29E1,0x01E1,09,40,1,0x00B2F0,0x21E,0x00B50E,0x01E2,37,97,43,OK
0x29E0,0x01E0,09,40,1,0x00B2F0,0x21F,0x00B50F,0x01E1,37,03,AE,OK
0x29DF,0x01DF,09,40,1,0x00B2F0,0x220,0x00B510,0x01E0,37,E0,8A,OK
0x29DE,0x01DE,09,40,1,0x00B2F0,0x221,0x00B511,0x01DF,37,FF,A8,OK
0x29DD,0x01DD,09,40,1,0x00B2F0,0x222,0x00B512,0x01DE,37,05,AD,OK
0x29DC,0x01DC,09,40,1,0x00B2F0,0x223,0x00B513,0x01DD,37,01,A8,OK
0x29DB,0x01DB,09,40,1,0x00B2F0,0x224,0x00B514,0x01DC,37,0C,B2,OK
0x29DA,0x01DA,09,40,1,0x00B2F0,0x225,0x00B515,0x01DB,37,F0,95,OK
0x29D9,0x01D9,09,40,1,0x00B2F0,0x226,0x00B516,0x01DA,37,FF,A3,OK
0x29D8,0x01D8,09,40,1,0x00B2F0,0x227,0x00B517,0x01D9,37,07,AA,OK
0x29D7,0x01D7,09,40,1,0x00B2F0,0x228,0x00B518,0x01D8,37,07,A9,OK
0x29D6,0x01D6,09,40,1,0x00B2F0,0x229,0x00B519,0x01D7,37,04,A5,OK
0x29D5,0x01D5,09,40,1,0x00B2F0,0x22A,0x00B51A,0x01D6,37,0C,AC,OK
0x29D4,0x01D4,09,40,1,0x00B2F0,0x22B,0x00B51B,0x01D5,37,FE,9D,OK
0x29D3,0x01D3,09,40,1,0x00B2F0,0x22C,0x00B51C,0x01D4,37,09,A7,OK
0x29D2,0x01D2,09,40,1,0x00B2F0,0x22D,0x00B51D,0x01D3,37,80,1D,OK
0x29D1,0x01D1,09,40,1,0x00B2F0,0x22E,0x00B51E,0x01D2,37,0A,A6,OK
0x29D0,0x01D0,09,40,1,0x00B2F0,0x22F,0x00B51F,0x01D1,37,3F,DA,OK
0x29CF,0x01CF,09,40,1,0x00B2F0,0x230,0x00B520,0x01D0,37,0B,A5,OK
0x29CE,0x01CE,09,40,1,0x00B2F0,0x231,0x00B521,0x01CF,37,80,19,OK
0x29CD,0x01CD,09,40,1,0x00B2F0,0x232,0x00B522,0x01CE,37,0B,A3,OK
0x29CC,0x01CC,09,40,1,0x00B2F0,0x233,0x00B523,0x01CD,37,94,2B,OK
0x29CB,0x01CB,09,40,1,0x00B2F0,0x234,0x00B524,0x01CC,37,03,99,OK
0x29CA,0x01CA,09,40,1,0x00B2F0,0x235,0x00B525,0x01CB,37,97,2C,OK
0x29C9,0x01C9,09,40,1,0x00B2F0,0x236,0x00B526,0x01CA,37,03,97,OK
0x29C8,0x01C8,09,40,1,0x00B2F0,0x237,0x00B527,0x01C9,37,07,9A,OK
0x29C7,0x01C7,09,40,1,0x00B2F0,0x238,0x00B528,0x01C8,37,04,96,OK
0x29C6,0x01C6,09,40,1,0x00B2F0,0x239,0x00B529,0x01C7,37,00,91,OK
0x29C5,0x01C5,09,40,1,0x00B2F0,0x23A,0x00B52A,0x01C6,37,80,10,OK
0x29C4,0x01C4,09,40,1,0x00B2F0,0x23B,0x00B52B,0x01C5,37,FF,8E,OK
0x29C3,0x01C3,09,40,1,0x00B2F0,0x23C,0x00B52C,0x01C4,37,06,94,OK
0x29C2,0x01C2,09,40,1,0x00B2F0,0x23D,0x00B52D,0x01C3,37,03,90,OK
0x29C1,0x01C1,09,40,1,0x00B2F0,0x23E,0x00B52E,0x01C2,37,07,93,OK
0x29C0,0x01C0,09,40,1,0x00B2F0,0x23F,0x00B52F,0x01C1,37,04,8F,OK
0x29BF,0x01BF,09,40,1,0x00B2F0,0x240,0x00B530,0x01C0,37,00,8A,OK
0x29BE,0x01BE,09,40,1,0x00B2F0,0x241,0x00B531,0x01BF,37,07,90,OK
0x29BD,0x01BD,09,40,1,0x00B2F0,0x242,0x00B532,0x01BE,37,F8,80,OK
0x29BC,0x01BC,09,40,1,0x00B2F0,0x243,0x00B533,0x01BD,37,0C,93,OK
0x29BB,0x01BB,09,40,1,0x00B2F0,0x244,0x00B534,0x01BC,37,01,87,OK
0x29BA,0x01BA,09,40,1,0x00B2F0,0x245,0x00B535,0x01BB,37,09,8E,OK
0x29B9,0x01B9,09,40,1,0x00B2F0,0x246,0x00B536,0x01BA,37,3F,C3,OK
0x29B8,0x01B8,09,40,1,0x00B2F0,0x247,0x00B537,0x01B9,37,0A,8D,OK
0x29B7,0x01B7,09,40,1,0x00B2F0,0x248,0x00B538,0x01B8,37,C0,42,OK
0x29B6,0x01B6,09,40,1,0x00B2F0,0x249,0x00B539,0x01B7,37,FF,80,OK
0x29B5,0x01B5,09,40,1,0x00B2F0,0x24A,0x00B53A,0x01B6,37,08,88,OK
0x29B4,0x01B4,09,40,1,0x00B2F0,0x24B,0x00B53B,0x01B5,37,0B,8A,OK
0x29B3,0x01B3,09,40,1,0x00B2F0,0x24C,0x00B53C,0x01B4,37,FC,7A,OK
0x29B2,0x01B2,09,40,1,0x00B2F0,0x24D,0x00B53D,0x01B3,37,93,10,OK
0x29B1,0x01B1,09,40,1,0x00B2F0,0x24E,0x00B53E,0x01B2,37,03,7F,OK
0x29B0,0x01B0,09,40,1,0x00B2F0,0x24F,0x00B53F,0x01B1,37,97,12,OK
0x29AF,0x01AF,09,40,1,0x00B2F0,0x250,0x00B540,0x01B0,37,03,7D,OK
0x29AE,0x01AE,09,40,1,0x00B2F0,0x251,0x00B541,0x01AF,37,F8,71,OK
0x29AD,0x01AD,09,40,1,0x00B2F0,0x252,0x00B542,0x01AE,37,FF,77,OK
0x29AC,0x01AC,09,40,1,0x00B2F0,0x253,0x00B543,0x01AD,37,7F,F6,OK
0x29AB,0x01AB,09,40,1,0x00B2F0,0x254,0x00B544,0x01AC,37,00,76,OK
0x29AA,0x01AA,09,40,1,0x00B2F0,0x255,0x00B545,0x01AB,37,06,7B,OK
0x29A9,0x01A9,09,40,1,0x00B2F0,0x256,0x00B546,0x01AA,37,03,77,OK
0x29A8,0x01A8,09,40,1,0x00B2F0,0x257,0x00B547,0x01A9,37,F8,6B,OK
0x29A7,0x01A7,09,40,1,0x00B2F0,0x258,0x00B548,0x01A8,37,FF,71,OK
0x29A6,0x01A6,09,40,1,0x00B2F0,0x259,0x00B549,0x01A7,37,07,78,OK
0x29A5,0x01A5,09,40,1,0x00B2F0,0x25A,0x00B54A,0x01A6,37,07,77,OK
0x29A4,0x01A4,09,40,1,0x00B2F0,0x25B,0x00B54B,0x01A5,37,04,73,OK
0x29A3,0x01A3,09,40,1,0x00B2F0,0x25C,0x00B54C,0x01A4,37,0C,7A,OK
0x29A2,0x01A2,09,40,1,0x00B2F0,0x25D,0x00B54D,0x01A3,37,FE,6B,OK
0x29A1,0x01A1,09,40,1,0x00B2F0,0x25E,0x00B54E,0x01A2,37,09,75,OK
0x29A0,0x01A0,09,40,1,0x00B2F0,0x25F,0x00B54F,0x01A1,37,C0,2B,OK
0x299F,0x019F,09,40,1,0x00B2F0,0x260,0x00B550,0x01A0,37,0A,74,OK
0x299E,0x019E,09,40,1,0x00B2F0,0x261,0x00B551,0x019F,37,3F,A8,OK
0x299D,0x019D,09,40,1,0x00B2F0,0x262,0x00B552,0x019E,37,00,68,OK
0x299C,0x019C,09,40,1,0x00B2F0,0x263,0x00B553,0x019D,37,08,6F,OK
0x299B,0x019B,09,40,1,0x00B2F0,0x264,0x00B554,0x019C,37,0B,71,OK
0x299A,0x019A,09,40,1,0x00B2F0,0x265,0x00B555,0x019B,37,03,68,OK
0x2999,0x0199,09,40,1,0x00B2F0,0x266,0x00B556,0x019A,37,04,68,OK
0x2998,0x0198,09,40,1,0x00B2F0,0x267,0x00B557,0x0199,37,93,F6,OK
0x2997,0x0197,09,40,1,0x00B2F0,0x268,0x00B558,0x0198,37,03,65,OK
0x2996,0x0196,09,40,1,0x00B2F0,0x269,0x00B559,0x0197,37,97,F8,OK
0x2995,0x0195,09,40,1,0x00B2F0,0x26A,0x00B55A,0x0196,37,03,63,OK
0x2994,0x0194,09,40,1,0x00B2F0,0x26B,0x00B55B,0x0195,37,03,62,OK
0x2993,0x0193,09,40,1,0x00B2F0,0x26C,0x00B55C,0x0194,37,04,62,OK
0x2992,0x0192,09,40,1,0x00B2F0,0x26D,0x00B55D,0x0193,37,00,5D,OK
0x2991,0x0191,09,40,1,0x00B2F0,0x26E,0x00B55E,0x0192,37,FF,5B,OK
0x2990,0x0190,09,40,1,0x00B2F0,0x26F,0x00B55F,0x0191,37,07,62,OK
0x298F,0x018F,09,40,1,0x00B2F0,0x270,0x00B560,0x0190,37,03,5D,OK
0x298E,0x018E,09,40,1,0x00B2F0,0x271,0x00B561,0x018F,37,01,5A,OK
0x298D,0x018D,09,40,1,0x00B2F0,0x272,0x00B562,0x018E,37,00,58,OK
0x298C,0x018C,09,40,1,0x00B2F0,0x273,0x00B563,0x018D,37,06,5D,OK
0x298B,0x018B,09,40,1,0x00B2F0,0x274,0x00B564,0x018C,37,F0,46,OK
0x298A,0x018A,09,40,1,0x00B2F0,0x275,0x00B565,0x018B,37,86,DB,OK
0x2989,0x0189,09,40,1,0x00B2F0,0x276,0x00B566,0x018A,37,03,57,OK
0x2988,0x0188,09,40,1,0x00B2F0,0x277,0x00B567,0x0189,37,01,54,OK
0x2987,0x0187,09,40,1,0x00B2F0,0x278,0x00B568,0x0188,37,09,5B,OK
0x2986,0x0186,09,40,1,0x00B2F0,0x279,0x00B569,0x0187,37,7C,CD,OK
0x2985,0x0185,09,40,1,0x00B2F0,0x27A,0x00B56A,0x0186,37,0B,5B,OK
0x2984,0x0184,09,40,1,0x00B2F0,0x27B,0x00B56B,0x0185,37,FF,4E,OK
0x2983,0x0183,09,40,1,0x00B2F0,0x27C,0x00B56C,0x0184,37,08,56,OK
0x2982,0x0182,09,40,1,0x00B2F0,0x27D,0x00B56D,0x0183,37,0B,58,OK
0x2981,0x0181,09,40,1,0x00B2F0,0x27E,0x00B56E,0x0182,37,F0,3C,OK
0x2980,0x0180,09,40,1,0x00B2F0,0x27F,0x00B56F,0x0181,37,93,DE,OK
0x297F,0x017F,09,40,1,0x00B2F0,0x280,0x00B570,0x0180,37,03,4D,OK
0x297E,0x017E,09,40,1,0x00B2F0,0x281,0x00B571,0x017F,37,97,E0,OK
0x297D,0x017D,09,40,1,0x00B2F0,0x282,0x00B572,0x017E,37,03,4B,OK
0x297C,0x017C,09,40,1,0x00B2F0,0x283,0x00B573,0x017D,37,FC,43,OK
0x297B,0x017B,09,40,1,0x00B2F0,0x284,0x00B574,0x017C,37,FF,45,OK
0x297A,0x017A,09,40,1,0x00B2F0,0x285,0x00B575,0x017B,37,00,45,OK
0x2979,0x0179,09,40,1,0x00B2F0,0x286,0x00B576,0x017A,37,07,4B,OK
0x2978,0x0178,09,40,1,0x00B2F0,0x287,0x00B577,0x0179,37,03,46,OK
0x2977,0x0177,09,40,1,0x00B2F0,0x288,0x00B578,0x0178,37,FE,40,OK
0x2976,0x0176,09,40,1,0x00B2F0,0x289,0x00B579,0x0177,37,FF,40,OK
0x2975,0x0175,09,40,1,0x00B2F0,0x28A,0x00B57A,0x0176,37,06,46,OK
0x2974,0x0174,09,40,1,0x00B2F0,0x28B,0x00B57B,0x0175,37,0F,4E,OK
0x2973,0x0173,09,40,1,0x00B2F0,0x28C,0x00B57C,0x0174,37,86,C4,OK
0x2972,0x0172,09,40,1,0x00B2F0,0x28D,0x00B57D,0x0173,37,03,40,OK
0x2971,0x0171,09,40,1,0x00B2F0,0x28E,0x00B57E,0x0172,37,FE,3A,OK
0x2970,0x0170,09,40,1,0x00B2F0,0x28F,0x00B57F,0x0171,37,09,44,OK
0x296F,0x016F,09,40,1,0x00B2F0,0x290,0x00B580,0x0170,37,83,BD,OK
0x296E,0x016E,09,40,1,0x00B2F0,0x291,0x00B581,0x016F,37,0B,44,OK
0x296D,0x016D,09,40,1,0x00B2F0,0x292,0x00B582,0x016E,37,00,38,OK
0x296C,0x016C,09,40,1,0x00B2F0,0x293,0x00B583,0x016D,37,08,3F,OK
0x296B,0x016B,09,40,1,0x00B2F0,0x294,0x00B584,0x016C,37,0B,41,OK
0x296A,0x016A,09,40,1,0x00B2F0,0x295,0x00B585,0x016B,37,0F,44,OK
0x2969,0x0169,09,40,1,0x00B2F0,0x296,0x00B586,0x016A,37,93,C7,OK
0x2968,0x0168,09,40,1,0x00B2F0,0x297,0x00B587,0x0169,37,03,36,OK
0x2967,0x0167,09,40,1,0x00B2F0,0x298,0x00B588,0x0168,37,97,C9,OK
0x2966,0x0166,09,40,1,0x00B2F0,0x299,0x00B589,0x0167,37,03,34,OK
0x2965,0x0165,09,40,1,0x00B2F0,0x29A,0x00B58A,0x0166,37,03,33,OK
0x2964,0x0164,09,40,1,0x00B2F0,0x29B,0x00B58B,0x0165,37,04,33,OK
0x2963,0x0163,09,40,1,0x00B2F0,0x29C,0x00B58C,0x0164,37,FE,2C,OK
0x2962,0x0162,09,40,1,0x00B2F0,0x29D,0x00B58D,0x0163,37,86,B3,OK
0x2961,0x0161,09,40,1,0x00B2F0,0x29E,0x00B58E,0x0162,37,03,2F,OK
0x2960,0x0160,09,40,1,0x00B2F0,0x29F,0x00B58F,0x0161,37,7F,AA,OK
0x295F,0x015F,09,40,1,0x00B2F0,0x2A0,0x00B590,0x0160,37,00,2A,OK
0x295E,0x015E,09,40,1,0x00B2F0,0x2A1,0x00B591,0x015F,37,06,2F,OK
0x295D,0x015D,09,40,1,0x00B2F0,0x2A2,0x00B592,0x015E,37,FC,24,OK
0x295C,0x015C,09,40,1,0x00B2F0,0x2A3,0x00B593,0x015D,37,87,AE,OK
0x295B,0x015B,09,40,1,0x00B2F0,0x2A4,0x00B594,0x015C,37,03,29,OK
0x295A,0x015A,09,40,1,0x00B2F0,0x2A5,0x00B595,0x015B,37,01,26,OK
0x2959,0x0159,09,40,1,0x00B2F0,0x2A6,0x00B596,0x015A,37,09,2D,OK
0x2958,0x0158,09,40,1,0x00B2F0,0x2A7,0x00B597,0x0159,37,78,9B,OK
0x2957,0x0157,09,40,1,0x00B2F0,0x2A8,0x00B598,0x0158,37,0B,2D,OK
0x2956,0x0156,09,40,1,0x00B2F0,0x2A9,0x00B599,0x0157,37,F8,19,OK
0x2955,0x0155,09,40,1,0x00B2F0,0x2AA,0x00B59A,0x0156,37,0A,2A,OK
0x2954,0x0154,09,40,1,0x00B2F0,0x2AB,0x00B59B,0x0155,37,7F,9E,OK
0x2953,0x0153,09,40,1,0x00B2F0,0x2AC,0x00B59C,0x0154,37,0C,2A,OK
0x2952,0x0152,09,40,1,0x00B2F0,0x2AD,0x00B59D,0x0153,37,FE,1B,OK
0x2951,0x0151,09,40,1,0x00B2F0,0x2AE,0x00B59E,0x0152,37,92,AE,OK
0x2950,0x0150,09,40,1,0x00B2F0,0x2AF,0x00B59F,0x0151,37,03,1E,OK
0x294F,0x014F,09,40,1,0x00B2F0,0x2B0,0x00B5A0,0x0150,37,97,B1,OK
0x294E,0x014E,09,40,1,0x00B2F0,0x2B1,0x00B5A1,0x014F,37,03,1C,OK
0x294D,0x014D,09,40,1,0x00B2F0,0x2B2,0x00B5A2,0x014E,37,FC,14,OK
0x294C,0x014C,09,40,1,0x00B2F0,0x2B3,0x00B5A3,0x014D,37,01,18,OK
0x294B,0x014B,09,40,1,0x00B2F0,0x2B4,0x00B5A4,0x014C,37,86,9C,OK
0x294A,0x014A,09,40,1,0x00B2F0,0x2B5,0x00B5A5,0x014B,37,03,18,OK
0x2949,0x0149,09,40,1,0x00B2F0,0x2B6,0x00B5A6,0x014A,37,80,94,OK
0x2948,0x0148,09,40,1,0x00B2F0,0x2B7,0x00B5A7,0x0149,37,FF,12,OK
0x2947,0x0147,09,40,1,0x00B2F0,0x2B8,0x00B5A8,0x0148,37,06,18,OK
0x2946,0x0146,09,40,1,0x00B2F0,0x2B9,0x00B5A9,0x0147,37,03,14,OK
0x2945,0x0145,09,40,1,0x00B2F0,0x2BA,0x00B5AA,0x0146,37,04,14,OK
0x2944,0x0144,09,40,1,0x00B2F0,0x2BB,0x00B5AB,0x0145,37,87,96,OK
0x2943,0x0143,09,40,1,0x00B2F0,0x2BC,0x00B5AC,0x0144,37,03,11,OK
0x2942,0x0142,09,40,1,0x00B2F0,0x2BD,0x00B5AD,0x0143,37,FE,0B,OK
0x2941,0x0141,09,40,1,0x00B2F0,0x2BE,0x00B5AE,0x0142,37,09,15,OK
0x2940,0x0140,09,40,1,0x00B2F0,0x2BF,0x00B5AF,0x0141,37,87,92,OK
0x293F,0x013F,09,40,1,0x00B2F0,0x2C0,0x00B5B0,0x0140,37,0B,15,OK
0x293E,0x013E,09,40,1,0x00B2F0,0x2C1,0x00B5B1,0x013F,37,07,10,OK
0x293D,0x013D,09,40,1,0x00B2F0,0x2C2,0x00B5B2,0x013E,37,04,0C,OK
0x293C,0x013C,09,40,1,0x00B2F0,0x2C3,0x00B5B3,0x013D,37,0A,11,OK
0x293B,0x013B,09,40,1,0x00B2F0,0x2C4,0x00B5B4,0x013C,37,80,86,OK
0x293A,0x013A,09,40,1,0x00B2F0,0x2C5,0x00B5B5,0x013B,37,0C,11,OK
0x2939,0x0139,09,40,1,0x00B2F0,0x2C6,0x00B5B6,0x013A,37,01,05,OK
0x2938,0x0138,09,40,1,0x00B2F0,0x2C7,0x00B5B7,0x0139,37,92,95,OK
0x2937,0x0137,09,40,1,0x00B2F0,0x2C8,0x00B5B8,0x0138,37,03,05,OK
0x2936,0x0136,09,40,1,0x00B2F0,0x2C9,0x00B5B9,0x0137,37,9F,A0,OK
0x2935,0x0135,09,40,1,0x00B2F0,0x2CA,0x00B5BA,0x0136,37,03,03,OK
0x2934,0x0134,09,40,1,0x00B2F0,0x2CB,0x00B5BB,0x0135,37,0F,0E,OK
0x2933,0x0133,09,40,1,0x00B2F0,0x2CC,0x00B5BC,0x0134,37,00,FE,OK
0x2932,0x0132,09,40,1,0x00B2F0,0x2CD,0x00B5BD,0x0133,37,05,02,OK
0x2931,0x0131,09,40,1,0x00B2F0,0x2CE,0x00B5BE,0x0132,37,80,7C,OK
0x2930,0x0130,09,40,1,0x00B2F0,0x2CF,0x00B5BF,0x0131,37,88,83,OK
0x292F,0x012F,09,40,1,0x00B2F0,0x2D0,0x00B5C0,0x0130,37,03,FD,OK
0x292E,0x012E,09,40,1,0x00B2F0,0x2D1,0x00B5C1,0x012F,37,01,FA,OK
0x292D,0x012D,09,40,1,0x00B2F0,0x2D2,0x00B5C2,0x012E,37,09,01,OK
0x292C,0x012C,09,40,1,0x00B2F0,0x2D3,0x00B5C3,0x012D,37,FC,F3,OK
0x292B,0x012B,09,40,1,0x00B2F0,0x2D4,0x00B5C4,0x012C,37,0B,01,OK
0x292A,0x012A,09,40,1,0x00B2F0,0x2D5,0x00B5C5,0x012B,37,F0,E5,OK
0x2929,0x0129,09,40,1,0x00B2F0,0x2D6,0x00B5C6,0x012A,37,0A,FE,OK
0x2928,0x0128,09,40,1,0x00B2F0,0x2D7,0x00B5C7,0x0129,37,7F,72,OK
0x2927,0x0127,09,40,1,0x00B2F0,0x2D8,0x00B5C8,0x0128,37,0C,FE,OK
0x2926,0x0126,09,40,1,0x00B2F0,0x2D9,0x00B5C9,0x0127,37,FC,ED,OK
0x2925,0x0125,09,40,1,0x00B2F0,0x2DA,0x00B5CA,0x0126,37,92,82,OK
0x2924,0x0124,09,40,1,0x00B2F0,0x2DB,0x00B5CB,0x0125,37,03,F2,OK
0x2923,0x0123,09,40,1,0x00B2F0,0x2DC,0x00B5CC,0x0124,37,9F,8D,OK
0x2922,0x0122,09,40,1,0x00B2F0,0x2DD,0x00B5CD,0x0123,37,03,F0,OK
0x2921,0x0121,09,40,1,0x00B2F0,0x2DE,0x00B5CE,0x0122,37,F0,DC,OK
0x2920,0x0120,09,40,1,0x00B2F0,0x2DF,0x00B5CF,0x0121,37,FF,EA,OK
0x291F,0x011F,09,40,1,0x00B2F0,0x2E0,0x00B5D0,0x0120,37,05,EF,OK
0x291E,0x011E,09,40,1,0x00B2F0,0x2E1,0x00B5D1,0x011F,37,7F,68,OK
0x291D,0x011D,09,40,1,0x00B2F0,0x2E2,0x00B5D2,0x011E,37,88,70,OK
0x291C,0x011C,09,40,1,0x00B2F0,0x2E3,0x00B5D3,0x011D,37,03,EA,OK
0x291B,0x011B,09,40,1,0x00B2F0,0x2E4,0x00B5D4,0x011C,37,FE,E4,OK
0x291A,0x011A,09,40,1,0x00B2F0,0x2E5,0x00B5D5,0x011B,37,09,EE,OK
0x2919,0x0119,09,40,1,0x00B2F0,0x2E6,0x00B5D6,0x011A,37,03,E7,OK
0x2918,0x0118,09,40,1,0x00B2F0,0x2E7,0x00B5D7,0x0119,37,04,E7,OK
0x2917,0x0117,09,40,1,0x00B2F0,0x2E8,0x00B5D8,0x0118,37,0B,ED,OK
0x2916,0x0116,09,40,1,0x00B2F0,0x2E9,0x00B5D9,0x0117,37,0F,F0,OK
0x2915,0x0115,09,40,1,0x00B2F0,0x2EA,0x00B5DA,0x0116,37,0A,EA,OK
0x2914,0x0114,09,40,1,0x00B2F0,0x2EB,0x00B5DB,0x0115,37,80,5F,OK
0x2913,0x0113,09,40,1,0x00B2F0,0x2EC,0x00B5DC,0x0114,37,0C,EA,OK
0x2912,0x0112,09,40,1,0x00B2F0,0x2ED,0x00B5DD,0x0113,37,03,E0,OK
0x2911,0x0111,09,40,1,0x00B2F0,0x2EE,0x00B5DE,0x0112,37,04,E0,OK
0x2910,0x0110,09,40,1,0x00B2F0,0x2EF,0x00B5DF,0x0111,37,92,6D,OK
0x290F,0x010F,09,40,1,0x00B2F0,0x2F0,0x00B5E0,0x0110,37,03,DD,OK
0x290E,0x010E,09,40,1,0x00B2F0,0x2F1,0x00B5E1,0x010F,37,9F,78,OK
0x290D,0x010D,09,40,1,0x00B2F0,0x2F2,0x00B5E2,0x010E,37,03,DB,OK
0x290C,0x010C,09,40,1,0x00B2F0,0x2F3,0x00B5E3,0x010D,37,03,DA,OK
0x290B,0x010B,09,40,1,0x00B2F0,0x2F4,0x00B5E4,0x010C,37,04,DA,OK
0x290A,0x010A,09,40,1,0x00B2F0,0x2F5,0x00B5E5,0x010B,37,00,D5,OK
0x2909,0x0109,09,40,1,0x00B2F0,0x2F6,0x00B5E6,0x010A,37,05,D9,OK
0x2908,0x0108,09,40,1,0x00B2F0,0x2F7,0x00B5E7,0x0109,37,FC,CF,OK
0x2907,0x0107,09,40,1,0x00B2F0,0x2F8,0x00B5E8,0x0108,37,88,5A,OK
0x2906,0x0106,09,40,1,0x00B2F0,0x2F9,0x00B5E9,0x0107,37,03,D4,OK
0x2905,0x0105,09,40,1,0x00B2F0,0x2FA,0x00B5EA,0x0106,37,03,D3,OK
0x2904,0x0104,09,40,1,0x00B2F0,0x2FB,0x00B5EB,0x0105,37,04,D3,OK
0x2903,0x0103,09,40,1,0x00B2F0,0x2FC,0x00B5EC,0x0104,37,00,CE,OK
0x2902,0x0102,09,40,1,0x00B2F0,0x2FD,0x00B5ED,0x0103,37,05,D2,OK
0x2901,0x0101,09,40,1,0x00B2F0,0x2FE,0x00B5EE,0x0102,37,78,44,OK
0x2900,0x0100,09,40,1,0x00B2F0,0x2FF,0x00B5EF,0x0101,37,00,CB,OK
0x28FF,0x00FF,09,40,1,0x00B2F0,0x300,0x00B5F0,0x0100,37,07,D1,OK
0x28FE,0x00FE,09,40,1,0x00B2F0,0x301,0x00B5F1,0x00FF,37,F0,B8,OK
0x28FD,0x00FD,09,40,1,0x00B2F0,0x302,0x00B5F2,0x00FE,37,0A,D1,OK
0x28FC,0x00FC,09,40,1,0x00B2F0,0x303,0x00B5F3,0x00FD,37,7F,45,OK
0x28FB,0x00FB,09,40,1,0x00B2F0,0x304,0x00B5F4,0x00FC,37,0C,D1,OK
0x28FA,0x00FA,09,40,1,0x00B2F0,0x305,0x00B5F5,0x00FB,37,80,44,OK
0x28F9,0x00F9,09,40,1,0x00B2F0,0x306,0x00B5F6,0x00FA,37,92,55,OK
0x28F8,0x00F8,09,40,1,0x00B2F0,0x307,0x00B5F7,0x00F9,37,03,C5,OK
0x28F7,0x00F7,09,40,1,0x00B2F0,0x308,0x00B5F8,0x00F8,37,9F,60,OK
0x28F6,0x00F6,09,40,1,0x00B2F0,0x309,0x00B5F9,0x00F7,37,03,C3,OK
0x28F5,0x00F5,09,40,1,0x00B2F0,0x30A,0x00B5FA,0x00F6,37,FC,BB,OK
0x28F4,0x00F4,09,40,1,0x00B2F0,0x30B,0x00B5FB,0x00F5,37,FF,BD,OK
0x28F3,0x00F3,09,40,1,0x00B2F0,0x30C,0x00B5FC,0x00F4,37,05,C2,OK
0x28F2,0x00F2,09,40,1,0x00B2F0,0x30D,0x00B5FD,0x00F3,37,03,BF,OK
0x28F1,0x00F1,09,40,1,0x00B2F0,0x30E,0x00B5FE,0x00F2,37,04,BF,OK
0x28F0,0x00F0,09,40,1,0x00B2F0,0x30F,0x00B5FF,0x00F1,37,88,42,OK
0x28EF,0x00EF,09,40,1,0x00B2F0,0x310,0x00B600,0x00F0,37,03,BC,OK
0x28EE,0x00EE,09,40,1,0x00B2F0,0x311,0x00B601,0x00EF,37,FC,B4,OK
0x28ED,0x00ED,09,40,1,0x00B2F0,0x312,0x00B602,0x00EE,37,FF,B6,OK
0x28EC,0x00EC,09,40,1,0x00B2F0,0x313,0x00B603,0x00ED,37,05,BB,OK
0x28EB,0x00EB,09,40,1,0x00B2F0,0x314,0x00B604,0x00EC,37,87,3C,OK
0x28EA,0x00EA,09,40,1,0x00B2F0,0x315,0x00B605,0x00EB,37,FF,B3,OK
0x28E9,0x00E9,09,40,1,0x00B2F0,0x316,0x00B606,0x00EA,37,07,BA,OK
0x28E8,0x00E8,09,40,1,0x00B2F0,0x317,0x00B607,0x00E9,37,0F,C1,OK
0x28E7,0x00E7,09,40,1,0x00B2F0,0x318,0x00B608,0x00E8,37,0A,BB,OK
0x28E6,0x00E6,09,40,1,0x00B2F0,0x319,0x00B609,0x00E7,37,80,30,OK
0x28E5,0x00E5,09,40,1,0x00B2F0,0x31A,0x00B60A,0x00E6,37,0C,BB,OK
0x28E4,0x00E4,09,40,1,0x00B2F0,0x31B,0x00B60B,0x00E5,37,7F,2D,OK
0x28E3,0x00E3,09,40,1,0x00B2F0,0x31C,0x00B60C,0x00E4,37,92,3F,OK
0x28E2,0x00E2,09,40,1,0x00B2F0,0x31D,0x00B60D,0x00E3,37,03,AF,OK
0x28E1,0x00E1,09,40,1,0x00B2F0,0x31E,0x00B60E,0x00E2,37,9F,4A,OK
0x28E0,0x00E0,09,40,1,0x00B2F0,0x31F,0x00B60F,0x00E1,37,03,AD,OK
0x28DF,0x00DF,09,40,1,0x00B2F0,0x320,0x00B610,0x00E0,37,03,AC,OK
0x28DE,0x00DE,09,40,1,0x00B2F0,0x321,0x00B611,0x00DF,37,04,AC,OK
0x28DD,0x00DD,09,40,1,0x00B2F0,0x322,0x00B612,0x00DE,37,C0,67,OK
0x28DC,0x00DC,09,40,1,0x00B2F0,0x323,0x00B613,0x00DD,37,8A,30,OK
0x28DB,0x00DB,09,40,1,0x00B2F0,0x324,0x00B614,0x00DC,37,03,A8,OK
0x28DA,0x00DA,09,40,1,0x00B2F0,0x325,0x00B615,0x00DB,37,07,AB,OK
0x28D9,0x00D9,09,40,1,0x00B2F0,0x326,0x00B616,0x00DA,37,04,A7,OK
0x28D8,0x00D8,09,40,1,0x00B2F0,0x327,0x00B617,0x00D9,37,00,A2,OK
0x28D7,0x00D7,09,40,1,0x00B2F0,0x328,0x00B618,0x00D8,37,05,A6,OK
0x28D6,0x00D6,09,40,1,0x00B2F0,0x329,0x00B619,0x00D7,37,70,10,OK
0x28D5,0x00D5,09,40,1,0x00B2F0,0x32A,0x00B61A,0x00D6,37,00,9F,OK
0x28D4,0x00D4,09,40,1,0x00B2F0,0x32B,0x00B61B,0x00D5,37,07,A5,OK
0x28D3,0x00D3,09,40,1,0x00B2F0,0x32C,0x00B61C,0x00D4,37,F0,8D,OK
0x28D2,0x00D2,09,40,1,0x00B2F0,0x32D,0x00B61D,0x00D3,37,0A,A6,OK
0x28D1,0x00D1,09,40,1,0x00B2F0,0x32E,0x00B61E,0x00D2,37,7F,1A,OK
0x28D0,0x00D0,09,40,1,0x00B2F0,0x32F,0x00B61F,0x00D1,37,86,20,OK
0x28CF,0x00CF,09,40,1,0x00B2F0,0x330,0x00B620,0x00D0,37,03,9C,OK
0x28CE,0x00CE,09,40,1,0x00B2F0,0x331,0x00B621,0x00CF,37,F8,90,OK
0x28CD,0x00CD,09,40,1,0x00B2F0,0x332,0x00B622,0x00CE,37,91,28,OK
0x28CC,0x00CC,09,40,1,0x00B2F0,0x333,0x00B623,0x00CD,37,03,99,OK
0x28CB,0x00CB,09,40,1,0x00B2F0,0x334,0x00B624,0x00CC,37,9F,34,OK
0x28CA,0x00CA,09,40,1,0x00B2F0,0x335,0x00B625,0x00CB,37,03,97,OK
0x28C9,0x00C9,09,40,1,0x00B2F0,0x336,0x00B626,0x00CA,37,FC,8F,OK
0x28C8,0x00C8,09,40,1,0x00B2F0,0x337,0x00B627,0x00C9,37,3F,D1,OK
0x28C7,0x00C7,09,40,1,0x00B2F0,0x338,0x00B628,0x00C8,37,8A,1B,OK
0x28C6,0x00C6,09,40,1,0x00B2F0,0x339,0x00B629,0x00C7,37,03,93,OK
0x28C5,0x00C5,09,40,1,0x00B2F0,0x33A,0x00B62A,0x00C6,37,F8,87,OK
0x28C4,0x00C4,09,40,1,0x00B2F0,0x33B,0x00B62B,0x00C5,37,FF,8D,OK
0x28C3,0x00C3,09,40,1,0x00B2F0,0x33C,0x00B62C,0x00C4,37,05,92,OK
0x28C2,0x00C2,09,40,1,0x00B2F0,0x33D,0x00B62D,0x00C3,37,8F,1B,OK
0x28C1,0x00C1,09,40,1,0x00B2F0,0x33E,0x00B62E,0x00C2,37,FF,8A,OK
0x28C0,0x00C0,09,40,1,0x00B2F0,0x33F,0x00B62F,0x00C1,37,07,91,OK
0x28BF,0x00BF,09,40,1,0x00B2F0,0x340,0x00B630,0x00C0,37,0F,98,OK
0x28BE,0x00BE,09,40,1,0x00B2F0,0x341,0x00B631,0x00BF,37,0A,92,OK
0x28BD,0x00BD,09,40,1,0x00B2F0,0x342,0x00B632,0x00BE,37,80,07,OK
0x28BC,0x00BC,09,40,1,0x00B2F0,0x343,0x00B633,0x00BD,37,86,0C,OK
0x28BB,0x00BB,09,40,1,0x00B2F0,0x344,0x00B634,0x00BC,37,03,88,OK
0x28BA,0x00BA,09,40,1,0x00B2F0,0x345,0x00B635,0x00BB,37,07,8B,OK
0x28B9,0x00B9,09,40,1,0x00B2F0,0x346,0x00B636,0x00BA,37,04,87,OK
0x28B8,0x00B8,09,40,1,0x00B2F0,0x347,0x00B637,0x00B9,37,91,13,OK
0x28B7,0x00B7,09,40,1,0x00B2F0,0x348,0x00B638,0x00B8,37,03,84,OK
0x28B6,0x00B6,09,40,1,0x00B2F0,0x349,0x00B639,0x00B7,37,9F,1F,OK
0x28B5,0x00B5,09,40,1,0x00B2F0,0x34A,0x00B63A,0x00B6,37,03,82,OK
0x28B4,0x00B4,09,40,1,0x00B2F0,0x34B,0x00B63B,0x00B5,37,83,01,OK
0x28B3,0x00B3,09,40,1,0x00B2F0,0x34C,0x00B63C,0x00B4,37,8B,08,OK
0x28B2,0x00B2,09,40,1,0x00B2F0,0x34D,0x00B63D,0x00B3,37,03,7F,OK
0x28B1,0x00B1,09,40,1,0x00B2F0,0x34E,0x00B63E,0x00B2,37,1F,9A,OK
0x28B0,0x00B0,09,40,1,0x00B2F0,0x34F,0x00B63F,0x00B1,37,F0,6A,OK
0x28AF,0x00AF,09,40,1,0x00B2F0,0x350,0x00B640,0x00B0,37,1F,98,OK
0x28AE,0x00AE,09,40,1,0x00B2F0,0x351,0x00B641,0x00AF,37,70,E8,OK
0x28AD,0x00AD,09,40,1,0x00B2F0,0x352,0x00B642,0x00AE,37,00,77,OK
0x28AC,0x00AC,09,40,1,0x00B2F0,0x353,0x00B643,0x00AD,37,05,7B,OK
0x28AB,0x00AB,09,40,1,0x00B2F0,0x354,0x00B644,0x00AC,37,C0,35,OK
0x28AA,0x00AA,09,40,1,0x00B2F0,0x355,0x00B645,0x00AB,37,3D,B1,OK
0x28A9,0x00A9,09,40,1,0x00B2F0,0x356,0x00B646,0x00AA,37,FE,71,OK
0x28A8,0x00A8,09,40,1,0x00B2F0,0x357,0x00B647,0x00A9,37,0A,7C,OK
0x28A7,0x00A7,09,40,1,0x00B2F0,0x358,0x00B648,0x00A8,37,7F,F0,OK
0x28A6,0x00A6,09,40,1,0x00B2F0,0x359,0x00B649,0x00A7,37,86,F6,OK
0x28A5,0x00A5,09,40,1,0x00B2F0,0x35A,0x00B64A,0x00A6,37,03,72,OK
0x28A4,0x00A4,09,40,1,0x00B2F0,0x35B,0x00B64B,0x00A5,37,C0,2E,OK
0x28A3,0x00A3,09,40,1,0x00B2F0,0x35C,0x00B64C,0x00A4,37,91,FE,OK
0x28A2,0x00A2,09,40,1,0x00B2F0,0x35D,0x00B64D,0x00A3,37,03,6F,OK
0x28A1,0x00A1,09,40,1,0x00B2F0,0x35E,0x00B64E,0x00A2,37,9F,0A,OK
0x28A0,0x00A0,09,40,1,0x00B2F0,0x35F,0x00B64F,0x00A1,37,03,6D,OK
0x289F,0x009F,09,40,1,0x00B2F0,0x360,0x00B650,0x00A0,37,7C,E5,OK
0x289E,0x009E,09,40,1,0x00B2F0,0x361,0x00B651,0x009F,37,8B,F3,OK
0x289D,0x009D,09,40,1,0x00B2F0,0x362,0x00B652,0x009E,37,03,6A,OK
0x289C,0x009C,09,40,1,0x00B2F0,0x363,0x00B653,0x009D,37,E0,46,OK
0x289B,0x009B,09,40,1,0x00B2F0,0x364,0x00B654,0x009C,37,0F,74,OK
0x289A,0x009A,09,40,1,0x00B2F0,0x365,0x00B655,0x009B,37,E0,44,OK
0x2899,0x0099,09,40,1,0x00B2F0,0x366,0x00B656,0x009A,37,8F,F2,OK
0x2898,0x0098,09,40,1,0x00B2F0,0x367,0x00B657,0x0099,37,FF,61,OK
0x2897,0x0097,09,40,1,0x00B2F0,0x368,0x00B658,0x0098,37,05,66,OK
0x2896,0x0096,09,40,1,0x00B2F0,0x369,0x00B659,0x0097,37,3F,9F,OK
0x2895,0x0095,09,40,1,0x00B2F0,0x36A,0x00B65A,0x0096,37,C2,21,OK
0x2894,0x0094,09,40,1,0x00B2F0,0x36B,0x00B65B,0x0095,37,01,5F,OK
0x2893,0x0093,09,40,1,0x00B2F0,0x36C,0x00B65C,0x0094,37,0A,67,OK
0x2892,0x0092,09,40,1,0x00B2F0,0x36D,0x00B65D,0x0093,37,80,DC,OK
0x2891,0x0091,09,40,1,0x00B2F0,0x36E,0x00B65E,0x0092,37,86,E1,OK
0x2890,0x0090,09,40,1,0x00B2F0,0x36F,0x00B65F,0x0091,37,03,5D,OK
0x288F,0x008F,09,40,1,0x00B2F0,0x370,0x00B660,0x0090,37,3F,98,OK
0x288E,0x008E,09,40,1,0x00B2F0,0x371,0x00B661,0x008F,37,91,E9,OK
0x288D,0x008D,09,40,1,0x00B2F0,0x372,0x00B662,0x008E,37,03,5A,OK
0x288C,0x008C,09,40,1,0x00B2F0,0x373,0x00B663,0x008D,37,AE,04,OK
0x288B,0x008B,09,40,1,0x00B2F0,0x374,0x00B664,0x008C,37,03,58,OK
0x288A,0x008A,09,40,1,0x00B2F0,0x375,0x00B665,0x008B,37,7F,D3,OK
0x2889,0x0089,09,40,1,0x00B2F0,0x376,0x00B666,0x008A,37,00,53,OK
0x2888,0x0088,09,40,1,0x00B2F0,0x377,0x00B667,0x0089,37,F0,42,OK
0x2887,0x0087,09,40,1,0x00B2F0,0x378,0x00B668,0x0088,37,87,D8,OK
0x2886,0x0086,09,40,1,0x00B2F0,0x379,0x00B669,0x0087,37,03,53,OK
0x2885,0x0085,09,40,1,0x00B2F0,0x37A,0x00B66A,0x0086,37,00,4F,OK
0x2884,0x0084,09,40,1,0x00B2F0,0x37B,0x00B66B,0x0085,37,07,55,OK
0x2883,0x0083,09,40,1,0x00B2F0,0x37C,0x00B66C,0x0084,37,03,50,OK
0x2882,0x0082,09,40,1,0x00B2F0,0x37D,0x00B66D,0x0083,37,91,DD,OK
0x2881,0x0081,09,40,1,0x00B2F0,0x37E,0x00B66E,0x0082,37,03,4E,OK
0x2880,0x0080,09,40,1,0x00B2F0,0x37F,0x00B66F,0x0081,37,AE,F8,OK
0x287F,0x007F,09,40,1,0x00B2F0,0x380,0x00B670,0x0080,37,03,4C,OK
0x287E,0x007E,09,40,1,0x00B2F0,0x381,0x00B671,0x007F,37,80,C8,OK
0x287D,0x007D,09,40,1,0x00B2F0,0x382,0x00B672,0x007E,37,FF,46,OK
0x287C,0x007C,09,40,1,0x00B2F0,0x383,0x00B673,0x007D,37,0F,55,OK
0x287B,0x007B,09,40,1,0x00B2F0,0x384,0x00B674,0x007C,37,87,CC,OK
0x287A,0x007A,09,40,1,0x00B2F0,0x385,0x00B675,0x007B,37,03,47,OK
0x2879,0x0079,09,40,1,0x00B2F0,0x386,0x00B676,0x007A,37,FF,42,OK
0x2878,0x0078,09,40,1,0x00B2F0,0x387,0x00B677,0x0079,37,07,49,OK
0x2877,0x0077,09,40,1,0x00B2F0,0x388,0x00B678,0x0078,37,03,44,OK
0x2876,0x0076,09,40,1,0x00B2F0,0x389,0x00B679,0x0077,37,91,D1,OK
0x2875,0x0075,09,40,1,0x00B2F0,0x38A,0x00B67A,0x0076,37,03,42,OK
0x2874,0x0074,09,40,1,0x00B2F0,0x38B,0x00B67B,0x0075,37,AF,ED,OK
0x2873,0x0073,09,40,1,0x00B2F0,0x38C,0x00B67C,0x0074,37,03,40,OK
0x2872,0x0072,09,40,1,0x00B2F0,0x38D,0x00B67D,0x0073,37,F0,2C,OK
0x2871,0x0071,09,40,1,0x00B2F0,0x38E,0x00B67E,0x0072,37,88,C3,OK
0x2870,0x0070,09,40,1,0x00B2F0,0x38F,0x00B67F,0x0071,37,03,3D,OK
0x286F,0x006F,09,40,1,0x00B2F0,0x390,0x00B680,0x0070,37,00,39,OK
0x286E,0x006E,09,40,1,0x00B2F0,0x391,0x00B681,0x006F,37,07,3F,OK
0x286D,0x006D,09,40,1,0x00B2F0,0x392,0x00B682,0x006E,37,03,3A,OK
0x286C,0x006C,09,40,1,0x00B2F0,0x393,0x00B683,0x006D,37,91,C7,OK
0x286B,0x006B,09,40,1,0x00B2F0,0x394,0x00B684,0x006C,37,03,38,OK
0x286A,0x006A,09,40,1,0x00B2F0,0x395,0x00B685,0x006B,37,AF,E3,OK
0x2869,0x0069,09,40,1,0x00B2F0,0x396,0x00B686,0x006A,37,03,36,OK
0x2868,0x0068,09,40,1,0x00B2F0,0x397,0x00B687,0x0069,37,0F,41,OK
0x2867,0x0067,09,40,1,0x00B2F0,0x398,0x00B688,0x0068,37,88,B9,OK
0x2866,0x0066,09,40,1,0x00B2F0,0x399,0x00B689,0x0067,37,03,33,OK
0x2865,0x0065,09,40,1,0x00B2F0,0x39A,0x00B68A,0x0066,37,FF,2E,OK
0x2864,0x0064,09,40,1,0x00B2F0,0x39B,0x00B68B,0x0065,37,07,35,OK
0x2863,0x0063,09,40,1,0x00B2F0,0x39C,0x00B68C,0x0064,37,03,30,OK
0x2862,0x0062,09,40,1,0x00B2F0,0x39D,0x00B68D,0x0063,37,91,BD,OK
0x2861,0x0061,09,40,1,0x00B2F0,0x39E,0x00B68E,0x0062,37,03,2E,OK
0x2860,0x0060,09,40,1,0x00B2F0,0x39F,0x00B68F,0x0061,37,B8,E2,OK
0x285F,0x005F,09,40,1,0x00B2F0,0x3A0,0x00B690,0x0060,37,03,2C,OK
0x285E,0x005E,09,40,1,0x00B2F0,0x3A1,0x00B691,0x005F,37,00,28,OK
0x285D,0x005D,09,40,1,0x00B2F0,0x3A2,0x00B692,0x005E,37,06,2D,OK
0x285C,0x005C,09,40,1,0x00B2F0,0x3A3,0x00B693,0x005D,37,03,29,OK
0x285B,0x005B,09,40,1,0x00B2F0,0x3A4,0x00B694,0x005C,37,80,A5,OK
0x285A,0x005A,09,40,1,0x00B2F0,0x3A5,0x00B695,0x005B,37,91,B5,OK
0x2859,0x0059,09,40,1,0x00B2F0,0x3A6,0x00B696,0x005A,37,03,26,OK
0x2858,0x0058,09,40,1,0x00B2F0,0x3A7,0x00B697,0x0059,37,B8,DA,OK
0x2857,0x0057,09,40,1,0x00B2F0,0x3A8,0x00B698,0x0058,37,03,24,OK
0x2856,0x0056,09,40,1,0x00B2F0,0x3A9,0x00B699,0x0057,37,FF,1F,OK
0x2855,0x0055,09,40,1,0x00B2F0,0x3AA,0x00B69A,0x0056,37,06,25,OK
0x2854,0x0054,09,40,1,0x00B2F0,0x3AB,0x00B69B,0x0055,37,03,21,OK
0x2853,0x0053,09,40,1,0x00B2F0,0x3AC,0x00B69C,0x0054,37,7F,9C,OK
0x2852,0x0052,09,40,1,0x00B2F0,0x3AD,0x00B69D,0x0053,37,91,AD,OK
0x2851,0x0051,09,40,1,0x00B2F0,0x3AE,0x00B69E,0x0052,37,03,1E,OK
0x2850,0x0050,09,40,1,0x00B2F0,0x3AF,0x00B69F,0x0051,37,B8,D2,OK
0x284F,0x004F,09,40,1,0x00B2F0,0x3B0,0x00B6A0,0x0050,37,03,1C,OK
0x284E,0x004E,09,40,1,0x00B2F0,0x3B1,0x00B6A1,0x004F,37,00,18,OK
0x284D,0x004D,09,40,1,0x00B2F0,0x3B2,0x00B6A2,0x004E,37,08,1F,OK
0x284C,0x004C,09,40,1,0x00B2F0,0x3B3,0x00B6A3,0x004D,37,FE,14,OK
0x284B,0x004B,09,40,1,0x00B2F0,0x3B4,0x00B6A4,0x004C,37,92,A7,OK
0x284A,0x004A,09,40,1,0x00B2F0,0x3B5,0x00B6A5,0x004B,37,03,17,OK
0x2849,0x0049,09,40,1,0x00B2F0,0x3B6,0x00B6A6,0x004A,37,B8,CB,OK
0x2848,0x0048,09,40,1,0x00B2F0,0x3B7,0x00B6A7,0x0049,37,03,15,OK
0x2847,0x0047,09,40,1,0x00B2F0,0x3B8,0x00B6A8,0x0048,37,FF,10,OK
0x2846,0x0046,09,40,1,0x00B2F0,0x3B9,0x00B6A9,0x0047,37,08,18,OK
0x2845,0x0045,09,40,1,0x00B2F0,0x3BA,0x00B6AA,0x0046,37,01,10,OK
0x2844,0x0044,09,40,1,0x00B2F0,0x3BB,0x00B6AB,0x0045,37,92,A0,OK
0x2843,0x0043,09,40,1,0x00B2F0,0x3BC,0x00B6AC,0x0044,37,03,10,OK
0x2842,0x0042,09,40,1,0x00B2F0,0x3BD,0x00B6AD,0x0043,37,B8,C4,OK
0x2841,0x0041,09,40,1,0x00B2F0,0x3BE,0x00B6AE,0x0042,37,03,0E,OK
0x2840,0x0040,09,40,1,0x00B2F0,0x3BF,0x00B6AF,0x0041,37,01,0B,OK
0x283F,0x003F,09,40,1,0x00B2F0,0x3C0,0x00B6B0,0x0040,37,00,09,OK
0x283E,0x003E,09,40,1,0x00B2F0,0x3C1,0x00B6B1,0x003F,37,05,0D,OK
0x283D,0x003D,09,40,1,0x00B2F0,0x3C2,0x00B6B2,0x003E,37,C0,C7,OK
0x283C,0x003C,09,40,1,0x00B2F0,0x3C3,0x00B6B3,0x003D,37,94,9A,OK
0x283B,0x003B,09,40,1,0x00B2F0,0x3C4,0x00B6B4,0x003C,37,03,08,OK
0x283A,0x003A,09,40,1,0x00B2F0,0x3C5,0x00B6B5,0x003B,37,B8,BC,OK
0x2839,0x0039,09,40,1,0x00B2F0,0x3C6,0x00B6B6,0x003A,37,03,06,OK
0x2838,0x0038,09,40,1,0x00B2F0,0x3C7,0x00B6B7,0x0039,37,FE,00,OK
0x2837,0x0037,09,40,1,0x00B2F0,0x3C8,0x00B6B8,0x0038,37,FF,00,OK
0x2836,0x0036,09,40,1,0x00B2F0,0x3C9,0x00B6B9,0x0037,37,05,05,OK
0x2835,0x0035,09,40,1,0x00B2F0,0x3CA,0x00B6BA,0x0036,37,3F,3E,OK
0x2834,0x0034,09,40,1,0x00B2F0,0x3CB,0x00B6BB,0x0035,37,94,92,OK
0x2833,0x0033,09,40,1,0x00B2F0,0x3CC,0x00B6BC,0x0034,37,03,00,OK
0x2832,0x0032,09,40,1,0x00B2F0,0x3CD,0x00B6BD,0x0033,37,B8,B4,OK
0x2831,0x0031,09,40,1,0x00B2F0,0x3CE,0x00B6BE,0x0032,37,03,FE,OK
0x2830,0x0030,09,40,1,0x00B2F0,0x3CF,0x00B6BF,0x0031,37,03,FD,OK
0x282F,0x002F,09,40,1,0x00B2F0,0x3D0,0x00B6C0,0x0030,37,04,FD,OK
0x282E,0x002E,09,40,1,0x00B2F0,0x3D1,0x00B6C1,0x002F,37,00,F8,OK
0x282D,0x002D,09,40,1,0x00B2F0,0x3D2,0x00B6C2,0x002E,37,05,FC,OK
0x282C,0x002C,09,40,1,0x00B2F0,0x3D3,0x00B6C3,0x002D,37,95,8B,OK
0x282B,0x002B,09,40,1,0x00B2F0,0x3D4,0x00B6C4,0x002C,37,03,F8,OK
0x282A,0x002A,09,40,1,0x00B2F0,0x3D5,0x00B6C5,0x002B,37,B8,AC,OK
0x2829,0x0029,09,40,1,0x00B2F0,0x3D6,0x00B6C6,0x002A,37,03,F6,OK
0x2828,0x0028,09,40,1,0x00B2F0,0x3D7,0x00B6C7,0x0029,37,FC,EE,OK
0x2827,0x0027,09,40,1,0x00B2F0,0x3D8,0x00B6C8,0x0028,37,FF,F0,OK
0x2826,0x0026,09,40,1,0x00B2F0,0x3D9,0x00B6C9,0x0027,37,05,F5,OK
0x2825,0x0025,09,40,1,0x00B2F0,0x3DA,0x00B6CA,0x0026,37,95,84,OK
0x2824,0x0024,09,40,1,0x00B2F0,0x3DB,0x00B6CB,0x0025,37,03,F1,OK
0x2823,0x0023,09,40,1,0x00B2F0,0x3DC,0x00B6CC,0x0024,37,FF,EC,OK
0x2822,0x0022,09,40,1,0x00B2F0,0x3DD,0x00B6CD,0x0023,37,38,24,OK
0x2821,0x0021,09,40,1,0x00B2F0,0x3DE,0x00B6CE,0x0022,37,03,EE,OK
0x2820,0x0020,09,40,1,0x00B2F0,0x3DF,0x00B6CF,0x0021,37,03,ED,OK
0x281F,0x001F,09,40,1,0x00B2F0,0x3E0,0x00B6D0,0x0020,37,04,ED,OK
0x281E,0x001E,09,40,1,0x00B2F0,0x3E1,0x00B6D1,0x001F,37,00,E8,OK
0x281D,0x001D,09,40,1,0x00B2F0,0x3E2,0x00B6D2,0x001E,37,FE,E5,OK
0x281C,0x001C,09,40,1,0x00B2F0,0x3E3,0x00B6D3,0x001D,37,FF,E5,OK
0x281B,0x001B,09,40,1,0x00B2F0,0x3E4,0x00B6D4,0x001C,37,15,FA,OK
0x281A,0x001A,09,40,1,0x00B2F0,0x3E5,0x00B6D5,0x001B,37,03,E7,OK
0x2819,0x0019,09,40,1,0x00B2F0,0x3E6,0x00B6D6,0x001A,37,00,E3,OK
0x2818,0x0018,09,40,1,0x00B2F0,0x3E7,0x00B6D7,0x0019,37,38,1A,OK
0x2817,0x0017,09,40,1,0x00B2F0,0x3E8,0x00B6D8,0x0018,37,03,E4,OK
0x2816,0x0016,09,40,1,0x00B2F0,0x3E9,0x00B6D9,0x0017,37,FC,DC,OK
0x2815,0x0015,09,40,1,0x00B2F0,0x3EA,0x00B6DA,0x0016,37,FF,DE,OK
0x2814,0x0014,09,40,1,0x00B2F0,0x3EB,0x00B6DB,0x0015,37,01,DF,OK
0x2813,0x0013,09,40,1,0x00B2F0,0x3EC,0x00B6DC,0x0014,37,00,DD,OK
0x2812,0x0012,09,40,1,0x00B2F0,0x3ED,0x00B6DD,0x0013,37,15,F1,OK
0x2811,0x0011,09,40,1,0x00B2F0,0x3EE,0x00B6DE,0x0012,37,03,DE,OK
0x2810,0x0010,09,40,1,0x00B2F0,0x3EF,0x00B6DF,0x0011,37,FF,D9,OK
0x280F,0x000F,09,40,1,0x00B2F0,0x3F0,0x00B6E0,0x0010,37,38,11,OK
0x280E,0x000E,09,40,1,0x00B2F0,0x3F1,0x00B6E1,0x000F,37,03,DB,OK
0x280D,0x000D,09,40,1,0x00B2F0,0x3F2,0x00B6E2,0x000E,37,07,DE,OK
0x280C,0x000C,09,40,1,0x00B2F0,0x3F3,0x00B6E3,0x000D,37,04,DA,OK
0x280B,0x000B,09,40,1,0x00B2F0,0x3F4,0x00B6E4,0x000C,37,F0,C5,OK
0x280A,0x000A,09,40,1,0x00B2F0,0x3F5,0x00B6E5,0x000B,37,FF,D3,OK
0x2809,0x0009,09,40,1,0x00B2F0,0x3F6,0x00B6E6,0x000A,37,16,E9,OK
0x2808,0x0008,09,40,1,0x00B2F0,0x3F7,0x00B6E7,0x0009,37,03,D5,OK
0x2807,0x0007,09,40,1,0x00B2F0,0x3F8,0x00B6E8,0x0008,37,00,D1,OK
0x2806,0x0006,09,40,1,0x00B2F0,0x3F9,0x00B6E9,0x0007,37,38,08,OK
0x2805,0x0005,09,40,1,0x00B2F0,0x3FA,0x00B6EA,0x0006,37,03,D2,OK
0x2804,0x0004,09,40,1,0x00B2F0,0x3FB,0x00B6EB,0x0005,37,F8,C6,OK
0x2803,0x0003,09,40,1,0x00B2F0,0x3FC,0x00B6EC,0x0004,37,0F,DC,OK
0x2802,0x0002,09,40,1,0x00B2F0,0x3FD,0x00B6ED,0x0003,37,00,CC,OK
0x2801,0x0001,09,40,1,0x00B2F0,0x3FE,0x00B6EE,0x0002,37,16,E1,OK
0x2800,0x0000,09,40,1,0x00B2F0,0x3FF,0x00B6EF,0x0001,37,03,CD,OK
0x2FFF,0x07FF,09,40,2,0x00B700,0x000,0x00B700,0x0400,37,0A,D7,OK
0x2FFE,0x07FE,09,40,2,0x00B700,0x001,0x00B701,0x03FF,37,01,CC,OK
0x2FFD,0x07FD,09,40,2,0x00B700,0x002,0x00B702,0x03FE,37,0B,D5,OK
0x2FFC,0x07FC,09,40,2,0x00B700,0x003,0x00B703,0x03FD,37,F8,C1,OK
0x2FFB,0x07FB,09,40,2,0x00B700,0x004,0x00B704,0x03FC,37,0A,D2,OK
0x2FFA,0x07FA,09,40,2,0x00B700,0x005,0x00B705,0x03FB,37,3F,06,OK
0x2FF9,0x07F9,09,40,2,0x00B700,0x006,0x00B706,0x03FA,37,8F,55,OK
0x2FF8,0x07F8,09,40,2,0x00B700,0x007,0x00B707,0x03F9,37,03,C8,OK
0x2FF7,0x07F7,09,40,2,0x00B700,0x008,0x00B708,0x03F8,37,88,4C,OK
0x2FF6,0x07F6,09,40,2,0x00B700,0x009,0x00B709,0x03F7,37,03,C6,OK
0x2FF5,0x07F5,09,40,2,0x00B700,0x00A,0x00B70A,0x03F6,37,80,42,OK
0x2FF4,0x07F4,09,40,2,0x00B700,0x00B,0x00B70B,0x03F5,37,0B,CC,OK
0x2FF3,0x07F3,09,40,2,0x00B700,0x00C,0x00B70C,0x03F4,37,3F,FF,OK
0x2FF2,0x07F2,09,40,2,0x00B700,0x00D,0x00B70D,0x03F3,37,00,BF,OK
0x2FF1,0x07F1,09,40,2,0x00B700,0x00E,0x00B70E,0x03F2,37,0B,C9,OK
0x2FF0,0x07F0,09,40,2,0x00B700,0x00F,0x00B70F,0x03F1,37,03,C0,OK
0x2FEF,0x07EF,09,40,2,0x00B700,0x010,0x00B710,0x03F0,37,09,C5,OK
0x2FEE,0x07EE,09,40,2,0x00B700,0x011,0x00B711,0x03EF,37,0F,CA,OK
0x2FED,0x07ED,09,40,2,0x00B700,0x012,0x00B712,0x03EE,37,0B,C5,OK
0x2FEC,0x07EC,09,40,2,0x00B700,0x013,0x00B713,0x03ED,37,FE,B7,OK
0x2FEB,0x07EB,09,40,2,0x00B700,0x014,0x00B714,0x03EC,37,09,C1,OK
0x2FEA,0x07EA,09,40,2,0x00B700,0x015,0x00B715,0x03EB,37,07,BE,OK
0x2FE9,0x07E9,09,40,2,0x00B700,0x016,0x00B716,0x03EA,37,04,BA,OK
0x2FE8,0x07E8,09,40,2,0x00B700,0x017,0x00B717,0x03E9,37,00,B5,OK
0x2FE7,0x07E7,09,40,2,0x00B700,0x018,0x00B718,0x03E8,37,08,BC,OK
0x2FE6,0x07E6,09,40,2,0x00B700,0x019,0x00B719,0x03E7,37,FE,B1,OK
0x2FE5,0x07E5,09,40,2,0x00B700,0x01A,0x00B71A,0x03E6,37,0F,C1,OK
0x2FE4,0x07E4,09,40,2,0x00B700,0x01B,0x00B71B,0x03E5,37,C0,71,OK
0x2FE3,0x07E3,09,40,2,0x00B700,0x01C,0x00B71C,0x03E4,37,09,B9,OK
0x2FE2,0x07E2,09,40,2,0x00B700,0x01D,0x00B71D,0x03E3,37,00,AF,OK
0x2FE1,0x07E1,09,40,2,0x00B700,0x01E,0x00B71E,0x03E2,37,E0,8E,OK
0x2FE0,0x07E0,09,40,2,0x00B700,0x01F,0x00B71F,0x03E1,37,FF,AC,OK
0x2FDF,0x07DF,09,40,2,0x00B700,0x020,0x00B720,0x03E0,37,06,B2,OK
0x2FDE,0x07DE,09,40,2,0x00B700,0x021,0x00B721,0x03DF,37,03,AE,OK
0x2FDD,0x07DD,09,40,2,0x00B700,0x022,0x00B722,0x03DE,37,04,AE,OK
0x2FDC,0x07DC,09,40,2,0x00B700,0x023,0x00B723,0x03DD,37,00,A9,OK
0x2FDB,0x07DB,09,40,2,0x00B700,0x024,0x00B724,0x03DC,37,06,AE,OK
0x2FDA,0x07DA,09,40,2,0x00B700,0x025,0x00B725,0x03DB,37,FF,A6,OK
0x2FD9,0x07D9,09,40,2,0x00B700,0x026,0x00B726,0x03DA,37,08,AE,OK
0x2FD8,0x07D8,09,40,2,0x00B700,0x027,0x00B727,0x03D9,37,03,A8,OK
0x2FD7,0x07D7,09,40,2,0x00B700,0x028,0x00B728,0x03D8,37,04,A8,OK
0x2FD6,0x07D6,09,40,2,0x00B700,0x029,0x00B729,0x03D7,37,93,36,OK
0x2FD5,0x07D5,09,40,2,0x00B700,0x02A,0x00B72A,0x03D6,37,03,A5,OK
0x2FD4,0x07D4,09,40,2,0x00B700,0x02B,0x00B72B,0x03D5,37,8D,2E,OK
0x2FD3,0x07D3,09,40,2,0x00B700,0x02C,0x00B72C,0x03D4,37,03,A3,OK
0x2FD2,0x07D2,09,40,2,0x00B700,0x02D,0x00B72D,0x03D3,37,C0,5F,OK
0x2FD1,0x07D1,09,40,2,0x00B700,0x02E,0x00B72E,0x03D2,37,0A,A8,OK
0x2FD0,0x07D0,09,40,2,0x00B700,0x02F,0x00B72F,0x03D1,37,0F,AC,OK
0x2FCF,0x07CF,09,40,2,0x00B700,0x030,0x00B730,0x03D0,37,F0,8C,OK
0x2FCE,0x07CE,09,40,2,0x00B700,0x031,0x00B731,0x03CF,37,FF,9A,OK
0x2FCD,0x07CD,09,40,2,0x00B700,0x032,0x00B732,0x03CE,37,06,A0,OK
0x2FCC,0x07CC,09,40,2,0x00B700,0x033,0x00B733,0x03CD,37,03,9C,OK
0x2FCB,0x07CB,09,40,2,0x00B700,0x034,0x00B734,0x03CC,37,09,A1,OK
0x2FCA,0x07CA,09,40,2,0x00B700,0x035,0x00B735,0x03CB,37,F0,87,OK
0x2FC9,0x07C9,09,40,2,0x00B700,0x036,0x00B736,0x03CA,37,0B,A1,OK
0x2FC8,0x07C8,09,40,2,0x00B700,0x037,0x00B737,0x03C9,37,01,96,OK
0x2FC7,0x07C7,09,40,2,0x00B700,0x038,0x00B738,0x03C8,37,09,9D,OK
0x2FC6,0x07C6,09,40,2,0x00B700,0x039,0x00B739,0x03C7,37,F0,83,OK
0x2FC5,0x07C5,09,40,2,0x00B700,0x03A,0x00B73A,0x03C6,37,0A,9C,OK
0x2FC4,0x07C4,09,40,2,0x00B700,0x03B,0x00B73B,0x03C5,37,3F,D0,OK
0x2FC3,0x07C3,09,40,2,0x00B700,0x03C,0x00B73C,0x03C4,37,00,90,OK
0x2FC2,0x07C2,09,40,2,0x00B700,0x03D,0x00B73D,0x03C3,37,0B,9A,OK
0x2FC1,0x07C1,09,40,2,0x00B700,0x03E,0x00B73E,0x03C2,37,03,91,OK
0x2FC0,0x07C0,09,40,2,0x00B700,0x03F,0x00B73F,0x03C1,37,FC,89,OK
0x2FBF,0x07BF,09,40,2,0x00B700,0x040,0x00B740,0x03C0,37,FF,8B,OK
0x2FBE,0x07BE,09,40,2,0x00B700,0x041,0x00B741,0x03BF,37,06,91,OK
0x2FBD,0x07BD,09,40,2,0x00B700,0x042,0x00B742,0x03BE,37,00,8A,OK
0x2FBC,0x07BC,09,40,2,0x00B700,0x043,0x00B743,0x03BD,37,08,91,OK
0x2FBB,0x07BB,09,40,2,0x00B700,0x044,0x00B744,0x03BC,37,FC,84,OK
0x2FBA,0x07BA,09,40,2,0x00B700,0x045,0x00B745,0x03BB,37,0A,91,OK
0x2FB9,0x07B9,09,40,2,0x00B700,0x046,0x00B746,0x03BA,37,0F,95,OK
0x2FB8,0x07B8,09,40,2,0x00B700,0x047,0x00B747,0x03B9,37,8F,14,OK
0x2FB7,0x07B7,09,40,2,0x00B700,0x048,0x00B748,0x03B8,37,03,87,OK
0x2FB6,0x07B6,09,40,2,0x00B700,0x049,0x00B749,0x03B7,37,88,0B,OK
0x2FB5,0x07B5,09,40,2,0x00B700,0x04A,0x00B74A,0x03B6,37,03,85,OK
0x2FB4,0x07B4,09,40,2,0x00B700,0x04B,0x00B74B,0x03B5,37,C0,41,OK
0x2FB3,0x07B3,09,40,2,0x00B700,0x04C,0x00B74C,0x03B4,37,0B,8B,OK
0x2FB2,0x07B2,09,40,2,0x00B700,0x04D,0x00B74D,0x03B3,37,1F,9E,OK
0x2FB1,0x07B1,09,40,2,0x00B700,0x04E,0x00B74E,0x03B2,37,8A,08,OK
0x2FB0,0x07B0,09,40,2,0x00B700,0x04F,0x00B74F,0x03B1,37,03,80,OK
0x2FAF,0x07AF,09,40,2,0x00B700,0x050,0x00B750,0x03B0,37,80,FC,OK
0x2FAE,0x07AE,09,40,2,0x00B700,0x051,0x00B751,0x03AF,37,09,84,OK
0x2FAD,0x07AD,09,40,2,0x00B700,0x052,0x00B752,0x03AE,37,07,81,OK
0x2FAC,0x07AC,09,40,2,0x00B700,0x053,0x00B753,0x03AD,37,04,7D,OK
0x2FAB,0x07AB,09,40,2,0x00B700,0x054,0x00B754,0x03AC,37,00,78,OK
0x2FAA,0x07AA,09,40,2,0x00B700,0x055,0x00B755,0x03AB,37,07,7E,OK
0x2FA9,0x07A9,09,40,2,0x00B700,0x056,0x00B756,0x03AA,37,FE,74,OK
0x2FA8,0x07A8,09,40,2,0x00B700,0x057,0x00B757,0x03A9,37,FF,74,OK
0x2FA7,0x07A7,09,40,2,0x00B700,0x058,0x00B758,0x03A8,37,05,79,OK
0x2FA6,0x07A6,09,40,2,0x00B700,0x059,0x00B759,0x03A7,37,03,76,OK
0x2FA5,0x07A5,09,40,2,0x00B700,0x05A,0x00B75A,0x03A6,37,04,76,OK
0x2FA4,0x07A4,09,40,2,0x00B700,0x05B,0x00B75B,0x03A5,37,0B,7C,OK
0x2FA3,0x07A3,09,40,2,0x00B700,0x05C,0x00B75C,0x03A4,37,80,F0,OK
0x2FA2,0x07A2,09,40,2,0x00B700,0x05D,0x00B75D,0x03A3,37,FF,6E,OK
0x2FA1,0x07A1,09,40,2,0x00B700,0x05E,0x00B75E,0x03A2,37,07,75,OK
0x2FA0,0x07A0,09,40,2,0x00B700,0x05F,0x00B75F,0x03A1,37,04,71,OK
0x2F9F,0x079F,09,40,2,0x00B700,0x060,0x00B760,0x03A0,37,C0,2C,OK
0x2F9E,0x079E,09,40,2,0x00B700,0x061,0x00B761,0x039F,37,09,74,OK
0x2F9D,0x079D,09,40,2,0x00B700,0x062,0x00B762,0x039E,37,00,6A,OK
0x2F9C,0x079C,09,40,2,0x00B700,0x063,0x00B763,0x039D,37,E0,49,OK
0x2F9B,0x079B,09,40,2,0x00B700,0x064,0x00B764,0x039C,37,FF,67,OK
0x2F9A,0x079A,09,40,2,0x00B700,0x065,0x00B765,0x039B,37,06,6D,OK
0x2F99,0x0799,09,40,2,0x00B700,0x066,0x00B766,0x039A,37,00,66,OK
0x2F98,0x0798,09,40,2,0x00B700,0x067,0x00B767,0x0399,37,07,6C,OK
0x2F97,0x0797,09,40,2,0x00B700,0x068,0x00B768,0x0398,37,FF,63,OK
0x2F96,0x0796,09,40,2,0x00B700,0x069,0x00B769,0x0397,37,08,6B,OK
0x2F95,0x0795,09,40,2,0x00B700,0x06A,0x00B76A,0x0396,37,01,63,OK
0x2F94,0x0794,09,40,2,0x00B700,0x06B,0x00B76B,0x0395,37,93,F4,OK
0x2F93,0x0793,09,40,2,0x00B700,0x06C,0x00B76C,0x0394,37,03,63,OK
0x2F92,0x0792,09,40,2,0x00B700,0x06D,0x00B76D,0x0393,37,8D,EC,OK
0x2F91,0x0791,09,40,2,0x00B700,0x06E,0x00B76E,0x0392,37,03,61,OK
0x2F90,0x0790,09,40,2,0x00B700,0x06F,0x00B76F,0x0391,37,E0,3D,OK
0x2F8F,0x078F,09,40,2,0x00B700,0x070,0x00B770,0x0390,37,0A,66,OK
0x2F8E,0x078E,09,40,2,0x00B700,0x071,0x00B771,0x038F,37,87,E2,OK
0x2F8D,0x078D,09,40,2,0x00B700,0x072,0x00B772,0x038E,37,86,E0,OK
0x2F8C,0x078C,09,40,2,0x00B700,0x073,0x00B773,0x038D,37,03,5C,OK
0x2F8B,0x078B,09,40,2,0x00B700,0x074,0x00B774,0x038C,37,7F,D7,OK
0x2F8A,0x078A,09,40,2,0x00B700,0x075,0x00B775,0x038B,37,09,60,OK
0x2F89,0x0789,09,40,2,0x00B700,0x076,0x00B776,0x038A,37,F8,4E,OK
0x2F88,0x0788,09,40,2,0x00B700,0x077,0x00B777,0x0389,37,FF,54,OK
0x2F87,0x0787,09,40,2,0x00B700,0x078,0x00B778,0x0388,37,07,5B,OK
0x2F86,0x0786,09,40,2,0x00B700,0x079,0x00B779,0x0387,37,01,54,OK
0x2F85,0x0785,09,40,2,0x00B700,0x07A,0x00B77A,0x0386,37,09,5B,OK
0x2F84,0x0784,09,40,2,0x00B700,0x07B,0x00B77B,0x0385,37,F0,41,OK
0x2F83,0x0783,09,40,2,0x00B700,0x07C,0x00B77C,0x0384,37,0A,5A,OK
0x2F82,0x0782,09,40,2,0x00B700,0x07D,0x00B77D,0x0383,37,1F,6E,OK
0x2F81,0x0781,09,40,2,0x00B700,0x07E,0x00B77E,0x0382,37,00,4E,OK
0x2F80,0x0780,09,40,2,0x00B700,0x07F,0x00B77F,0x0381,37,0B,58,OK
0x2F7F,0x077F,09,40,2,0x00B700,0x080,0x00B780,0x0380,37,03,4F,OK
0x2F7E,0x077E,09,40,2,0x00B700,0x081,0x00B781,0x037F,37,FF,4A,OK
0x2F7D,0x077D,09,40,2,0x00B700,0x082,0x00B782,0x037E,37,07,51,OK
0x2F7C,0x077C,09,40,2,0x00B700,0x083,0x00B783,0x037D,37,00,49,OK
0x2F7B,0x077B,09,40,2,0x00B700,0x084,0x00B784,0x037C,37,08,50,OK
0x2F7A,0x077A,09,40,2,0x00B700,0x085,0x00B785,0x037B,37,FE,45,OK
0x2F79,0x0779,09,40,2,0x00B700,0x086,0x00B786,0x037A,37,0A,50,OK
0x2F78,0x0778,09,40,2,0x00B700,0x087,0x00B787,0x0379,37,0F,54,OK
0x2F77,0x0777,09,40,2,0x00B700,0x088,0x00B788,0x0378,37,8F,D3,OK
0x2F76,0x0776,09,40,2,0x00B700,0x089,0x00B789,0x0377,37,03,46,OK
0x2F75,0x0775,09,40,2,0x00B700,0x08A,0x00B78A,0x0376,37,88,CA,OK
0x2F74,0x0774,09,40,2,0x00B700,0x08B,0x00B78B,0x0375,37,03,44,OK
0x2F73,0x0773,09,40,2,0x00B700,0x08C,0x00B78C,0x0374,37,E0,20,OK
0x2F72,0x0772,09,40,2,0x00B700,0x08D,0x00B78D,0x0373,37,FF,3E,OK
0x2F71,0x0771,09,40,2,0x00B700,0x08E,0x00B78E,0x0372,37,07,45,OK
0x2F70,0x0770,09,40,2,0x00B700,0x08F,0x00B78F,0x0371,37,0F,4C,OK
0x2F6F,0x076F,09,40,2,0x00B700,0x090,0x00B790,0x0370,37,8A,C6,OK
0x2F6E,0x076E,09,40,2,0x00B700,0x091,0x00B791,0x036F,37,03,3E,OK
0x2F6D,0x076D,09,40,2,0x00B700,0x092,0x00B792,0x036E,37,80,BA,OK
0x2F6C,0x076C,09,40,2,0x00B700,0x093,0x00B793,0x036D,37,09,42,OK
0x2F6B,0x076B,09,40,2,0x00B700,0x094,0x00B794,0x036C,37,03,3B,OK
0x2F6A,0x076A,09,40,2,0x00B700,0x095,0x00B795,0x036B,37,04,3B,OK
0x2F69,0x0769,09,40,2,0x00B700,0x096,0x00B796,0x036A,37,00,36,OK
0x2F68,0x0768,09,40,2,0x00B700,0x097,0x00B797,0x0369,37,07,3C,OK
0x2F67,0x0767,09,40,2,0x00B700,0x098,0x00B798,0x0368,37,FF,33,OK
0x2F66,0x0766,09,40,2,0x00B700,0x099,0x00B799,0x0367,37,06,39,OK
0x2F65,0x0765,09,40,2,0x00B700,0x09A,0x00B79A,0x0366,37,01,33,OK
0x2F64,0x0764,09,40,2,0x00B700,0x09B,0x00B79B,0x0365,37,0B,3C,OK
0x2F63,0x0763,09,40,2,0x00B700,0x09C,0x00B79C,0x0364,37,E0,10,OK
0x2F62,0x0762,09,40,2,0x00B700,0x09D,0x00B79D,0x0363,37,FF,2E,OK
0x2F61,0x0761,09,40,2,0x00B700,0x09E,0x00B79E,0x0362,37,07,35,OK
0x2F60,0x0760,09,40,2,0x00B700,0x09F,0x00B79F,0x0361,37,04,31,OK
0x2F5F,0x075F,09,40,2,0x00B700,0x0A0,0x00B7A0,0x0360,37,F0,1C,OK
0x2F5E,0x075E,09,40,2,0x00B700,0x0A1,0x00B7A1,0x035F,37,09,34,OK
0x2F5D,0x075D,09,40,2,0x00B700,0x0A2,0x00B7A2,0x035E,37,01,2B,OK
0x2F5C,0x075C,09,40,2,0x00B700,0x0A3,0x00B7A3,0x035D,37,E0,09,OK
0x2F5B,0x075B,09,40,2,0x00B700,0x0A4,0x00B7A4,0x035C,37,09,31,OK
0x2F5A,0x075A,09,40,2,0x00B700,0x0A5,0x00B7A5,0x035B,37,1F,46,OK
0x2F59,0x0759,09,40,2,0x00B700,0x0A6,0x00B7A6,0x035A,37,0A,30,OK
0x2F58,0x0758,09,40,2,0x00B700,0x0A7,0x00B7A7,0x0359,37,80,A5,OK
0x2F57,0x0757,09,40,2,0x00B700,0x0A8,0x00B7A8,0x0358,37,FF,23,OK
0x2F56,0x0756,09,40,2,0x00B700,0x0A9,0x00B7A9,0x0357,37,07,2A,OK
0x2F55,0x0755,09,40,2,0x00B700,0x0AA,0x00B7AA,0x0356,37,7F,A1,OK
0x2F54,0x0754,09,40,2,0x00B700,0x0AB,0x00B7AB,0x0355,37,94,B5,OK
0x2F53,0x0753,09,40,2,0x00B700,0x0AC,0x00B7AC,0x0354,37,03,23,OK
0x2F52,0x0752,09,40,2,0x00B700,0x0AD,0x00B7AD,0x0353,37,8D,AC,OK
0x2F51,0x0751,09,40,2,0x00B700,0x0AE,0x00B7AE,0x0352,37,03,21,OK
0x2F50,0x0750,09,40,2,0x00B700,0x0AF,0x00B7AF,0x0351,37,F0,0D,OK
0x2F4F,0x074F,09,40,2,0x00B700,0x0B0,0x00B7B0,0x0350,37,0A,26,OK
0x2F4E,0x074E,09,40,2,0x00B700,0x0B1,0x00B7B1,0x034F,37,E1,FC,OK
0x2F4D,0x074D,09,40,2,0x00B700,0x0B2,0x00B7B2,0x034E,37,86,A0,OK
0x2F4C,0x074C,09,40,2,0x00B700,0x0B3,0x00B7B3,0x034D,37,03,1C,OK
0x2F4B,0x074B,09,40,2,0x00B700,0x0B4,0x00B7B4,0x034C,37,7F,97,OK
0x2F4A,0x074A,09,40,2,0x00B700,0x0B5,0x00B7B5,0x034B,37,09,20,OK
0x2F49,0x0749,09,40,2,0x00B700,0x0B6,0x00B7B6,0x034A,37,FC,12,OK
0x2F48,0x0748,09,40,2,0x00B700,0x0B7,0x00B7B7,0x0349,37,FF,14,OK
0x2F47,0x0747,09,40,2,0x00B700,0x0B8,0x00B7B8,0x0348,37,07,1B,OK
0x2F46,0x0746,09,40,2,0x00B700,0x0B9,0x00B7B9,0x0347,37,0A,1D,OK
0x2F45,0x0745,09,40,2,0x00B700,0x0BA,0x00B7BA,0x0346,37,E0,F2,OK
0x2F44,0x0744,09,40,2,0x00B700,0x0BB,0x00B7BB,0x0345,37,0A,1B,OK
0x2F43,0x0743,09,40,2,0x00B700,0x0BC,0x00B7BC,0x0344,37,1F,2F,OK
0x2F42,0x0742,09,40,2,0x00B700,0x0BD,0x00B7BD,0x0343,37,8A,99,OK
0x2F41,0x0741,09,40,2,0x00B700,0x0BE,0x00B7BE,0x0342,37,03,11,OK
0x2F40,0x0740,09,40,2,0x00B700,0x0BF,0x00B7BF,0x0341,37,E0,ED,OK
0x2F3F,0x073F,09,40,2,0x00B700,0x0C0,0x00B7C0,0x0340,37,0A,16,OK
0x2F3E,0x073E,09,40,2,0x00B700,0x0C1,0x00B7C1,0x033F,37,7F,8A,OK
0x2F3D,0x073D,09,40,2,0x00B700,0x0C2,0x00B7C2,0x033E,37,00,0A,OK
0x2F3C,0x073C,09,40,2,0x00B700,0x0C3,0x00B7C3,0x033D,37,07,10,OK
0x2F3B,0x073B,09,40,2,0x00B700,0x0C4,0x00B7C4,0x033C,37,80,88,OK
0x2F3A,0x073A,09,40,2,0x00B700,0x0C5,0x00B7C5,0x033B,37,0B,12,OK
0x2F39,0x0739,09,40,2,0x00B700,0x0C6,0x00B7C6,0x033A,37,0F,15,OK
0x2F38,0x0738,09,40,2,0x00B700,0x0C7,0x00B7C7,0x0339,37,8F,94,OK
0x2F37,0x0737,09,40,2,0x00B700,0x0C8,0x00B7C8,0x0338,37,03,07,OK
0x2F36,0x0736,09,40,2,0x00B700,0x0C9,0x00B7C9,0x0337,37,88,8B,OK
0x2F35,0x0735,09,40,2,0x00B700,0x0CA,0x00B7CA,0x0336,37,03,05,OK
0x2F34,0x0734,09,40,2,0x00B700,0x0CB,0x00B7CB,0x0335,37,E0,E1,OK
0x2F33,0x0733,09,40,2,0x00B700,0x0CC,0x00B7CC,0x0334,37,FF,FF,OK
0x2F32,0x0732,09,40,2,0x00B700,0x0CD,0x00B7CD,0x0333,37,07,06,OK
0x2F31,0x0731,09,40,2,0x00B700,0x0CE,0x00B7CE,0x0332,37,01,FF,OK
0x2F30,0x0730,09,40,2,0x00B700,0x0CF,0x00B7CF,0x0331,37,8A,87,OK
0x2F2F,0x072F,09,40,2,0x00B700,0x0D0,0x00B7D0,0x0330,37,03,FF,OK
0x2F2E,0x072E,09,40,2,0x00B700,0x0D1,0x00B7D1,0x032F,37,C0,BB,OK
0x2F2D,0x072D,09,40,2,0x00B700,0x0D2,0x00B7D2,0x032E,37,09,03,OK
0x2F2C,0x072C,09,40,2,0x00B700,0x0D3,0x00B7D3,0x032D,37,01,FA,OK
0x2F2B,0x072B,09,40,2,0x00B700,0x0D4,0x00B7D4,0x032C,37,0A,02,OK
0x2F2A,0x072A,09,40,2,0x00B700,0x0D5,0x00B7D5,0x032B,37,80,77,OK
0x2F29,0x0729,09,40,2,0x00B700,0x0D6,0x00B7D6,0x032A,37,09,FF,OK
0x2F28,0x0728,09,40,2,0x00B700,0x0D7,0x00B7D7,0x0329,37,7F,74,OK
0x2F27,0x0727,09,40,2,0x00B700,0x0D8,0x00B7D8,0x0328,37,0C,00,OK
0x2F26,0x0726,09,40,2,0x00B700,0x0D9,0x00B7D9,0x0327,37,F0,E3,OK
0x2F25,0x0725,09,40,2,0x00B700,0x0DA,0x00B7DA,0x0326,37,FF,F1,OK
0x2F24,0x0724,09,40,2,0x00B700,0x0DB,0x00B7DB,0x0325,37,03,F4,OK
0x2F23,0x0723,09,40,2,0x00B700,0x0DC,0x00B7DC,0x0324,37,04,F4,OK
0x2F22,0x0722,09,40,2,0x00B700,0x0DD,0x00B7DD,0x0323,37,F0,DF,OK
0x2F21,0x0721,09,40,2,0x00B700,0x0DE,0x00B7DE,0x0322,37,09,F7,OK
0x2F20,0x0720,09,40,2,0x00B700,0x0DF,0x00B7DF,0x0321,37,01,EE,OK
0x2F1F,0x071F,09,40,2,0x00B700,0x0E0,0x00B7E0,0x0320,37,E0,CC,OK
0x2F1E,0x071E,09,40,2,0x00B700,0x0E1,0x00B7E1,0x031F,37,FF,EA,OK
0x2F1D,0x071D,09,40,2,0x00B700,0x0E2,0x00B7E2,0x031E,37,05,EF,OK
0x2F1C,0x071C,09,40,2,0x00B700,0x0E3,0x00B7E3,0x031D,37,07,F0,OK
0x2F1B,0x071B,09,40,2,0x00B700,0x0E4,0x00B7E4,0x031C,37,04,EC,OK
0x2F1A,0x071A,09,40,2,0x00B700,0x0E5,0x00B7E5,0x031B,37,0A,F1,OK
0x2F19,0x0719,09,40,2,0x00B700,0x0E6,0x00B7E6,0x031A,37,C0,A6,OK
0x2F18,0x0718,09,40,2,0x00B700,0x0E7,0x00B7E7,0x0319,37,FF,E4,OK
0x2F17,0x0717,09,40,2,0x00B700,0x0E8,0x00B7E8,0x0318,37,07,EB,OK
0x2F16,0x0716,09,40,2,0x00B700,0x0E9,0x00B7E9,0x0317,37,95,78,OK
0x2F15,0x0715,09,40,2,0x00B700,0x0EA,0x00B7EA,0x0316,37,03,E5,OK
0x2F14,0x0714,09,40,2,0x00B700,0x0EB,0x00B7EB,0x0315,37,8D,6E,OK
0x2F13,0x0713,09,40,2,0x00B700,0x0EC,0x00B7EC,0x0314,37,03,E3,OK
0x2F12,0x0712,09,40,2,0x00B700,0x0ED,0x00B7ED,0x0313,37,F8,D7,OK
0x2F11,0x0711,09,40,2,0x00B700,0x0EE,0x00B7EE,0x0312,37,8A,68,OK
0x2F10,0x0710,09,40,2,0x00B700,0x0EF,0x00B7EF,0x0311,37,03,E0,OK
0x2F0F,0x070F,09,40,2,0x00B700,0x0F0,0x00B7F0,0x0310,37,3F,1B,OK
0x2F0E,0x070E,09,40,2,0x00B700,0x0F1,0x00B7F1,0x030F,37,09,E4,OK
0x2F0D,0x070D,09,40,2,0x00B700,0x0F2,0x00B7F2,0x030E,37,FE,D8,OK
0x2F0C,0x070C,09,40,2,0x00B700,0x0F3,0x00B7F3,0x030D,37,0A,E3,OK
0x2F0B,0x070B,09,40,2,0x00B700,0x0F4,0x00B7F4,0x030C,37,7F,57,OK
0x2F0A,0x070A,09,40,2,0x00B700,0x0F5,0x00B7F5,0x030B,37,0A,E1,OK
0x2F09,0x0709,09,40,2,0x00B700,0x0F6,0x00B7F6,0x030A,37,F0,C6,OK
0x2F08,0x0708,09,40,2,0x00B700,0x0F7,0x00B7F7,0x0309,37,0A,DF,OK
0x2F07,0x0707,09,40,2,0x00B700,0x0F8,0x00B7F8,0x0308,37,0F,E3,OK
0x2F06,0x0706,09,40,2,0x00B700,0x0F9,0x00B7F9,0x0307,37,00,D3,OK
0x2F05,0x0705,09,40,2,0x00B700,0x0FA,0x00B7FA,0x0306,37,0A,DC,OK
0x2F04,0x0704,09,40,2,0x00B700,0x0FB,0x00B7FB,0x0305,37,03,D4,OK
0x2F03,0x0703,09,40,2,0x00B700,0x0FC,0x00B7FC,0x0304,37,F8,C8,OK
0x2F02,0x0702,09,40,2,0x00B700,0x0FD,0x00B7FD,0x0303,37,0A,D9,OK
0x2F01,0x0701,09,40,2,0x00B700,0x0FE,0x00B7FE,0x0302,37,3F,0D,OK
0x2F00,0x0700,09,40,2,0x00B700,0x0FF,0x00B7FF,0x0301,37,00,CD,OK
0x2EFF,0x06FF,09,40,2,0x00B700,0x100,0x00B800,0x0300,37,07,D3,OK
0x2EFE,0x06FE,09,40,2,0x00B700,0x101,0x00B801,0x02FF,37,0C,D6,OK
0x2EFD,0x06FD,09,40,2,0x00B700,0x102,0x00B802,0x02FE,37,07,D0,OK
0x2EFC,0x06FC,09,40,2,0x00B700,0x103,0x00B803,0x02FD,37,04,CC,OK
0x2EFB,0x06FB,09,40,2,0x00B700,0x104,0x00B804,0x02FC,37,8F,56,OK
0x2EFA,0x06FA,09,40,2,0x00B700,0x105,0x00B805,0x02FB,37,03,C9,OK
0x2EF9,0x06F9,09,40,2,0x00B700,0x106,0x00B806,0x02FA,37,88,4D,OK
0x2EF8,0x06F8,09,40,2,0x00B700,0x107,0x00B807,0x02F9,37,03,C7,OK
0x2EF7,0x06F7,09,40,2,0x00B700,0x108,0x00B808,0x02F8,37,C0,83,OK
0x2EF6,0x06F6,09,40,2,0x00B700,0x109,0x00B809,0x02F7,37,FF,C1,OK
0x2EF5,0x06F5,09,40,2,0x00B700,0x10A,0x00B80A,0x02F6,37,06,C7,OK
0x2EF4,0x06F4,09,40,2,0x00B700,0x10B,0x00B80B,0x02F5,37,01,C1,OK
0x2EF3,0x06F3,09,40,2,0x00B700,0x10C,0x00B80C,0x02F4,37,8C,4B,OK
0x2EF2,0x06F2,09,40,2,0x00B700,0x10D,0x00B80D,0x02F3,37,03,C1,OK
0x2EF1,0x06F1,09,40,2,0x00B700,0x10E,0x00B80E,0x02F2,37,FF,BC,OK
0x2EF0,0x06F0,09,40,2,0x00B700,0x10F,0x00B80F,0x02F1,37,05,C1,OK
0x2EEF,0x06EF,09,40,2,0x00B700,0x110,0x00B810,0x02F0,37,01,BC,OK
0x2EEE,0x06EE,09,40,2,0x00B700,0x111,0x00B811,0x02EF,37,0A,C4,OK
0x2EED,0x06ED,09,40,2,0x00B700,0x112,0x00B812,0x02EE,37,80,39,OK
0x2EEC,0x06EC,09,40,2,0x00B700,0x113,0x00B813,0x02ED,37,09,C1,OK
0x2EEB,0x06EB,09,40,2,0x00B700,0x114,0x00B814,0x02EC,37,3F,F6,OK
0x2EEA,0x06EA,09,40,2,0x00B700,0x115,0x00B815,0x02EB,37,00,B6,OK
0x2EE9,0x06E9,09,40,2,0x00B700,0x116,0x00B816,0x02EA,37,08,BD,OK
0x2EE8,0x06E8,09,40,2,0x00B700,0x117,0x00B817,0x02E9,37,FC,B0,OK
0x2EE7,0x06E7,09,40,2,0x00B700,0x118,0x00B818,0x02E8,37,FF,B2,OK
0x2EE6,0x06E6,09,40,2,0x00B700,0x119,0x00B819,0x02E7,37,00,B2,OK
0x2EE5,0x06E5,09,40,2,0x00B700,0x11A,0x00B81A,0x02E6,37,F0,A1,OK
0x2EE4,0x06E4,09,40,2,0x00B700,0x11B,0x00B81B,0x02E5,37,09,B9,OK
0x2EE3,0x06E3,09,40,2,0x00B700,0x11C,0x00B81C,0x02E4,37,01,B0,OK
0x2EE2,0x06E2,09,40,2,0x00B700,0x11D,0x00B81D,0x02E3,37,E0,8E,OK
0x2EE1,0x06E1,09,40,2,0x00B700,0x11E,0x00B81E,0x02E2,37,FF,AC,OK
0x2EE0,0x06E0,09,40,2,0x00B700,0x11F,0x00B81F,0x02E1,37,05,B1,OK
0x2EDF,0x06DF,09,40,2,0x00B700,0x120,0x00B820,0x02E0,37,07,B2,OK
0x2EDE,0x06DE,09,40,2,0x00B700,0x121,0x00B821,0x02DF,37,04,AE,OK
0x2EDD,0x06DD,09,40,2,0x00B700,0x122,0x00B822,0x02DE,37,0A,B3,OK
0x2EDC,0x06DC,09,40,2,0x00B700,0x123,0x00B823,0x02DD,37,F0,98,OK
0x2EDB,0x06DB,09,40,2,0x00B700,0x124,0x00B824,0x02DC,37,FF,A6,OK
0x2EDA,0x06DA,09,40,2,0x00B700,0x125,0x00B825,0x02DB,37,05,AB,OK
0x2ED9,0x06D9,09,40,2,0x00B700,0x126,0x00B826,0x02DA,37,3F,E4,OK
0x2ED8,0x06D8,09,40,2,0x00B700,0x127,0x00B827,0x02D9,37,96,3A,OK
0x2ED7,0x06D7,09,40,2,0x00B700,0x128,0x00B828,0x02D8,37,03,A6,OK
0x2ED6,0x06D6,09,40,2,0x00B700,0x129,0x00B829,0x02D7,37,00,A2,OK
0x2ED5,0x06D5,09,40,2,0x00B700,0x12A,0x00B82A,0x02D6,37,0D,AE,OK
0x2ED4,0x06D4,09,40,2,0x00B700,0x12B,0x00B82B,0x02D5,37,03,A3,OK
0x2ED3,0x06D3,09,40,2,0x00B700,0x12C,0x00B82C,0x02D4,37,FE,9D,OK
0x2ED2,0x06D2,09,40,2,0x00B700,0x12D,0x00B82D,0x02D3,37,8B,29,OK
0x2ED1,0x06D1,09,40,2,0x00B700,0x12E,0x00B82E,0x02D2,37,03,A0,OK
0x2ED0,0x06D0,09,40,2,0x00B700,0x12F,0x00B82F,0x02D1,37,00,9C,OK
0x2ECF,0x06CF,09,40,2,0x00B700,0x130,0x00B830,0x02D0,37,05,A0,OK
0x2ECE,0x06CE,09,40,2,0x00B700,0x131,0x00B831,0x02CF,37,FE,98,OK
0x2ECD,0x06CD,09,40,2,0x00B700,0x132,0x00B832,0x02CE,37,0A,A3,OK
0x2ECC,0x06CC,09,40,2,0x00B700,0x133,0x00B833,0x02CD,37,7F,17,OK
0x2ECB,0x06CB,09,40,2,0x00B700,0x134,0x00B834,0x02CC,37,0A,A1,OK
0x2ECA,0x06CA,09,40,2,0x00B700,0x135,0x00B835,0x02CB,37,F8,8E,OK
0x2EC9,0x06C9,09,40,2,0x00B700,0x136,0x00B836,0x02CA,37,0A,9F,OK
0x2EC8,0x06C8,09,40,2,0x00B700,0x137,0x00B837,0x02C9,37,07,9B,OK
0x2EC7,0x06C7,09,40,2,0x00B700,0x138,0x00B838,0x02C8,37,04,97,OK
0x2EC6,0x06C6,09,40,2,0x00B700,0x139,0x00B839,0x02C7,37,00,92,OK
0x2EC5,0x06C5,09,40,2,0x00B700,0x13A,0x00B83A,0x02C6,37,0A,9B,OK
0x2EC4,0x06C4,09,40,2,0x00B700,0x13B,0x00B83B,0x02C5,37,03,93,OK
0x2EC3,0x06C3,09,40,2,0x00B700,0x13C,0x00B83C,0x02C4,37,F8,87,OK
0x2EC2,0x06C2,09,40,2,0x00B700,0x13D,0x00B83D,0x02C3,37,0A,98,OK
0x2EC1,0x06C1,09,40,2,0x00B700,0x13E,0x00B83E,0x02C2,37,0F,9C,OK
0x2EC0,0x06C0,09,40,2,0x00B700,0x13F,0x00B83F,0x02C1,37,00,8C,OK
0x2EBF,0x06BF,09,40,2,0x00B700,0x140,0x00B840,0x02C0,37,06,91,OK
0x2EBE,0x06BE,09,40,2,0x00B700,0x141,0x00B841,0x02BF,37,86,10,OK
0x2EBD,0x06BD,09,40,2,0x00B700,0x142,0x00B842,0x02BE,37,03,8C,OK
0x2EBC,0x06BC,09,40,2,0x00B700,0x143,0x00B843,0x02BD,37,0F,97,OK
0x2EBB,0x06BB,09,40,2,0x00B700,0x144,0x00B844,0x02BC,37,8F,16,OK
0x2EBA,0x06BA,09,40,2,0x00B700,0x145,0x00B845,0x02BB,37,03,89,OK
0x2EB9,0x06B9,09,40,2,0x00B700,0x146,0x00B846,0x02BA,37,89,0E,OK
0x2EB8,0x06B8,09,40,2,0x00B700,0x147,0x00B847,0x02B9,37,03,87,OK
0x2EB7,0x06B7,09,40,2,0x00B700,0x148,0x00B848,0x02B8,37,FE,81,OK
0x2EB6,0x06B6,09,40,2,0x00B700,0x149,0x00B849,0x02B7,37,FF,81,OK
0x2EB5,0x06B5,09,40,2,0x00B700,0x14A,0x00B84A,0x02B6,37,03,84,OK
0x2EB4,0x06B4,09,40,2,0x00B700,0x14B,0x00B84B,0x02B5,37,04,84,OK
0x2EB3,0x06B3,09,40,2,0x00B700,0x14C,0x00B84C,0x02B4,37,8D,0C,OK
0x2EB2,0x06B2,09,40,2,0x00B700,0x14D,0x00B84D,0x02B3,37,03,81,OK
0x2EB1,0x06B1,09,40,2,0x00B700,0x14E,0x00B84E,0x02B2,37,FF,7C,OK
0x2EB0,0x06B0,09,40,2,0x00B700,0x14F,0x00B84F,0x02B1,37,05,81,OK
0x2EAF,0x06AF,09,40,2,0x00B700,0x150,0x00B850,0x02B0,37,0B,86,OK
0x2EAE,0x06AE,09,40,2,0x00B700,0x151,0x00B851,0x02AF,37,C0,3A,OK
0x2EAD,0x06AD,09,40,2,0x00B700,0x152,0x00B852,0x02AE,37,09,82,OK
0x2EAC,0x06AC,09,40,2,0x00B700,0x153,0x00B853,0x02AD,37,3F,B7,OK
0x2EAB,0x06AB,09,40,2,0x00B700,0x154,0x00B854,0x02AC,37,00,77,OK
0x2EAA,0x06AA,09,40,2,0x00B700,0x155,0x00B855,0x02AB,37,08,7E,OK
0x2EA9,0x06A9,09,40,2,0x00B700,0x156,0x00B856,0x02AA,37,FE,73,OK
0x2EA8,0x06A8,09,40,2,0x00B700,0x157,0x00B857,0x02A9,37,FF,73,OK
0x2EA7,0x06A7,09,40,2,0x00B700,0x158,0x00B858,0x02A8,37,00,73,OK
0x2EA6,0x06A6,09,40,2,0x00B700,0x159,0x00B859,0x02A7,37,F8,6A,OK
0x2EA5,0x06A5,09,40,2,0x00B700,0x15A,0x00B85A,0x02A6,37,09,7A,OK
0x2EA4,0x06A4,09,40,2,0x00B700,0x15B,0x00B85B,0x02A5,37,03,73,OK
0x2EA3,0x06A3,09,40,2,0x00B700,0x15C,0x00B85C,0x02A4,37,04,73,OK
0x2EA2,0x06A2,09,40,2,0x00B700,0x15D,0x00B85D,0x02A3,37,E0,4E,OK
0x2EA1,0x06A1,09,40,2,0x00B700,0x15E,0x00B85E,0x02A2,37,3F,AC,OK
0x2EA0,0x06A0,09,40,2,0x00B700,0x15F,0x00B85F,0x02A1,37,E0,4C,OK
0x2E9F,0x069F,09,40,2,0x00B700,0x160,0x00B860,0x02A0,37,07,72,OK
0x2E9E,0x069E,09,40,2,0x00B700,0x161,0x00B861,0x029F,37,04,6E,OK
0x2E9D,0x069D,09,40,2,0x00B700,0x162,0x00B862,0x029E,37,0A,73,OK
0x2E9C,0x069C,09,40,2,0x00B700,0x163,0x00B863,0x029D,37,E0,48,OK
0x2E9B,0x069B,09,40,2,0x00B700,0x164,0x00B864,0x029C,37,FF,66,OK
0x2E9A,0x069A,09,40,2,0x00B700,0x165,0x00B865,0x029B,37,7F,E5,OK
0x2E99,0x0699,09,40,2,0x00B700,0x166,0x00B866,0x029A,37,97,FC,OK
0x2E98,0x0698,09,40,2,0x00B700,0x167,0x00B867,0x0299,37,03,67,OK
0x2E97,0x0697,09,40,2,0x00B700,0x168,0x00B868,0x0298,37,00,63,OK
0x2E96,0x0696,09,40,2,0x00B700,0x169,0x00B869,0x0297,37,0D,6F,OK
0x2E95,0x0695,09,40,2,0x00B700,0x16A,0x00B86A,0x0296,37,03,64,OK
0x2E94,0x0694,09,40,2,0x00B700,0x16B,0x00B86B,0x0295,37,8C,EC,OK
0x2E93,0x0693,09,40,2,0x00B700,0x16C,0x00B86C,0x0294,37,03,62,OK
0x2E92,0x0692,09,40,2,0x00B700,0x16D,0x00B86D,0x0293,37,00,5E,OK
0x2E91,0x0691,09,40,2,0x00B700,0x16E,0x00B86E,0x0292,37,05,62,OK
0x2E90,0x0690,09,40,2,0x00B700,0x16F,0x00B86F,0x0291,37,0B,67,OK
0x2E8F,0x068F,09,40,2,0x00B700,0x170,0x00B870,0x0290,37,3F,9A,OK
0x2E8E,0x068E,09,40,2,0x00B700,0x171,0x00B871,0x028F,37,0A,64,OK
0x2E8D,0x068D,09,40,2,0x00B700,0x172,0x00B872,0x028E,37,F8,51,OK
0x2E8C,0x068C,09,40,2,0x00B700,0x173,0x00B873,0x028D,37,0A,62,OK
0x2E8B,0x068B,09,40,2,0x00B700,0x174,0x00B874,0x028C,37,03,5A,OK
0x2E8A,0x068A,09,40,2,0x00B700,0x175,0x00B875,0x028B,37,04,5A,OK
0x2E89,0x0689,09,40,2,0x00B700,0x176,0x00B876,0x028A,37,88,DD,OK
0x2E88,0x0688,09,40,2,0x00B700,0x177,0x00B877,0x0289,37,03,57,OK
0x2E87,0x0687,09,40,2,0x00B700,0x178,0x00B878,0x0288,37,C0,13,OK
0x2E86,0x0686,09,40,2,0x00B700,0x179,0x00B879,0x0287,37,1F,71,OK
0x2E85,0x0685,09,40,2,0x00B700,0x17A,0x00B87A,0x0286,37,F8,49,OK
0x2E84,0x0684,09,40,2,0x00B700,0x17B,0x00B87B,0x0285,37,0A,5A,OK
0x2E83,0x0683,09,40,2,0x00B700,0x17C,0x00B87C,0x0284,37,1F,6E,OK
0x2E82,0x0682,09,40,2,0x00B700,0x17D,0x00B87D,0x0283,37,00,4E,OK
0x2E81,0x0681,09,40,2,0x00B700,0x17E,0x00B87E,0x0282,37,05,52,OK
0x2E80,0x0680,09,40,2,0x00B700,0x17F,0x00B87F,0x0281,37,F8,44,OK
0x2E7F,0x067F,09,40,2,0x00B700,0x180,0x00B880,0x0280,37,86,D1,OK
0x2E7E,0x067E,09,40,2,0x00B700,0x181,0x00B881,0x027F,37,03,4D,OK
0x2E7D,0x067D,09,40,2,0x00B700,0x182,0x00B882,0x027E,37,07,50,OK
0x2E7C,0x067C,09,40,2,0x00B700,0x183,0x00B883,0x027D,37,04,4C,OK
0x2E7B,0x067B,09,40,2,0x00B700,0x184,0x00B884,0x027C,37,8F,D6,OK
0x2E7A,0x067A,09,40,2,0x00B700,0x185,0x00B885,0x027B,37,03,49,OK
0x2E79,0x0679,09,40,2,0x00B700,0x186,0x00B886,0x027A,37,89,CE,OK
0x2E78,0x0678,09,40,2,0x00B700,0x187,0x00B887,0x0279,37,03,47,OK
0x2E77,0x0677,09,40,2,0x00B700,0x188,0x00B888,0x0278,37,C0,03,OK
0x2E76,0x0676,09,40,2,0x00B700,0x189,0x00B889,0x0277,37,07,49,OK
0x2E75,0x0675,09,40,2,0x00B700,0x18A,0x00B88A,0x0276,37,04,45,OK
0x2E74,0x0674,09,40,2,0x00B700,0x18B,0x00B88B,0x0275,37,00,40,OK
0x2E73,0x0673,09,40,2,0x00B700,0x18C,0x00B88C,0x0274,37,0E,4D,OK
0x2E72,0x0672,09,40,2,0x00B700,0x18D,0x00B88D,0x0273,37,03,41,OK
0x2E71,0x0671,09,40,2,0x00B700,0x18E,0x00B88E,0x0272,37,FE,3B,OK
0x2E70,0x0670,09,40,2,0x00B700,0x18F,0x00B88F,0x0271,37,3F,7B,OK
0x2E6F,0x066F,09,40,2,0x00B700,0x190,0x00B890,0x0270,37,0B,46,OK
0x2E6E,0x066E,09,40,2,0x00B700,0x191,0x00B891,0x026F,37,C0,FA,OK
0x2E6D,0x066D,09,40,2,0x00B700,0x192,0x00B892,0x026E,37,09,42,OK
0x2E6C,0x066C,09,40,2,0x00B700,0x193,0x00B893,0x026D,37,1F,57,OK
0x2E6B,0x066B,09,40,2,0x00B700,0x194,0x00B894,0x026C,37,0B,42,OK
0x2E6A,0x066A,09,40,2,0x00B700,0x195,0x00B895,0x026B,37,80,B6,OK
0x2E69,0x0669,09,40,2,0x00B700,0x196,0x00B896,0x026A,37,09,3E,OK
0x2E68,0x0668,09,40,2,0x00B700,0x197,0x00B897,0x0269,37,01,35,OK
0x2E67,0x0667,09,40,2,0x00B700,0x198,0x00B898,0x0268,37,FC,2F,OK
0x2E66,0x0666,09,40,2,0x00B700,0x199,0x00B899,0x0267,37,09,3B,OK
0x2E65,0x0665,09,40,2,0x00B700,0x19A,0x00B89A,0x0266,37,03,34,OK
0x2E64,0x0664,09,40,2,0x00B700,0x19B,0x00B89B,0x0265,37,04,34,OK
0x2E63,0x0663,09,40,2,0x00B700,0x19C,0x00B89C,0x0264,37,E0,0F,OK
0x2E62,0x0662,09,40,2,0x00B700,0x19D,0x00B89D,0x0263,37,0F,3D,OK
0x2E61,0x0661,09,40,2,0x00B700,0x19E,0x00B89E,0x0262,37,E0,0D,OK
0x2E60,0x0660,09,40,2,0x00B700,0x19F,0x00B89F,0x0261,37,07,33,OK
0x2E5F,0x065F,09,40,2,0x00B700,0x1A0,0x00B8A0,0x0260,37,04,2F,OK
0x2E5E,0x065E,09,40,2,0x00B700,0x1A1,0x00B8A1,0x025F,37,0A,34,OK
0x2E5D,0x065D,09,40,2,0x00B700,0x1A2,0x00B8A2,0x025E,37,80,A9,OK
0x2E5C,0x065C,09,40,2,0x00B700,0x1A3,0x00B8A3,0x025D,37,EF,17,OK
0x2E5B,0x065B,09,40,2,0x00B700,0x1A4,0x00B8A4,0x025C,37,01,28,OK
0x2E5A,0x065A,09,40,2,0x00B700,0x1A5,0x00B8A5,0x025B,37,97,BD,OK
0x2E59,0x0659,09,40,2,0x00B700,0x1A6,0x00B8A6,0x025A,37,03,28,OK
0x2E58,0x0658,09,40,2,0x00B700,0x1A7,0x00B8A7,0x0259,37,8C,B0,OK
0x2E57,0x0657,09,40,2,0x00B700,0x1A8,0x00B8A8,0x0258,37,03,26,OK
0x2E56,0x0656,09,40,2,0x00B700,0x1A9,0x00B8A9,0x0257,37,80,A2,OK
0x2E55,0x0655,09,40,2,0x00B700,0x1AA,0x00B8AA,0x0256,37,FF,20,OK
0x2E54,0x0654,09,40,2,0x00B700,0x1AB,0x00B8AB,0x0255,37,0C,2C,OK
0x2E53,0x0653,09,40,2,0x00B700,0x1AC,0x00B8AC,0x0254,37,03,22,OK
0x2E52,0x0652,09,40,2,0x00B700,0x1AD,0x00B8AD,0x0253,37,01,1F,OK
0x2E51,0x0651,09,40,2,0x00B700,0x1AE,0x00B8AE,0x0252,37,C0,DD,OK
0x2E50,0x0650,09,40,2,0x00B700,0x1AF,0x00B8AF,0x0251,37,0B,27,OK
0x2E4F,0x064F,09,40,2,0x00B700,0x1B0,0x00B8B0,0x0250,37,3F,5A,OK
0x2E4E,0x064E,09,40,2,0x00B700,0x1B1,0x00B8B1,0x024F,37,00,1A,OK
0x2E4D,0x064D,09,40,2,0x00B700,0x1B2,0x00B8B2,0x024E,37,06,1F,OK
0x2E4C,0x064C,09,40,2,0x00B700,0x1B3,0x00B8B3,0x024D,37,FC,14,OK
0x2E4B,0x064B,09,40,2,0x00B700,0x1B4,0x00B8B4,0x024C,37,0A,21,OK
0x2E4A,0x064A,09,40,2,0x00B700,0x1B5,0x00B8B5,0x024B,37,01,17,OK
0x2E49,0x0649,09,40,2,0x00B700,0x1B6,0x00B8B6,0x024A,37,88,9D,OK
0x2E48,0x0648,09,40,2,0x00B700,0x1B7,0x00B8B7,0x0249,37,03,17,OK
0x2E47,0x0647,09,40,2,0x00B700,0x1B8,0x00B8B8,0x0248,37,F0,03,OK
0x2E46,0x0646,09,40,2,0x00B700,0x1B9,0x00B8B9,0x0247,37,1F,31,OK
0x2E45,0x0645,09,40,2,0x00B700,0x1BA,0x00B8BA,0x0246,37,F8,09,OK
0x2E44,0x0644,09,40,2,0x00B700,0x1BB,0x00B8BB,0x0245,37,0A,1A,OK
0x2E43,0x0643,09,40,2,0x00B700,0x1BC,0x00B8BC,0x0244,37,1F,2E,OK
0x2E42,0x0642,09,40,2,0x00B700,0x1BD,0x00B8BD,0x0243,37,00,0E,OK
0x2E41,0x0641,09,40,2,0x00B700,0x1BE,0x00B8BE,0x0242,37,FE,0B,OK
0x2E40,0x0640,09,40,2,0x00B700,0x1BF,0x00B8BF,0x0241,37,87,93,OK
0x2E3F,0x063F,09,40,2,0x00B700,0x1C0,0x00B8C0,0x0240,37,03,0E,OK
0x2E3E,0x063E,09,40,2,0x00B700,0x1C1,0x00B8C1,0x023F,37,07,11,OK
0x2E3D,0x063D,09,40,2,0x00B700,0x1C2,0x00B8C2,0x023E,37,04,0D,OK
0x2E3C,0x063C,09,40,2,0x00B700,0x1C3,0x00B8C3,0x023D,37,8F,97,OK
0x2E3B,0x063B,09,40,2,0x00B700,0x1C4,0x00B8C4,0x023C,37,03,0A,OK
0x2E3A,0x063A,09,40,2,0x00B700,0x1C5,0x00B8C5,0x023B,37,00,06,OK
0x2E39,0x0639,09,40,2,0x00B700,0x1C6,0x00B8C6,0x023A,37,19,1E,OK
0x2E38,0x0638,09,40,2,0x00B700,0x1C7,0x00B8C7,0x0239,37,03,07,OK
0x2E37,0x0637,09,40,2,0x00B700,0x1C8,0x00B8C8,0x0238,37,FE,01,OK
0x2E36,0x0636,09,40,2,0x00B700,0x1C9,0x00B8C9,0x0237,37,3F,41,OK
0x2E35,0x0635,09,40,2,0x00B700,0x1CA,0x00B8CA,0x0236,37,0B,0C,OK
0x2E34,0x0634,09,40,2,0x00B700,0x1CB,0x00B8CB,0x0235,37,E0,E0,OK
0x2E33,0x0633,09,40,2,0x00B700,0x1CC,0x00B8CC,0x0234,37,09,08,OK
0x2E32,0x0632,09,40,2,0x00B700,0x1CD,0x00B8CD,0x0233,37,0F,0D,OK
0x2E31,0x0631,09,40,2,0x00B700,0x1CE,0x00B8CE,0x0232,37,0B,08,OK
0x2E30,0x0630,09,40,2,0x00B700,0x1CF,0x00B8CF,0x0231,37,F0,EC,OK
0x2E2F,0x062F,09,40,2,0x00B700,0x1D0,0x00B8D0,0x0230,37,09,04,OK
0x2E2E,0x062E,09,40,2,0x00B700,0x1D1,0x00B8D1,0x022F,37,01,FB,OK
0x2E2D,0x062D,09,40,2,0x00B700,0x1D2,0x00B8D2,0x022E,37,FC,F5,OK
0x2E2C,0x062C,09,40,2,0x00B700,0x1D3,0x00B8D3,0x022D,37,09,01,OK
0x2E2B,0x062B,09,40,2,0x00B700,0x1D4,0x00B8D4,0x022C,37,07,FE,OK
0x2E2A,0x062A,09,40,2,0x00B700,0x1D5,0x00B8D5,0x022B,37,04,FA,OK
0x2E29,0x0629,09,40,2,0x00B700,0x1D6,0x00B8D6,0x022A,37,F0,E5,OK
0x2E28,0x0628,09,40,2,0x00B700,0x1D7,0x00B8D7,0x0229,37,03,F7,OK
0x2E27,0x0627,09,40,2,0x00B700,0x1D8,0x00B8D8,0x0228,37,04,F7,OK
0x2E26,0x0626,09,40,2,0x00B700,0x1D9,0x00B8D9,0x0227,37,F0,E2,OK
0x2E25,0x0625,09,40,2,0x00B700,0x1DA,0x00B8DA,0x0226,37,07,F8,OK
0x2E24,0x0624,09,40,2,0x00B700,0x1DB,0x00B8DB,0x0225,37,04,F4,OK
0x2E23,0x0623,09,40,2,0x00B700,0x1DC,0x00B8DC,0x0224,37,0A,F9,OK
0x2E22,0x0622,09,40,2,0x00B700,0x1DD,0x00B8DD,0x0223,37,F0,DE,OK
0x2E21,0x0621,09,40,2,0x00B700,0x1DE,0x00B8DE,0x0222,37,0F,FC,OK
0x2E20,0x0620,09,40,2,0x00B700,0x1DF,0x00B8DF,0x0221,37,98,84,OK
0x2E1F,0x061F,09,40,2,0x00B700,0x1E0,0x00B8E0,0x0220,37,03,EE,OK
0x2E1E,0x061E,09,40,2,0x00B700,0x1E1,0x00B8E1,0x021F,37,8C,76,OK
0x2E1D,0x061D,09,40,2,0x00B700,0x1E2,0x00B8E2,0x021E,37,03,EC,OK
0x2E1C,0x061C,09,40,2,0x00B700,0x1E3,0x00B8E3,0x021D,37,C0,A8,OK
0x2E1B,0x061B,09,40,2,0x00B700,0x1E4,0x00B8E4,0x021C,37,FF,E6,OK
0x2E1A,0x061A,09,40,2,0x00B700,0x1E5,0x00B8E5,0x021B,37,0C,F2,OK
0x2E19,0x0619,09,40,2,0x00B700,0x1E6,0x00B8E6,0x021A,37,03,E8,OK
0x2E18,0x0618,09,40,2,0x00B700,0x1E7,0x00B8E7,0x0219,37,01,E5,OK
0x2E17,0x0617,09,40,2,0x00B700,0x1E8,0x00B8E8,0x0218,37,C0,A3,OK
0x2E16,0x0616,09,40,2,0x00B700,0x1E9,0x00B8E9,0x0217,37,0B,ED,OK
0x2E15,0x0615,09,40,2,0x00B700,0x1EA,0x00B8EA,0x0216,37,1F,00,OK
0x2E14,0x0614,09,40,2,0x00B700,0x1EB,0x00B8EB,0x0215,37,00,E0,OK
0x2E13,0x0613,09,40,2,0x00B700,0x1EC,0x00B8EC,0x0214,37,06,E5,OK
0x2E12,0x0612,09,40,2,0x00B700,0x1ED,0x00B8ED,0x0213,37,FF,DD,OK
0x2E11,0x0611,09,40,2,0x00B700,0x1EE,0x00B8EE,0x0212,37,07,E4,OK
0x2E10,0x0610,09,40,2,0x00B700,0x1EF,0x00B8EF,0x0211,37,01,DD,OK
0x2E0F,0x060F,09,40,2,0x00B700,0x1F0,0x00B8F0,0x0210,37,00,DB,OK
0x2E0E,0x060E,09,40,2,0x00B700,0x1F1,0x00B8F1,0x020F,37,08,E2,OK
0x2E0D,0x060D,09,40,2,0x00B700,0x1F2,0x00B8F2,0x020E,37,03,DC,OK
0x2E0C,0x060C,09,40,2,0x00B700,0x1F3,0x00B8F3,0x020D,37,FC,D4,OK
0x2E0B,0x060B,09,40,2,0x00B700,0x1F4,0x00B8F4,0x020C,37,0F,E6,OK
0x2E0A,0x060A,09,40,2,0x00B700,0x1F5,0x00B8F5,0x020B,37,F8,CE,OK
0x2E09,0x0609,09,40,2,0x00B700,0x1F6,0x00B8F6,0x020A,37,0A,DF,OK
0x2E08,0x0608,09,40,2,0x00B700,0x1F7,0x00B8F7,0x0209,37,0F,E3,OK
0x2E07,0x0607,09,40,2,0x00B700,0x1F8,0x00B8F8,0x0208,37,F0,C3,OK
0x2E06,0x0606,09,40,2,0x00B700,0x1F9,0x00B8F9,0x0207,37,88,5A,OK
0x2E05,0x0605,09,40,2,0x00B700,0x1FA,0x00B8FA,0x0206,37,03,D4,OK
0x2E04,0x0604,09,40,2,0x00B700,0x1FB,0x00B8FB,0x0205,37,0F,DF,OK
0x2E03,0x0603,09,40,2,0x00B700,0x1FC,0x00B8FC,0x0204,37,8F,5E,OK
0x2E02,0x0602,09,40,2,0x00B700,0x1FD,0x00B8FD,0x0203,37,03,D1,OK
0x2E01,0x0601,09,40,2,0x00B700,0x1FE,0x00B8FE,0x0202,37,00,CD,OK
0x2E00,0x0600,09,40,2,0x00B700,0x1FF,0x00B8FF,0x0201,37,17,E3,OK
0x2DFF,0x05FF,09,40,2,0x00B700,0x200,0x00B900,0x0200,37,03,CE,OK
0x2DFE,0x05FE,09,40,2,0x00B700,0x201,0x00B901,0x01FF,37,F8,C1,OK
0x2DFD,0x05FD,09,40,2,0x00B700,0x202,0x00B902,0x01FE,37,80,48,OK
0x2DFC,0x05FC,09,40,2,0x00B700,0x203,0x00B903,0x01FD,37,FF,C6,OK
0x2DFB,0x05FB,09,40,2,0x00B700,0x204,0x00B904,0x01FC,37,3F,05,OK
0x2DFA,0x05FA,09,40,2,0x00B700,0x205,0x00B905,0x01FB,37,0B,D0,OK
0x2DF9,0x05F9,09,40,2,0x00B700,0x206,0x00B906,0x01FA,37,E0,A4,OK
0x2DF8,0x05F8,09,40,2,0x00B700,0x207,0x00B907,0x01F9,37,09,CC,OK
0x2DF7,0x05F7,09,40,2,0x00B700,0x208,0x00B908,0x01F8,37,03,C5,OK
0x2DF6,0x05F6,09,40,2,0x00B700,0x209,0x00B909,0x01F7,37,04,C5,OK
0x2DF5,0x05F5,09,40,2,0x00B700,0x20A,0x00B90A,0x01F6,37,0B,CB,OK
0x2DF4,0x05F4,09,40,2,0x00B700,0x20B,0x00B90B,0x01F5,37,F0,AF,OK
0x2DF3,0x05F3,09,40,2,0x00B700,0x20C,0x00B90C,0x01F4,37,09,C7,OK
0x2DF2,0x05F2,09,40,2,0x00B700,0x20D,0x00B90D,0x01F3,37,01,BE,OK
0x2DF1,0x05F1,09,40,2,0x00B700,0x20E,0x00B90E,0x01F2,37,F8,B4,OK
0x2DF0,0x05F0,09,40,2,0x00B700,0x20F,0x00B90F,0x01F1,37,FF,BA,OK
0x2DEF,0x05EF,09,40,2,0x00B700,0x210,0x00B910,0x01F0,37,05,BF,OK
0x2DEE,0x05EE,09,40,2,0x00B700,0x211,0x00B911,0x01EF,37,0F,C8,OK
0x2DED,0x05ED,09,40,2,0x00B700,0x212,0x00B912,0x01EE,37,F0,A8,OK
0x2DEC,0x05EC,09,40,2,0x00B700,0x213,0x00B913,0x01ED,37,01,B8,OK
0x2DEB,0x05EB,09,40,2,0x00B700,0x214,0x00B914,0x01EC,37,F8,AE,OK
0x2DEA,0x05EA,09,40,2,0x00B700,0x215,0x00B915,0x01EB,37,0F,C4,OK
0x2DE9,0x05E9,09,40,2,0x00B700,0x216,0x00B916,0x01EA,37,0A,BE,OK
0x2DE8,0x05E8,09,40,2,0x00B700,0x217,0x00B917,0x01E9,37,F0,A3,OK
0x2DE7,0x05E7,09,40,2,0x00B700,0x218,0x00B918,0x01E8,37,03,B5,OK
0x2DE6,0x05E6,09,40,2,0x00B700,0x219,0x00B919,0x01E7,37,04,B5,OK
0x2DE5,0x05E5,09,40,2,0x00B700,0x21A,0x00B91A,0x01E6,37,98,48,OK
0x2DE4,0x05E4,09,40,2,0x00B700,0x21B,0x00B91B,0x01E5,37,03,B2,OK
0x2DE3,0x05E3,09,40,2,0x00B700,0x21C,0x00B91C,0x01E4,37,8C,3A,OK
0x2DE2,0x05E2,09,40,2,0x00B700,0x21D,0x00B91D,0x01E3,37,03,B0,OK
0x2DE1,0x05E1,09,40,2,0x00B700,0x21E,0x00B91E,0x01E2,37,C0,6C,OK
0x2DE0,0x05E0,09,40,2,0x00B700,0x21F,0x00B91F,0x01E1,37,FF,AA,OK
0x2DDF,0x05DF,09,40,2,0x00B700,0x220,0x00B920,0x01E0,37,0A,B4,OK
0x2DDE,0x05DE,09,40,2,0x00B700,0x221,0x00B921,0x01DF,37,03,AC,OK
0x2DDD,0x05DD,09,40,2,0x00B700,0x222,0x00B922,0x01DE,37,07,AF,OK
0x2DDC,0x05DC,09,40,2,0x00B700,0x223,0x00B923,0x01DD,37,04,AB,OK
0x2DDB,0x05DB,09,40,2,0x00B700,0x224,0x00B924,0x01DC,37,7F,25,OK
0x2DDA,0x05DA,09,40,2,0x00B700,0x225,0x00B925,0x01DB,37,00,A5,OK
0x2DD9,0x05D9,09,40,2,0x00B700,0x226,0x00B926,0x01DA,37,C0,64,OK
0x2DD8,0x05D8,09,40,2,0x00B700,0x227,0x00B927,0x01D9,37,0B,AE,OK
0x2DD7,0x05D7,09,40,2,0x00B700,0x228,0x00B928,0x01D8,37,1F,C1,OK
0x2DD6,0x05D6,09,40,2,0x00B700,0x229,0x00B929,0x01D7,37,09,AA,OK
0x2DD5,0x05D5,09,40,2,0x00B700,0x22A,0x00B92A,0x01D6,37,80,20,OK
0x2DD4,0x05D4,09,40,2,0x00B700,0x22B,0x00B92B,0x01D5,37,FF,9E,OK
0x2DD3,0x05D3,09,40,2,0x00B700,0x22C,0x00B92C,0x01D4,37,07,A5,OK
0x2DD2,0x05D2,09,40,2,0x00B700,0x22D,0x00B92D,0x01D3,37,00,9D,OK
0x2DD1,0x05D1,09,40,2,0x00B700,0x22E,0x00B92E,0x01D2,37,09,A5,OK
0x2DD0,0x05D0,09,40,2,0x00B700,0x22F,0x00B92F,0x01D1,37,03,9E,OK
0x2DCF,0x05CF,09,40,2,0x00B700,0x230,0x00B930,0x01D0,37,FE,98,OK
0x2DCE,0x05CE,09,40,2,0x00B700,0x231,0x00B931,0x01CF,37,07,A0,OK
0x2DCD,0x05CD,09,40,2,0x00B700,0x232,0x00B932,0x01CE,37,04,9C,OK
0x2DCC,0x05CC,09,40,2,0x00B700,0x233,0x00B933,0x01CD,37,F0,87,OK
0x2DCB,0x05CB,09,40,2,0x00B700,0x234,0x00B934,0x01CC,37,0A,A0,OK
0x2DCA,0x05CA,09,40,2,0x00B700,0x235,0x00B935,0x01CB,37,0F,A4,OK
0x2DC9,0x05C9,09,40,2,0x00B700,0x236,0x00B936,0x01CA,37,FC,90,OK
0x2DC8,0x05C8,09,40,2,0x00B700,0x237,0x00B937,0x01C9,37,88,1B,OK
0x2DC7,0x05C7,09,40,2,0x00B700,0x238,0x00B938,0x01C8,37,03,95,OK
0x2DC6,0x05C6,09,40,2,0x00B700,0x239,0x00B939,0x01C7,37,0F,A0,OK
0x2DC5,0x05C5,09,40,2,0x00B700,0x23A,0x00B93A,0x01C6,37,8F,1F,OK
0x2DC4,0x05C4,09,40,2,0x00B700,0x23B,0x00B93B,0x01C5,37,03,92,OK
0x2DC3,0x05C3,09,40,2,0x00B700,0x23C,0x00B93C,0x01C4,37,00,8E,OK
0x2DC2,0x05C2,09,40,2,0x00B700,0x23D,0x00B93D,0x01C3,37,16,A3,OK
0x2DC1,0x05C1,09,40,2,0x00B700,0x23E,0x00B93E,0x01C2,37,03,8F,OK
0x2DC0,0x05C0,09,40,2,0x00B700,0x23F,0x00B93F,0x01C1,37,FC,87,OK
0x2DBF,0x05BF,09,40,2,0x00B700,0x240,0x00B940,0x01C0,37,FF,89,OK
0x2DBE,0x05BE,09,40,2,0x00B700,0x241,0x00B941,0x01BF,37,CF,58,OK
0x2DBD,0x05BD,09,40,2,0x00B700,0x242,0x00B942,0x01BE,37,FF,87,OK
0x2DBC,0x05BC,09,40,2,0x00B700,0x243,0x00B943,0x01BD,37,1F,A6,OK
0x2DBB,0x05BB,09,40,2,0x00B700,0x244,0x00B944,0x01BC,37,0B,91,OK
0x2DBA,0x05BA,09,40,2,0x00B700,0x245,0x00B945,0x01BB,37,E0,65,OK
0x2DB9,0x05B9,09,40,2,0x00B700,0x246,0x00B946,0x01BA,37,09,8D,OK
0x2DB8,0x05B8,09,40,2,0x00B700,0x247,0x00B947,0x01B9,37,03,86,OK
0x2DB7,0x05B7,09,40,2,0x00B700,0x248,0x00B948,0x01B8,37,04,86,OK
0x2DB6,0x05B6,09,40,2,0x00B700,0x249,0x00B949,0x01B7,37,0B,8C,OK
0x2DB5,0x05B5,09,40,2,0x00B700,0x24A,0x00B94A,0x01B6,37,E0,60,OK
0x2DB4,0x05B4,09,40,2,0x00B700,0x24B,0x00B94B,0x01B5,37,09,88,OK
0x2DB3,0x05B3,09,40,2,0x00B700,0x24C,0x00B94C,0x01B4,37,01,7F,OK
0x2DB2,0x05B2,09,40,2,0x00B700,0x24D,0x00B94D,0x01B3,37,F0,6D,OK
0x2DB1,0x05B1,09,40,2,0x00B700,0x24E,0x00B94E,0x01B2,37,FF,7B,OK
0x2DB0,0x05B0,09,40,2,0x00B700,0x24F,0x00B94F,0x01B1,37,05,80,OK
0x2DAF,0x05AF,09,40,2,0x00B700,0x250,0x00B950,0x01B0,37,1F,99,OK
0x2DAE,0x05AE,09,40,2,0x00B700,0x251,0x00B951,0x01AF,37,60,D9,OK
0x2DAD,0x05AD,09,40,2,0x00B700,0x252,0x00B952,0x01AE,37,00,78,OK
0x2DAC,0x05AC,09,40,2,0x00B700,0x253,0x00B953,0x01AD,37,FC,73,OK
0x2DAB,0x05AB,09,40,2,0x00B700,0x254,0x00B954,0x01AC,37,0F,85,OK
0x2DAA,0x05AA,09,40,2,0x00B700,0x255,0x00B955,0x01AB,37,9D,12,OK
0x2DA9,0x05A9,09,40,2,0x00B700,0x256,0x00B956,0x01AA,37,03,77,OK
0x2DA8,0x05A8,09,40,2,0x00B700,0x257,0x00B957,0x01A9,37,8C,FF,OK
0x2DA7,0x05A7,09,40,2,0x00B700,0x258,0x00B958,0x01A8,37,03,75,OK
0x2DA6,0x05A6,09,40,2,0x00B700,0x259,0x00B959,0x01A7,37,E0,51,OK
0x2DA5,0x05A5,09,40,2,0x00B700,0x25A,0x00B95A,0x01A6,37,FF,6F,OK
0x2DA4,0x05A4,09,40,2,0x00B700,0x25B,0x00B95B,0x01A5,37,09,78,OK
0x2DA3,0x05A3,09,40,2,0x00B700,0x25C,0x00B95C,0x01A4,37,03,71,OK
0x2DA2,0x05A2,09,40,2,0x00B700,0x25D,0x00B95D,0x01A3,37,03,70,OK
0x2DA1,0x05A1,09,40,2,0x00B700,0x25E,0x00B95E,0x01A2,37,04,70,OK
0x2DA0,0x05A0,09,40,2,0x00B700,0x25F,0x00B95F,0x01A1,37,00,6B,OK
0x2D9F,0x059F,09,40,2,0x00B700,0x260,0x00B960,0x01A0,37,30,9A,OK
0x2D9E,0x059E,09,40,2,0x00B700,0x261,0x00B961,0x019F,37,00,69,OK
0x2D9D,0x059D,09,40,2,0x00B700,0x262,0x00B962,0x019E,37,E0,48,OK
0x2D9C,0x059C,09,40,2,0x00B700,0x263,0x00B963,0x019D,37,0B,72,OK
0x2D9B,0x059B,09,40,2,0x00B700,0x264,0x00B964,0x019C,37,1F,85,OK
0x2D9A,0x059A,09,40,2,0x00B700,0x265,0x00B965,0x019B,37,09,6E,OK
0x2D99,0x0599,09,40,2,0x00B700,0x266,0x00B966,0x019A,37,C0,24,OK
0x2D98,0x0598,09,40,2,0x00B700,0x267,0x00B967,0x0199,37,0A,6D,OK
0x2D97,0x0597,09,40,2,0x00B700,0x268,0x00B968,0x0198,37,7F,E1,OK
0x2D96,0x0596,09,40,2,0x00B700,0x269,0x00B969,0x0197,37,88,E9,OK
0x2D95,0x0595,09,40,2,0x00B700,0x26A,0x00B96A,0x0196,37,03,63,OK
0x2D94,0x0594,09,40,2,0x00B700,0x26B,0x00B96B,0x0195,37,80,DF,OK
0x2D93,0x0593,09,40,2,0x00B700,0x26C,0x00B96C,0x0194,37,FF,5D,OK
0x2D92,0x0592,09,40,2,0x00B700,0x26D,0x00B96D,0x0193,37,03,60,OK
0x2D91,0x0591,09,40,2,0x00B700,0x26E,0x00B96E,0x0192,37,04,60,OK
0x2D90,0x0590,09,40,2,0x00B700,0x26F,0x00B96F,0x0191,37,F0,4B,OK
0x2D8F,0x058F,09,40,2,0x00B700,0x270,0x00B970,0x0190,37,8D,E7,OK
0x2D8E,0x058E,09,40,2,0x00B700,0x271,0x00B971,0x018F,37,03,5C,OK
0x2D8D,0x058D,09,40,2,0x00B700,0x272,0x00B972,0x018E,37,1F,77,OK
0x2D8C,0x058C,09,40,2,0x00B700,0x273,0x00B973,0x018D,37,8F,E6,OK
0x2D8B,0x058B,09,40,2,0x00B700,0x274,0x00B974,0x018C,37,03,59,OK
0x2D8A,0x058A,09,40,2,0x00B700,0x275,0x00B975,0x018B,37,00,55,OK
0x2D89,0x0589,09,40,2,0x00B700,0x276,0x00B976,0x018A,37,16,6A,OK
0x2D88,0x0588,09,40,2,0x00B700,0x277,0x00B977,0x0189,37,03,56,OK
0x2D87,0x0587,09,40,2,0x00B700,0x278,0x00B978,0x0188,37,FE,50,OK
0x2D86,0x0586,09,40,2,0x00B700,0x279,0x00B979,0x0187,37,FF,50,OK
0x2D85,0x0585,09,40,2,0x00B700,0x27A,0x00B97A,0x0186,37,06,56,OK
0x2D84,0x0584,09,40,2,0x00B700,0x27B,0x00B97B,0x0185,37,01,50,OK
0x2D83,0x0583,09,40,2,0x00B700,0x27C,0x00B97C,0x0184,37,0B,59,OK
0x2D82,0x0582,09,40,2,0x00B700,0x27D,0x00B97D,0x0183,37,E0,2D,OK
0x2D81,0x0581,09,40,2,0x00B700,0x27E,0x00B97E,0x0182,37,09,55,OK
0x2D80,0x0580,09,40,2,0x00B700,0x27F,0x00B97F,0x0181,37,03,4E,OK
0x2D7F,0x057F,09,40,2,0x00B700,0x280,0x00B980,0x0180,37,04,4E,OK
0x2D7E,0x057E,09,40,2,0x00B700,0x281,0x00B981,0x017F,37,0B,54,OK
0x2D7D,0x057D,09,40,2,0x00B700,0x282,0x00B982,0x017E,37,E0,28,OK
0x2D7C,0x057C,09,40,2,0x00B700,0x283,0x00B983,0x017D,37,09,50,OK
0x2D7B,0x057B,09,40,2,0x00B700,0x284,0x00B984,0x017C,37,01,47,OK
0x2D7A,0x057A,09,40,2,0x00B700,0x285,0x00B985,0x017B,37,E0,25,OK
0x2D79,0x0579,09,40,2,0x00B700,0x286,0x00B986,0x017A,37,3F,83,OK
0x2D78,0x0578,09,40,2,0x00B700,0x287,0x00B987,0x0179,37,F0,33,OK
0x2D77,0x0577,09,40,2,0x00B700,0x288,0x00B988,0x0178,37,3F,81,OK
0x2D76,0x0576,09,40,2,0x00B700,0x289,0x00B989,0x0177,37,09,4A,OK
0x2D75,0x0575,09,40,2,0x00B700,0x28A,0x00B98A,0x0176,37,FE,3E,OK
0x2D74,0x0574,09,40,2,0x00B700,0x28B,0x00B98B,0x0175,37,1F,5E,OK
0x2D73,0x0573,09,40,2,0x00B700,0x28C,0x00B98C,0x0174,37,9D,DB,OK
0x2D72,0x0572,09,40,2,0x00B700,0x28D,0x00B98D,0x0173,37,03,40,OK
0x2D71,0x0571,09,40,2,0x00B700,0x28E,0x00B98E,0x0172,37,8C,C8,OK
0x2D70,0x0570,09,40,2,0x00B700,0x28F,0x00B98F,0x0171,37,03,3E,OK
0x2D6F,0x056F,09,40,2,0x00B700,0x290,0x00B990,0x0170,37,FC,36,OK
0x2D6E,0x056E,09,40,2,0x00B700,0x291,0x00B991,0x016F,37,FF,38,OK
0x2D6D,0x056D,09,40,2,0x00B700,0x292,0x00B992,0x016E,37,08,40,OK
0x2D6C,0x056C,09,40,2,0x00B700,0x293,0x00B993,0x016D,37,03,3A,OK
0x2D6B,0x056B,09,40,2,0x00B700,0x294,0x00B994,0x016C,37,01,37,OK
0x2D6A,0x056A,09,40,2,0x00B700,0x295,0x00B995,0x016B,37,0B,40,OK
0x2D69,0x0569,09,40,2,0x00B700,0x296,0x00B996,0x016A,37,F8,2C,OK
0x2D68,0x0568,09,40,2,0x00B700,0x297,0x00B997,0x0169,37,0B,3E,OK
0x2D67,0x0567,09,40,2,0x00B700,0x298,0x00B998,0x0168,37,1F,51,OK
0x2D66,0x0566,09,40,2,0x00B700,0x299,0x00B999,0x0167,37,09,3A,OK
0x2D65,0x0565,09,40,2,0x00B700,0x29A,0x00B99A,0x0166,37,E0,10,OK
0x2D64,0x0564,09,40,2,0x00B700,0x29B,0x00B99B,0x0165,37,0A,39,OK
0x2D63,0x0563,09,40,2,0x00B700,0x29C,0x00B99C,0x0164,37,3F,6D,OK
0x2D62,0x0562,09,40,2,0x00B700,0x29D,0x00B99D,0x0163,37,0C,39,OK
0x2D61,0x0561,09,40,2,0x00B700,0x29E,0x00B99E,0x0162,37,C0,EC,OK
0x2D60,0x0560,09,40,2,0x00B700,0x29F,0x00B99F,0x0161,37,0F,3A,OK
0x2D5F,0x055F,09,40,2,0x00B700,0x2A0,0x00B9A0,0x0160,37,00,2A,OK
0x2D5E,0x055E,09,40,2,0x00B700,0x2A1,0x00B9A1,0x015F,37,E0,09,OK
0x2D5D,0x055D,09,40,2,0x00B700,0x2A2,0x00B9A2,0x015E,37,FF,27,OK
0x2D5C,0x055C,09,40,2,0x00B700,0x2A3,0x00B9A3,0x015D,37,01,28,OK
0x2D5B,0x055B,09,40,2,0x00B700,0x2A4,0x00B9A4,0x015C,37,E0,06,OK
0x2D5A,0x055A,09,40,2,0x00B700,0x2A5,0x00B9A5,0x015B,37,8D,B2,OK
0x2D59,0x0559,09,40,2,0x00B700,0x2A6,0x00B9A6,0x015A,37,03,27,OK
0x2D58,0x0558,09,40,2,0x00B700,0x2A7,0x00B9A7,0x0159,37,7F,A2,OK
0x2D57,0x0557,09,40,2,0x00B700,0x2A8,0x00B9A8,0x0158,37,8F,B1,OK
0x2D56,0x0556,09,40,2,0x00B700,0x2A9,0x00B9A9,0x0157,37,03,24,OK
0x2D55,0x0555,09,40,2,0x00B700,0x2AA,0x00B9AA,0x0156,37,95,B5,OK
0x2D54,0x0554,09,40,2,0x00B700,0x2AB,0x00B9AB,0x0155,37,03,22,OK
0x2D53,0x0553,09,40,2,0x00B700,0x2AC,0x00B9AC,0x0154,37,80,9E,OK
0x2D52,0x0552,09,40,2,0x00B700,0x2AD,0x00B9AD,0x0153,37,FF,1C,OK
0x2D51,0x0551,09,40,2,0x00B700,0x2AE,0x00B9AE,0x0152,37,06,22,OK
0x2D50,0x0550,09,40,2,0x00B700,0x2AF,0x00B9AF,0x0151,37,3F,5A,OK
0x2D4F,0x054F,09,40,2,0x00B700,0x2B0,0x00B9B0,0x0150,37,0C,26,OK
0x2D4E,0x054E,09,40,2,0x00B700,0x2B1,0x00B9B1,0x014F,37,E0,F9,OK
0x2D4D,0x054D,09,40,2,0x00B700,0x2B2,0x00B9B2,0x014E,37,09,21,OK
0x2D4C,0x054C,09,40,2,0x00B700,0x2B3,0x00B9B3,0x014D,37,01,18,OK
0x2D4B,0x054B,09,40,2,0x00B700,0x2B4,0x00B9B4,0x014C,37,0B,21,OK
0x2D4A,0x054A,09,40,2,0x00B700,0x2B5,0x00B9B5,0x014B,37,C0,D5,OK
0x2D49,0x0549,09,40,2,0x00B700,0x2B6,0x00B9B6,0x014A,37,09,1D,OK
0x2D48,0x0548,09,40,2,0x00B700,0x2B7,0x00B9B7,0x0149,37,03,16,OK
0x2D47,0x0547,09,40,2,0x00B700,0x2B8,0x00B9B8,0x0148,37,04,16,OK
0x2D46,0x0546,09,40,2,0x00B700,0x2B9,0x00B9B9,0x0147,37,E0,F1,OK
0x2D45,0x0545,09,40,2,0x00B700,0x2BA,0x00B9BA,0x0146,37,1F,2F,OK
0x2D44,0x0544,09,40,2,0x00B700,0x2BB,0x00B9BB,0x0145,37,E0,EF,OK
0x2D43,0x0543,09,40,2,0x00B700,0x2BC,0x00B9BC,0x0144,37,7F,8D,OK
0x2D42,0x0542,09,40,2,0x00B700,0x2BD,0x00B9BD,0x0143,37,09,16,OK
0x2D41,0x0541,09,40,2,0x00B700,0x2BE,0x00B9BE,0x0142,37,FE,0A,OK
0x2D40,0x0540,09,40,2,0x00B700,0x2BF,0x00B9BF,0x0141,37,03,0E,OK
0x2D3F,0x053F,09,40,2,0x00B700,0x2C0,0x00B9C0,0x0140,37,04,0E,OK
0x2D3E,0x053E,09,40,2,0x00B700,0x2C1,0x00B9C1,0x013F,37,9D,A6,OK
0x2D3D,0x053D,09,40,2,0x00B700,0x2C2,0x00B9C2,0x013E,37,03,0B,OK
0x2D3C,0x053C,09,40,2,0x00B700,0x2C3,0x00B9C3,0x013D,37,00,07,OK
0x2D3B,0x053B,09,40,2,0x00B700,0x2C4,0x00B9C4,0x013C,37,0C,12,OK
0x2D3A,0x053A,09,40,2,0x00B700,0x2C5,0x00B9C5,0x013B,37,03,08,OK
0x2D39,0x0539,09,40,2,0x00B700,0x2C6,0x00B9C6,0x013A,37,FE,02,OK
0x2D38,0x0538,09,40,2,0x00B700,0x2C7,0x00B9C7,0x0139,37,FF,02,OK
0x2D37,0x0537,09,40,2,0x00B700,0x2C8,0x00B9C8,0x0138,37,06,08,OK
0x2D36,0x0536,09,40,2,0x00B700,0x2C9,0x00B9C9,0x0137,37,03,04,OK
0x2D35,0x0535,09,40,2,0x00B700,0x2CA,0x00B9CA,0x0136,37,7F,7F,OK
0x2D34,0x0534,09,40,2,0x00B700,0x2CB,0x00B9CB,0x0135,37,86,85,OK
0x2D33,0x0533,09,40,2,0x00B700,0x2CC,0x00B9CC,0x0134,37,03,01,OK
0x2D32,0x0532,09,40,2,0x00B700,0x2CD,0x00B9CD,0x0133,37,F8,F5,OK
0x2D31,0x0531,09,40,2,0x00B700,0x2CE,0x00B9CE,0x0132,37,0B,07,OK
0x2D30,0x0530,09,40,2,0x00B700,0x2CF,0x00B9CF,0x0131,37,1F,1A,OK
0x2D2F,0x052F,09,40,2,0x00B700,0x2D0,0x00B9D0,0x0130,37,09,03,OK
0x2D2E,0x052E,09,40,2,0x00B700,0x2D1,0x00B9D1,0x012F,37,E0,D9,OK
0x2D2D,0x052D,09,40,2,0x00B700,0x2D2,0x00B9D2,0x012E,37,0A,02,OK
0x2D2C,0x052C,09,40,2,0x00B700,0x2D3,0x00B9D3,0x012D,37,1F,16,OK
0x2D2B,0x052B,09,40,2,0x00B700,0x2D4,0x00B9D4,0x012C,37,0C,02,OK
0x2D2A,0x052A,09,40,2,0x00B700,0x2D5,0x00B9D5,0x012B,37,E0,D5,OK
0x2D29,0x0529,09,40,2,0x00B700,0x2D6,0x00B9D6,0x012A,37,1F,13,OK
0x2D28,0x0528,09,40,2,0x00B700,0x2D7,0x00B9D7,0x0129,37,00,F3,OK
0x2D27,0x0527,09,40,2,0x00B700,0x2D8,0x00B9D8,0x0128,37,F8,EA,OK
0x2D26,0x0526,09,40,2,0x00B700,0x2D9,0x00B9D9,0x0127,37,FF,F0,OK
0x2D25,0x0525,09,40,2,0x00B700,0x2DA,0x00B9DA,0x0126,37,01,F1,OK
0x2D24,0x0524,09,40,2,0x00B700,0x2DB,0x00B9DB,0x0125,37,E0,CF,OK
0x2D23,0x0523,09,40,2,0x00B700,0x2DC,0x00B9DC,0x0124,37,8D,7B,OK
0x2D22,0x0522,09,40,2,0x00B700,0x2DD,0x00B9DD,0x0123,37,03,F0,OK
0x2D21,0x0521,09,40,2,0x00B700,0x2DE,0x00B9DE,0x0122,37,7F,6B,OK
0x2D20,0x0520,09,40,2,0x00B700,0x2DF,0x00B9DF,0x0121,37,8F,7A,OK
0x2D1F,0x051F,09,40,2,0x00B700,0x2E0,0x00B9E0,0x0120,37,03,ED,OK
0x2D1E,0x051E,09,40,2,0x00B700,0x2E1,0x00B9E1,0x011F,37,95,7E,OK
0x2D1D,0x051D,09,40,2,0x00B700,0x2E2,0x00B9E2,0x011E,37,03,EB,OK
0x2D1C,0x051C,09,40,2,0x00B700,0x2E3,0x00B9E3,0x011D,37,E0,C7,OK
0x2D1B,0x051B,09,40,2,0x00B700,0x2E4,0x00B9E4,0x011C,37,FF,E5,OK
0x2D1A,0x051A,09,40,2,0x00B700,0x2E5,0x00B9E5,0x011B,37,06,EB,OK
0x2D19,0x0519,09,40,2,0x00B700,0x2E6,0x00B9E6,0x011A,37,0F,F3,OK
0x2D18,0x0518,09,40,2,0x00B700,0x2E7,0x00B9E7,0x0119,37,0C,EF,OK
0x2D17,0x0517,09,40,2,0x00B700,0x2E8,0x00B9E8,0x0118,37,F0,D2,OK
0x2D16,0x0516,09,40,2,0x00B700,0x2E9,0x00B9E9,0x0117,37,09,EA,OK
0x2D15,0x0515,09,40,2,0x00B700,0x2EA,0x00B9EA,0x0116,37,01,E1,OK
0x2D14,0x0514,09,40,2,0x00B700,0x2EB,0x00B9EB,0x0115,37,0B,EA,OK
0x2D13,0x0513,09,40,2,0x00B700,0x2EC,0x00B9EC,0x0114,37,80,5E,OK
0x2D12,0x0512,09,40,2,0x00B700,0x2ED,0x00B9ED,0x0113,37,09,E6,OK
0x2D11,0x0511,09,40,2,0x00B700,0x2EE,0x00B9EE,0x0112,37,07,E3,OK
0x2D10,0x0510,09,40,2,0x00B700,0x2EF,0x00B9EF,0x0111,37,04,DF,OK
0x2D0F,0x050F,09,40,2,0x00B700,0x2F0,0x00B9F0,0x0110,37,C0,9A,OK
0x2D0E,0x050E,09,40,2,0x00B700,0x2F1,0x00B9F1,0x010F,37,0F,E8,OK
0x2D0D,0x050D,09,40,2,0x00B700,0x2F2,0x00B9F2,0x010E,37,E0,B8,OK
0x2D0C,0x050C,09,40,2,0x00B700,0x2F3,0x00B9F3,0x010D,37,7F,56,OK
0x2D0B,0x050B,09,40,2,0x00B700,0x2F4,0x00B9F4,0x010C,37,09,DF,OK
0x2D0A,0x050A,09,40,2,0x00B700,0x2F5,0x00B9F5,0x010B,37,07,DC,OK
0x2D09,0x0509,09,40,2,0x00B700,0x2F6,0x00B9F6,0x010A,37,04,D8,OK
0x2D08,0x0508,09,40,2,0x00B700,0x2F7,0x00B9F7,0x0109,37,9E,71,OK
0x2D07,0x0507,09,40,2,0x00B700,0x2F8,0x00B9F8,0x0108,37,03,D5,OK
0x2D06,0x0506,09,40,2,0x00B700,0x2F9,0x00B9F9,0x0107,37,00,D1,OK
0x2D05,0x0505,09,40,2,0x00B700,0x2FA,0x00B9FA,0x0106,37,0C,DC,OK
0x2D04,0x0504,09,40,2,0x00B700,0x2FB,0x00B9FB,0x0105,37,03,D2,OK
0x2D03,0x0503,09,40,2,0x00B700,0x2FC,0x00B9FC,0x0104,37,FF,CD,OK
0x2D02,0x0502,09,40,2,0x00B700,0x2FD,0x00B9FD,0x0103,37,07,D4,OK
0x2D01,0x0501,09,40,2,0x00B700,0x2FE,0x00B9FE,0x0102,37,03,CF,OK
0x2D00,0x0500,09,40,2,0x00B700,0x2FF,0x00B9FF,0x0101,37,0F,DA,OK
0x2CFF,0x04FF,09,40,2,0x00B700,0x300,0x00BA00,0x0100,37,86,50,OK
0x2CFE,0x04FE,09,40,2,0x00B700,0x301,0x00BA01,0x00FF,37,03,CB,OK
0x2CFD,0x04FD,09,40,2,0x00B700,0x302,0x00BA02,0x00FE,37,FC,C3,OK
0x2CFC,0x04FC,09,40,2,0x00B700,0x303,0x00BA03,0x00FD,37,0B,D1,OK
0x2CFB,0x04FB,09,40,2,0x00B700,0x304,0x00BA04,0x00FC,37,0F,D4,OK
0x2CFA,0x04FA,09,40,2,0x00B700,0x305,0x00BA05,0x00FB,37,09,CD,OK
0x2CF9,0x04F9,09,40,2,0x00B700,0x306,0x00BA06,0x00FA,37,E0,A3,OK
0x2CF8,0x04F8,09,40,2,0x00B700,0x307,0x00BA07,0x00F9,37,0A,CC,OK
0x2CF7,0x04F7,09,40,2,0x00B700,0x308,0x00BA08,0x00F8,37,0F,D0,OK
0x2CF6,0x04F6,09,40,2,0x00B700,0x309,0x00BA09,0x00F7,37,00,C0,OK
0x2CF5,0x04F5,09,40,2,0x00B700,0x30A,0x00BA0A,0x00F6,37,08,C7,OK
0x2CF4,0x04F4,09,40,2,0x00B700,0x30B,0x00BA0B,0x00F5,37,F0,AE,OK
0x2CF3,0x04F3,09,40,2,0x00B700,0x30C,0x00BA0C,0x00F4,37,1F,DC,OK
0x2CF2,0x04F2,09,40,2,0x00B700,0x30D,0x00BA0D,0x00F3,37,00,BC,OK
0x2CF1,0x04F1,09,40,2,0x00B700,0x30E,0x00BA0E,0x00F2,37,09,C4,OK
0x2CF0,0x04F0,09,40,2,0x00B700,0x30F,0x00BA0F,0x00F1,37,00,BA,OK
0x2CEF,0x04EF,09,40,2,0x00B700,0x310,0x00BA10,0x00F0,37,E0,99,OK
0x2CEE,0x04EE,09,40,2,0x00B700,0x311,0x00BA11,0x00EF,37,8E,46,OK
0x2CED,0x04ED,09,40,2,0x00B700,0x312,0x00BA12,0x00EE,37,03,BA,OK
0x2CEC,0x04EC,09,40,2,0x00B700,0x313,0x00BA13,0x00ED,37,01,B7,OK
0x2CEB,0x04EB,09,40,2,0x00B700,0x314,0x00BA14,0x00EC,37,8E,43,OK
0x2CEA,0x04EA,09,40,2,0x00B700,0x315,0x00BA15,0x00EB,37,03,B7,OK
0x2CE9,0x04E9,09,40,2,0x00B700,0x316,0x00BA16,0x00EA,37,95,48,OK
0x2CE8,0x04E8,09,40,2,0x00B700,0x317,0x00BA17,0x00E9,37,03,B5,OK
0x2CE7,0x04E7,09,40,2,0x00B700,0x318,0x00BA18,0x00E8,37,E0,91,OK
0x2CE6,0x04E6,09,40,2,0x00B700,0x319,0x00BA19,0x00E7,37,FF,AF,OK
0x2CE5,0x04E5,09,40,2,0x00B700,0x31A,0x00BA1A,0x00E6,37,05,B4,OK
0x2CE4,0x04E4,09,40,2,0x00B700,0x31B,0x00BA1B,0x00E5,37,7F,2D,OK
0x2CE3,0x04E3,09,40,2,0x00B700,0x31C,0x00BA1C,0x00E4,37,86,33,OK
0x2CE2,0x04E2,09,40,2,0x00B700,0x31D,0x00BA1D,0x00E3,37,03,AF,OK
0x2CE1,0x04E1,09,40,2,0x00B700,0x31E,0x00BA1E,0x00E2,37,F8,A3,OK
0x2CE0,0x04E0,09,40,2,0x00B700,0x31F,0x00BA1F,0x00E1,37,09,B3,OK
0x2CDF,0x04DF,09,40,2,0x00B700,0x320,0x00BA20,0x00E0,37,03,AC,OK
0x2CDE,0x04DE,09,40,2,0x00B700,0x321,0x00BA21,0x00DF,37,04,AC,OK
0x2CDD,0x04DD,09,40,2,0x00B700,0x322,0x00BA22,0x00DE,37,0B,B2,OK
0x2CDC,0x04DC,09,40,2,0x00B700,0x323,0x00BA23,0x00DD,37,80,26,OK
0x2CDB,0x04DB,09,40,2,0x00B700,0x324,0x00BA24,0x00DC,37,09,AE,OK
0x2CDA,0x04DA,09,40,2,0x00B700,0x325,0x00BA25,0x00DB,37,0F,B3,OK
0x2CD9,0x04D9,09,40,2,0x00B700,0x326,0x00BA26,0x00DA,37,C0,63,OK
0x2CD8,0x04D8,09,40,2,0x00B700,0x327,0x00BA27,0x00D9,37,01,A3,OK
0x2CD7,0x04D7,09,40,2,0x00B700,0x328,0x00BA28,0x00D8,37,F0,91,OK
0x2CD6,0x04D6,09,40,2,0x00B700,0x329,0x00BA29,0x00D7,37,3F,DF,OK
0x2CD5,0x04D5,09,40,2,0x00B700,0x32A,0x00BA2A,0x00D6,37,A1,40,OK
0x2CD4,0x04D4,09,40,2,0x00B700,0x32B,0x00BA2B,0x00D5,37,03,A1,OK
0x2CD3,0x04D3,09,40,2,0x00B700,0x32C,0x00BA2C,0x00D4,37,8B,28,OK
0x2CD2,0x04D2,09,40,2,0x00B700,0x32D,0x00BA2D,0x00D3,37,03,9F,OK
0x2CD1,0x04D1,09,40,2,0x00B700,0x32E,0x00BA2E,0x00D2,37,80,1B,OK
0x2CD0,0x04D0,09,40,2,0x00B700,0x32F,0x00BA2F,0x00D1,37,FF,99,OK
0x2CCF,0x04CF,09,40,2,0x00B700,0x330,0x00BA30,0x00D0,37,06,9F,OK
0x2CCE,0x04CE,09,40,2,0x00B700,0x331,0x00BA31,0x00CF,37,03,9B,OK
0x2CCD,0x04CD,09,40,2,0x00B700,0x332,0x00BA32,0x00CE,37,7F,16,OK
0x2CCC,0x04CC,09,40,2,0x00B700,0x333,0x00BA33,0x00CD,37,87,1D,OK
0x2CCB,0x04CB,09,40,2,0x00B700,0x334,0x00BA34,0x00CC,37,03,98,OK
0x2CCA,0x04CA,09,40,2,0x00B700,0x335,0x00BA35,0x00CB,37,FE,92,OK
0x2CC9,0x04C9,09,40,2,0x00B700,0x336,0x00BA36,0x00CA,37,0B,9E,OK
0x2CC8,0x04C8,09,40,2,0x00B700,0x337,0x00BA37,0x00C9,37,07,99,OK
0x2CC7,0x04C7,09,40,2,0x00B700,0x338,0x00BA38,0x00C8,37,04,95,OK
0x2CC6,0x04C6,09,40,2,0x00B700,0x339,0x00BA39,0x00C7,37,09,99,OK
0x2CC5,0x04C5,09,40,2,0x00B700,0x33A,0x00BA3A,0x00C6,37,F0,7F,OK
0x2CC4,0x04C4,09,40,2,0x00B700,0x33B,0x00BA3B,0x00C5,37,0A,98,OK
0x2CC3,0x04C3,09,40,2,0x00B700,0x33C,0x00BA3C,0x00C4,37,07,94,OK
0x2CC2,0x04C2,09,40,2,0x00B700,0x33D,0x00BA3D,0x00C3,37,04,90,OK
0x2CC1,0x04C1,09,40,2,0x00B700,0x33E,0x00BA3E,0x00C2,37,00,8B,OK
0x2CC0,0x04C0,09,40,2,0x00B700,0x33F,0x00BA3F,0x00C1,37,08,92,OK
0x2CBF,0x04BF,09,40,2,0x00B700,0x340,0x00BA40,0x00C0,37,FE,87,OK
0x2CBE,0x04BE,09,40,2,0x00B700,0x341,0x00BA41,0x00BF,37,0F,97,OK
0x2CBD,0x04BD,09,40,2,0x00B700,0x342,0x00BA42,0x00BE,37,C0,47,OK
0x2CBC,0x04BC,09,40,2,0x00B700,0x343,0x00BA43,0x00BD,37,09,8F,OK
0x2CBB,0x04BB,09,40,2,0x00B700,0x344,0x00BA44,0x00BC,37,00,85,OK
0x2CBA,0x04BA,09,40,2,0x00B700,0x345,0x00BA45,0x00BB,37,E0,64,OK
0x2CB9,0x04B9,09,40,2,0x00B700,0x346,0x00BA46,0x00BA,37,8E,11,OK
0x2CB8,0x04B8,09,40,2,0x00B700,0x347,0x00BA47,0x00B9,37,03,85,OK
0x2CB7,0x04B7,09,40,2,0x00B700,0x348,0x00BA48,0x00B8,37,03,84,OK
0x2CB6,0x04B6,09,40,2,0x00B700,0x349,0x00BA49,0x00B7,37,04,84,OK
0x2CB5,0x04B5,09,40,2,0x00B700,0x34A,0x00BA4A,0x00B6,37,8E,0D,OK
0x2CB4,0x04B4,09,40,2,0x00B700,0x34B,0x00BA4B,0x00B5,37,03,81,OK
0x2CB3,0x04B3,09,40,2,0x00B700,0x34C,0x00BA4C,0x00B4,37,00,7D,OK
0x2CB2,0x04B2,09,40,2,0x00B700,0x34D,0x00BA4D,0x00B3,37,15,91,OK
0x2CB1,0x04B1,09,40,2,0x00B700,0x34E,0x00BA4E,0x00B2,37,03,7E,OK
0x2CB0,0x04B0,09,40,2,0x00B700,0x34F,0x00BA4F,0x00B1,37,F0,6A,OK
0x2CAF,0x04AF,09,40,2,0x00B700,0x350,0x00BA50,0x00B0,37,FF,78,OK
0x2CAE,0x04AE,09,40,2,0x00B700,0x351,0x00BA51,0x00AF,37,05,7D,OK
0x2CAD,0x04AD,09,40,2,0x00B700,0x352,0x00BA52,0x00AE,37,07,7E,OK
0x2CAC,0x04AC,09,40,2,0x00B700,0x353,0x00BA53,0x00AD,37,04,7A,OK
0x2CAB,0x04AB,09,40,2,0x00B700,0x354,0x00BA54,0x00AC,37,86,FB,OK
0x2CAA,0x04AA,09,40,2,0x00B700,0x355,0x00BA55,0x00AB,37,03,77,OK
0x2CA9,0x04A9,09,40,2,0x00B700,0x356,0x00BA56,0x00AA,37,F8,6B,OK
0x2CA8,0x04A8,09,40,2,0x00B700,0x357,0x00BA57,0x00A9,37,09,7B,OK
0x2CA7,0x04A7,09,40,2,0x00B700,0x358,0x00BA58,0x00A8,37,03,74,OK
0x2CA6,0x04A6,09,40,2,0x00B700,0x359,0x00BA59,0x00A7,37,04,74,OK
0x2CA5,0x04A5,09,40,2,0x00B700,0x35A,0x00BA5A,0x00A6,37,0C,7B,OK
0x2CA4,0x04A4,09,40,2,0x00B700,0x35B,0x00BA5B,0x00A5,37,09,77,OK
0x2CA3,0x04A3,09,40,2,0x00B700,0x35C,0x00BA5C,0x00A4,37,1F,8C,OK
0x2CA2,0x04A2,09,40,2,0x00B700,0x35D,0x00BA5D,0x00A3,37,40,AC,OK
0x2CA1,0x04A1,09,40,2,0x00B700,0x35E,0x00BA5E,0x00A2,37,00,6B,OK
0x2CA0,0x04A0,09,40,2,0x00B700,0x35F,0x00BA5F,0x00A1,37,F8,62,OK
0x2C9F,0x049F,09,40,2,0x00B700,0x360,0x00BA60,0x00A0,37,3F,A8,OK
0x2C9E,0x049E,09,40,2,0x00B700,0x361,0x00BA61,0x009F,37,A1,09,OK
0x2C9D,0x049D,09,40,2,0x00B700,0x362,0x00BA62,0x009E,37,03,6A,OK
0x2C9C,0x049C,09,40,2,0x00B700,0x363,0x00BA63,0x009D,37,8B,F1,OK
0x2C9B,0x049B,09,40,2,0x00B700,0x364,0x00BA64,0x009C,37,03,68,OK
0x2C9A,0x049A,09,40,2,0x00B700,0x365,0x00BA65,0x009B,37,C0,24,OK
0x2C99,0x0499,09,40,2,0x00B700,0x366,0x00BA66,0x009A,37,FF,62,OK
0x2C98,0x0498,09,40,2,0x00B700,0x367,0x00BA67,0x0099,37,08,6A,OK
0x2C97,0x0497,09,40,2,0x00B700,0x368,0x00BA68,0x0098,37,1F,80,OK
0x2C96,0x0496,09,40,2,0x00B700,0x369,0x00BA69,0x0097,37,00,60,OK
0x2C95,0x0495,09,40,2,0x00B700,0x36A,0x00BA6A,0x0096,37,08,67,OK
0x2C94,0x0494,09,40,2,0x00B700,0x36B,0x00BA6B,0x0095,37,03,61,OK
0x2C93,0x0493,09,40,2,0x00B700,0x36C,0x00BA6C,0x0094,37,FE,5B,OK
0x2C92,0x0492,09,40,2,0x00B700,0x36D,0x00BA6D,0x0093,37,0B,67,OK
0x2C91,0x0491,09,40,2,0x00B700,0x36E,0x00BA6E,0x0092,37,07,62,OK
0x2C90,0x0490,09,40,2,0x00B700,0x36F,0x00BA6F,0x0091,37,04,5E,OK
0x2C8F,0x048F,09,40,2,0x00B700,0x370,0x00BA70,0x0090,37,09,62,OK
0x2C8E,0x048E,09,40,2,0x00B700,0x371,0x00BA71,0x008F,37,F0,48,OK
0x2C8D,0x048D,09,40,2,0x00B700,0x372,0x00BA72,0x008E,37,FF,56,OK
0x2C8C,0x048C,09,40,2,0x00B700,0x373,0x00BA73,0x008D,37,06,5C,OK
0x2C8B,0x048B,09,40,2,0x00B700,0x374,0x00BA74,0x008C,37,03,58,OK
0x2C8A,0x048A,09,40,2,0x00B700,0x375,0x00BA75,0x008B,37,04,58,OK
0x2C89,0x0489,09,40,2,0x00B700,0x376,0x00BA76,0x008A,37,0B,5E,OK
0x2C88,0x0488,09,40,2,0x00B700,0x377,0x00BA77,0x0089,37,80,D2,OK
0x2C87,0x0487,09,40,2,0x00B700,0x378,0x00BA78,0x0088,37,FF,50,OK
0x2C86,0x0486,09,40,2,0x00B700,0x379,0x00BA79,0x0087,37,07,57,OK
0x2C85,0x0485,09,40,2,0x00B700,0x37A,0x00BA7A,0x0086,37,04,53,OK
0x2C84,0x0484,09,40,2,0x00B700,0x37B,0x00BA7B,0x0085,37,C0,0E,OK
0x2C83,0x0483,09,40,2,0x00B700,0x37C,0x00BA7C,0x0084,37,09,56,OK
0x2C82,0x0482,09,40,2,0x00B700,0x37D,0x00BA7D,0x0083,37,00,4C,OK
0x2C81,0x0481,09,40,2,0x00B700,0x37E,0x00BA7E,0x0082,37,E0,2B,OK
0x2C80,0x0480,09,40,2,0x00B700,0x37F,0x00BA7F,0x0081,37,8E,D8,OK
0x2C7F,0x047F,09,40,2,0x00B700,0x380,0x00BA80,0x0080,37,03,4C,OK
0x2C7E,0x047E,09,40,2,0x00B700,0x381,0x00BA81,0x007F,37,01,49,OK
0x2C7D,0x047D,09,40,2,0x00B700,0x382,0x00BA82,0x007E,37,8E,D5,OK
0x2C7C,0x047C,09,40,2,0x00B700,0x383,0x00BA83,0x007D,37,03,49,OK
0x2C7B,0x047B,09,40,2,0x00B700,0x384,0x00BA84,0x007C,37,00,45,OK
0x2C7A,0x047A,09,40,2,0x00B700,0x385,0x00BA85,0x007B,37,15,59,OK
0x2C79,0x0479,09,40,2,0x00B700,0x386,0x00BA86,0x007A,37,03,46,OK
0x2C78,0x0478,09,40,2,0x00B700,0x387,0x00BA87,0x0079,37,FE,40,OK
0x2C77,0x0477,09,40,2,0x00B700,0x388,0x00BA88,0x0078,37,FF,40,OK
0x2C76,0x0476,09,40,2,0x00B700,0x389,0x00BA89,0x0077,37,1F,5F,OK
0x2C75,0x0475,09,40,2,0x00B700,0x38A,0x00BA8A,0x0076,37,87,C6,OK
0x2C74,0x0474,09,40,2,0x00B700,0x38B,0x00BA8B,0x0075,37,03,41,OK
0x2C73,0x0473,09,40,2,0x00B700,0x38C,0x00BA8C,0x0074,37,FC,39,OK
0x2C72,0x0472,09,40,2,0x00B700,0x38D,0x00BA8D,0x0073,37,09,45,OK
0x2C71,0x0471,09,40,2,0x00B700,0x38E,0x00BA8E,0x0072,37,03,3E,OK
0x2C70,0x0470,09,40,2,0x00B700,0x38F,0x00BA8F,0x0071,37,04,3E,OK
0x2C6F,0x046F,09,40,2,0x00B700,0x390,0x00BA90,0x0070,37,0C,45,OK
0x2C6E,0x046E,09,40,2,0x00B700,0x391,0x00BA91,0x006F,37,09,41,OK
0x2C6D,0x046D,09,40,2,0x00B700,0x392,0x00BA92,0x006E,37,7F,B6,OK
0x2C6C,0x046C,09,40,2,0x00B700,0x393,0x00BA93,0x006D,37,09,3F,OK
0x2C6B,0x046B,09,40,2,0x00B700,0x394,0x00BA94,0x006C,37,F8,2D,OK
0x2C6A,0x046A,09,40,2,0x00B700,0x395,0x00BA95,0x006B,37,0F,43,OK
0x2C69,0x0469,09,40,2,0x00B700,0x396,0x00BA96,0x006A,37,A1,D4,OK
0x2C68,0x0468,09,40,2,0x00B700,0x397,0x00BA97,0x0069,37,03,35,OK
0x2C67,0x0467,09,40,2,0x00B700,0x398,0x00BA98,0x0068,37,8B,BC,OK
0x2C66,0x0466,09,40,2,0x00B700,0x399,0x00BA99,0x0067,37,03,33,OK
0x2C65,0x0465,09,40,2,0x00B700,0x39A,0x00BA9A,0x0066,37,E0,0F,OK
0x2C64,0x0464,09,40,2,0x00B700,0x39B,0x00BA9B,0x0065,37,FF,2D,OK
0x2C63,0x0463,09,40,2,0x00B700,0x39C,0x00BA9C,0x0064,37,08,35,OK
0x2C62,0x0462,09,40,2,0x00B700,0x39D,0x00BA9D,0x0063,37,01,2D,OK
0x2C61,0x0461,09,40,2,0x00B700,0x39E,0x00BA9E,0x0062,37,00,2B,OK
0x2C60,0x0460,09,40,2,0x00B700,0x39F,0x00BA9F,0x0061,37,08,32,OK
0x2C5F,0x045F,09,40,2,0x00B700,0x3A0,0x00BAA0,0x0060,37,03,2C,OK
0x2C5E,0x045E,09,40,2,0x00B700,0x3A1,0x00BAA1,0x005F,37,0C,34,OK
0x2C5D,0x045D,09,40,2,0x00B700,0x3A2,0x00BAA2,0x005E,37,03,2A,OK
0x2C5C,0x045C,09,40,2,0x00B700,0x3A3,0x00BAA3,0x005D,37,04,2A,OK
0x2C5B,0x045B,09,40,2,0x00B700,0x3A4,0x00BAA4,0x005C,37,09,2E,OK
0x2C5A,0x045A,09,40,2,0x00B700,0x3A5,0x00BAA5,0x005B,37,F8,1C,OK
0x2C59,0x0459,09,40,2,0x00B700,0x3A6,0x00BAA6,0x005A,37,FF,22,OK
0x2C58,0x0458,09,40,2,0x00B700,0x3A7,0x00BAA7,0x0059,37,06,28,OK
0x2C57,0x0457,09,40,2,0x00B700,0x3A8,0x00BAA8,0x0058,37,01,22,OK
0x2C56,0x0456,09,40,2,0x00B700,0x3A9,0x00BAA9,0x0057,37,0B,2B,OK
0x2C55,0x0455,09,40,2,0x00B700,0x3AA,0x00BAAA,0x0056,37,E0,FF,OK
0x2C54,0x0454,09,40,2,0x00B700,0x3AB,0x00BAAB,0x0055,37,FF,1D,OK
0x2C53,0x0453,09,40,2,0x00B700,0x3AC,0x00BAAC,0x0054,37,07,24,OK
0x2C52,0x0452,09,40,2,0x00B700,0x3AD,0x00BAAD,0x0053,37,04,20,OK
0x2C51,0x0451,09,40,2,0x00B700,0x3AE,0x00BAAE,0x0052,37,F0,0B,OK
0x2C50,0x0450,09,40,2,0x00B700,0x3AF,0x00BAAF,0x0051,37,09,23,OK
0x2C4F,0x044F,09,40,2,0x00B700,0x3B0,0x00BAB0,0x0050,37,01,1A,OK
0x2C4E,0x044E,09,40,2,0x00B700,0x3B1,0x00BAB1,0x004F,37,E0,F8,OK
0x2C4D,0x044D,09,40,2,0x00B700,0x3B2,0x00BAB2,0x004E,37,8E,A5,OK
0x2C4C,0x044C,09,40,2,0x00B700,0x3B3,0x00BAB3,0x004D,37,03,19,OK
0x2C4B,0x044B,09,40,2,0x00B700,0x3B4,0x00BAB4,0x004C,37,03,18,OK
0x2C4A,0x044A,09,40,2,0x00B700,0x3B5,0x00BAB5,0x004B,37,04,18,OK
0x2C49,0x0449,09,40,2,0x00B700,0x3B6,0x00BAB6,0x004A,37,8E,A1,OK
0x2C48,0x0448,09,40,2,0x00B700,0x3B7,0x00BAB7,0x0049,37,03,15,OK
0x2C47,0x0447,09,40,2,0x00B700,0x3B8,0x00BAB8,0x0048,37,94,A5,OK
0x2C46,0x0446,09,40,2,0x00B700,0x3B9,0x00BAB9,0x0047,37,03,13,OK
0x2C45,0x0445,09,40,2,0x00B700,0x3BA,0x00BABA,0x0046,37,E0,EF,OK
0x2C44,0x0444,09,40,2,0x00B700,0x3BB,0x00BABB,0x0045,37,FF,0D,OK
0x2C43,0x0443,09,40,2,0x00B700,0x3BC,0x00BABC,0x0044,37,05,12,OK
0x2C42,0x0442,09,40,2,0x00B700,0x3BD,0x00BABD,0x0043,37,01,0D,OK
0x2C41,0x0441,09,40,2,0x00B700,0x3BE,0x00BABE,0x0042,37,87,92,OK
0x2C40,0x0440,09,40,2,0x00B700,0x3BF,0x00BABF,0x0041,37,03,0D,OK
0x2C3F,0x043F,09,40,2,0x00B700,0x3C0,0x00BAC0,0x0040,37,FC,05,OK
0x2C3E,0x043E,09,40,2,0x00B700,0x3C1,0x00BAC1,0x003F,37,FF,07,OK
0x2C3D,0x043D,09,40,2,0x00B700,0x3C2,0x00BAC2,0x003E,37,05,0C,OK
0x2C3C,0x043C,09,40,2,0x00B700,0x3C3,0x00BAC3,0x003D,37,03,09,OK
0x2C3B,0x043B,09,40,2,0x00B700,0x3C4,0x00BAC4,0x003C,37,04,09,OK
0x2C3A,0x043A,09,40,2,0x00B700,0x3C5,0x00BAC5,0x003B,37,0C,10,OK
0x2C39,0x0439,09,40,2,0x00B700,0x3C6,0x00BAC6,0x003A,37,FE,01,OK
0x2C38,0x0438,09,40,2,0x00B700,0x3C7,0x00BAC7,0x0039,37,09,0B,OK
0x2C37,0x0437,09,40,2,0x00B700,0x3C8,0x00BAC8,0x0038,37,09,0A,OK
0x2C36,0x0436,09,40,2,0x00B700,0x3C9,0x00BAC9,0x0037,37,FC,FC,OK
0x2C35,0x0435,09,40,2,0x00B700,0x3CA,0x00BACA,0x0036,37,0F,0E,OK
0x2C34,0x0434,09,40,2,0x00B700,0x3CB,0x00BACB,0x0035,37,A1,9F,OK
0x2C33,0x0433,09,40,2,0x00B700,0x3CC,0x00BACC,0x0034,37,03,00,OK
0x2C32,0x0432,09,40,2,0x00B700,0x3CD,0x00BACD,0x0033,37,8B,87,OK
0x2C31,0x0431,09,40,2,0x00B700,0x3CE,0x00BACE,0x0032,37,03,FE,OK
0x2C30,0x0430,09,40,2,0x00B700,0x3CF,0x00BACF,0x0031,37,E0,DA,OK
0x2C2F,0x042F,09,40,2,0x00B700,0x3D0,0x00BAD0,0x0030,37,FF,F8,OK
0x2C2E,0x042E,09,40,2,0x00B700,0x3D1,0x00BAD1,0x002F,37,07,FF,OK
0x2C2D,0x042D,09,40,2,0x00B700,0x3D2,0x00BAD2,0x002E,37,01,F8,OK
0x2C2C,0x042C,09,40,2,0x00B700,0x3D3,0x00BAD3,0x002D,37,88,7E,OK
0x2C2B,0x042B,09,40,2,0x00B700,0x3D4,0x00BAD4,0x002C,37,03,F8,OK
0x2C2A,0x042A,09,40,2,0x00B700,0x3D5,0x00BAD5,0x002B,37,80,74,OK
0x2C29,0x0429,09,40,2,0x00B700,0x3D6,0x00BAD6,0x002A,37,0C,FF,OK
0x2C28,0x0428,09,40,2,0x00B700,0x3D7,0x00BAD7,0x0029,37,03,F5,OK
0x2C27,0x0427,09,40,2,0x00B700,0x3D8,0x00BAD8,0x0028,37,04,F5,OK
0x2C26,0x0426,09,40,2,0x00B700,0x3D9,0x00BAD9,0x0027,37,00,F0,OK
0x2C25,0x0425,09,40,2,0x00B700,0x3DA,0x00BADA,0x0026,37,05,F4,OK
0x2C24,0x0424,09,40,2,0x00B700,0x3DB,0x00BADB,0x0025,37,FC,EA,OK
0x2C23,0x0423,09,40,2,0x00B700,0x3DC,0x00BADC,0x0024,37,09,F6,OK
0x2C22,0x0422,09,40,2,0x00B700,0x3DD,0x00BADD,0x0023,37,7F,6B,OK
0x2C21,0x0421,09,40,2,0x00B700,0x3DE,0x00BADE,0x0022,37,0C,F7,OK
0x2C20,0x0420,09,40,2,0x00B700,0x3DF,0x00BADF,0x0021,37,F0,DA,OK
0x2C1F,0x041F,09,40,2,0x00B700,0x3E0,0x00BAE0,0x0020,37,FF,E8,OK
0x2C1E,0x041E,09,40,2,0x00B700,0x3E1,0x00BAE1,0x001F,37,03,EB,OK
0x2C1D,0x041D,09,40,2,0x00B700,0x3E2,0x00BAE2,0x001E,37,04,EB,OK
0x2C1C,0x041C,09,40,2,0x00B700,0x3E3,0x00BAE3,0x001D,37,F0,D6,OK
0x2C1B,0x041B,09,40,2,0x00B700,0x3E4,0x00BAE4,0x001C,37,09,EE,OK
0x2C1A,0x041A,09,40,2,0x00B700,0x3E5,0x00BAE5,0x001B,37,01,E5,OK
0x2C19,0x0419,09,40,2,0x00B700,0x3E6,0x00BAE6,0x001A,37,E0,C3,OK
0x2C18,0x0418,09,40,2,0x00B700,0x3E7,0x00BAE7,0x0019,37,FF,E1,OK
0x2C17,0x0417,09,40,2,0x00B700,0x3E8,0x00BAE8,0x0018,37,0B,EC,OK
0x2C16,0x0416,09,40,2,0x00B700,0x3E9,0x00BAE9,0x0017,37,03,E3,OK
0x2C15,0x0415,09,40,2,0x00B700,0x3EA,0x00BAEA,0x0016,37,01,E0,OK
0x2C14,0x0414,09,40,2,0x00B700,0x3EB,0x00BAEB,0x0015,37,DC,BA,OK
0x2C13,0x0413,09,40,2,0x00B700,0x3EC,0x00BAEC,0x0014,37,FF,DC,OK
0x2C12,0x0412,09,40,2,0x00B700,0x3ED,0x00BAED,0x0013,37,07,E3,OK
0x2C11,0x0411,09,40,2,0x00B700,0x3EE,0x00BAEE,0x0012,37,04,DF,OK
0x2C10,0x0410,09,40,2,0x00B700,0x3EF,0x00BAEF,0x0011,37,8E,68,OK
0x2C0F,0x040F,09,40,2,0x00B700,0x3F0,0x00BAF0,0x0010,37,03,DC,OK
0x2C0E,0x040E,09,40,2,0x00B700,0x3F1,0x00BAF1,0x000F,37,94,6C,OK
0x2C0D,0x040D,09,40,2,0x00B700,0x3F2,0x00BAF2,0x000E,37,03,DA,OK
0x2C0C,0x040C,09,40,2,0x00B700,0x3F3,0x00BAF3,0x000D,37,F8,CE,OK
0x2C0B,0x040B,09,40,2,0x00B700,0x3F4,0x00BAF4,0x000C,37,FF,D4,OK
0x2C0A,0x040A,09,40,2,0x00B700,0x3F5,0x00BAF5,0x000B,37,7F,53,OK
0x2C09,0x0409,09,40,2,0x00B700,0x3F6,0x00BAF6,0x000A,37,88,5B,OK
0x2C08,0x0408,09,40,2,0x00B700,0x3F7,0x00BAF7,0x0009,37,03,D5,OK
0x2C07,0x0407,09,40,2,0x00B700,0x3F8,0x00BAF8,0x0008,37,FE,CF,OK
0x2C06,0x0406,09,40,2,0x00B700,0x3F9,0x00BAF9,0x0007,37,FF,CF,OK
0x2C05,0x0405,09,40,2,0x00B700,0x3FA,0x00BAFA,0x0006,37,05,D4,OK
0x2C04,0x0404,09,40,2,0x00B700,0x3FB,0x00BAFB,0x0005,37,01,CF,OK
0x2C03,0x0403,09,40,2,0x00B700,0x3FC,0x00BAFC,0x0004,37,0C,D9,OK
0x2C02,0x0402,09,40,2,0x00B700,0x3FD,0x00BAFD,0x0003,37,FE,CA,OK
0x2C01,0x0401,09,40,2,0x00B700,0x3FE,0x00BAFE,0x0002,37,FF,CA,OK
0x2C00,0x0400,09,40,2,0x00B700,0x3FF,0x00BAFF,0x0001,37,05,CF,OK
0x33FF,0x0BFF,09,40,3,0x00BB10,0x000,0x00BB10,0x0400,37,E0,AD,OK
0x33FE,0x0BFE,09,40,3,0x00BB10,0x001,0x00BB11,0x03FF,37,FF,CA,OK
0x33FD,0x0BFD,09,40,3,0x00BB10,0x002,0x00BB12,0x03FE,37,07,D1,OK
0x33FC,0x0BFC,09,40,3,0x00BB10,0x003,0x00BB13,0x03FD,37,92,5B,OK
0x33FB,0x0BFB,09,40,3,0x00BB10,0x004,0x00BB14,0x03FC,37,03,CB,OK
0x33FA,0x0BFA,09,40,3,0x00BB10,0x005,0x00BB15,0x03FB,37,8F,56,OK
0x33F9,0x0BF9,09,40,3,0x00BB10,0x006,0x00BB16,0x03FA,37,03,C9,OK
0x33F8,0x0BF8,09,40,3,0x00BB10,0x007,0x00BB17,0x03F9,37,FC,C1,OK
0x33F7,0x0BF7,09,40,3,0x00BB10,0x008,0x00BB18,0x03F8,37,09,CD,OK
0x33F6,0x0BF6,09,40,3,0x00BB10,0x009,0x00BB19,0x03F7,37,1F,E2,OK
0x33F5,0x0BF5,09,40,3,0x00BB10,0x00A,0x00BB1A,0x03F6,37,00,C2,OK
0x33F4,0x0BF4,09,40,3,0x00BB10,0x00B,0x00BB1B,0x03F5,37,08,C9,OK
0x33F3,0x0BF3,09,40,3,0x00BB10,0x00C,0x00BB1C,0x03F4,37,F8,B8,OK
0x33F2,0x0BF2,09,40,3,0x00BB10,0x00D,0x00BB1D,0x03F3,37,FF,BE,OK
0x33F1,0x0BF1,09,40,3,0x00BB10,0x00E,0x00BB1E,0x03F2,37,07,C5,OK
0x33F0,0x0BF0,09,40,3,0x00BB10,0x00F,0x00BB1F,0x03F1,37,04,C1,OK
0x33EF,0x0BEF,09,40,3,0x00BB10,0x010,0x00BB20,0x03F0,37,00,BC,OK
0x33EE,0x0BEE,09,40,3,0x00BB10,0x011,0x00BB21,0x03EF,37,80,3B,OK
0x33ED,0x0BED,09,40,3,0x00BB10,0x012,0x00BB22,0x03EE,37,0B,C5,OK
0x33EC,0x0BEC,09,40,3,0x00BB10,0x013,0x00BB23,0x03ED,37,1F,D8,OK
0x33EB,0x0BEB,09,40,3,0x00BB10,0x014,0x00BB24,0x03EC,37,0B,C3,OK
0x33EA,0x0BEA,09,40,3,0x00BB10,0x015,0x00BB25,0x03EB,37,80,37,OK
0x33E9,0x0BE9,09,40,3,0x00BB10,0x016,0x00BB26,0x03EA,37,FF,B5,OK
0x33E8,0x0BE8,09,40,3,0x00BB10,0x017,0x00BB27,0x03E9,37,0F,C4,OK
0x33E7,0x0BE7,09,40,3,0x00BB10,0x018,0x00BB28,0x03E8,37,F8,AC,OK
0x33E6,0x0BE6,09,40,3,0x00BB10,0x019,0x00BB29,0x03E7,37,FF,B2,OK
0x33E5,0x0BE5,09,40,3,0x00BB10,0x01A,0x00BB2A,0x03E6,37,07,B9,OK
0x33E4,0x0BE4,09,40,3,0x00BB10,0x01B,0x00BB2B,0x03E5,37,03,B4,OK
0x33E3,0x0BE3,09,40,3,0x00BB10,0x01C,0x00BB2C,0x03E4,37,04,B4,OK
0x33E2,0x0BE2,09,40,3,0x00BB10,0x01D,0x00BB2D,0x03E3,37,09,B8,OK
0x33E1,0x0BE1,09,40,3,0x00BB10,0x01E,0x00BB2E,0x03E2,37,80,2E,OK
0x33E0,0x0BE0,09,40,3,0x00BB10,0x01F,0x00BB2F,0x03E1,37,FF,AC,OK
0x33DF,0x0BDF,09,40,3,0x00BB10,0x020,0x00BB30,0x03E0,37,1F,CB,OK
0x33DE,0x0BDE,09,40,3,0x00BB10,0x021,0x00BB31,0x03DF,37,00,AB,OK
0x33DD,0x0BDD,09,40,3,0x00BB10,0x022,0x00BB32,0x03DE,37,FC,A6,OK
0x33DC,0x0BDC,09,40,3,0x00BB10,0x023,0x00BB33,0x03DD,37,09,B2,OK
0x33DB,0x0BDB,09,40,3,0x00BB10,0x024,0x00BB34,0x03DC,37,1F,C7,OK
0x33DA,0x0BDA,09,40,3,0x00BB10,0x025,0x00BB35,0x03DB,37,00,A7,OK
0x33D9,0x0BD9,09,40,3,0x00BB10,0x026,0x00BB36,0x03DA,37,08,AE,OK
0x33D8,0x0BD8,09,40,3,0x00BB10,0x027,0x00BB37,0x03D9,37,03,A8,OK
0x33D7,0x0BD7,09,40,3,0x00BB10,0x028,0x00BB38,0x03D8,37,80,24,OK
0x33D6,0x0BD6,09,40,3,0x00BB10,0x029,0x00BB39,0x03D7,37,FF,A2,OK
0x33D5,0x0BD5,09,40,3,0x00BB10,0x02A,0x00BB3A,0x03D6,37,0F,B1,OK
0x33D4,0x0BD4,09,40,3,0x00BB10,0x02B,0x00BB3B,0x03D5,37,8C,2D,OK
0x33D3,0x0BD3,09,40,3,0x00BB10,0x02C,0x00BB3C,0x03D4,37,03,A3,OK
0x33D2,0x0BD2,09,40,3,0x00BB10,0x02D,0x00BB3D,0x03D3,37,00,9F,OK
0x33D1,0x0BD1,09,40,3,0x00BB10,0x02E,0x00BB3E,0x03D2,37,0B,A9,OK
0x33D0,0x0BD0,09,40,3,0x00BB10,0x02F,0x00BB3F,0x03D1,37,03,A0,OK
0x33CF,0x0BCF,09,40,3,0x00BB10,0x030,0x00BB40,0x03D0,37,FE,9A,OK
0x33CE,0x0BCE,09,40,3,0x00BB10,0x031,0x00BB41,0x03CF,37,09,A4,OK
0x33CD,0x0BCD,09,40,3,0x00BB10,0x032,0x00BB42,0x03CE,37,1F,B9,OK
0x33CC,0x0BCC,09,40,3,0x00BB10,0x033,0x00BB43,0x03CD,37,0A,A3,OK
0x33CB,0x0BCB,09,40,3,0x00BB10,0x034,0x00BB44,0x03CC,37,F0,88,OK
0x33CA,0x0BCA,09,40,3,0x00BB10,0x035,0x00BB45,0x03CB,37,0A,A1,OK
0x33C9,0x0BC9,09,40,3,0x00BB10,0x036,0x00BB46,0x03CA,37,03,99,OK
0x33C8,0x0BC8,09,40,3,0x00BB10,0x037,0x00BB47,0x03C9,37,04,99,OK
0x33C7,0x0BC7,09,40,3,0x00BB10,0x038,0x00BB48,0x03C8,37,0A,9E,OK
0x33C6,0x0BC6,09,40,3,0x00BB10,0x039,0x00BB49,0x03C7,37,FC,8F,OK
0x33C5,0x0BC5,09,40,3,0x00BB10,0x03A,0x00BB4A,0x03C6,37,FF,91,OK
0x33C4,0x0BC4,09,40,3,0x00BB10,0x03B,0x00BB4B,0x03C5,37,3F,D0,OK
0x33C3,0x0BC3,09,40,3,0x00BB10,0x03C,0x00BB4C,0x03C4,37,0B,9B,OK
0x33C2,0x0BC2,09,40,3,0x00BB10,0x03D,0x00BB4D,0x03C3,37,F0,7F,OK
0x33C1,0x0BC1,09,40,3,0x00BB10,0x03E,0x00BB4E,0x03C2,37,09,97,OK
0x33C0,0x0BC0,09,40,3,0x00BB10,0x03F,0x00BB4F,0x03C1,37,7F,0C,OK
0x33BF,0x0BBF,09,40,3,0x00BB10,0x040,0x00BB50,0x03C0,37,8B,17,OK
0x33BE,0x0BBE,09,40,3,0x00BB10,0x041,0x00BB51,0x03BF,37,03,8E,OK
0x33BD,0x0BBD,09,40,3,0x00BB10,0x042,0x00BB52,0x03BE,37,F8,82,OK
0x33BC,0x0BBC,09,40,3,0x00BB10,0x043,0x00BB53,0x03BD,37,FF,88,OK
0x33BB,0x0BBB,09,40,3,0x00BB10,0x044,0x00BB54,0x03BC,37,01,89,OK
0x33BA,0x0BBA,09,40,3,0x00BB10,0x045,0x00BB55,0x03BB,37,C0,47,OK
0x33B9,0x0BB9,09,40,3,0x00BB10,0x046,0x00BB56,0x03BA,37,01,87,OK
0x33B8,0x0BB8,09,40,3,0x00BB10,0x047,0x00BB57,0x03B9,37,0B,90,OK
0x33B7,0x0BB7,09,40,3,0x00BB10,0x048,0x00BB58,0x03B8,37,F0,74,OK
0x33B6,0x0BB6,09,40,3,0x00BB10,0x049,0x00BB59,0x03B7,37,0A,8D,OK
0x33B5,0x0BB5,09,40,3,0x00BB10,0x04A,0x00BB5A,0x03B6,37,7F,01,OK
0x33B4,0x0BB4,09,40,3,0x00BB10,0x04B,0x00BB5B,0x03B5,37,92,13,OK
0x33B3,0x0BB3,09,40,3,0x00BB10,0x04C,0x00BB5C,0x03B4,37,03,83,OK
0x33B2,0x0BB2,09,40,3,0x00BB10,0x04D,0x00BB5D,0x03B3,37,8F,0E,OK
0x33B1,0x0BB1,09,40,3,0x00BB10,0x04E,0x00BB5E,0x03B2,37,03,81,OK
0x33B0,0x0BB0,09,40,3,0x00BB10,0x04F,0x00BB5F,0x03B1,37,FC,79,OK
0x33AF,0x0BAF,09,40,3,0x00BB10,0x050,0x00BB60,0x03B0,37,09,85,OK
0x33AE,0x0BAE,09,40,3,0x00BB10,0x051,0x00BB61,0x03AF,37,0F,8A,OK
0x33AD,0x0BAD,09,40,3,0x00BB10,0x052,0x00BB62,0x03AE,37,00,7A,OK
0x33AC,0x0BAC,09,40,3,0x00BB10,0x053,0x00BB63,0x03AD,37,08,81,OK
0x33AB,0x0BAB,09,40,3,0x00BB10,0x054,0x00BB64,0x03AC,37,FC,74,OK
0x33AA,0x0BAA,09,40,3,0x00BB10,0x055,0x00BB65,0x03AB,37,FF,76,OK
0x33A9,0x0BA9,09,40,3,0x00BB10,0x056,0x00BB66,0x03AA,37,03,79,OK
0x33A8,0x0BA8,09,40,3,0x00BB10,0x057,0x00BB67,0x03A9,37,04,79,OK
0x33A7,0x0BA7,09,40,3,0x00BB10,0x058,0x00BB68,0x03A8,37,00,74,OK
0x33A6,0x0BA6,09,40,3,0x00BB10,0x059,0x00BB69,0x03A7,37,C0,33,OK
0x33A5,0x0BA5,09,40,3,0x00BB10,0x05A,0x00BB6A,0x03A6,37,0B,7D,OK
0x33A4,0x0BA4,09,40,3,0x00BB10,0x05B,0x00BB6B,0x03A5,37,0F,80,OK
0x33A3,0x0BA3,09,40,3,0x00BB10,0x05C,0x00BB6C,0x03A4,37,00,70,OK
0x33A2,0x0BA2,09,40,3,0x00BB10,0x05D,0x00BB6D,0x03A3,37,07,76,OK
0x33A1,0x0BA1,09,40,3,0x00BB10,0x05E,0x00BB6E,0x03A2,37,F8,66,OK
0x33A0,0x0BA0,09,40,3,0x00BB10,0x05F,0x00BB6F,0x03A1,37,FF,6C,OK
0x339F,0x0B9F,09,40,3,0x00BB10,0x060,0x00BB70,0x03A0,37,0F,7B,OK
0x339E,0x0B9E,09,40,3,0x00BB10,0x061,0x00BB71,0x039F,37,FC,67,OK
0x339D,0x0B9D,09,40,3,0x00BB10,0x062,0x00BB72,0x039E,37,FF,69,OK
0x339C,0x0B9C,09,40,3,0x00BB10,0x063,0x00BB73,0x039D,37,06,6F,OK
0x339B,0x0B9B,09,40,3,0x00BB10,0x064,0x00BB74,0x039C,37,1F,87,OK
0x339A,0x0B9A,09,40,3,0x00BB10,0x065,0x00BB75,0x039B,37,0B,72,OK
0x3399,0x0B99,09,40,3,0x00BB10,0x066,0x00BB76,0x039A,37,FE,64,OK
0x3398,0x0B98,09,40,3,0x00BB10,0x067,0x00BB77,0x0399,37,3F,A4,OK
0x3397,0x0B97,09,40,3,0x00BB10,0x068,0x00BB78,0x0398,37,00,64,OK
0x3396,0x0B96,09,40,3,0x00BB10,0x069,0x00BB79,0x0397,37,FE,61,OK
0x3395,0x0B95,09,40,3,0x00BB10,0x06A,0x00BB7A,0x0396,37,09,6B,OK
0x3394,0x0B94,09,40,3,0x00BB10,0x06B,0x00BB7B,0x0395,37,0F,70,OK
0x3393,0x0B93,09,40,3,0x00BB10,0x06C,0x00BB7C,0x0394,37,87,E7,OK
0x3392,0x0B92,09,40,3,0x00BB10,0x06D,0x00BB7D,0x0393,37,03,62,OK
0x3391,0x0B91,09,40,3,0x00BB10,0x06E,0x00BB7E,0x0392,37,80,DE,OK
0x3390,0x0B90,09,40,3,0x00BB10,0x06F,0x00BB7F,0x0391,37,09,66,OK
0x338F,0x0B8F,09,40,3,0x00BB10,0x070,0x00BB80,0x0390,37,0F,6B,OK
0x338E,0x0B8E,09,40,3,0x00BB10,0x071,0x00BB81,0x038F,37,8C,E7,OK
0x338D,0x0B8D,09,40,3,0x00BB10,0x072,0x00BB82,0x038E,37,03,5D,OK
0x338C,0x0B8C,09,40,3,0x00BB10,0x073,0x00BB83,0x038D,37,8A,E3,OK
0x338B,0x0B8B,09,40,3,0x00BB10,0x074,0x00BB84,0x038C,37,03,5B,OK
0x338A,0x0B8A,09,40,3,0x00BB10,0x075,0x00BB85,0x038B,37,C0,17,OK
0x3389,0x0B89,09,40,3,0x00BB10,0x076,0x00BB86,0x038A,37,0A,60,OK
0x3388,0x0B88,09,40,3,0x00BB10,0x077,0x00BB87,0x0389,37,1F,74,OK
0x3387,0x0B87,09,40,3,0x00BB10,0x078,0x00BB88,0x0388,37,0A,5E,OK
0x3386,0x0B86,09,40,3,0x00BB10,0x079,0x00BB89,0x0387,37,F0,43,OK
0x3385,0x0B85,09,40,3,0x00BB10,0x07A,0x00BB8A,0x0386,37,FF,51,OK
0x3384,0x0B84,09,40,3,0x00BB10,0x07B,0x00BB8B,0x0385,37,06,57,OK
0x3383,0x0B83,09,40,3,0x00BB10,0x07C,0x00BB8C,0x0384,37,01,51,OK
0x3382,0x0B82,09,40,3,0x00BB10,0x07D,0x00BB8D,0x0383,37,0A,59,OK
0x3381,0x0B81,09,40,3,0x00BB10,0x07E,0x00BB8E,0x0382,37,FE,4C,OK
0x3380,0x0B80,09,40,3,0x00BB10,0x07F,0x00BB8F,0x0381,37,FF,4C,OK
0x337F,0x0B7F,09,40,3,0x00BB10,0x080,0x00BB90,0x0380,37,3F,8B,OK
0x337E,0x0B7E,09,40,3,0x00BB10,0x081,0x00BB91,0x037F,37,0B,56,OK
0x337D,0x0B7D,09,40,3,0x00BB10,0x082,0x00BB92,0x037E,37,FC,46,OK
0x337C,0x0B7C,09,40,3,0x00BB10,0x083,0x00BB93,0x037D,37,09,52,OK
0x337B,0x0B7B,09,40,3,0x00BB10,0x084,0x00BB94,0x037C,37,7F,C7,OK
0x337A,0x0B7A,09,40,3,0x00BB10,0x085,0x00BB95,0x037B,37,8B,D2,OK
0x3379,0x0B79,09,40,3,0x00BB10,0x086,0x00BB96,0x037A,37,03,49,OK
0x3378,0x0B78,09,40,3,0x00BB10,0x087,0x00BB97,0x0379,37,F8,3D,OK
0x3377,0x0B77,09,40,3,0x00BB10,0x088,0x00BB98,0x0378,37,FF,43,OK
0x3376,0x0B76,09,40,3,0x00BB10,0x089,0x00BB99,0x0377,37,1F,62,OK
0x3375,0x0B75,09,40,3,0x00BB10,0x08A,0x00BB9A,0x0376,37,F0,32,OK
0x3374,0x0B74,09,40,3,0x00BB10,0x08B,0x00BB9B,0x0375,37,01,42,OK
0x3373,0x0B73,09,40,3,0x00BB10,0x08C,0x00BB9C,0x0374,37,0B,4B,OK
0x3372,0x0B72,09,40,3,0x00BB10,0x08D,0x00BB9D,0x0373,37,F8,37,OK
0x3371,0x0B71,09,40,3,0x00BB10,0x08E,0x00BB9E,0x0372,37,0A,48,OK
0x3370,0x0B70,09,40,3,0x00BB10,0x08F,0x00BB9F,0x0371,37,3F,7C,OK
0x336F,0x0B6F,09,40,3,0x00BB10,0x090,0x00BBA0,0x0370,37,92,CE,OK
0x336E,0x0B6E,09,40,3,0x00BB10,0x091,0x00BBA1,0x036F,37,03,3E,OK
0x336D,0x0B6D,09,40,3,0x00BB10,0x092,0x00BBA2,0x036E,37,8F,C9,OK
0x336C,0x0B6C,09,40,3,0x00BB10,0x093,0x00BBA3,0x036D,37,03,3C,OK
0x336B,0x0B6B,09,40,3,0x00BB10,0x094,0x00BBA4,0x036C,37,FC,34,OK
0x336A,0x0B6A,09,40,3,0x00BB10,0x095,0x00BBA5,0x036B,37,09,40,OK
0x3369,0x0B69,09,40,3,0x00BB10,0x096,0x00BBA6,0x036A,37,0F,45,OK
0x3368,0x0B68,09,40,3,0x00BB10,0x097,0x00BBA7,0x0369,37,0B,40,OK
0x3367,0x0B67,09,40,3,0x00BB10,0x098,0x00BBA8,0x0368,37,E0,14,OK
0x3366,0x0B66,09,40,3,0x00BB10,0x099,0x00BBA9,0x0367,37,09,3C,OK
0x3365,0x0B65,09,40,3,0x00BB10,0x09A,0x00BBAA,0x0366,37,01,33,OK
0x3364,0x0B64,09,40,3,0x00BB10,0x09B,0x00BBAB,0x0365,37,00,31,OK
0x3363,0x0B63,09,40,3,0x00BB10,0x09C,0x00BBAC,0x0364,37,C0,F0,OK
0x3362,0x0B62,09,40,3,0x00BB10,0x09D,0x00BBAD,0x0363,37,0B,3A,OK
0x3361,0x0B61,09,40,3,0x00BB10,0x09E,0x00BBAE,0x0362,37,03,31,OK
0x3360,0x0B60,09,40,3,0x00BB10,0x09F,0x00BBAF,0x0361,37,04,31,OK
0x335F,0x0B5F,09,40,3,0x00BB10,0x0A0,0x00BBB0,0x0360,37,00,2C,OK
0x335E,0x0B5E,09,40,3,0x00BB10,0x0A1,0x00BBB1,0x035F,37,07,32,OK
0x335D,0x0B5D,09,40,3,0x00BB10,0x0A2,0x00BBB2,0x035E,37,FC,26,OK
0x335C,0x0B5C,09,40,3,0x00BB10,0x0A3,0x00BBB3,0x035D,37,FF,28,OK
0x335B,0x0B5B,09,40,3,0x00BB10,0x0A4,0x00BBB4,0x035C,37,07,2F,OK
0x335A,0x0B5A,09,40,3,0x00BB10,0x0A5,0x00BBB5,0x035B,37,04,2B,OK
0x3359,0x0B59,09,40,3,0x00BB10,0x0A6,0x00BBB6,0x035A,37,FC,22,OK
0x3358,0x0B58,09,40,3,0x00BB10,0x0A7,0x00BBB7,0x0359,37,FF,24,OK
0x3357,0x0B57,09,40,3,0x00BB10,0x0A8,0x00BBB8,0x0358,37,05,29,OK
0x3356,0x0B56,09,40,3,0x00BB10,0x0A9,0x00BBB9,0x0357,37,0F,32,OK
0x3355,0x0B55,09,40,3,0x00BB10,0x0AA,0x00BBBA,0x0356,37,0C,2E,OK
0x3354,0x0B54,09,40,3,0x00BB10,0x0AB,0x00BBBB,0x0355,37,E0,01,OK
0x3353,0x0B53,09,40,3,0x00BB10,0x0AC,0x00BBBC,0x0354,37,0F,2F,OK
0x3352,0x0B52,09,40,3,0x00BB10,0x0AD,0x00BBBD,0x0353,37,80,9F,OK
0x3351,0x0B51,09,40,3,0x00BB10,0x0AE,0x00BBBE,0x0352,37,0A,28,OK
0x3350,0x0B50,09,40,3,0x00BB10,0x0AF,0x00BBBF,0x0351,37,07,24,OK
0x334F,0x0B4F,09,40,3,0x00BB10,0x0B0,0x00BBC0,0x0350,37,04,20,OK
0x334E,0x0B4E,09,40,3,0x00BB10,0x0B1,0x00BBC1,0x034F,37,00,1B,OK
0x334D,0x0B4D,09,40,3,0x00BB10,0x0B2,0x00BBC2,0x034E,37,07,21,OK
0x334C,0x0B4C,09,40,3,0x00BB10,0x0B3,0x00BBC3,0x034D,37,03,1C,OK
0x334B,0x0B4B,09,40,3,0x00BB10,0x0B4,0x00BBC4,0x034C,37,E0,F8,OK
0x334A,0x0B4A,09,40,3,0x00BB10,0x0B5,0x00BBC5,0x034B,37,FF,16,OK
0x3349,0x0B49,09,40,3,0x00BB10,0x0B6,0x00BBC6,0x034A,37,05,1B,OK
0x3348,0x0B48,09,40,3,0x00BB10,0x0B7,0x00BBC7,0x0349,37,03,18,OK
0x3347,0x0B47,09,40,3,0x00BB10,0x0B8,0x00BBC8,0x0348,37,04,18,OK
0x3346,0x0B46,09,40,3,0x00BB10,0x0B9,0x00BBC9,0x0347,37,8C,9F,OK
0x3345,0x0B45,09,40,3,0x00BB10,0x0BA,0x00BBCA,0x0346,37,03,15,OK
0x3344,0x0B44,09,40,3,0x00BB10,0x0BB,0x00BBCB,0x0345,37,8A,9B,OK
0x3343,0x0B43,09,40,3,0x00BB10,0x0BC,0x00BBCC,0x0344,37,03,13,OK
0x3342,0x0B42,09,40,3,0x00BB10,0x0BD,0x00BBCD,0x0343,37,C0,CF,OK
0x3341,0x0B41,09,40,3,0x00BB10,0x0BE,0x00BBCE,0x0342,37,0A,18,OK
0x3340,0x0B40,09,40,3,0x00BB10,0x0BF,0x00BBCF,0x0341,37,0F,1C,OK
0x333F,0x0B3F,09,40,3,0x00BB10,0x0C0,0x00BBD0,0x0340,37,0A,16,OK
0x333E,0x0B3E,09,40,3,0x00BB10,0x0C1,0x00BBD1,0x033F,37,F8,03,OK
0x333D,0x0B3D,09,40,3,0x00BB10,0x0C2,0x00BBD2,0x033E,37,FF,09,OK
0x333C,0x0B3C,09,40,3,0x00BB10,0x0C3,0x00BBD3,0x033D,37,06,0F,OK
0x333B,0x0B3B,09,40,3,0x00BB10,0x0C4,0x00BBD4,0x033C,37,0B,13,OK
0x333A,0x0B3A,09,40,3,0x00BB10,0x0C5,0x00BBD5,0x033B,37,FC,03,OK
0x3339,0x0B39,09,40,3,0x00BB10,0x0C6,0x00BBD6,0x033A,37,FF,05,OK
0x3338,0x0B38,09,40,3,0x00BB10,0x0C7,0x00BBD7,0x0339,37,0F,14,OK
0x3337,0x0B37,09,40,3,0x00BB10,0x0C8,0x00BBD8,0x0338,37,0B,0F,OK
0x3336,0x0B36,09,40,3,0x00BB10,0x0C9,0x00BBD9,0x0337,37,FC,FF,OK
0x3335,0x0B35,09,40,3,0x00BB10,0x0CA,0x00BBDA,0x0336,37,09,0B,OK
0x3334,0x0B34,09,40,3,0x00BB10,0x0CB,0x00BBDB,0x0335,37,3F,40,OK
0x3333,0x0B33,09,40,3,0x00BB10,0x0CC,0x00BBDC,0x0334,37,00,00,OK
0x3332,0x0B32,09,40,3,0x00BB10,0x0CD,0x00BBDD,0x0333,37,0B,0A,OK
0x3331,0x0B31,09,40,3,0x00BB10,0x0CE,0x00BBDE,0x0332,37,03,01,OK
0x3330,0x0B30,09,40,3,0x00BB10,0x0CF,0x00BBDF,0x0331,37,FC,F9,OK
0x332F,0x0B2F,09,40,3,0x00BB10,0x0D0,0x00BBE0,0x0330,37,FF,FB,OK
0x332E,0x0B2E,09,40,3,0x00BB10,0x0D1,0x00BBE1,0x032F,37,06,01,OK
0x332D,0x0B2D,09,40,3,0x00BB10,0x0D2,0x00BBE2,0x032E,37,00,FA,OK
0x332C,0x0B2C,09,40,3,0x00BB10,0x0D3,0x00BBE3,0x032D,37,08,01,OK
0x332B,0x0B2B,09,40,3,0x00BB10,0x0D4,0x00BBE4,0x032C,37,FC,F4,OK
0x332A,0x0B2A,09,40,3,0x00BB10,0x0D5,0x00BBE5,0x032B,37,0A,01,OK
0x3329,0x0B29,09,40,3,0x00BB10,0x0D6,0x00BBE6,0x032A,37,0F,05,OK
0x3328,0x0B28,09,40,3,0x00BB10,0x0D7,0x00BBE7,0x0329,37,92,87,OK
0x3327,0x0B27,09,40,3,0x00BB10,0x0D8,0x00BBE8,0x0328,37,03,F7,OK
0x3326,0x0B26,09,40,3,0x00BB10,0x0D9,0x00BBE9,0x0327,37,8F,82,OK
0x3325,0x0B25,09,40,3,0x00BB10,0x0DA,0x00BBEA,0x0326,37,03,F5,OK
0x3324,0x0B24,09,40,3,0x00BB10,0x0DB,0x00BBEB,0x0325,37,FE,EF,OK
0x3323,0x0B23,09,40,3,0x00BB10,0x0DC,0x00BBEC,0x0324,37,09,F9,OK
0x3322,0x0B22,09,40,3,0x00BB10,0x0DD,0x00BBED,0x0323,37,07,F6,OK
0x3321,0x0B21,09,40,3,0x00BB10,0x0DE,0x00BBEE,0x0322,37,04,F2,OK
0x3320,0x0B20,09,40,3,0x00BB10,0x0DF,0x00BBEF,0x0321,37,00,ED,OK
0x331F,0x0B1F,09,40,3,0x00BB10,0x0E0,0x00BBF0,0x0320,37,07,F3,OK
0x331E,0x0B1E,09,40,3,0x00BB10,0x0E1,0x00BBF1,0x031F,37,F8,E3,OK
0x331D,0x0B1D,09,40,3,0x00BB10,0x0E2,0x00BBF2,0x031E,37,09,F3,OK
0x331C,0x0B1C,09,40,3,0x00BB10,0x0E3,0x00BBF3,0x031D,37,03,EC,OK
0x331B,0x0B1B,09,40,3,0x00BB10,0x0E4,0x00BBF4,0x031C,37,04,EC,OK
0x331A,0x0B1A,09,40,3,0x00BB10,0x0E5,0x00BBF5,0x031B,37,00,E7,OK
0x3319,0x0B19,09,40,3,0x00BB10,0x0E6,0x00BBF6,0x031A,37,F0,D6,OK
0x3318,0x0B18,09,40,3,0x00BB10,0x0E7,0x00BBF7,0x0319,37,0B,F0,OK
0x3317,0x0B17,09,40,3,0x00BB10,0x0E8,0x00BBF8,0x0318,37,03,E7,OK
0x3316,0x0B16,09,40,3,0x00BB10,0x0E9,0x00BBF9,0x0317,37,04,E7,OK
0x3315,0x0B15,09,40,3,0x00BB10,0x0EA,0x00BBFA,0x0316,37,00,E2,OK
0x3314,0x0B14,09,40,3,0x00BB10,0x0EB,0x00BBFB,0x0315,37,06,E7,OK
0x3313,0x0B13,09,40,3,0x00BB10,0x0EC,0x00BBFC,0x0314,37,80,60,OK
0x3312,0x0B12,09,40,3,0x00BB10,0x0ED,0x00BBFD,0x0313,37,09,E8,OK
0x3311,0x0B11,09,40,3,0x00BB10,0x0EE,0x00BBFE,0x0312,37,07,E5,OK
0x3310,0x0B10,09,40,3,0x00BB10,0x0EF,0x00BBFF,0x0311,37,04,E1,OK
0x330F,0x0B0F,09,40,3,0x00BB10,0x0F0,0x00BC00,0x0310,37,F8,D4,OK
0x330E,0x0B0E,09,40,3,0x00BB10,0x0F1,0x00BC01,0x030F,37,FF,DA,OK
0x330D,0x0B0D,09,40,3,0x00BB10,0x0F2,0x00BC02,0x030E,37,3F,19,OK
0x330C,0x0B0C,09,40,3,0x00BB10,0x0F3,0x00BC03,0x030D,37,88,61,OK
0x330B,0x0B0B,09,40,3,0x00BB10,0x0F4,0x00BC04,0x030C,37,03,DB,OK
0x330A,0x0B0A,09,40,3,0x00BB10,0x0F5,0x00BC05,0x030B,37,C0,97,OK
0x3309,0x0B09,09,40,3,0x00BB10,0x0F6,0x00BC06,0x030A,37,0A,E0,OK
0x3308,0x0B08,09,40,3,0x00BB10,0x0F7,0x00BC07,0x0309,37,07,DC,OK
0x3307,0x0B07,09,40,3,0x00BB10,0x0F8,0x00BC08,0x0308,37,04,D8,OK
0x3306,0x0B06,09,40,3,0x00BB10,0x0F9,0x00BC09,0x0307,37,00,D3,OK
0x3305,0x0B05,09,40,3,0x00BB10,0x0FA,0x00BC0A,0x0306,37,07,D9,OK
0x3304,0x0B04,09,40,3,0x00BB10,0x0FB,0x00BC0B,0x0305,37,03,D4,OK
0x3303,0x0B03,09,40,3,0x00BB10,0x0FC,0x00BC0C,0x0304,37,FC,CC,OK
0x3302,0x0B02,09,40,3,0x00BB10,0x0FD,0x00BC0D,0x0303,37,FF,CE,OK
0x3301,0x0B01,09,40,3,0x00BB10,0x0FE,0x00BC0E,0x0302,37,05,D3,OK
0x3300,0x0B00,09,40,3,0x00BB10,0x0FF,0x00BC0F,0x0301,37,8D,5A,OK
0x32FF,0x0AFF,09,40,3,0x00BB10,0x100,0x00BC10,0x0300,37,03,CF,OK
0x32FE,0x0AFE,09,40,3,0x00BB10,0x101,0x00BC11,0x02FF,37,8A,54,OK
0x32FD,0x0AFD,09,40,3,0x00BB10,0x102,0x00BC12,0x02FE,37,03,CC,OK
0x32FC,0x0AFC,09,40,3,0x00BB10,0x103,0x00BC13,0x02FD,37,E0,A8,OK
0x32FB,0x0AFB,09,40,3,0x00BB10,0x104,0x00BC14,0x02FC,37,0A,D1,OK
0x32FA,0x0AFA,09,40,3,0x00BB10,0x105,0x00BC15,0x02FB,37,87,4D,OK
0x32F9,0x0AF9,09,40,3,0x00BB10,0x106,0x00BC16,0x02FA,37,0A,CF,OK
0x32F8,0x0AF8,09,40,3,0x00BB10,0x107,0x00BC17,0x02F9,37,FC,C0,OK
0x32F7,0x0AF7,09,40,3,0x00BB10,0x108,0x00BC18,0x02F8,37,09,CC,OK
0x32F6,0x0AF6,09,40,3,0x00BB10,0x109,0x00BC19,0x02F7,37,7F,41,OK
0x32F5,0x0AF5,09,40,3,0x00BB10,0x10A,0x00BC1A,0x02F6,37,00,C1,OK
0x32F4,0x0AF4,09,40,3,0x00BB10,0x10B,0x00BC1B,0x02F5,37,07,C7,OK
0x32F3,0x0AF3,09,40,3,0x00BB10,0x10C,0x00BC1C,0x02F4,37,09,C8,OK
0x32F2,0x0AF2,09,40,3,0x00BB10,0x10D,0x00BC1D,0x02F3,37,0F,CD,OK
0x32F1,0x0AF1,09,40,3,0x00BB10,0x10E,0x00BC1E,0x02F2,37,00,BD,OK
0x32F0,0x0AF0,09,40,3,0x00BB10,0x10F,0x00BC1F,0x02F1,37,07,C3,OK
0x32EF,0x0AEF,09,40,3,0x00BB10,0x110,0x00BC20,0x02F0,37,FE,B9,OK
0x32EE,0x0AEE,09,40,3,0x00BB10,0x111,0x00BC21,0x02EF,37,09,C3,OK
0x32ED,0x0AED,09,40,3,0x00BB10,0x112,0x00BC22,0x02EE,37,1F,D8,OK
0x32EC,0x0AEC,09,40,3,0x00BB10,0x113,0x00BC23,0x02ED,37,00,B8,OK
0x32EB,0x0AEB,09,40,3,0x00BB10,0x114,0x00BC24,0x02EC,37,0B,C2,OK
0x32EA,0x0AEA,09,40,3,0x00BB10,0x115,0x00BC25,0x02EB,37,03,B9,OK
0x32E9,0x0AE9,09,40,3,0x00BB10,0x116,0x00BC26,0x02EA,37,FF,B4,OK
0x32E8,0x0AE8,09,40,3,0x00BB10,0x117,0x00BC27,0x02E9,37,07,BB,OK
0x32E7,0x0AE7,09,40,3,0x00BB10,0x118,0x00BC28,0x02E8,37,00,B3,OK
0x32E6,0x0AE6,09,40,3,0x00BB10,0x119,0x00BC29,0x02E7,37,08,BA,OK
0x32E5,0x0AE5,09,40,3,0x00BB10,0x11A,0x00BC2A,0x02E6,37,FE,AF,OK
0x32E4,0x0AE4,09,40,3,0x00BB10,0x11B,0x00BC2B,0x02E5,37,0A,BA,OK
0x32E3,0x0AE3,09,40,3,0x00BB10,0x11C,0x00BC2C,0x02E4,37,0F,BE,OK
0x32E2,0x0AE2,09,40,3,0x00BB10,0x11D,0x00BC2D,0x02E3,37,92,40,OK
0x32E1,0x0AE1,09,40,3,0x00BB10,0x11E,0x00BC2E,0x02E2,37,03,B0,OK
0x32E0,0x0AE0,09,40,3,0x00BB10,0x11F,0x00BC2F,0x02E1,37,00,AC,OK
0x32DF,0x0ADF,09,40,3,0x00BB10,0x120,0x00BC30,0x02E0,37,0F,BA,OK
0x32DE,0x0ADE,09,40,3,0x00BB10,0x121,0x00BC31,0x02DF,37,03,AD,OK
0x32DD,0x0ADD,09,40,3,0x00BB10,0x122,0x00BC32,0x02DE,37,0A,B3,OK
0x32DC,0x0ADC,09,40,3,0x00BB10,0x123,0x00BC33,0x02DD,37,03,AB,OK
0x32DB,0x0ADB,09,40,3,0x00BB10,0x124,0x00BC34,0x02DC,37,04,AB,OK
0x32DA,0x0ADA,09,40,3,0x00BB10,0x125,0x00BC35,0x02DB,37,00,A6,OK
0x32D9,0x0AD9,09,40,3,0x00BB10,0x126,0x00BC36,0x02DA,37,07,AC,OK
0x32D8,0x0AD8,09,40,3,0x00BB10,0x127,0x00BC37,0x02D9,37,FF,A3,OK
0x32D7,0x0AD7,09,40,3,0x00BB10,0x128,0x00BC38,0x02D8,37,06,A9,OK
0x32D6,0x0AD6,09,40,3,0x00BB10,0x129,0x00BC39,0x02D7,37,09,AB,OK
0x32D5,0x0AD5,09,40,3,0x00BB10,0x12A,0x00BC3A,0x02D6,37,F0,91,OK
0x32D4,0x0AD4,09,40,3,0x00BB10,0x12B,0x00BC3B,0x02D5,37,FF,9F,OK
0x32D3,0x0AD3,09,40,3,0x00BB10,0x12C,0x00BC3C,0x02D4,37,07,A6,OK
0x32D2,0x0AD2,09,40,3,0x00BB10,0x12D,0x00BC3D,0x02D3,37,01,9F,OK
0x32D1,0x0AD1,09,40,3,0x00BB10,0x12E,0x00BC3E,0x02D2,37,00,9D,OK
0x32D0,0x0AD0,09,40,3,0x00BB10,0x12F,0x00BC3F,0x02D1,37,06,A2,OK
0x32CF,0x0ACF,09,40,3,0x00BB10,0x130,0x00BC40,0x02D0,37,F0,8B,OK
0x32CE,0x0ACE,09,40,3,0x00BB10,0x131,0x00BC41,0x02CF,37,09,A3,OK
0x32CD,0x0ACD,09,40,3,0x00BB10,0x132,0x00BC42,0x02CE,37,03,9C,OK
0x32CC,0x0ACC,09,40,3,0x00BB10,0x133,0x00BC43,0x02CD,37,04,9C,OK
0x32CB,0x0ACB,09,40,3,0x00BB10,0x134,0x00BC44,0x02CC,37,00,97,OK
0x32CA,0x0ACA,09,40,3,0x00BB10,0x135,0x00BC45,0x02CB,37,FF,95,OK
0x32C9,0x0AC9,09,40,3,0x00BB10,0x136,0x00BC46,0x02CA,37,89,1E,OK
0x32C8,0x0AC8,09,40,3,0x00BB10,0x137,0x00BC47,0x02C9,37,03,97,OK
0x32C7,0x0AC7,09,40,3,0x00BB10,0x138,0x00BC48,0x02C8,37,E0,73,OK
0x32C6,0x0AC6,09,40,3,0x00BB10,0x139,0x00BC49,0x02C7,37,0A,9C,OK
0x32C5,0x0AC5,09,40,3,0x00BB10,0x13A,0x00BC4A,0x02C6,37,07,98,OK
0x32C4,0x0AC4,09,40,3,0x00BB10,0x13B,0x00BC4B,0x02C5,37,04,94,OK
0x32C3,0x0AC3,09,40,3,0x00BB10,0x13C,0x00BC4C,0x02C4,37,00,8F,OK
0x32C2,0x0AC2,09,40,3,0x00BB10,0x13D,0x00BC4D,0x02C3,37,06,94,OK
0x32C1,0x0AC1,09,40,3,0x00BB10,0x13E,0x00BC4E,0x02C2,37,03,90,OK
0x32C0,0x0AC0,09,40,3,0x00BB10,0x13F,0x00BC4F,0x02C1,37,F0,7C,OK
0x32BF,0x0ABF,09,40,3,0x00BB10,0x140,0x00BC50,0x02C0,37,09,94,OK
0x32BE,0x0ABE,09,40,3,0x00BB10,0x141,0x00BC51,0x02BF,37,3F,C9,OK
0x32BD,0x0ABD,09,40,3,0x00BB10,0x142,0x00BC52,0x02BE,37,8D,16,OK
0x32BC,0x0ABC,09,40,3,0x00BB10,0x143,0x00BC53,0x02BD,37,03,8B,OK
0x32BB,0x0ABB,09,40,3,0x00BB10,0x144,0x00BC54,0x02BC,37,8A,11,OK
0x32BA,0x0ABA,09,40,3,0x00BB10,0x145,0x00BC55,0x02BB,37,03,89,OK
0x32B9,0x0AB9,09,40,3,0x00BB10,0x146,0x00BC56,0x02BA,37,F0,75,OK
0x32B8,0x0AB8,09,40,3,0x00BB10,0x147,0x00BC57,0x02B9,37,0A,8E,OK
0x32B7,0x0AB7,09,40,3,0x00BB10,0x148,0x00BC58,0x02B8,37,E1,64,OK
0x32B6,0x0AB6,09,40,3,0x00BB10,0x149,0x00BC59,0x02B7,37,0A,8C,OK
0x32B5,0x0AB5,09,40,3,0x00BB10,0x14A,0x00BC5A,0x02B6,37,FC,7D,OK
0x32B4,0x0AB4,09,40,3,0x00BB10,0x14B,0x00BC5B,0x02B5,37,09,89,OK
0x32B3,0x0AB3,09,40,3,0x00BB10,0x14C,0x00BC5C,0x02B4,37,7F,FE,OK
0x32B2,0x0AB2,09,40,3,0x00BB10,0x14D,0x00BC5D,0x02B3,37,00,7E,OK
0x32B1,0x0AB1,09,40,3,0x00BB10,0x14E,0x00BC5E,0x02B2,37,07,84,OK
0x32B0,0x0AB0,09,40,3,0x00BB10,0x14F,0x00BC5F,0x02B1,37,09,85,OK
0x32AF,0x0AAF,09,40,3,0x00BB10,0x150,0x00BC60,0x02B0,37,0F,8A,OK
0x32AE,0x0AAE,09,40,3,0x00BB10,0x151,0x00BC61,0x02AF,37,00,7A,OK
0x32AD,0x0AAD,09,40,3,0x00BB10,0x152,0x00BC62,0x02AE,37,07,80,OK
0x32AC,0x0AAC,09,40,3,0x00BB10,0x153,0x00BC63,0x02AD,37,FF,77,OK
0x32AB,0x0AAB,09,40,3,0x00BB10,0x154,0x00BC64,0x02AC,37,06,7D,OK
0x32AA,0x0AAA,09,40,3,0x00BB10,0x155,0x00BC65,0x02AB,37,1F,95,OK
0x32A9,0x0AA9,09,40,3,0x00BB10,0x156,0x00BC66,0x02AA,37,8A,FF,OK
0x32A8,0x0AA8,09,40,3,0x00BB10,0x157,0x00BC67,0x02A9,37,03,77,OK
0x32A7,0x0AA7,09,40,3,0x00BB10,0x158,0x00BC68,0x02A8,37,E0,53,OK
0x32A6,0x0AA6,09,40,3,0x00BB10,0x159,0x00BC69,0x02A7,37,0A,7C,OK
0x32A5,0x0AA5,09,40,3,0x00BB10,0x15A,0x00BC6A,0x02A6,37,7F,F0,OK
0x32A4,0x0AA4,09,40,3,0x00BB10,0x15B,0x00BC6B,0x02A5,37,00,70,OK
0x32A3,0x0AA3,09,40,3,0x00BB10,0x15C,0x00BC6C,0x02A4,37,07,76,OK
0x32A2,0x0AA2,09,40,3,0x00BB10,0x15D,0x00BC6D,0x02A3,37,80,EE,OK
0x32A1,0x0AA1,09,40,3,0x00BB10,0x15E,0x00BC6E,0x02A2,37,0B,78,OK
0x32A0,0x0AA0,09,40,3,0x00BB10,0x15F,0x00BC6F,0x02A1,37,0F,7B,OK
0x329F,0x0A9F,09,40,3,0x00BB10,0x160,0x00BC70,0x02A0,37,92,FD,OK
0x329E,0x0A9E,09,40,3,0x00BB10,0x161,0x00BC71,0x029F,37,03,6D,OK
0x329D,0x0A9D,09,40,3,0x00BB10,0x162,0x00BC72,0x029E,37,00,69,OK
0x329C,0x0A9C,09,40,3,0x00BB10,0x163,0x00BC73,0x029D,37,0F,77,OK
0x329B,0x0A9B,09,40,3,0x00BB10,0x164,0x00BC74,0x029C,37,03,6A,OK
0x329A,0x0A9A,09,40,3,0x00BB10,0x165,0x00BC75,0x029B,37,0A,70,OK
0x3299,0x0A99,09,40,3,0x00BB10,0x166,0x00BC76,0x029A,37,03,68,OK
0x3298,0x0A98,09,40,3,0x00BB10,0x167,0x00BC77,0x0299,37,04,68,OK
0x3297,0x0A97,09,40,3,0x00BB10,0x168,0x00BC78,0x0298,37,00,63,OK
0x3296,0x0A96,09,40,3,0x00BB10,0x169,0x00BC79,0x0297,37,06,68,OK
0x3295,0x0A95,09,40,3,0x00BB10,0x16A,0x00BC7A,0x0296,37,E0,41,OK
0x3294,0x0A94,09,40,3,0x00BB10,0x16B,0x00BC7B,0x0295,37,FF,5F,OK
0x3293,0x0A93,09,40,3,0x00BB10,0x16C,0x00BC7C,0x0294,37,06,65,OK
0x3292,0x0A92,09,40,3,0x00BB10,0x16D,0x00BC7D,0x0293,37,09,67,OK
0x3291,0x0A91,09,40,3,0x00BB10,0x16E,0x00BC7E,0x0292,37,F0,4D,OK
0x3290,0x0A90,09,40,3,0x00BB10,0x16F,0x00BC7F,0x0291,37,FF,5B,OK
0x328F,0x0A8F,09,40,3,0x00BB10,0x170,0x00BC80,0x0290,37,07,62,OK
0x328E,0x0A8E,09,40,3,0x00BB10,0x171,0x00BC81,0x028F,37,00,5A,OK
0x328D,0x0A8D,09,40,3,0x00BB10,0x172,0x00BC82,0x028E,37,06,5F,OK
0x328C,0x0A8C,09,40,3,0x00BB10,0x173,0x00BC83,0x028D,37,80,D8,OK
0x328B,0x0A8B,09,40,3,0x00BB10,0x174,0x00BC84,0x028C,37,0A,61,OK
0x328A,0x0A8A,09,40,3,0x00BB10,0x175,0x00BC85,0x028B,37,07,5D,OK
0x3289,0x0A89,09,40,3,0x00BB10,0x176,0x00BC86,0x028A,37,04,59,OK
0x3288,0x0A88,09,40,3,0x00BB10,0x177,0x00BC87,0x0289,37,8B,DF,OK
0x3287,0x0A87,09,40,3,0x00BB10,0x178,0x00BC88,0x0288,37,03,56,OK
0x3286,0x0A86,09,40,3,0x00BB10,0x179,0x00BC89,0x0287,37,F0,42,OK
0x3285,0x0A85,09,40,3,0x00BB10,0x17A,0x00BC8A,0x0286,37,FF,50,OK
0x3284,0x0A84,09,40,3,0x00BB10,0x17B,0x00BC8B,0x0285,37,06,56,OK
0x3283,0x0A83,09,40,3,0x00BB10,0x17C,0x00BC8C,0x0284,37,03,52,OK
0x3282,0x0A82,09,40,3,0x00BB10,0x17D,0x00BC8D,0x0283,37,04,52,OK
0x3281,0x0A81,09,40,3,0x00BB10,0x17E,0x00BC8E,0x0282,37,00,4D,OK
0x3280,0x0A80,09,40,3,0x00BB10,0x17F,0x00BC8F,0x0281,37,06,52,OK
0x327F,0x0A7F,09,40,3,0x00BB10,0x180,0x00BC90,0x0280,37,03,4E,OK
0x327E,0x0A7E,09,40,3,0x00BB10,0x181,0x00BC91,0x027F,37,FF,49,OK
0x327D,0x0A7D,09,40,3,0x00BB10,0x182,0x00BC92,0x027E,37,06,4F,OK
0x327C,0x0A7C,09,40,3,0x00BB10,0x183,0x00BC93,0x027D,37,1F,67,OK
0x327B,0x0A7B,09,40,3,0x00BB10,0x184,0x00BC94,0x027C,37,8D,D4,OK
0x327A,0x0A7A,09,40,3,0x00BB10,0x185,0x00BC95,0x027B,37,03,49,OK
0x3279,0x0A79,09,40,3,0x00BB10,0x186,0x00BC96,0x027A,37,8A,CF,OK
0x3278,0x0A78,09,40,3,0x00BB10,0x187,0x00BC97,0x0279,37,03,47,OK
0x3277,0x0A77,09,40,3,0x00BB10,0x188,0x00BC98,0x0278,37,F8,3B,OK
0x3276,0x0A76,09,40,3,0x00BB10,0x189,0x00BC99,0x0277,37,0A,4C,OK
0x3275,0x0A75,09,40,3,0x00BB10,0x18A,0x00BC9A,0x0276,37,7F,C0,OK
0x3274,0x0A74,09,40,3,0x00BB10,0x18B,0x00BC9B,0x0275,37,0A,4A,OK
0x3273,0x0A73,09,40,3,0x00BB10,0x18C,0x00BC9C,0x0274,37,FC,3B,OK
0x3272,0x0A72,09,40,3,0x00BB10,0x18D,0x00BC9D,0x0273,37,09,47,OK
0x3271,0x0A71,09,40,3,0x00BB10,0x18E,0x00BC9E,0x0272,37,3F,7C,OK
0x3270,0x0A70,09,40,3,0x00BB10,0x18F,0x00BC9F,0x0271,37,0A,46,OK
0x326F,0x0A6F,09,40,3,0x00BB10,0x190,0x00BCA0,0x0270,37,80,BB,OK
0x326E,0x0A6E,09,40,3,0x00BB10,0x191,0x00BCA1,0x026F,37,09,43,OK
0x326D,0x0A6D,09,40,3,0x00BB10,0x192,0x00BCA2,0x026E,37,03,3C,OK
0x326C,0x0A6C,09,40,3,0x00BB10,0x193,0x00BCA3,0x026D,37,04,3C,OK
0x326B,0x0A6B,09,40,3,0x00BB10,0x194,0x00BCA4,0x026C,37,0A,41,OK
0x326A,0x0A6A,09,40,3,0x00BB10,0x195,0x00BCA5,0x026B,37,80,B6,OK
0x3269,0x0A69,09,40,3,0x00BB10,0x196,0x00BCA6,0x026A,37,FF,34,OK
0x3268,0x0A68,09,40,3,0x00BB10,0x197,0x00BCA7,0x0269,37,06,3A,OK
0x3267,0x0A67,09,40,3,0x00BB10,0x198,0x00BCA8,0x0268,37,03,36,OK
0x3266,0x0A66,09,40,3,0x00BB10,0x199,0x00BCA9,0x0267,37,04,36,OK
0x3265,0x0A65,09,40,3,0x00BB10,0x19A,0x00BCAA,0x0266,37,00,31,OK
0x3264,0x0A64,09,40,3,0x00BB10,0x19B,0x00BCAB,0x0265,37,0A,3A,OK
0x3263,0x0A63,09,40,3,0x00BB10,0x19C,0x00BCAC,0x0264,37,03,32,OK
0x3262,0x0A62,09,40,3,0x00BB10,0x19D,0x00BCAD,0x0263,37,F8,26,OK
0x3261,0x0A61,09,40,3,0x00BB10,0x19E,0x00BCAE,0x0262,37,0A,37,OK
0x3260,0x0A60,09,40,3,0x00BB10,0x19F,0x00BCAF,0x0261,37,3F,6B,OK
0x325F,0x0A5F,09,40,3,0x00BB10,0x1A0,0x00BCB0,0x0260,37,00,2B,OK
0x325E,0x0A5E,09,40,3,0x00BB10,0x1A1,0x00BCB1,0x025F,37,07,31,OK
0x325D,0x0A5D,09,40,3,0x00BB10,0x1A2,0x00BCB2,0x025E,37,0C,35,OK
0x325C,0x0A5C,09,40,3,0x00BB10,0x1A3,0x00BCB3,0x025D,37,07,2F,OK
0x325B,0x0A5B,09,40,3,0x00BB10,0x1A4,0x00BCB4,0x025C,37,04,2B,OK
0x325A,0x0A5A,09,40,3,0x00BB10,0x1A5,0x00BCB5,0x025B,37,92,B8,OK
0x3259,0x0A59,09,40,3,0x00BB10,0x1A6,0x00BCB6,0x025A,37,03,28,OK
0x3258,0x0A58,09,40,3,0x00BB10,0x1A7,0x00BCB7,0x0259,37,8E,B2,OK
0x3257,0x0A57,09,40,3,0x00BB10,0x1A8,0x00BCB8,0x0258,37,03,26,OK
0x3256,0x0A56,09,40,3,0x00BB10,0x1A9,0x00BCB9,0x0257,37,80,A2,OK
0x3255,0x0A55,09,40,3,0x00BB10,0x1AA,0x00BCBA,0x0256,37,0A,2B,OK
0x3254,0x0A54,09,40,3,0x00BB10,0x1AB,0x00BCBB,0x0255,37,03,23,OK
0x3253,0x0A53,09,40,3,0x00BB10,0x1AC,0x00BCBC,0x0254,37,04,23,OK
0x3252,0x0A52,09,40,3,0x00BB10,0x1AD,0x00BCBD,0x0253,37,00,1E,OK
0x3251,0x0A51,09,40,3,0x00BB10,0x1AE,0x00BCBE,0x0252,37,06,23,OK
0x3250,0x0A50,09,40,3,0x00BB10,0x1AF,0x00BCBF,0x0251,37,FC,18,OK
0x324F,0x0A4F,09,40,3,0x00BB10,0x1B0,0x00BCC0,0x0250,37,09,24,OK
0x324E,0x0A4E,09,40,3,0x00BB10,0x1B1,0x00BCC1,0x024F,37,7F,99,OK
0x324D,0x0A4D,09,40,3,0x00BB10,0x1B2,0x00BCC2,0x024E,37,09,22,OK
0x324C,0x0A4C,09,40,3,0x00BB10,0x1B3,0x00BCC3,0x024D,37,FC,14,OK
0x324B,0x0A4B,09,40,3,0x00BB10,0x1B4,0x00BCC4,0x024C,37,0A,21,OK
0x324A,0x0A4A,09,40,3,0x00BB10,0x1B5,0x00BCC5,0x024B,37,7F,95,OK
0x3249,0x0A49,09,40,3,0x00BB10,0x1B6,0x00BCC6,0x024A,37,00,15,OK
0x3248,0x0A48,09,40,3,0x00BB10,0x1B7,0x00BCC7,0x0249,37,06,1A,OK
0x3247,0x0A47,09,40,3,0x00BB10,0x1B8,0x00BCC8,0x0248,37,FC,0F,OK
0x3246,0x0A46,09,40,3,0x00BB10,0x1B9,0x00BCC9,0x0247,37,0A,1C,OK
0x3245,0x0A45,09,40,3,0x00BB10,0x1BA,0x00BCCA,0x0246,37,03,14,OK
0x3244,0x0A44,09,40,3,0x00BB10,0x1BB,0x00BCCB,0x0245,37,04,14,OK
0x3243,0x0A43,09,40,3,0x00BB10,0x1BC,0x00BCCC,0x0244,37,8B,9A,OK
0x3242,0x0A42,09,40,3,0x00BB10,0x1BD,0x00BCCD,0x0243,37,03,11,OK
0x3241,0x0A41,09,40,3,0x00BB10,0x1BE,0x00BCCE,0x0242,37,F8,05,OK
0x3240,0x0A40,09,40,3,0x00BB10,0x1BF,0x00BCCF,0x0241,37,FF,0B,OK
0x323F,0x0A3F,09,40,3,0x00BB10,0x1C0,0x00BCD0,0x0240,37,06,11,OK
0x323E,0x0A3E,09,40,3,0x00BB10,0x1C1,0x00BCD1,0x023F,37,00,0A,OK
0x323D,0x0A3D,09,40,3,0x00BB10,0x1C2,0x00BCD2,0x023E,37,06,0F,OK
0x323C,0x0A3C,09,40,3,0x00BB10,0x1C3,0x00BCD3,0x023D,37,03,0B,OK
0x323B,0x0A3B,09,40,3,0x00BB10,0x1C4,0x00BCD4,0x023C,37,F0,F7,OK
0x323A,0x0A3A,09,40,3,0x00BB10,0x1C5,0x00BCD5,0x023B,37,FF,05,OK
0x3239,0x0A39,09,40,3,0x00BB10,0x1C6,0x00BCD6,0x023A,37,06,0B,OK
0x3238,0x0A38,09,40,3,0x00BB10,0x1C7,0x00BCD7,0x0239,37,03,07,OK
0x3237,0x0A37,09,40,3,0x00BB10,0x1C8,0x00BCD8,0x0238,37,04,07,OK
0x3236,0x0A36,09,40,3,0x00BB10,0x1C9,0x00BCD9,0x0237,37,8D,8F,OK
0x3235,0x0A35,09,40,3,0x00BB10,0x1CA,0x00BCDA,0x0236,37,03,04,OK
0x3234,0x0A34,09,40,3,0x00BB10,0x1CB,0x00BCDB,0x0235,37,00,00,OK
0x3233,0x0A33,09,40,3,0x00BB10,0x1CC,0x00BCDC,0x0234,37,0A,09,OK
0x3232,0x0A32,09,40,3,0x00BB10,0x1CD,0x00BCDD,0x0233,37,03,01,OK
0x3231,0x0A31,09,40,3,0x00BB10,0x1CE,0x00BCDE,0x0232,37,FE,FB,OK
0x3230,0x0A30,09,40,3,0x00BB10,0x1CF,0x00BCDF,0x0231,37,0A,06,OK
0x322F,0x0A2F,09,40,3,0x00BB10,0x1D0,0x00BCE0,0x0230,37,3F,3A,OK
0x322E,0x0A2E,09,40,3,0x00BB10,0x1D1,0x00BCE1,0x022F,37,0A,04,OK
0x322D,0x0A2D,09,40,3,0x00BB10,0x1D2,0x00BCE2,0x022E,37,FE,F7,OK
0x322C,0x0A2C,09,40,3,0x00BB10,0x1D3,0x00BCE3,0x022D,37,09,01,OK
0x322B,0x0A2B,09,40,3,0x00BB10,0x1D4,0x00BCE4,0x022C,37,3F,36,OK
0x322A,0x0A2A,09,40,3,0x00BB10,0x1D5,0x00BCE5,0x022B,37,0A,00,OK
0x3229,0x0A29,09,40,3,0x00BB10,0x1D6,0x00BCE6,0x022A,37,C0,B5,OK
0x3228,0x0A28,09,40,3,0x00BB10,0x1D7,0x00BCE7,0x0229,37,09,FD,OK
0x3227,0x0A27,09,40,3,0x00BB10,0x1D8,0x00BCE8,0x0228,37,03,F6,OK
0x3226,0x0A26,09,40,3,0x00BB10,0x1D9,0x00BCE9,0x0227,37,04,F6,OK
0x3225,0x0A25,09,40,3,0x00BB10,0x1DA,0x00BCEA,0x0226,37,0A,FB,OK
0x3224,0x0A24,09,40,3,0x00BB10,0x1DB,0x00BCEB,0x0225,37,C0,B0,OK
0x3223,0x0A23,09,40,3,0x00BB10,0x1DC,0x00BCEC,0x0224,37,09,F8,OK
0x3222,0x0A22,09,40,3,0x00BB10,0x1DD,0x00BCED,0x0223,37,07,F5,OK
0x3221,0x0A21,09,40,3,0x00BB10,0x1DE,0x00BCEE,0x0222,37,04,F1,OK
0x3220,0x0A20,09,40,3,0x00BB10,0x1DF,0x00BCEF,0x0221,37,00,EC,OK
0x321F,0x0A1F,09,40,3,0x00BB10,0x1E0,0x00BCF0,0x0220,37,0B,F6,OK
0x321E,0x0A1E,09,40,3,0x00BB10,0x1E1,0x00BCF1,0x021F,37,03,ED,OK
0x321D,0x0A1D,09,40,3,0x00BB10,0x1E2,0x00BCF2,0x021E,37,F8,E1,OK
0x321C,0x0A1C,09,40,3,0x00BB10,0x1E3,0x00BCF3,0x021D,37,0A,F2,OK
0x321B,0x0A1B,09,40,3,0x00BB10,0x1E4,0x00BCF4,0x021C,37,0F,F6,OK
0x321A,0x0A1A,09,40,3,0x00BB10,0x1E5,0x00BCF5,0x021B,37,0A,F0,OK
0x3219,0x0A19,09,40,3,0x00BB10,0x1E6,0x00BCF6,0x021A,37,80,65,OK
0x3218,0x0A18,09,40,3,0x00BB10,0x1E7,0x00BCF7,0x0219,37,0C,F0,OK
0x3217,0x0A17,09,40,3,0x00BB10,0x1E8,0x00BCF8,0x0218,37,0F,F2,OK
0x3216,0x0A16,09,40,3,0x00BB10,0x1E9,0x00BCF9,0x0217,37,92,74,OK
0x3215,0x0A15,09,40,3,0x00BB10,0x1EA,0x00BCFA,0x0216,37,03,E4,OK
0x3214,0x0A14,09,40,3,0x00BB10,0x1EB,0x00BCFB,0x0215,37,8E,6E,OK
0x3213,0x0A13,09,40,3,0x00BB10,0x1EC,0x00BCFC,0x0214,37,03,E2,OK
0x3212,0x0A12,09,40,3,0x00BB10,0x1ED,0x00BCFD,0x0213,37,C0,9E,OK
0x3211,0x0A11,09,40,3,0x00BB10,0x1EE,0x00BCFE,0x0212,37,0A,E7,OK
0x3210,0x0A10,09,40,3,0x00BB10,0x1EF,0x00BCFF,0x0211,37,01,DD,OK
0x320F,0x0A0F,09,40,3,0x00BB10,0x1F0,0x00BD00,0x0210,37,09,E4,OK
0x320E,0x0A0E,09,40,3,0x00BB10,0x1F1,0x00BD01,0x020F,37,C0,9A,OK
0x320D,0x0A0D,09,40,3,0x00BB10,0x1F2,0x00BD02,0x020E,37,0A,E3,OK
0x320C,0x0A0C,09,40,3,0x00BB10,0x1F3,0x00BD03,0x020D,37,3F,17,OK
0x320B,0x0A0B,09,40,3,0x00BB10,0x1F4,0x00BD04,0x020C,37,09,E0,OK
0x320A,0x0A0A,09,40,3,0x00BB10,0x1F5,0x00BD05,0x020B,37,FC,D2,OK
0x3209,0x0A09,09,40,3,0x00BB10,0x1F6,0x00BD06,0x020A,37,0A,DF,OK
0x3208,0x0A08,09,40,3,0x00BB10,0x1F7,0x00BD07,0x0209,37,3F,13,OK
0x3207,0x0A07,09,40,3,0x00BB10,0x1F8,0x00BD08,0x0208,37,09,DC,OK
0x3206,0x0A06,09,40,3,0x00BB10,0x1F9,0x00BD09,0x0207,37,F8,CA,OK
0x3205,0x0A05,09,40,3,0x00BB10,0x1FA,0x00BD0A,0x0206,37,0B,DC,OK
0x3204,0x0A04,09,40,3,0x00BB10,0x1FB,0x00BD0B,0x0205,37,01,D1,OK
0x3203,0x0A03,09,40,3,0x00BB10,0x1FC,0x00BD0C,0x0204,37,8B,5A,OK
0x3202,0x0A02,09,40,3,0x00BB10,0x1FD,0x00BD0D,0x0203,37,03,D1,OK
0x3201,0x0A01,09,40,3,0x00BB10,0x1FE,0x00BD0E,0x0202,37,FC,C9,OK
0x3200,0x0A00,09,40,3,0x00BB10,0x1FF,0x00BD0F,0x0201,37,09,D5,OK
0x31FF,0x09FF,09,40,3,0x00BB10,0x200,0x00BD10,0x0200,37,7F,4A,OK
0x31FE,0x09FE,09,40,3,0x00BB10,0x201,0x00BD11,0x01FF,37,00,C9,OK
0x31FD,0x09FD,09,40,3,0x00BB10,0x202,0x00BD12,0x01FE,37,06,CE,OK
0x31FC,0x09FC,09,40,3,0x00BB10,0x203,0x00BD13,0x01FD,37,03,CA,OK
0x31FB,0x09FB,09,40,3,0x00BB10,0x204,0x00BD14,0x01FC,37,0A,D0,OK
0x31FA,0x09FA,09,40,3,0x00BB10,0x205,0x00BD15,0x01FB,37,7F,44,OK
0x31F9,0x09F9,09,40,3,0x00BB10,0x206,0x00BD16,0x01FA,37,8E,52,OK
0x31F8,0x09F8,09,40,3,0x00BB10,0x207,0x00BD17,0x01F9,37,03,C6,OK
0x31F7,0x09F7,09,40,3,0x00BB10,0x208,0x00BD18,0x01F8,37,00,C2,OK
0x31F6,0x09F6,09,40,3,0x00BB10,0x209,0x00BD19,0x01F7,37,0A,CB,OK
0x31F5,0x09F5,09,40,3,0x00BB10,0x20A,0x00BD1A,0x01F6,37,03,C3,OK
0x31F4,0x09F4,09,40,3,0x00BB10,0x20B,0x00BD1B,0x01F5,37,0B,CA,OK
0x31F3,0x09F3,09,40,3,0x00BB10,0x20C,0x00BD1C,0x01F4,37,3F,FD,OK
0x31F2,0x09F2,09,40,3,0x00BB10,0x20D,0x00BD1D,0x01F3,37,0A,C7,OK
0x31F1,0x09F1,09,40,3,0x00BB10,0x20E,0x00BD1E,0x01F2,37,FE,BA,OK
0x31F0,0x09F0,09,40,3,0x00BB10,0x20F,0x00BD1F,0x01F1,37,FF,BA,OK
0x31EF,0x09EF,09,40,3,0x00BB10,0x210,0x00BD20,0x01F0,37,05,BF,OK
0x31EE,0x09EE,09,40,3,0x00BB10,0x211,0x00BD21,0x01EF,37,0F,C8,OK
0x31ED,0x09ED,09,40,3,0x00BB10,0x212,0x00BD22,0x01EE,37,0A,C2,OK
0x31EC,0x09EC,09,40,3,0x00BB10,0x213,0x00BD23,0x01ED,37,C0,77,OK
0x31EB,0x09EB,09,40,3,0x00BB10,0x214,0x00BD24,0x01EC,37,09,BF,OK
0x31EA,0x09EA,09,40,3,0x00BB10,0x215,0x00BD25,0x01EB,37,01,B6,OK
0x31E9,0x09E9,09,40,3,0x00BB10,0x216,0x00BD26,0x01EA,37,0A,BE,OK
0x31E8,0x09E8,09,40,3,0x00BB10,0x217,0x00BD27,0x01E9,37,E0,93,OK
0x31E7,0x09E7,09,40,3,0x00BB10,0x218,0x00BD28,0x01E8,37,09,BB,OK
0x31E6,0x09E6,09,40,3,0x00BB10,0x219,0x00BD29,0x01E7,37,07,B8,OK
0x31E5,0x09E5,09,40,3,0x00BB10,0x21A,0x00BD2A,0x01E6,37,04,B4,OK
0x31E4,0x09E4,09,40,3,0x00BB10,0x21B,0x00BD2B,0x01E5,37,89,38,OK
0x31E3,0x09E3,09,40,3,0x00BB10,0x21C,0x00BD2C,0x01E4,37,03,B1,OK
0x31E2,0x09E2,09,40,3,0x00BB10,0x21D,0x00BD2D,0x01E3,37,C0,6D,OK
0x31E1,0x09E1,09,40,3,0x00BB10,0x21E,0x00BD2E,0x01E2,37,1F,CB,OK
0x31E0,0x09E0,09,40,3,0x00BB10,0x21F,0x00BD2F,0x01E1,37,F8,A3,OK
0x31DF,0x09DF,09,40,3,0x00BB10,0x220,0x00BD30,0x01E0,37,0A,B4,OK
0x31DE,0x09DE,09,40,3,0x00BB10,0x221,0x00BD31,0x01DF,37,1F,C8,OK
0x31DD,0x09DD,09,40,3,0x00BB10,0x222,0x00BD32,0x01DE,37,0A,B2,OK
0x31DC,0x09DC,09,40,3,0x00BB10,0x223,0x00BD33,0x01DD,37,C0,67,OK
0x31DB,0x09DB,09,40,3,0x00BB10,0x224,0x00BD34,0x01DC,37,FF,A5,OK
0x31DA,0x09DA,09,40,3,0x00BB10,0x225,0x00BD35,0x01DB,37,08,AD,OK
0x31D9,0x09D9,09,40,3,0x00BB10,0x226,0x00BD36,0x01DA,37,03,A7,OK
0x31D8,0x09D8,09,40,3,0x00BB10,0x227,0x00BD37,0x01D9,37,04,A7,OK
0x31D7,0x09D7,09,40,3,0x00BB10,0x228,0x00BD38,0x01D8,37,92,34,OK
0x31D6,0x09D6,09,40,3,0x00BB10,0x229,0x00BD39,0x01D7,37,03,A4,OK
0x31D5,0x09D5,09,40,3,0x00BB10,0x22A,0x00BD3A,0x01D6,37,8E,2E,OK
0x31D4,0x09D4,09,40,3,0x00BB10,0x22B,0x00BD3B,0x01D5,37,03,A2,OK
0x31D3,0x09D3,09,40,3,0x00BB10,0x22C,0x00BD3C,0x01D4,37,C0,5E,OK
0x31D2,0x09D2,09,40,3,0x00BB10,0x22D,0x00BD3D,0x01D3,37,0A,A7,OK
0x31D1,0x09D1,09,40,3,0x00BB10,0x22E,0x00BD3E,0x01D2,37,01,9D,OK
0x31D0,0x09D0,09,40,3,0x00BB10,0x22F,0x00BD3F,0x01D1,37,00,9B,OK
0x31CF,0x09CF,09,40,3,0x00BB10,0x230,0x00BD40,0x01D0,37,05,9F,OK
0x31CE,0x09CE,09,40,3,0x00BB10,0x231,0x00BD41,0x01CF,37,F0,89,OK
0x31CD,0x09CD,09,40,3,0x00BB10,0x232,0x00BD42,0x01CE,37,0A,A2,OK
0x31CC,0x09CC,09,40,3,0x00BB10,0x233,0x00BD43,0x01CD,37,3F,D6,OK
0x31CB,0x09CB,09,40,3,0x00BB10,0x234,0x00BD44,0x01CC,37,09,9F,OK
0x31CA,0x09CA,09,40,3,0x00BB10,0x235,0x00BD45,0x01CB,37,FE,93,OK
0x31C9,0x09C9,09,40,3,0x00BB10,0x236,0x00BD46,0x01CA,37,0A,9E,OK
0x31C8,0x09C8,09,40,3,0x00BB10,0x237,0x00BD47,0x01C9,37,1F,B2,OK
0x31C7,0x09C7,09,40,3,0x00BB10,0x238,0x00BD48,0x01C8,37,09,9B,OK
0x31C6,0x09C6,09,40,3,0x00BB10,0x239,0x00BD49,0x01C7,37,F8,89,OK
0x31C5,0x09C5,09,40,3,0x00BB10,0x23A,0x00BD4A,0x01C6,37,0B,9B,OK
0x31C4,0x09C4,09,40,3,0x00BB10,0x23B,0x00BD4B,0x01C5,37,01,90,OK
0x31C3,0x09C3,09,40,3,0x00BB10,0x23C,0x00BD4C,0x01C4,37,8B,19,OK
0x31C2,0x09C2,09,40,3,0x00BB10,0x23D,0x00BD4D,0x01C3,37,03,90,OK
0x31C1,0x09C1,09,40,3,0x00BB10,0x23E,0x00BD4E,0x01C2,37,FE,8A,OK
0x31C0,0x09C0,09,40,3,0x00BB10,0x23F,0x00BD4F,0x01C1,37,09,94,OK
0x31BF,0x09BF,09,40,3,0x00BB10,0x240,0x00BD50,0x01C0,37,3F,C9,OK
0x31BE,0x09BE,09,40,3,0x00BB10,0x241,0x00BD51,0x01BF,37,00,89,OK
0x31BD,0x09BD,09,40,3,0x00BB10,0x242,0x00BD52,0x01BE,37,08,90,OK
0x31BC,0x09BC,09,40,3,0x00BB10,0x243,0x00BD53,0x01BD,37,EC,73,OK
0x31BB,0x09BB,09,40,3,0x00BB10,0x244,0x00BD54,0x01BC,37,0A,90,OK
0x31BA,0x09BA,09,40,3,0x00BB10,0x245,0x00BD55,0x01BB,37,3F,C4,OK
0x31B9,0x09B9,09,40,3,0x00BB10,0x246,0x00BD56,0x01BA,37,8E,12,OK
0x31B8,0x09B8,09,40,3,0x00BB10,0x247,0x00BD57,0x01B9,37,03,86,OK
0x31B7,0x09B7,09,40,3,0x00BB10,0x248,0x00BD58,0x01B8,37,89,0B,OK
0x31B6,0x09B6,09,40,3,0x00BB10,0x249,0x00BD59,0x01B7,37,03,84,OK
0x31B5,0x09B5,09,40,3,0x00BB10,0x24A,0x00BD5A,0x01B6,37,80,00,OK
0x31B4,0x09B4,09,40,3,0x00BB10,0x24B,0x00BD5B,0x01B5,37,0B,8A,OK
0x31B3,0x09B3,09,40,3,0x00BB10,0x24C,0x00BD5C,0x01B4,37,0F,8D,OK
0x31B2,0x09B2,09,40,3,0x00BB10,0x24D,0x00BD5D,0x01B3,37,00,7D,OK
0x31B1,0x09B1,09,40,3,0x00BB10,0x24E,0x00BD5E,0x01B2,37,06,82,OK
0x31B0,0x09B0,09,40,3,0x00BB10,0x24F,0x00BD5F,0x01B1,37,FF,7A,OK
0x31AF,0x09AF,09,40,3,0x00BB10,0x250,0x00BD60,0x01B0,37,06,80,OK
0x31AE,0x09AE,09,40,3,0x00BB10,0x251,0x00BD61,0x01AF,37,03,7C,OK
0x31AD,0x09AD,09,40,3,0x00BB10,0x252,0x00BD62,0x01AE,37,04,7C,OK
0x31AC,0x09AC,09,40,3,0x00BB10,0x253,0x00BD63,0x01AD,37,0A,81,OK
0x31AB,0x09AB,09,40,3,0x00BB10,0x254,0x00BD64,0x01AC,37,F0,66,OK
0x31AA,0x09AA,09,40,3,0x00BB10,0x255,0x00BD65,0x01AB,37,09,7E,OK
0x31A9,0x09A9,09,40,3,0x00BB10,0x256,0x00BD66,0x01AA,37,01,75,OK
0x31A8,0x09A8,09,40,3,0x00BB10,0x257,0x00BD67,0x01A9,37,0A,7D,OK
0x31A7,0x09A7,09,40,3,0x00BB10,0x258,0x00BD68,0x01A8,37,E0,52,OK
0x31A6,0x09A6,09,40,3,0x00BB10,0x259,0x00BD69,0x01A7,37,09,7A,OK
0x31A5,0x09A5,09,40,3,0x00BB10,0x25A,0x00BD6A,0x01A6,37,1F,8F,OK
0x31A4,0x09A4,09,40,3,0x00BB10,0x25B,0x00BD6B,0x01A5,37,89,F8,OK
0x31A3,0x09A3,09,40,3,0x00BB10,0x25C,0x00BD6C,0x01A4,37,03,71,OK
0x31A2,0x09A2,09,40,3,0x00BB10,0x25D,0x00BD6D,0x01A3,37,F0,5D,OK
0x31A1,0x09A1,09,40,3,0x00BB10,0x25E,0x00BD6E,0x01A2,37,1F,8B,OK
0x31A0,0x09A0,09,40,3,0x00BB10,0x25F,0x00BD6F,0x01A1,37,F8,63,OK
0x319F,0x099F,09,40,3,0x00BB10,0x260,0x00BD70,0x01A0,37,0A,74,OK
0x319E,0x099E,09,40,3,0x00BB10,0x261,0x00BD71,0x019F,37,1F,88,OK
0x319D,0x099D,09,40,3,0x00BB10,0x262,0x00BD72,0x019E,37,0A,72,OK
0x319C,0x099C,09,40,3,0x00BB10,0x263,0x00BD73,0x019D,37,E0,47,OK
0x319B,0x099B,09,40,3,0x00BB10,0x264,0x00BD74,0x019C,37,FF,65,OK
0x319A,0x099A,09,40,3,0x00BB10,0x265,0x00BD75,0x019B,37,08,6D,OK
0x3199,0x0999,09,40,3,0x00BB10,0x266,0x00BD76,0x019A,37,93,F7,OK
0x3198,0x0998,09,40,3,0x00BB10,0x267,0x00BD77,0x0199,37,03,66,OK
0x3197,0x0997,09,40,3,0x00BB10,0x268,0x00BD78,0x0198,37,8E,F0,OK
0x3196,0x0996,09,40,3,0x00BB10,0x269,0x00BD79,0x0197,37,03,64,OK
0x3195,0x0995,09,40,3,0x00BB10,0x26A,0x00BD7A,0x0196,37,F0,50,OK
0x3194,0x0994,09,40,3,0x00BB10,0x26B,0x00BD7B,0x0195,37,FF,5E,OK
0x3193,0x0993,09,40,3,0x00BB10,0x26C,0x00BD7C,0x0194,37,06,64,OK
0x3192,0x0992,09,40,3,0x00BB10,0x26D,0x00BD7D,0x0193,37,00,5D,OK
0x3191,0x0991,09,40,3,0x00BB10,0x26E,0x00BD7E,0x0192,37,06,62,OK
0x3190,0x0990,09,40,3,0x00BB10,0x26F,0x00BD7F,0x0191,37,FC,57,OK
0x318F,0x098F,09,40,3,0x00BB10,0x270,0x00BD80,0x0190,37,0A,64,OK
0x318E,0x098E,09,40,3,0x00BB10,0x271,0x00BD81,0x018F,37,0F,68,OK
0x318D,0x098D,09,40,3,0x00BB10,0x272,0x00BD82,0x018E,37,09,61,OK
0x318C,0x098C,09,40,3,0x00BB10,0x273,0x00BD83,0x018D,37,FE,55,OK
0x318B,0x098B,09,40,3,0x00BB10,0x274,0x00BD84,0x018C,37,0A,60,OK
0x318A,0x098A,09,40,3,0x00BB10,0x275,0x00BD85,0x018B,37,1F,74,OK
0x3189,0x0989,09,40,3,0x00BB10,0x276,0x00BD86,0x018A,37,09,5D,OK
0x3188,0x0988,09,40,3,0x00BB10,0x277,0x00BD87,0x0189,37,E0,33,OK
0x3187,0x0987,09,40,3,0x00BB10,0x278,0x00BD88,0x0188,37,0B,5D,OK
0x3186,0x0986,09,40,3,0x00BB10,0x279,0x00BD89,0x0187,37,01,52,OK
0x3185,0x0985,09,40,3,0x00BB10,0x27A,0x00BD8A,0x0186,37,00,50,OK
0x3184,0x0984,09,40,3,0x00BB10,0x27B,0x00BD8B,0x0185,37,0B,5A,OK
0x3183,0x0983,09,40,3,0x00BB10,0x27C,0x00BD8C,0x0184,37,03,51,OK
0x3182,0x0982,09,40,3,0x00BB10,0x27D,0x00BD8D,0x0183,37,0A,57,OK
0x3181,0x0981,09,40,3,0x00BB10,0x27E,0x00BD8E,0x0182,37,1F,6B,OK
0x3180,0x0980,09,40,3,0x00BB10,0x27F,0x00BD8F,0x0181,37,00,4B,OK
0x317F,0x097F,09,40,3,0x00BB10,0x280,0x00BD90,0x0180,37,08,52,OK
0x317E,0x097E,09,40,3,0x00BB10,0x281,0x00BD91,0x017F,37,0B,54,OK
0x317D,0x097D,09,40,3,0x00BB10,0x282,0x00BD92,0x017E,37,1F,67,OK
0x317C,0x097C,09,40,3,0x00BB10,0x283,0x00BD93,0x017D,37,8E,D5,OK
0x317B,0x097B,09,40,3,0x00BB10,0x284,0x00BD94,0x017C,37,03,49,OK
0x317A,0x097A,09,40,3,0x00BB10,0x285,0x00BD95,0x017B,37,89,CE,OK
0x3179,0x0979,09,40,3,0x00BB10,0x286,0x00BD96,0x017A,37,03,47,OK
0x3178,0x0978,09,40,3,0x00BB10,0x287,0x00BD97,0x0179,37,C0,03,OK
0x3177,0x0977,09,40,3,0x00BB10,0x288,0x00BD98,0x0178,37,0B,4D,OK
0x3176,0x0976,09,40,3,0x00BB10,0x289,0x00BD99,0x0177,37,0F,50,OK
0x3175,0x0975,09,40,3,0x00BB10,0x28A,0x00BD9A,0x0176,37,00,40,OK
0x3174,0x0974,09,40,3,0x00BB10,0x28B,0x00BD9B,0x0175,37,06,45,OK
0x3173,0x0973,09,40,3,0x00BB10,0x28C,0x00BD9C,0x0174,37,FF,3D,OK
0x3172,0x0972,09,40,3,0x00BB10,0x28D,0x00BD9D,0x0173,37,05,42,OK
0x3171,0x0971,09,40,3,0x00BB10,0x28E,0x00BD9E,0x0172,37,1F,5B,OK
0x3170,0x0970,09,40,3,0x00BB10,0x28F,0x00BD9F,0x0171,37,0B,46,OK
0x316F,0x096F,09,40,3,0x00BB10,0x290,0x00BDA0,0x0170,37,F0,2A,OK
0x316E,0x096E,09,40,3,0x00BB10,0x291,0x00BDA1,0x016F,37,FF,38,OK
0x316D,0x096D,09,40,3,0x00BB10,0x292,0x00BDA2,0x016E,37,05,3D,OK
0x316C,0x096C,09,40,3,0x00BB10,0x293,0x00BDA3,0x016D,37,0B,42,OK
0x316B,0x096B,09,40,3,0x00BB10,0x294,0x00BDA4,0x016C,37,F0,26,OK
0x316A,0x096A,09,40,3,0x00BB10,0x295,0x00BDA5,0x016B,37,09,3E,OK
0x3169,0x0969,09,40,3,0x00BB10,0x296,0x00BDA6,0x016A,37,3F,73,OK
0x3168,0x0968,09,40,3,0x00BB10,0x297,0x00BDA7,0x0169,37,00,33,OK
0x3167,0x0967,09,40,3,0x00BB10,0x298,0x00BDA8,0x0168,37,09,3B,OK
0x3166,0x0966,09,40,3,0x00BB10,0x299,0x00BDA9,0x0167,37,03,34,OK
0x3165,0x0965,09,40,3,0x00BB10,0x29A,0x00BDAA,0x0166,37,FC,2C,OK
0x3164,0x0964,09,40,3,0x00BB10,0x29B,0x00BDAB,0x0165,37,0F,3E,OK
0x3163,0x0963,09,40,3,0x00BB10,0x29C,0x00BDAC,0x0164,37,F8,26,OK
0x3162,0x0962,09,40,3,0x00BB10,0x29D,0x00BDAD,0x0163,37,0A,37,OK
0x3161,0x0961,09,40,3,0x00BB10,0x29E,0x00BDAE,0x0162,37,0F,3B,OK
0x3160,0x0960,09,40,3,0x00BB10,0x29F,0x00BDAF,0x0161,37,0A,35,OK
0x315F,0x095F,09,40,3,0x00BB10,0x2A0,0x00BDB0,0x0160,37,E0,0A,OK
0x315E,0x095E,09,40,3,0x00BB10,0x2A1,0x00BDB1,0x015F,37,0B,34,OK
0x315D,0x095D,09,40,3,0x00BB10,0x2A2,0x00BDB2,0x015E,37,3F,67,OK
0x315C,0x095C,09,40,3,0x00BB10,0x2A3,0x00BDB3,0x015D,37,93,BA,OK
0x315B,0x095B,09,40,3,0x00BB10,0x2A4,0x00BDB4,0x015C,37,03,29,OK
0x315A,0x095A,09,40,3,0x00BB10,0x2A5,0x00BDB5,0x015B,37,8E,B3,OK
0x3159,0x0959,09,40,3,0x00BB10,0x2A6,0x00BDB6,0x015A,37,03,27,OK
0x3158,0x0958,09,40,3,0x00BB10,0x2A7,0x00BDB7,0x0159,37,F0,13,OK
0x3157,0x0957,09,40,3,0x00BB10,0x2A8,0x00BDB8,0x0158,37,FF,21,OK
0x3156,0x0956,09,40,3,0x00BB10,0x2A9,0x00BDB9,0x0157,37,06,27,OK
0x3155,0x0955,09,40,3,0x00BB10,0x2AA,0x00BDBA,0x0156,37,09,29,OK
0x3154,0x0954,09,40,3,0x00BB10,0x2AB,0x00BDBB,0x0155,37,E0,FF,OK
0x3153,0x0953,09,40,3,0x00BB10,0x2AC,0x00BDBC,0x0154,37,0B,29,OK
0x3152,0x0952,09,40,3,0x00BB10,0x2AD,0x00BDBD,0x0153,37,0F,2C,OK
0x3151,0x0951,09,40,3,0x00BB10,0x2AE,0x00BDBE,0x0152,37,00,1C,OK
0x3150,0x0950,09,40,3,0x00BB10,0x2AF,0x00BDBF,0x0151,37,05,20,OK
0x314F,0x094F,09,40,3,0x00BB10,0x2B0,0x00BDC0,0x0150,37,0B,25,OK
0x314E,0x094E,09,40,3,0x00BB10,0x2B1,0x00BDC1,0x014F,37,0F,28,OK
0x314D,0x094D,09,40,3,0x00BB10,0x2B2,0x00BDC2,0x014E,37,09,21,OK
0x314C,0x094C,09,40,3,0x00BB10,0x2B3,0x00BDC3,0x014D,37,C0,D7,OK
0x314B,0x094B,09,40,3,0x00BB10,0x2B4,0x00BDC4,0x014C,37,0B,21,OK
0x314A,0x094A,09,40,3,0x00BB10,0x2B5,0x00BDC5,0x014B,37,01,16,OK
0x3149,0x0949,09,40,3,0x00BB10,0x2B6,0x00BDC6,0x014A,37,00,14,OK
0x3148,0x0948,09,40,3,0x00BB10,0x2B7,0x00BDC7,0x0149,37,0B,1E,OK
0x3147,0x0947,09,40,3,0x00BB10,0x2B8,0x00BDC8,0x0148,37,03,15,OK
0x3146,0x0946,09,40,3,0x00BB10,0x2B9,0x00BDC9,0x0147,37,0A,1B,OK
0x3145,0x0945,09,40,3,0x00BB10,0x2BA,0x00BDCA,0x0146,37,1F,2F,OK
0x3144,0x0944,09,40,3,0x00BB10,0x2BB,0x00BDCB,0x0145,37,0B,1A,OK
0x3143,0x0943,09,40,3,0x00BB10,0x2BC,0x00BDCC,0x0144,37,C0,CE,OK
0x3142,0x0942,09,40,3,0x00BB10,0x2BD,0x00BDCD,0x0143,37,0B,18,OK
0x3141,0x0941,09,40,3,0x00BB10,0x2BE,0x00BDCE,0x0142,37,07,13,OK
0x3140,0x0940,09,40,3,0x00BB10,0x2BF,0x00BDCF,0x0141,37,04,0F,OK
0x313F,0x093F,09,40,3,0x00BB10,0x2C0,0x00BDD0,0x0140,37,8E,98,OK
0x313E,0x093E,09,40,3,0x00BB10,0x2C1,0x00BDD1,0x013F,37,03,0C,OK
0x313D,0x093D,09,40,3,0x00BB10,0x2C2,0x00BDD2,0x013E,37,89,91,OK
0x313C,0x093C,09,40,3,0x00BB10,0x2C3,0x00BDD3,0x013D,37,03,0A,OK
0x313B,0x093B,09,40,3,0x00BB10,0x2C4,0x00BDD4,0x013C,37,C0,C6,OK
0x313A,0x093A,09,40,3,0x00BB10,0x2C5,0x00BDD5,0x013B,37,0B,10,OK
0x3139,0x0939,09,40,3,0x00BB10,0x2C6,0x00BDD6,0x013A,37,07,0B,OK
0x3138,0x0938,09,40,3,0x00BB10,0x2C7,0x00BDD7,0x0139,37,04,07,OK
0x3137,0x0937,09,40,3,0x00BB10,0x2C8,0x00BDD8,0x0138,37,09,0B,OK
0x3136,0x0936,09,40,3,0x00BB10,0x2C9,0x00BDD9,0x0137,37,80,81,OK
0x3135,0x0935,09,40,3,0x00BB10,0x2CA,0x00BDDA,0x0136,37,FF,FF,OK
0x3134,0x0934,09,40,3,0x00BB10,0x2CB,0x00BDDB,0x0135,37,05,04,OK
0x3133,0x0933,09,40,3,0x00BB10,0x2CC,0x00BDDC,0x0134,37,07,05,OK
0x3132,0x0932,09,40,3,0x00BB10,0x2CD,0x00BDDD,0x0133,37,04,01,OK
0x3131,0x0931,09,40,3,0x00BB10,0x2CE,0x00BDDE,0x0132,37,0B,07,OK
0x3130,0x0930,09,40,3,0x00BB10,0x2CF,0x00BDDF,0x0131,37,F8,F3,OK
0x312F,0x092F,09,40,3,0x00BB10,0x2D0,0x00BDE0,0x0130,37,FF,F9,OK
0x312E,0x092E,09,40,3,0x00BB10,0x2D1,0x00BDE1,0x012F,37,05,FE,OK
0x312D,0x092D,09,40,3,0x00BB10,0x2D2,0x00BDE2,0x012E,37,0B,03,OK
0x312C,0x092C,09,40,3,0x00BB10,0x2D3,0x00BDE3,0x012D,37,F0,E7,OK
0x312B,0x092B,09,40,3,0x00BB10,0x2D4,0x00BDE4,0x012C,37,09,FF,OK
0x312A,0x092A,09,40,3,0x00BB10,0x2D5,0x00BDE5,0x012B,37,3F,34,OK
0x3129,0x0929,09,40,3,0x00BB10,0x2D6,0x00BDE6,0x012A,37,00,F4,OK
0x3128,0x0928,09,40,3,0x00BB10,0x2D7,0x00BDE7,0x0129,37,09,FC,OK
0x3127,0x0927,09,40,3,0x00BB10,0x2D8,0x00BDE8,0x0128,37,03,F5,OK
0x3126,0x0926,09,40,3,0x00BB10,0x2D9,0x00BDE9,0x0127,37,FE,EF,OK
0x3125,0x0925,09,40,3,0x00BB10,0x2DA,0x00BDEA,0x0126,37,07,F7,OK
0x3124,0x0924,09,40,3,0x00BB10,0x2DB,0x00BDEB,0x0125,37,04,F3,OK
0x3123,0x0923,09,40,3,0x00BB10,0x2DC,0x00BDEC,0x0124,37,F0,DE,OK
0x3122,0x0922,09,40,3,0x00BB10,0x2DD,0x00BDED,0x0123,37,0A,F7,OK
0x3121,0x0921,09,40,3,0x00BB10,0x2DE,0x00BDEE,0x0122,37,0F,FB,OK
0x3120,0x0920,09,40,3,0x00BB10,0x2DF,0x00BDEF,0x0121,37,0A,F5,OK
0x311F,0x091F,09,40,3,0x00BB10,0x2E0,0x00BDF0,0x0120,37,F0,DA,OK
0x311E,0x091E,09,40,3,0x00BB10,0x2E1,0x00BDF1,0x011F,37,0B,F4,OK
0x311D,0x091D,09,40,3,0x00BB10,0x2E2,0x00BDF2,0x011E,37,3F,27,OK
0x311C,0x091C,09,40,3,0x00BB10,0x2E3,0x00BDF3,0x011D,37,93,7A,OK
0x311B,0x091B,09,40,3,0x00BB10,0x2E4,0x00BDF4,0x011C,37,03,E9,OK
0x311A,0x091A,09,40,3,0x00BB10,0x2E5,0x00BDF5,0x011B,37,8E,73,OK
0x3119,0x0919,09,40,3,0x00BB10,0x2E6,0x00BDF6,0x011A,37,03,E7,OK
0x3118,0x0918,09,40,3,0x00BB10,0x2E7,0x00BDF7,0x0119,37,F8,DB,OK
0x3117,0x0917,09,40,3,0x00BB10,0x2E8,0x00BDF8,0x0118,37,09,EB,OK
0x3116,0x0916,09,40,3,0x00BB10,0x2E9,0x00BDF9,0x0117,37,7F,60,OK
0x3115,0x0915,09,40,3,0x00BB10,0x2EA,0x00BDFA,0x0116,37,00,E0,OK
0x3114,0x0914,09,40,3,0x00BB10,0x2EB,0x00BDFB,0x0115,37,05,E4,OK
0x3113,0x0913,09,40,3,0x00BB10,0x2EC,0x00BDFC,0x0114,37,F8,D6,OK
0x3112,0x0912,09,40,3,0x00BB10,0x2ED,0x00BDFD,0x0113,37,0B,E8,OK
0x3111,0x0911,09,40,3,0x00BB10,0x2EE,0x00BDFE,0x0112,37,07,E3,OK
0x3110,0x0910,09,40,3,0x00BB10,0x2EF,0x00BDFF,0x0111,37,04,DF,OK
0x310F,0x090F,09,40,3,0x00BB10,0x2F0,0x00BE00,0x0110,37,00,DA,OK
0x310E,0x090E,09,40,3,0x00BB10,0x2F1,0x00BE01,0x010F,37,05,DE,OK
0x310D,0x090D,09,40,3,0x00BB10,0x2F2,0x00BE02,0x010E,37,0B,E3,OK
0x310C,0x090C,09,40,3,0x00BB10,0x2F3,0x00BE03,0x010D,37,0F,E6,OK
0x310B,0x090B,09,40,3,0x00BB10,0x2F4,0x00BE04,0x010C,37,09,DF,OK
0x310A,0x090A,09,40,3,0x00BB10,0x2F5,0x00BE05,0x010B,37,C0,95,OK
0x3109,0x0909,09,40,3,0x00BB10,0x2F6,0x00BE06,0x010A,37,0B,DF,OK
0x3108,0x0908,09,40,3,0x00BB10,0x2F7,0x00BE07,0x0109,37,01,D4,OK
0x3107,0x0907,09,40,3,0x00BB10,0x2F8,0x00BE08,0x0108,37,8A,5C,OK
0x3106,0x0906,09,40,3,0x00BB10,0x2F9,0x00BE09,0x0107,37,03,D4,OK
0x3105,0x0905,09,40,3,0x00BB10,0x2FA,0x00BE0A,0x0106,37,80,50,OK
0x3104,0x0904,09,40,3,0x00BB10,0x2FB,0x00BE0B,0x0105,37,0A,D9,OK
0x3103,0x0903,09,40,3,0x00BB10,0x2FC,0x00BE0C,0x0104,37,0F,DD,OK
0x3102,0x0902,09,40,3,0x00BB10,0x2FD,0x00BE0D,0x0103,37,0B,D8,OK
0x3101,0x0901,09,40,3,0x00BB10,0x2FE,0x00BE0E,0x0102,37,C0,8C,OK
0x3100,0x0900,09,40,3,0x00BB10,0x2FF,0x00BE0F,0x0101,37,0B,D6,OK
0x30FF,0x08FF,09,40,3,0x00BB10,0x300,0x00BE10,0x0100,37,03,CD,OK
0x30FE,0x08FE,09,40,3,0x00BB10,0x301,0x00BE11,0x00FF,37,04,CC,OK
0x30FD,0x08FD,09,40,3,0x00BB10,0x302,0x00BE12,0x00FE,37,8E,55,OK
0x30FC,0x08FC,09,40,3,0x00BB10,0x303,0x00BE13,0x00FD,37,03,C9,OK
0x30FB,0x08FB,09,40,3,0x00BB10,0x304,0x00BE14,0x00FC,37,89,4E,OK
0x30FA,0x08FA,09,40,3,0x00BB10,0x305,0x00BE15,0x00FB,37,03,C7,OK
0x30F9,0x08F9,09,40,3,0x00BB10,0x306,0x00BE16,0x00FA,37,E0,A3,OK
0x30F8,0x08F8,09,40,3,0x00BB10,0x307,0x00BE17,0x00F9,37,0B,CD,OK
0x30F7,0x08F7,09,40,3,0x00BB10,0x308,0x00BE18,0x00F8,37,07,C8,OK
0x30F6,0x08F6,09,40,3,0x00BB10,0x309,0x00BE19,0x00F7,37,04,C4,OK
0x30F5,0x08F5,09,40,3,0x00BB10,0x30A,0x00BE1A,0x00F6,37,09,C8,OK
0x30F4,0x08F4,09,40,3,0x00BB10,0x30B,0x00BE1B,0x00F5,37,80,3E,OK
0x30F3,0x08F3,09,40,3,0x00BB10,0x30C,0x00BE1C,0x00F4,37,FF,BC,OK
0x30F2,0x08F2,09,40,3,0x00BB10,0x30D,0x00BE1D,0x00F3,37,03,BF,OK
0x30F1,0x08F1,09,40,3,0x00BB10,0x30E,0x00BE1E,0x00F2,37,04,BF,OK
0x30F0,0x08F0,09,40,3,0x00BB10,0x30F,0x00BE1F,0x00F1,37,0C,C6,OK
0x30EF,0x08EF,09,40,3,0x00BB10,0x310,0x00BE20,0x00F0,37,F8,B1,OK
0x30EE,0x08EE,09,40,3,0x00BB10,0x311,0x00BE21,0x00EF,37,FF,B7,OK
0x30ED,0x08ED,09,40,3,0x00BB10,0x312,0x00BE22,0x00EE,37,3F,F6,OK
0x30EC,0x08EC,09,40,3,0x00BB10,0x313,0x00BE23,0x00ED,37,0B,C1,OK
0x30EB,0x08EB,09,40,3,0x00BB10,0x314,0x00BE24,0x00EC,37,F8,AD,OK
0x30EA,0x08EA,09,40,3,0x00BB10,0x315,0x00BE25,0x00EB,37,09,BD,OK
0x30E9,0x08E9,09,40,3,0x00BB10,0x316,0x00BE26,0x00EA,37,1F,D2,OK
0x30E8,0x08E8,09,40,3,0x00BB10,0x317,0x00BE27,0x00E9,37,88,3A,OK
0x30E7,0x08E7,09,40,3,0x00BB10,0x318,0x00BE28,0x00E8,37,03,B4,OK
0x30E6,0x08E6,09,40,3,0x00BB10,0x319,0x00BE29,0x00E7,37,80,30,OK
0x30E5,0x08E5,09,40,3,0x00BB10,0x31A,0x00BE2A,0x00E6,37,FF,AE,OK
0x30E4,0x08E4,09,40,3,0x00BB10,0x31B,0x00BE2B,0x00E5,37,03,B1,OK
0x30E3,0x08E3,09,40,3,0x00BB10,0x31C,0x00BE2C,0x00E4,37,04,B1,OK
0x30E2,0x08E2,09,40,3,0x00BB10,0x31D,0x00BE2D,0x00E3,37,F0,9C,OK
0x30E1,0x08E1,09,40,3,0x00BB10,0x31E,0x00BE2E,0x00E2,37,0A,B5,OK
0x30E0,0x08E0,09,40,3,0x00BB10,0x31F,0x00BE2F,0x00E1,37,3F,E9,OK
0x30DF,0x08DF,09,40,3,0x00BB10,0x320,0x00BE30,0x00E0,37,0A,B3,OK
0x30DE,0x08DE,09,40,3,0x00BB10,0x321,0x00BE31,0x00DF,37,F8,A0,OK
0x30DD,0x08DD,09,40,3,0x00BB10,0x322,0x00BE32,0x00DE,37,0B,B2,OK
0x30DC,0x08DC,09,40,3,0x00BB10,0x323,0x00BE33,0x00DD,37,3F,E5,OK
0x30DB,0x08DB,09,40,3,0x00BB10,0x324,0x00BE34,0x00DC,37,93,38,OK
0x30DA,0x08DA,09,40,3,0x00BB10,0x325,0x00BE35,0x00DB,37,03,A7,OK
0x30D9,0x08D9,09,40,3,0x00BB10,0x326,0x00BE36,0x00DA,37,8E,31,OK
0x30D8,0x08D8,09,40,3,0x00BB10,0x327,0x00BE37,0x00D9,37,03,A5,OK
0x30D7,0x08D7,09,40,3,0x00BB10,0x328,0x00BE38,0x00D8,37,F8,99,OK
0x30D6,0x08D6,09,40,3,0x00BB10,0x329,0x00BE39,0x00D7,37,09,A9,OK
0x30D5,0x08D5,09,40,3,0x00BB10,0x32A,0x00BE3A,0x00D6,37,7F,1E,OK
0x30D4,0x08D4,09,40,3,0x00BB10,0x32B,0x00BE3B,0x00D5,37,00,9E,OK
0x30D3,0x08D3,09,40,3,0x00BB10,0x32C,0x00BE3C,0x00D4,37,05,A2,OK
0x30D2,0x08D2,09,40,3,0x00BB10,0x32D,0x00BE3D,0x00D3,37,0C,A8,OK
0x30D1,0x08D1,09,40,3,0x00BB10,0x32E,0x00BE3E,0x00D2,37,07,A2,OK
0x30D0,0x08D0,09,40,3,0x00BB10,0x32F,0x00BE3F,0x00D1,37,04,9E,OK
0x30CF,0x08CF,09,40,3,0x00BB10,0x330,0x00BE40,0x00D0,37,00,99,OK
0x30CE,0x08CE,09,40,3,0x00BB10,0x331,0x00BE41,0x00CF,37,C0,58,OK
0x30CD,0x08CD,09,40,3,0x00BB10,0x332,0x00BE42,0x00CE,37,0B,A2,OK
0x30CC,0x08CC,09,40,3,0x00BB10,0x333,0x00BE43,0x00CD,37,07,9D,OK
0x30CB,0x08CB,09,40,3,0x00BB10,0x334,0x00BE44,0x00CC,37,04,99,OK
0x30CA,0x08CA,09,40,3,0x00BB10,0x335,0x00BE45,0x00CB,37,09,9D,OK
0x30C9,0x08C9,09,40,3,0x00BB10,0x336,0x00BE46,0x00CA,37,E0,73,OK
0x30C8,0x08C8,09,40,3,0x00BB10,0x337,0x00BE47,0x00C9,37,FF,91,OK
0x30C7,0x08C7,09,40,3,0x00BB10,0x338,0x00BE48,0x00C8,37,07,98,OK
0x30C6,0x08C6,09,40,3,0x00BB10,0x339,0x00BE49,0x00C7,37,8B,1B,OK
0x30C5,0x08C5,09,40,3,0x00BB10,0x33A,0x00BE4A,0x00C6,37,03,92,OK
0x30C4,0x08C4,09,40,3,0x00BB10,0x33B,0x00BE4B,0x00C5,37,C0,4E,OK
0x30C3,0x08C3,09,40,3,0x00BB10,0x33C,0x00BE4C,0x00C4,37,0A,97,OK
0x30C2,0x08C2,09,40,3,0x00BB10,0x33D,0x00BE4D,0x00C3,37,07,93,OK
0x30C1,0x08C1,09,40,3,0x00BB10,0x33E,0x00BE4E,0x00C2,37,04,8F,OK
0x30C0,0x08C0,09,40,3,0x00BB10,0x33F,0x00BE4F,0x00C1,37,0B,95,OK
0x30BF,0x08BF,09,40,3,0x00BB10,0x340,0x00BE50,0x00C0,37,C0,49,OK
0x30BE,0x08BE,09,40,3,0x00BB10,0x341,0x00BE51,0x00BF,37,FF,87,OK
0x30BD,0x08BD,09,40,3,0x00BB10,0x342,0x00BE52,0x00BE,37,07,8E,OK
0x30BC,0x08BC,09,40,3,0x00BB10,0x343,0x00BE53,0x00BD,37,01,87,OK
0x30BB,0x08BB,09,40,3,0x00BB10,0x344,0x00BE54,0x00BC,37,8E,13,OK
0x30BA,0x08BA,09,40,3,0x00BB10,0x345,0x00BE55,0x00BB,37,03,87,OK
0x30B9,0x08B9,09,40,3,0x00BB10,0x346,0x00BE56,0x00BA,37,89,0C,OK
0x30B8,0x08B8,09,40,3,0x00BB10,0x347,0x00BE57,0x00B9,37,03,85,OK
0x30B7,0x08B7,09,40,3,0x00BB10,0x348,0x00BE58,0x00B8,37,FC,7D,OK
0x30B6,0x08B6,09,40,3,0x00BB10,0x349,0x00BE59,0x00B7,37,FF,7F,OK
0x30B5,0x08B5,09,40,3,0x00BB10,0x34A,0x00BE5A,0x00B6,37,07,86,OK
0x30B4,0x08B4,09,40,3,0x00BB10,0x34B,0x00BE5B,0x00B5,37,03,81,OK
0x30B3,0x08B3,09,40,3,0x00BB10,0x34C,0x00BE5C,0x00B4,37,04,81,OK
0x30B2,0x08B2,09,40,3,0x00BB10,0x34D,0x00BE5D,0x00B3,37,09,85,OK
0x30B1,0x08B1,09,40,3,0x00BB10,0x34E,0x00BE5E,0x00B2,37,C0,3B,OK
0x30B0,0x08B0,09,40,3,0x00BB10,0x34F,0x00BE5F,0x00B1,37,01,7B,OK
0x30AF,0x08AF,09,40,3,0x00BB10,0x350,0x00BE60,0x00B0,37,86,FF,OK
0x30AE,0x08AE,09,40,3,0x00BB10,0x351,0x00BE61,0x00AF,37,03,7B,OK
0x30AD,0x08AD,09,40,3,0x00BB10,0x352,0x00BE62,0x00AE,37,FC,73,OK
0x30AC,0x08AC,09,40,3,0x00BB10,0x353,0x00BE63,0x00AD,37,FF,75,OK
0x30AB,0x08AB,09,40,3,0x00BB10,0x354,0x00BE64,0x00AC,37,3F,B4,OK
0x30AA,0x08AA,09,40,3,0x00BB10,0x355,0x00BE65,0x00AB,37,0B,7F,OK
0x30A9,0x08A9,09,40,3,0x00BB10,0x356,0x00BE66,0x00AA,37,FC,6F,OK
0x30A8,0x08A8,09,40,3,0x00BB10,0x357,0x00BE67,0x00A9,37,09,7B,OK
0x30A7,0x08A7,09,40,3,0x00BB10,0x358,0x00BE68,0x00A8,37,1F,90,OK
0x30A6,0x08A6,09,40,3,0x00BB10,0x359,0x00BE69,0x00A7,37,0C,7C,OK
0x30A5,0x08A5,09,40,3,0x00BB10,0x35A,0x00BE6A,0x00A6,37,C0,2F,OK
0x30A4,0x08A4,09,40,3,0x00BB10,0x35B,0x00BE6B,0x00A5,37,0F,7D,OK
0x30A3,0x08A3,09,40,3,0x00BB10,0x35C,0x00BE6C,0x00A4,37,00,6D,OK
0x30A2,0x08A2,09,40,3,0x00BB10,0x35D,0x00BE6D,0x00A3,37,E0,4C,OK
0x30A1,0x08A1,09,40,3,0x00BB10,0x35E,0x00BE6E,0x00A2,37,FF,6A,OK
0x30A0,0x08A0,09,40,3,0x00BB10,0x35F,0x00BE6F,0x00A1,37,01,6B,OK
0x309F,0x089F,09,40,3,0x00BB10,0x360,0x00BE70,0x00A0,37,E0,49,OK
0x309E,0x089E,09,40,3,0x00BB10,0x361,0x00BE71,0x009F,37,0A,72,OK
0x309D,0x089D,09,40,3,0x00BB10,0x362,0x00BE72,0x009E,37,0F,76,OK
0x309C,0x089C,09,40,3,0x00BB10,0x363,0x00BE73,0x009D,37,0A,70,OK
0x309B,0x089B,09,40,3,0x00BB10,0x364,0x00BE74,0x009C,37,FC,61,OK
0x309A,0x089A,09,40,3,0x00BB10,0x365,0x00BE75,0x009B,37,0B,6F,OK
0x3099,0x0899,09,40,3,0x00BB10,0x366,0x00BE76,0x009A,37,1F,82,OK
0x3098,0x0898,09,40,3,0x00BB10,0x367,0x00BE77,0x0099,37,93,F5,OK
0x3097,0x0897,09,40,3,0x00BB10,0x368,0x00BE78,0x0098,37,03,64,OK
0x3096,0x0896,09,40,3,0x00BB10,0x369,0x00BE79,0x0097,37,00,60,OK
0x3095,0x0895,09,40,3,0x00BB10,0x36A,0x00BE7A,0x0096,37,0E,6D,OK
0x3094,0x0894,09,40,3,0x00BB10,0x36B,0x00BE7B,0x0095,37,03,61,OK
0x3093,0x0893,09,40,3,0x00BB10,0x36C,0x00BE7C,0x0094,37,FC,59,OK
0x3092,0x0892,09,40,3,0x00BB10,0x36D,0x00BE7D,0x0093,37,09,65,OK
0x3091,0x0891,09,40,3,0x00BB10,0x36E,0x00BE7E,0x0092,37,3F,9A,OK
0x3090,0x0890,09,40,3,0x00BB10,0x36F,0x00BE7F,0x0091,37,00,5A,OK
0x308F,0x088F,09,40,3,0x00BB10,0x370,0x00BE80,0x0090,37,C0,19,OK
0x308E,0x088E,09,40,3,0x00BB10,0x371,0x00BE81,0x008F,37,0C,64,OK
0x308D,0x088D,09,40,3,0x00BB10,0x372,0x00BE82,0x008E,37,03,5A,OK
0x308C,0x088C,09,40,3,0x00BB10,0x373,0x00BE83,0x008D,37,04,5A,OK
0x308B,0x088B,09,40,3,0x00BB10,0x374,0x00BE84,0x008C,37,00,55,OK
0x308A,0x088A,09,40,3,0x00BB10,0x375,0x00BE85,0x008B,37,C0,14,OK
0x3089,0x0889,09,40,3,0x00BB10,0x376,0x00BE86,0x008A,37,0B,5E,OK
0x3088,0x0888,09,40,3,0x00BB10,0x377,0x00BE87,0x0089,37,03,55,OK
0x3087,0x0887,09,40,3,0x00BB10,0x378,0x00BE88,0x0088,37,04,55,OK
0x3086,0x0886,09,40,3,0x00BB10,0x379,0x00BE89,0x0087,37,09,59,OK
0x3085,0x0885,09,40,3,0x00BB10,0x37A,0x00BE8A,0x0086,37,E0,2F,OK
0x3084,0x0884,09,40,3,0x00BB10,0x37B,0x00BE8B,0x0085,37,FF,4D,OK
0x3083,0x0883,09,40,3,0x00BB10,0x37C,0x00BE8C,0x0084,37,07,54,OK
0x3082,0x0882,09,40,3,0x00BB10,0x37D,0x00BE8D,0x0083,37,8B,D7,OK
0x3081,0x0881,09,40,3,0x00BB10,0x37E,0x00BE8E,0x0082,37,03,4E,OK
0x3080,0x0880,09,40,3,0x00BB10,0x37F,0x00BE8F,0x0081,37,F0,3A,OK
0x307F,0x087F,09,40,3,0x00BB10,0x380,0x00BE90,0x0080,37,0A,53,OK
0x307E,0x087E,09,40,3,0x00BB10,0x381,0x00BE91,0x007F,37,03,4B,OK
0x307D,0x087D,09,40,3,0x00BB10,0x382,0x00BE92,0x007E,37,04,4B,OK
0x307C,0x087C,09,40,3,0x00BB10,0x383,0x00BE93,0x007D,37,0B,51,OK
0x307B,0x087B,09,40,3,0x00BB10,0x384,0x00BE94,0x007C,37,E0,25,OK
0x307A,0x087A,09,40,3,0x00BB10,0x385,0x00BE95,0x007B,37,FF,43,OK
0x3079,0x0879,09,40,3,0x00BB10,0x386,0x00BE96,0x007A,37,07,4A,OK
0x3078,0x0878,09,40,3,0x00BB10,0x387,0x00BE97,0x0079,37,8F,D1,OK
0x3077,0x0877,09,40,3,0x00BB10,0x388,0x00BE98,0x0078,37,03,44,OK
0x3076,0x0876,09,40,3,0x00BB10,0x389,0x00BE99,0x0077,37,00,40,OK
0x3075,0x0875,09,40,3,0x00BB10,0x38A,0x00BE9A,0x0076,37,09,48,OK
0x3074,0x0874,09,40,3,0x00BB10,0x38B,0x00BE9B,0x0075,37,03,41,OK
0x3073,0x0873,09,40,3,0x00BB10,0x38C,0x00BE9C,0x0074,37,FE,3B,OK
0x3072,0x0872,09,40,3,0x00BB10,0x38D,0x00BE9D,0x0073,37,FF,3B,OK
0x3071,0x0871,09,40,3,0x00BB10,0x38E,0x00BE9E,0x0072,37,07,42,OK
0x3070,0x0870,09,40,3,0x00BB10,0x38F,0x00BE9F,0x0071,37,01,3B,OK
0x306F,0x086F,09,40,3,0x00BB10,0x390,0x00BEA0,0x0070,37,8A,C3,OK
0x306E,0x086E,09,40,3,0x00BB10,0x391,0x00BEA1,0x006F,37,03,3B,OK
0x306D,0x086D,09,40,3,0x00BB10,0x392,0x00BEA2,0x006E,37,FC,33,OK
0x306C,0x086C,09,40,3,0x00BB10,0x393,0x00BEA3,0x006D,37,FF,35,OK
0x306B,0x086B,09,40,3,0x00BB10,0x394,0x00BEA4,0x006C,37,1F,54,OK
0x306A,0x086A,09,40,3,0x00BB10,0x395,0x00BEA5,0x006B,37,0B,3F,OK
0x3069,0x0869,09,40,3,0x00BB10,0x396,0x00BEA6,0x006A,37,FC,2F,OK
0x3068,0x0868,09,40,3,0x00BB10,0x397,0x00BEA7,0x0069,37,09,3B,OK
0x3067,0x0867,09,40,3,0x00BB10,0x398,0x00BEA8,0x0068,37,1F,50,OK
0x3066,0x0866,09,40,3,0x00BB10,0x399,0x00BEA9,0x0067,37,0C,3C,OK
0x3065,0x0865,09,40,3,0x00BB10,0x39A,0x00BEAA,0x0066,37,E0,0F,OK
0x3064,0x0864,09,40,3,0x00BB10,0x39B,0x00BEAB,0x0065,37,1F,4D,OK
0x3063,0x0863,09,40,3,0x00BB10,0x39C,0x00BEAC,0x0064,37,00,2D,OK
0x3062,0x0862,09,40,3,0x00BB10,0x39D,0x00BEAD,0x0063,37,F8,24,OK
0x3061,0x0861,09,40,3,0x00BB10,0x39E,0x00BEAE,0x0062,37,FF,2A,OK
0x3060,0x0860,09,40,3,0x00BB10,0x39F,0x00BEAF,0x0061,37,01,2B,OK
0x305F,0x085F,09,40,3,0x00BB10,0x3A0,0x00BEB0,0x0060,37,E0,09,OK
0x305E,0x085E,09,40,3,0x00BB10,0x3A1,0x00BEB1,0x005F,37,0A,32,OK
0x305D,0x085D,09,40,3,0x00BB10,0x3A2,0x00BEB2,0x005E,37,07,2E,OK
0x305C,0x085C,09,40,3,0x00BB10,0x3A3,0x00BEB3,0x005D,37,04,2A,OK
0x305B,0x085B,09,40,3,0x00BB10,0x3A4,0x00BEB4,0x005C,37,0A,2F,OK
0x305A,0x085A,09,40,3,0x00BB10,0x3A5,0x00BEB5,0x005B,37,FE,22,OK
0x3059,0x0859,09,40,3,0x00BB10,0x3A6,0x00BEB6,0x005A,37,0B,2E,OK
0x3058,0x0858,09,40,3,0x00BB10,0x3A7,0x00BEB7,0x0059,37,0F,31,OK
0x3057,0x0857,09,40,3,0x00BB10,0x3A8,0x00BEB8,0x0058,37,93,B4,OK
0x3056,0x0856,09,40,3,0x00BB10,0x3A9,0x00BEB9,0x0057,37,03,23,OK
0x3055,0x0855,09,40,3,0x00BB10,0x3AA,0x00BEBA,0x0056,37,00,1F,OK
0x3054,0x0854,09,40,3,0x00BB10,0x3AB,0x00BEBB,0x0055,37,0E,2C,OK
0x3053,0x0853,09,40,3,0x00BB10,0x3AC,0x00BEBC,0x0054,37,03,20,OK
0x3052,0x0852,09,40,3,0x00BB10,0x3AD,0x00BEBD,0x0053,37,FE,1A,OK
0x3051,0x0851,09,40,3,0x00BB10,0x3AE,0x00BEBE,0x0052,37,09,24,OK
0x3050,0x0850,09,40,3,0x00BB10,0x3AF,0x00BEBF,0x0051,37,1F,39,OK
0x304F,0x084F,09,40,3,0x00BB10,0x3B0,0x00BEC0,0x0050,37,00,19,OK
0x304E,0x084E,09,40,3,0x00BB10,0x3B1,0x00BEC1,0x004F,37,FE,16,OK
0x304D,0x084D,09,40,3,0x00BB10,0x3B2,0x00BEC2,0x004E,37,0C,23,OK
0x304C,0x084C,09,40,3,0x00BB10,0x3B3,0x00BEC3,0x004D,37,03,19,OK
0x304B,0x084B,09,40,3,0x00BB10,0x3B4,0x00BEC4,0x004C,37,04,19,OK
0x304A,0x084A,09,40,3,0x00BB10,0x3B5,0x00BEC5,0x004B,37,00,14,OK
0x3049,0x0849,09,40,3,0x00BB10,0x3B6,0x00BEC6,0x004A,37,E0,F3,OK
0x3048,0x0848,09,40,3,0x00BB10,0x3B7,0x00BEC7,0x0049,37,0B,1D,OK
0x3047,0x0847,09,40,3,0x00BB10,0x3B8,0x00BEC8,0x0048,37,03,14,OK
0x3046,0x0846,09,40,3,0x00BB10,0x3B9,0x00BEC9,0x0047,37,04,14,OK
0x3045,0x0845,09,40,3,0x00BB10,0x3BA,0x00BECA,0x0046,37,09,18,OK
0x3044,0x0844,09,40,3,0x00BB10,0x3BB,0x00BECB,0x0045,37,E0,EE,OK
0x3043,0x0843,09,40,3,0x00BB10,0x3BC,0x00BECC,0x0044,37,0A,17,OK
0x3042,0x0842,09,40,3,0x00BB10,0x3BD,0x00BECD,0x0043,37,7F,8B,OK
0x3041,0x0841,09,40,3,0x00BB10,0x3BE,0x00BECE,0x0042,37,8B,96,OK
0x3040,0x0840,09,40,3,0x00BB10,0x3BF,0x00BECF,0x0041,37,03,0D,OK
0x303F,0x083F,09,40,3,0x00BB10,0x3C0,0x00BED0,0x0040,37,F8,01,OK
0x303E,0x083E,09,40,3,0x00BB10,0x3C1,0x00BED1,0x003F,37,0A,12,OK
0x303D,0x083D,09,40,3,0x00BB10,0x3C2,0x00BED2,0x003E,37,01,08,OK
0x303C,0x083C,09,40,3,0x00BB10,0x3C3,0x00BED3,0x003D,37,0B,11,OK
0x303B,0x083B,09,40,3,0x00BB10,0x3C4,0x00BED4,0x003C,37,F0,F5,OK
0x303A,0x083A,09,40,3,0x00BB10,0x3C5,0x00BED5,0x003B,37,0A,0E,OK
0x3039,0x0839,09,40,3,0x00BB10,0x3C6,0x00BED6,0x003A,37,7F,82,OK
0x3038,0x0838,09,40,3,0x00BB10,0x3C7,0x00BED7,0x0039,37,8F,91,OK
0x3037,0x0837,09,40,3,0x00BB10,0x3C8,0x00BED8,0x0038,37,03,04,OK
0x3036,0x0836,09,40,3,0x00BB10,0x3C9,0x00BED9,0x0037,37,00,00,OK
0x3035,0x0835,09,40,3,0x00BB10,0x3CA,0x00BEDA,0x0036,37,09,08,OK
0x3034,0x0834,09,40,3,0x00BB10,0x3CB,0x00BEDB,0x0035,37,03,01,OK
0x3033,0x0833,09,40,3,0x00BB10,0x3CC,0x00BEDC,0x0034,37,0B,08,OK
0x3032,0x0832,09,40,3,0x00BB10,0x3CD,0x00BEDD,0x0033,37,3F,3B,OK
0x3031,0x0831,09,40,3,0x00BB10,0x3CE,0x00BEDE,0x0032,37,00,FB,OK
0x3030,0x0830,09,40,3,0x00BB10,0x3CF,0x00BEDF,0x0031,37,0B,05,OK
0x302F,0x082F,09,40,3,0x00BB10,0x3D0,0x00BEE0,0x0030,37,03,FC,OK
0x302E,0x082E,09,40,3,0x00BB10,0x3D1,0x00BEE1,0x002F,37,FE,F6,OK
0x302D,0x082D,09,40,3,0x00BB10,0x3D2,0x00BEE2,0x002E,37,FF,F6,OK
0x302C,0x082C,09,40,3,0x00BB10,0x3D3,0x00BEE3,0x002D,37,1F,15,OK
0x302B,0x082B,09,40,3,0x00BB10,0x3D4,0x00BEE4,0x002C,37,0B,00,OK
0x302A,0x082A,09,40,3,0x00BB10,0x3D5,0x00BEE5,0x002B,37,FC,F0,OK
0x3029,0x0829,09,40,3,0x00BB10,0x3D6,0x00BEE6,0x002A,37,09,FC,OK
0x3028,0x0828,09,40,3,0x00BB10,0x3D7,0x00BEE7,0x0029,37,0F,01,OK
0x3027,0x0827,09,40,3,0x00BB10,0x3D8,0x00BEE8,0x0028,37,00,F1,OK
0x3026,0x0826,09,40,3,0x00BB10,0x3D9,0x00BEE9,0x0027,37,08,F8,OK
0x3025,0x0825,09,40,3,0x00BB10,0x3DA,0x00BEEA,0x0026,37,F0,DF,OK
0x3024,0x0824,09,40,3,0x00BB10,0x3DB,0x00BEEB,0x0025,37,1F,0D,OK
0x3023,0x0823,09,40,3,0x00BB10,0x3DC,0x00BEEC,0x0024,37,00,ED,OK
0x3022,0x0822,09,40,3,0x00BB10,0x3DD,0x00BEED,0x0023,37,09,F5,OK
0x3021,0x0821,09,40,3,0x00BB10,0x3DE,0x00BEEE,0x0022,37,00,EB,OK
0x3020,0x0820,09,40,3,0x00BB10,0x3DF,0x00BEEF,0x0021,37,E0,CA,OK
0x301F,0x081F,09,40,3,0x00BB10,0x3E0,0x00BEF0,0x0020,37,0A,F3,OK
0x301E,0x081E,09,40,3,0x00BB10,0x3E1,0x00BEF1,0x001F,37,07,EF,OK
0x301D,0x081D,09,40,3,0x00BB10,0x3E2,0x00BEF2,0x001E,37,04,EB,OK
0x301C,0x081C,09,40,3,0x00BB10,0x3E3,0x00BEF3,0x001D,37,0A,F0,OK
0x301B,0x081B,09,40,3,0x00BB10,0x3E4,0x00BEF4,0x001C,37,FE,E3,OK
0x301A,0x081A,09,40,3,0x00BB10,0x3E5,0x00BEF5,0x001B,37,0B,EF,OK
0x3019,0x0819,09,40,3,0x00BB10,0x3E6,0x00BEF6,0x001A,37,07,EA,OK
0x3018,0x0818,09,40,3,0x00BB10,0x3E7,0x00BEF7,0x0019,37,04,E6,OK
0x3017,0x0817,09,40,3,0x00BB10,0x3E8,0x00BEF8,0x0018,37,93,74,OK
0x3016,0x0816,09,40,3,0x00BB10,0x3E9,0x00BEF9,0x0017,37,03,E3,OK
0x3015,0x0815,09,40,3,0x00BB10,0x3EA,0x00BEFA,0x0016,37,8D,6C,OK
0x3014,0x0814,09,40,3,0x00BB10,0x3EB,0x00BEFB,0x0015,37,03,E1,OK
0x3013,0x0813,09,40,3,0x00BB10,0x3EC,0x00BEFC,0x0014,37,C0,9D,OK
0x3012,0x0812,09,40,3,0x00BB10,0x3ED,0x00BEFD,0x0013,37,0A,E6,OK
0x3011,0x0811,09,40,3,0x00BB10,0x3EE,0x00BEFE,0x0012,37,1F,FA,OK
0x3010,0x0810,09,40,3,0x00BB10,0x3EF,0x00BEFF,0x0011,37,00,DA,OK
0x300F,0x080F,09,40,3,0x00BB10,0x3F0,0x00BF00,0x0010,37,FF,D8,OK
0x300E,0x080E,09,40,3,0x00BB10,0x3F1,0x00BF01,0x000F,37,06,DE,OK
0x300D,0x080D,09,40,3,0x00BB10,0x3F2,0x00BF02,0x000E,37,03,DA,OK
0x300C,0x080C,09,40,3,0x00BB10,0x3F3,0x00BF03,0x000D,37,01,D7,OK
0x300B,0x080B,09,40,3,0x00BB10,0x3F4,0x00BF04,0x000C,37,00,D5,OK
0x300A,0x080A,09,40,3,0x00BB10,0x3F5,0x00BF05,0x000B,37,E0,B4,OK
0x3009,0x0809,09,40,3,0x00BB10,0x3F6,0x00BF06,0x000A,37,0B,DE,OK
0x3008,0x0808,09,40,3,0x00BB10,0x3F7,0x00BF07,0x0009,37,03,D5,OK
0x3007,0x0807,09,40,3,0x00BB10,0x3F8,0x00BF08,0x0008,37,04,D5,OK
0x3006,0x0806,09,40,3,0x00BB10,0x3F9,0x00BF09,0x0007,37,09,D9,OK
0x3005,0x0805,09,40,3,0x00BB10,0x3FA,0x00BF0A,0x0006,37,F0,BF,OK
0x3004,0x0804,09,40,3,0x00BB10,0x3FB,0x00BF0B,0x0005,37,0A,D8,OK
0x3003,0x0803,09,40,3,0x00BB10,0x3FC,0x00BF0C,0x0004,37,7F,4C,OK
0x3002,0x0802,09,40,3,0x00BB10,0x3FD,0x00BF0D,0x0003,37,8B,57,OK
0x3001,0x0801,09,40,3,0x00BB10,0x3FE,0x00BF0E,0x0002,37,03,CE,OK
0x3000,0x0800,09,40,3,0x00BB10,0x3FF,0x00BF0F,0x0001,37,F8,C2,OK
0x37FF,0x0FFF,09,40,4,0x00BF20,0x000,0x00BF20,0x0400,37,E0,AD,OK
0x37FE,0x0FFE,09,40,4,0x00BF20,0x001,0x00BF21,0x03FF,37,07,D2,OK
0x37FD,0x0FFD,09,40,4,0x00BF20,0x002,0x00BF22,0x03FE,37,04,CE,OK
0x37FC,0x0FFC,09,40,4,0x00BF20,0x003,0x00BF23,0x03FD,37,0A,D3,OK
0x37FB,0x0FFB,09,40,4,0x00BF20,0x004,0x00BF24,0x03FC,37,80,48,OK
0x37FA,0x0FFA,09,40,4,0x00BF20,0x005,0x00BF25,0x03FB,37,FF,C6,OK
0x37F9,0x0FF9,09,40,4,0x00BF20,0x006,0x00BF26,0x03FA,37,06,CC,OK
0x37F8,0x0FF8,09,40,4,0x00BF20,0x007,0x00BF27,0x03F9,37,01,C6,OK
0x37F7,0x0FF7,09,40,4,0x00BF20,0x008,0x00BF28,0x03F8,37,99,5D,OK
0x37F6,0x0FF6,09,40,4,0x00BF20,0x009,0x00BF29,0x03F7,37,03,C6,OK
0x37F5,0x0FF5,09,40,4,0x00BF20,0x00A,0x00BF2A,0x03F6,37,90,52,OK
0x37F4,0x0FF4,09,40,4,0x00BF20,0x00B,0x00BF2B,0x03F5,37,03,C4,OK
0x37F3,0x0FF3,09,40,4,0x00BF20,0x00C,0x00BF2C,0x03F4,37,F8,B8,OK
0x37F2,0x0FF2,09,40,4,0x00BF20,0x00D,0x00BF2D,0x03F3,37,0A,C9,OK
0x37F1,0x0FF1,09,40,4,0x00BF20,0x00E,0x00BF2E,0x03F2,37,0F,CD,OK
0x37F0,0x0FF0,09,40,4,0x00BF20,0x00F,0x00BF2F,0x03F1,37,89,46,OK
0x37EF,0x0FEF,09,40,4,0x00BF20,0x010,0x00BF30,0x03F0,37,03,BF,OK
0x37EE,0x0FEE,09,40,4,0x00BF20,0x011,0x00BF31,0x03EF,37,FE,B9,OK
0x37ED,0x0FED,09,40,4,0x00BF20,0x012,0x00BF32,0x03EE,37,FF,B9,OK
0x37EC,0x0FEC,09,40,4,0x00BF20,0x013,0x00BF33,0x03ED,37,08,C1,OK
0x37EB,0x0FEB,09,40,4,0x00BF20,0x014,0x00BF34,0x03EC,37,01,B9,OK
0x37EA,0x0FEA,09,40,4,0x00BF20,0x015,0x00BF35,0x03EB,37,86,3D,OK
0x37E9,0x0FE9,09,40,4,0x00BF20,0x016,0x00BF36,0x03EA,37,03,B9,OK
0x37E8,0x0FE8,09,40,4,0x00BF20,0x017,0x00BF37,0x03E9,37,F0,A5,OK
0x37E7,0x0FE7,09,40,4,0x00BF20,0x018,0x00BF38,0x03E8,37,FF,B3,OK
0x37E6,0x0FE6,09,40,4,0x00BF20,0x019,0x00BF39,0x03E7,37,1F,D2,OK
0x37E5,0x0FE5,09,40,4,0x00BF20,0x01A,0x00BF3A,0x03E6,37,F8,AA,OK
0x37E4,0x0FE4,09,40,4,0x00BF20,0x01B,0x00BF3B,0x03E5,37,FF,B0,OK
0x37E3,0x0FE3,09,40,4,0x00BF20,0x01C,0x00BF3C,0x03E4,37,7F,2F,OK
0x37E2,0x0FE2,09,40,4,0x00BF20,0x01D,0x00BF3D,0x03E3,37,F0,9F,OK
0x37E1,0x0FE1,09,40,4,0x00BF20,0x01E,0x00BF3E,0x03E2,37,7F,2D,OK
0x37E0,0x0FE0,09,40,4,0x00BF20,0x01F,0x00BF3F,0x03E1,37,0A,B7,OK
0x37DF,0x0FDF,09,40,4,0x00BF20,0x020,0x00BF40,0x03E0,37,80,2C,OK
0x37DE,0x0FDE,09,40,4,0x00BF20,0x021,0x00BF41,0x03DF,37,FF,AA,OK
0x37DD,0x0FDD,09,40,4,0x00BF20,0x022,0x00BF42,0x03DE,37,07,B1,OK
0x37DC,0x0FDC,09,40,4,0x00BF20,0x023,0x00BF43,0x03DD,37,07,B0,OK
0x37DB,0x0FDB,09,40,4,0x00BF20,0x024,0x00BF44,0x03DC,37,04,AC,OK
0x37DA,0x0FDA,09,40,4,0x00BF20,0x025,0x00BF45,0x03DB,37,94,3B,OK
0x37D9,0x0FD9,09,40,4,0x00BF20,0x026,0x00BF46,0x03DA,37,03,A9,OK
0x37D8,0x0FD8,09,40,4,0x00BF20,0x027,0x00BF47,0x03D9,37,8C,31,OK
0x37D7,0x0FD7,09,40,4,0x00BF20,0x028,0x00BF48,0x03D8,37,03,A7,OK
0x37D6,0x0FD6,09,40,4,0x00BF20,0x029,0x00BF49,0x03D7,37,E0,83,OK
0x37D5,0x0FD5,09,40,4,0x00BF20,0x02A,0x00BF4A,0x03D6,37,09,AB,OK
0x37D4,0x0FD4,09,40,4,0x00BF20,0x02B,0x00BF4B,0x03D5,37,3F,E0,OK
0x37D3,0x0FD3,09,40,4,0x00BF20,0x02C,0x00BF4C,0x03D4,37,0C,AC,OK
0x37D2,0x0FD2,09,40,4,0x00BF20,0x02D,0x00BF4D,0x03D3,37,C0,5F,OK
0x37D1,0x0FD1,09,40,4,0x00BF20,0x02E,0x00BF4E,0x03D2,37,FF,9D,OK
0x37D0,0x0FD0,09,40,4,0x00BF20,0x02F,0x00BF4F,0x03D1,37,0F,AC,OK
0x37CF,0x0FCF,09,40,4,0x00BF20,0x030,0x00BF50,0x03D0,37,00,9C,OK
0x37CE,0x0FCE,09,40,4,0x00BF20,0x031,0x00BF51,0x03CF,37,05,A0,OK
0x37CD,0x0FCD,09,40,4,0x00BF20,0x032,0x00BF52,0x03CE,37,FF,99,OK
0x37CC,0x0FCC,09,40,4,0x00BF20,0x033,0x00BF53,0x03CD,37,07,A0,OK
0x37CB,0x0FCB,09,40,4,0x00BF20,0x034,0x00BF54,0x03CC,37,00,98,OK
0x37CA,0x0FCA,09,40,4,0x00BF20,0x035,0x00BF55,0x03CB,37,06,9D,OK
0x37C9,0x0FC9,09,40,4,0x00BF20,0x036,0x00BF56,0x03CA,37,03,99,OK
0x37C8,0x0FC8,09,40,4,0x00BF20,0x037,0x00BF57,0x03C9,37,F8,8D,OK
0x37C7,0x0FC7,09,40,4,0x00BF20,0x038,0x00BF58,0x03C8,37,3F,D3,OK
0x37C6,0x0FC6,09,40,4,0x00BF20,0x039,0x00BF59,0x03C7,37,F0,83,OK
0x37C5,0x0FC5,09,40,4,0x00BF20,0x03A,0x00BF5A,0x03C6,37,0B,9D,OK
0x37C4,0x0FC4,09,40,4,0x00BF20,0x03B,0x00BF5B,0x03C5,37,07,98,OK
0x37C3,0x0FC3,09,40,4,0x00BF20,0x03C,0x00BF5C,0x03C4,37,04,94,OK
0x37C2,0x0FC2,09,40,4,0x00BF20,0x03D,0x00BF5D,0x03C3,37,09,98,OK
0x37C1,0x0FC1,09,40,4,0x00BF20,0x03E,0x00BF5E,0x03C2,37,03,91,OK
0x37C0,0x0FC0,09,40,4,0x00BF20,0x03F,0x00BF5F,0x03C1,37,04,91,OK
0x37BF,0x0FBF,09,40,4,0x00BF20,0x040,0x00BF60,0x03C0,37,00,8C,OK
0x37BE,0x0FBE,09,40,4,0x00BF20,0x041,0x00BF61,0x03BF,37,07,92,OK
0x37BD,0x0FBD,09,40,4,0x00BF20,0x042,0x00BF62,0x03BE,37,09,93,OK
0x37BC,0x0FBC,09,40,4,0x00BF20,0x043,0x00BF63,0x03BD,37,7F,08,OK
0x37BB,0x0FBB,09,40,4,0x00BF20,0x044,0x00BF64,0x03BC,37,9A,22,OK
0x37BA,0x0FBA,09,40,4,0x00BF20,0x045,0x00BF65,0x03BB,37,03,8A,OK
0x37B9,0x0FB9,09,40,4,0x00BF20,0x046,0x00BF66,0x03BA,37,90,16,OK
0x37B8,0x0FB8,09,40,4,0x00BF20,0x047,0x00BF67,0x03B9,37,03,88,OK
0x37B7,0x0FB7,09,40,4,0x00BF20,0x048,0x00BF68,0x03B8,37,F8,7C,OK
0x37B6,0x0FB6,09,40,4,0x00BF20,0x049,0x00BF69,0x03B7,37,0A,8D,OK
0x37B5,0x0FB5,09,40,4,0x00BF20,0x04A,0x00BF6A,0x03B6,37,07,89,OK
0x37B4,0x0FB4,09,40,4,0x00BF20,0x04B,0x00BF6B,0x03B5,37,04,85,OK
0x37B3,0x0FB3,09,40,4,0x00BF20,0x04C,0x00BF6C,0x03B4,37,00,80,OK
0x37B2,0x0FB2,09,40,4,0x00BF20,0x04D,0x00BF6D,0x03B3,37,09,88,OK
0x37B1,0x0FB1,09,40,4,0x00BF20,0x04E,0x00BF6E,0x03B2,37,03,81,OK
0x37B0,0x0FB0,09,40,4,0x00BF20,0x04F,0x00BF6F,0x03B1,37,0C,89,OK
0x37AF,0x0FAF,09,40,4,0x00BF20,0x050,0x00BF70,0x03B0,37,7F,FB,OK
0x37AE,0x0FAE,09,40,4,0x00BF20,0x051,0x00BF71,0x03AF,37,87,02,OK
0x37AD,0x0FAD,09,40,4,0x00BF20,0x052,0x00BF72,0x03AE,37,03,7D,OK
0x37AC,0x0FAC,09,40,4,0x00BF20,0x053,0x00BF73,0x03AD,37,F8,71,OK
0x37AB,0x0FAB,09,40,4,0x00BF20,0x054,0x00BF74,0x03AC,37,FF,77,OK
0x37AA,0x0FAA,09,40,4,0x00BF20,0x055,0x00BF75,0x03AB,37,0F,86,OK
0x37A9,0x0FA9,09,40,4,0x00BF20,0x056,0x00BF76,0x03AA,37,FC,72,OK
0x37A8,0x0FA8,09,40,4,0x00BF20,0x057,0x00BF77,0x03A9,37,FF,74,OK
0x37A7,0x0FA7,09,40,4,0x00BF20,0x058,0x00BF78,0x03A8,37,0F,83,OK
0x37A6,0x0FA6,09,40,4,0x00BF20,0x059,0x00BF79,0x03A7,37,FC,6F,OK
0x37A5,0x0FA5,09,40,4,0x00BF20,0x05A,0x00BF7A,0x03A6,37,FF,71,OK
0x37A4,0x0FA4,09,40,4,0x00BF20,0x05B,0x00BF7B,0x03A5,37,0A,7B,OK
0x37A3,0x0FA3,09,40,4,0x00BF20,0x05C,0x00BF7C,0x03A4,37,C0,30,OK
0x37A2,0x0FA2,09,40,4,0x00BF20,0x05D,0x00BF7D,0x03A3,37,FF,6E,OK
0x37A1,0x0FA1,09,40,4,0x00BF20,0x05E,0x00BF7E,0x03A2,37,07,75,OK
0x37A0,0x0FA0,09,40,4,0x00BF20,0x05F,0x00BF7F,0x03A1,37,95,02,OK
0x379F,0x0F9F,09,40,4,0x00BF20,0x060,0x00BF80,0x03A0,37,03,6F,OK
0x379E,0x0F9E,09,40,4,0x00BF20,0x061,0x00BF81,0x039F,37,8C,F7,OK
0x379D,0x0F9D,09,40,4,0x00BF20,0x062,0x00BF82,0x039E,37,03,6D,OK
0x379C,0x0F9C,09,40,4,0x00BF20,0x063,0x00BF83,0x039D,37,F8,61,OK
0x379B,0x0F9B,09,40,4,0x00BF20,0x064,0x00BF84,0x039C,37,09,71,OK
0x379A,0x0F9A,09,40,4,0x00BF20,0x065,0x00BF85,0x039B,37,3F,A6,OK
0x3799,0x0F99,09,40,4,0x00BF20,0x066,0x00BF86,0x039A,37,0C,72,OK
0x3798,0x0F98,09,40,4,0x00BF20,0x067,0x00BF87,0x0399,37,E0,45,OK
0x3797,0x0F97,09,40,4,0x00BF20,0x068,0x00BF88,0x0398,37,FF,63,OK
0x3796,0x0F96,09,40,4,0x00BF20,0x069,0x00BF89,0x0397,37,07,6A,OK
0x3795,0x0F95,09,40,4,0x00BF20,0x06A,0x00BF8A,0x0396,37,04,66,OK
0x3794,0x0F94,09,40,4,0x00BF20,0x06B,0x00BF8B,0x0395,37,00,61,OK
0x3793,0x0F93,09,40,4,0x00BF20,0x06C,0x00BF8C,0x0394,37,80,E0,OK
0x3792,0x0F92,09,40,4,0x00BF20,0x06D,0x00BF8D,0x0393,37,FF,5E,OK
0x3791,0x0F91,09,40,4,0x00BF20,0x06E,0x00BF8E,0x0392,37,07,65,OK
0x3790,0x0F90,09,40,4,0x00BF20,0x06F,0x00BF8F,0x0391,37,00,5D,OK
0x378F,0x0F8F,09,40,4,0x00BF20,0x070,0x00BF90,0x0390,37,06,62,OK
0x378E,0x0F8E,09,40,4,0x00BF20,0x071,0x00BF91,0x038F,37,03,5E,OK
0x378D,0x0F8D,09,40,4,0x00BF20,0x072,0x00BF92,0x038E,37,FE,58,OK
0x378C,0x0F8C,09,40,4,0x00BF20,0x073,0x00BF93,0x038D,37,1F,78,OK
0x378B,0x0F8B,09,40,4,0x00BF20,0x074,0x00BF94,0x038C,37,F8,50,OK
0x378A,0x0F8A,09,40,4,0x00BF20,0x075,0x00BF95,0x038B,37,FF,56,OK
0x3789,0x0F89,09,40,4,0x00BF20,0x076,0x00BF96,0x038A,37,07,5D,OK
0x3788,0x0F88,09,40,4,0x00BF20,0x077,0x00BF97,0x0389,37,03,58,OK
0x3787,0x0F87,09,40,4,0x00BF20,0x078,0x00BF98,0x0388,37,04,58,OK
0x3786,0x0F86,09,40,4,0x00BF20,0x079,0x00BF99,0x0387,37,00,53,OK
0x3785,0x0F85,09,40,4,0x00BF20,0x07A,0x00BF9A,0x0386,37,07,59,OK
0x3784,0x0F84,09,40,4,0x00BF20,0x07B,0x00BF9B,0x0385,37,0F,60,OK
0x3783,0x0F83,09,40,4,0x00BF20,0x07C,0x00BF9C,0x0384,37,00,50,OK
0x3782,0x0F82,09,40,4,0x00BF20,0x07D,0x00BF9D,0x0383,37,80,CF,OK
0x3781,0x0F81,09,40,4,0x00BF20,0x07E,0x00BF9E,0x0382,37,09,57,OK
0x3780,0x0F80,09,40,4,0x00BF20,0x07F,0x00BF9F,0x0381,37,3F,8C,OK
0x377F,0x0F7F,09,40,4,0x00BF20,0x080,0x00BFA0,0x0380,37,00,4C,OK
0x377E,0x0F7E,09,40,4,0x00BF20,0x081,0x00BFA1,0x037F,37,09,54,OK
0x377D,0x0F7D,09,40,4,0x00BF20,0x082,0x00BFA2,0x037E,37,03,4D,OK
0x377C,0x0F7C,09,40,4,0x00BF20,0x083,0x00BFA3,0x037D,37,F8,41,OK
0x377B,0x0F7B,09,40,4,0x00BF20,0x084,0x00BFA4,0x037C,37,07,4F,OK
0x377A,0x0F7A,09,40,4,0x00BF20,0x085,0x00BFA5,0x037B,37,04,4B,OK
0x3779,0x0F79,09,40,4,0x00BF20,0x086,0x00BFA6,0x037A,37,8F,D5,OK
0x3778,0x0F78,09,40,4,0x00BF20,0x087,0x00BFA7,0x0379,37,03,48,OK
0x3777,0x0F77,09,40,4,0x00BF20,0x088,0x00BFA8,0x0378,37,90,D4,OK
0x3776,0x0F76,09,40,4,0x00BF20,0x089,0x00BFA9,0x0377,37,03,46,OK
0x3775,0x0F75,09,40,4,0x00BF20,0x08A,0x00BFAA,0x0376,37,FC,3E,OK
0x3774,0x0F74,09,40,4,0x00BF20,0x08B,0x00BFAB,0x0375,37,FF,40,OK
0x3773,0x0F73,09,40,4,0x00BF20,0x08C,0x00BFAC,0x0374,37,06,46,OK
0x3772,0x0F72,09,40,4,0x00BF20,0x08D,0x00BFAD,0x0373,37,01,40,OK
0x3771,0x0F71,09,40,4,0x00BF20,0x08E,0x00BFAE,0x0372,37,00,3E,OK
0x3770,0x0F70,09,40,4,0x00BF20,0x08F,0x00BFAF,0x0371,37,09,46,OK
0x376F,0x0F6F,09,40,4,0x00BF20,0x090,0x00BFB0,0x0370,37,03,3F,OK
0x376E,0x0F6E,09,40,4,0x00BF20,0x091,0x00BFB1,0x036F,37,0C,47,OK
0x376D,0x0F6D,09,40,4,0x00BF20,0x092,0x00BFB2,0x036E,37,1F,59,OK
0x376C,0x0F6C,09,40,4,0x00BF20,0x093,0x00BFB3,0x036D,37,87,C0,OK
0x376B,0x0F6B,09,40,4,0x00BF20,0x094,0x00BFB4,0x036C,37,03,3B,OK
0x376A,0x0F6A,09,40,4,0x00BF20,0x095,0x00BFB5,0x036B,37,FC,33,OK
0x3769,0x0F69,09,40,4,0x00BF20,0x096,0x00BFB6,0x036A,37,FF,35,OK
0x3768,0x0F68,09,40,4,0x00BF20,0x097,0x00BFB7,0x0369,37,07,3C,OK
0x3767,0x0F67,09,40,4,0x00BF20,0x098,0x00BFB8,0x0368,37,04,38,OK
0x3766,0x0F66,09,40,4,0x00BF20,0x099,0x00BFB9,0x0367,37,FF,32,OK
0x3765,0x0F65,09,40,4,0x00BF20,0x09A,0x00BFBA,0x0366,37,05,37,OK
0x3764,0x0F64,09,40,4,0x00BF20,0x09B,0x00BFBB,0x0365,37,80,B1,OK
0x3763,0x0F63,09,40,4,0x00BF20,0x09C,0x00BFBC,0x0364,37,FF,2F,OK
0x3762,0x0F62,09,40,4,0x00BF20,0x09D,0x00BFBD,0x0363,37,7F,AE,OK
0x3761,0x0F61,09,40,4,0x00BF20,0x09E,0x00BFBE,0x0362,37,0A,38,OK
0x3760,0x0F60,09,40,4,0x00BF20,0x09F,0x00BFBF,0x0361,37,C0,ED,OK
0x375F,0x0F5F,09,40,4,0x00BF20,0x0A0,0x00BFC0,0x0360,37,0A,36,OK
0x375E,0x0F5E,09,40,4,0x00BF20,0x0A1,0x00BFC1,0x035F,37,7F,AA,OK
0x375D,0x0F5D,09,40,4,0x00BF20,0x0A2,0x00BFC2,0x035E,37,95,BF,OK
0x375C,0x0F5C,09,40,4,0x00BF20,0x0A3,0x00BFC3,0x035D,37,03,2C,OK
0x375B,0x0F5B,09,40,4,0x00BF20,0x0A4,0x00BFC4,0x035C,37,8C,B4,OK
0x375A,0x0F5A,09,40,4,0x00BF20,0x0A5,0x00BFC5,0x035B,37,03,2A,OK
0x3759,0x0F59,09,40,4,0x00BF20,0x0A6,0x00BFC6,0x035A,37,FC,22,OK
0x3758,0x0F58,09,40,4,0x00BF20,0x0A7,0x00BFC7,0x0359,37,09,2E,OK
0x3757,0x0F57,09,40,4,0x00BF20,0x0A8,0x00BFC8,0x0358,37,1F,43,OK
0x3756,0x0F56,09,40,4,0x00BF20,0x0A9,0x00BFC9,0x0357,37,00,23,OK
0x3755,0x0F55,09,40,4,0x00BF20,0x0AA,0x00BFCA,0x0356,37,08,2A,OK
0x3754,0x0F54,09,40,4,0x00BF20,0x0AB,0x00BFCB,0x0355,37,F8,19,OK
0x3753,0x0F53,09,40,4,0x00BF20,0x0AC,0x00BFCC,0x0354,37,FF,1F,OK
0x3752,0x0F52,09,40,4,0x00BF20,0x0AD,0x00BFCD,0x0353,37,07,26,OK
0x3751,0x0F51,09,40,4,0x00BF20,0x0AE,0x00BFCE,0x0352,37,04,22,OK
0x3750,0x0F50,09,40,4,0x00BF20,0x0AF,0x00BFCF,0x0351,37,00,1D,OK
0x374F,0x0F4F,09,40,4,0x00BF20,0x0B0,0x00BFD0,0x0350,37,80,9C,OK
0x374E,0x0F4E,09,40,4,0x00BF20,0x0B1,0x00BFD1,0x034F,37,0A,25,OK
0x374D,0x0F4D,09,40,4,0x00BF20,0x0B2,0x00BFD2,0x034E,37,7F,99,OK
0x374C,0x0F4C,09,40,4,0x00BF20,0x0B3,0x00BFD3,0x034D,37,0C,25,OK
0x374B,0x0F4B,09,40,4,0x00BF20,0x0B4,0x00BFD4,0x034C,37,80,98,OK
0x374A,0x0F4A,09,40,4,0x00BF20,0x0B5,0x00BFD5,0x034B,37,FF,16,OK
0x3749,0x0F49,09,40,4,0x00BF20,0x0B6,0x00BFD6,0x034A,37,0F,25,OK
0x3748,0x0F48,09,40,4,0x00BF20,0x0B7,0x00BFD7,0x0349,37,F8,0D,OK
0x3747,0x0F47,09,40,4,0x00BF20,0x0B8,0x00BFD8,0x0348,37,FF,13,OK
0x3746,0x0F46,09,40,4,0x00BF20,0x0B9,0x00BFD9,0x0347,37,07,1A,OK
0x3745,0x0F45,09,40,4,0x00BF20,0x0BA,0x00BFDA,0x0346,37,01,13,OK
0x3744,0x0F44,09,40,4,0x00BF20,0x0BB,0x00BFDB,0x0345,37,0A,1B,OK
0x3743,0x0F43,09,40,4,0x00BF20,0x0BC,0x00BFDC,0x0344,37,F8,08,OK
0x3742,0x0F42,09,40,4,0x00BF20,0x0BD,0x00BFDD,0x0343,37,0F,1E,OK
0x3741,0x0F41,09,40,4,0x00BF20,0x0BE,0x00BFDE,0x0342,37,00,0E,OK
0x3740,0x0F40,09,40,4,0x00BF20,0x0BF,0x00BFDF,0x0341,37,80,8D,OK
0x373F,0x0F3F,09,40,4,0x00BF20,0x0C0,0x00BFE0,0x0340,37,09,15,OK
0x373E,0x0F3E,09,40,4,0x00BF20,0x0C1,0x00BFE1,0x033F,37,1F,2A,OK
0x373D,0x0F3D,09,40,4,0x00BF20,0x0C2,0x00BFE2,0x033E,37,00,0A,OK
0x373C,0x0F3C,09,40,4,0x00BF20,0x0C3,0x00BFE3,0x033D,37,08,11,OK
0x373B,0x0F3B,09,40,4,0x00BF20,0x0C4,0x00BFE4,0x033C,37,03,0B,OK
0x373A,0x0F3A,09,40,4,0x00BF20,0x0C5,0x00BFE5,0x033B,37,80,87,OK
0x3739,0x0F39,09,40,4,0x00BF20,0x0C6,0x00BFE6,0x033A,37,FF,05,OK
0x3738,0x0F38,09,40,4,0x00BF20,0x0C7,0x00BFE7,0x0339,37,0F,14,OK
0x3737,0x0F37,09,40,4,0x00BF20,0x0C8,0x00BFE8,0x0338,37,8F,93,OK
0x3736,0x0F36,09,40,4,0x00BF20,0x0C9,0x00BFE9,0x0337,37,03,06,OK
0x3735,0x0F35,09,40,4,0x00BF20,0x0CA,0x00BFEA,0x0336,37,90,92,OK
0x3734,0x0F34,09,40,4,0x00BF20,0x0CB,0x00BFEB,0x0335,37,03,04,OK
0x3733,0x0F33,09,40,4,0x00BF20,0x0CC,0x00BFEC,0x0334,37,FC,FC,OK
0x3732,0x0F32,09,40,4,0x00BF20,0x0CD,0x00BFED,0x0333,37,FF,FE,OK
0x3731,0x0F31,09,40,4,0x00BF20,0x0CE,0x00BFEE,0x0332,37,06,04,OK
0x3730,0x0F30,09,40,4,0x00BF20,0x0CF,0x00BFEF,0x0331,37,89,86,OK
0x372F,0x0F2F,09,40,4,0x00BF20,0x0D0,0x00BFF0,0x0330,37,03,FF,OK
0x372E,0x0F2E,09,40,4,0x00BF20,0x0D1,0x00BFF1,0x032F,37,80,7B,OK
0x372D,0x0F2D,09,40,4,0x00BF20,0x0D2,0x00BFF2,0x032E,37,0C,06,OK
0x372C,0x0F2C,09,40,4,0x00BF20,0x0D3,0x00BFF3,0x032D,37,07,00,OK
0x372B,0x0F2B,09,40,4,0x00BF20,0x0D4,0x00BFF4,0x032C,37,04,FC,OK
0x372A,0x0F2A,09,40,4,0x00BF20,0x0D5,0x00BFF5,0x032B,37,87,7E,OK
0x3729,0x0F29,09,40,4,0x00BF20,0x0D6,0x00BFF6,0x032A,37,03,F9,OK
0x3728,0x0F28,09,40,4,0x00BF20,0x0D7,0x00BFF7,0x0329,37,FE,F3,OK
0x3727,0x0F27,09,40,4,0x00BF20,0x0D8,0x00BFF8,0x0328,37,FF,F3,OK
0x3726,0x0F26,09,40,4,0x00BF20,0x0D9,0x00BFF9,0x0327,37,C7,BA,OK
0x3725,0x0F25,09,40,4,0x00BF20,0x0DA,0x00BFFA,0x0326,37,FF,F1,OK
0x3724,0x0F24,09,40,4,0x00BF20,0x0DB,0x00BFFB,0x0325,37,07,F8,OK
0x3723,0x0F23,09,40,4,0x00BF20,0x0DC,0x00BFFC,0x0324,37,04,F4,OK
0x3722,0x0F22,09,40,4,0x00BF20,0x0DD,0x00BFFD,0x0323,37,F0,DF,OK
0x3721,0x0F21,09,40,4,0x00BF20,0x0DE,0x00BFFE,0x0322,37,FF,ED,OK
0x3720,0x0F20,09,40,4,0x00BF20,0x0DF,0x00BFFF,0x0321,37,7F,6C,OK
0x371F,0x0F1F,09,40,4,0x00BF20,0x0E0,0x00C000,0x0320,37,0A,F6,OK
0x371E,0x0F1E,09,40,4,0x00BF20,0x0E1,0x00C001,0x031F,37,E0,CB,OK
0x371D,0x0F1D,09,40,4,0x00BF20,0x0E2,0x00C002,0x031E,37,0A,F4,OK
0x371C,0x0F1C,09,40,4,0x00BF20,0x0E3,0x00C003,0x031D,37,1F,08,OK
0x371B,0x0F1B,09,40,4,0x00BF20,0x0E4,0x00C004,0x031C,37,95,7D,OK
0x371A,0x0F1A,09,40,4,0x00BF20,0x0E5,0x00C005,0x031B,37,03,EA,OK
0x3719,0x0F19,09,40,4,0x00BF20,0x0E6,0x00C006,0x031A,37,8C,72,OK
0x3718,0x0F18,09,40,4,0x00BF20,0x0E7,0x00C007,0x0319,37,03,E8,OK
0x3717,0x0F17,09,40,4,0x00BF20,0x0E8,0x00C008,0x0318,37,FC,E0,OK
0x3716,0x0F16,09,40,4,0x00BF20,0x0E9,0x00C009,0x0317,37,09,EC,OK
0x3715,0x0F15,09,40,4,0x00BF20,0x0EA,0x00C00A,0x0316,37,0F,F1,OK
0x3714,0x0F14,09,40,4,0x00BF20,0x0EB,0x00C00B,0x0315,37,00,E1,OK
0x3713,0x0F13,09,40,4,0x00BF20,0x0EC,0x00C00C,0x0314,37,08,E8,OK
0x3712,0x0F12,09,40,4,0x00BF20,0x0ED,0x00C00D,0x0313,37,FC,DB,OK
0x3711,0x0F11,09,40,4,0x00BF20,0x0EE,0x00C00E,0x0312,37,FF,DD,OK
0x3710,0x0F10,09,40,4,0x00BF20,0x0EF,0x00C00F,0x0311,37,03,E0,OK
0x370F,0x0F0F,09,40,4,0x00BF20,0x0F0,0x00C010,0x0310,37,04,E0,OK
0x370E,0x0F0E,09,40,4,0x00BF20,0x0F1,0x00C011,0x030F,37,00,DB,OK
0x370D,0x0F0D,09,40,4,0x00BF20,0x0F2,0x00C012,0x030E,37,C0,9A,OK
0x370C,0x0F0C,09,40,4,0x00BF20,0x0F3,0x00C013,0x030D,37,0A,E3,OK
0x370B,0x0F0B,09,40,4,0x00BF20,0x0F4,0x00C014,0x030C,37,3F,17,OK
0x370A,0x0F0A,09,40,4,0x00BF20,0x0F5,0x00C015,0x030B,37,0C,E3,OK
0x3709,0x0F09,09,40,4,0x00BF20,0x0F6,0x00C016,0x030A,37,F8,CE,OK
0x3708,0x0F08,09,40,4,0x00BF20,0x0F7,0x00C017,0x0309,37,FF,D4,OK
0x3707,0x0F07,09,40,4,0x00BF20,0x0F8,0x00C018,0x0308,37,0F,E3,OK
0x3706,0x0F06,09,40,4,0x00BF20,0x0F9,0x00C019,0x0307,37,FC,CF,OK
0x3705,0x0F05,09,40,4,0x00BF20,0x0FA,0x00C01A,0x0306,37,FF,D1,OK
0x3704,0x0F04,09,40,4,0x00BF20,0x0FB,0x00C01B,0x0305,37,06,D7,OK
0x3703,0x0F03,09,40,4,0x00BF20,0x0FC,0x00C01C,0x0304,37,1F,EF,OK
0x3702,0x0F02,09,40,4,0x00BF20,0x0FD,0x00C01D,0x0303,37,0B,DA,OK
0x3701,0x0F01,09,40,4,0x00BF20,0x0FE,0x00C01E,0x0302,37,FE,CC,OK
0x3700,0x0F00,09,40,4,0x00BF20,0x0FF,0x00C01F,0x0301,37,03,D0,OK
0x36FF,0x0EFF,09,40,4,0x00BF20,0x100,0x00C020,0x0300,37,04,D0,OK
0x36FE,0x0EFE,09,40,4,0x00BF20,0x101,0x00C021,0x02FF,37,00,CA,OK
0x36FD,0x0EFD,09,40,4,0x00BF20,0x102,0x00C022,0x02FE,37,80,49,OK
0x36FC,0x0EFC,09,40,4,0x00BF20,0x103,0x00C023,0x02FD,37,09,D1,OK
0x36FB,0x0EFB,09,40,4,0x00BF20,0x104,0x00C024,0x02FC,37,0F,D6,OK
0x36FA,0x0EFA,09,40,4,0x00BF20,0x105,0x00C025,0x02FB,37,87,4D,OK
0x36F9,0x0EF9,09,40,4,0x00BF20,0x106,0x00C026,0x02FA,37,03,C8,OK
0x36F8,0x0EF8,09,40,4,0x00BF20,0x107,0x00C027,0x02F9,37,80,44,OK
0x36F7,0x0EF7,09,40,4,0x00BF20,0x108,0x00C028,0x02F8,37,09,CC,OK
0x36F6,0x0EF6,09,40,4,0x00BF20,0x109,0x00C029,0x02F7,37,0F,D1,OK
0x36F5,0x0EF5,09,40,4,0x00BF20,0x10A,0x00C02A,0x02F6,37,8F,50,OK
0x36F4,0x0EF4,09,40,4,0x00BF20,0x10B,0x00C02B,0x02F5,37,03,C3,OK
0x36F3,0x0EF3,09,40,4,0x00BF20,0x10C,0x00C02C,0x02F4,37,90,4F,OK
0x36F2,0x0EF2,09,40,4,0x00BF20,0x10D,0x00C02D,0x02F3,37,03,C1,OK
0x36F1,0x0EF1,09,40,4,0x00BF20,0x10E,0x00C02E,0x02F2,37,FE,BB,OK
0x36F0,0x0EF0,09,40,4,0x00BF20,0x10F,0x00C02F,0x02F1,37,09,C5,OK
0x36EF,0x0EEF,09,40,4,0x00BF20,0x110,0x00C030,0x02F0,37,3F,FA,OK
0x36EE,0x0EEE,09,40,4,0x00BF20,0x111,0x00C031,0x02EF,37,89,43,OK
0x36ED,0x0EED,09,40,4,0x00BF20,0x112,0x00C032,0x02EE,37,03,BC,OK
0x36EC,0x0EEC,09,40,4,0x00BF20,0x113,0x00C033,0x02ED,37,C0,78,OK
0x36EB,0x0EEB,09,40,4,0x00BF20,0x114,0x00C034,0x02EC,37,0C,C3,OK
0x36EA,0x0EEA,09,40,4,0x00BF20,0x115,0x00C035,0x02EB,37,03,B9,OK
0x36E9,0x0EE9,09,40,4,0x00BF20,0x116,0x00C036,0x02EA,37,04,B9,OK
0x36E8,0x0EE8,09,40,4,0x00BF20,0x117,0x00C037,0x02E9,37,00,B4,OK
0x36E7,0x0EE7,09,40,4,0x00BF20,0x118,0x00C038,0x02E8,37,07,BA,OK
0x36E6,0x0EE6,09,40,4,0x00BF20,0x119,0x00C039,0x02E7,37,03,B5,OK
0x36E5,0x0EE5,09,40,4,0x00BF20,0x11A,0x00C03A,0x02E6,37,09,BA,OK
0x36E4,0x0EE4,09,40,4,0x00BF20,0x11B,0x00C03B,0x02E5,37,C7,77,OK
0x36E3,0x0EE3,09,40,4,0x00BF20,0x11C,0x00C03C,0x02E4,37,FF,AE,OK
0x36E2,0x0EE2,09,40,4,0x00BF20,0x11D,0x00C03D,0x02E3,37,00,AE,OK
0x36E1,0x0EE1,09,40,4,0x00BF20,0x11E,0x00C03E,0x02E2,37,FC,A9,OK
0x36E0,0x0EE0,09,40,4,0x00BF20,0x11F,0x00C03F,0x02E1,37,FF,AB,OK
0x36DF,0x0EDF,09,40,4,0x00BF20,0x120,0x00C040,0x02E0,37,7F,2A,OK
0x36DE,0x0EDE,09,40,4,0x00BF20,0x121,0x00C041,0x02DF,37,0A,B4,OK
0x36DD,0x0EDD,09,40,4,0x00BF20,0x122,0x00C042,0x02DE,37,F0,99,OK
0x36DC,0x0EDC,09,40,4,0x00BF20,0x123,0x00C043,0x02DD,37,0A,B2,OK
0x36DB,0x0EDB,09,40,4,0x00BF20,0x124,0x00C044,0x02DC,37,03,AA,OK
0x36DA,0x0EDA,09,40,4,0x00BF20,0x125,0x00C045,0x02DB,37,04,AA,OK
0x36D9,0x0ED9,09,40,4,0x00BF20,0x126,0x00C046,0x02DA,37,95,3A,OK
0x36D8,0x0ED8,09,40,4,0x00BF20,0x127,0x00C047,0x02D9,37,03,A7,OK
0x36D7,0x0ED7,09,40,4,0x00BF20,0x128,0x00C048,0x02D8,37,8C,2F,OK
0x36D6,0x0ED6,09,40,4,0x00BF20,0x129,0x00C049,0x02D7,37,03,A5,OK
0x36D5,0x0ED5,09,40,4,0x00BF20,0x12A,0x00C04A,0x02D6,37,FC,9D,OK
0x36D4,0x0ED4,09,40,4,0x00BF20,0x12B,0x00C04B,0x02D5,37,09,A9,OK
0x36D3,0x0ED3,09,40,4,0x00BF20,0x12C,0x00C04C,0x02D4,37,0F,AE,OK
0x36D2,0x0ED2,09,40,4,0x00BF20,0x12D,0x00C04D,0x02D3,37,0B,A9,OK
0x36D1,0x0ED1,09,40,4,0x00BF20,0x12E,0x00C04E,0x02D2,37,E0,7D,OK
0x36D0,0x0ED0,09,40,4,0x00BF20,0x12F,0x00C04F,0x02D1,37,09,A5,OK
0x36CF,0x0ECF,09,40,4,0x00BF20,0x130,0x00C050,0x02D0,37,01,9C,OK
0x36CE,0x0ECE,09,40,4,0x00BF20,0x131,0x00C051,0x02CF,37,00,9A,OK
0x36CD,0x0ECD,09,40,4,0x00BF20,0x132,0x00C052,0x02CE,37,C0,59,OK
0x36CC,0x0ECC,09,40,4,0x00BF20,0x133,0x00C053,0x02CD,37,0A,A2,OK
0x36CB,0x0ECB,09,40,4,0x00BF20,0x134,0x00C054,0x02CC,37,1F,B6,OK
0x36CA,0x0ECA,09,40,4,0x00BF20,0x135,0x00C055,0x02CB,37,00,96,OK
0x36C9,0x0EC9,09,40,4,0x00BF20,0x136,0x00C056,0x02CA,37,08,9D,OK
0x36C8,0x0EC8,09,40,4,0x00BF20,0x137,0x00C057,0x02C9,37,FC,90,OK
0x36C7,0x0EC7,09,40,4,0x00BF20,0x138,0x00C058,0x02C8,37,FF,92,OK
0x36C6,0x0EC6,09,40,4,0x00BF20,0x139,0x00C059,0x02C7,37,07,99,OK
0x36C5,0x0EC5,09,40,4,0x00BF20,0x13A,0x00C05A,0x02C6,37,04,95,OK
0x36C4,0x0EC4,09,40,4,0x00BF20,0x13B,0x00C05B,0x02C5,37,FC,8C,OK
0x36C3,0x0EC3,09,40,4,0x00BF20,0x13C,0x00C05C,0x02C4,37,FF,8E,OK
0x36C2,0x0EC2,09,40,4,0x00BF20,0x13D,0x00C05D,0x02C3,37,05,93,OK
0x36C1,0x0EC1,09,40,4,0x00BF20,0x13E,0x00C05E,0x02C2,37,0F,9C,OK
0x36C0,0x0EC0,09,40,4,0x00BF20,0x13F,0x00C05F,0x02C1,37,0C,98,OK
0x36BF,0x0EBF,09,40,4,0x00BF20,0x140,0x00C060,0x02C0,37,20,AB,OK
0x36BE,0x0EBE,09,40,4,0x00BF20,0x141,0x00C061,0x02BF,37,09,93,OK
0x36BD,0x0EBD,09,40,4,0x00BF20,0x142,0x00C062,0x02BE,37,80,09,OK
0x36BC,0x0EBC,09,40,4,0x00BF20,0x143,0x00C063,0x02BD,37,09,91,OK
0x36BB,0x0EBB,09,40,4,0x00BF20,0x144,0x00C064,0x02BC,37,07,8E,OK
0x36BA,0x0EBA,09,40,4,0x00BF20,0x145,0x00C065,0x02BB,37,04,8A,OK
0x36B9,0x0EB9,09,40,4,0x00BF20,0x146,0x00C066,0x02BA,37,00,85,OK
0x36B8,0x0EB8,09,40,4,0x00BF20,0x147,0x00C067,0x02B9,37,07,8B,OK
0x36B7,0x0EB7,09,40,4,0x00BF20,0x148,0x00C068,0x02B8,37,03,86,OK
0x36B6,0x0EB6,09,40,4,0x00BF20,0x149,0x00C069,0x02B7,37,E0,62,OK
0x36B5,0x0EB5,09,40,4,0x00BF20,0x14A,0x00C06A,0x02B6,37,FF,80,OK
0x36B4,0x0EB4,09,40,4,0x00BF20,0x14B,0x00C06B,0x02B5,37,05,85,OK
0x36B3,0x0EB3,09,40,4,0x00BF20,0x14C,0x00C06C,0x02B4,37,03,82,OK
0x36B2,0x0EB2,09,40,4,0x00BF20,0x14D,0x00C06D,0x02B3,37,04,82,OK
0x36B1,0x0EB1,09,40,4,0x00BF20,0x14E,0x00C06E,0x02B2,37,8F,0C,OK
0x36B0,0x0EB0,09,40,4,0x00BF20,0x14F,0x00C06F,0x02B1,37,03,7F,OK
0x36AF,0x0EAF,09,40,4,0x00BF20,0x150,0x00C070,0x02B0,37,90,0B,OK
0x36AE,0x0EAE,09,40,4,0x00BF20,0x151,0x00C071,0x02AF,37,03,7D,OK
0x36AD,0x0EAD,09,40,4,0x00BF20,0x152,0x00C072,0x02AE,37,FE,77,OK
0x36AC,0x0EAC,09,40,4,0x00BF20,0x153,0x00C073,0x02AD,37,09,81,OK
0x36AB,0x0EAB,09,40,4,0x00BF20,0x154,0x00C074,0x02AC,37,1F,96,OK
0x36AA,0x0EAA,09,40,4,0x00BF20,0x155,0x00C075,0x02AB,37,89,FF,OK
0x36A9,0x0EA9,09,40,4,0x00BF20,0x156,0x00C076,0x02AA,37,03,78,OK
0x36A8,0x0EA8,09,40,4,0x00BF20,0x157,0x00C077,0x02A9,37,E0,54,OK
0x36A7,0x0EA7,09,40,4,0x00BF20,0x158,0x00C078,0x02A8,37,FF,72,OK
0x36A6,0x0EA6,09,40,4,0x00BF20,0x159,0x00C079,0x02A7,37,08,7A,OK
0x36A5,0x0EA5,09,40,4,0x00BF20,0x15A,0x00C07A,0x02A6,37,01,72,OK
0x36A4,0x0EA4,09,40,4,0x00BF20,0x15B,0x00C07B,0x02A5,37,00,70,OK
0x36A3,0x0EA3,09,40,4,0x00BF20,0x15C,0x00C07C,0x02A4,37,07,76,OK
0x36A2,0x0EA2,09,40,4,0x00BF20,0x15D,0x00C07D,0x02A3,37,03,71,OK
0x36A1,0x0EA1,09,40,4,0x00BF20,0x15E,0x00C07E,0x02A2,37,09,76,OK
0x36A0,0x0EA0,09,40,4,0x00BF20,0x15F,0x00C07F,0x02A1,37,83,EF,OK
0x369F,0x0E9F,09,40,4,0x00BF20,0x160,0x00C080,0x02A0,37,1F,8A,OK
0x369E,0x0E9E,09,40,4,0x00BF20,0x161,0x00C081,0x029F,37,C0,2A,OK
0x369D,0x0E9D,09,40,4,0x00BF20,0x162,0x00C082,0x029E,37,09,72,OK
0x369C,0x0E9C,09,40,4,0x00BF20,0x163,0x00C083,0x029D,37,7F,E7,OK
0x369B,0x0E9B,09,40,4,0x00BF20,0x164,0x00C084,0x029C,37,0A,71,OK
0x369A,0x0E9A,09,40,4,0x00BF20,0x165,0x00C085,0x029B,37,F0,56,OK
0x3699,0x0E99,09,40,4,0x00BF20,0x166,0x00C086,0x029A,37,FF,64,OK
0x3698,0x0E98,09,40,4,0x00BF20,0x167,0x00C087,0x0299,37,06,6A,OK
0x3697,0x0E97,09,40,4,0x00BF20,0x168,0x00C088,0x0298,37,03,66,OK
0x3696,0x0E96,09,40,4,0x00BF20,0x169,0x00C089,0x0297,37,04,66,OK
0x3695,0x0E95,09,40,4,0x00BF20,0x16A,0x00C08A,0x0296,37,95,F6,OK
0x3694,0x0E94,09,40,4,0x00BF20,0x16B,0x00C08B,0x0295,37,03,63,OK
0x3693,0x0E93,09,40,4,0x00BF20,0x16C,0x00C08C,0x0294,37,8C,EB,OK
0x3692,0x0E92,09,40,4,0x00BF20,0x16D,0x00C08D,0x0293,37,03,61,OK
0x3691,0x0E91,09,40,4,0x00BF20,0x16E,0x00C08E,0x0292,37,FE,5B,OK
0x3690,0x0E90,09,40,4,0x00BF20,0x16F,0x00C08F,0x0291,37,09,65,OK
0x368F,0x0E8F,09,40,4,0x00BF20,0x170,0x00C090,0x0290,37,07,62,OK
0x368E,0x0E8E,09,40,4,0x00BF20,0x171,0x00C091,0x028F,37,04,5E,OK
0x368D,0x0E8D,09,40,4,0x00BF20,0x172,0x00C092,0x028E,37,00,59,OK
0x368C,0x0E8C,09,40,4,0x00BF20,0x173,0x00C093,0x028D,37,07,5F,OK
0x368B,0x0E8B,09,40,4,0x00BF20,0x174,0x00C094,0x028C,37,F8,4F,OK
0x368A,0x0E8A,09,40,4,0x00BF20,0x175,0x00C095,0x028B,37,09,5F,OK
0x3689,0x0E89,09,40,4,0x00BF20,0x176,0x00C096,0x028A,37,03,58,OK
0x3688,0x0E88,09,40,4,0x00BF20,0x177,0x00C097,0x0289,37,04,58,OK
0x3687,0x0E87,09,40,4,0x00BF20,0x178,0x00C098,0x0288,37,00,53,OK
0x3686,0x0E86,09,40,4,0x00BF20,0x179,0x00C099,0x0287,37,F0,42,OK
0x3685,0x0E85,09,40,4,0x00BF20,0x17A,0x00C09A,0x0286,37,0A,5B,OK
0x3684,0x0E84,09,40,4,0x00BF20,0x17B,0x00C09B,0x0285,37,1F,6F,OK
0x3683,0x0E83,09,40,4,0x00BF20,0x17C,0x00C09C,0x0284,37,00,4F,OK
0x3682,0x0E82,09,40,4,0x00BF20,0x17D,0x00C09D,0x0283,37,08,56,OK
0x3681,0x0E81,09,40,4,0x00BF20,0x17E,0x00C09E,0x0282,37,09,56,OK
0x3680,0x0E80,09,40,4,0x00BF20,0x17F,0x00C09F,0x0281,37,07,53,OK
0x367F,0x0E7F,09,40,4,0x00BF20,0x180,0x00C0A0,0x0280,37,04,4F,OK
0x367E,0x0E7E,09,40,4,0x00BF20,0x181,0x00C0A1,0x027F,37,F8,42,OK
0x367D,0x0E7D,09,40,4,0x00BF20,0x182,0x00C0A2,0x027E,37,FF,48,OK
0x367C,0x0E7C,09,40,4,0x00BF20,0x183,0x00C0A3,0x027D,37,3F,87,OK
0x367B,0x0E7B,09,40,4,0x00BF20,0x184,0x00C0A4,0x027C,37,89,D0,OK
0x367A,0x0E7A,09,40,4,0x00BF20,0x185,0x00C0A5,0x027B,37,03,49,OK
0x3679,0x0E79,09,40,4,0x00BF20,0x186,0x00C0A6,0x027A,37,80,C5,OK
0x3678,0x0E78,09,40,4,0x00BF20,0x187,0x00C0A7,0x0279,37,09,4D,OK
0x3677,0x0E77,09,40,4,0x00BF20,0x188,0x00C0A8,0x0278,37,07,4A,OK
0x3676,0x0E76,09,40,4,0x00BF20,0x189,0x00C0A9,0x0277,37,04,46,OK
0x3675,0x0E75,09,40,4,0x00BF20,0x18A,0x00C0AA,0x0276,37,00,41,OK
0x3674,0x0E74,09,40,4,0x00BF20,0x18B,0x00C0AB,0x0275,37,07,47,OK
0x3673,0x0E73,09,40,4,0x00BF20,0x18C,0x00C0AC,0x0274,37,03,42,OK
0x3672,0x0E72,09,40,4,0x00BF20,0x18D,0x00C0AD,0x0273,37,FC,3A,OK
0x3671,0x0E71,09,40,4,0x00BF20,0x18E,0x00C0AE,0x0272,37,FF,3C,OK
0x3670,0x0E70,09,40,4,0x00BF20,0x18F,0x00C0AF,0x0271,37,05,41,OK
0x366F,0x0E6F,09,40,4,0x00BF20,0x190,0x00C0B0,0x0270,37,90,CB,OK
0x366E,0x0E6E,09,40,4,0x00BF20,0x191,0x00C0B1,0x026F,37,03,3D,OK
0x366D,0x0E6D,09,40,4,0x00BF20,0x192,0x00C0B2,0x026E,37,90,C9,OK
0x366C,0x0E6C,09,40,4,0x00BF20,0x193,0x00C0B3,0x026D,37,03,3B,OK
0x366B,0x0E6B,09,40,4,0x00BF20,0x194,0x00C0B4,0x026C,37,0A,41,OK
0x366A,0x0E6A,09,40,4,0x00BF20,0x195,0x00C0B5,0x026B,37,0F,45,OK
0x3669,0x0E69,09,40,4,0x00BF20,0x196,0x00C0B6,0x026A,37,89,BE,OK
0x3668,0x0E68,09,40,4,0x00BF20,0x197,0x00C0B7,0x0269,37,03,37,OK
0x3667,0x0E67,09,40,4,0x00BF20,0x198,0x00C0B8,0x0268,37,E0,13,OK
0x3666,0x0E66,09,40,4,0x00BF20,0x199,0x00C0B9,0x0267,37,FF,31,OK
0x3665,0x0E65,09,40,4,0x00BF20,0x19A,0x00C0BA,0x0266,37,08,39,OK
0x3664,0x0E64,09,40,4,0x00BF20,0x19B,0x00C0BB,0x0265,37,87,B7,OK
0x3663,0x0E63,09,40,4,0x00BF20,0x19C,0x00C0BC,0x0264,37,03,32,OK
0x3662,0x0E62,09,40,4,0x00BF20,0x19D,0x00C0BD,0x0263,37,E0,0E,OK
0x3661,0x0E61,09,40,4,0x00BF20,0x19E,0x00C0BE,0x0262,37,FF,2C,OK
0x3660,0x0E60,09,40,4,0x00BF20,0x19F,0x00C0BF,0x0261,37,05,31,OK
0x365F,0x0E5F,09,40,4,0x00BF20,0x1A0,0x00C0C0,0x0260,37,01,2C,OK
0x365E,0x0E5E,09,40,4,0x00BF20,0x1A1,0x00C0C1,0x025F,37,00,2A,OK
0x365D,0x0E5D,09,40,4,0x00BF20,0x1A2,0x00C0C2,0x025E,37,FE,27,OK
0x365C,0x0E5C,09,40,4,0x00BF20,0x1A3,0x00C0C3,0x025D,37,09,31,OK
0x365B,0x0E5B,09,40,4,0x00BF20,0x1A4,0x00C0C4,0x025C,37,7F,A6,OK
0x365A,0x0E5A,09,40,4,0x00BF20,0x1A5,0x00C0C5,0x025B,37,0A,30,OK
0x3659,0x0E59,09,40,4,0x00BF20,0x1A6,0x00C0C6,0x025A,37,FC,21,OK
0x3658,0x0E58,09,40,4,0x00BF20,0x1A7,0x00C0C7,0x0259,37,FF,23,OK
0x3657,0x0E57,09,40,4,0x00BF20,0x1A8,0x00C0C8,0x0258,37,06,29,OK
0x3656,0x0E56,09,40,4,0x00BF20,0x1A9,0x00C0C9,0x0257,37,01,23,OK
0x3655,0x0E55,09,40,4,0x00BF20,0x1AA,0x00C0CA,0x0256,37,95,B6,OK
0x3654,0x0E54,09,40,4,0x00BF20,0x1AB,0x00C0CB,0x0255,37,03,23,OK
0x3653,0x0E53,09,40,4,0x00BF20,0x1AC,0x00C0CC,0x0254,37,00,1F,OK
0x3652,0x0E52,09,40,4,0x00BF20,0x1AD,0x00C0CD,0x0253,37,0C,2A,OK
0x3651,0x0E51,09,40,4,0x00BF20,0x1AE,0x00C0CE,0x0252,37,03,20,OK
0x3650,0x0E50,09,40,4,0x00BF20,0x1AF,0x00C0CF,0x0251,37,0A,26,OK
0x364F,0x0E4F,09,40,4,0x00BF20,0x1B0,0x00C0D0,0x0250,37,03,1E,OK
0x364E,0x0E4E,09,40,4,0x00BF20,0x1B1,0x00C0D1,0x024F,37,04,1E,OK
0x364D,0x0E4D,09,40,4,0x00BF20,0x1B2,0x00C0D2,0x024E,37,00,19,OK
0x364C,0x0E4C,09,40,4,0x00BF20,0x1B3,0x00C0D3,0x024D,37,07,1F,OK
0x364B,0x0E4B,09,40,4,0x00BF20,0x1B4,0x00C0D4,0x024C,37,FF,16,OK
0x364A,0x0E4A,09,40,4,0x00BF20,0x1B5,0x00C0D5,0x024B,37,06,1C,OK
0x3649,0x0E49,09,40,4,0x00BF20,0x1B6,0x00C0D6,0x024A,37,09,1E,OK
0x3648,0x0E48,09,40,4,0x00BF20,0x1B7,0x00C0D7,0x0249,37,F0,04,OK
0x3647,0x0E47,09,40,4,0x00BF20,0x1B8,0x00C0D8,0x0248,37,3F,52,OK
0x3646,0x0E46,09,40,4,0x00BF20,0x1B9,0x00C0D9,0x0247,37,F8,0A,OK
0x3645,0x0E45,09,40,4,0x00BF20,0x1BA,0x00C0DA,0x0246,37,FF,10,OK
0x3644,0x0E44,09,40,4,0x00BF20,0x1BB,0x00C0DB,0x0245,37,0F,1F,OK
0x3643,0x0E43,09,40,4,0x00BF20,0x1BC,0x00C0DC,0x0244,37,0B,1A,OK
0x3642,0x0E42,09,40,4,0x00BF20,0x1BD,0x00C0DD,0x0243,37,80,8E,OK
0x3641,0x0E41,09,40,4,0x00BF20,0x1BE,0x00C0DE,0x0242,37,09,16,OK
0x3640,0x0E40,09,40,4,0x00BF20,0x1BF,0x00C0DF,0x0241,37,03,0F,OK
0x363F,0x0E3F,09,40,4,0x00BF20,0x1C0,0x00C0E0,0x0240,37,04,0F,OK
0x363E,0x0E3E,09,40,4,0x00BF20,0x1C1,0x00C0E1,0x023F,37,00,0A,OK
0x363D,0x0E3D,09,40,4,0x00BF20,0x1C2,0x00C0E2,0x023E,37,FF,08,OK
0x363C,0x0E3C,09,40,4,0x00BF20,0x1C3,0x00C0E3,0x023D,37,8A,92,OK
0x363B,0x0E3B,09,40,4,0x00BF20,0x1C4,0x00C0E4,0x023C,37,03,0A,OK
0x363A,0x0E3A,09,40,4,0x00BF20,0x1C5,0x00C0E5,0x023B,37,80,86,OK
0x3639,0x0E39,09,40,4,0x00BF20,0x1C6,0x00C0E6,0x023A,37,09,0E,OK
0x3638,0x0E38,09,40,4,0x00BF20,0x1C7,0x00C0E7,0x0239,37,07,0B,OK
0x3637,0x0E37,09,40,4,0x00BF20,0x1C8,0x00C0E8,0x0238,37,04,07,OK
0x3636,0x0E36,09,40,4,0x00BF20,0x1C9,0x00C0E9,0x0237,37,00,02,OK
0x3635,0x0E35,09,40,4,0x00BF20,0x1CA,0x00C0EA,0x0236,37,06,07,OK
0x3634,0x0E34,09,40,4,0x00BF20,0x1CB,0x00C0EB,0x0235,37,03,03,OK
0x3633,0x0E33,09,40,4,0x00BF20,0x1CC,0x00C0EC,0x0234,37,F0,EF,OK
0x3632,0x0E32,09,40,4,0x00BF20,0x1CD,0x00C0ED,0x0233,37,09,07,OK
0x3631,0x0E31,09,40,4,0x00BF20,0x1CE,0x00C0EE,0x0232,37,3F,3C,OK
0x3630,0x0E30,09,40,4,0x00BF20,0x1CF,0x00C0EF,0x0231,37,90,8C,OK
0x362F,0x0E2F,09,40,4,0x00BF20,0x1D0,0x00C0F0,0x0230,37,03,FE,OK
0x362E,0x0E2E,09,40,4,0x00BF20,0x1D1,0x00C0F1,0x022F,37,00,FA,OK
0x362D,0x0E2D,09,40,4,0x00BF20,0x1D2,0x00C0F2,0x022E,37,10,09,OK
0x362C,0x0E2C,09,40,4,0x00BF20,0x1D3,0x00C0F3,0x022D,37,03,FB,OK
0x362B,0x0E2B,09,40,4,0x00BF20,0x1D4,0x00C0F4,0x022C,37,0A,01,OK
0x362A,0x0E2A,09,40,4,0x00BF20,0x1D5,0x00C0F5,0x022B,37,07,FD,OK
0x3629,0x0E29,09,40,4,0x00BF20,0x1D6,0x00C0F6,0x022A,37,04,F9,OK
0x3628,0x0E28,09,40,4,0x00BF20,0x1D7,0x00C0F7,0x0229,37,86,7A,OK
0x3627,0x0E27,09,40,4,0x00BF20,0x1D8,0x00C0F8,0x0228,37,03,F6,OK
0x3626,0x0E26,09,40,4,0x00BF20,0x1D9,0x00C0F9,0x0227,37,C0,B2,OK
0x3625,0x0E25,09,40,4,0x00BF20,0x1DA,0x00C0FA,0x0226,37,07,F8,OK
0x3624,0x0E24,09,40,4,0x00BF20,0x1DB,0x00C0FB,0x0225,37,04,F4,OK
0x3623,0x0E23,09,40,4,0x00BF20,0x1DC,0x00C0FC,0x0224,37,00,EF,OK
0x3622,0x0E22,09,40,4,0x00BF20,0x1DD,0x00C0FD,0x0223,37,F0,DE,OK
0x3621,0x0E21,09,40,4,0x00BF20,0x1DE,0x00C0FE,0x0222,37,0B,F8,OK
0x3620,0x0E20,09,40,4,0x00BF20,0x1DF,0x00C0FF,0x0221,37,7F,6B,OK
0x361F,0x0E1F,09,40,4,0x00BF20,0x1E0,0x00C100,0x0220,37,87,72,OK
0x361E,0x0E1E,09,40,4,0x00BF20,0x1E1,0x00C101,0x021F,37,03,ED,OK
0x361D,0x0E1D,09,40,4,0x00BF20,0x1E2,0x00C102,0x021E,37,F0,D9,OK
0x361C,0x0E1C,09,40,4,0x00BF20,0x1E3,0x00C103,0x021D,37,09,F1,OK
0x361B,0x0E1B,09,40,4,0x00BF20,0x1E4,0x00C104,0x021C,37,01,E8,OK
0x361A,0x0E1A,09,40,4,0x00BF20,0x1E5,0x00C105,0x021B,37,F8,DE,OK
0x3619,0x0E19,09,40,4,0x00BF20,0x1E6,0x00C106,0x021A,37,0A,EF,OK
0x3618,0x0E18,09,40,4,0x00BF20,0x1E7,0x00C107,0x0219,37,7F,63,OK
0x3617,0x0E17,09,40,4,0x00BF20,0x1E8,0x00C108,0x0218,37,00,E3,OK
0x3616,0x0E16,09,40,4,0x00BF20,0x1E9,0x00C109,0x0217,37,06,E8,OK
0x3615,0x0E15,09,40,4,0x00BF20,0x1EA,0x00C10A,0x0216,37,FE,DF,OK
0x3614,0x0E14,09,40,4,0x00BF20,0x1EB,0x00C10B,0x0215,37,09,E9,OK
0x3613,0x0E13,09,40,4,0x00BF20,0x1EC,0x00C10C,0x0214,37,3F,1E,OK
0x3612,0x0E12,09,40,4,0x00BF20,0x1ED,0x00C10D,0x0213,37,96,74,OK
0x3611,0x0E11,09,40,4,0x00BF20,0x1EE,0x00C10E,0x0212,37,03,E0,OK
0x3610,0x0E10,09,40,4,0x00BF20,0x1EF,0x00C10F,0x0211,37,00,DC,OK
0x360F,0x0E0F,09,40,4,0x00BF20,0x1F0,0x00C110,0x0210,37,0C,E7,OK
0x360E,0x0E0E,09,40,4,0x00BF20,0x1F1,0x00C111,0x020F,37,03,DD,OK
0x360D,0x0E0D,09,40,4,0x00BF20,0x1F2,0x00C112,0x020E,37,0A,E3,OK
0x360C,0x0E0C,09,40,4,0x00BF20,0x1F3,0x00C113,0x020D,37,03,DB,OK
0x360B,0x0E0B,09,40,4,0x00BF20,0x1F4,0x00C114,0x020C,37,04,DB,OK
0x360A,0x0E0A,09,40,4,0x00BF20,0x1F5,0x00C115,0x020B,37,0A,E0,OK
0x3609,0x0E09,09,40,4,0x00BF20,0x1F6,0x00C116,0x020A,37,E0,B5,OK
0x3608,0x0E08,09,40,4,0x00BF20,0x1F7,0x00C117,0x0209,37,FF,D3,OK
0x3607,0x0E07,09,40,4,0x00BF20,0x1F8,0x00C118,0x0208,37,06,D9,OK
0x3606,0x0E06,09,40,4,0x00BF20,0x1F9,0x00C119,0x0207,37,09,DB,OK
0x3605,0x0E05,09,40,4,0x00BF20,0x1FA,0x00C11A,0x0206,37,F0,C1,OK
0x3604,0x0E04,09,40,4,0x00BF20,0x1FB,0x00C11B,0x0205,37,0F,DF,OK
0x3603,0x0E03,09,40,4,0x00BF20,0x1FC,0x00C11C,0x0204,37,F8,C7,OK
0x3602,0x0E02,09,40,4,0x00BF20,0x1FD,0x00C11D,0x0203,37,FF,CD,OK
0x3601,0x0E01,09,40,4,0x00BF20,0x1FE,0x00C11E,0x0202,37,0F,DC,OK
0x3600,0x0E00,09,40,4,0x00BF20,0x1FF,0x00C11F,0x0201,37,0B,D7,OK
0x35FF,0x0DFF,09,40,4,0x00BF20,0x200,0x00C120,0x0200,37,C0,8B,OK
0x35FE,0x0DFE,09,40,4,0x00BF20,0x201,0x00C121,0x01FF,37,09,D2,OK
0x35FD,0x0DFD,09,40,4,0x00BF20,0x202,0x00C122,0x01FE,37,07,CF,OK
0x35FC,0x0DFC,09,40,4,0x00BF20,0x203,0x00C123,0x01FD,37,04,CB,OK
0x35FB,0x0DFB,09,40,4,0x00BF20,0x204,0x00C124,0x01FC,37,8C,52,OK
0x35FA,0x0DFA,09,40,4,0x00BF20,0x205,0x00C125,0x01FB,37,03,C8,OK
0x35F9,0x0DF9,09,40,4,0x00BF20,0x206,0x00C126,0x01FA,37,80,44,OK
0x35F8,0x0DF8,09,40,4,0x00BF20,0x207,0x00C127,0x01F9,37,FF,C2,OK
0x35F7,0x0DF7,09,40,4,0x00BF20,0x208,0x00C128,0x01F8,37,05,C7,OK
0x35F6,0x0DF6,09,40,4,0x00BF20,0x209,0x00C129,0x01F7,37,03,C4,OK
0x35F5,0x0DF5,09,40,4,0x00BF20,0x20A,0x00C12A,0x01F6,37,04,C4,OK
0x35F4,0x0DF4,09,40,4,0x00BF20,0x20B,0x00C12B,0x01F5,37,00,BF,OK
0x35F3,0x0DF3,09,40,4,0x00BF20,0x20C,0x00C12C,0x01F4,37,06,C4,OK
0x35F2,0x0DF2,09,40,4,0x00BF20,0x20D,0x00C12D,0x01F3,37,03,C0,OK
0x35F1,0x0DF1,09,40,4,0x00BF20,0x20E,0x00C12E,0x01F2,37,FF,BB,OK
0x35F0,0x0DF0,09,40,4,0x00BF20,0x20F,0x00C12F,0x01F1,37,06,C1,OK
0x35EF,0x0DEF,09,40,4,0x00BF20,0x210,0x00C130,0x01F0,37,1F,D9,OK
0x35EE,0x0DEE,09,40,4,0x00BF20,0x211,0x00C131,0x01EF,37,90,49,OK
0x35ED,0x0DED,09,40,4,0x00BF20,0x212,0x00C132,0x01EE,37,03,BB,OK
0x35EC,0x0DEC,09,40,4,0x00BF20,0x213,0x00C133,0x01ED,37,00,B7,OK
0x35EB,0x0DEB,09,40,4,0x00BF20,0x214,0x00C134,0x01EC,37,10,C6,OK
0x35EA,0x0DEA,09,40,4,0x00BF20,0x215,0x00C135,0x01EB,37,03,B8,OK
0x35E9,0x0DE9,09,40,4,0x00BF20,0x216,0x00C136,0x01EA,37,0A,BE,OK
0x35E8,0x0DE8,09,40,4,0x00BF20,0x217,0x00C137,0x01E9,37,01,B4,OK
0x35E7,0x0DE7,09,40,4,0x00BF20,0x218,0x00C138,0x01E8,37,86,38,OK
0x35E6,0x0DE6,09,40,4,0x00BF20,0x219,0x00C139,0x01E7,37,03,B4,OK
0x35E5,0x0DE5,09,40,4,0x00BF20,0x21A,0x00C13A,0x01E6,37,F0,A0,OK
0x35E4,0x0DE4,09,40,4,0x00BF20,0x21B,0x00C13B,0x01E5,37,07,B6,OK
0x35E3,0x0DE3,09,40,4,0x00BF20,0x21C,0x00C13C,0x01E4,37,04,B2,OK
0x35E2,0x0DE2,09,40,4,0x00BF20,0x21D,0x00C13D,0x01E3,37,00,AD,OK
0x35E1,0x0DE1,09,40,4,0x00BF20,0x21E,0x00C13E,0x01E2,37,F0,9C,OK
0x35E0,0x0DE0,09,40,4,0x00BF20,0x21F,0x00C13F,0x01E1,37,0B,B6,OK
0x35DF,0x0DDF,09,40,4,0x00BF20,0x220,0x00C140,0x01E0,37,3F,E9,OK
0x35DE,0x0DDE,09,40,4,0x00BF20,0x221,0x00C141,0x01DF,37,87,30,OK
0x35DD,0x0DDD,09,40,4,0x00BF20,0x222,0x00C142,0x01DE,37,03,AB,OK
0x35DC,0x0DDC,09,40,4,0x00BF20,0x223,0x00C143,0x01DD,37,F0,97,OK
0x35DB,0x0DDB,09,40,4,0x00BF20,0x224,0x00C144,0x01DC,37,FF,A5,OK
0x35DA,0x0DDA,09,40,4,0x00BF20,0x225,0x00C145,0x01DB,37,7F,24,OK
0x35D9,0x0DD9,09,40,4,0x00BF20,0x226,0x00C146,0x01DA,37,C0,64,OK
0x35D8,0x0DD8,09,40,4,0x00BF20,0x227,0x00C147,0x01D9,37,0B,AE,OK
0x35D7,0x0DD7,09,40,4,0x00BF20,0x228,0x00C148,0x01D8,37,7F,21,OK
0x35D6,0x0DD6,09,40,4,0x00BF20,0x229,0x00C149,0x01D7,37,00,A1,OK
0x35D5,0x0DD5,09,40,4,0x00BF20,0x22A,0x00C14A,0x01D6,37,06,A6,OK
0x35D4,0x0DD4,09,40,4,0x00BF20,0x22B,0x00C14B,0x01D5,37,FE,9D,OK
0x35D3,0x0DD3,09,40,4,0x00BF20,0x22C,0x00C14C,0x01D4,37,09,A7,OK
0x35D2,0x0DD2,09,40,4,0x00BF20,0x22D,0x00C14D,0x01D3,37,3F,DC,OK
0x35D1,0x0DD1,09,40,4,0x00BF20,0x22E,0x00C14E,0x01D2,37,96,32,OK
0x35D0,0x0DD0,09,40,4,0x00BF20,0x22F,0x00C14F,0x01D1,37,03,9E,OK
0x35CF,0x0DCF,09,40,4,0x00BF20,0x230,0x00C150,0x01D0,37,8B,25,OK
0x35CE,0x0DCE,09,40,4,0x00BF20,0x231,0x00C151,0x01CF,37,03,9C,OK
0x35CD,0x0DCD,09,40,4,0x00BF20,0x232,0x00C152,0x01CE,37,80,18,OK
0x35CC,0x0DCC,09,40,4,0x00BF20,0x233,0x00C153,0x01CD,37,0A,A1,OK
0x35CB,0x0DCB,09,40,4,0x00BF20,0x234,0x00C154,0x01CC,37,03,99,OK
0x35CA,0x0DCA,09,40,4,0x00BF20,0x235,0x00C155,0x01CB,37,04,99,OK
0x35C9,0x0DC9,09,40,4,0x00BF20,0x236,0x00C156,0x01CA,37,00,94,OK
0x35C8,0x0DC8,09,40,4,0x00BF20,0x237,0x00C157,0x01C9,37,06,99,OK
0x35C7,0x0DC7,09,40,4,0x00BF20,0x238,0x00C158,0x01C8,37,FC,8E,OK
0x35C6,0x0DC6,09,40,4,0x00BF20,0x239,0x00C159,0x01C7,37,09,9A,OK
0x35C5,0x0DC5,09,40,4,0x00BF20,0x23A,0x00C15A,0x01C6,37,7F,0F,OK
0x35C4,0x0DC4,09,40,4,0x00BF20,0x23B,0x00C15B,0x01C5,37,09,98,OK
0x35C3,0x0DC3,09,40,4,0x00BF20,0x23C,0x00C15C,0x01C4,37,FC,8A,OK
0x35C2,0x0DC2,09,40,4,0x00BF20,0x23D,0x00C15D,0x01C3,37,03,90,OK
0x35C1,0x0DC1,09,40,4,0x00BF20,0x23E,0x00C15E,0x01C2,37,04,90,OK
0x35C0,0x0DC0,09,40,4,0x00BF20,0x23F,0x00C15F,0x01C1,37,F8,83,OK
0x35BF,0x0DBF,09,40,4,0x00BF20,0x240,0x00C160,0x01C0,37,FF,89,OK
0x35BE,0x0DBE,09,40,4,0x00BF20,0x241,0x00C161,0x01BF,37,07,90,OK
0x35BD,0x0DBD,09,40,4,0x00BF20,0x242,0x00C162,0x01BE,37,04,8C,OK
0x35BC,0x0DBC,09,40,4,0x00BF20,0x243,0x00C163,0x01BD,37,0B,92,OK
0x35BB,0x0DBB,09,40,4,0x00BF20,0x244,0x00C164,0x01BC,37,E0,66,OK
0x35BA,0x0DBA,09,40,4,0x00BF20,0x245,0x00C165,0x01BB,37,09,8E,OK
0x35B9,0x0DB9,09,40,4,0x00BF20,0x246,0x00C166,0x01BA,37,03,87,OK
0x35B8,0x0DB8,09,40,4,0x00BF20,0x247,0x00C167,0x01B9,37,04,87,OK
0x35B7,0x0DB7,09,40,4,0x00BF20,0x248,0x00C168,0x01B8,37,8C,0E,OK
0x35B6,0x0DB6,09,40,4,0x00BF20,0x249,0x00C169,0x01B7,37,03,84,OK
0x35B5,0x0DB5,09,40,4,0x00BF20,0x24A,0x00C16A,0x01B6,37,80,00,OK
0x35B4,0x0DB4,09,40,4,0x00BF20,0x24B,0x00C16B,0x01B5,37,FF,7E,OK
0x35B3,0x0DB3,09,40,4,0x00BF20,0x24C,0x00C16C,0x01B4,37,05,83,OK
0x35B2,0x0DB2,09,40,4,0x00BF20,0x24D,0x00C16D,0x01B3,37,00,7D,OK
0x35B1,0x0DB1,09,40,4,0x00BF20,0x24E,0x00C16E,0x01B2,37,06,82,OK
0x35B0,0x0DB0,09,40,4,0x00BF20,0x24F,0x00C16F,0x01B1,37,03,7E,OK
0x35AF,0x0DAF,09,40,4,0x00BF20,0x250,0x00C170,0x01B0,37,F0,6A,OK
0x35AE,0x0DAE,09,40,4,0x00BF20,0x251,0x00C171,0x01AF,37,FF,78,OK
0x35AD,0x0DAD,09,40,4,0x00BF20,0x252,0x00C172,0x01AE,37,06,7E,OK
0x35AC,0x0DAC,09,40,4,0x00BF20,0x253,0x00C173,0x01AD,37,03,7A,OK
0x35AB,0x0DAB,09,40,4,0x00BF20,0x254,0x00C174,0x01AC,37,04,7A,OK
0x35AA,0x0DAA,09,40,4,0x00BF20,0x255,0x00C175,0x01AB,37,90,05,OK
0x35A9,0x0DA9,09,40,4,0x00BF20,0x256,0x00C176,0x01AA,37,03,77,OK
0x35A8,0x0DA8,09,40,4,0x00BF20,0x257,0x00C177,0x01A9,37,8F,02,OK
0x35A7,0x0DA7,09,40,4,0x00BF20,0x258,0x00C178,0x01A8,37,03,75,OK
0x35A6,0x0DA6,09,40,4,0x00BF20,0x259,0x00C179,0x01A7,37,80,F1,OK
0x35A5,0x0DA5,09,40,4,0x00BF20,0x25A,0x00C17A,0x01A6,37,FF,6F,OK
0x35A4,0x0DA4,09,40,4,0x00BF20,0x25B,0x00C17B,0x01A5,37,06,75,OK
0x35A3,0x0DA3,09,40,4,0x00BF20,0x25C,0x00C17C,0x01A4,37,01,6F,OK
0x35A2,0x0DA2,09,40,4,0x00BF20,0x25D,0x00C17D,0x01A3,37,00,6D,OK
0x35A1,0x0DA1,09,40,4,0x00BF20,0x25E,0x00C17E,0x01A2,37,06,72,OK
0x35A0,0x0DA0,09,40,4,0x00BF20,0x25F,0x00C17F,0x01A1,37,03,6E,OK
0x359F,0x0D9F,09,40,4,0x00BF20,0x260,0x00C180,0x01A0,37,FC,66,OK
0x359E,0x0D9E,09,40,4,0x00BF20,0x261,0x00C181,0x019F,37,07,70,OK
0x359D,0x0D9D,09,40,4,0x00BF20,0x262,0x00C182,0x019E,37,04,6C,OK
0x359C,0x0D9C,09,40,4,0x00BF20,0x263,0x00C183,0x019D,37,00,67,OK
0x359B,0x0D9B,09,40,4,0x00BF20,0x264,0x00C184,0x019C,37,F8,5E,OK
0x359A,0x0D9A,09,40,4,0x00BF20,0x265,0x00C185,0x019B,37,0B,70,OK
0x3599,0x0D99,09,40,4,0x00BF20,0x266,0x00C186,0x019A,37,1F,83,OK
0x3598,0x0D98,09,40,4,0x00BF20,0x267,0x00C187,0x0199,37,00,63,OK
0x3597,0x0D97,09,40,4,0x00BF20,0x268,0x00C188,0x0198,37,07,69,OK
0x3596,0x0D96,09,40,4,0x00BF20,0x269,0x00C189,0x0197,37,03,64,OK
0x3595,0x0D95,09,40,4,0x00BF20,0x26A,0x00C18A,0x0196,37,FC,5C,OK
0x3594,0x0D94,09,40,4,0x00BF20,0x26B,0x00C18B,0x0195,37,87,E6,OK
0x3593,0x0D93,09,40,4,0x00BF20,0x26C,0x00C18C,0x0194,37,03,61,OK
0x3592,0x0D92,09,40,4,0x00BF20,0x26D,0x00C18D,0x0193,37,7F,DC,OK
0x3591,0x0D91,09,40,4,0x00BF20,0x26E,0x00C18E,0x0192,37,09,65,OK
0x3590,0x0D90,09,40,4,0x00BF20,0x26F,0x00C18F,0x0191,37,80,DB,OK
0x358F,0x0D8F,09,40,4,0x00BF20,0x270,0x00C190,0x0190,37,0A,64,OK
0x358E,0x0D8E,09,40,4,0x00BF20,0x271,0x00C191,0x018F,37,1F,78,OK
0x358D,0x0D8D,09,40,4,0x00BF20,0x272,0x00C192,0x018E,37,96,EE,OK
0x358C,0x0D8C,09,40,4,0x00BF20,0x273,0x00C193,0x018D,37,03,5A,OK
0x358B,0x0D8B,09,40,4,0x00BF20,0x274,0x00C194,0x018C,37,8B,E1,OK
0x358A,0x0D8A,09,40,4,0x00BF20,0x275,0x00C195,0x018B,37,03,58,OK
0x3589,0x0D89,09,40,4,0x00BF20,0x276,0x00C196,0x018A,37,C0,14,OK
0x3588,0x0D88,09,40,4,0x00BF20,0x277,0x00C197,0x0189,37,0A,5D,OK
0x3587,0x0D87,09,40,4,0x00BF20,0x278,0x00C198,0x0188,37,01,53,OK
0x3586,0x0D86,09,40,4,0x00BF20,0x279,0x00C199,0x0187,37,00,51,OK
0x3585,0x0D85,09,40,4,0x00BF20,0x27A,0x00C19A,0x0186,37,06,56,OK
0x3584,0x0D84,09,40,4,0x00BF20,0x27B,0x00C19B,0x0185,37,0A,59,OK
0x3583,0x0D83,09,40,4,0x00BF20,0x27C,0x00C19C,0x0184,37,3F,8D,OK
0x3582,0x0D82,09,40,4,0x00BF20,0x27D,0x00C19D,0x0183,37,09,56,OK
0x3581,0x0D81,09,40,4,0x00BF20,0x27E,0x00C19E,0x0182,37,FC,48,OK
0x3580,0x0D80,09,40,4,0x00BF20,0x27F,0x00C19F,0x0181,37,00,4B,OK
0x357F,0x0D7F,09,40,4,0x00BF20,0x280,0x00C1A0,0x0180,37,FE,48,OK
0x357E,0x0D7E,09,40,4,0x00BF20,0x281,0x00C1A1,0x017F,37,FF,48,OK
0x357D,0x0D7D,09,40,4,0x00BF20,0x282,0x00C1A2,0x017E,37,03,4B,OK
0x357C,0x0D7C,09,40,4,0x00BF20,0x283,0x00C1A3,0x017D,37,04,4B,OK
0x357B,0x0D7B,09,40,4,0x00BF20,0x284,0x00C1A4,0x017C,37,0B,51,OK
0x357A,0x0D7A,09,40,4,0x00BF20,0x285,0x00C1A5,0x017B,37,F0,35,OK
0x3579,0x0D79,09,40,4,0x00BF20,0x286,0x00C1A6,0x017A,37,09,4D,OK
0x3578,0x0D78,09,40,4,0x00BF20,0x287,0x00C1A7,0x0179,37,01,44,OK
0x3577,0x0D77,09,40,4,0x00BF20,0x288,0x00C1A8,0x0178,37,8D,CF,OK
0x3576,0x0D76,09,40,4,0x00BF20,0x289,0x00C1A9,0x0177,37,03,44,OK
0x3575,0x0D75,09,40,4,0x00BF20,0x28A,0x00C1AA,0x0176,37,FF,3F,OK
0x3574,0x0D74,09,40,4,0x00BF20,0x28B,0x00C1AB,0x0175,37,7F,BE,OK
0x3573,0x0D73,09,40,4,0x00BF20,0x28C,0x00C1AC,0x0174,37,00,3E,OK
0x3572,0x0D72,09,40,4,0x00BF20,0x28D,0x00C1AD,0x0173,37,06,43,OK
0x3571,0x0D71,09,40,4,0x00BF20,0x28E,0x00C1AE,0x0172,37,03,3F,OK
0x3570,0x0D70,09,40,4,0x00BF20,0x28F,0x00C1AF,0x0171,37,0A,45,OK
0x356F,0x0D6F,09,40,4,0x00BF20,0x290,0x00C1B0,0x0170,37,7F,B9,OK
0x356E,0x0D6E,09,40,4,0x00BF20,0x291,0x00C1B1,0x016F,37,91,CA,OK
0x356D,0x0D6D,09,40,4,0x00BF20,0x292,0x00C1B2,0x016E,37,03,3B,OK
0x356C,0x0D6C,09,40,4,0x00BF20,0x293,0x00C1B3,0x016D,37,8F,C6,OK
0x356B,0x0D6B,09,40,4,0x00BF20,0x294,0x00C1B4,0x016C,37,03,39,OK
0x356A,0x0D6A,09,40,4,0x00BF20,0x295,0x00C1B5,0x016B,37,80,B5,OK
0x3569,0x0D69,09,40,4,0x00BF20,0x296,0x00C1B6,0x016A,37,FF,33,OK
0x3568,0x0D68,09,40,4,0x00BF20,0x297,0x00C1B7,0x0169,37,06,39,OK
0x3567,0x0D67,09,40,4,0x00BF20,0x298,0x00C1B8,0x0168,37,00,32,OK
0x3566,0x0D66,09,40,4,0x00BF20,0x299,0x00C1B9,0x0167,37,07,38,OK
0x3565,0x0D65,09,40,4,0x00BF20,0x29A,0x00C1BA,0x0166,37,03,33,OK
0x3564,0x0D64,09,40,4,0x00BF20,0x29B,0x00C1BB,0x0165,37,FF,2E,OK
0x3563,0x0D63,09,40,4,0x00BF20,0x29C,0x00C1BC,0x0164,37,01,2F,OK
0x3562,0x0D62,09,40,4,0x00BF20,0x29D,0x00C1BD,0x0163,37,00,2D,OK
0x3561,0x0D61,09,40,4,0x00BF20,0x29E,0x00C1BE,0x0162,37,FC,28,OK
0x3560,0x0D60,09,40,4,0x00BF20,0x29F,0x00C1BF,0x0161,37,0B,36,OK
0x355F,0x0D5F,09,40,4,0x00BF20,0x2A0,0x00C1C0,0x0160,37,0F,39,OK
0x355E,0x0D5E,09,40,4,0x00BF20,0x2A1,0x00C1C1,0x015F,37,0C,35,OK
0x355D,0x0D5D,09,40,4,0x00BF20,0x2A2,0x00C1C2,0x015E,37,F8,20,OK
0x355C,0x0D5C,09,40,4,0x00BF20,0x2A3,0x00C1C3,0x015D,37,00,27,OK
0x355B,0x0D5B,09,40,4,0x00BF20,0x2A4,0x00C1C4,0x015C,37,FE,24,OK
0x355A,0x0D5A,09,40,4,0x00BF20,0x2A5,0x00C1C5,0x015B,37,88,AD,OK
0x3559,0x0D59,09,40,4,0x00BF20,0x2A6,0x00C1C6,0x015A,37,03,27,OK
0x3558,0x0D58,09,40,4,0x00BF20,0x2A7,0x00C1C7,0x0159,37,09,2C,OK
0x3557,0x0D57,09,40,4,0x00BF20,0x2A8,0x00C1C8,0x0158,37,80,A2,OK
0x3556,0x0D56,09,40,4,0x00BF20,0x2A9,0x00C1C9,0x0157,37,0A,2B,OK
0x3555,0x0D55,09,40,4,0x00BF20,0x2AA,0x00C1CA,0x0156,37,0F,2F,OK
0x3554,0x0D54,09,40,4,0x00BF20,0x2AB,0x00C1CB,0x0155,37,96,B5,OK
0x3553,0x0D53,09,40,4,0x00BF20,0x2AC,0x00C1CC,0x0154,37,03,21,OK
0x3552,0x0D52,09,40,4,0x00BF20,0x2AD,0x00C1CD,0x0153,37,8B,A8,OK
0x3551,0x0D51,09,40,4,0x00BF20,0x2AE,0x00C1CE,0x0152,37,03,1F,OK
0x3550,0x0D50,09,40,4,0x00BF20,0x2AF,0x00C1CF,0x0151,37,C0,DB,OK
0x354F,0x0D4F,09,40,4,0x00BF20,0x2B0,0x00C1D0,0x0150,37,0A,24,OK
0x354E,0x0D4E,09,40,4,0x00BF20,0x2B1,0x00C1D1,0x014F,37,01,1A,OK
0x354D,0x0D4D,09,40,4,0x00BF20,0x2B2,0x00C1D2,0x014E,37,09,21,OK
0x354C,0x0D4C,09,40,4,0x00BF20,0x2B3,0x00C1D3,0x014D,37,80,97,OK
0x354B,0x0D4B,09,40,4,0x00BF20,0x2B4,0x00C1D4,0x014C,37,0A,20,OK
0x354A,0x0D4A,09,40,4,0x00BF20,0x2B5,0x00C1D5,0x014B,37,3F,54,OK
0x3549,0x0D49,09,40,4,0x00BF20,0x2B6,0x00C1D6,0x014A,37,09,1D,OK
0x3548,0x0D48,09,40,4,0x00BF20,0x2B7,0x00C1D7,0x0149,37,0E,21,OK
0x3547,0x0D47,09,40,4,0x00BF20,0x2B8,0x00C1D8,0x0148,37,00,12,OK
0x3546,0x0D46,09,40,4,0x00BF20,0x2B9,0x00C1D9,0x0147,37,09,1A,OK
0x3545,0x0D45,09,40,4,0x00BF20,0x2BA,0x00C1DA,0x0146,37,03,13,OK
0x3544,0x0D44,09,40,4,0x00BF20,0x2BB,0x00C1DB,0x0145,37,04,13,OK
0x3543,0x0D43,09,40,4,0x00BF20,0x2BC,0x00C1DC,0x0144,37,0B,19,OK
0x3542,0x0D42,09,40,4,0x00BF20,0x2BD,0x00C1DD,0x0143,37,F8,05,OK
0x3541,0x0D41,09,40,4,0x00BF20,0x2BE,0x00C1DE,0x0142,37,09,15,OK
0x3540,0x0D40,09,40,4,0x00BF20,0x2BF,0x00C1DF,0x0141,37,01,0C,OK
0x353F,0x0D3F,09,40,4,0x00BF20,0x2C0,0x00C1E0,0x0140,37,8D,97,OK
0x353E,0x0D3E,09,40,4,0x00BF20,0x2C1,0x00C1E1,0x013F,37,03,0C,OK
0x353D,0x0D3D,09,40,4,0x00BF20,0x2C2,0x00C1E2,0x013E,37,FF,07,OK
0x353C,0x0D3C,09,40,4,0x00BF20,0x2C3,0x00C1E3,0x013D,37,3F,46,OK
0x353B,0x0D3B,09,40,4,0x00BF20,0x2C4,0x00C1E4,0x013C,37,00,06,OK
0x353A,0x0D3A,09,40,4,0x00BF20,0x2C5,0x00C1E5,0x013B,37,08,0D,OK
0x3539,0x0D39,09,40,4,0x00BF20,0x2C6,0x00C1E6,0x013A,37,EC,F0,OK
0x3538,0x0D38,09,40,4,0x00BF20,0x2C7,0x00C1E7,0x0139,37,0A,0D,OK
0x3537,0x0D37,09,40,4,0x00BF20,0x2C8,0x00C1E8,0x0138,37,3F,41,OK
0x3536,0x0D36,09,40,4,0x00BF20,0x2C9,0x00C1E9,0x0137,37,91,92,OK
0x3535,0x0D35,09,40,4,0x00BF20,0x2CA,0x00C1EA,0x0136,37,03,03,OK
0x3534,0x0D34,09,40,4,0x00BF20,0x2CB,0x00C1EB,0x0135,37,8F,8E,OK
0x3533,0x0D33,09,40,4,0x00BF20,0x2CC,0x00C1EC,0x0134,37,03,01,OK
0x3532,0x0D32,09,40,4,0x00BF20,0x2CD,0x00C1ED,0x0133,37,C0,BD,OK
0x3531,0x0D31,09,40,4,0x00BF20,0x2CE,0x00C1EE,0x0132,37,09,05,OK
0x3530,0x0D30,09,40,4,0x00BF20,0x2CF,0x00C1EF,0x0131,37,7F,7A,OK
0x352F,0x0D2F,09,40,4,0x00BF20,0x2D0,0x00C1F0,0x0130,37,86,80,OK
0x352E,0x0D2E,09,40,4,0x00BF20,0x2D1,0x00C1F1,0x012F,37,03,FC,OK
0x352D,0x0D2D,09,40,4,0x00BF20,0x2D2,0x00C1F2,0x012E,37,F0,E8,OK
0x352C,0x0D2C,09,40,4,0x00BF20,0x2D3,0x00C1F3,0x012D,37,FF,F6,OK
0x352B,0x0D2B,09,40,4,0x00BF20,0x2D4,0x00C1F4,0x012C,37,09,FF,OK
0x352A,0x0D2A,09,40,4,0x00BF20,0x2D5,0x00C1F5,0x012B,37,FC,F1,OK
0x3529,0x0D29,09,40,4,0x00BF20,0x2D6,0x00C1F6,0x012A,37,0B,FF,OK
0x3528,0x0D28,09,40,4,0x00BF20,0x2D7,0x00C1F7,0x0129,37,07,FA,OK
0x3527,0x0D27,09,40,4,0x00BF20,0x2D8,0x00C1F8,0x0128,37,04,F6,OK
0x3526,0x0D26,09,40,4,0x00BF20,0x2D9,0x00C1F9,0x0127,37,00,F1,OK
0x3525,0x0D25,09,40,4,0x00BF20,0x2DA,0x00C1FA,0x0126,37,08,F8,OK
0x3524,0x0D24,09,40,4,0x00BF20,0x2DB,0x00C1FB,0x0125,37,FE,ED,OK
0x3523,0x0D23,09,40,4,0x00BF20,0x2DC,0x00C1FC,0x0124,37,80,6E,OK
0x3522,0x0D22,09,40,4,0x00BF20,0x2DD,0x00C1FD,0x0123,37,89,76,OK
0x3521,0x0D21,09,40,4,0x00BF20,0x2DE,0x00C1FE,0x0122,37,03,EF,OK
0x3520,0x0D20,09,40,4,0x00BF20,0x2DF,0x00C1FF,0x0121,37,09,F4,OK
0x351F,0x0D1F,09,40,4,0x00BF20,0x2E0,0x00C200,0x0120,37,C0,AA,OK
0x351E,0x0D1E,09,40,4,0x00BF20,0x2E1,0x00C201,0x011F,37,0A,F3,OK
0x351D,0x0D1D,09,40,4,0x00BF20,0x2E2,0x00C202,0x011E,37,07,EF,OK
0x351C,0x0D1C,09,40,4,0x00BF20,0x2E3,0x00C203,0x011D,37,04,EB,OK
0x351B,0x0D1B,09,40,4,0x00BF20,0x2E4,0x00C204,0x011C,37,96,7C,OK
0x351A,0x0D1A,09,40,4,0x00BF20,0x2E5,0x00C205,0x011B,37,03,E8,OK
0x3519,0x0D19,09,40,4,0x00BF20,0x2E6,0x00C206,0x011A,37,8B,6F,OK
0x3518,0x0D18,09,40,4,0x00BF20,0x2E7,0x00C207,0x0119,37,03,E6,OK
0x3517,0x0D17,09,40,4,0x00BF20,0x2E8,0x00C208,0x0118,37,F0,D2,OK
0x3516,0x0D16,09,40,4,0x00BF20,0x2E9,0x00C209,0x0117,37,FF,E0,OK
0x3515,0x0D15,09,40,4,0x00BF20,0x2EA,0x00C20A,0x0116,37,06,E6,OK
0x3514,0x0D14,09,40,4,0x00BF20,0x2EB,0x00C20B,0x0115,37,0A,E9,OK
0x3513,0x0D13,09,40,4,0x00BF20,0x2EC,0x00C20C,0x0114,37,80,5E,OK
0x3512,0x0D12,09,40,4,0x00BF20,0x2ED,0x00C20D,0x0113,37,0A,E7,OK
0x3511,0x0D11,09,40,4,0x00BF20,0x2EE,0x00C20E,0x0112,37,0F,EB,OK
0x3510,0x0D10,09,40,4,0x00BF20,0x2EF,0x00C20F,0x0111,37,09,E4,OK
0x350F,0x0D0F,09,40,4,0x00BF20,0x2F0,0x00C210,0x0110,37,06,E0,OK
0x350E,0x0D0E,09,40,4,0x00BF20,0x2F1,0x00C211,0x010F,37,04,DD,OK
0x350D,0x0D0D,09,40,4,0x00BF20,0x2F2,0x00C212,0x010E,37,C0,98,OK
0x350C,0x0D0C,09,40,4,0x00BF20,0x2F3,0x00C213,0x010D,37,09,E0,OK
0x350B,0x0D0B,09,40,4,0x00BF20,0x2F4,0x00C214,0x010C,37,01,D7,OK
0x350A,0x0D0A,09,40,4,0x00BF20,0x2F5,0x00C215,0x010B,37,00,D5,OK
0x3509,0x0D09,09,40,4,0x00BF20,0x2F6,0x00C216,0x010A,37,07,DB,OK
0x3508,0x0D08,09,40,4,0x00BF20,0x2F7,0x00C217,0x0109,37,FC,CF,OK
0x3507,0x0D07,09,40,4,0x00BF20,0x2F8,0x00C218,0x0108,37,09,DB,OK
0x3506,0x0D06,09,40,4,0x00BF20,0x2F9,0x00C219,0x0107,37,01,D2,OK
0x3505,0x0D05,09,40,4,0x00BF20,0x2FA,0x00C21A,0x0106,37,8D,5D,OK
0x3504,0x0D04,09,40,4,0x00BF20,0x2FB,0x00C21B,0x0105,37,03,D2,OK
0x3503,0x0D03,09,40,4,0x00BF20,0x2FC,0x00C21C,0x0104,37,FC,CA,OK
0x3502,0x0D02,09,40,4,0x00BF20,0x2FD,0x00C21D,0x0103,37,1F,EC,OK
0x3501,0x0D01,09,40,4,0x00BF20,0x2FE,0x00C21E,0x0102,37,00,CC,OK
0x3500,0x0D00,09,40,4,0x00BF20,0x2FF,0x00C21F,0x0101,37,08,D3,OK
0x34FF,0x0CFF,09,40,4,0x00BF20,0x300,0x00C220,0x0100,37,0B,D5,OK
0x34FE,0x0CFE,09,40,4,0x00BF20,0x301,0x00C221,0x00FF,37,1F,E7,OK
0x34FD,0x0CFD,09,40,4,0x00BF20,0x302,0x00C222,0x00FE,37,91,58,OK
0x34FC,0x0CFC,09,40,4,0x00BF20,0x303,0x00C223,0x00FD,37,03,C9,OK
0x34FB,0x0CFB,09,40,4,0x00BF20,0x304,0x00C224,0x00FC,37,8F,54,OK
0x34FA,0x0CFA,09,40,4,0x00BF20,0x305,0x00C225,0x00FB,37,03,C7,OK
0x34F9,0x0CF9,09,40,4,0x00BF20,0x306,0x00C226,0x00FA,37,E0,A3,OK
0x34F8,0x0CF8,09,40,4,0x00BF20,0x307,0x00C227,0x00F9,37,09,CB,OK
0x34F7,0x0CF7,09,40,4,0x00BF20,0x308,0x00C228,0x00F8,37,7F,40,OK
0x34F6,0x0CF6,09,40,4,0x00BF20,0x309,0x00C229,0x00F7,37,00,C0,OK
0x34F5,0x0CF5,09,40,4,0x00BF20,0x30A,0x00C22A,0x00F6,37,06,C5,OK
0x34F4,0x0CF4,09,40,4,0x00BF20,0x30B,0x00C22B,0x00F5,37,03,C1,OK
0x34F3,0x0CF3,09,40,4,0x00BF20,0x30C,0x00C22C,0x00F4,37,F8,B5,OK
0x34F2,0x0CF2,09,40,4,0x00BF20,0x30D,0x00C22D,0x00F3,37,3F,FB,OK
0x34F1,0x0CF1,09,40,4,0x00BF20,0x30E,0x00C22E,0x00F2,37,09,C4,OK
0x34F0,0x0CF0,09,40,4,0x00BF20,0x30F,0x00C22F,0x00F1,37,FE,B8,OK
0x34EF,0x0CEF,09,40,4,0x00BF20,0x310,0x00C230,0x00F0,37,FF,B8,OK
0x34EE,0x0CEE,09,40,4,0x00BF20,0x311,0x00C231,0x00EF,37,07,BF,OK
0x34ED,0x0CED,09,40,4,0x00BF20,0x312,0x00C232,0x00EE,37,03,BA,OK
0x34EC,0x0CEC,09,40,4,0x00BF20,0x313,0x00C233,0x00ED,37,04,BA,OK
0x34EB,0x0CEB,09,40,4,0x00BF20,0x314,0x00C234,0x00EC,37,00,B5,OK
0x34EA,0x0CEA,09,40,4,0x00BF20,0x315,0x00C235,0x00EB,37,08,BC,OK
0x34E9,0x0CE9,09,40,4,0x00BF20,0x316,0x00C236,0x00EA,37,7E,31,OK
0x34E8,0x0CE8,09,40,4,0x00BF20,0x317,0x00C237,0x00E9,37,C0,72,OK
0x34E7,0x0CE7,09,40,4,0x00BF20,0x318,0x00C238,0x00E8,37,89,3A,OK
0x34E6,0x0CE6,09,40,4,0x00BF20,0x319,0x00C239,0x00E7,37,03,B3,OK
0x34E5,0x0CE5,09,40,4,0x00BF20,0x31A,0x00C23A,0x00E6,37,03,B2,OK
0x34E4,0x0CE4,09,40,4,0x00BF20,0x31B,0x00C23B,0x00E5,37,04,B2,OK
0x34E3,0x0CE3,09,40,4,0x00BF20,0x31C,0x00C23C,0x00E4,37,00,AD,OK
0x34E2,0x0CE2,09,40,4,0x00BF20,0x31D,0x00C23D,0x00E3,37,E0,8C,OK
0x34E1,0x0CE1,09,40,4,0x00BF20,0x31E,0x00C23E,0x00E2,37,FF,AA,OK
0x34E0,0x0CE0,09,40,4,0x00BF20,0x31F,0x00C23F,0x00E1,37,06,B0,OK
0x34DF,0x0CDF,09,40,4,0x00BF20,0x320,0x00C240,0x00E0,37,03,AC,OK
0x34DE,0x0CDE,09,40,4,0x00BF20,0x321,0x00C241,0x00DF,37,04,AC,OK
0x34DD,0x0CDD,09,40,4,0x00BF20,0x322,0x00C242,0x00DE,37,96,3D,OK
0x34DC,0x0CDC,09,40,4,0x00BF20,0x323,0x00C243,0x00DD,37,03,A9,OK
0x34DB,0x0CDB,09,40,4,0x00BF20,0x324,0x00C244,0x00DC,37,8B,30,OK
0x34DA,0x0CDA,09,40,4,0x00BF20,0x325,0x00C245,0x00DB,37,03,A7,OK
0x34D9,0x0CD9,09,40,4,0x00BF20,0x326,0x00C246,0x00DA,37,F0,93,OK
0x34D8,0x0CD8,09,40,4,0x00BF20,0x327,0x00C247,0x00D9,37,FF,A1,OK
0x34D7,0x0CD7,09,40,4,0x00BF20,0x328,0x00C248,0x00D8,37,06,A7,OK
0x34D6,0x0CD6,09,40,4,0x00BF20,0x329,0x00C249,0x00D7,37,0A,AA,OK
0x34D5,0x0CD5,09,40,4,0x00BF20,0x32A,0x00C24A,0x00D6,37,C0,5F,OK
0x34D4,0x0CD4,09,40,4,0x00BF20,0x32B,0x00C24B,0x00D5,37,0A,A8,OK
0x34D3,0x0CD3,09,40,4,0x00BF20,0x32C,0x00C24C,0x00D4,37,0F,AC,OK
0x34D2,0x0CD2,09,40,4,0x00BF20,0x32D,0x00C24D,0x00D3,37,0A,A6,OK
0x34D1,0x0CD1,09,40,4,0x00BF20,0x32E,0x00C24E,0x00D2,37,E0,7B,OK
0x34D0,0x0CD0,09,40,4,0x00BF20,0x32F,0x00C24F,0x00D1,37,FF,99,OK
0x34CF,0x0CCF,09,40,4,0x00BF20,0x330,0x00C250,0x00D0,37,05,9E,OK
0x34CE,0x0CCE,09,40,4,0x00BF20,0x331,0x00C251,0x00CF,37,00,98,OK
0x34CD,0x0CCD,09,40,4,0x00BF20,0x332,0x00C252,0x00CE,37,08,9F,OK
0x34CC,0x0CCC,09,40,4,0x00BF20,0x333,0x00C253,0x00CD,37,0A,A0,OK
0x34CB,0x0CCB,09,40,4,0x00BF20,0x334,0x00C254,0x00CC,37,01,96,OK
0x34CA,0x0CCA,09,40,4,0x00BF20,0x335,0x00C255,0x00CB,37,8D,21,OK
0x34C9,0x0CC9,09,40,4,0x00BF20,0x336,0x00C256,0x00CA,37,03,96,OK
0x34C8,0x0CC8,09,40,4,0x00BF20,0x337,0x00C257,0x00C9,37,FC,8E,OK
0x34C7,0x0CC7,09,40,4,0x00BF20,0x338,0x00C258,0x00C8,37,1F,B0,OK
0x34C6,0x0CC6,09,40,4,0x00BF20,0x339,0x00C259,0x00C7,37,0B,9B,OK
0x34C5,0x0CC5,09,40,4,0x00BF20,0x33A,0x00C25A,0x00C6,37,C0,4F,OK
0x34C4,0x0CC4,09,40,4,0x00BF20,0x33B,0x00C25B,0x00C5,37,0B,99,OK
0x34C3,0x0CC3,09,40,4,0x00BF20,0x33C,0x00C25C,0x00C4,37,07,94,OK
0x34C2,0x0CC2,09,40,4,0x00BF20,0x33D,0x00C25D,0x00C3,37,04,90,OK
0x34C1,0x0CC1,09,40,4,0x00BF20,0x33E,0x00C25E,0x00C2,37,91,1C,OK
0x34C0,0x0CC0,09,40,4,0x00BF20,0x33F,0x00C25F,0x00C1,37,03,8D,OK
0x34BF,0x0CBF,09,40,4,0x00BF20,0x340,0x00C260,0x00C0,37,8F,18,OK
0x34BE,0x0CBE,09,40,4,0x00BF20,0x341,0x00C261,0x00BF,37,03,8B,OK
0x34BD,0x0CBD,09,40,4,0x00BF20,0x342,0x00C262,0x00BE,37,E0,67,OK
0x34BC,0x0CBC,09,40,4,0x00BF20,0x343,0x00C263,0x00BD,37,09,8F,OK
0x34BB,0x0CBB,09,40,4,0x00BF20,0x344,0x00C264,0x00BC,37,3F,C4,OK
0x34BA,0x0CBA,09,40,4,0x00BF20,0x345,0x00C265,0x00BB,37,00,84,OK
0x34B9,0x0CB9,09,40,4,0x00BF20,0x346,0x00C266,0x00BA,37,06,89,OK
0x34B8,0x0CB8,09,40,4,0x00BF20,0x347,0x00C267,0x00B9,37,03,85,OK
0x34B7,0x0CB7,09,40,4,0x00BF20,0x348,0x00C268,0x00B8,37,FF,80,OK
0x34B6,0x0CB6,09,40,4,0x00BF20,0x349,0x00C269,0x00B7,37,1F,9F,OK
0x34B5,0x0CB5,09,40,4,0x00BF20,0x34A,0x00C26A,0x00B6,37,00,7F,OK
0x34B4,0x0CB4,09,40,4,0x00BF20,0x34B,0x00C26B,0x00B5,37,05,83,OK
0x34B3,0x0CB3,09,40,4,0x00BF20,0x34C,0x00C26C,0x00B4,37,FF,7C,OK
0x34B2,0x0CB2,09,40,4,0x00BF20,0x34D,0x00C26D,0x00B3,37,08,84,OK
0x34B1,0x0CB1,09,40,4,0x00BF20,0x34E,0x00C26E,0x00B2,37,0C,87,OK
0x34B0,0x0CB0,09,40,4,0x00BF20,0x34F,0x00C26F,0x00B1,37,80,FA,OK
0x34AF,0x0CAF,09,40,4,0x00BF20,0x350,0x00C270,0x00B0,37,3F,B8,OK
0x34AE,0x0CAE,09,40,4,0x00BF20,0x351,0x00C271,0x00AF,37,F0,68,OK
0x34AD,0x0CAD,09,40,4,0x00BF20,0x352,0x00C272,0x00AE,37,89,00,OK
0x34AC,0x0CAC,09,40,4,0x00BF20,0x353,0x00C273,0x00AD,37,03,79,OK
0x34AB,0x0CAB,09,40,4,0x00BF20,0x354,0x00C274,0x00AC,37,03,78,OK
0x34AA,0x0CAA,09,40,4,0x00BF20,0x355,0x00C275,0x00AB,37,04,78,OK
0x34A9,0x0CA9,09,40,4,0x00BF20,0x356,0x00C276,0x00AA,37,00,73,OK
0x34A8,0x0CA8,09,40,4,0x00BF20,0x357,0x00C277,0x00A9,37,F0,62,OK
0x34A7,0x0CA7,09,40,4,0x00BF20,0x358,0x00C278,0x00A8,37,FF,70,OK
0x34A6,0x0CA6,09,40,4,0x00BF20,0x359,0x00C279,0x00A7,37,06,76,OK
0x34A5,0x0CA5,09,40,4,0x00BF20,0x35A,0x00C27A,0x00A6,37,01,70,OK
0x34A4,0x0CA4,09,40,4,0x00BF20,0x35B,0x00C27B,0x00A5,37,96,04,OK
0x34A3,0x0CA3,09,40,4,0x00BF20,0x35C,0x00C27C,0x00A4,37,03,70,OK
0x34A2,0x0CA2,09,40,4,0x00BF20,0x35D,0x00C27D,0x00A3,37,8B,F7,OK
0x34A1,0x0CA1,09,40,4,0x00BF20,0x35E,0x00C27E,0x00A2,37,03,6E,OK
0x34A0,0x0CA0,09,40,4,0x00BF20,0x35F,0x00C27F,0x00A1,37,F8,62,OK
0x349F,0x0C9F,09,40,4,0x00BF20,0x360,0x00C280,0x00A0,37,09,72,OK
0x349E,0x0C9E,09,40,4,0x00BF20,0x361,0x00C281,0x009F,37,7F,E7,OK
0x349D,0x0C9D,09,40,4,0x00BF20,0x362,0x00C282,0x009E,37,0A,71,OK
0x349C,0x0C9C,09,40,4,0x00BF20,0x363,0x00C283,0x009D,37,C0,26,OK
0x349B,0x0C9B,09,40,4,0x00BF20,0x364,0x00C284,0x009C,37,0A,6F,OK
0x349A,0x0C9A,09,40,4,0x00BF20,0x365,0x00C285,0x009B,37,07,6B,OK
0x3499,0x0C99,09,40,4,0x00BF20,0x366,0x00C286,0x009A,37,04,67,OK
0x3498,0x0C98,09,40,4,0x00BF20,0x367,0x00C287,0x0099,37,0A,6C,OK
0x3497,0x0C97,09,40,4,0x00BF20,0x368,0x00C288,0x0098,37,F0,51,OK
0x3496,0x0C96,09,40,4,0x00BF20,0x369,0x00C289,0x0097,37,FF,5F,OK
0x3495,0x0C95,09,40,4,0x00BF20,0x36A,0x00C28A,0x0096,37,05,64,OK
0x3494,0x0C94,09,40,4,0x00BF20,0x36B,0x00C28B,0x0095,37,0B,69,OK
0x3493,0x0C93,09,40,4,0x00BF20,0x36C,0x00C28C,0x0094,37,80,DD,OK
0x3492,0x0C92,09,40,4,0x00BF20,0x36D,0x00C28D,0x0093,37,0A,66,OK
0x3491,0x0C91,09,40,4,0x00BF20,0x36E,0x00C28E,0x0092,37,01,5C,OK
0x3490,0x0C90,09,40,4,0x00BF20,0x36F,0x00C28F,0x0091,37,8A,E4,OK
0x348F,0x0C8F,09,40,4,0x00BF20,0x370,0x00C290,0x0090,37,03,5C,OK
0x348E,0x0C8E,09,40,4,0x00BF20,0x371,0x00C291,0x008F,37,80,D8,OK
0x348D,0x0C8D,09,40,4,0x00BF20,0x372,0x00C292,0x008E,37,09,60,OK
0x348C,0x0C8C,09,40,4,0x00BF20,0x373,0x00C293,0x008D,37,F8,4E,OK
0x348B,0x0C8B,09,40,4,0x00BF20,0x374,0x00C294,0x008C,37,0F,64,OK
0x348A,0x0C8A,09,40,4,0x00BF20,0x375,0x00C295,0x008B,37,0B,5F,OK
0x3489,0x0C89,09,40,4,0x00BF20,0x376,0x00C296,0x008A,37,C0,13,OK
0x3488,0x0C88,09,40,4,0x00BF20,0x377,0x00C297,0x0089,37,0B,5D,OK
0x3487,0x0C87,09,40,4,0x00BF20,0x378,0x00C298,0x0088,37,03,54,OK
0x3486,0x0C86,09,40,4,0x00BF20,0x379,0x00C299,0x0087,37,04,54,OK
0x3485,0x0C85,09,40,4,0x00BF20,0x37A,0x00C29A,0x0086,37,91,E0,OK
0x3484,0x0C84,09,40,4,0x00BF20,0x37B,0x00C29B,0x0085,37,03,51,OK
0x3483,0x0C83,09,40,4,0x00BF20,0x37C,0x00C29C,0x0084,37,8F,DC,OK
0x3482,0x0C82,09,40,4,0x00BF20,0x37D,0x00C29D,0x0083,37,03,4F,OK
0x3481,0x0C81,09,40,4,0x00BF20,0x37E,0x00C29E,0x0082,37,E0,2B,OK
0x3480,0x0C80,09,40,4,0x00BF20,0x37F,0x00C29F,0x0081,37,09,53,OK
0x347F,0x0C7F,09,40,4,0x00BF20,0x380,0x00C2A0,0x0080,37,3F,88,OK
0x347E,0x0C7E,09,40,4,0x00BF20,0x381,0x00C2A1,0x007F,37,0C,54,OK
0x347D,0x0C7D,09,40,4,0x00BF20,0x382,0x00C2A2,0x007E,37,C0,07,OK
0x347C,0x0C7C,09,40,4,0x00BF20,0x383,0x00C2A3,0x007D,37,FF,45,OK
0x347B,0x0C7B,09,40,4,0x00BF20,0x384,0x00C2A4,0x007C,37,0F,54,OK
0x347A,0x0C7A,09,40,4,0x00BF20,0x385,0x00C2A5,0x007B,37,00,44,OK
0x3479,0x0C79,09,40,4,0x00BF20,0x386,0x00C2A6,0x007A,37,05,48,OK
0x3478,0x0C78,09,40,4,0x00BF20,0x387,0x00C2A7,0x0079,37,0B,4D,OK
0x3477,0x0C77,09,40,4,0x00BF20,0x388,0x00C2A8,0x0078,37,7F,C0,OK
0x3476,0x0C76,09,40,4,0x00BF20,0x389,0x00C2A9,0x0077,37,00,40,OK
0x3475,0x0C75,09,40,4,0x00BF20,0x38A,0x00C2AA,0x0076,37,08,47,OK
0x3474,0x0C74,09,40,4,0x00BF20,0x38B,0x00C2AB,0x0075,37,F8,36,OK
0x3473,0x0C73,09,40,4,0x00BF20,0x38C,0x00C2AC,0x0074,37,3F,7C,OK
0x3472,0x0C72,09,40,4,0x00BF20,0x38D,0x00C2AD,0x0073,37,F0,2C,OK
0x3471,0x0C71,09,40,4,0x00BF20,0x38E,0x00C2AE,0x0072,37,FF,3A,OK
0x3470,0x0C70,09,40,4,0x00BF20,0x38F,0x00C2AF,0x0071,37,06,40,OK
0x346F,0x0C6F,09,40,4,0x00BF20,0x390,0x00C2B0,0x0070,37,03,3C,OK
0x346E,0x0C6E,09,40,4,0x00BF20,0x391,0x00C2B1,0x006F,37,07,3F,OK
0x346D,0x0C6D,09,40,4,0x00BF20,0x392,0x00C2B2,0x006E,37,04,3B,OK
0x346C,0x0C6C,09,40,4,0x00BF20,0x393,0x00C2B3,0x006D,37,09,3F,OK
0x346B,0x0C6B,09,40,4,0x00BF20,0x394,0x00C2B4,0x006C,37,07,3C,OK
0x346A,0x0C6A,09,40,4,0x00BF20,0x395,0x00C2B5,0x006B,37,04,38,OK
0x3469,0x0C69,09,40,4,0x00BF20,0x396,0x00C2B6,0x006A,37,00,33,OK
0x3468,0x0C68,09,40,4,0x00BF20,0x397,0x00C2B7,0x0069,37,F8,2A,OK
0x3467,0x0C67,09,40,4,0x00BF20,0x398,0x00C2B8,0x0068,37,09,3A,OK
0x3466,0x0C66,09,40,4,0x00BF20,0x399,0x00C2B9,0x0067,37,7F,AF,OK
0x3465,0x0C65,09,40,4,0x00BF20,0x39A,0x00C2BA,0x0066,37,97,C6,OK
0x3464,0x0C64,09,40,4,0x00BF20,0x39B,0x00C2BB,0x0065,37,03,31,OK
0x3463,0x0C63,09,40,4,0x00BF20,0x39C,0x00C2BC,0x0064,37,8B,B8,OK
0x3462,0x0C62,09,40,4,0x00BF20,0x39D,0x00C2BD,0x0063,37,03,2F,OK
0x3461,0x0C61,09,40,4,0x00BF20,0x39E,0x00C2BE,0x0062,37,F8,23,OK
0x3460,0x0C60,09,40,4,0x00BF20,0x39F,0x00C2BF,0x0061,37,09,33,OK
0x345F,0x0C5F,09,40,4,0x00BF20,0x3A0,0x00C2C0,0x0060,37,7F,A8,OK
0x345E,0x0C5E,09,40,4,0x00BF20,0x3A1,0x00C2C1,0x005F,37,0A,32,OK
0x345D,0x0C5D,09,40,4,0x00BF20,0x3A2,0x00C2C2,0x005E,37,C0,E7,OK
0x345C,0x0C5C,09,40,4,0x00BF20,0x3A3,0x00C2C3,0x005D,37,0A,30,OK
0x345B,0x0C5B,09,40,4,0x00BF20,0x3A4,0x00C2C4,0x005C,37,07,2C,OK
0x345A,0x0C5A,09,40,4,0x00BF20,0x3A5,0x00C2C5,0x005B,37,04,28,OK
0x3459,0x0C59,09,40,4,0x00BF20,0x3A6,0x00C2C6,0x005A,37,0A,2D,OK
0x3458,0x0C58,09,40,4,0x00BF20,0x3A7,0x00C2C7,0x0059,37,F8,1A,OK
0x3457,0x0C57,09,40,4,0x00BF20,0x3A8,0x00C2C8,0x0058,37,FF,20,OK
0x3456,0x0C56,09,40,4,0x00BF20,0x3A9,0x00C2C9,0x0057,37,7F,9F,OK
0x3455,0x0C55,09,40,4,0x00BF20,0x3AA,0x00C2CA,0x0056,37,0B,2A,OK
0x3454,0x0C54,09,40,4,0x00BF20,0x3AB,0x00C2CB,0x0055,37,C0,DE,OK
0x3453,0x0C53,09,40,4,0x00BF20,0x3AC,0x00C2CC,0x0054,37,FF,1C,OK
0x3452,0x0C52,09,40,4,0x00BF20,0x3AD,0x00C2CD,0x0053,37,06,22,OK
0x3451,0x0C51,09,40,4,0x00BF20,0x3AE,0x00C2CE,0x0052,37,8B,A6,OK
0x3450,0x0C50,09,40,4,0x00BF20,0x3AF,0x00C2CF,0x0051,37,03,1D,OK
0x344F,0x0C4F,09,40,4,0x00BF20,0x3B0,0x00C2D0,0x0050,37,C0,D9,OK
0x344E,0x0C4E,09,40,4,0x00BF20,0x3B1,0x00C2D1,0x004F,37,1F,37,OK
0x344D,0x0C4D,09,40,4,0x00BF20,0x3B2,0x00C2D2,0x004E,37,00,17,OK
0x344C,0x0C4C,09,40,4,0x00BF20,0x3B3,0x00C2D3,0x004D,37,F0,06,OK
0x344B,0x0C4B,09,40,4,0x00BF20,0x3B4,0x00C2D4,0x004C,37,07,1C,OK
0x344A,0x0C4A,09,40,4,0x00BF20,0x3B5,0x00C2D5,0x004B,37,04,18,OK
0x3449,0x0C49,09,40,4,0x00BF20,0x3B6,0x00C2D6,0x004A,37,0B,1E,OK
0x3448,0x0C48,09,40,4,0x00BF20,0x3B7,0x00C2D7,0x0049,37,C0,D2,OK
0x3447,0x0C47,09,40,4,0x00BF20,0x3B8,0x00C2D8,0x0048,37,FF,10,OK
0x3446,0x0C46,09,40,4,0x00BF20,0x3B9,0x00C2D9,0x0047,37,07,17,OK
0x3445,0x0C45,09,40,4,0x00BF20,0x3BA,0x00C2DA,0x0046,37,01,10,OK
0x3444,0x0C44,09,40,4,0x00BF20,0x3BB,0x00C2DB,0x0045,37,91,9F,OK
0x3443,0x0C43,09,40,4,0x00BF20,0x3BC,0x00C2DC,0x0044,37,03,10,OK
0x3442,0x0C42,09,40,4,0x00BF20,0x3BD,0x00C2DD,0x0043,37,8F,9B,OK
0x3441,0x0C41,09,40,4,0x00BF20,0x3BE,0x00C2DE,0x0042,37,03,0E,OK
0x3440,0x0C40,09,40,4,0x00BF20,0x3BF,0x00C2DF,0x0041,37,F8,02,OK
0x343F,0x0C3F,09,40,4,0x00BF20,0x3C0,0x00C2E0,0x0040,37,09,12,OK
0x343E,0x0C3E,09,40,4,0x00BF20,0x3C1,0x00C2E1,0x003F,37,3F,47,OK
0x343D,0x0C3D,09,40,4,0x00BF20,0x3C2,0x00C2E2,0x003E,37,0C,13,OK
0x343C,0x0C3C,09,40,4,0x00BF20,0x3C3,0x00C2E3,0x003D,37,E0,E6,OK
0x343B,0x0C3B,09,40,4,0x00BF20,0x3C4,0x00C2E4,0x003C,37,FF,04,OK
0x343A,0x0C3A,09,40,4,0x00BF20,0x3C5,0x00C2E5,0x003B,37,07,0B,OK
0x3439,0x0C39,09,40,4,0x00BF20,0x3C6,0x00C2E6,0x003A,37,04,07,OK
0x3438,0x0C38,09,40,4,0x00BF20,0x3C7,0x00C2E7,0x0039,37,00,02,OK
0x3437,0x0C37,09,40,4,0x00BF20,0x3C8,0x00C2E8,0x0038,37,80,81,OK
0x3436,0x0C36,09,40,4,0x00BF20,0x3C9,0x00C2E9,0x0037,37,0B,0B,OK
0x3435,0x0C35,09,40,4,0x00BF20,0x3CA,0x00C2EA,0x0036,37,3F,3E,OK
0x3434,0x0C34,09,40,4,0x00BF20,0x3CB,0x00C2EB,0x0035,37,00,FE,OK
0x3433,0x0C33,09,40,4,0x00BF20,0x3CC,0x00C2EC,0x0034,37,08,05,OK
0x3432,0x0C32,09,40,4,0x00BF20,0x3CD,0x00C2ED,0x0033,37,FE,FA,OK
0x3431,0x0C31,09,40,4,0x00BF20,0x3CE,0x00C2EE,0x0032,37,1F,1A,OK
0x3430,0x0C30,09,40,4,0x00BF20,0x3CF,0x00C2EF,0x0031,37,F8,F2,OK
0x342F,0x0C2F,09,40,4,0x00BF20,0x3D0,0x00C2F0,0x0030,37,FF,F8,OK
0x342E,0x0C2E,09,40,4,0x00BF20,0x3D1,0x00C2F1,0x002F,37,08,00,OK
0x342D,0x0C2D,09,40,4,0x00BF20,0x3D2,0x00C2F2,0x002E,37,01,F8,OK
0x342C,0x0C2C,09,40,4,0x00BF20,0x3D3,0x00C2F3,0x002D,37,02,F8,OK
0x342B,0x0C2B,09,40,4,0x00BF20,0x3D4,0x00C2F4,0x002C,37,04,F9,OK
0x342A,0x0C2A,09,40,4,0x00BF20,0x3D5,0x00C2F5,0x002B,37,E0,D4,OK
0x3429,0x0C29,09,40,4,0x00BF20,0x3D6,0x00C2F6,0x002A,37,FF,F2,OK
0x3428,0x0C28,09,40,4,0x00BF20,0x3D7,0x00C2F7,0x0029,37,0F,01,OK
0x3427,0x0C27,09,40,4,0x00BF20,0x3D8,0x00C2F8,0x0028,37,00,F1,OK
0x3426,0x0C26,09,40,4,0x00BF20,0x3D9,0x00C2F9,0x0027,37,FC,EC,OK
0x3425,0x0C25,09,40,4,0x00BF20,0x3DA,0x00C2FA,0x0026,37,09,F8,OK
0x3424,0x0C24,09,40,4,0x00BF20,0x3DB,0x00C2FB,0x0025,37,3F,2D,OK
0x3423,0x0C23,09,40,4,0x00BF20,0x3DC,0x00C2FC,0x0024,37,00,ED,OK
0x3422,0x0C22,09,40,4,0x00BF20,0x3DD,0x00C2FD,0x0023,37,09,F5,OK
0x3421,0x0C21,09,40,4,0x00BF20,0x3DE,0x00C2FE,0x0022,37,03,EE,OK
0x3420,0x0C20,09,40,4,0x00BF20,0x3DF,0x00C2FF,0x0021,37,F8,E2,OK
0x341F,0x0C1F,09,40,4,0x00BF20,0x3E0,0x00C300,0x0020,37,07,F0,OK
0x341E,0x0C1E,09,40,4,0x00BF20,0x3E1,0x00C301,0x001F,37,04,EC,OK
0x341D,0x0C1D,09,40,4,0x00BF20,0x3E2,0x00C302,0x001E,37,8C,73,OK
0x341C,0x0C1C,09,40,4,0x00BF20,0x3E3,0x00C303,0x001D,37,03,E9,OK
0x341B,0x0C1B,09,40,4,0x00BF20,0x3E4,0x00C304,0x001C,37,00,E5,OK
0x341A,0x0C1A,09,40,4,0x00BF20,0x3E5,0x00C305,0x001B,37,0B,EF,OK
0x3419,0x0C19,09,40,4,0x00BF20,0x3E6,0x00C306,0x001A,37,03,E6,OK
0x3418,0x0C18,09,40,4,0x00BF20,0x3E7,0x00C307,0x0019,37,FC,DE,OK
0x3417,0x0C17,09,40,4,0x00BF20,0x3E8,0x00C308,0x0018,37,09,EA,OK
0x3416,0x0C16,09,40,4,0x00BF20,0x3E9,0x00C309,0x0017,37,3F,1F,OK
0x3415,0x0C15,09,40,4,0x00BF20,0x3EA,0x00C30A,0x0016,37,0A,E9,OK
0x3414,0x0C14,09,40,4,0x00BF20,0x3EB,0x00C30B,0x0015,37,E0,BE,OK
0x3413,0x0C13,09,40,4,0x00BF20,0x3EC,0x00C30C,0x0014,37,0A,E7,OK
0x3412,0x0C12,09,40,4,0x00BF20,0x3ED,0x00C30D,0x0013,37,03,DF,OK
0x3411,0x0C11,09,40,4,0x00BF20,0x3EE,0x00C30E,0x0012,37,04,DF,OK
0x3410,0x0C10,09,40,4,0x00BF20,0x3EF,0x00C30F,0x0011,37,0A,E4,OK
0x340F,0x0C0F,09,40,4,0x00BF20,0x3F0,0x00C310,0x0010,37,F8,D1,OK
0x340E,0x0C0E,09,40,4,0x00BF20,0x3F1,0x00C311,0x000F,37,FF,D7,OK
0x340D,0x0C0D,09,40,4,0x00BF20,0x3F2,0x00C312,0x000E,37,7F,56,OK
0x340C,0x0C0C,09,40,4,0x00BF20,0x3F3,0x00C313,0x000D,37,0B,E1,OK
0x340B,0x0C0B,09,40,4,0x00BF20,0x3F4,0x00C314,0x000C,37,E0,B5,OK
0x340A,0x0C0A,09,40,4,0x00BF20,0x3F5,0x00C315,0x000B,37,FF,D3,OK
0x3409,0x0C09,09,40,4,0x00BF20,0x3F6,0x00C316,0x000A,37,06,D9,OK
0x3408,0x0C08,09,40,4,0x00BF20,0x3F7,0x00C317,0x0009,37,8B,5D,OK
0x3407,0x0C07,09,40,4,0x00BF20,0x3F8,0x00C318,0x0008,37,03,D4,OK
0x3406,0x0C06,09,40,4,0x00BF20,0x3F9,0x00C319,0x0007,37,F0,C0,OK
0x3405,0x0C05,09,40,4,0x00BF20,0x3FA,0x00C31A,0x0006,37,7F,4E,OK
0x3404,0x0C04,09,40,4,0x00BF20,0x3FB,0x00C31B,0x0005,37,00,CE,OK
0x3403,0x0C03,09,40,4,0x00BF20,0x3FC,0x00C31C,0x0004,37,E0,AD,OK
0x3402,0x0C02,09,40,4,0x00BF20,0x3FD,0x00C31D,0x0003,37,03,CF,OK
0x3401,0x0C01,09,40,4,0x00BF20,0x3FE,0x00C31E,0x0002,37,04,CF,OK
0x3400,0x0C00,09,40,4,0x00BF20,0x3FF,0x00C31F,0x0001,37,0B,D5,OK
0x3BFF,0x13FF,09,40,5,0x00C330,0x000,0x00C330,0x0400,37,09,D6,OK
0x3BFE,0x13FE,09,40,5,0x00C330,0x001,0x00C331,0x03FF,37,03,CE,OK
0x3BFD,0x13FD,09,40,5,0x00C330,0x002,0x00C332,0x03FE,37,01,CB,OK
0x3BFC,0x13FC,09,40,5,0x00C330,0x003,0x00C333,0x03FD,37,00,C9,OK
0x3BFB,0x13FB,09,40,5,0x00C330,0x004,0x00C334,0x03FC,37,07,CF,OK
0x3BFA,0x13FA,09,40,5,0x00C330,0x005,0x00C335,0x03FB,37,FE,C5,OK
0x3BF9,0x13F9,09,40,5,0x00C330,0x006,0x00C336,0x03FA,37,8E,54,OK
0x3BF8,0x13F8,09,40,5,0x00C330,0x007,0x00C337,0x03F9,37,03,C8,OK
0x3BF7,0x13F7,09,40,5,0x00C330,0x008,0x00C338,0x03F8,37,8B,4F,OK
0x3BF6,0x13F6,09,40,5,0x00C330,0x009,0x00C339,0x03F7,37,03,C6,OK
0x3BF5,0x13F5,09,40,5,0x00C330,0x00A,0x00C33A,0x03F6,37,F0,B2,OK
0x3BF4,0x13F4,09,40,5,0x00C330,0x00B,0x00C33B,0x03F5,37,0C,CD,OK
0x3BF3,0x13F3,09,40,5,0x00C330,0x00C,0x00C33C,0x03F4,37,00,C0,OK
0x3BF2,0x13F2,09,40,5,0x00C330,0x00D,0x00C33D,0x03F3,37,07,C6,OK
0x3BF1,0x13F1,09,40,5,0x00C330,0x00E,0x00C33E,0x03F2,37,0B,C9,OK
0x3BF0,0x13F0,09,40,5,0x00C330,0x00F,0x00C33F,0x03F1,37,7F,3C,OK
0x3BEF,0x13EF,09,40,5,0x00C330,0x010,0x00C340,0x03F0,37,89,45,OK
0x3BEE,0x13EE,09,40,5,0x00C330,0x011,0x00C341,0x03EF,37,03,BE,OK
0x3BED,0x13ED,09,40,5,0x00C330,0x012,0x00C342,0x03EE,37,F8,B2,OK
0x3BEC,0x13EC,09,40,5,0x00C330,0x013,0x00C343,0x03ED,37,FF,B8,OK
0x3BEB,0x13EB,09,40,5,0x00C330,0x014,0x00C344,0x03EC,37,07,BF,OK
0x3BEA,0x13EA,09,40,5,0x00C330,0x015,0x00C345,0x03EB,37,0F,C6,OK
0x3BE9,0x13E9,09,40,5,0x00C330,0x016,0x00C346,0x03EA,37,87,3D,OK
0x3BE8,0x13E8,09,40,5,0x00C330,0x017,0x00C347,0x03E9,37,03,B8,OK
0x3BE7,0x13E7,09,40,5,0x00C330,0x018,0x00C348,0x03E8,37,FC,B0,OK
0x3BE6,0x13E6,09,40,5,0x00C330,0x019,0x00C349,0x03E7,37,FF,B2,OK
0x3BE5,0x13E5,09,40,5,0x00C330,0x01A,0x00C34A,0x03E6,37,1F,D1,OK
0x3BE4,0x13E4,09,40,5,0x00C330,0x01B,0x00C34B,0x03E5,37,00,B1,OK
0x3BE3,0x13E3,09,40,5,0x00C330,0x01C,0x00C34C,0x03E4,37,09,B9,OK
0x3BE2,0x13E2,09,40,5,0x00C330,0x01D,0x00C34D,0x03E3,37,03,B2,OK
0x3BE1,0x13E1,09,40,5,0x00C330,0x01E,0x00C34E,0x03E2,37,FE,AC,OK
0x3BE0,0x13E0,09,40,5,0x00C330,0x01F,0x00C34F,0x03E1,37,FF,AC,OK
0x3BDF,0x13DF,09,40,5,0x00C330,0x020,0x00C350,0x03E0,37,07,B3,OK
0x3BDE,0x13DE,09,40,5,0x00C330,0x021,0x00C351,0x03DF,37,01,AC,OK
0x3BDD,0x13DD,09,40,5,0x00C330,0x022,0x00C352,0x03DE,37,8E,38,OK
0x3BDC,0x13DC,09,40,5,0x00C330,0x023,0x00C353,0x03DD,37,03,AC,OK
0x3BDB,0x13DB,09,40,5,0x00C330,0x024,0x00C354,0x03DC,37,8B,33,OK
0x3BDA,0x13DA,09,40,5,0x00C330,0x025,0x00C355,0x03DB,37,03,AA,OK
0x3BD9,0x13D9,09,40,5,0x00C330,0x026,0x00C356,0x03DA,37,3F,E5,OK
0x3BD8,0x13D8,09,40,5,0x00C330,0x027,0x00C357,0x03D9,37,0C,B1,OK
0x3BD7,0x13D7,09,40,5,0x00C330,0x028,0x00C358,0x03D8,37,FC,A0,OK
0x3BD6,0x13D6,09,40,5,0x00C330,0x029,0x00C359,0x03D7,37,FF,A2,OK
0x3BD5,0x13D5,09,40,5,0x00C330,0x02A,0x00C35A,0x03D6,37,05,A7,OK
0x3BD4,0x13D4,09,40,5,0x00C330,0x02B,0x00C35B,0x03D5,37,0F,B0,OK
0x3BD3,0x13D3,09,40,5,0x00C330,0x02C,0x00C35C,0x03D4,37,00,A0,OK
0x3BD2,0x13D2,09,40,5,0x00C330,0x02D,0x00C35D,0x03D3,37,07,A6,OK
0x3BD1,0x13D1,09,40,5,0x00C330,0x02E,0x00C35E,0x03D2,37,F0,8E,OK
0x3BD0,0x13D0,09,40,5,0x00C330,0x02F,0x00C35F,0x03D1,37,FF,9C,OK
0x3BCF,0x13CF,09,40,5,0x00C330,0x030,0x00C360,0x03D0,37,09,A5,OK
0x3BCE,0x13CE,09,40,5,0x00C330,0x031,0x00C361,0x03CF,37,03,9E,OK
0x3BCD,0x13CD,09,40,5,0x00C330,0x032,0x00C362,0x03CE,37,01,9B,OK
0x3BCC,0x13CC,09,40,5,0x00C330,0x033,0x00C363,0x03CD,37,00,99,OK
0x3BCB,0x13CB,09,40,5,0x00C330,0x034,0x00C364,0x03CC,37,07,9F,OK
0x3BCA,0x13CA,09,40,5,0x00C330,0x035,0x00C365,0x03CB,37,FE,95,OK
0x3BC9,0x13C9,09,40,5,0x00C330,0x036,0x00C366,0x03CA,37,FF,95,OK
0x3BC8,0x13C8,09,40,5,0x00C330,0x037,0x00C367,0x03C9,37,07,9C,OK
0x3BC7,0x13C7,09,40,5,0x00C330,0x038,0x00C368,0x03C8,37,03,97,OK
0x3BC6,0x13C6,09,40,5,0x00C330,0x039,0x00C369,0x03C7,37,09,9C,OK
0x3BC5,0x13C5,09,40,5,0x00C330,0x03A,0x00C36A,0x03C6,37,F0,82,OK
0x3BC4,0x13C4,09,40,5,0x00C330,0x03B,0x00C36B,0x03C5,37,FF,90,OK
0x3BC3,0x13C3,09,40,5,0x00C330,0x03C,0x00C36C,0x03C4,37,08,98,OK
0x3BC2,0x13C2,09,40,5,0x00C330,0x03D,0x00C36D,0x03C3,37,03,92,OK
0x3BC1,0x13C1,09,40,5,0x00C330,0x03E,0x00C36E,0x03C2,37,0F,9D,OK
0x3BC0,0x13C0,09,40,5,0x00C330,0x03F,0x00C36F,0x03C1,37,0B,98,OK
0x3BBF,0x13BF,09,40,5,0x00C330,0x040,0x00C370,0x03C0,37,80,0C,OK
0x3BBE,0x13BE,09,40,5,0x00C330,0x041,0x00C371,0x03BF,37,8F,1A,OK
0x3BBD,0x13BD,09,40,5,0x00C330,0x042,0x00C372,0x03BE,37,03,8D,OK
0x3BBC,0x13BC,09,40,5,0x00C330,0x043,0x00C373,0x03BD,37,8B,14,OK
0x3BBB,0x13BB,09,40,5,0x00C330,0x044,0x00C374,0x03BC,37,03,8B,OK
0x3BBA,0x13BA,09,40,5,0x00C330,0x045,0x00C375,0x03BB,37,C0,47,OK
0x3BB9,0x13B9,09,40,5,0x00C330,0x046,0x00C376,0x03BA,37,0C,92,OK
0x3BB8,0x13B8,09,40,5,0x00C330,0x047,0x00C377,0x03B9,37,03,88,OK
0x3BB7,0x13B7,09,40,5,0x00C330,0x048,0x00C378,0x03B8,37,04,88,OK
0x3BB6,0x13B6,09,40,5,0x00C330,0x049,0x00C379,0x03B7,37,00,83,OK
0x3BB5,0x13B5,09,40,5,0x00C330,0x04A,0x00C37A,0x03B6,37,05,87,OK
0x3BB4,0x13B4,09,40,5,0x00C330,0x04B,0x00C37B,0x03B5,37,F0,71,OK
0x3BB3,0x13B3,09,40,5,0x00C330,0x04C,0x00C37C,0x03B4,37,FF,7F,OK
0x3BB2,0x13B2,09,40,5,0x00C330,0x04D,0x00C37D,0x03B3,37,07,86,OK
0x3BB1,0x13B1,09,40,5,0x00C330,0x04E,0x00C37E,0x03B2,37,0F,8D,OK
0x3BB0,0x13B0,09,40,5,0x00C330,0x04F,0x00C37F,0x03B1,37,00,7D,OK
0x3BAF,0x13AF,09,40,5,0x00C330,0x050,0x00C380,0x03B0,37,09,85,OK
0x3BAE,0x13AE,09,40,5,0x00C330,0x051,0x00C381,0x03AF,37,03,7E,OK
0x3BAD,0x13AD,09,40,5,0x00C330,0x052,0x00C382,0x03AE,37,FE,78,OK
0x3BAC,0x13AC,09,40,5,0x00C330,0x053,0x00C383,0x03AD,37,FF,78,OK
0x3BAB,0x13AB,09,40,5,0x00C330,0x054,0x00C384,0x03AC,37,07,7F,OK
0x3BAA,0x13AA,09,40,5,0x00C330,0x055,0x00C385,0x03AB,37,01,78,OK
0x3BA9,0x13A9,09,40,5,0x00C330,0x056,0x00C386,0x03AA,37,00,76,OK
0x3BA8,0x13A8,09,40,5,0x00C330,0x057,0x00C387,0x03A9,37,07,7C,OK
0x3BA7,0x13A7,09,40,5,0x00C330,0x058,0x00C388,0x03A8,37,03,77,OK
0x3BA6,0x13A6,09,40,5,0x00C330,0x059,0x00C389,0x03A7,37,09,7C,OK
0x3BA5,0x13A5,09,40,5,0x00C330,0x05A,0x00C38A,0x03A6,37,0F,81,OK
0x3BA4,0x13A4,09,40,5,0x00C330,0x05B,0x00C38B,0x03A5,37,00,71,OK
0x3BA3,0x13A3,09,40,5,0x00C330,0x05C,0x00C38C,0x03A4,37,08,78,OK
0x3BA2,0x13A2,09,40,5,0x00C330,0x05D,0x00C38D,0x03A3,37,03,72,OK
0x3BA1,0x13A1,09,40,5,0x00C330,0x05E,0x00C38E,0x03A2,37,F0,5E,OK
0x3BA0,0x13A0,09,40,5,0x00C330,0x05F,0x00C38F,0x03A1,37,0B,78,OK
0x3B9F,0x139F,09,40,5,0x00C330,0x060,0x00C390,0x03A0,37,7F,EB,OK
0x3B9E,0x139E,09,40,5,0x00C330,0x061,0x00C391,0x039F,37,8F,FA,OK
0x3B9D,0x139D,09,40,5,0x00C330,0x062,0x00C392,0x039E,37,03,6D,OK
0x3B9C,0x139C,09,40,5,0x00C330,0x063,0x00C393,0x039D,37,8C,F5,OK
0x3B9B,0x139B,09,40,5,0x00C330,0x064,0x00C394,0x039C,37,03,6B,OK
0x3B9A,0x139A,09,40,5,0x00C330,0x065,0x00C395,0x039B,37,0C,73,OK
0x3B99,0x1399,09,40,5,0x00C330,0x066,0x00C396,0x039A,37,F8,5E,OK
0x3B98,0x1398,09,40,5,0x00C330,0x067,0x00C397,0x0399,37,FF,64,OK
0x3B97,0x1397,09,40,5,0x00C330,0x068,0x00C398,0x0398,37,05,69,OK
0x3B96,0x1396,09,40,5,0x00C330,0x069,0x00C399,0x0397,37,00,63,OK
0x3B95,0x1395,09,40,5,0x00C330,0x06A,0x00C39A,0x0396,37,08,6A,OK
0x3B94,0x1394,09,40,5,0x00C330,0x06B,0x00C39B,0x0395,37,FE,5F,OK
0x3B93,0x1393,09,40,5,0x00C330,0x06C,0x00C39C,0x0394,37,FF,5F,OK
0x3B92,0x1392,09,40,5,0x00C330,0x06D,0x00C39D,0x0393,37,09,68,OK
0x3B91,0x1391,09,40,5,0x00C330,0x06E,0x00C39E,0x0392,37,03,61,OK
0x3B90,0x1390,09,40,5,0x00C330,0x06F,0x00C39F,0x0391,37,0B,68,OK
0x3B8F,0x138F,09,40,5,0x00C330,0x070,0x00C3A0,0x0390,37,80,DC,OK
0x3B8E,0x138E,09,40,5,0x00C330,0x071,0x00C3A1,0x038F,37,FF,5A,OK
0x3B8D,0x138D,09,40,5,0x00C330,0x072,0x00C3A2,0x038E,37,08,62,OK
0x3B8C,0x138C,09,40,5,0x00C330,0x073,0x00C3A3,0x038D,37,03,5C,OK
0x3B8B,0x138B,09,40,5,0x00C330,0x074,0x00C3A4,0x038C,37,01,59,OK
0x3B8A,0x138A,09,40,5,0x00C330,0x075,0x00C3A5,0x038B,37,00,57,OK
0x3B89,0x1389,09,40,5,0x00C330,0x076,0x00C3A6,0x038A,37,F8,4E,OK
0x3B88,0x1388,09,40,5,0x00C330,0x077,0x00C3A7,0x0389,37,FF,54,OK
0x3B87,0x1387,09,40,5,0x00C330,0x078,0x00C3A8,0x0388,37,08,5C,OK
0x3B86,0x1386,09,40,5,0x00C330,0x079,0x00C3A9,0x0387,37,03,56,OK
0x3B85,0x1385,09,40,5,0x00C330,0x07A,0x00C3AA,0x0386,37,03,55,OK
0x3B84,0x1384,09,40,5,0x00C330,0x07B,0x00C3AB,0x0385,37,04,55,OK
0x3B83,0x1383,09,40,5,0x00C330,0x07C,0x00C3AC,0x0384,37,00,50,OK
0x3B82,0x1382,09,40,5,0x00C330,0x07D,0x00C3AD,0x0383,37,07,56,OK
0x3B81,0x1381,09,40,5,0x00C330,0x07E,0x00C3AE,0x0382,37,F8,46,OK
0x3B80,0x1380,09,40,5,0x00C330,0x07F,0x00C3AF,0x0381,37,8F,DC,OK
0x3B7F,0x137F,09,40,5,0x00C330,0x080,0x00C3B0,0x0380,37,03,4F,OK
0x3B7E,0x137E,09,40,5,0x00C330,0x081,0x00C3B1,0x037F,37,8C,D7,OK
0x3B7D,0x137D,09,40,5,0x00C330,0x082,0x00C3B2,0x037E,37,03,4D,OK
0x3B7C,0x137C,09,40,5,0x00C330,0x083,0x00C3B3,0x037D,37,0C,55,OK
0x3B7B,0x137B,09,40,5,0x00C330,0x084,0x00C3B4,0x037C,37,07,4F,OK
0x3B7A,0x137A,09,40,5,0x00C330,0x085,0x00C3B5,0x037B,37,04,4B,OK
0x3B79,0x1379,09,40,5,0x00C330,0x086,0x00C3B6,0x037A,37,00,46,OK
0x3B78,0x1378,09,40,5,0x00C330,0x087,0x00C3B7,0x0379,37,05,4A,OK
0x3B77,0x1377,09,40,5,0x00C330,0x088,0x00C3B8,0x0378,37,FF,43,OK
0x3B76,0x1376,09,40,5,0x00C330,0x089,0x00C3B9,0x0377,37,08,4B,OK
0x3B75,0x1375,09,40,5,0x00C330,0x08A,0x00C3BA,0x0376,37,01,43,OK
0x3B74,0x1374,09,40,5,0x00C330,0x08B,0x00C3BB,0x0375,37,00,41,OK
0x3B73,0x1373,09,40,5,0x00C330,0x08C,0x00C3BC,0x0374,37,09,49,OK
0x3B72,0x1372,09,40,5,0x00C330,0x08D,0x00C3BD,0x0373,37,03,42,OK
0x3B71,0x1371,09,40,5,0x00C330,0x08E,0x00C3BE,0x0372,37,0B,49,OK
0x3B70,0x1370,09,40,5,0x00C330,0x08F,0x00C3BF,0x0371,37,7F,BC,OK
0x3B6F,0x136F,09,40,5,0x00C330,0x090,0x00C3C0,0x0370,37,00,3C,OK
0x3B6E,0x136E,09,40,5,0x00C330,0x091,0x00C3C1,0x036F,37,08,43,OK
0x3B6D,0x136D,09,40,5,0x00C330,0x092,0x00C3C2,0x036E,37,03,3D,OK
0x3B6C,0x136C,09,40,5,0x00C330,0x093,0x00C3C3,0x036D,37,FE,37,OK
0x3B6B,0x136B,09,40,5,0x00C330,0x094,0x00C3C4,0x036C,37,FF,37,OK
0x3B6A,0x136A,09,40,5,0x00C330,0x095,0x00C3C5,0x036B,37,07,3E,OK
0x3B69,0x1369,09,40,5,0x00C330,0x096,0x00C3C6,0x036A,37,04,3A,OK
0x3B68,0x1368,09,40,5,0x00C330,0x097,0x00C3C7,0x0369,37,00,35,OK
0x3B67,0x1367,09,40,5,0x00C330,0x098,0x00C3C8,0x0368,37,08,3C,OK
0x3B66,0x1366,09,40,5,0x00C330,0x099,0x00C3C9,0x0367,37,03,36,OK
0x3B65,0x1365,09,40,5,0x00C330,0x09A,0x00C3CA,0x0366,37,FC,2E,OK
0x3B64,0x1364,09,40,5,0x00C330,0x09B,0x00C3CB,0x0365,37,FF,30,OK
0x3B63,0x1363,09,40,5,0x00C330,0x09C,0x00C3CC,0x0364,37,07,37,OK
0x3B62,0x1362,09,40,5,0x00C330,0x09D,0x00C3CD,0x0363,37,07,36,OK
0x3B61,0x1361,09,40,5,0x00C330,0x09E,0x00C3CE,0x0362,37,04,32,OK
0x3B60,0x1360,09,40,5,0x00C330,0x09F,0x00C3CF,0x0361,37,8F,BC,OK
0x3B5F,0x135F,09,40,5,0x00C330,0x0A0,0x00C3D0,0x0360,37,03,2F,OK
0x3B5E,0x135E,09,40,5,0x00C330,0x0A1,0x00C3D1,0x035F,37,8C,B7,OK
0x3B5D,0x135D,09,40,5,0x00C330,0x0A2,0x00C3D2,0x035E,37,03,2D,OK
0x3B5C,0x135C,09,40,5,0x00C330,0x0A3,0x00C3D3,0x035D,37,03,2C,OK
0x3B5B,0x135B,09,40,5,0x00C330,0x0A4,0x00C3D4,0x035C,37,04,2C,OK
0x3B5A,0x135A,09,40,5,0x00C330,0x0A5,0x00C3D5,0x035B,37,0B,32,OK
0x3B59,0x1359,09,40,5,0x00C330,0x0A6,0x00C3D6,0x035A,37,E0,06,OK
0x3B58,0x1358,09,40,5,0x00C330,0x0A7,0x00C3D7,0x0359,37,FF,24,OK
0x3B57,0x1357,09,40,5,0x00C330,0x0A8,0x00C3D8,0x0358,37,7F,A3,OK
0x3B56,0x1356,09,40,5,0x00C330,0x0A9,0x00C3D9,0x0357,37,0B,2E,OK
0x3B55,0x1355,09,40,5,0x00C330,0x0AA,0x00C3DA,0x0356,37,80,A2,OK
0x3B54,0x1354,09,40,5,0x00C330,0x0AB,0x00C3DB,0x0355,37,FF,20,OK
0x3B53,0x1353,09,40,5,0x00C330,0x0AC,0x00C3DC,0x0354,37,09,29,OK
0x3B52,0x1352,09,40,5,0x00C330,0x0AD,0x00C3DD,0x0353,37,03,22,OK
0x3B51,0x1351,09,40,5,0x00C330,0x0AE,0x00C3DE,0x0352,37,1F,3D,OK
0x3B50,0x1350,09,40,5,0x00C330,0x0AF,0x00C3DF,0x0351,37,0B,28,OK
0x3B4F,0x134F,09,40,5,0x00C330,0x0B0,0x00C3E0,0x0350,37,E0,FC,OK
0x3B4E,0x134E,09,40,5,0x00C330,0x0B1,0x00C3E1,0x034F,37,FF,1A,OK
0x3B4D,0x134D,09,40,5,0x00C330,0x0B2,0x00C3E2,0x034E,37,07,21,OK
0x3B4C,0x134C,09,40,5,0x00C330,0x0B3,0x00C3E3,0x034D,37,03,1C,OK
0x3B4B,0x134B,09,40,5,0x00C330,0x0B4,0x00C3E4,0x034C,37,E7,FF,OK
0x3B4A,0x134A,09,40,5,0x00C330,0x0B5,0x00C3E5,0x034B,37,09,20,OK
0x3B49,0x1349,09,40,5,0x00C330,0x0B6,0x00C3E6,0x034A,37,FC,12,OK
0x3B48,0x1348,09,40,5,0x00C330,0x0B7,0x00C3E7,0x0349,37,FF,14,OK
0x3B47,0x1347,09,40,5,0x00C330,0x0B8,0x00C3E8,0x0348,37,07,1B,OK
0x3B46,0x1346,09,40,5,0x00C330,0x0B9,0x00C3E9,0x0347,37,03,16,OK
0x3B45,0x1345,09,40,5,0x00C330,0x0BA,0x00C3EA,0x0346,37,1F,31,OK
0x3B44,0x1344,09,40,5,0x00C330,0x0BB,0x00C3EB,0x0345,37,00,11,OK
0x3B43,0x1343,09,40,5,0x00C330,0x0BC,0x00C3EC,0x0344,37,08,18,OK
0x3B42,0x1342,09,40,5,0x00C330,0x0BD,0x00C3ED,0x0343,37,FE,0D,OK
0x3B41,0x1341,09,40,5,0x00C330,0x0BE,0x00C3EE,0x0342,37,8F,9D,OK
0x3B40,0x1340,09,40,5,0x00C330,0x0BF,0x00C3EF,0x0341,37,03,10,OK
0x3B3F,0x133F,09,40,5,0x00C330,0x0C0,0x00C3F0,0x0340,37,8C,98,OK
0x3B3E,0x133E,09,40,5,0x00C330,0x0C1,0x00C3F1,0x033F,37,03,0E,OK
0x3B3D,0x133D,09,40,5,0x00C330,0x0C2,0x00C3F2,0x033E,37,FC,06,OK
0x3B3C,0x133C,09,40,5,0x00C330,0x0C3,0x00C3F3,0x033D,37,0B,14,OK
0x3B3B,0x133B,09,40,5,0x00C330,0x0C4,0x00C3F4,0x033C,37,1F,27,OK
0x3B3A,0x133A,09,40,5,0x00C330,0x0C5,0x00C3F5,0x033B,37,00,07,OK
0x3B39,0x1339,09,40,5,0x00C330,0x0C6,0x00C3F6,0x033A,37,80,86,OK
0x3B38,0x1338,09,40,5,0x00C330,0x0C7,0x00C3F7,0x0339,37,0B,10,OK
0x3B37,0x1337,09,40,5,0x00C330,0x0C8,0x00C3F8,0x0338,37,7F,83,OK
0x3B36,0x1336,09,40,5,0x00C330,0x0C9,0x00C3F9,0x0337,37,00,03,OK
0x3B35,0x1335,09,40,5,0x00C330,0x0CA,0x00C3FA,0x0336,37,09,0B,OK
0x3B34,0x1334,09,40,5,0x00C330,0x0CB,0x00C3FB,0x0335,37,03,04,OK
0x3B33,0x1333,09,40,5,0x00C330,0x0CC,0x00C3FC,0x0334,37,E0,E0,OK
0x3B32,0x1332,09,40,5,0x00C330,0x0CD,0x00C3FD,0x0333,37,0B,0A,OK
0x3B31,0x1331,09,40,5,0x00C330,0x0CE,0x00C3FE,0x0332,37,1F,1D,OK
0x3B30,0x1330,09,40,5,0x00C330,0x0CF,0x00C3FF,0x0331,37,00,FD,OK
0x3B2F,0x132F,09,40,5,0x00C330,0x0D0,0x00C400,0x0330,37,07,03,OK
0x3B2E,0x132E,09,40,5,0x00C330,0x0D1,0x00C401,0x032F,37,03,FE,OK
0x3B2D,0x132D,09,40,5,0x00C330,0x0D2,0x00C402,0x032E,37,18,12,OK
0x3B2C,0x132C,09,40,5,0x00C330,0x0D3,0x00C403,0x032D,37,09,02,OK
0x3B2B,0x132B,09,40,5,0x00C330,0x0D4,0x00C404,0x032C,37,03,FB,OK
0x3B2A,0x132A,09,40,5,0x00C330,0x0D5,0x00C405,0x032B,37,04,FB,OK
0x3B29,0x1329,09,40,5,0x00C330,0x0D6,0x00C406,0x032A,37,00,F6,OK
0x3B28,0x1328,09,40,5,0x00C330,0x0D7,0x00C407,0x0329,37,07,FC,OK
0x3B27,0x1327,09,40,5,0x00C330,0x0D8,0x00C408,0x0328,37,03,F7,OK
0x3B26,0x1326,09,40,5,0x00C330,0x0D9,0x00C409,0x0327,37,E0,D3,OK
0x3B25,0x1325,09,40,5,0x00C330,0x0DA,0x00C40A,0x0326,37,FF,F1,OK
0x3B24,0x1324,09,40,5,0x00C330,0x0DB,0x00C40B,0x0325,37,08,F9,OK
0x3B23,0x1323,09,40,5,0x00C330,0x0DC,0x00C40C,0x0324,37,01,F1,OK
0x3B22,0x1322,09,40,5,0x00C330,0x0DD,0x00C40D,0x0323,37,8F,7E,OK
0x3B21,0x1321,09,40,5,0x00C330,0x0DE,0x00C40E,0x0322,37,03,F1,OK
0x3B20,0x1320,09,40,5,0x00C330,0x0DF,0x00C40F,0x0321,37,8C,79,OK
0x3B1F,0x131F,09,40,5,0x00C330,0x0E0,0x00C410,0x0320,37,03,EF,OK
0x3B1E,0x131E,09,40,5,0x00C330,0x0E1,0x00C411,0x031F,37,07,F2,OK
0x3B1D,0x131D,09,40,5,0x00C330,0x0E2,0x00C412,0x031E,37,04,EE,OK
0x3B1C,0x131C,09,40,5,0x00C330,0x0E3,0x00C413,0x031D,37,0B,F4,OK
0x3B1B,0x131B,09,40,5,0x00C330,0x0E4,0x00C414,0x031C,37,E0,C8,OK
0x3B1A,0x131A,09,40,5,0x00C330,0x0E5,0x00C415,0x031B,37,FF,E6,OK
0x3B19,0x1319,09,40,5,0x00C330,0x0E6,0x00C416,0x031A,37,0C,F2,OK
0x3B18,0x1318,09,40,5,0x00C330,0x0E7,0x00C417,0x0319,37,E0,C5,OK
0x3B17,0x1317,09,40,5,0x00C330,0x0E8,0x00C418,0x0318,37,FF,E3,OK
0x3B16,0x1316,09,40,5,0x00C330,0x0E9,0x00C419,0x0317,37,09,EC,OK
0x3B15,0x1315,09,40,5,0x00C330,0x0EA,0x00C41A,0x0316,37,03,E5,OK
0x3B14,0x1314,09,40,5,0x00C330,0x0EB,0x00C41B,0x0315,37,00,E1,OK
0x3B13,0x1313,09,40,5,0x00C330,0x0EC,0x00C41C,0x0314,37,08,E8,OK
0x3B12,0x1312,09,40,5,0x00C330,0x0ED,0x00C41D,0x0313,37,F0,CF,OK
0x3B11,0x1311,09,40,5,0x00C330,0x0EE,0x00C41E,0x0312,37,86,64,OK
0x3B10,0x1310,09,40,5,0x00C330,0x0EF,0x00C41F,0x0311,37,03,E0,OK
0x3B0F,0x130F,09,40,5,0x00C330,0x0F0,0x00C420,0x0310,37,3F,1B,OK
0x3B0E,0x130E,09,40,5,0x00C330,0x0F1,0x00C421,0x030F,37,0A,E5,OK
0x3B0D,0x130D,09,40,5,0x00C330,0x0F2,0x00C422,0x030E,37,FC,D6,OK
0x3B0C,0x130C,09,40,5,0x00C330,0x0F3,0x00C423,0x030D,37,FF,D8,OK
0x3B0B,0x130B,09,40,5,0x00C330,0x0F4,0x00C424,0x030C,37,07,DF,OK
0x3B0A,0x130A,09,40,5,0x00C330,0x0F5,0x00C425,0x030B,37,03,DA,OK
0x3B09,0x1309,09,40,5,0x00C330,0x0F6,0x00C426,0x030A,37,03,D9,OK
0x3B08,0x1308,09,40,5,0x00C330,0x0F7,0x00C427,0x0309,37,04,D9,OK
0x3B07,0x1307,09,40,5,0x00C330,0x0F8,0x00C428,0x0308,37,0B,DF,OK
0x3B06,0x1306,09,40,5,0x00C330,0x0F9,0x00C429,0x0307,37,C0,93,OK
0x3B05,0x1305,09,40,5,0x00C330,0x0FA,0x00C42A,0x0306,37,90,62,OK
0x3B04,0x1304,09,40,5,0x00C330,0x0FB,0x00C42B,0x0305,37,03,D4,OK
0x3B03,0x1303,09,40,5,0x00C330,0x0FC,0x00C42C,0x0304,37,8C,5C,OK
0x3B02,0x1302,09,40,5,0x00C330,0x0FD,0x00C42D,0x0303,37,03,D2,OK
0x3B01,0x1301,09,40,5,0x00C330,0x0FE,0x00C42E,0x0302,37,F8,C6,OK
0x3B00,0x1300,09,40,5,0x00C330,0x0FF,0x00C42F,0x0301,37,0B,D8,OK
0x3AFF,0x12FF,09,40,5,0x00C330,0x100,0x00C430,0x0300,37,1F,EB,OK
0x3AFE,0x12FE,09,40,5,0x00C330,0x101,0x00C431,0x02FF,37,00,CA,OK
0x3AFD,0x12FD,09,40,5,0x00C330,0x102,0x00C432,0x02FE,37,0C,D5,OK
0x3AFC,0x12FC,09,40,5,0x00C330,0x103,0x00C433,0x02FD,37,1F,E7,OK
0x3AFB,0x12FB,09,40,5,0x00C330,0x104,0x00C434,0x02FC,37,00,C7,OK
0x3AFA,0x12FA,09,40,5,0x00C330,0x105,0x00C435,0x02FB,37,09,CF,OK
0x3AF9,0x12F9,09,40,5,0x00C330,0x106,0x00C436,0x02FA,37,03,C8,OK
0x3AF8,0x12F8,09,40,5,0x00C330,0x107,0x00C437,0x02F9,37,FF,C3,OK
0x3AF7,0x12F7,09,40,5,0x00C330,0x108,0x00C438,0x02F8,37,08,CB,OK
0x3AF6,0x12F6,09,40,5,0x00C330,0x109,0x00C439,0x02F7,37,0F,D1,OK
0x3AF5,0x12F5,09,40,5,0x00C330,0x10A,0x00C43A,0x02F6,37,86,47,OK
0x3AF4,0x12F4,09,40,5,0x00C330,0x10B,0x00C43B,0x02F5,37,03,C3,OK
0x3AF3,0x12F3,09,40,5,0x00C330,0x10C,0x00C43C,0x02F4,37,C0,7F,OK
0x3AF2,0x12F2,09,40,5,0x00C330,0x10D,0x00C43D,0x02F3,37,0A,C8,OK
0x3AF1,0x12F1,09,40,5,0x00C330,0x10E,0x00C43E,0x02F2,37,03,C0,OK
0x3AF0,0x12F0,09,40,5,0x00C330,0x10F,0x00C43F,0x02F1,37,04,C0,OK
0x3AEF,0x12EF,09,40,5,0x00C330,0x110,0x00C440,0x02F0,37,00,BB,OK
0x3AEE,0x12EE,09,40,5,0x00C330,0x111,0x00C441,0x02EF,37,07,C1,OK
0x3AED,0x12ED,09,40,5,0x00C330,0x112,0x00C442,0x02EE,37,03,BC,OK
0x3AEC,0x12EC,09,40,5,0x00C330,0x113,0x00C443,0x02ED,37,FC,B4,OK
0x3AEB,0x12EB,09,40,5,0x00C330,0x114,0x00C444,0x02EC,37,0B,C2,OK
0x3AEA,0x12EA,09,40,5,0x00C330,0x115,0x00C445,0x02EB,37,3F,F5,OK
0x3AE9,0x12E9,09,40,5,0x00C330,0x116,0x00C446,0x02EA,37,90,45,OK
0x3AE8,0x12E8,09,40,5,0x00C330,0x117,0x00C447,0x02E9,37,03,B7,OK
0x3AE7,0x12E7,09,40,5,0x00C330,0x118,0x00C448,0x02E8,37,FF,B2,OK
0x3AE6,0x12E6,09,40,5,0x00C330,0x119,0x00C449,0x02E7,37,0C,BE,OK
0x3AE5,0x12E5,09,40,5,0x00C330,0x11A,0x00C44A,0x02E6,37,03,B4,OK
0x3AE4,0x12E4,09,40,5,0x00C330,0x11B,0x00C44B,0x02E5,37,1F,CF,OK
0x3AE3,0x12E3,09,40,5,0x00C330,0x11C,0x00C44C,0x02E4,37,0B,BA,OK
0x3AE2,0x12E2,09,40,5,0x00C330,0x11D,0x00C44D,0x02E3,37,80,2E,OK
0x3AE1,0x12E1,09,40,5,0x00C330,0x11E,0x00C44E,0x02E2,37,3F,EC,OK
0x3AE0,0x12E0,09,40,5,0x00C330,0x11F,0x00C44F,0x02E1,37,0C,B8,OK
0x3ADF,0x12DF,09,40,5,0x00C330,0x120,0x00C450,0x02E0,37,F0,9B,OK
0x3ADE,0x12DE,09,40,5,0x00C330,0x121,0x00C451,0x02DF,37,FF,A9,OK
0x3ADD,0x12DD,09,40,5,0x00C330,0x122,0x00C452,0x02DE,37,08,B1,OK
0x3ADC,0x12DC,09,40,5,0x00C330,0x123,0x00C453,0x02DD,37,03,AB,OK
0x3ADB,0x12DB,09,40,5,0x00C330,0x124,0x00C454,0x02DC,37,03,AA,OK
0x3ADA,0x12DA,09,40,5,0x00C330,0x125,0x00C455,0x02DB,37,04,AA,OK
0x3AD9,0x12D9,09,40,5,0x00C330,0x126,0x00C456,0x02DA,37,0C,B1,OK
0x3AD8,0x12D8,09,40,5,0x00C330,0x127,0x00C457,0x02D9,37,FE,A2,OK
0x3AD7,0x12D7,09,40,5,0x00C330,0x128,0x00C458,0x02D8,37,FF,A2,OK
0x3AD6,0x12D6,09,40,5,0x00C330,0x129,0x00C459,0x02D7,37,06,A8,OK
0x3AD5,0x12D5,09,40,5,0x00C330,0x12A,0x00C45A,0x02D6,37,03,A4,OK
0x3AD4,0x12D4,09,40,5,0x00C330,0x12B,0x00C45B,0x02D5,37,0F,AF,OK
0x3AD3,0x12D3,09,40,5,0x00C330,0x12C,0x00C45C,0x02D4,37,0A,A9,OK
0x3AD2,0x12D2,09,40,5,0x00C330,0x12D,0x00C45D,0x02D3,37,FF,9D,OK
0x3AD1,0x12D1,09,40,5,0x00C330,0x12E,0x00C45E,0x02D2,37,07,A4,OK
0x3AD0,0x12D0,09,40,5,0x00C330,0x12F,0x00C45F,0x02D1,37,03,9F,OK
0x3ACF,0x12CF,09,40,5,0x00C330,0x130,0x00C460,0x02D0,37,3F,DA,OK
0x3ACE,0x12CE,09,40,5,0x00C330,0x131,0x00C461,0x02CF,37,0C,A6,OK
0x3ACD,0x12CD,09,40,5,0x00C330,0x132,0x00C462,0x02CE,37,F0,89,OK
0x3ACC,0x12CC,09,40,5,0x00C330,0x133,0x00C463,0x02CD,37,FF,97,OK
0x3ACB,0x12CB,09,40,5,0x00C330,0x134,0x00C464,0x02CC,37,10,A7,OK
0x3ACA,0x12CA,09,40,5,0x00C330,0x135,0x00C465,0x02CB,37,03,99,OK
0x3AC9,0x12C9,09,40,5,0x00C330,0x136,0x00C466,0x02CA,37,8C,21,OK
0x3AC8,0x12C8,09,40,5,0x00C330,0x137,0x00C467,0x02C9,37,03,97,OK
0x3AC7,0x12C7,09,40,5,0x00C330,0x138,0x00C468,0x02C8,37,E0,73,OK
0x3AC6,0x12C6,09,40,5,0x00C330,0x139,0x00C469,0x02C7,37,0B,9D,OK
0x3AC5,0x12C5,09,40,5,0x00C330,0x13A,0x00C46A,0x02C6,37,7F,10,OK
0x3AC4,0x12C4,09,40,5,0x00C330,0x13B,0x00C46B,0x02C5,37,C0,50,OK
0x3AC3,0x12C3,09,40,5,0x00C330,0x13C,0x00C46C,0x02C4,37,0C,9B,OK
0x3AC2,0x12C2,09,40,5,0x00C330,0x13D,0x00C46D,0x02C3,37,0F,9D,OK
0x3AC1,0x12C1,09,40,5,0x00C330,0x13E,0x00C46E,0x02C2,37,00,8D,OK
0x3AC0,0x12C0,09,40,5,0x00C330,0x13F,0x00C46F,0x02C1,37,08,94,OK
0x3ABF,0x12BF,09,40,5,0x00C330,0x140,0x00C470,0x02C0,37,03,8E,OK
0x3ABE,0x12BE,09,40,5,0x00C330,0x141,0x00C471,0x02BF,37,FC,86,OK
0x3ABD,0x12BD,09,40,5,0x00C330,0x142,0x00C472,0x02BE,37,FF,88,OK
0x3ABC,0x12BC,09,40,5,0x00C330,0x143,0x00C473,0x02BD,37,08,90,OK
0x3ABB,0x12BB,09,40,5,0x00C330,0x144,0x00C474,0x02BC,37,01,88,OK
0x3ABA,0x12BA,09,40,5,0x00C330,0x145,0x00C475,0x02BB,37,00,86,OK
0x3AB9,0x12B9,09,40,5,0x00C330,0x146,0x00C476,0x02BA,37,06,8B,OK
0x3AB8,0x12B8,09,40,5,0x00C330,0x147,0x00C477,0x02B9,37,03,87,OK
0x3AB7,0x12B7,09,40,5,0x00C330,0x148,0x00C478,0x02B8,37,F0,73,OK
0x3AB6,0x12B6,09,40,5,0x00C330,0x149,0x00C479,0x02B7,37,FF,81,OK
0x3AB5,0x12B5,09,40,5,0x00C330,0x14A,0x00C47A,0x02B6,37,06,87,OK
0x3AB4,0x12B4,09,40,5,0x00C330,0x14B,0x00C47B,0x02B5,37,00,80,OK
0x3AB3,0x12B3,09,40,5,0x00C330,0x14C,0x00C47C,0x02B4,37,07,86,OK
0x3AB2,0x12B2,09,40,5,0x00C330,0x14D,0x00C47D,0x02B3,37,03,81,OK
0x3AB1,0x12B1,09,40,5,0x00C330,0x14E,0x00C47E,0x02B2,37,C0,3D,OK
0x3AB0,0x12B0,09,40,5,0x00C330,0x14F,0x00C47F,0x02B1,37,0C,88,OK
0x3AAF,0x12AF,09,40,5,0x00C330,0x150,0x00C480,0x02B0,37,0F,8A,OK
0x3AAE,0x12AE,09,40,5,0x00C330,0x151,0x00C481,0x02AF,37,90,0A,OK
0x3AAD,0x12AD,09,40,5,0x00C330,0x152,0x00C482,0x02AE,37,03,7C,OK
0x3AAC,0x12AC,09,40,5,0x00C330,0x153,0x00C483,0x02AD,37,FF,77,OK
0x3AAB,0x12AB,09,40,5,0x00C330,0x154,0x00C484,0x02AC,37,0C,83,OK
0x3AAA,0x12AA,09,40,5,0x00C330,0x155,0x00C485,0x02AB,37,03,79,OK
0x3AA9,0x12A9,09,40,5,0x00C330,0x156,0x00C486,0x02AA,37,7F,F4,OK
0x3AA8,0x12A8,09,40,5,0x00C330,0x157,0x00C487,0x02A9,37,0C,80,OK
0x3AA7,0x12A7,09,40,5,0x00C330,0x158,0x00C488,0x02A8,37,03,76,OK
0x3AA6,0x12A6,09,40,5,0x00C330,0x159,0x00C489,0x02A7,37,04,76,OK
0x3AA5,0x12A5,09,40,5,0x00C330,0x15A,0x00C48A,0x02A6,37,0C,7D,OK
0x3AA4,0x12A4,09,40,5,0x00C330,0x15B,0x00C48B,0x02A5,37,FC,6C,OK
0x3AA3,0x12A3,09,40,5,0x00C330,0x15C,0x00C48C,0x02A4,37,87,F6,OK
0x3AA2,0x12A2,09,40,5,0x00C330,0x15D,0x00C48D,0x02A3,37,03,71,OK
0x3AA1,0x12A1,09,40,5,0x00C330,0x15E,0x00C48E,0x02A2,37,7F,EC,OK
0x3AA0,0x12A0,09,40,5,0x00C330,0x15F,0x00C48F,0x02A1,37,0C,78,OK
0x3A9F,0x129F,09,40,5,0x00C330,0x160,0x00C490,0x02A0,37,80,EB,OK
0x3A9E,0x129E,09,40,5,0x00C330,0x161,0x00C491,0x029F,37,FF,69,OK
0x3A9D,0x129D,09,40,5,0x00C330,0x162,0x00C492,0x029E,37,07,70,OK
0x3A9C,0x129C,09,40,5,0x00C330,0x163,0x00C493,0x029D,37,03,6B,OK
0x3A9B,0x129B,09,40,5,0x00C330,0x164,0x00C494,0x029C,37,03,6A,OK
0x3A9A,0x129A,09,40,5,0x00C330,0x165,0x00C495,0x029B,37,04,6A,OK
0x3A99,0x1299,09,40,5,0x00C330,0x166,0x00C496,0x029A,37,0A,6F,OK
0x3A98,0x1298,09,40,5,0x00C330,0x167,0x00C497,0x0299,37,FF,63,OK
0x3A97,0x1297,09,40,5,0x00C330,0x168,0x00C498,0x0298,37,07,6A,OK
0x3A96,0x1296,09,40,5,0x00C330,0x169,0x00C499,0x0297,37,03,65,OK
0x3A95,0x1295,09,40,5,0x00C330,0x16A,0x00C49A,0x0296,37,07,68,OK
0x3A94,0x1294,09,40,5,0x00C330,0x16B,0x00C49B,0x0295,37,04,64,OK
0x3A93,0x1293,09,40,5,0x00C330,0x16C,0x00C49C,0x0294,37,0C,6B,OK
0x3A92,0x1292,09,40,5,0x00C330,0x16D,0x00C49D,0x0293,37,FE,5C,OK
0x3A91,0x1291,09,40,5,0x00C330,0x16E,0x00C49E,0x0292,37,FF,5C,OK
0x3A90,0x1290,09,40,5,0x00C330,0x16F,0x00C49F,0x0291,37,10,6C,OK
0x3A8F,0x128F,09,40,5,0x00C330,0x170,0x00C4A0,0x0290,37,03,5E,OK
0x3A8E,0x128E,09,40,5,0x00C330,0x171,0x00C4A1,0x028F,37,8C,E6,OK
0x3A8D,0x128D,09,40,5,0x00C330,0x172,0x00C4A2,0x028E,37,03,5C,OK
0x3A8C,0x128C,09,40,5,0x00C330,0x173,0x00C4A3,0x028D,37,80,D8,OK
0x3A8B,0x128B,09,40,5,0x00C330,0x174,0x00C4A4,0x028C,37,0C,63,OK
0x3A8A,0x128A,09,40,5,0x00C330,0x175,0x00C4A5,0x028B,37,FC,52,OK
0x3A89,0x1289,09,40,5,0x00C330,0x176,0x00C4A6,0x028A,37,FF,54,OK
0x3A88,0x1288,09,40,5,0x00C330,0x177,0x00C4A7,0x0289,37,08,5C,OK
0x3A87,0x1287,09,40,5,0x00C330,0x178,0x00C4A8,0x0288,37,03,56,OK
0x3A86,0x1286,09,40,5,0x00C330,0x179,0x00C4A9,0x0287,37,04,56,OK
0x3A85,0x1285,09,40,5,0x00C330,0x17A,0x00C4AA,0x0286,37,87,D8,OK
0x3A84,0x1284,09,40,5,0x00C330,0x17B,0x00C4AB,0x0285,37,03,53,OK
0x3A83,0x1283,09,40,5,0x00C330,0x17C,0x00C4AC,0x0284,37,80,CF,OK
0x3A82,0x1282,09,40,5,0x00C330,0x17D,0x00C4AD,0x0283,37,0C,5A,OK
0x3A81,0x1281,09,40,5,0x00C330,0x17E,0x00C4AE,0x0282,37,7F,CC,OK
0x3A80,0x1280,09,40,5,0x00C330,0x17F,0x00C4AF,0x0281,37,00,4C,OK
0x3A7F,0x127F,09,40,5,0x00C330,0x180,0x00C4B0,0x0280,37,07,52,OK
0x3A7E,0x127E,09,40,5,0x00C330,0x181,0x00C4B1,0x027F,37,03,4D,OK
0x3A7D,0x127D,09,40,5,0x00C330,0x182,0x00C4B2,0x027E,37,FC,45,OK
0x3A7C,0x127C,09,40,5,0x00C330,0x183,0x00C4B3,0x027D,37,FF,47,OK
0x3A7B,0x127B,09,40,5,0x00C330,0x184,0x00C4B4,0x027C,37,06,4D,OK
0x3A7A,0x127A,09,40,5,0x00C330,0x185,0x00C4B5,0x027B,37,00,46,OK
0x3A79,0x1279,09,40,5,0x00C330,0x186,0x00C4B6,0x027A,37,07,4C,OK
0x3A78,0x1278,09,40,5,0x00C330,0x187,0x00C4B7,0x0279,37,03,47,OK
0x3A77,0x1277,09,40,5,0x00C330,0x188,0x00C4B8,0x0278,37,F8,3B,OK
0x3A76,0x1276,09,40,5,0x00C330,0x189,0x00C4B9,0x0277,37,FF,41,OK
0x3A75,0x1275,09,40,5,0x00C330,0x18A,0x00C4BA,0x0276,37,08,49,OK
0x3A74,0x1274,09,40,5,0x00C330,0x18B,0x00C4BB,0x0275,37,01,41,OK
0x3A73,0x1273,09,40,5,0x00C330,0x18C,0x00C4BC,0x0274,37,90,CF,OK
0x3A72,0x1272,09,40,5,0x00C330,0x18D,0x00C4BD,0x0273,37,03,41,OK
0x3A71,0x1271,09,40,5,0x00C330,0x18E,0x00C4BE,0x0272,37,92,CF,OK
0x3A70,0x1270,09,40,5,0x00C330,0x18F,0x00C4BF,0x0271,37,03,3F,OK
0x3A6F,0x126F,09,40,5,0x00C330,0x190,0x00C4C0,0x0270,37,02,3D,OK
0x3A6E,0x126E,09,40,5,0x00C330,0x191,0x00C4C1,0x026F,37,04,3E,OK
0x3A6D,0x126D,09,40,5,0x00C330,0x192,0x00C4C2,0x026E,37,00,39,OK
0x3A6C,0x126C,09,40,5,0x00C330,0x193,0x00C4C3,0x026D,37,08,40,OK
0x3A6B,0x126B,09,40,5,0x00C330,0x194,0x00C4C4,0x026C,37,03,3A,OK
0x3A6A,0x126A,09,40,5,0x00C330,0x195,0x00C4C5,0x026B,37,FF,35,OK
0x3A69,0x1269,09,40,5,0x00C330,0x196,0x00C4C6,0x026A,37,08,3D,OK
0x3A68,0x1268,09,40,5,0x00C330,0x197,0x00C4C7,0x0269,37,1F,53,OK
0x3A67,0x1267,09,40,5,0x00C330,0x198,0x00C4C8,0x0268,37,87,BA,OK
0x3A66,0x1266,09,40,5,0x00C330,0x199,0x00C4C9,0x0267,37,03,35,OK
0x3A65,0x1265,09,40,5,0x00C330,0x19A,0x00C4CA,0x0266,37,FC,2D,OK
0x3A64,0x1264,09,40,5,0x00C330,0x19B,0x00C4CB,0x0265,37,FF,2F,OK
0x3A63,0x1263,09,40,5,0x00C330,0x19C,0x00C4CC,0x0264,37,07,36,OK
0x3A62,0x1262,09,40,5,0x00C330,0x19D,0x00C4CD,0x0263,37,04,32,OK
0x3A61,0x1261,09,40,5,0x00C330,0x19E,0x00C4CE,0x0262,37,FF,2C,OK
0x3A60,0x1260,09,40,5,0x00C330,0x19F,0x00C4CF,0x0261,37,05,31,OK
0x3A5F,0x125F,09,40,5,0x00C330,0x1A0,0x00C4D0,0x0260,37,86,B1,OK
0x3A5E,0x125E,09,40,5,0x00C330,0x1A1,0x00C4D1,0x025F,37,03,2D,OK
0x3A5D,0x125D,09,40,5,0x00C330,0x1A2,0x00C4D2,0x025E,37,C0,E9,OK
0x3A5C,0x125C,09,40,5,0x00C330,0x1A3,0x00C4D3,0x025D,37,0A,32,OK
0x3A5B,0x125B,09,40,5,0x00C330,0x1A4,0x00C4D4,0x025C,37,7F,A6,OK
0x3A5A,0x125A,09,40,5,0x00C330,0x1A5,0x00C4D5,0x025B,37,98,BE,OK
0x3A59,0x1259,09,40,5,0x00C330,0x1A6,0x00C4D6,0x025A,37,03,28,OK
0x3A58,0x1258,09,40,5,0x00C330,0x1A7,0x00C4D7,0x0259,37,8D,B1,OK
0x3A57,0x1257,09,40,5,0x00C330,0x1A8,0x00C4D8,0x0258,37,03,26,OK
0x3A56,0x1256,09,40,5,0x00C330,0x1A9,0x00C4D9,0x0257,37,FE,20,OK
0x3A55,0x1255,09,40,5,0x00C330,0x1AA,0x00C4DA,0x0256,37,0B,2C,OK
0x3A54,0x1254,09,40,5,0x00C330,0x1AB,0x00C4DB,0x0255,37,F1,11,OK
0x3A53,0x1253,09,40,5,0x00C330,0x1AC,0x00C4DC,0x0254,37,FF,1E,OK
0x3A52,0x1252,09,40,5,0x00C330,0x1AD,0x00C4DD,0x0253,37,08,26,OK
0x3A51,0x1251,09,40,5,0x00C330,0x1AE,0x00C4DE,0x0252,37,00,1D,OK
0x3A50,0x1250,09,40,5,0x00C330,0x1AF,0x00C4DF,0x0251,37,08,24,OK
0x3A4F,0x124F,09,40,5,0x00C330,0x1B0,0x00C4E0,0x0250,37,03,1E,OK
0x3A4E,0x124E,09,40,5,0x00C330,0x1B1,0x00C4E1,0x024F,37,80,9A,OK
0x3A4D,0x124D,09,40,5,0x00C330,0x1B2,0x00C4E2,0x024E,37,0C,25,OK
0x3A4C,0x124C,09,40,5,0x00C330,0x1B3,0x00C4E3,0x024D,37,1F,37,OK
0x3A4B,0x124B,09,40,5,0x00C330,0x1B4,0x00C4E4,0x024C,37,00,17,OK
0x3A4A,0x124A,09,40,5,0x00C330,0x1B5,0x00C4E5,0x024B,37,06,1C,OK
0x3A49,0x1249,09,40,5,0x00C330,0x1B6,0x00C4E6,0x024A,37,03,18,OK
0x3A48,0x1248,09,40,5,0x00C330,0x1B7,0x00C4E7,0x0249,37,80,94,OK
0x3A47,0x1247,09,40,5,0x00C330,0x1B8,0x00C4E8,0x0248,37,0A,1D,OK
0x3A46,0x1246,09,40,5,0x00C330,0x1B9,0x00C4E9,0x0247,37,7F,91,OK
0x3A45,0x1245,09,40,5,0x00C330,0x1BA,0x00C4EA,0x0246,37,00,11,OK
0x3A44,0x1244,09,40,5,0x00C330,0x1BB,0x00C4EB,0x0245,37,06,16,OK
0x3A43,0x1243,09,40,5,0x00C330,0x1BC,0x00C4EC,0x0244,37,03,12,OK
0x3A42,0x1242,09,40,5,0x00C330,0x1BD,0x00C4ED,0x0243,37,C0,CE,OK
0x3A41,0x1241,09,40,5,0x00C330,0x1BE,0x00C4EE,0x0242,37,FF,0C,OK
0x3A40,0x1240,09,40,5,0x00C330,0x1BF,0x00C4EF,0x0241,37,06,12,OK
0x3A3F,0x123F,09,40,5,0x00C330,0x1C0,0x00C4F0,0x0240,37,03,0E,OK
0x3A3E,0x123E,09,40,5,0x00C330,0x1C1,0x00C4F1,0x023F,37,91,9B,OK
0x3A3D,0x123D,09,40,5,0x00C330,0x1C2,0x00C4F2,0x023E,37,03,0C,OK
0x3A3C,0x123C,09,40,5,0x00C330,0x1C3,0x00C4F3,0x023D,37,8D,95,OK
0x3A3B,0x123B,09,40,5,0x00C330,0x1C4,0x00C4F4,0x023C,37,03,0A,OK
0x3A3A,0x123A,09,40,5,0x00C330,0x1C5,0x00C4F5,0x023B,37,04,0A,OK
0x3A39,0x1239,09,40,5,0x00C330,0x1C6,0x00C4F6,0x023A,37,04,09,OK
0x3A38,0x1238,09,40,5,0x00C330,0x1C7,0x00C4F7,0x0239,37,8C,90,OK
0x3A37,0x1237,09,40,5,0x00C330,0x1C8,0x00C4F8,0x0238,37,03,06,OK
0x3A36,0x1236,09,40,5,0x00C330,0x1C9,0x00C4F9,0x0237,37,80,82,OK
0x3A35,0x1235,09,40,5,0x00C330,0x1CA,0x00C4FA,0x0236,37,FF,00,OK
0x3A34,0x1234,09,40,5,0x00C330,0x1CB,0x00C4FB,0x0235,37,08,08,OK
0x3A33,0x1233,09,40,5,0x00C330,0x1CC,0x00C4FC,0x0234,37,01,00,OK
0x3A32,0x1232,09,40,5,0x00C330,0x1CD,0x00C4FD,0x0233,37,87,85,OK
0x3A31,0x1231,09,40,5,0x00C330,0x1CE,0x00C4FE,0x0232,37,03,00,OK
0x3A30,0x1230,09,40,5,0x00C330,0x1CF,0x00C4FF,0x0231,37,FE,FA,OK
0x3A2F,0x122F,09,40,5,0x00C330,0x1D0,0x00C500,0x0230,37,FF,FA,OK
0x3A2E,0x122E,09,40,5,0x00C330,0x1D1,0x00C501,0x022F,37,C7,C1,OK
0x3A2D,0x122D,09,40,5,0x00C330,0x1D2,0x00C502,0x022E,37,FF,F8,OK
0x3A2C,0x122C,09,40,5,0x00C330,0x1D3,0x00C503,0x022D,37,07,FF,OK
0x3A2B,0x122B,09,40,5,0x00C330,0x1D4,0x00C504,0x022C,37,04,FB,OK
0x3A2A,0x122A,09,40,5,0x00C330,0x1D5,0x00C505,0x022B,37,86,7C,OK
0x3A29,0x1229,09,40,5,0x00C330,0x1D6,0x00C506,0x022A,37,03,F8,OK
0x3A28,0x1228,09,40,5,0x00C330,0x1D7,0x00C507,0x0229,37,E0,D4,OK
0x3A27,0x1227,09,40,5,0x00C330,0x1D8,0x00C508,0x0228,37,0A,FD,OK
0x3A26,0x1226,09,40,5,0x00C330,0x1D9,0x00C509,0x0227,37,1F,11,OK
0x3A25,0x1225,09,40,5,0x00C330,0x1DA,0x00C50A,0x0226,37,98,89,OK
0x3A24,0x1224,09,40,5,0x00C330,0x1DB,0x00C50B,0x0225,37,03,F3,OK
0x3A23,0x1223,09,40,5,0x00C330,0x1DC,0x00C50C,0x0224,37,8D,7C,OK
0x3A22,0x1222,09,40,5,0x00C330,0x1DD,0x00C50D,0x0223,37,03,F1,OK
0x3A21,0x1221,09,40,5,0x00C330,0x1DE,0x00C50E,0x0222,37,F8,E5,OK
0x3A20,0x1220,09,40,5,0x00C330,0x1DF,0x00C50F,0x0221,37,FF,EB,OK
0x3A1F,0x121F,09,40,5,0x00C330,0x1E0,0x00C510,0x0220,37,09,F4,OK
0x3A1E,0x121E,09,40,5,0x00C330,0x1E1,0x00C511,0x021F,37,03,ED,OK
0x3A1D,0x121D,09,40,5,0x00C330,0x1E2,0x00C512,0x021E,37,0F,F8,OK
0x3A1C,0x121C,09,40,5,0x00C330,0x1E3,0x00C513,0x021D,37,00,E8,OK
0x3A1B,0x121B,09,40,5,0x00C330,0x1E4,0x00C514,0x021C,37,08,EF,OK
0x3A1A,0x121A,09,40,5,0x00C330,0x1E5,0x00C515,0x021B,37,03,E9,OK
0x3A19,0x1219,09,40,5,0x00C330,0x1E6,0x00C516,0x021A,37,FE,E3,OK
0x3A18,0x1218,09,40,5,0x00C330,0x1E7,0x00C517,0x0219,37,FF,E3,OK
0x3A17,0x1217,09,40,5,0x00C330,0x1E8,0x00C518,0x0218,37,08,EB,OK
0x3A16,0x1216,09,40,5,0x00C330,0x1E9,0x00C519,0x0217,37,07,E9,OK
0x3A15,0x1215,09,40,5,0x00C330,0x1EA,0x00C51A,0x0216,37,04,E5,OK
0x3A14,0x1214,09,40,5,0x00C330,0x1EB,0x00C51B,0x0215,37,00,E0,OK
0x3A13,0x1213,09,40,5,0x00C330,0x1EC,0x00C51C,0x0214,37,06,E5,OK
0x3A12,0x1212,09,40,5,0x00C330,0x1ED,0x00C51D,0x0213,37,03,E1,OK
0x3A11,0x1211,09,40,5,0x00C330,0x1EE,0x00C51E,0x0212,37,F0,CD,OK
0x3A10,0x1210,09,40,5,0x00C330,0x1EF,0x00C51F,0x0211,37,0A,E6,OK
0x3A0F,0x120F,09,40,5,0x00C330,0x1F0,0x00C520,0x0210,37,3F,1A,OK
0x3A0E,0x120E,09,40,5,0x00C330,0x1F1,0x00C521,0x020F,37,00,DA,OK
0x3A0D,0x120D,09,40,5,0x00C330,0x1F2,0x00C522,0x020E,37,06,DF,OK
0x3A0C,0x120C,09,40,5,0x00C330,0x1F3,0x00C523,0x020D,37,03,DB,OK
0x3A0B,0x120B,09,40,5,0x00C330,0x1F4,0x00C524,0x020C,37,FC,D3,OK
0x3A0A,0x120A,09,40,5,0x00C330,0x1F5,0x00C525,0x020B,37,FF,D5,OK
0x3A09,0x1209,09,40,5,0x00C330,0x1F6,0x00C526,0x020A,37,08,DD,OK
0x3A08,0x1208,09,40,5,0x00C330,0x1F7,0x00C527,0x0209,37,1F,F3,OK
0x3A07,0x1207,09,40,5,0x00C330,0x1F8,0x00C528,0x0208,37,91,64,OK
0x3A06,0x1206,09,40,5,0x00C330,0x1F9,0x00C529,0x0207,37,03,D5,OK
0x3A05,0x1205,09,40,5,0x00C330,0x1FA,0x00C52A,0x0206,37,8D,5E,OK
0x3A04,0x1204,09,40,5,0x00C330,0x1FB,0x00C52B,0x0205,37,03,D3,OK
0x3A03,0x1203,09,40,5,0x00C330,0x1FC,0x00C52C,0x0204,37,3E,0D,OK
0x3A02,0x1202,09,40,5,0x00C330,0x1FD,0x00C52D,0x0203,37,8C,5A,OK
0x3A01,0x1201,09,40,5,0x00C330,0x1FE,0x00C52E,0x0202,37,03,D0,OK
0x3A00,0x1200,09,40,5,0x00C330,0x1FF,0x00C52F,0x0201,37,C0,8C,OK
0x39FF,0x11FF,09,40,5,0x00C330,0x200,0x00C530,0x0200,37,FF,CA,OK
0x39FE,0x11FE,09,40,5,0x00C330,0x201,0x00C531,0x01FF,37,07,D0,OK
0x39FD,0x11FD,09,40,5,0x00C330,0x202,0x00C532,0x01FE,37,3F,07,OK
0x39FC,0x11FC,09,40,5,0x00C330,0x203,0x00C533,0x01FD,37,00,C7,OK
0x39FB,0x11FB,09,40,5,0x00C330,0x204,0x00C534,0x01FC,37,08,CE,OK
0x39FA,0x11FA,09,40,5,0x00C330,0x205,0x00C535,0x01FB,37,03,C8,OK
0x39F9,0x11F9,09,40,5,0x00C330,0x206,0x00C536,0x01FA,37,09,CD,OK
0x39F8,0x11F8,09,40,5,0x00C330,0x207,0x00C537,0x01F9,37,C7,8A,OK
0x39F7,0x11F7,09,40,5,0x00C330,0x208,0x00C538,0x01F8,37,FF,C1,OK
0x39F6,0x11F6,09,40,5,0x00C330,0x209,0x00C539,0x01F7,37,87,48,OK
0x39F5,0x11F5,09,40,5,0x00C330,0x20A,0x00C53A,0x01F6,37,03,C3,OK
0x39F4,0x11F4,09,40,5,0x00C330,0x20B,0x00C53B,0x01F5,37,F0,AF,OK
0x39F3,0x11F3,09,40,5,0x00C330,0x20C,0x00C53C,0x01F4,37,0A,C8,OK
0x39F2,0x11F2,09,40,5,0x00C330,0x20D,0x00C53D,0x01F3,37,03,C0,OK
0x39F1,0x11F1,09,40,5,0x00C330,0x20E,0x00C53E,0x01F2,37,04,C0,OK
0x39F0,0x11F0,09,40,5,0x00C330,0x20F,0x00C53F,0x01F1,37,98,53,OK
0x39EF,0x11EF,09,40,5,0x00C330,0x210,0x00C540,0x01F0,37,03,BD,OK
0x39EE,0x11EE,09,40,5,0x00C330,0x211,0x00C541,0x01EF,37,8D,46,OK
0x39ED,0x11ED,09,40,5,0x00C330,0x212,0x00C542,0x01EE,37,03,BB,OK
0x39EC,0x11EC,09,40,5,0x00C330,0x213,0x00C543,0x01ED,37,C0,77,OK
0x39EB,0x11EB,09,40,5,0x00C330,0x214,0x00C544,0x01EC,37,FF,B5,OK
0x39EA,0x11EA,09,40,5,0x00C330,0x215,0x00C545,0x01EB,37,09,BE,OK
0x39E9,0x11E9,09,40,5,0x00C330,0x216,0x00C546,0x01EA,37,03,B7,OK
0x39E8,0x11E8,09,40,5,0x00C330,0x217,0x00C547,0x01E9,37,03,B6,OK
0x39E7,0x11E7,09,40,5,0x00C330,0x218,0x00C548,0x01E8,37,04,B6,OK
0x39E6,0x11E6,09,40,5,0x00C330,0x219,0x00C549,0x01E7,37,00,B1,OK
0x39E5,0x11E5,09,40,5,0x00C330,0x21A,0x00C54A,0x01E6,37,07,B7,OK
0x39E4,0x11E4,09,40,5,0x00C330,0x21B,0x00C54B,0x01E5,37,03,B2,OK
0x39E3,0x11E3,09,40,5,0x00C330,0x21C,0x00C54C,0x01E4,37,C0,6E,OK
0x39E2,0x11E2,09,40,5,0x00C330,0x21D,0x00C54D,0x01E3,37,FF,AC,OK
0x39E1,0x11E1,09,40,5,0x00C330,0x21E,0x00C54E,0x01E2,37,06,B2,OK
0x39E0,0x11E0,09,40,5,0x00C330,0x21F,0x00C54F,0x01E1,37,03,AE,OK
0x39DF,0x11DF,09,40,5,0x00C330,0x220,0x00C550,0x01E0,37,01,AB,OK
0x39DE,0x11DE,09,40,5,0x00C330,0x221,0x00C551,0x01DF,37,0C,B5,OK
0x39DD,0x11DD,09,40,5,0x00C330,0x222,0x00C552,0x01DE,37,80,28,OK
0x39DC,0x11DC,09,40,5,0x00C330,0x223,0x00C553,0x01DD,37,0B,B2,OK
0x39DB,0x11DB,09,40,5,0x00C330,0x224,0x00C554,0x01DC,37,1F,C5,OK
0x39DA,0x11DA,09,40,5,0x00C330,0x225,0x00C555,0x01DB,37,0C,B1,OK
0x39D9,0x11D9,09,40,5,0x00C330,0x226,0x00C556,0x01DA,37,E0,84,OK
0x39D8,0x11D8,09,40,5,0x00C330,0x227,0x00C557,0x01D9,37,FF,A2,OK
0x39D7,0x11D7,09,40,5,0x00C330,0x228,0x00C558,0x01D8,37,06,A8,OK
0x39D6,0x11D6,09,40,5,0x00C330,0x229,0x00C559,0x01D7,37,03,A4,OK
0x39D5,0x11D5,09,40,5,0x00C330,0x22A,0x00C55A,0x01D6,37,01,A1,OK
0x39D4,0x11D4,09,40,5,0x00C330,0x22B,0x00C55B,0x01D5,37,91,30,OK
0x39D3,0x11D3,09,40,5,0x00C330,0x22C,0x00C55C,0x01D4,37,03,A1,OK
0x39D2,0x11D2,09,40,5,0x00C330,0x22D,0x00C55D,0x01D3,37,8D,2A,OK
0x39D1,0x11D1,09,40,5,0x00C330,0x22E,0x00C55E,0x01D2,37,03,9F,OK
0x39D0,0x11D0,09,40,5,0x00C330,0x22F,0x00C55F,0x01D1,37,FE,99,OK
0x39CF,0x11CF,09,40,5,0x00C330,0x230,0x00C560,0x01D0,37,03,9D,OK
0x39CE,0x11CE,09,40,5,0x00C330,0x231,0x00C561,0x01CF,37,04,9D,OK
0x39CD,0x11CD,09,40,5,0x00C330,0x232,0x00C562,0x01CE,37,8B,23,OK
0x39CC,0x11CC,09,40,5,0x00C330,0x233,0x00C563,0x01CD,37,03,9A,OK
0x39CB,0x11CB,09,40,5,0x00C330,0x234,0x00C564,0x01CC,37,E0,76,OK
0x39CA,0x11CA,09,40,5,0x00C330,0x235,0x00C565,0x01CB,37,FF,94,OK
0x39C9,0x11C9,09,40,5,0x00C330,0x236,0x00C566,0x01CA,37,07,9B,OK
0x39C8,0x11C8,09,40,5,0x00C330,0x237,0x00C567,0x01C9,37,00,93,OK
0x39C7,0x11C7,09,40,5,0x00C330,0x238,0x00C568,0x01C8,37,09,9B,OK
0x39C6,0x11C6,09,40,5,0x00C330,0x239,0x00C569,0x01C7,37,03,94,OK
0x39C5,0x11C5,09,40,5,0x00C330,0x23A,0x00C56A,0x01C6,37,09,99,OK
0x39C4,0x11C4,09,40,5,0x00C330,0x23B,0x00C56B,0x01C5,37,83,12,OK
0x39C3,0x11C3,09,40,5,0x00C330,0x23C,0x00C56C,0x01C4,37,1F,AD,OK
0x39C2,0x11C2,09,40,5,0x00C330,0x23D,0x00C56D,0x01C3,37,87,14,OK
0x39C1,0x11C1,09,40,5,0x00C330,0x23E,0x00C56E,0x01C2,37,03,8F,OK
0x39C0,0x11C0,09,40,5,0x00C330,0x23F,0x00C56F,0x01C1,37,F0,7B,OK
0x39BF,0x11BF,09,40,5,0x00C330,0x240,0x00C570,0x01C0,37,FF,89,OK
0x39BE,0x11BE,09,40,5,0x00C330,0x241,0x00C571,0x01BF,37,06,8F,OK
0x39BD,0x11BD,09,40,5,0x00C330,0x242,0x00C572,0x01BE,37,03,8B,OK
0x39BC,0x11BC,09,40,5,0x00C330,0x243,0x00C573,0x01BD,37,04,8B,OK
0x39BB,0x11BB,09,40,5,0x00C330,0x244,0x00C574,0x01BC,37,98,1E,OK
0x39BA,0x11BA,09,40,5,0x00C330,0x245,0x00C575,0x01BB,37,03,88,OK
0x39B9,0x11B9,09,40,5,0x00C330,0x246,0x00C576,0x01BA,37,8E,12,OK
0x39B8,0x11B8,09,40,5,0x00C330,0x247,0x00C577,0x01B9,37,03,86,OK
0x39B7,0x11B7,09,40,5,0x00C330,0x248,0x00C578,0x01B8,37,FC,7E,OK
0x39B6,0x11B6,09,40,5,0x00C330,0x249,0x00C579,0x01B7,37,87,08,OK
0x39B5,0x11B5,09,40,5,0x00C330,0x24A,0x00C57A,0x01B6,37,03,83,OK
0x39B4,0x11B4,09,40,5,0x00C330,0x24B,0x00C57B,0x01B5,37,3F,BE,OK
0x39B3,0x11B3,09,40,5,0x00C330,0x24C,0x00C57C,0x01B4,37,00,7E,OK
0x39B2,0x11B2,09,40,5,0x00C330,0x24D,0x00C57D,0x01B3,37,08,85,OK
0x39B1,0x11B1,09,40,5,0x00C330,0x24E,0x00C57E,0x01B2,37,03,7F,OK
0x39B0,0x11B0,09,40,5,0x00C330,0x24F,0x00C57F,0x01B1,37,86,01,OK
0x39AF,0x11AF,09,40,5,0x00C330,0x250,0x00C580,0x01B0,37,03,7D,OK
0x39AE,0x11AE,09,40,5,0x00C330,0x251,0x00C581,0x01AF,37,7F,F8,OK
0x39AD,0x11AD,09,40,5,0x00C330,0x252,0x00C582,0x01AE,37,86,FE,OK
0x39AC,0x11AC,09,40,5,0x00C330,0x253,0x00C583,0x01AD,37,03,7A,OK
0x39AB,0x11AB,09,40,5,0x00C330,0x254,0x00C584,0x01AC,37,F8,6E,OK
0x39AA,0x11AA,09,40,5,0x00C330,0x255,0x00C585,0x01AB,37,0B,80,OK
0x39A9,0x11A9,09,40,5,0x00C330,0x256,0x00C586,0x01AA,37,1F,93,OK
0x39A8,0x11A8,09,40,5,0x00C330,0x257,0x00C587,0x01A9,37,0C,7F,OK
0x39A7,0x11A7,09,40,5,0x00C330,0x258,0x00C588,0x01A8,37,F0,62,OK
0x39A6,0x11A6,09,40,5,0x00C330,0x259,0x00C589,0x01A7,37,0C,7D,OK
0x39A5,0x11A5,09,40,5,0x00C330,0x25A,0x00C58A,0x01A6,37,7F,EF,OK
0x39A4,0x11A4,09,40,5,0x00C330,0x25B,0x00C58B,0x01A5,37,92,01,OK
0x39A3,0x11A3,09,40,5,0x00C330,0x25C,0x00C58C,0x01A4,37,03,71,OK
0x39A2,0x11A2,09,40,5,0x00C330,0x25D,0x00C58D,0x01A3,37,8D,FA,OK
0x39A1,0x11A1,09,40,5,0x00C330,0x25E,0x00C58E,0x01A2,37,03,6F,OK
0x39A0,0x11A0,09,40,5,0x00C330,0x25F,0x00C58F,0x01A1,37,FF,6A,OK
0x399F,0x119F,09,40,5,0x00C330,0x260,0x00C590,0x01A0,37,1F,89,OK
0x399E,0x119E,09,40,5,0x00C330,0x261,0x00C591,0x019F,37,8B,F4,OK
0x399D,0x119D,09,40,5,0x00C330,0x262,0x00C592,0x019E,37,03,6B,OK
0x399C,0x119C,09,40,5,0x00C330,0x263,0x00C593,0x019D,37,E0,47,OK
0x399B,0x119B,09,40,5,0x00C330,0x264,0x00C594,0x019C,37,0A,70,OK
0x399A,0x119A,09,40,5,0x00C330,0x265,0x00C595,0x019B,37,1F,84,OK
0x3999,0x1199,09,40,5,0x00C330,0x266,0x00C596,0x019A,37,88,EC,OK
0x3998,0x1198,09,40,5,0x00C330,0x267,0x00C597,0x0199,37,03,66,OK
0x3997,0x1197,09,40,5,0x00C330,0x268,0x00C598,0x0198,37,E0,42,OK
0x3996,0x1196,09,40,5,0x00C330,0x269,0x00C599,0x0197,37,FF,60,OK
0x3995,0x1195,09,40,5,0x00C330,0x26A,0x00C59A,0x0196,37,05,65,OK
0x3994,0x1194,09,40,5,0x00C330,0x26B,0x00C59B,0x0195,37,01,60,OK
0x3993,0x1193,09,40,5,0x00C330,0x26C,0x00C59C,0x0194,37,00,5E,OK
0x3992,0x1192,09,40,5,0x00C330,0x26D,0x00C59D,0x0193,37,06,63,OK
0x3991,0x1191,09,40,5,0x00C330,0x26E,0x00C59E,0x0192,37,04,60,OK
0x3990,0x1190,09,40,5,0x00C330,0x26F,0x00C59F,0x0191,37,86,E1,OK
0x398F,0x118F,09,40,5,0x00C330,0x270,0x00C5A0,0x0190,37,03,5D,OK
0x398E,0x118E,09,40,5,0x00C330,0x271,0x00C5A1,0x018F,37,FC,55,OK
0x398D,0x118D,09,40,5,0x00C330,0x272,0x00C5A2,0x018E,37,FF,57,OK
0x398C,0x118C,09,40,5,0x00C330,0x273,0x00C5A3,0x018D,37,06,5D,OK
0x398B,0x118B,09,40,5,0x00C330,0x274,0x00C5A4,0x018C,37,01,57,OK
0x398A,0x118A,09,40,5,0x00C330,0x275,0x00C5A5,0x018B,37,98,ED,OK
0x3989,0x1189,09,40,5,0x00C330,0x276,0x00C5A6,0x018A,37,03,57,OK
0x3988,0x1188,09,40,5,0x00C330,0x277,0x00C5A7,0x0189,37,8E,E1,OK
0x3987,0x1187,09,40,5,0x00C330,0x278,0x00C5A8,0x0188,37,03,55,OK
0x3986,0x1186,09,40,5,0x00C330,0x279,0x00C5A9,0x0187,37,E0,31,OK
0x3985,0x1185,09,40,5,0x00C330,0x27A,0x00C5AA,0x0186,37,87,D7,OK
0x3984,0x1184,09,40,5,0x00C330,0x27B,0x00C5AB,0x0185,37,03,52,OK
0x3983,0x1183,09,40,5,0x00C330,0x27C,0x00C5AC,0x0184,37,0F,5D,OK
0x3982,0x1182,09,40,5,0x00C330,0x27D,0x00C5AD,0x0183,37,87,D4,OK
0x3981,0x1181,09,40,5,0x00C330,0x27E,0x00C5AE,0x0182,37,03,4F,OK
0x3980,0x1180,09,40,5,0x00C330,0x27F,0x00C5AF,0x0181,37,E0,2B,OK
0x397F,0x117F,09,40,5,0x00C330,0x280,0x00C5B0,0x0180,37,86,D0,OK
0x397E,0x117E,09,40,5,0x00C330,0x281,0x00C5B1,0x017F,37,03,4C,OK
0x397D,0x117D,09,40,5,0x00C330,0x282,0x00C5B2,0x017E,37,1F,67,OK
0x397C,0x117C,09,40,5,0x00C330,0x283,0x00C5B3,0x017D,37,86,CD,OK
0x397B,0x117B,09,40,5,0x00C330,0x284,0x00C5B4,0x017C,37,03,49,OK
0x397A,0x117A,09,40,5,0x00C330,0x285,0x00C5B5,0x017B,37,F8,3D,OK
0x3979,0x1179,09,40,5,0x00C330,0x286,0x00C5B6,0x017A,37,0B,4F,OK
0x3978,0x1178,09,40,5,0x00C330,0x287,0x00C5B7,0x0179,37,0F,52,OK
0x3977,0x1177,09,40,5,0x00C330,0x288,0x00C5B8,0x0178,37,0C,4E,OK
0x3976,0x1176,09,40,5,0x00C330,0x289,0x00C5B9,0x0177,37,FC,3D,OK
0x3975,0x1175,09,40,5,0x00C330,0x28A,0x00C5BA,0x0176,37,FF,3F,OK
0x3974,0x1174,09,40,5,0x00C330,0x28B,0x00C5BB,0x0175,37,08,47,OK
0x3973,0x1173,09,40,5,0x00C330,0x28C,0x00C5BC,0x0174,37,0F,4D,OK
0x3972,0x1172,09,40,5,0x00C330,0x28D,0x00C5BD,0x0173,37,92,CF,OK
0x3971,0x1171,09,40,5,0x00C330,0x28E,0x00C5BE,0x0172,37,03,3F,OK
0x3970,0x1170,09,40,5,0x00C330,0x28F,0x00C5BF,0x0171,37,00,3B,OK
0x396F,0x116F,09,40,5,0x00C330,0x290,0x00C5C0,0x0170,37,0D,47,OK
0x396E,0x116E,09,40,5,0x00C330,0x291,0x00C5C1,0x016F,37,03,3C,OK
0x396D,0x116D,09,40,5,0x00C330,0x292,0x00C5C2,0x016E,37,FF,37,OK
0x396C,0x116C,09,40,5,0x00C330,0x293,0x00C5C3,0x016D,37,7F,B6,OK
0x396B,0x116B,09,40,5,0x00C330,0x294,0x00C5C4,0x016C,37,88,BE,OK
0x396A,0x116A,09,40,5,0x00C330,0x295,0x00C5C5,0x016B,37,03,38,OK
0x3969,0x1169,09,40,5,0x00C330,0x296,0x00C5C6,0x016A,37,C0,F4,OK
0x3968,0x1168,09,40,5,0x00C330,0x297,0x00C5C7,0x0169,37,07,3A,OK
0x3967,0x1167,09,40,5,0x00C330,0x298,0x00C5C8,0x0168,37,04,36,OK
0x3966,0x1166,09,40,5,0x00C330,0x299,0x00C5C9,0x0167,37,00,31,OK
0x3965,0x1165,09,40,5,0x00C330,0x29A,0x00C5CA,0x0166,37,F0,20,OK
0x3964,0x1164,09,40,5,0x00C330,0x29B,0x00C5CB,0x0165,37,0A,39,OK
0x3963,0x1163,09,40,5,0x00C330,0x29C,0x00C5CC,0x0164,37,1F,4D,OK
0x3962,0x1162,09,40,5,0x00C330,0x29D,0x00C5CD,0x0163,37,88,B5,OK
0x3961,0x1161,09,40,5,0x00C330,0x29E,0x00C5CE,0x0162,37,03,2F,OK
0x3960,0x1160,09,40,5,0x00C330,0x29F,0x00C5CF,0x0161,37,F0,1B,OK
0x395F,0x115F,09,40,5,0x00C330,0x2A0,0x00C5D0,0x0160,37,09,33,OK
0x395E,0x115E,09,40,5,0x00C330,0x2A1,0x00C5D1,0x015F,37,01,2A,OK
0x395D,0x115D,09,40,5,0x00C330,0x2A2,0x00C5D2,0x015E,37,F8,20,OK
0x395C,0x115C,09,40,5,0x00C330,0x2A3,0x00C5D3,0x015D,37,03,2A,OK
0x395B,0x115B,09,40,5,0x00C330,0x2A4,0x00C5D4,0x015C,37,04,2A,OK
0x395A,0x115A,09,40,5,0x00C330,0x2A5,0x00C5D5,0x015B,37,00,25,OK
0x3959,0x1159,09,40,5,0x00C330,0x2A6,0x00C5D6,0x015A,37,F8,1C,OK
0x3958,0x1158,09,40,5,0x00C330,0x2A7,0x00C5D7,0x0159,37,00,23,OK
0x3957,0x1157,09,40,5,0x00C330,0x2A8,0x00C5D8,0x0158,37,07,29,OK
0x3956,0x1156,09,40,5,0x00C330,0x2A9,0x00C5D9,0x0157,37,FE,1F,OK
0x3955,0x1155,09,40,5,0x00C330,0x2AA,0x00C5DA,0x0156,37,09,29,OK
0x3954,0x1154,09,40,5,0x00C330,0x2AB,0x00C5DB,0x0155,37,3F,5E,OK
0x3953,0x1153,09,40,5,0x00C330,0x2AC,0x00C5DC,0x0154,37,99,B7,OK
0x3952,0x1152,09,40,5,0x00C330,0x2AD,0x00C5DD,0x0153,37,03,20,OK
0x3951,0x1151,09,40,5,0x00C330,0x2AE,0x00C5DE,0x0152,37,8E,AA,OK
0x3950,0x1150,09,40,5,0x00C330,0x2AF,0x00C5DF,0x0151,37,03,1E,OK
0x394F,0x114F,09,40,5,0x00C330,0x2B0,0x00C5E0,0x0150,37,80,9A,OK
0x394E,0x114E,09,40,5,0x00C330,0x2B1,0x00C5E1,0x014F,37,FF,18,OK
0x394D,0x114D,09,40,5,0x00C330,0x2B2,0x00C5E2,0x014E,37,07,1F,OK
0x394C,0x114C,09,40,5,0x00C330,0x2B3,0x00C5E3,0x014D,37,03,1A,OK
0x394B,0x114B,09,40,5,0x00C330,0x2B4,0x00C5E4,0x014C,37,03,19,OK
0x394A,0x114A,09,40,5,0x00C330,0x2B5,0x00C5E5,0x014B,37,04,19,OK
0x3949,0x1149,09,40,5,0x00C330,0x2B6,0x00C5E6,0x014A,37,87,9B,OK
0x3948,0x1148,09,40,5,0x00C330,0x2B7,0x00C5E7,0x0149,37,03,16,OK
0x3947,0x1147,09,40,5,0x00C330,0x2B8,0x00C5E8,0x0148,37,E0,F2,OK
0x3946,0x1146,09,40,5,0x00C330,0x2B9,0x00C5E9,0x0147,37,86,97,OK
0x3945,0x1145,09,40,5,0x00C330,0x2BA,0x00C5EA,0x0146,37,03,13,OK
0x3944,0x1144,09,40,5,0x00C330,0x2BB,0x00C5EB,0x0145,37,0F,1E,OK
0x3943,0x1143,09,40,5,0x00C330,0x2BC,0x00C5EC,0x0144,37,00,0E,OK
0x3942,0x1142,09,40,5,0x00C330,0x2BD,0x00C5ED,0x0143,37,06,13,OK
0x3941,0x1141,09,40,5,0x00C330,0x2BE,0x00C5EE,0x0142,37,03,0F,OK
0x3940,0x1140,09,40,5,0x00C330,0x2BF,0x00C5EF,0x0141,37,FC,07,OK
0x393F,0x113F,09,40,5,0x00C330,0x2C0,0x00C5F0,0x0140,37,FF,09,OK
0x393E,0x113E,09,40,5,0x00C330,0x2C1,0x00C5F1,0x013F,37,07,10,OK
0x393D,0x113D,09,40,5,0x00C330,0x2C2,0x00C5F2,0x013E,37,04,0C,OK
0x393C,0x113C,09,40,5,0x00C330,0x2C3,0x00C5F3,0x013D,37,09,10,OK
0x393B,0x113B,09,40,5,0x00C330,0x2C4,0x00C5F4,0x013C,37,0F,15,OK
0x393A,0x113A,09,40,5,0x00C330,0x2C5,0x00C5F5,0x013B,37,0C,11,OK
0x3939,0x1139,09,40,5,0x00C330,0x2C6,0x00C5F6,0x013A,37,FE,02,OK
0x3938,0x1138,09,40,5,0x00C330,0x2C7,0x00C5F7,0x0139,37,FF,02,OK
0x3937,0x1137,09,40,5,0x00C330,0x2C8,0x00C5F8,0x0138,37,08,0A,OK
0x3936,0x1136,09,40,5,0x00C330,0x2C9,0x00C5F9,0x0137,37,01,02,OK
0x3935,0x1135,09,40,5,0x00C330,0x2CA,0x00C5FA,0x0136,37,92,92,OK
0x3934,0x1134,09,40,5,0x00C330,0x2CB,0x00C5FB,0x0135,37,03,02,OK
0x3933,0x1133,09,40,5,0x00C330,0x2CC,0x00C5FC,0x0134,37,00,FE,OK
0x3932,0x1132,09,40,5,0x00C330,0x2CD,0x00C5FD,0x0133,37,0D,0A,OK
0x3931,0x1131,09,40,5,0x00C330,0x2CE,0x00C5FE,0x0132,37,03,FF,OK
0x3930,0x1130,09,40,5,0x00C330,0x2CF,0x00C5FF,0x0131,37,09,04,OK
0x392F,0x112F,09,40,5,0x00C330,0x2D0,0x00C600,0x0130,37,01,FB,OK
0x392E,0x112E,09,40,5,0x00C330,0x2D1,0x00C601,0x012F,37,87,80,OK
0x392D,0x112D,09,40,5,0x00C330,0x2D2,0x00C602,0x012E,37,03,FB,OK
0x392C,0x112C,09,40,5,0x00C330,0x2D3,0x00C603,0x012D,37,F0,E7,OK
0x392B,0x112B,09,40,5,0x00C330,0x2D4,0x00C604,0x012C,37,07,FD,OK
0x392A,0x112A,09,40,5,0x00C330,0x2D5,0x00C605,0x012B,37,04,F9,OK
0x3929,0x1129,09,40,5,0x00C330,0x2D6,0x00C606,0x012A,37,00,F4,OK
0x3928,0x1128,09,40,5,0x00C330,0x2D7,0x00C607,0x0129,37,F0,E3,OK
0x3927,0x1127,09,40,5,0x00C330,0x2D8,0x00C608,0x0128,37,0A,FC,OK
0x3926,0x1126,09,40,5,0x00C330,0x2D9,0x00C609,0x0127,37,1F,10,OK
0x3925,0x1125,09,40,5,0x00C330,0x2DA,0x00C60A,0x0126,37,88,78,OK
0x3924,0x1124,09,40,5,0x00C330,0x2DB,0x00C60B,0x0125,37,03,F2,OK
0x3923,0x1123,09,40,5,0x00C330,0x2DC,0x00C60C,0x0124,37,F0,DE,OK
0x3922,0x1122,09,40,5,0x00C330,0x2DD,0x00C60D,0x0123,37,FF,EC,OK
0x3921,0x1121,09,40,5,0x00C330,0x2DE,0x00C60E,0x0122,37,7F,6B,OK
0x3920,0x1120,09,40,5,0x00C330,0x2DF,0x00C60F,0x0121,37,C0,AB,OK
0x391F,0x111F,09,40,5,0x00C330,0x2E0,0x00C610,0x0120,37,FF,E9,OK
0x391E,0x111E,09,40,5,0x00C330,0x2E1,0x00C611,0x011F,37,09,F2,OK
0x391D,0x111D,09,40,5,0x00C330,0x2E2,0x00C612,0x011E,37,3C,24,OK
0x391C,0x111C,09,40,5,0x00C330,0x2E3,0x00C613,0x011D,37,00,E7,OK
0x391B,0x111B,09,40,5,0x00C330,0x2E4,0x00C614,0x011C,37,07,ED,OK
0x391A,0x111A,09,40,5,0x00C330,0x2E5,0x00C615,0x011B,37,FE,E3,OK
0x3919,0x1119,09,40,5,0x00C330,0x2E6,0x00C616,0x011A,37,09,ED,OK
0x3918,0x1118,09,40,5,0x00C330,0x2E7,0x00C617,0x0119,37,3F,22,OK
0x3917,0x1117,09,40,5,0x00C330,0x2E8,0x00C618,0x0118,37,99,7B,OK
0x3916,0x1116,09,40,5,0x00C330,0x2E9,0x00C619,0x0117,37,03,E4,OK
0x3915,0x1115,09,40,5,0x00C330,0x2EA,0x00C61A,0x0116,37,8F,6F,OK
0x3914,0x1114,09,40,5,0x00C330,0x2EB,0x00C61B,0x0115,37,03,E2,OK
0x3913,0x1113,09,40,5,0x00C330,0x2EC,0x00C61C,0x0114,37,FE,DC,OK
0x3912,0x1112,09,40,5,0x00C330,0x2ED,0x00C61D,0x0113,37,FF,DC,OK
0x3911,0x1111,09,40,5,0x00C330,0x2EE,0x00C61E,0x0112,37,06,E2,OK
0x3910,0x1110,09,40,5,0x00C330,0x2EF,0x00C61F,0x0111,37,03,DE,OK
0x390F,0x110F,09,40,5,0x00C330,0x2F0,0x00C620,0x0110,37,88,62,OK
0x390E,0x110E,09,40,5,0x00C330,0x2F1,0x00C621,0x010F,37,03,DC,OK
0x390D,0x110D,09,40,5,0x00C330,0x2F2,0x00C622,0x010E,37,E0,B8,OK
0x390C,0x110C,09,40,5,0x00C330,0x2F3,0x00C623,0x010D,37,FF,D6,OK
0x390B,0x110B,09,40,5,0x00C330,0x2F4,0x00C624,0x010C,37,06,DC,OK
0x390A,0x110A,09,40,5,0x00C330,0x2F5,0x00C625,0x010B,37,03,D8,OK
0x3909,0x1109,09,40,5,0x00C330,0x2F6,0x00C626,0x010A,37,03,D7,OK
0x3908,0x1108,09,40,5,0x00C330,0x2F7,0x00C627,0x0109,37,04,D7,OK
0x3907,0x1107,09,40,5,0x00C330,0x2F8,0x00C628,0x0108,37,00,D2,OK
0x3906,0x1106,09,40,5,0x00C330,0x2F9,0x00C629,0x0107,37,06,D7,OK
0x3905,0x1105,09,40,5,0x00C330,0x2FA,0x00C62A,0x0106,37,03,D3,OK
0x3904,0x1104,09,40,5,0x00C330,0x2FB,0x00C62B,0x0105,37,09,D8,OK
0x3903,0x1103,09,40,5,0x00C330,0x2FC,0x00C62C,0x0104,37,C3,91,OK
0x3902,0x1102,09,40,5,0x00C330,0x2FD,0x00C62D,0x0103,37,09,D6,OK
0x3901,0x1101,09,40,5,0x00C330,0x2FE,0x00C62E,0x0102,37,07,D3,OK
0x3900,0x1100,09,40,5,0x00C330,0x2FF,0x00C62F,0x0101,37,04,CF,OK
0x38FF,0x10FF,09,40,5,0x00C330,0x300,0x00C630,0x0100,37,0C,D6,OK
0x38FE,0x10FE,09,40,5,0x00C330,0x301,0x00C631,0x00FF,37,0C,D4,OK
0x38FD,0x10FD,09,40,5,0x00C330,0x302,0x00C632,0x00FE,37,7F,46,OK
0x38FC,0x10FC,09,40,5,0x00C330,0x303,0x00C633,0x00FD,37,93,59,OK
0x38FB,0x10FB,09,40,5,0x00C330,0x304,0x00C634,0x00FC,37,03,C8,OK
0x38FA,0x10FA,09,40,5,0x00C330,0x305,0x00C635,0x00FB,37,8C,50,OK
0x38F9,0x10F9,09,40,5,0x00C330,0x306,0x00C636,0x00FA,37,03,C6,OK
0x38F8,0x10F8,09,40,5,0x00C330,0x307,0x00C637,0x00F9,37,80,42,OK
0x38F7,0x10F7,09,40,5,0x00C330,0x308,0x00C638,0x00F8,37,09,CA,OK
0x38F6,0x10F6,09,40,5,0x00C330,0x309,0x00C639,0x00F7,37,07,C7,OK
0x38F5,0x10F5,09,40,5,0x00C330,0x30A,0x00C63A,0x00F6,37,04,C3,OK
0x38F4,0x10F4,09,40,5,0x00C330,0x30B,0x00C63B,0x00F5,37,00,BE,OK
0x38F3,0x10F3,09,40,5,0x00C330,0x30C,0x00C63C,0x00F4,37,07,C4,OK
0x38F2,0x10F2,09,40,5,0x00C330,0x30D,0x00C63D,0x00F3,37,03,BF,OK
0x38F1,0x10F1,09,40,5,0x00C330,0x30E,0x00C63E,0x00F2,37,FC,B7,OK
0x38F0,0x10F0,09,40,5,0x00C330,0x30F,0x00C63F,0x00F1,37,07,C1,OK
0x38EF,0x10EF,09,40,5,0x00C330,0x310,0x00C640,0x00F0,37,04,BD,OK
0x38EE,0x10EE,09,40,5,0x00C330,0x311,0x00C641,0x00EF,37,00,B8,OK
0x38ED,0x10ED,09,40,5,0x00C330,0x312,0x00C642,0x00EE,37,F8,AF,OK
0x38EC,0x10EC,09,40,5,0x00C330,0x313,0x00C643,0x00ED,37,0A,C0,OK
0x38EB,0x10EB,09,40,5,0x00C330,0x314,0x00C644,0x00EC,37,0F,C4,OK
0x38EA,0x10EA,09,40,5,0x00C330,0x315,0x00C645,0x00EB,37,00,B4,OK
0x38E9,0x10E9,09,40,5,0x00C330,0x316,0x00C646,0x00EA,37,08,BB,OK
0x38E8,0x10E8,09,40,5,0x00C330,0x317,0x00C647,0x00E9,37,03,B5,OK
0x38E7,0x10E7,09,40,5,0x00C330,0x318,0x00C648,0x00E8,37,FC,AD,OK
0x38E6,0x10E6,09,40,5,0x00C330,0x319,0x00C649,0x00E7,37,0A,BA,OK
0x38E5,0x10E5,09,40,5,0x00C330,0x31A,0x00C64A,0x00E6,37,7F,2E,OK
0x38E4,0x10E4,09,40,5,0x00C330,0x31B,0x00C64B,0x00E5,37,09,B7,OK
0x38E3,0x10E3,09,40,5,0x00C330,0x31C,0x00C64C,0x00E4,37,1E,CB,OK
0x38E2,0x10E2,09,40,5,0x00C330,0x31D,0x00C64D,0x00E3,37,0A,B6,OK
0x38E1,0x10E1,09,40,5,0x00C330,0x31E,0x00C64E,0x00E2,37,80,2B,OK
0x38E0,0x10E0,09,40,5,0x00C330,0x31F,0x00C64F,0x00E1,37,0A,B4,OK
0x38DF,0x10DF,09,40,5,0x00C330,0x320,0x00C650,0x00E0,37,1F,C8,OK
0x38DE,0x10DE,09,40,5,0x00C330,0x321,0x00C651,0x00DF,37,99,41,OK
0x38DD,0x10DD,09,40,5,0x00C330,0x322,0x00C652,0x00DE,37,03,AA,OK
0x38DC,0x10DC,09,40,5,0x00C330,0x323,0x00C653,0x00DD,37,8F,35,OK
0x38DB,0x10DB,09,40,5,0x00C330,0x324,0x00C654,0x00DC,37,03,A8,OK
0x38DA,0x10DA,09,40,5,0x00C330,0x325,0x00C655,0x00DB,37,F8,9C,OK
0x38D9,0x10D9,09,40,5,0x00C330,0x326,0x00C656,0x00DA,37,0C,AF,OK
0x38D8,0x10D8,09,40,5,0x00C330,0x327,0x00C657,0x00D9,37,1F,C1,OK
0x38D7,0x10D7,09,40,5,0x00C330,0x328,0x00C658,0x00D8,37,88,29,OK
0x38D6,0x10D6,09,40,5,0x00C330,0x329,0x00C659,0x00D7,37,03,A3,OK
0x38D5,0x10D5,09,40,5,0x00C330,0x32A,0x00C65A,0x00D6,37,F0,8F,OK
0x38D4,0x10D4,09,40,5,0x00C330,0x32B,0x00C65B,0x00D5,37,FF,9D,OK
0x38D3,0x10D3,09,40,5,0x00C330,0x32C,0x00C65C,0x00D4,37,06,A3,OK
0x38D2,0x10D2,09,40,5,0x00C330,0x32D,0x00C65D,0x00D3,37,03,9F,OK
0x38D1,0x10D1,09,40,5,0x00C330,0x32E,0x00C65E,0x00D2,37,01,9C,OK
0x38D0,0x10D0,09,40,5,0x00C330,0x32F,0x00C65F,0x00D1,37,0C,A6,OK
0x38CF,0x10CF,09,40,5,0x00C330,0x330,0x00C660,0x00D0,37,80,19,OK
0x38CE,0x10CE,09,40,5,0x00C330,0x331,0x00C661,0x00CF,37,09,A1,OK
0x38CD,0x10CD,09,40,5,0x00C330,0x332,0x00C662,0x00CE,37,E1,78,OK
0x38CC,0x10CC,09,40,5,0x00C330,0x333,0x00C663,0x00CD,37,09,9F,OK
0x38CB,0x10CB,09,40,5,0x00C330,0x334,0x00C664,0x00CC,37,01,96,OK
0x38CA,0x10CA,09,40,5,0x00C330,0x335,0x00C665,0x00CB,37,00,94,OK
0x38C9,0x10C9,09,40,5,0x00C330,0x336,0x00C666,0x00CA,37,08,9B,OK
0x38C8,0x10C8,09,40,5,0x00C330,0x337,0x00C667,0x00C9,37,0C,9E,OK
0x38C7,0x10C7,09,40,5,0x00C330,0x338,0x00C668,0x00C8,37,1F,B0,OK
0x38C6,0x10C6,09,40,5,0x00C330,0x339,0x00C669,0x00C7,37,93,23,OK
0x38C5,0x10C5,09,40,5,0x00C330,0x33A,0x00C66A,0x00C6,37,03,92,OK
0x38C4,0x10C4,09,40,5,0x00C330,0x33B,0x00C66B,0x00C5,37,8C,1A,OK
0x38C3,0x10C3,09,40,5,0x00C330,0x33C,0x00C66C,0x00C4,37,03,90,OK
0x38C2,0x10C2,09,40,5,0x00C330,0x33D,0x00C66D,0x00C3,37,80,0C,OK
0x38C1,0x10C1,09,40,5,0x00C330,0x33E,0x00C66E,0x00C2,37,09,94,OK
0x38C0,0x10C0,09,40,5,0x00C330,0x33F,0x00C66F,0x00C1,37,1F,A9,OK
0x38BF,0x10BF,09,40,5,0x00C330,0x340,0x00C670,0x00C0,37,00,89,OK
0x38BE,0x10BE,09,40,5,0x00C330,0x341,0x00C671,0x00BF,37,07,8F,OK
0x38BD,0x10BD,09,40,5,0x00C330,0x342,0x00C672,0x00BE,37,03,8A,OK
0x38BC,0x10BC,09,40,5,0x00C330,0x343,0x00C673,0x00BD,37,FF,85,OK
0x38BB,0x10BB,09,40,5,0x00C330,0x344,0x00C674,0x00BC,37,01,86,OK
0x38BA,0x10BA,09,40,5,0x00C330,0x345,0x00C675,0x00BB,37,00,84,OK
0x38B9,0x10B9,09,40,5,0x00C330,0x346,0x00C676,0x00BA,37,FC,7F,OK
0x38B8,0x10B8,09,40,5,0x00C330,0x347,0x00C677,0x00B9,37,0A,8C,OK
0x38B7,0x10B7,09,40,5,0x00C330,0x348,0x00C678,0x00B8,37,0F,90,OK
0x38B6,0x10B6,09,40,5,0x00C330,0x349,0x00C679,0x00B7,37,86,06,OK
0x38B5,0x10B5,09,40,5,0x00C330,0x34A,0x00C67A,0x00B6,37,03,82,OK
0x38B4,0x10B4,09,40,5,0x00C330,0x34B,0x00C67B,0x00B5,37,F8,76,OK
0x38B3,0x10B3,09,40,5,0x00C330,0x34C,0x00C67C,0x00B4,37,00,7D,OK
0x38B2,0x10B2,09,40,5,0x00C330,0x34D,0x00C67D,0x00B3,37,FE,7A,OK
0x38B1,0x10B1,09,40,5,0x00C330,0x34E,0x00C67E,0x00B2,37,0A,85,OK
0x38B0,0x10B0,09,40,5,0x00C330,0x34F,0x00C67F,0x00B1,37,3F,B9,OK
0x38AF,0x10AF,09,40,5,0x00C330,0x350,0x00C680,0x00B0,37,00,79,OK
0x38AE,0x10AE,09,40,5,0x00C330,0x351,0x00C681,0x00AF,37,05,7D,OK
0x38AD,0x10AD,09,40,5,0x00C330,0x352,0x00C682,0x00AE,37,0F,86,OK
0x38AC,0x10AC,09,40,5,0x00C330,0x353,0x00C683,0x00AD,37,0A,80,OK
0x38AB,0x10AB,09,40,5,0x00C330,0x354,0x00C684,0x00AC,37,80,F5,OK
0x38AA,0x10AA,09,40,5,0x00C330,0x355,0x00C685,0x00AB,37,0A,7E,OK
0x38A9,0x10A9,09,40,5,0x00C330,0x356,0x00C686,0x00AA,37,0F,82,OK
0x38A8,0x10A8,09,40,5,0x00C330,0x357,0x00C687,0x00A9,37,99,0B,OK
0x38A7,0x10A7,09,40,5,0x00C330,0x358,0x00C688,0x00A8,37,03,74,OK
0x38A6,0x10A6,09,40,5,0x00C330,0x359,0x00C689,0x00A7,37,8F,FF,OK
0x38A5,0x10A5,09,40,5,0x00C330,0x35A,0x00C68A,0x00A6,37,03,72,OK
0x38A4,0x10A4,09,40,5,0x00C330,0x35B,0x00C68B,0x00A5,37,E0,4E,OK
0x38A3,0x10A3,09,40,5,0x00C330,0x35C,0x00C68C,0x00A4,37,0C,79,OK
0x38A2,0x10A2,09,40,5,0x00C330,0x35D,0x00C68D,0x00A3,37,0F,7B,OK
0x38A1,0x10A1,09,40,5,0x00C330,0x35E,0x00C68E,0x00A2,37,88,F3,OK
0x38A0,0x10A0,09,40,5,0x00C330,0x35F,0x00C68F,0x00A1,37,03,6D,OK
0x389F,0x109F,09,40,5,0x00C330,0x360,0x00C690,0x00A0,37,F0,59,OK
0x389E,0x109E,09,40,5,0x00C330,0x361,0x00C691,0x009F,37,0C,74,OK
0x389D,0x109D,09,40,5,0x00C330,0x362,0x00C692,0x009E,37,7F,E6,OK
0x389C,0x109C,09,40,5,0x00C330,0x363,0x00C693,0x009D,37,86,EC,OK
0x389B,0x109B,09,40,5,0x00C330,0x364,0x00C694,0x009C,37,03,68,OK
0x389A,0x109A,09,40,5,0x00C330,0x365,0x00C695,0x009B,37,C0,24,OK
0x3899,0x1099,09,40,5,0x00C330,0x366,0x00C696,0x009A,37,FF,62,OK
0x3898,0x1098,09,40,5,0x00C330,0x367,0x00C697,0x0099,37,05,67,OK
0x3897,0x1097,09,40,5,0x00C330,0x368,0x00C698,0x0098,37,F0,51,OK
0x3896,0x1096,09,40,5,0x00C330,0x369,0x00C699,0x0097,37,09,69,OK
0x3895,0x1095,09,40,5,0x00C330,0x36A,0x00C69A,0x0096,37,01,60,OK
0x3894,0x1094,09,40,5,0x00C330,0x36B,0x00C69B,0x0095,37,00,5E,OK
0x3893,0x1093,09,40,5,0x00C330,0x36C,0x00C69C,0x0094,37,08,65,OK
0x3892,0x1092,09,40,5,0x00C330,0x36D,0x00C69D,0x0093,37,FF,5B,OK
0x3891,0x1091,09,40,5,0x00C330,0x36E,0x00C69E,0x0092,37,08,63,OK
0x3890,0x1090,09,40,5,0x00C330,0x36F,0x00C69F,0x0091,37,03,5D,OK
0x388F,0x108F,09,40,5,0x00C330,0x370,0x00C6A0,0x0090,37,04,5D,OK
0x388E,0x108E,09,40,5,0x00C330,0x371,0x00C6A1,0x008F,37,93,EB,OK
0x388D,0x108D,09,40,5,0x00C330,0x372,0x00C6A2,0x008E,37,03,5A,OK
0x388C,0x108C,09,40,5,0x00C330,0x373,0x00C6A3,0x008D,37,8C,E2,OK
0x388B,0x108B,09,40,5,0x00C330,0x374,0x00C6A4,0x008C,37,03,58,OK
0x388A,0x108A,09,40,5,0x00C330,0x375,0x00C6A5,0x008B,37,C0,14,OK
0x3889,0x1089,09,40,5,0x00C330,0x376,0x00C6A6,0x008A,37,09,5C,OK
0x3888,0x1088,09,40,5,0x00C330,0x377,0x00C6A7,0x0089,37,3F,91,OK
0x3887,0x1087,09,40,5,0x00C330,0x378,0x00C6A8,0x0088,37,86,D7,OK
0x3886,0x1086,09,40,5,0x00C330,0x379,0x00C6A9,0x0087,37,03,53,OK
0x3885,0x1085,09,40,5,0x00C330,0x37A,0x00C6AA,0x0086,37,F0,3F,OK
0x3884,0x1084,09,40,5,0x00C330,0x37B,0x00C6AB,0x0085,37,FF,4D,OK
0x3883,0x1083,09,40,5,0x00C330,0x37C,0x00C6AC,0x0084,37,09,56,OK
0x3882,0x1082,09,40,5,0x00C330,0x37D,0x00C6AD,0x0083,37,FC,48,OK
0x3881,0x1081,09,40,5,0x00C330,0x37E,0x00C6AE,0x0082,37,0A,55,OK
0x3880,0x1080,09,40,5,0x00C330,0x37F,0x00C6AF,0x0081,37,07,51,OK
0x387F,0x107F,09,40,5,0x00C330,0x380,0x00C6B0,0x0080,37,04,4D,OK
0x387E,0x107E,09,40,5,0x00C330,0x381,0x00C6B1,0x007F,37,00,48,OK
0x387D,0x107D,09,40,5,0x00C330,0x382,0x00C6B2,0x007E,37,06,4D,OK
0x387C,0x107C,09,40,5,0x00C330,0x383,0x00C6B3,0x007D,37,03,49,OK
0x387B,0x107B,09,40,5,0x00C330,0x384,0x00C6B4,0x007C,37,FE,43,OK
0x387A,0x107A,09,40,5,0x00C330,0x385,0x00C6B5,0x007B,37,80,C4,OK
0x3879,0x1079,09,40,5,0x00C330,0x386,0x00C6B6,0x007A,37,0B,4E,OK
0x3878,0x1078,09,40,5,0x00C330,0x387,0x00C6B7,0x0079,37,1F,61,OK
0x3877,0x1077,09,40,5,0x00C330,0x388,0x00C6B8,0x0078,37,00,41,OK
0x3876,0x1076,09,40,5,0x00C330,0x389,0x00C6B9,0x0077,37,05,45,OK
0x3875,0x1075,09,40,5,0x00C330,0x38A,0x00C6BA,0x0076,37,0F,4E,OK
0x3874,0x1074,09,40,5,0x00C330,0x38B,0x00C6BB,0x0075,37,0A,48,OK
0x3873,0x1073,09,40,5,0x00C330,0x38C,0x00C6BC,0x0074,37,C0,FD,OK
0x3872,0x1072,09,40,5,0x00C330,0x38D,0x00C6BD,0x0073,37,0A,46,OK
0x3871,0x1071,09,40,5,0x00C330,0x38E,0x00C6BE,0x0072,37,07,42,OK
0x3870,0x1070,09,40,5,0x00C330,0x38F,0x00C6BF,0x0071,37,04,3E,OK
0x386F,0x106F,09,40,5,0x00C330,0x390,0x00C6C0,0x0070,37,99,D2,OK
0x386E,0x106E,09,40,5,0x00C330,0x391,0x00C6C1,0x006F,37,03,3B,OK
0x386D,0x106D,09,40,5,0x00C330,0x392,0x00C6C2,0x006E,37,8F,C6,OK
0x386C,0x106C,09,40,5,0x00C330,0x393,0x00C6C3,0x006D,37,03,39,OK
0x386B,0x106B,09,40,5,0x00C330,0x394,0x00C6C4,0x006C,37,C0,F5,OK
0x386A,0x106A,09,40,5,0x00C330,0x395,0x00C6C5,0x006B,37,FF,33,OK
0x3869,0x1069,09,40,5,0x00C330,0x396,0x00C6C6,0x006A,37,08,3B,OK
0x3868,0x1068,09,40,5,0x00C330,0x397,0x00C6C7,0x0069,37,01,33,OK
0x3867,0x1067,09,40,5,0x00C330,0x398,0x00C6C8,0x0068,37,88,B9,OK
0x3866,0x1066,09,40,5,0x00C330,0x399,0x00C6C9,0x0067,37,03,33,OK
0x3865,0x1065,09,40,5,0x00C330,0x39A,0x00C6CA,0x0066,37,F8,27,OK
0x3864,0x1064,09,40,5,0x00C330,0x39B,0x00C6CB,0x0065,37,0C,3A,OK
0x3863,0x1063,09,40,5,0x00C330,0x39C,0x00C6CC,0x0064,37,0F,3C,OK
0x3862,0x1062,09,40,5,0x00C330,0x39D,0x00C6CD,0x0063,37,86,B2,OK
0x3861,0x1061,09,40,5,0x00C330,0x39E,0x00C6CE,0x0062,37,03,2E,OK
0x3860,0x1060,09,40,5,0x00C330,0x39F,0x00C6CF,0x0061,37,E0,0A,OK
0x385F,0x105F,09,40,5,0x00C330,0x3A0,0x00C6D0,0x0060,37,FF,28,OK
0x385E,0x105E,09,40,5,0x00C330,0x3A1,0x00C6D1,0x005F,37,05,2D,OK
0x385D,0x105D,09,40,5,0x00C330,0x3A2,0x00C6D2,0x005E,37,F0,17,OK
0x385C,0x105C,09,40,5,0x00C330,0x3A3,0x00C6D3,0x005D,37,FF,25,OK
0x385B,0x105B,09,40,5,0x00C330,0x3A4,0x00C6D4,0x005C,37,05,2A,OK
0x385A,0x105A,09,40,5,0x00C330,0x3A5,0x00C6D5,0x005B,37,01,25,OK
0x3859,0x1059,09,40,5,0x00C330,0x3A6,0x00C6D6,0x005A,37,0B,2E,OK
0x3858,0x1058,09,40,5,0x00C330,0x3A7,0x00C6D7,0x0059,37,80,A2,OK
0x3857,0x1057,09,40,5,0x00C330,0x3A8,0x00C6D8,0x0058,37,FF,20,OK
0x3856,0x1056,09,40,5,0x00C330,0x3A9,0x00C6D9,0x0057,37,08,28,OK
0x3855,0x1055,09,40,5,0x00C330,0x3AA,0x00C6DA,0x0056,37,01,20,OK
0x3854,0x1054,09,40,5,0x00C330,0x3AB,0x00C6DB,0x0055,37,93,B1,OK
0x3853,0x1053,09,40,5,0x00C330,0x3AC,0x00C6DC,0x0054,37,03,20,OK
0x3852,0x1052,09,40,5,0x00C330,0x3AD,0x00C6DD,0x0053,37,8C,A8,OK
0x3851,0x1051,09,40,5,0x00C330,0x3AE,0x00C6DE,0x0052,37,03,1E,OK
0x3850,0x1050,09,40,5,0x00C330,0x3AF,0x00C6DF,0x0051,37,E0,FA,OK
0x384F,0x104F,09,40,5,0x00C330,0x3B0,0x00C6E0,0x0050,37,09,22,OK
0x384E,0x104E,09,40,5,0x00C330,0x3B1,0x00C6E1,0x004F,37,7F,97,OK
0x384D,0x104D,09,40,5,0x00C330,0x3B2,0x00C6E2,0x004E,37,00,17,OK
0x384C,0x104C,09,40,5,0x00C330,0x3B3,0x00C6E3,0x004D,37,06,1C,OK
0x384B,0x104B,09,40,5,0x00C330,0x3B4,0x00C6E4,0x004C,37,03,18,OK
0x384A,0x104A,09,40,5,0x00C330,0x3B5,0x00C6E5,0x004B,37,F8,0C,OK
0x3849,0x1049,09,40,5,0x00C330,0x3B6,0x00C6E6,0x004A,37,3F,52,OK
0x3848,0x1048,09,40,5,0x00C330,0x3B7,0x00C6E7,0x0049,37,09,1B,OK
0x3847,0x1047,09,40,5,0x00C330,0x3B8,0x00C6E8,0x0048,37,FE,0F,OK
0x3846,0x1046,09,40,5,0x00C330,0x3B9,0x00C6E9,0x0047,37,0A,1A,OK
0x3845,0x1045,09,40,5,0x00C330,0x3BA,0x00C6EA,0x0046,37,03,12,OK
0x3844,0x1044,09,40,5,0x00C330,0x3BB,0x00C6EB,0x0045,37,04,12,OK
0x3843,0x1043,09,40,5,0x00C330,0x3BC,0x00C6EC,0x0044,37,00,0D,OK
0x3842,0x1042,09,40,5,0x00C330,0x3BD,0x00C6ED,0x0043,37,06,12,OK
0x3841,0x1041,09,40,5,0x00C330,0x3BE,0x00C6EE,0x0042,37,03,0E,OK
0x3840,0x1040,09,40,5,0x00C330,0x3BF,0x00C6EF,0x0041,37,7E,88,OK
0x383F,0x103F,09,40,5,0x00C330,0x3C0,0x00C6F0,0x0040,37,C0,C9,OK
0x383E,0x103E,09,40,5,0x00C330,0x3C1,0x00C6F1,0x003F,37,0B,13,OK
0x383D,0x103D,09,40,5,0x00C330,0x3C2,0x00C6F2,0x003E,37,1F,26,OK
0x383C,0x103C,09,40,5,0x00C330,0x3C3,0x00C6F3,0x003D,37,00,06,OK
0x383B,0x103B,09,40,5,0x00C330,0x3C4,0x00C6F4,0x003C,37,C0,C5,OK
0x383A,0x103A,09,40,5,0x00C330,0x3C5,0x00C6F5,0x003B,37,07,0B,OK
0x3839,0x1039,09,40,5,0x00C330,0x3C6,0x00C6F6,0x003A,37,04,07,OK
0x3838,0x1038,09,40,5,0x00C330,0x3C7,0x00C6F7,0x0039,37,0A,0C,OK
0x3837,0x1037,09,40,5,0x00C330,0x3C8,0x00C6F8,0x0038,37,C0,C1,OK
0x3836,0x1036,09,40,5,0x00C330,0x3C9,0x00C6F9,0x0037,37,FF,FF,OK
0x3835,0x1035,09,40,5,0x00C330,0x3CA,0x00C6FA,0x0036,37,06,05,OK
0x3834,0x1034,09,40,5,0x00C330,0x3CB,0x00C6FB,0x0035,37,03,01,OK
0x3833,0x1033,09,40,5,0x00C330,0x3CC,0x00C6FC,0x0034,37,04,01,OK
0x3832,0x1032,09,40,5,0x00C330,0x3CD,0x00C6FD,0x0033,37,99,95,OK
0x3831,0x1031,09,40,5,0x00C330,0x3CE,0x00C6FE,0x0032,37,03,FE,OK
0x3830,0x1030,09,40,5,0x00C330,0x3CF,0x00C6FF,0x0031,37,90,8A,OK
0x382F,0x102F,09,40,5,0x00C330,0x3D0,0x00C700,0x0030,37,03,FC,OK
0x382E,0x102E,09,40,5,0x00C330,0x3D1,0x00C701,0x002F,37,FE,F6,OK
0x382D,0x102D,09,40,5,0x00C330,0x3D2,0x00C702,0x002E,37,FF,F6,OK
0x382C,0x102C,09,40,5,0x00C330,0x3D3,0x00C703,0x002D,37,07,FD,OK
0x382B,0x102B,09,40,5,0x00C330,0x3D4,0x00C704,0x002C,37,89,7E,OK
0x382A,0x102A,09,40,5,0x00C330,0x3D5,0x00C705,0x002B,37,03,F7,OK
0x3829,0x1029,09,40,5,0x00C330,0x3D6,0x00C706,0x002A,37,FC,EF,OK
0x3828,0x1028,09,40,5,0x00C330,0x3D7,0x00C707,0x0029,37,FF,F1,OK
0x3827,0x1027,09,40,5,0x00C330,0x3D8,0x00C708,0x0028,37,08,F9,OK
0x3826,0x1026,09,40,5,0x00C330,0x3D9,0x00C709,0x0027,37,07,F7,OK
0x3825,0x1025,09,40,5,0x00C330,0x3DA,0x00C70A,0x0026,37,04,F3,OK
0x3824,0x1024,09,40,5,0x00C330,0x3DB,0x00C70B,0x0025,37,86,74,OK
0x3823,0x1023,09,40,5,0x00C330,0x3DC,0x00C70C,0x0024,37,03,F0,OK
0x3822,0x1022,09,40,5,0x00C330,0x3DD,0x00C70D,0x0023,37,E0,CC,OK
0x3821,0x1021,09,40,5,0x00C330,0x3DE,0x00C70E,0x0022,37,FF,EA,OK
0x3820,0x1020,09,40,5,0x00C330,0x3DF,0x00C70F,0x0021,37,3F,29,OK
0x381F,0x101F,09,40,5,0x00C330,0x3E0,0x00C710,0x0020,37,F8,E1,OK
0x381E,0x101E,09,40,5,0x00C330,0x3E1,0x00C711,0x001F,37,FF,E7,OK
0x381D,0x101D,09,40,5,0x00C330,0x3E2,0x00C712,0x001E,37,05,EC,OK
0x381C,0x101C,09,40,5,0x00C330,0x3E3,0x00C713,0x001D,37,C0,A6,OK
0x381B,0x101B,09,40,5,0x00C330,0x3E4,0x00C714,0x001C,37,3F,24,OK
0x381A,0x101A,09,40,5,0x00C330,0x3E5,0x00C715,0x001B,37,0A,EE,OK
0x3819,0x1019,09,40,5,0x00C330,0x3E6,0x00C716,0x001A,37,C0,A3,OK
0x3818,0x1018,09,40,5,0x00C330,0x3E7,0x00C717,0x0019,37,0B,ED,OK
0x3817,0x1017,09,40,5,0x00C330,0x3E8,0x00C718,0x0018,37,7F,60,OK
0x3816,0x1016,09,40,5,0x00C330,0x3E9,0x00C719,0x0017,37,94,74,OK
0x3815,0x1015,09,40,5,0x00C330,0x3EA,0x00C71A,0x0016,37,03,E2,OK
0x3814,0x1014,09,40,5,0x00C330,0x3EB,0x00C71B,0x0015,37,8C,6A,OK
0x3813,0x1013,09,40,5,0x00C330,0x3EC,0x00C71C,0x0014,37,03,E0,OK
0x3812,0x1012,09,40,5,0x00C330,0x3ED,0x00C71D,0x0013,37,E0,BC,OK
0x3811,0x1011,09,40,5,0x00C330,0x3EE,0x00C71E,0x0012,37,09,E4,OK
0x3810,0x1010,09,40,5,0x00C330,0x3EF,0x00C71F,0x0011,37,3F,19,OK
0x380F,0x100F,09,40,5,0x00C330,0x3F0,0x00C720,0x0010,37,00,D9,OK
0x380E,0x100E,09,40,5,0x00C330,0x3F1,0x00C721,0x000F,37,06,DE,OK
0x380D,0x100D,09,40,5,0x00C330,0x3F2,0x00C722,0x000E,37,03,DA,OK
0x380C,0x100C,09,40,5,0x00C330,0x3F3,0x00C723,0x000D,37,FF,D5,OK
0x380B,0x100B,09,40,5,0x00C330,0x3F4,0x00C724,0x000C,37,1F,F4,OK
0x380A,0x100A,09,40,5,0x00C330,0x3F5,0x00C725,0x000B,37,00,D4,OK
0x3809,0x1009,09,40,5,0x00C330,0x3F6,0x00C726,0x000A,37,05,D8,OK
0x3808,0x1008,09,40,5,0x00C330,0x3F7,0x00C727,0x0009,37,0B,DD,OK
0x3807,0x1007,09,40,5,0x00C330,0x3F8,0x00C728,0x0008,37,01,D2,OK
0x3806,0x1006,09,40,5,0x00C330,0x3F9,0x00C729,0x0007,37,0C,DC,OK
0x3805,0x1005,09,40,5,0x00C330,0x3FA,0x00C72A,0x0006,37,80,4F,OK
0x3804,0x1004,09,40,5,0x00C330,0x3FB,0x00C72B,0x0005,37,3F,0D,OK
0x3803,0x1003,09,40,5,0x00C330,0x3FC,0x00C72C,0x0004,37,F0,BD,OK
0x3802,0x1002,09,40,5,0x00C330,0x3FD,0x00C72D,0x0003,37,0B,D7,OK
0x3801,0x1001,09,40,5,0x00C330,0x3FE,0x00C72E,0x0002,37,0F,DA,OK
0x3800,0x1000,09,40,5,0x00C330,0x3FF,0x00C72F,0x0001,37,00,CA,OK
0x3FFF,0x17FF,0A,40,1,0x00C740,0x000,0x00C740,0x0400,36,01,CF,OK
0x3FFE,0x17FE,0A,40,1,0x00C740,0x001,0x00C741,0x03FF,36,0A,D6,OK
0x3FFD,0x17FD,0A,40,1,0x00C740,0x002,0x00C742,0x03FE,36,80,4B,OK
0x3FFC,0x17FC,0A,40,1,0x00C740,0x003,0x00C743,0x03FD,36,FF,C9,OK
0x3FFB,0x17FB,0A,40,1,0x00C740,0x004,0x00C744,0x03FC,36,0D,D6,OK
0x3FFA,0x17FA,0A,40,1,0x00C740,0x005,0x00C745,0x03FB,36,03,CB,OK
0x3FF9,0x17F9,0A,40,1,0x00C740,0x006,0x00C746,0x03FA,36,03,CA,OK
0x3FF8,0x17F8,0A,40,1,0x00C740,0x007,0x00C747,0x03F9,36,04,CA,OK
0x3FF7,0x17F7,0A,40,1,0x00C740,0x008,0x00C748,0x03F8,36,00,C5,OK
0x3FF6,0x17F6,0A,40,1,0x00C740,0x009,0x00C749,0x03F7,36,E0,A4,OK
0x3FF5,0x17F5,0A,40,1,0x00C740,0x00A,0x00C74A,0x03F6,36,FF,C2,OK
0x3FF4,0x17F4,0A,40,1,0x00C740,0x00B,0x00C74B,0x03F5,36,0B,CD,OK
0x3FF3,0x17F3,0A,40,1,0x00C740,0x00C,0x00C74C,0x03F4,36,03,C4,OK
0x3FF2,0x17F2,0A,40,1,0x00C740,0x00D,0x00C74D,0x03F3,36,1F,DF,OK
0x3FF1,0x17F1,0A,40,1,0x00C740,0x00E,0x00C74E,0x03F2,36,00,BF,OK
0x3FF0,0x17F0,0A,40,1,0x00C740,0x00F,0x00C74F,0x03F1,36,06,C4,OK
0x3FEF,0x17EF,0A,40,1,0x00C740,0x010,0x00C750,0x03F0,36,86,43,OK
0x3FEE,0x17EE,0A,40,1,0x00C740,0x011,0x00C751,0x03EF,36,03,BF,OK
0x3FED,0x17ED,0A,40,1,0x00C740,0x012,0x00C752,0x03EE,36,7F,3A,OK
0x3FEC,0x17EC,0A,40,1,0x00C740,0x013,0x00C753,0x03ED,36,C0,7A,OK
0x3FEB,0x17EB,0A,40,1,0x00C740,0x014,0x00C754,0x03EC,36,FF,B8,OK
0x3FEA,0x17EA,0A,40,1,0x00C740,0x015,0x00C755,0x03EB,36,0D,C5,OK
0x3FE9,0x17E9,0A,40,1,0x00C740,0x016,0x00C756,0x03EA,36,03,BA,OK
0x3FE8,0x17E8,0A,40,1,0x00C740,0x017,0x00C757,0x03E9,36,09,BF,OK
0x3FE7,0x17E7,0A,40,1,0x00C740,0x018,0x00C758,0x03E8,36,E0,95,OK
0x3FE6,0x17E6,0A,40,1,0x00C740,0x019,0x00C759,0x03E7,36,8A,3E,OK
0x3FE5,0x17E5,0A,40,1,0x00C740,0x01A,0x00C75A,0x03E6,36,03,B6,OK
0x3FE4,0x17E4,0A,40,1,0x00C740,0x01B,0x00C75B,0x03E5,36,00,B2,OK
0x3FE3,0x17E3,0A,40,1,0x00C740,0x01C,0x00C75C,0x03E4,36,0A,BB,OK
0x3FE2,0x17E2,0A,40,1,0x00C740,0x01D,0x00C75D,0x03E3,36,03,B3,OK
0x3FE1,0x17E1,0A,40,1,0x00C740,0x01E,0x00C75E,0x03E2,36,FE,AD,OK
0x3FE0,0x17E0,0A,40,1,0x00C740,0x01F,0x00C75F,0x03E1,36,0A,B8,OK
0x3FDF,0x17DF,0A,40,1,0x00C740,0x020,0x00C760,0x03E0,36,7F,2C,OK
0x3FDE,0x17DE,0A,40,1,0x00C740,0x021,0x00C761,0x03DF,36,00,AC,OK
0x3FDD,0x17DD,0A,40,1,0x00C740,0x022,0x00C762,0x03DE,36,0D,B8,OK
0x3FDC,0x17DC,0A,40,1,0x00C740,0x023,0x00C763,0x03DD,36,03,AD,OK
0x3FDB,0x17DB,0A,40,1,0x00C740,0x024,0x00C764,0x03DC,36,FC,A5,OK
0x3FDA,0x17DA,0A,40,1,0x00C740,0x025,0x00C765,0x03DB,36,FF,A7,OK
0x3FD9,0x17D9,0A,40,1,0x00C740,0x026,0x00C766,0x03DA,36,1F,C6,OK
0x3FD8,0x17D8,0A,40,1,0x00C740,0x027,0x00C767,0x03D9,36,00,A6,OK
0x3FD7,0x17D7,0A,40,1,0x00C740,0x028,0x00C768,0x03D8,36,0B,B0,OK
0x3FD6,0x17D6,0A,40,1,0x00C740,0x029,0x00C769,0x03D7,36,03,A7,OK
0x3FD5,0x17D5,0A,40,1,0x00C740,0x02A,0x00C76A,0x03D6,36,E0,83,OK
0x3FD4,0x17D4,0A,40,1,0x00C740,0x02B,0x00C76B,0x03D5,36,FF,A1,OK
0x3FD3,0x17D3,0A,40,1,0x00C740,0x02C,0x00C76C,0x03D4,36,06,A7,OK
0x3FD2,0x17D2,0A,40,1,0x00C740,0x02D,0x00C76D,0x03D3,36,86,26,OK
0x3FD1,0x17D1,0A,40,1,0x00C740,0x02E,0x00C76E,0x03D2,36,03,A2,OK
0x3FD0,0x17D0,0A,40,1,0x00C740,0x02F,0x00C76F,0x03D1,36,80,1E,OK
0x3FCF,0x17CF,0A,40,1,0x00C740,0x030,0x00C770,0x03D0,36,3F,DC,OK
0x3FCE,0x17CE,0A,40,1,0x00C740,0x031,0x00C771,0x03CF,36,00,9C,OK
0x3FCD,0x17CD,0A,40,1,0x00C740,0x032,0x00C772,0x03CE,36,0D,A8,OK
0x3FCC,0x17CC,0A,40,1,0x00C740,0x033,0x00C773,0x03CD,36,03,9D,OK
0x3FCB,0x17CB,0A,40,1,0x00C740,0x034,0x00C774,0x03CC,36,09,A2,OK
0x3FCA,0x17CA,0A,40,1,0x00C740,0x035,0x00C775,0x03CB,36,1F,B7,OK
0x3FC9,0x17C9,0A,40,1,0x00C740,0x036,0x00C776,0x03CA,36,8A,21,OK
0x3FC8,0x17C8,0A,40,1,0x00C740,0x037,0x00C777,0x03C9,36,03,99,OK
0x3FC7,0x17C7,0A,40,1,0x00C740,0x038,0x00C778,0x03C8,36,FF,94,OK
0x3FC6,0x17C6,0A,40,1,0x00C740,0x039,0x00C779,0x03C7,36,0A,9E,OK
0x3FC5,0x17C5,0A,40,1,0x00C740,0x03A,0x00C77A,0x03C6,36,03,96,OK
0x3FC4,0x17C4,0A,40,1,0x00C740,0x03B,0x00C77B,0x03C5,36,0C,9E,OK
0x3FC3,0x17C3,0A,40,1,0x00C740,0x03C,0x00C77C,0x03C4,36,FF,90,OK
0x3FC2,0x17C2,0A,40,1,0x00C740,0x03D,0x00C77D,0x03C3,36,0D,9D,OK
0x3FC1,0x17C1,0A,40,1,0x00C740,0x03E,0x00C77E,0x03C2,36,03,92,OK
0x3FC0,0x17C0,0A,40,1,0x00C740,0x03F,0x00C77F,0x03C1,36,09,97,OK
0x3FBF,0x17BF,0A,40,1,0x00C740,0x040,0x00C780,0x03C0,36,F0,7D,OK
0x3FBE,0x17BE,0A,40,1,0x00C740,0x041,0x00C781,0x03BF,36,FF,8B,OK
0x3FBD,0x17BD,0A,40,1,0x00C740,0x042,0x00C782,0x03BE,36,0B,96,OK
0x3FBC,0x17BC,0A,40,1,0x00C740,0x043,0x00C783,0x03BD,36,03,8D,OK
0x3FBB,0x17BB,0A,40,1,0x00C740,0x044,0x00C784,0x03BC,36,01,8A,OK
0x3FBA,0x17BA,0A,40,1,0x00C740,0x045,0x00C785,0x03BB,36,00,88,OK
0x3FB9,0x17B9,0A,40,1,0x00C740,0x046,0x00C786,0x03BA,36,05,8C,OK
0x3FB8,0x17B8,0A,40,1,0x00C740,0x047,0x00C787,0x03B9,36,F0,76,OK
0x3FB7,0x17B7,0A,40,1,0x00C740,0x048,0x00C788,0x03B8,36,FF,84,OK
0x3FB6,0x17B6,0A,40,1,0x00C740,0x049,0x00C789,0x03B7,36,06,8A,OK
0x3FB5,0x17B5,0A,40,1,0x00C740,0x04A,0x00C78A,0x03B6,36,03,86,OK
0x3FB4,0x17B4,0A,40,1,0x00C740,0x04B,0x00C78B,0x03B5,36,03,85,OK
0x3FB3,0x17B3,0A,40,1,0x00C740,0x04C,0x00C78C,0x03B4,36,04,85,OK
0x3FB2,0x17B2,0A,40,1,0x00C740,0x04D,0x00C78D,0x03B3,36,80,00,OK
0x3FB1,0x17B1,0A,40,1,0x00C740,0x04E,0x00C78E,0x03B2,36,FF,7E,OK
0x3FB0,0x17B0,0A,40,1,0x00C740,0x04F,0x00C78F,0x03B1,36,0C,8A,OK
0x3FAF,0x17AF,0A,40,1,0x00C740,0x050,0x00C790,0x03B0,36,03,80,OK
0x3FAE,0x17AE,0A,40,1,0x00C740,0x051,0x00C791,0x03AF,36,0F,8B,OK
0x3FAD,0x17AD,0A,40,1,0x00C740,0x052,0x00C792,0x03AE,36,00,7B,OK
0x3FAC,0x17AC,0A,40,1,0x00C740,0x053,0x00C793,0x03AD,36,05,7F,OK
0x3FAB,0x17AB,0A,40,1,0x00C740,0x054,0x00C794,0x03AC,36,FC,75,OK
0x3FAA,0x17AA,0A,40,1,0x00C740,0x055,0x00C795,0x03AB,36,8A,02,OK
0x3FA9,0x17A9,0A,40,1,0x00C740,0x056,0x00C796,0x03AA,36,03,7A,OK
0x3FA8,0x17A8,0A,40,1,0x00C740,0x057,0x00C797,0x03A9,36,00,76,OK
0x3FA7,0x17A7,0A,40,1,0x00C740,0x058,0x00C798,0x03A8,36,0A,7F,OK
0x3FA6,0x17A6,0A,40,1,0x00C740,0x059,0x00C799,0x03A7,36,03,77,OK
0x3FA5,0x17A5,0A,40,1,0x00C740,0x05A,0x00C79A,0x03A6,36,0C,7F,OK
0x3FA4,0x17A4,0A,40,1,0x00C740,0x05B,0x00C79B,0x03A5,36,00,72,OK
0x3FA3,0x17A3,0A,40,1,0x00C740,0x05C,0x00C79C,0x03A4,36,0D,7E,OK
0x3FA2,0x17A2,0A,40,1,0x00C740,0x05D,0x00C79D,0x03A3,36,03,73,OK
0x3FA1,0x17A1,0A,40,1,0x00C740,0x05E,0x00C79E,0x03A2,36,09,78,OK
0x3FA0,0x17A0,0A,40,1,0x00C740,0x05F,0x00C79F,0x03A1,36,0F,7D,OK
0x3F9F,0x179F,0A,40,1,0x00C740,0x060,0x00C7A0,0x03A0,36,00,6D,OK
0x3F9E,0x179E,0A,40,1,0x00C740,0x061,0x00C7A1,0x039F,36,0B,77,OK
0x3F9D,0x179D,0A,40,1,0x00C740,0x062,0x00C7A2,0x039E,36,03,6E,OK
0x3F9C,0x179C,0A,40,1,0x00C740,0x063,0x00C7A3,0x039D,36,FE,68,OK
0x3F9B,0x179B,0A,40,1,0x00C740,0x064,0x00C7A4,0x039C,36,FF,68,OK
0x3F9A,0x179A,0A,40,1,0x00C740,0x065,0x00C7A5,0x039B,36,05,6D,OK
0x3F99,0x1799,0A,40,1,0x00C740,0x066,0x00C7A6,0x039A,36,0F,76,OK
0x3F98,0x1798,0A,40,1,0x00C740,0x067,0x00C7A7,0x0399,36,00,66,OK
0x3F97,0x1797,0A,40,1,0x00C740,0x068,0x00C7A8,0x0398,36,06,6B,OK
0x3F96,0x1796,0A,40,1,0x00C740,0x069,0x00C7A9,0x0397,36,03,67,OK
0x3F95,0x1795,0A,40,1,0x00C740,0x06A,0x00C7AA,0x0396,36,FC,5F,OK
0x3F94,0x1794,0A,40,1,0x00C740,0x06B,0x00C7AB,0x0395,36,7F,E1,OK
0x3F93,0x1793,0A,40,1,0x00C740,0x06C,0x00C7AC,0x0394,36,00,61,OK
0x3F92,0x1792,0A,40,1,0x00C740,0x06D,0x00C7AD,0x0393,36,0C,6C,OK
0x3F91,0x1791,0A,40,1,0x00C740,0x06E,0x00C7AE,0x0392,36,03,62,OK
0x3F90,0x1790,0A,40,1,0x00C740,0x06F,0x00C7AF,0x0391,36,F0,4E,OK
0x3F8F,0x178F,0A,40,1,0x00C740,0x070,0x00C7B0,0x0390,36,FF,5C,OK
0x3F8E,0x178E,0A,40,1,0x00C740,0x071,0x00C7B1,0x038F,36,05,61,OK
0x3F8D,0x178D,0A,40,1,0x00C740,0x072,0x00C7B2,0x038E,36,03,5E,OK
0x3F8C,0x178C,0A,40,1,0x00C740,0x073,0x00C7B3,0x038D,36,04,5E,OK
0x3F8B,0x178B,0A,40,1,0x00C740,0x074,0x00C7B4,0x038C,36,8A,E3,OK
0x3F8A,0x178A,0A,40,1,0x00C740,0x075,0x00C7B5,0x038B,36,03,5B,OK
0x3F89,0x1789,0A,40,1,0x00C740,0x076,0x00C7B6,0x038A,36,89,E0,OK
0x3F88,0x1788,0A,40,1,0x00C740,0x077,0x00C7B7,0x0389,36,03,59,OK
0x3F87,0x1787,0A,40,1,0x00C740,0x078,0x00C7B8,0x0388,36,1F,74,OK
0x3F86,0x1786,0A,40,1,0x00C740,0x079,0x00C7B9,0x0387,36,0C,60,OK
0x3F85,0x1785,0A,40,1,0x00C740,0x07A,0x00C7BA,0x0386,36,FF,52,OK
0x3F84,0x1784,0A,40,1,0x00C740,0x07B,0x00C7BB,0x0385,36,0C,5E,OK
0x3F83,0x1783,0A,40,1,0x00C740,0x07C,0x00C7BC,0x0384,36,03,54,OK
0x3F82,0x1782,0A,40,1,0x00C740,0x07D,0x00C7BD,0x0383,36,0F,5F,OK
0x3F81,0x1781,0A,40,1,0x00C740,0x07E,0x00C7BE,0x0382,36,00,4F,OK
0x3F80,0x1780,0A,40,1,0x00C740,0x07F,0x00C7BF,0x0381,36,05,53,OK
0x3F7F,0x177F,0A,40,1,0x00C740,0x080,0x00C7C0,0x0380,36,FE,4B,OK
0x3F7E,0x177E,0A,40,1,0x00C740,0x081,0x00C7C1,0x037F,36,FF,4B,OK
0x3F7D,0x177D,0A,40,1,0x00C740,0x082,0x00C7C2,0x037E,36,0A,55,OK
0x3F7C,0x177C,0A,40,1,0x00C740,0x083,0x00C7C3,0x037D,36,03,4D,OK
0x3F7B,0x177B,0A,40,1,0x00C740,0x084,0x00C7C4,0x037C,36,1F,68,OK
0x3F7A,0x177A,0A,40,1,0x00C740,0x085,0x00C7C5,0x037B,36,00,48,OK
0x3F79,0x1779,0A,40,1,0x00C740,0x086,0x00C7C6,0x037A,36,06,4D,OK
0x3F78,0x1778,0A,40,1,0x00C740,0x087,0x00C7C7,0x0379,36,FC,42,OK
0x3F77,0x1777,0A,40,1,0x00C740,0x088,0x00C7C8,0x0378,36,FF,44,OK
0x3F76,0x1776,0A,40,1,0x00C740,0x089,0x00C7C9,0x0377,36,06,4A,OK
0x3F75,0x1775,0A,40,1,0x00C740,0x08A,0x00C7CA,0x0376,36,03,46,OK
0x3F74,0x1774,0A,40,1,0x00C740,0x08B,0x00C7CB,0x0375,36,01,43,OK
0x3F73,0x1773,0A,40,1,0x00C740,0x08C,0x00C7CC,0x0374,36,C0,01,OK
0x3F72,0x1772,0A,40,1,0x00C740,0x08D,0x00C7CD,0x0373,36,FF,3F,OK
0x3F71,0x1771,0A,40,1,0x00C740,0x08E,0x00C7CE,0x0372,36,0C,4B,OK
0x3F70,0x1770,0A,40,1,0x00C740,0x08F,0x00C7CF,0x0371,36,03,41,OK
0x3F6F,0x176F,0A,40,1,0x00C740,0x090,0x00C7D0,0x0370,36,03,40,OK
0x3F6E,0x176E,0A,40,1,0x00C740,0x091,0x00C7D1,0x036F,36,04,40,OK
0x3F6D,0x176D,0A,40,1,0x00C740,0x092,0x00C7D2,0x036E,36,00,3B,OK
0x3F6C,0x176C,0A,40,1,0x00C740,0x093,0x00C7D3,0x036D,36,05,3F,OK
0x3F6B,0x176B,0A,40,1,0x00C740,0x094,0x00C7D4,0x036C,36,8B,C4,OK
0x3F6A,0x176A,0A,40,1,0x00C740,0x095,0x00C7D5,0x036B,36,03,3B,OK
0x3F69,0x1769,0A,40,1,0x00C740,0x096,0x00C7D6,0x036A,36,89,C0,OK
0x3F68,0x1768,0A,40,1,0x00C740,0x097,0x00C7D7,0x0369,36,03,39,OK
0x3F67,0x1767,0A,40,1,0x00C740,0x098,0x00C7D8,0x0368,36,E0,15,OK
0x3F66,0x1766,0A,40,1,0x00C740,0x099,0x00C7D9,0x0367,36,0C,40,OK
0x3F65,0x1765,0A,40,1,0x00C740,0x09A,0x00C7DA,0x0366,36,00,33,OK
0x3F64,0x1764,0A,40,1,0x00C740,0x09B,0x00C7DB,0x0365,36,0C,3E,OK
0x3F63,0x1763,0A,40,1,0x00C740,0x09C,0x00C7DC,0x0364,36,03,34,OK
0x3F62,0x1762,0A,40,1,0x00C740,0x09D,0x00C7DD,0x0363,36,F0,20,OK
0x3F61,0x1761,0A,40,1,0x00C740,0x09E,0x00C7DE,0x0362,36,FF,2E,OK
0x3F60,0x1760,0A,40,1,0x00C740,0x09F,0x00C7DF,0x0361,36,05,33,OK
0x3F5F,0x175F,0A,40,1,0x00C740,0x0A0,0x00C7E0,0x0360,36,01,2E,OK
0x3F5E,0x175E,0A,40,1,0x00C740,0x0A1,0x00C7E1,0x035F,36,00,2C,OK
0x3F5D,0x175D,0A,40,1,0x00C740,0x0A2,0x00C7E2,0x035E,36,0A,35,OK
0x3F5C,0x175C,0A,40,1,0x00C740,0x0A3,0x00C7E3,0x035D,36,03,2D,OK
0x3F5B,0x175B,0A,40,1,0x00C740,0x0A4,0x00C7E4,0x035C,36,E0,09,OK
0x3F5A,0x175A,0A,40,1,0x00C740,0x0A5,0x00C7E5,0x035B,36,FF,27,OK
0x3F59,0x1759,0A,40,1,0x00C740,0x0A6,0x00C7E6,0x035A,36,06,2D,OK
0x3F58,0x1758,0A,40,1,0x00C740,0x0A7,0x00C7E7,0x0359,36,03,29,OK
0x3F57,0x1757,0A,40,1,0x00C740,0x0A8,0x00C7E8,0x0358,36,04,29,OK
0x3F56,0x1756,0A,40,1,0x00C740,0x0A9,0x00C7E9,0x0357,36,00,24,OK
0x3F55,0x1755,0A,40,1,0x00C740,0x0AA,0x00C7EA,0x0356,36,06,29,OK
0x3F54,0x1754,0A,40,1,0x00C740,0x0AB,0x00C7EB,0x0355,36,03,25,OK
0x3F53,0x1753,0A,40,1,0x00C740,0x0AC,0x00C7EC,0x0354,36,FE,1F,OK
0x3F52,0x1752,0A,40,1,0x00C740,0x0AD,0x00C7ED,0x0353,36,3F,5F,OK
0x3F51,0x1751,0A,40,1,0x00C740,0x0AE,0x00C7EE,0x0352,36,00,1F,OK
0x3F50,0x1750,0A,40,1,0x00C740,0x0AF,0x00C7EF,0x0351,36,0C,2A,OK
0x3F4F,0x174F,0A,40,1,0x00C740,0x0B0,0x00C7F0,0x0350,36,03,20,OK
0x3F4E,0x174E,0A,40,1,0x00C740,0x0B1,0x00C7F1,0x034F,36,FC,18,OK
0x3F4D,0x174D,0A,40,1,0x00C740,0x0B2,0x00C7F2,0x034E,36,FF,1A,OK
0x3F4C,0x174C,0A,40,1,0x00C740,0x0B3,0x00C7F3,0x034D,36,05,1F,OK
0x3F4B,0x174B,0A,40,1,0x00C740,0x0B4,0x00C7F4,0x034C,36,8B,A4,OK
0x3F4A,0x174A,0A,40,1,0x00C740,0x0B5,0x00C7F5,0x034B,36,03,1B,OK
0x3F49,0x1749,0A,40,1,0x00C740,0x0B6,0x00C7F6,0x034A,36,89,A0,OK
0x3F48,0x1748,0A,40,1,0x00C740,0x0B7,0x00C7F7,0x0349,36,03,19,OK
0x3F47,0x1747,0A,40,1,0x00C740,0x0B8,0x00C7F8,0x0348,36,07,1C,OK
0x3F46,0x1746,0A,40,1,0x00C740,0x0B9,0x00C7F9,0x0347,36,04,18,OK
0x3F45,0x1745,0A,40,1,0x00C740,0x0BA,0x00C7FA,0x0346,36,0C,1F,OK
0x3F44,0x1744,0A,40,1,0x00C740,0x0BB,0x00C7FB,0x0345,36,FE,10,OK
0x3F43,0x1743,0A,40,1,0x00C740,0x0BC,0x00C7FC,0x0344,36,FF,10,OK
0x3F42,0x1742,0A,40,1,0x00C740,0x0BD,0x00C7FD,0x0343,36,0B,1B,OK
0x3F41,0x1741,0A,40,1,0x00C740,0x0BE,0x00C7FE,0x0342,36,03,12,OK
0x3F40,0x1740,0A,40,1,0x00C740,0x0BF,0x00C7FF,0x0341,36,00,0E,OK
0x3F3F,0x173F,0A,40,1,0x00C740,0x0C0,0x00C800,0x0340,36,06,13,OK
0x3F3E,0x173E,0A,40,1,0x00C740,0x0C1,0x00C801,0x033F,36,FF,0B,OK
0x3F3D,0x173D,0A,40,1,0x00C740,0x0C2,0x00C802,0x033E,36,0B,16,OK
0x3F3C,0x173C,0A,40,1,0x00C740,0x0C3,0x00C803,0x033D,36,03,0D,OK
0x3F3B,0x173B,0A,40,1,0x00C740,0x0C4,0x00C804,0x033C,36,01,0A,OK
0x3F3A,0x173A,0A,40,1,0x00C740,0x0C5,0x00C805,0x033B,36,09,11,OK
0x3F39,0x1739,0A,40,1,0x00C740,0x0C6,0x00C806,0x033A,36,C0,C7,OK
0x3F38,0x1738,0A,40,1,0x00C740,0x0C7,0x00C807,0x0339,36,FF,05,OK
0x3F37,0x1737,0A,40,1,0x00C740,0x0C8,0x00C808,0x0338,36,06,0B,OK
0x3F36,0x1736,0A,40,1,0x00C740,0x0C9,0x00C809,0x0337,36,03,07,OK
0x3F35,0x1735,0A,40,1,0x00C740,0x0CA,0x00C80A,0x0336,36,07,0A,OK
0x3F34,0x1734,0A,40,1,0x00C740,0x0CB,0x00C80B,0x0335,36,04,06,OK
0x3F33,0x1733,0A,40,1,0x00C740,0x0CC,0x00C80C,0x0334,36,00,01,OK
0x3F32,0x1732,0A,40,1,0x00C740,0x0CD,0x00C80D,0x0333,36,F0,F0,OK
0x3F31,0x1731,0A,40,1,0x00C740,0x0CE,0x00C80E,0x0332,36,FF,FE,OK
0x3F30,0x1730,0A,40,1,0x00C740,0x0CF,0x00C80F,0x0331,36,0B,09,OK
0x3F2F,0x172F,0A,40,1,0x00C740,0x0D0,0x00C810,0x0330,36,03,00,OK
0x3F2E,0x172E,0A,40,1,0x00C740,0x0D1,0x00C811,0x032F,36,7F,7B,OK
0x3F2D,0x172D,0A,40,1,0x00C740,0x0D2,0x00C812,0x032E,36,09,04,OK
0x3F2C,0x172C,0A,40,1,0x00C740,0x0D3,0x00C813,0x032D,36,80,7A,OK
0x3F2B,0x172B,0A,40,1,0x00C740,0x0D4,0x00C814,0x032C,36,8B,84,OK
0x3F2A,0x172A,0A,40,1,0x00C740,0x0D5,0x00C815,0x032B,36,03,FB,OK
0x3F29,0x1729,0A,40,1,0x00C740,0x0D6,0x00C816,0x032A,36,89,80,OK
0x3F28,0x1728,0A,40,1,0x00C740,0x0D7,0x00C817,0x0329,36,03,F9,OK
0x3F27,0x1727,0A,40,1,0x00C740,0x0D8,0x00C818,0x0328,36,F8,ED,OK
0x3F26,0x1726,0A,40,1,0x00C740,0x0D9,0x00C819,0x0327,36,0C,00,OK
0x3F25,0x1725,0A,40,1,0x00C740,0x0DA,0x00C81A,0x0326,36,01,F4,OK
0x3F24,0x1724,0A,40,1,0x00C740,0x0DB,0x00C81B,0x0325,36,00,F2,OK
0x3F23,0x1723,0A,40,1,0x00C740,0x0DC,0x00C81C,0x0324,36,0B,FC,OK
0x3F22,0x1722,0A,40,1,0x00C740,0x0DD,0x00C81D,0x0323,36,03,F3,OK
0x3F21,0x1721,0A,40,1,0x00C740,0x0DE,0x00C81E,0x0322,36,FF,EE,OK
0x3F20,0x1720,0A,40,1,0x00C740,0x0DF,0x00C81F,0x0321,36,06,F4,OK
0x3F1F,0x171F,0A,40,1,0x00C740,0x0E0,0x00C820,0x0320,36,00,ED,OK
0x3F1E,0x171E,0A,40,1,0x00C740,0x0E1,0x00C821,0x031F,36,0B,F7,OK
0x3F1D,0x171D,0A,40,1,0x00C740,0x0E2,0x00C822,0x031E,36,03,EE,OK
0x3F1C,0x171C,0A,40,1,0x00C740,0x0E3,0x00C823,0x031D,36,FE,E8,OK
0x3F1B,0x171B,0A,40,1,0x00C740,0x0E4,0x00C824,0x031C,36,09,F2,OK
0x3F1A,0x171A,0A,40,1,0x00C740,0x0E5,0x00C825,0x031B,36,3F,27,OK
0x3F19,0x1719,0A,40,1,0x00C740,0x0E6,0x00C826,0x031A,36,00,E7,OK
0x3F18,0x1718,0A,40,1,0x00C740,0x0E7,0x00C827,0x0319,36,06,EC,OK
0x3F17,0x1717,0A,40,1,0x00C740,0x0E8,0x00C828,0x0318,36,03,E8,OK
0x3F16,0x1716,0A,40,1,0x00C740,0x0E9,0x00C829,0x0317,36,F8,DC,OK
0x3F15,0x1715,0A,40,1,0x00C740,0x0EA,0x00C82A,0x0316,36,FF,E2,OK
0x3F14,0x1714,0A,40,1,0x00C740,0x0EB,0x00C82B,0x0315,36,0F,F1,OK
0x3F13,0x1713,0A,40,1,0x00C740,0x0EC,0x00C82C,0x0314,36,00,E1,OK
0x3F12,0x1712,0A,40,1,0x00C740,0x0ED,0x00C82D,0x0313,36,0B,EB,OK
0x3F11,0x1711,0A,40,1,0x00C740,0x0EE,0x00C82E,0x0312,36,03,E2,OK
0x3F10,0x1710,0A,40,1,0x00C740,0x0EF,0x00C82F,0x0311,36,80,5E,OK
0x3F0F,0x170F,0A,40,1,0x00C740,0x0F0,0x00C830,0x0310,36,09,E6,OK
0x3F0E,0x170E,0A,40,1,0x00C740,0x0F1,0x00C831,0x030F,36,7F,5B,OK
0x3F0D,0x170D,0A,40,1,0x00C740,0x0F2,0x00C832,0x030E,36,8B,66,OK
0x3F0C,0x170C,0A,40,1,0x00C740,0x0F3,0x00C833,0x030D,36,03,DD,OK
0x3F0B,0x170B,0A,40,1,0x00C740,0x0F4,0x00C834,0x030C,36,89,62,OK
0x3F0A,0x170A,0A,40,1,0x00C740,0x0F5,0x00C835,0x030B,36,03,DB,OK
0x3F09,0x1709,0A,40,1,0x00C740,0x0F6,0x00C836,0x030A,36,01,D8,OK
0x3F08,0x1708,0A,40,1,0x00C740,0x0F7,0x00C837,0x0309,36,0C,E2,OK
0x3F07,0x1707,0A,40,1,0x00C740,0x0F8,0x00C838,0x0308,36,FC,D1,OK
0x3F06,0x1706,0A,40,1,0x00C740,0x0F9,0x00C839,0x0307,36,FF,D3,OK
0x3F05,0x1705,0A,40,1,0x00C740,0x0FA,0x00C83A,0x0306,36,0A,DD,OK
0x3F04,0x1704,0A,40,1,0x00C740,0x0FB,0x00C83B,0x0305,36,03,D5,OK
0x3F03,0x1703,0A,40,1,0x00C740,0x0FC,0x00C83C,0x0304,36,07,D8,OK
0x3F02,0x1702,0A,40,1,0x00C740,0x0FD,0x00C83D,0x0303,36,04,D4,OK
0x3F01,0x1701,0A,40,1,0x00C740,0x0FE,0x00C83E,0x0302,36,09,D8,OK
0x3F00,0x1700,0A,40,1,0x00C740,0x0FF,0x00C83F,0x0301,36,F0,BE,OK
0x3EFF,0x16FF,0A,40,1,0x00C740,0x100,0x00C840,0x0300,36,FF,CC,OK
0x3EFE,0x16FE,0A,40,1,0x00C740,0x101,0x00C841,0x02FF,36,0A,D5,OK
0x3EFD,0x16FD,0A,40,1,0x00C740,0x102,0x00C842,0x02FE,36,03,CD,OK
0x3EFC,0x16FC,0A,40,1,0x00C740,0x103,0x00C843,0x02FD,36,1F,E8,OK
0x3EFB,0x16FB,0A,40,1,0x00C740,0x104,0x00C844,0x02FC,36,00,C8,OK
0x3EFA,0x16FA,0A,40,1,0x00C740,0x105,0x00C845,0x02FB,36,06,CD,OK
0x3EF9,0x16F9,0A,40,1,0x00C740,0x106,0x00C846,0x02FA,36,F0,B6,OK
0x3EF8,0x16F8,0A,40,1,0x00C740,0x107,0x00C847,0x02F9,36,FF,C4,OK
0x3EF7,0x16F7,0A,40,1,0x00C740,0x108,0x00C848,0x02F8,36,06,CA,OK
0x3EF6,0x16F6,0A,40,1,0x00C740,0x109,0x00C849,0x02F7,36,03,C6,OK
0x3EF5,0x16F5,0A,40,1,0x00C740,0x10A,0x00C84A,0x02F6,36,00,C2,OK
0x3EF4,0x16F4,0A,40,1,0x00C740,0x10B,0x00C84B,0x02F5,36,05,C6,OK
0x3EF3,0x16F3,0A,40,1,0x00C740,0x10C,0x00C84C,0x02F4,36,FE,BE,OK
0x3EF2,0x16F2,0A,40,1,0x00C740,0x10D,0x00C84D,0x02F3,36,FF,BE,OK
0x3EF1,0x16F1,0A,40,1,0x00C740,0x10E,0x00C84E,0x02F2,36,0B,C9,OK
0x3EF0,0x16F0,0A,40,1,0x00C740,0x10F,0x00C84F,0x02F1,36,03,C0,OK
0x3EEF,0x16EF,0A,40,1,0x00C740,0x110,0x00C850,0x02F0,36,07,C3,OK
0x3EEE,0x16EE,0A,40,1,0x00C740,0x111,0x00C851,0x02EF,36,04,BF,OK
0x3EED,0x16ED,0A,40,1,0x00C740,0x112,0x00C852,0x02EE,36,00,BA,OK
0x3EEC,0x16EC,0A,40,1,0x00C740,0x113,0x00C853,0x02ED,36,05,BE,OK
0x3EEB,0x16EB,0A,40,1,0x00C740,0x114,0x00C854,0x02EC,36,F0,A8,OK
0x3EEA,0x16EA,0A,40,1,0x00C740,0x115,0x00C855,0x02EB,36,8B,42,OK
0x3EE9,0x16E9,0A,40,1,0x00C740,0x116,0x00C856,0x02EA,36,03,B9,OK
0x3EE8,0x16E8,0A,40,1,0x00C740,0x117,0x00C857,0x02E9,36,89,3E,OK
0x3EE7,0x16E7,0A,40,1,0x00C740,0x118,0x00C858,0x02E8,36,03,B7,OK
0x3EE6,0x16E6,0A,40,1,0x00C740,0x119,0x00C859,0x02E7,36,FE,B1,OK
0x3EE5,0x16E5,0A,40,1,0x00C740,0x11A,0x00C85A,0x02E6,36,0C,BE,OK
0x3EE4,0x16E4,0A,40,1,0x00C740,0x11B,0x00C85B,0x02E5,36,03,B4,OK
0x3EE3,0x16E3,0A,40,1,0x00C740,0x11C,0x00C85C,0x02E4,36,04,B4,OK
0x3EE2,0x16E2,0A,40,1,0x00C740,0x11D,0x00C85D,0x02E3,36,00,AF,OK
0x3EE1,0x16E1,0A,40,1,0x00C740,0x11E,0x00C85E,0x02E2,36,0A,B8,OK
0x3EE0,0x16E0,0A,40,1,0x00C740,0x11F,0x00C85F,0x02E1,36,03,B0,OK
0x3EDF,0x16DF,0A,40,1,0x00C740,0x120,0x00C860,0x02E0,36,F8,A4,OK
0x3EDE,0x16DE,0A,40,1,0x00C740,0x121,0x00C861,0x02DF,36,09,B4,OK
0x3EDD,0x16DD,0A,40,1,0x00C740,0x122,0x00C862,0x02DE,36,0F,B9,OK
0x3EDC,0x16DC,0A,40,1,0x00C740,0x123,0x00C863,0x02DD,36,00,A9,OK
0x3EDB,0x16DB,0A,40,1,0x00C740,0x124,0x00C864,0x02DC,36,0A,B2,OK
0x3EDA,0x16DA,0A,40,1,0x00C740,0x125,0x00C865,0x02DB,36,03,AA,OK
0x3ED9,0x16D9,0A,40,1,0x00C740,0x126,0x00C866,0x02DA,36,E0,86,OK
0x3ED8,0x16D8,0A,40,1,0x00C740,0x127,0x00C867,0x02D9,36,FF,A4,OK
0x3ED7,0x16D7,0A,40,1,0x00C740,0x128,0x00C868,0x02D8,36,06,AA,OK
0x3ED6,0x16D6,0A,40,1,0x00C740,0x129,0x00C869,0x02D7,36,0F,B2,OK
0x3ED5,0x16D5,0A,40,1,0x00C740,0x12A,0x00C86A,0x02D6,36,00,A2,OK
0x3ED4,0x16D4,0A,40,1,0x00C740,0x12B,0x00C86B,0x02D5,36,06,A7,OK
0x3ED3,0x16D3,0A,40,1,0x00C740,0x12C,0x00C86C,0x02D4,36,03,A3,OK
0x3ED2,0x16D2,0A,40,1,0x00C740,0x12D,0x00C86D,0x02D3,36,FF,9E,OK
0x3ED1,0x16D1,0A,40,1,0x00C740,0x12E,0x00C86E,0x02D2,36,05,A3,OK
0x3ED0,0x16D0,0A,40,1,0x00C740,0x12F,0x00C86F,0x02D1,36,01,9E,OK
0x3ECF,0x16CF,0A,40,1,0x00C740,0x130,0x00C870,0x02D0,36,00,9C,OK
0x3ECE,0x16CE,0A,40,1,0x00C740,0x131,0x00C871,0x02CF,36,0B,A6,OK
0x3ECD,0x16CD,0A,40,1,0x00C740,0x132,0x00C872,0x02CE,36,03,9D,OK
0x3ECC,0x16CC,0A,40,1,0x00C740,0x133,0x00C873,0x02CD,36,F8,91,OK
0x3ECB,0x16CB,0A,40,1,0x00C740,0x134,0x00C874,0x02CC,36,FF,97,OK
0x3ECA,0x16CA,0A,40,1,0x00C740,0x135,0x00C875,0x02CB,36,05,9C,OK
0x3EC9,0x16C9,0A,40,1,0x00C740,0x136,0x00C876,0x02CA,36,0F,A5,OK
0x3EC8,0x16C8,0A,40,1,0x00C740,0x137,0x00C877,0x02C9,36,8B,20,OK
0x3EC7,0x16C7,0A,40,1,0x00C740,0x138,0x00C878,0x02C8,36,03,97,OK
0x3EC6,0x16C6,0A,40,1,0x00C740,0x139,0x00C879,0x02C7,36,89,1C,OK
0x3EC5,0x16C5,0A,40,1,0x00C740,0x13A,0x00C87A,0x02C6,36,03,95,OK
0x3EC4,0x16C4,0A,40,1,0x00C740,0x13B,0x00C87B,0x02C5,36,01,92,OK
0x3EC3,0x16C3,0A,40,1,0x00C740,0x13C,0x00C87C,0x02C4,36,0C,9C,OK
0x3EC2,0x16C2,0A,40,1,0x00C740,0x13D,0x00C87D,0x02C3,36,F8,87,OK
0x3EC1,0x16C1,0A,40,1,0x00C740,0x13E,0x00C87E,0x02C2,36,FF,8D,OK
0x3EC0,0x16C0,0A,40,1,0x00C740,0x13F,0x00C87F,0x02C1,36,0A,97,OK
0x3EBF,0x16BF,0A,40,1,0x00C740,0x140,0x00C880,0x02C0,36,03,8F,OK
0x3EBE,0x16BE,0A,40,1,0x00C740,0x141,0x00C881,0x02BF,36,00,8B,OK
0x3EBD,0x16BD,0A,40,1,0x00C740,0x142,0x00C882,0x02BE,36,06,90,OK
0x3EBC,0x16BC,0A,40,1,0x00C740,0x143,0x00C883,0x02BD,36,FC,85,OK
0x3EBB,0x16BB,0A,40,1,0x00C740,0x144,0x00C884,0x02BC,36,FF,87,OK
0x3EBA,0x16BA,0A,40,1,0x00C740,0x145,0x00C885,0x02BB,36,0A,91,OK
0x3EB9,0x16B9,0A,40,1,0x00C740,0x146,0x00C886,0x02BA,36,03,89,OK
0x3EB8,0x16B8,0A,40,1,0x00C740,0x147,0x00C887,0x02B9,36,03,88,OK
0x3EB7,0x16B7,0A,40,1,0x00C740,0x148,0x00C888,0x02B8,36,04,88,OK
0x3EB6,0x16B6,0A,40,1,0x00C740,0x149,0x00C889,0x02B7,36,00,83,OK
0x3EB5,0x16B5,0A,40,1,0x00C740,0x14A,0x00C88A,0x02B6,36,06,88,OK
0x3EB4,0x16B4,0A,40,1,0x00C740,0x14B,0x00C88B,0x02B5,36,FF,80,OK
0x3EB3,0x16B3,0A,40,1,0x00C740,0x14C,0x00C88C,0x02B4,36,06,86,OK
0x3EB2,0x16B2,0A,40,1,0x00C740,0x14D,0x00C88D,0x02B3,36,03,82,OK
0x3EB1,0x16B1,0A,40,1,0x00C740,0x14E,0x00C88E,0x02B2,36,0F,8D,OK
0x3EB0,0x16B0,0A,40,1,0x00C740,0x14F,0x00C88F,0x02B1,36,00,7D,OK
0x3EAF,0x16AF,0A,40,1,0x00C740,0x150,0x00C890,0x02B0,36,80,FC,OK
0x3EAE,0x16AE,0A,40,1,0x00C740,0x151,0x00C891,0x02AF,36,8B,06,OK
0x3EAD,0x16AD,0A,40,1,0x00C740,0x152,0x00C892,0x02AE,36,03,7D,OK
0x3EAC,0x16AC,0A,40,1,0x00C740,0x153,0x00C893,0x02AD,36,7F,F8,OK
0x3EAB,0x16AB,0A,40,1,0x00C740,0x154,0x00C894,0x02AC,36,00,78,OK
0x3EAA,0x16AA,0A,40,1,0x00C740,0x155,0x00C895,0x02AB,36,06,7D,OK
0x3EA9,0x16A9,0A,40,1,0x00C740,0x156,0x00C896,0x02AA,36,FE,74,OK
0x3EA8,0x16A8,0A,40,1,0x00C740,0x157,0x00C897,0x02A9,36,8B,00,OK
0x3EA7,0x16A7,0A,40,1,0x00C740,0x158,0x00C898,0x02A8,36,03,77,OK
0x3EA6,0x16A6,0A,40,1,0x00C740,0x159,0x00C899,0x02A7,36,89,FC,OK
0x3EA5,0x16A5,0A,40,1,0x00C740,0x15A,0x00C89A,0x02A6,36,03,75,OK
0x3EA4,0x16A4,0A,40,1,0x00C740,0x15B,0x00C89B,0x02A5,36,FE,6F,OK
0x3EA3,0x16A3,0A,40,1,0x00C740,0x15C,0x00C89C,0x02A4,36,0C,7C,OK
0x3EA2,0x16A2,0A,40,1,0x00C740,0x15D,0x00C89D,0x02A3,36,07,76,OK
0x3EA1,0x16A1,0A,40,1,0x00C740,0x15E,0x00C89E,0x02A2,36,04,72,OK
0x3EA0,0x16A0,0A,40,1,0x00C740,0x15F,0x00C89F,0x02A1,36,00,6D,OK
0x3E9F,0x169F,0A,40,1,0x00C740,0x160,0x00C8A0,0x02A0,36,0A,76,OK
0x3E9E,0x169E,0A,40,1,0x00C740,0x161,0x00C8A1,0x029F,36,03,6E,OK
0x3E9D,0x169D,0A,40,1,0x00C740,0x162,0x00C8A2,0x029E,36,FF,69,OK
0x3E9C,0x169C,0A,40,1,0x00C740,0x163,0x00C8A3,0x029D,36,06,6F,OK
0x3E9B,0x169B,0A,40,1,0x00C740,0x164,0x00C8A4,0x029C,36,03,6B,OK
0x3E9A,0x169A,0A,40,1,0x00C740,0x165,0x00C8A5,0x029B,36,04,6B,OK
0x3E99,0x1699,0A,40,1,0x00C740,0x166,0x00C8A6,0x029A,36,00,66,OK
0x3E98,0x1698,0A,40,1,0x00C740,0x167,0x00C8A7,0x0299,36,0A,6F,OK
0x3E97,0x1697,0A,40,1,0x00C740,0x168,0x00C8A8,0x0298,36,03,67,OK
0x3E96,0x1696,0A,40,1,0x00C740,0x169,0x00C8A9,0x0297,36,FC,5F,OK
0x3E95,0x1695,0A,40,1,0x00C740,0x16A,0x00C8AA,0x0296,36,FF,61,OK
0x3E94,0x1694,0A,40,1,0x00C740,0x16B,0x00C8AB,0x0295,36,06,67,OK
0x3E93,0x1693,0A,40,1,0x00C740,0x16C,0x00C8AC,0x0294,36,00,60,OK
0x3E92,0x1692,0A,40,1,0x00C740,0x16D,0x00C8AD,0x0293,36,06,65,OK
0x3E91,0x1691,0A,40,1,0x00C740,0x16E,0x00C8AE,0x0292,36,03,61,OK
0x3E90,0x1690,0A,40,1,0x00C740,0x16F,0x00C8AF,0x0291,36,F0,4D,OK
0x3E8F,0x168F,0A,40,1,0x00C740,0x170,0x00C8B0,0x0290,36,FF,5B,OK
0x3E8E,0x168E,0A,40,1,0x00C740,0x171,0x00C8B1,0x028F,36,7F,DA,OK
0x3E8D,0x168D,0A,40,1,0x00C740,0x172,0x00C8B2,0x028E,36,8B,E5,OK
0x3E8C,0x168C,0A,40,1,0x00C740,0x173,0x00C8B3,0x028D,36,03,5C,OK
0x3E8B,0x168B,0A,40,1,0x00C740,0x174,0x00C8B4,0x028C,36,80,D8,OK
0x3E8A,0x168A,0A,40,1,0x00C740,0x175,0x00C8B5,0x028B,36,FF,56,OK
0x3E89,0x1689,0A,40,1,0x00C740,0x176,0x00C8B6,0x028A,36,06,5C,OK
0x3E88,0x1688,0A,40,1,0x00C740,0x177,0x00C8B7,0x0289,36,01,56,OK
0x3E87,0x1687,0A,40,1,0x00C740,0x178,0x00C8B8,0x0288,36,8B,DF,OK
0x3E86,0x1686,0A,40,1,0x00C740,0x179,0x00C8B9,0x0287,36,03,56,OK
0x3E85,0x1685,0A,40,1,0x00C740,0x17A,0x00C8BA,0x0286,36,89,DB,OK
0x3E84,0x1684,0A,40,1,0x00C740,0x17B,0x00C8BB,0x0285,36,03,54,OK
0x3E83,0x1683,0A,40,1,0x00C740,0x17C,0x00C8BC,0x0284,36,03,53,OK
0x3E82,0x1682,0A,40,1,0x00C740,0x17D,0x00C8BD,0x0283,36,04,53,OK
0x3E81,0x1681,0A,40,1,0x00C740,0x17E,0x00C8BE,0x0282,36,0C,5A,OK
0x3E80,0x1680,0A,40,1,0x00C740,0x17F,0x00C8BF,0x0281,36,E0,2D,OK
0x3E7F,0x167F,0A,40,1,0x00C740,0x180,0x00C8C0,0x0280,36,FF,4B,OK
0x3E7E,0x167E,0A,40,1,0x00C740,0x181,0x00C8C1,0x027F,36,09,54,OK
0x3E7D,0x167D,0A,40,1,0x00C740,0x182,0x00C8C2,0x027E,36,03,4D,OK
0x3E7C,0x167C,0A,40,1,0x00C740,0x183,0x00C8C3,0x027D,36,03,4C,OK
0x3E7B,0x167B,0A,40,1,0x00C740,0x184,0x00C8C4,0x027C,36,04,4C,OK
0x3E7A,0x167A,0A,40,1,0x00C740,0x185,0x00C8C5,0x027B,36,00,47,OK
0x3E79,0x1679,0A,40,1,0x00C740,0x186,0x00C8C6,0x027A,36,06,4C,OK
0x3E78,0x1678,0A,40,1,0x00C740,0x187,0x00C8C7,0x0279,36,8A,CF,OK
0x3E77,0x1677,0A,40,1,0x00C740,0x188,0x00C8C8,0x0278,36,03,47,OK
0x3E76,0x1676,0A,40,1,0x00C740,0x189,0x00C8C9,0x0277,36,7F,C2,OK
0x3E75,0x1675,0A,40,1,0x00C740,0x18A,0x00C8CA,0x0276,36,00,42,OK
0x3E74,0x1674,0A,40,1,0x00C740,0x18B,0x00C8CB,0x0275,36,06,47,OK
0x3E73,0x1673,0A,40,1,0x00C740,0x18C,0x00C8CC,0x0274,36,C0,00,OK
0x3E72,0x1672,0A,40,1,0x00C740,0x18D,0x00C8CD,0x0273,36,0C,4B,OK
0x3E71,0x1671,0A,40,1,0x00C740,0x18E,0x00C8CE,0x0272,36,7F,BD,OK
0x3E70,0x1670,0A,40,1,0x00C740,0x18F,0x00C8CF,0x0271,36,09,46,OK
0x3E6F,0x166F,0A,40,1,0x00C740,0x190,0x00C8D0,0x0270,36,E0,1C,OK
0x3E6E,0x166E,0A,40,1,0x00C740,0x191,0x00C8D1,0x026F,36,FF,3A,OK
0x3E6D,0x166D,0A,40,1,0x00C740,0x192,0x00C8D2,0x026E,36,0B,45,OK
0x3E6C,0x166C,0A,40,1,0x00C740,0x193,0x00C8D3,0x026D,36,03,3C,OK
0x3E6B,0x166B,0A,40,1,0x00C740,0x194,0x00C8D4,0x026C,36,1F,57,OK
0x3E6A,0x166A,0A,40,1,0x00C740,0x195,0x00C8D5,0x026B,36,09,40,OK
0x3E69,0x1669,0A,40,1,0x00C740,0x196,0x00C8D6,0x026A,36,80,B6,OK
0x3E68,0x1668,0A,40,1,0x00C740,0x197,0x00C8D7,0x0269,36,8C,C1,OK
0x3E67,0x1667,0A,40,1,0x00C740,0x198,0x00C8D8,0x0268,36,03,37,OK
0x3E66,0x1666,0A,40,1,0x00C740,0x199,0x00C8D9,0x0267,36,89,BC,OK
0x3E65,0x1665,0A,40,1,0x00C740,0x19A,0x00C8DA,0x0266,36,03,35,OK
0x3E64,0x1664,0A,40,1,0x00C740,0x19B,0x00C8DB,0x0265,36,FC,2D,OK
0x3E63,0x1663,0A,40,1,0x00C740,0x19C,0x00C8DC,0x0264,36,0C,3C,OK
0x3E62,0x1662,0A,40,1,0x00C740,0x19D,0x00C8DD,0x0263,36,1F,4E,OK
0x3E61,0x1661,0A,40,1,0x00C740,0x19E,0x00C8DE,0x0262,36,00,2E,OK
0x3E60,0x1660,0A,40,1,0x00C740,0x19F,0x00C8DF,0x0261,36,09,36,OK
0x3E5F,0x165F,0A,40,1,0x00C740,0x1A0,0x00C8E0,0x0260,36,03,2F,OK
0x3E5E,0x165E,0A,40,1,0x00C740,0x1A1,0x00C8E1,0x025F,36,FC,27,OK
0x3E5D,0x165D,0A,40,1,0x00C740,0x1A2,0x00C8E2,0x025E,36,FF,29,OK
0x3E5C,0x165C,0A,40,1,0x00C740,0x1A3,0x00C8E3,0x025D,36,06,2F,OK
0x3E5B,0x165B,0A,40,1,0x00C740,0x1A4,0x00C8E4,0x025C,36,8A,B2,OK
0x3E5A,0x165A,0A,40,1,0x00C740,0x1A5,0x00C8E5,0x025B,36,03,2A,OK
0x3E59,0x1659,0A,40,1,0x00C740,0x1A6,0x00C8E6,0x025A,36,80,A6,OK
0x3E58,0x1658,0A,40,1,0x00C740,0x1A7,0x00C8E7,0x0259,36,FF,24,OK
0x3E57,0x1657,0A,40,1,0x00C740,0x1A8,0x00C8E8,0x0258,36,06,2A,OK
0x3E56,0x1656,0A,40,1,0x00C740,0x1A9,0x00C8E9,0x0257,36,3F,62,OK
0x3E55,0x1655,0A,40,1,0x00C740,0x1AA,0x00C8EA,0x0256,36,0C,2E,OK
0x3E54,0x1654,0A,40,1,0x00C740,0x1AB,0x00C8EB,0x0255,36,80,A1,OK
0x3E53,0x1653,0A,40,1,0x00C740,0x1AC,0x00C8EC,0x0254,36,09,29,OK
0x3E52,0x1652,0A,40,1,0x00C740,0x1AD,0x00C8ED,0x0253,36,1F,3E,OK
0x3E51,0x1651,0A,40,1,0x00C740,0x1AE,0x00C8EE,0x0252,36,00,1E,OK
0x3E50,0x1650,0A,40,1,0x00C740,0x1AF,0x00C8EF,0x0251,36,0B,28,OK
0x3E4F,0x164F,0A,40,1,0x00C740,0x1B0,0x00C8F0,0x0250,36,03,1F,OK
0x3E4E,0x164E,0A,40,1,0x00C740,0x1B1,0x00C8F1,0x024F,36,E0,FB,OK
0x3E4D,0x164D,0A,40,1,0x00C740,0x1B2,0x00C8F2,0x024E,36,09,23,OK
0x3E4C,0x164C,0A,40,1,0x00C740,0x1B3,0x00C8F3,0x024D,36,7F,98,OK
0x3E4B,0x164B,0A,40,1,0x00C740,0x1B4,0x00C8F4,0x024C,36,8C,A4,OK
0x3E4A,0x164A,0A,40,1,0x00C740,0x1B5,0x00C8F5,0x024B,36,03,1A,OK
0x3E49,0x1649,0A,40,1,0x00C740,0x1B6,0x00C8F6,0x024A,36,89,9F,OK
0x3E48,0x1648,0A,40,1,0x00C740,0x1B7,0x00C8F7,0x0249,36,03,18,OK
0x3E47,0x1647,0A,40,1,0x00C740,0x1B8,0x00C8F8,0x0248,36,0F,23,OK
0x3E46,0x1646,0A,40,1,0x00C740,0x1B9,0x00C8F9,0x0247,36,0C,1F,OK
0x3E45,0x1645,0A,40,1,0x00C740,0x1BA,0x00C8FA,0x0246,36,E0,F2,OK
0x3E44,0x1644,0A,40,1,0x00C740,0x1BB,0x00C8FB,0x0245,36,88,99,OK
0x3E43,0x1643,0A,40,1,0x00C740,0x1BC,0x00C8FC,0x0244,36,03,13,OK
0x3E42,0x1642,0A,40,1,0x00C740,0x1BD,0x00C8FD,0x0243,36,7F,8E,OK
0x3E41,0x1641,0A,40,1,0x00C740,0x1BE,0x00C8FE,0x0242,36,0A,18,OK
0x3E40,0x1640,0A,40,1,0x00C740,0x1BF,0x00C8FF,0x0241,36,F0,FD,OK
0x3E3F,0x163F,0A,40,1,0x00C740,0x1C0,0x00C900,0x0240,36,FF,0B,OK
0x3E3E,0x163E,0A,40,1,0x00C740,0x1C1,0x00C901,0x023F,36,0A,15,OK
0x3E3D,0x163D,0A,40,1,0x00C740,0x1C2,0x00C902,0x023E,36,03,0D,OK
0x3E3C,0x163C,0A,40,1,0x00C740,0x1C3,0x00C903,0x023D,36,0F,18,OK
0x3E3B,0x163B,0A,40,1,0x00C740,0x1C4,0x00C904,0x023C,36,00,08,OK
0x3E3A,0x163A,0A,40,1,0x00C740,0x1C5,0x00C905,0x023B,36,06,0D,OK
0x3E39,0x1639,0A,40,1,0x00C740,0x1C6,0x00C906,0x023A,36,FC,02,OK
0x3E38,0x1638,0A,40,1,0x00C740,0x1C7,0x00C907,0x0239,36,FF,04,OK
0x3E37,0x1637,0A,40,1,0x00C740,0x1C8,0x00C908,0x0238,36,08,0C,OK
0x3E36,0x1636,0A,40,1,0x00C740,0x1C9,0x00C909,0x0237,36,01,04,OK
0x3E35,0x1635,0A,40,1,0x00C740,0x1CA,0x00C90A,0x0236,36,00,02,OK
0x3E34,0x1634,0A,40,1,0x00C740,0x1CB,0x00C90B,0x0235,36,05,06,OK
0x3E33,0x1633,0A,40,1,0x00C740,0x1CC,0x00C90C,0x0234,36,F8,F8,OK
0x3E32,0x1632,0A,40,1,0x00C740,0x1CD,0x00C90D,0x0233,36,FF,FE,OK
0x3E31,0x1631,0A,40,1,0x00C740,0x1CE,0x00C90E,0x0232,36,0B,09,OK
0x3E30,0x1630,0A,40,1,0x00C740,0x1CF,0x00C90F,0x0231,36,03,00,OK
0x3E2F,0x162F,0A,40,1,0x00C740,0x1D0,0x00C910,0x0230,36,01,FD,OK
0x3E2E,0x162E,0A,40,1,0x00C740,0x1D1,0x00C911,0x022F,36,09,04,OK
0x3E2D,0x162D,0A,40,1,0x00C740,0x1D2,0x00C912,0x022E,36,C0,BA,OK
0x3E2C,0x162C,0A,40,1,0x00C740,0x1D3,0x00C913,0x022D,36,8C,85,OK
0x3E2B,0x162B,0A,40,1,0x00C740,0x1D4,0x00C914,0x022C,36,03,FB,OK
0x3E2A,0x162A,0A,40,1,0x00C740,0x1D5,0x00C915,0x022B,36,89,80,OK
0x3E29,0x1629,0A,40,1,0x00C740,0x1D6,0x00C916,0x022A,36,03,F9,OK
0x3E28,0x1628,0A,40,1,0x00C740,0x1D7,0x00C917,0x0229,36,F0,E5,OK
0x3E27,0x1627,0A,40,1,0x00C740,0x1D8,0x00C918,0x0228,36,0C,00,OK
0x3E26,0x1626,0A,40,1,0x00C740,0x1D9,0x00C919,0x0227,36,1F,12,OK
0x3E25,0x1625,0A,40,1,0x00C740,0x1DA,0x00C91A,0x0226,36,88,7A,OK
0x3E24,0x1624,0A,40,1,0x00C740,0x1DB,0x00C91B,0x0225,36,03,F4,OK
0x3E23,0x1623,0A,40,1,0x00C740,0x1DC,0x00C91C,0x0224,36,80,70,OK
0x3E22,0x1622,0A,40,1,0x00C740,0x1DD,0x00C91D,0x0223,36,0A,F9,OK
0x3E21,0x1621,0A,40,1,0x00C740,0x1DE,0x00C91E,0x0222,36,0F,FD,OK
0x3E20,0x1620,0A,40,1,0x00C740,0x1DF,0x00C91F,0x0221,36,00,ED,OK
0x3E1F,0x161F,0A,40,1,0x00C740,0x1E0,0x00C920,0x0220,36,0A,F6,OK
0x3E1E,0x161E,0A,40,1,0x00C740,0x1E1,0x00C921,0x021F,36,03,EE,OK
0x3E1D,0x161D,0A,40,1,0x00C740,0x1E2,0x00C922,0x021E,36,F0,DA,OK
0x3E1C,0x161C,0A,40,1,0x00C740,0x1E3,0x00C923,0x021D,36,FF,E8,OK
0x3E1B,0x161B,0A,40,1,0x00C740,0x1E4,0x00C924,0x021C,36,06,EE,OK
0x3E1A,0x161A,0A,40,1,0x00C740,0x1E5,0x00C925,0x021B,36,03,EA,OK
0x3E19,0x1619,0A,40,1,0x00C740,0x1E6,0x00C926,0x021A,36,04,EA,OK
0x3E18,0x1618,0A,40,1,0x00C740,0x1E7,0x00C927,0x0219,36,00,E5,OK
0x3E17,0x1617,0A,40,1,0x00C740,0x1E8,0x00C928,0x0218,36,08,EC,OK
0x3E16,0x1616,0A,40,1,0x00C740,0x1E9,0x00C929,0x0217,36,FE,E1,OK
0x3E15,0x1615,0A,40,1,0x00C740,0x1EA,0x00C92A,0x0216,36,FF,E1,OK
0x3E14,0x1614,0A,40,1,0x00C740,0x1EB,0x00C92B,0x0215,36,05,E6,OK
0x3E13,0x1613,0A,40,1,0x00C740,0x1EC,0x00C92C,0x0214,36,07,E7,OK
0x3E12,0x1612,0A,40,1,0x00C740,0x1ED,0x00C92D,0x0213,36,04,E3,OK
0x3E11,0x1611,0A,40,1,0x00C740,0x1EE,0x00C92E,0x0212,36,00,DE,OK
0x3E10,0x1610,0A,40,1,0x00C740,0x1EF,0x00C92F,0x0211,36,0B,E8,OK
0x3E0F,0x160F,0A,40,1,0x00C740,0x1F0,0x00C930,0x0210,36,03,DF,OK
0x3E0E,0x160E,0A,40,1,0x00C740,0x1F1,0x00C931,0x020F,36,FE,D9,OK
0x3E0D,0x160D,0A,40,1,0x00C740,0x1F2,0x00C932,0x020E,36,09,E3,OK
0x3E0C,0x160C,0A,40,1,0x00C740,0x1F3,0x00C933,0x020D,36,3F,18,OK
0x3E0B,0x160B,0A,40,1,0x00C740,0x1F4,0x00C934,0x020C,36,8C,64,OK
0x3E0A,0x160A,0A,40,1,0x00C740,0x1F5,0x00C935,0x020B,36,03,DA,OK
0x3E09,0x1609,0A,40,1,0x00C740,0x1F6,0x00C936,0x020A,36,89,5F,OK
0x3E08,0x1608,0A,40,1,0x00C740,0x1F7,0x00C937,0x0209,36,03,D8,OK
0x3E07,0x1607,0A,40,1,0x00C740,0x1F8,0x00C938,0x0208,36,1F,F3,OK
0x3E06,0x1606,0A,40,1,0x00C740,0x1F9,0x00C939,0x0207,36,0C,DF,OK
0x3E05,0x1605,0A,40,1,0x00C740,0x1FA,0x00C93A,0x0206,36,80,52,OK
0x3E04,0x1604,0A,40,1,0x00C740,0x1FB,0x00C93B,0x0205,36,FF,D0,OK
0x3E03,0x1603,0A,40,1,0x00C740,0x1FC,0x00C93C,0x0204,36,08,D8,OK
0x3E02,0x1602,0A,40,1,0x00C740,0x1FD,0x00C93D,0x0203,36,03,D2,OK
0x3E01,0x1601,0A,40,1,0x00C740,0x1FE,0x00C93E,0x0202,36,07,D5,OK
0x3E00,0x1600,0A,40,1,0x00C740,0x1FF,0x00C93F,0x0201,36,04,D1,OK
0x3DFF,0x15FF,0A,40,1,0x00C740,0x200,0x00C940,0x0200,36,00,CC,OK
0x3DFE,0x15FE,0A,40,1,0x00C740,0x201,0x00C941,0x01FF,36,06,D0,OK
0x3DFD,0x15FD,0A,40,1,0x00C740,0x202,0x00C942,0x01FE,36,FE,C7,OK
0x3DFC,0x15FC,0A,40,1,0x00C740,0x203,0x00C943,0x01FD,36,FF,C7,OK
0x3DFB,0x15FB,0A,40,1,0x00C740,0x204,0x00C944,0x01FC,36,0A,D1,OK
0x3DFA,0x15FA,0A,40,1,0x00C740,0x205,0x00C945,0x01FB,36,03,C9,OK
0x3DF9,0x15F9,0A,40,1,0x00C740,0x206,0x00C946,0x01FA,36,0A,CF,OK
0x3DF8,0x15F8,0A,40,1,0x00C740,0x207,0x00C947,0x01F9,36,C0,84,OK
0x3DF7,0x15F7,0A,40,1,0x00C740,0x208,0x00C948,0x01F8,36,86,49,OK
0x3DF6,0x15F6,0A,40,1,0x00C740,0x209,0x00C949,0x01F7,36,03,C5,OK
0x3DF5,0x15F5,0A,40,1,0x00C740,0x20A,0x00C94A,0x01F6,36,00,C1,OK
0x3DF4,0x15F4,0A,40,1,0x00C740,0x20B,0x00C94B,0x01F5,36,06,C6,OK
0x3DF3,0x15F3,0A,40,1,0x00C740,0x20C,0x00C94C,0x01F4,36,FF,BE,OK
0x3DF2,0x15F2,0A,40,1,0x00C740,0x20D,0x00C94D,0x01F3,36,0B,C9,OK
0x3DF1,0x15F1,0A,40,1,0x00C740,0x20E,0x00C94E,0x01F2,36,03,C0,OK
0x3DF0,0x15F0,0A,40,1,0x00C740,0x20F,0x00C94F,0x01F1,36,1F,DB,OK
0x3DEF,0x15EF,0A,40,1,0x00C740,0x210,0x00C950,0x01F0,36,00,BB,OK
0x3DEE,0x15EE,0A,40,1,0x00C740,0x211,0x00C951,0x01EF,36,06,C0,OK
0x3DED,0x15ED,0A,40,1,0x00C740,0x212,0x00C952,0x01EE,36,F8,B1,OK
0x3DEC,0x15EC,0A,40,1,0x00C740,0x213,0x00C953,0x01ED,36,8C,44,OK
0x3DEB,0x15EB,0A,40,1,0x00C740,0x214,0x00C954,0x01EC,36,03,BA,OK
0x3DEA,0x15EA,0A,40,1,0x00C740,0x215,0x00C955,0x01EB,36,89,3F,OK
0x3DE9,0x15E9,0A,40,1,0x00C740,0x216,0x00C956,0x01EA,36,03,B8,OK
0x3DE8,0x15E8,0A,40,1,0x00C740,0x217,0x00C957,0x01E9,36,E0,94,OK
0x3DE7,0x15E7,0A,40,1,0x00C740,0x218,0x00C958,0x01E8,36,0C,BF,OK
0x3DE6,0x15E6,0A,40,1,0x00C740,0x219,0x00C959,0x01E7,36,7F,31,OK
0x3DE5,0x15E5,0A,40,1,0x00C740,0x21A,0x00C95A,0x01E6,36,00,B1,OK
0x3DE4,0x15E4,0A,40,1,0x00C740,0x21B,0x00C95B,0x01E5,36,08,B8,OK
0x3DE3,0x15E3,0A,40,1,0x00C740,0x21C,0x00C95C,0x01E4,36,03,B2,OK
0x3DE2,0x15E2,0A,40,1,0x00C740,0x21D,0x00C95D,0x01E3,36,F8,A6,OK
0x3DE1,0x15E1,0A,40,1,0x00C740,0x21E,0x00C95E,0x01E2,36,FF,AC,OK
0x3DE0,0x15E0,0A,40,1,0x00C740,0x21F,0x00C95F,0x01E1,36,06,B2,OK
0x3DDF,0x15DF,0A,40,1,0x00C740,0x220,0x00C960,0x01E0,36,01,AC,OK
0x3DDE,0x15DE,0A,40,1,0x00C740,0x221,0x00C961,0x01DF,36,00,AA,OK
0x3DDD,0x15DD,0A,40,1,0x00C740,0x222,0x00C962,0x01DE,36,0A,B3,OK
0x3DDC,0x15DC,0A,40,1,0x00C740,0x223,0x00C963,0x01DD,36,03,AB,OK
0x3DDB,0x15DB,0A,40,1,0x00C740,0x224,0x00C964,0x01DC,36,0A,B1,OK
0x3DDA,0x15DA,0A,40,1,0x00C740,0x225,0x00C965,0x01DB,36,3F,E5,OK
0x3DD9,0x15D9,0A,40,1,0x00C740,0x226,0x00C966,0x01DA,36,86,2B,OK
0x3DD8,0x15D8,0A,40,1,0x00C740,0x227,0x00C967,0x01D9,36,03,A7,OK
0x3DD7,0x15D7,0A,40,1,0x00C740,0x228,0x00C968,0x01D8,36,FF,A2,OK
0x3DD6,0x15D6,0A,40,1,0x00C740,0x229,0x00C969,0x01D7,36,06,A8,OK
0x3DD5,0x15D5,0A,40,1,0x00C740,0x22A,0x00C96A,0x01D6,36,00,A1,OK
0x3DD4,0x15D4,0A,40,1,0x00C740,0x22B,0x00C96B,0x01D5,36,0B,AB,OK
0x3DD3,0x15D3,0A,40,1,0x00C740,0x22C,0x00C96C,0x01D4,36,03,A2,OK
0x3DD2,0x15D2,0A,40,1,0x00C740,0x22D,0x00C96D,0x01D3,36,E0,7E,OK
0x3DD1,0x15D1,0A,40,1,0x00C740,0x22E,0x00C96E,0x01D2,36,FF,9C,OK
0x3DD0,0x15D0,0A,40,1,0x00C740,0x22F,0x00C96F,0x01D1,36,06,A2,OK
0x3DCF,0x15CF,0A,40,1,0x00C740,0x230,0x00C970,0x01D0,36,07,A2,OK
0x3DCE,0x15CE,0A,40,1,0x00C740,0x231,0x00C971,0x01CF,36,04,9E,OK
0x3DCD,0x15CD,0A,40,1,0x00C740,0x232,0x00C972,0x01CE,36,8C,25,OK
0x3DCC,0x15CC,0A,40,1,0x00C740,0x233,0x00C973,0x01CD,36,03,9B,OK
0x3DCB,0x15CB,0A,40,1,0x00C740,0x234,0x00C974,0x01CC,36,89,20,OK
0x3DCA,0x15CA,0A,40,1,0x00C740,0x235,0x00C975,0x01CB,36,03,99,OK
0x3DC9,0x15C9,0A,40,1,0x00C740,0x236,0x00C976,0x01CA,36,7F,14,OK
0x3DC8,0x15C8,0A,40,1,0x00C740,0x237,0x00C977,0x01C9,36,86,1A,OK
0x3DC7,0x15C7,0A,40,1,0x00C740,0x238,0x00C978,0x01C8,36,03,96,OK
0x3DC6,0x15C6,0A,40,1,0x00C740,0x239,0x00C979,0x01C7,36,FF,91,OK
0x3DC5,0x15C5,0A,40,1,0x00C740,0x23A,0x00C97A,0x01C6,36,08,99,OK
0x3DC4,0x15C4,0A,40,1,0x00C740,0x23B,0x00C97B,0x01C5,36,03,93,OK
0x3DC3,0x15C3,0A,40,1,0x00C740,0x23C,0x00C97C,0x01C4,36,01,90,OK
0x3DC2,0x15C2,0A,40,1,0x00C740,0x23D,0x00C97D,0x01C3,36,00,8E,OK
0x3DC1,0x15C1,0A,40,1,0x00C740,0x23E,0x00C97E,0x01C2,36,06,93,OK
0x3DC0,0x15C0,0A,40,1,0x00C740,0x23F,0x00C97F,0x01C1,36,FF,8B,OK
0x3DBF,0x15BF,0A,40,1,0x00C740,0x240,0x00C980,0x01C0,36,0A,95,OK
0x3DBE,0x15BE,0A,40,1,0x00C740,0x241,0x00C981,0x01BF,36,03,8D,OK
0x3DBD,0x15BD,0A,40,1,0x00C740,0x242,0x00C982,0x01BE,36,1F,A8,OK
0x3DBC,0x15BC,0A,40,1,0x00C740,0x243,0x00C983,0x01BD,36,00,88,OK
0x3DBB,0x15BB,0A,40,1,0x00C740,0x244,0x00C984,0x01BC,36,06,8D,OK
0x3DBA,0x15BA,0A,40,1,0x00C740,0x245,0x00C985,0x01BB,36,E0,66,OK
0x3DB9,0x15B9,0A,40,1,0x00C740,0x246,0x00C986,0x01BA,36,0C,91,OK
0x3DB8,0x15B8,0A,40,1,0x00C740,0x247,0x00C987,0x01B9,36,7F,03,OK
0x3DB7,0x15B7,0A,40,1,0x00C740,0x248,0x00C988,0x01B8,36,09,8C,OK
0x3DB6,0x15B6,0A,40,1,0x00C740,0x249,0x00C989,0x01B7,36,80,02,OK
0x3DB5,0x15B5,0A,40,1,0x00C740,0x24A,0x00C98A,0x01B6,36,FF,80,OK
0x3DB4,0x15B4,0A,40,1,0x00C740,0x24B,0x00C98B,0x01B5,36,0B,8B,OK
0x3DB3,0x15B3,0A,40,1,0x00C740,0x24C,0x00C98C,0x01B4,36,03,82,OK
0x3DB2,0x15B2,0A,40,1,0x00C740,0x24D,0x00C98D,0x01B3,36,00,7E,OK
0x3DB1,0x15B1,0A,40,1,0x00C740,0x24E,0x00C98E,0x01B2,36,07,84,OK
0x3DB0,0x15B0,0A,40,1,0x00C740,0x24F,0x00C98F,0x01B1,36,8D,09,OK
0x3DAF,0x15AF,0A,40,1,0x00C740,0x250,0x00C990,0x01B0,36,03,7E,OK
0x3DAE,0x15AE,0A,40,1,0x00C740,0x251,0x00C991,0x01AF,36,89,03,OK
0x3DAD,0x15AD,0A,40,1,0x00C740,0x252,0x00C992,0x01AE,36,03,7C,OK
0x3DAC,0x15AC,0A,40,1,0x00C740,0x253,0x00C993,0x01AD,36,80,F8,OK
0x3DAB,0x15AB,0A,40,1,0x00C740,0x254,0x00C994,0x01AC,36,86,FD,OK
0x3DAA,0x15AA,0A,40,1,0x00C740,0x255,0x00C995,0x01AB,36,03,79,OK
0x3DA9,0x15A9,0A,40,1,0x00C740,0x256,0x00C996,0x01AA,36,00,75,OK
0x3DA8,0x15A8,0A,40,1,0x00C740,0x257,0x00C997,0x01A9,36,08,7C,OK
0x3DA7,0x15A7,0A,40,1,0x00C740,0x258,0x00C998,0x01A8,36,03,76,OK
0x3DA6,0x15A6,0A,40,1,0x00C740,0x259,0x00C999,0x01A7,36,FE,70,OK
0x3DA5,0x15A5,0A,40,1,0x00C740,0x25A,0x00C99A,0x01A6,36,FF,70,OK
0x3DA4,0x15A4,0A,40,1,0x00C740,0x25B,0x00C99B,0x01A5,36,06,76,OK
0x3DA3,0x15A3,0A,40,1,0x00C740,0x25C,0x00C99C,0x01A4,36,00,6F,OK
0x3DA2,0x15A2,0A,40,1,0x00C740,0x25D,0x00C99D,0x01A3,36,0A,78,OK
0x3DA1,0x15A1,0A,40,1,0x00C740,0x25E,0x00C99E,0x01A2,36,03,70,OK
0x3DA0,0x15A0,0A,40,1,0x00C740,0x25F,0x00C99F,0x01A1,36,E0,4C,OK
0x3D9F,0x159F,0A,40,1,0x00C740,0x260,0x00C9A0,0x01A0,36,FF,6A,OK
0x3D9E,0x159E,0A,40,1,0x00C740,0x261,0x00C9A1,0x019F,36,06,70,OK
0x3D9D,0x159D,0A,40,1,0x00C740,0x262,0x00C9A2,0x019E,36,1F,88,OK
0x3D9C,0x159C,0A,40,1,0x00C740,0x263,0x00C9A3,0x019D,36,0C,74,OK
0x3D9B,0x159B,0A,40,1,0x00C740,0x264,0x00C9A4,0x019C,36,80,E7,OK
0x3D9A,0x159A,0A,40,1,0x00C740,0x265,0x00C9A5,0x019B,36,09,6F,OK
0x3D99,0x1599,0A,40,1,0x00C740,0x266,0x00C9A6,0x019A,36,7F,E4,OK
0x3D98,0x1598,0A,40,1,0x00C740,0x267,0x00C9A7,0x0199,36,00,64,OK
0x3D97,0x1597,0A,40,1,0x00C740,0x268,0x00C9A8,0x0198,36,0B,6E,OK
0x3D96,0x1596,0A,40,1,0x00C740,0x269,0x00C9A9,0x0197,36,03,65,OK
0x3D95,0x1595,0A,40,1,0x00C740,0x26A,0x00C9AA,0x0196,36,FF,60,OK
0x3D94,0x1594,0A,40,1,0x00C740,0x26B,0x00C9AB,0x0195,36,07,67,OK
0x3D93,0x1593,0A,40,1,0x00C740,0x26C,0x00C9AC,0x0194,36,8D,EC,OK
0x3D92,0x1592,0A,40,1,0x00C740,0x26D,0x00C9AD,0x0193,36,03,61,OK
0x3D91,0x1591,0A,40,1,0x00C740,0x26E,0x00C9AE,0x0192,36,8A,E7,OK
0x3D90,0x1590,0A,40,1,0x00C740,0x26F,0x00C9AF,0x0191,36,03,5F,OK
0x3D8F,0x158F,0A,40,1,0x00C740,0x270,0x00C9B0,0x0190,36,01,5C,OK
0x3D8E,0x158E,0A,40,1,0x00C740,0x271,0x00C9B1,0x018F,36,0C,66,OK
0x3D8D,0x158D,0A,40,1,0x00C740,0x272,0x00C9B2,0x018E,36,FE,57,OK
0x3D8C,0x158C,0A,40,1,0x00C740,0x273,0x00C9B3,0x018D,36,FF,57,OK
0x3D8B,0x158B,0A,40,1,0x00C740,0x274,0x00C9B4,0x018C,36,06,5D,OK
0x3D8A,0x158A,0A,40,1,0x00C740,0x275,0x00C9B5,0x018B,36,03,59,OK
0x3D89,0x1589,0A,40,1,0x00C740,0x276,0x00C9B6,0x018A,36,1F,74,OK
0x3D88,0x1588,0A,40,1,0x00C740,0x277,0x00C9B7,0x0189,36,0A,5E,OK
0x3D87,0x1587,0A,40,1,0x00C740,0x278,0x00C9B8,0x0188,36,C0,13,OK
0x3D86,0x1586,0A,40,1,0x00C740,0x279,0x00C9B9,0x0187,36,FF,51,OK
0x3D85,0x1585,0A,40,1,0x00C740,0x27A,0x00C9BA,0x0186,36,0A,5B,OK
0x3D84,0x1584,0A,40,1,0x00C740,0x27B,0x00C9BB,0x0185,36,03,53,OK
0x3D83,0x1583,0A,40,1,0x00C740,0x27C,0x00C9BC,0x0184,36,01,50,OK
0x3D82,0x1582,0A,40,1,0x00C740,0x27D,0x00C9BD,0x0183,36,00,4E,OK
0x3D81,0x1581,0A,40,1,0x00C740,0x27E,0x00C9BE,0x0182,36,06,53,OK
0x3D80,0x1580,0A,40,1,0x00C740,0x27F,0x00C9BF,0x0181,36,FC,48,OK
0x3D7F,0x157F,0A,40,1,0x00C740,0x280,0x00C9C0,0x0180,36,FF,4A,OK
0x3D7E,0x157E,0A,40,1,0x00C740,0x281,0x00C9C1,0x017F,36,06,50,OK
0x3D7D,0x157D,0A,40,1,0x00C740,0x282,0x00C9C2,0x017E,36,03,4C,OK
0x3D7C,0x157C,0A,40,1,0x00C740,0x283,0x00C9C3,0x017D,36,09,51,OK
0x3D7B,0x157B,0A,40,1,0x00C740,0x284,0x00C9C4,0x017C,36,E0,27,OK
0x3D7A,0x157A,0A,40,1,0x00C740,0x285,0x00C9C5,0x017B,36,FF,45,OK
0x3D79,0x1579,0A,40,1,0x00C740,0x286,0x00C9C6,0x017A,36,0A,4F,OK
0x3D78,0x1578,0A,40,1,0x00C740,0x287,0x00C9C7,0x0179,36,03,47,OK
0x3D77,0x1577,0A,40,1,0x00C740,0x288,0x00C9C8,0x0178,36,1F,62,OK
0x3D76,0x1576,0A,40,1,0x00C740,0x289,0x00C9C9,0x0177,36,0A,4C,OK
0x3D75,0x1575,0A,40,1,0x00C740,0x28A,0x00C9CA,0x0176,36,80,C1,OK
0x3D74,0x1574,0A,40,1,0x00C740,0x28B,0x00C9CB,0x0175,36,8D,CD,OK
0x3D73,0x1573,0A,40,1,0x00C740,0x28C,0x00C9CC,0x0174,36,03,42,OK
0x3D72,0x1572,0A,40,1,0x00C740,0x28D,0x00C9CD,0x0173,36,8A,C8,OK
0x3D71,0x1571,0A,40,1,0x00C740,0x28E,0x00C9CE,0x0172,36,03,40,OK
0x3D70,0x1570,0A,40,1,0x00C740,0x28F,0x00C9CF,0x0171,36,FE,3A,OK
0x3D6F,0x156F,0A,40,1,0x00C740,0x290,0x00C9D0,0x0170,36,0C,47,OK
0x3D6E,0x156E,0A,40,1,0x00C740,0x291,0x00C9D1,0x016F,36,01,3B,OK
0x3D6D,0x156D,0A,40,1,0x00C740,0x292,0x00C9D2,0x016E,36,00,39,OK
0x3D6C,0x156C,0A,40,1,0x00C740,0x293,0x00C9D3,0x016D,36,06,3E,OK
0x3D6B,0x156B,0A,40,1,0x00C740,0x294,0x00C9D4,0x016C,36,03,3A,OK
0x3D6A,0x156A,0A,40,1,0x00C740,0x295,0x00C9D5,0x016B,36,E0,16,OK
0x3D69,0x1569,0A,40,1,0x00C740,0x296,0x00C9D6,0x016A,36,0A,3F,OK
0x3D68,0x1568,0A,40,1,0x00C740,0x297,0x00C9D7,0x0169,36,3F,73,OK
0x3D67,0x1567,0A,40,1,0x00C740,0x298,0x00C9D8,0x0168,36,00,33,OK
0x3D66,0x1566,0A,40,1,0x00C740,0x299,0x00C9D9,0x0167,36,0A,3C,OK
0x3D65,0x1565,0A,40,1,0x00C740,0x29A,0x00C9DA,0x0166,36,03,34,OK
0x3D64,0x1564,0A,40,1,0x00C740,0x29B,0x00C9DB,0x0165,36,FE,2E,OK
0x3D63,0x1563,0A,40,1,0x00C740,0x29C,0x00C9DC,0x0164,36,FF,2E,OK
0x3D62,0x1562,0A,40,1,0x00C740,0x29D,0x00C9DD,0x0163,36,06,34,OK
0x3D61,0x1561,0A,40,1,0x00C740,0x29E,0x00C9DE,0x0162,36,03,30,OK
0x3D60,0x1560,0A,40,1,0x00C740,0x29F,0x00C9DF,0x0161,36,04,30,OK
0x3D5F,0x155F,0A,40,1,0x00C740,0x2A0,0x00C9E0,0x0160,36,00,2B,OK
0x3D5E,0x155E,0A,40,1,0x00C740,0x2A1,0x00C9E1,0x015F,36,06,30,OK
0x3D5D,0x155D,0A,40,1,0x00C740,0x2A2,0x00C9E2,0x015E,36,03,2C,OK
0x3D5C,0x155C,0A,40,1,0x00C740,0x2A3,0x00C9E3,0x015D,36,09,31,OK
0x3D5B,0x155B,0A,40,1,0x00C740,0x2A4,0x00C9E4,0x015C,36,1F,46,OK
0x3D5A,0x155A,0A,40,1,0x00C740,0x2A5,0x00C9E5,0x015B,36,00,26,OK
0x3D59,0x1559,0A,40,1,0x00C740,0x2A6,0x00C9E6,0x015A,36,0A,2F,OK
0x3D58,0x1558,0A,40,1,0x00C740,0x2A7,0x00C9E7,0x0159,36,03,27,OK
0x3D57,0x1557,0A,40,1,0x00C740,0x2A8,0x00C9E8,0x0158,36,E0,03,OK
0x3D56,0x1556,0A,40,1,0x00C740,0x2A9,0x00C9E9,0x0157,36,0A,2C,OK
0x3D55,0x1555,0A,40,1,0x00C740,0x2AA,0x00C9EA,0x0156,36,7F,A0,OK
0x3D54,0x1554,0A,40,1,0x00C740,0x2AB,0x00C9EB,0x0155,36,8D,AD,OK
0x3D53,0x1553,0A,40,1,0x00C740,0x2AC,0x00C9EC,0x0154,36,03,22,OK
0x3D52,0x1552,0A,40,1,0x00C740,0x2AD,0x00C9ED,0x0153,36,8A,A8,OK
0x3D51,0x1551,0A,40,1,0x00C740,0x2AE,0x00C9EE,0x0152,36,03,20,OK
0x3D50,0x1550,0A,40,1,0x00C740,0x2AF,0x00C9EF,0x0151,36,03,1F,OK
0x3D4F,0x154F,0A,40,1,0x00C740,0x2B0,0x00C9F0,0x0150,36,04,1F,OK
0x3D4E,0x154E,0A,40,1,0x00C740,0x2B1,0x00C9F1,0x014F,36,0C,26,OK
0x3D4D,0x154D,0A,40,1,0x00C740,0x2B2,0x00C9F2,0x014E,36,FC,15,OK
0x3D4C,0x154C,0A,40,1,0x00C740,0x2B3,0x00C9F3,0x014D,36,FF,17,OK
0x3D4B,0x154B,0A,40,1,0x00C740,0x2B4,0x00C9F4,0x014C,36,06,1D,OK
0x3D4A,0x154A,0A,40,1,0x00C740,0x2B5,0x00C9F5,0x014B,36,03,19,OK
0x3D49,0x1549,0A,40,1,0x00C740,0x2B6,0x00C9F6,0x014A,36,03,18,OK
0x3D48,0x1548,0A,40,1,0x00C740,0x2B7,0x00C9F7,0x0149,36,04,18,OK
0x3D47,0x1547,0A,40,1,0x00C740,0x2B8,0x00C9F8,0x0148,36,00,13,OK
0x3D46,0x1546,0A,40,1,0x00C740,0x2B9,0x00C9F9,0x0147,36,06,18,OK
0x3D45,0x1545,0A,40,1,0x00C740,0x2BA,0x00C9FA,0x0146,36,F8,09,OK
0x3D44,0x1544,0A,40,1,0x00C740,0x2BB,0x00C9FB,0x0145,36,FF,0F,OK
0x3D43,0x1543,0A,40,1,0x00C740,0x2BC,0x00C9FC,0x0144,36,09,18,OK
0x3D42,0x1542,0A,40,1,0x00C740,0x2BD,0x00C9FD,0x0143,36,03,11,OK
0x3D41,0x1541,0A,40,1,0x00C740,0x2BE,0x00C9FE,0x0142,36,0F,1C,OK
0x3D40,0x1540,0A,40,1,0x00C740,0x2BF,0x00C9FF,0x0141,36,0A,16,OK
0x3D3F,0x153F,0A,40,1,0x00C740,0x2C0,0x00CA00,0x0140,36,80,8B,OK
0x3D3E,0x153E,0A,40,1,0x00C740,0x2C1,0x00CA01,0x013F,36,86,90,OK
0x3D3D,0x153D,0A,40,1,0x00C740,0x2C2,0x00CA02,0x013E,36,03,0C,OK
0x3D3C,0x153C,0A,40,1,0x00C740,0x2C3,0x00CA03,0x013D,36,7F,87,OK
0x3D3B,0x153B,0A,40,1,0x00C740,0x2C4,0x00CA04,0x013C,36,09,10,OK
0x3D3A,0x153A,0A,40,1,0x00C740,0x2C5,0x00CA05,0x013B,36,F8,FE,OK
0x3D39,0x1539,0A,40,1,0x00C740,0x2C6,0x00CA06,0x013A,36,FF,04,OK
0x3D38,0x1538,0A,40,1,0x00C740,0x2C7,0x00CA07,0x0139,36,0A,0E,OK
0x3D37,0x1537,0A,40,1,0x00C740,0x2C8,0x00CA08,0x0138,36,03,06,OK
0x3D36,0x1536,0A,40,1,0x00C740,0x2C9,0x00CA09,0x0137,36,00,02,OK
0x3D35,0x1535,0A,40,1,0x00C740,0x2CA,0x00CA0A,0x0136,36,07,08,OK
0x3D34,0x1534,0A,40,1,0x00C740,0x2CB,0x00CA0B,0x0135,36,F8,F8,OK
0x3D33,0x1533,0A,40,1,0x00C740,0x2CC,0x00CA0C,0x0134,36,8D,8C,OK
0x3D32,0x1532,0A,40,1,0x00C740,0x2CD,0x00CA0D,0x0133,36,03,01,OK
0x3D31,0x1531,0A,40,1,0x00C740,0x2CE,0x00CA0E,0x0132,36,8A,87,OK
0x3D30,0x1530,0A,40,1,0x00C740,0x2CF,0x00CA0F,0x0131,36,03,FF,OK
0x3D2F,0x152F,0A,40,1,0x00C740,0x2D0,0x00CA10,0x0130,36,FC,F7,OK
0x3D2E,0x152E,0A,40,1,0x00C740,0x2D1,0x00CA11,0x012F,36,0C,06,OK
0x3D2D,0x152D,0A,40,1,0x00C740,0x2D2,0x00CA12,0x012E,36,03,FC,OK
0x3D2C,0x152C,0A,40,1,0x00C740,0x2D3,0x00CA13,0x012D,36,04,FC,OK
0x3D2B,0x152B,0A,40,1,0x00C740,0x2D4,0x00CA14,0x012C,36,00,F7,OK
0x3D2A,0x152A,0A,40,1,0x00C740,0x2D5,0x00CA15,0x012B,36,06,FC,OK
0x3D29,0x1529,0A,40,1,0x00C740,0x2D6,0x00CA16,0x012A,36,03,F8,OK
0x3D28,0x1528,0A,40,1,0x00C740,0x2D7,0x00CA17,0x0129,36,FC,F0,OK
0x3D27,0x1527,0A,40,1,0x00C740,0x2D8,0x00CA18,0x0128,36,FF,F2,OK
0x3D26,0x1526,0A,40,1,0x00C740,0x2D9,0x00CA19,0x0127,36,06,F8,OK
0x3D25,0x1525,0A,40,1,0x00C740,0x2DA,0x00CA1A,0x0126,36,07,F8,OK
0x3D24,0x1524,0A,40,1,0x00C740,0x2DB,0x00CA1B,0x0125,36,04,F4,OK
0x3D23,0x1523,0A,40,1,0x00C740,0x2DC,0x00CA1C,0x0124,36,00,EF,OK
0x3D22,0x1522,0A,40,1,0x00C740,0x2DD,0x00CA1D,0x0123,36,09,F7,OK
0x3D21,0x1521,0A,40,1,0x00C740,0x2DE,0x00CA1E,0x0122,36,03,F0,OK
0x3D20,0x1520,0A,40,1,0x00C740,0x2DF,0x00CA1F,0x0121,36,F0,DC,OK
0x3D1F,0x151F,0A,40,1,0x00C740,0x2E0,0x00CA20,0x0120,36,0A,F5,OK
0x3D1E,0x151E,0A,40,1,0x00C740,0x2E1,0x00CA21,0x011F,36,7F,69,OK
0x3D1D,0x151D,0A,40,1,0x00C740,0x2E2,0x00CA22,0x011E,36,86,6F,OK
0x3D1C,0x151C,0A,40,1,0x00C740,0x2E3,0x00CA23,0x011D,36,03,EB,OK
0x3D1B,0x151B,0A,40,1,0x00C740,0x2E4,0x00CA24,0x011C,36,80,67,OK
0x3D1A,0x151A,0A,40,1,0x00C740,0x2E5,0x00CA25,0x011B,36,09,EF,OK
0x3D19,0x1519,0A,40,1,0x00C740,0x2E6,0x00CA26,0x011A,36,07,EC,OK
0x3D18,0x1518,0A,40,1,0x00C740,0x2E7,0x00CA27,0x0119,36,04,E8,OK
0x3D17,0x1517,0A,40,1,0x00C740,0x2E8,0x00CA28,0x0118,36,00,E3,OK
0x3D16,0x1516,0A,40,1,0x00C740,0x2E9,0x00CA29,0x0117,36,0A,EC,OK
0x3D15,0x1515,0A,40,1,0x00C740,0x2EA,0x00CA2A,0x0116,36,03,E4,OK
0x3D14,0x1514,0A,40,1,0x00C740,0x2EB,0x00CA2B,0x0115,36,FF,DF,OK
0x3D13,0x1513,0A,40,1,0x00C740,0x2EC,0x00CA2C,0x0114,36,07,E6,OK
0x3D12,0x1512,0A,40,1,0x00C740,0x2ED,0x00CA2D,0x0113,36,07,E5,OK
0x3D11,0x1511,0A,40,1,0x00C740,0x2EE,0x00CA2E,0x0112,36,04,E1,OK
0x3D10,0x1510,0A,40,1,0x00C740,0x2EF,0x00CA2F,0x0111,36,8D,69,OK
0x3D0F,0x150F,0A,40,1,0x00C740,0x2F0,0x00CA30,0x0110,36,03,DE,OK
0x3D0E,0x150E,0A,40,1,0x00C740,0x2F1,0x00CA31,0x010F,36,8A,64,OK
0x3D0D,0x150D,0A,40,1,0x00C740,0x2F2,0x00CA32,0x010E,36,03,DC,OK
0x3D0C,0x150C,0A,40,1,0x00C740,0x2F3,0x00CA33,0x010D,36,0F,E7,OK
0x3D0B,0x150B,0A,40,1,0x00C740,0x2F4,0x00CA34,0x010C,36,0C,E3,OK
0x3D0A,0x150A,0A,40,1,0x00C740,0x2F5,0x00CA35,0x010B,36,F0,C6,OK
0x3D09,0x1509,0A,40,1,0x00C740,0x2F6,0x00CA36,0x010A,36,FF,D4,OK
0x3D08,0x1508,0A,40,1,0x00C740,0x2F7,0x00CA37,0x0109,36,08,DC,OK
0x3D07,0x1507,0A,40,1,0x00C740,0x2F8,0x00CA38,0x0108,36,7F,52,OK
0x3D06,0x1506,0A,40,1,0x00C740,0x2F9,0x00CA39,0x0107,36,00,D2,OK
0x3D05,0x1505,0A,40,1,0x00C740,0x2FA,0x00CA3A,0x0106,36,07,D8,OK
0x3D04,0x1504,0A,40,1,0x00C740,0x2FB,0x00CA3B,0x0105,36,FE,CE,OK
0x3D03,0x1503,0A,40,1,0x00C740,0x2FC,0x00CA3C,0x0104,36,FF,CE,OK
0x3D02,0x1502,0A,40,1,0x00C740,0x2FD,0x00CA3D,0x0103,36,09,D7,OK
0x3D01,0x1501,0A,40,1,0x00C740,0x2FE,0x00CA3E,0x0102,36,03,D0,OK
0x3D00,0x1500,0A,40,1,0x00C740,0x2FF,0x00CA3F,0x0101,36,03,CF,OK
0x3CFF,0x14FF,0A,40,1,0x00C740,0x300,0x00CA40,0x0100,36,04,CF,OK
0x3CFE,0x14FE,0A,40,1,0x00C740,0x301,0x00CA41,0x00FF,36,0A,D3,OK
0x3CFD,0x14FD,0A,40,1,0x00C740,0x302,0x00CA42,0x00FE,36,F0,B8,OK
0x3CFC,0x14FC,0A,40,1,0x00C740,0x303,0x00CA43,0x00FD,36,86,4D,OK
0x3CFB,0x14FB,0A,40,1,0x00C740,0x304,0x00CA44,0x00FC,36,03,C9,OK
0x3CFA,0x14FA,0A,40,1,0x00C740,0x305,0x00CA45,0x00FB,36,3F,04,OK
0x3CF9,0x14F9,0A,40,1,0x00C740,0x306,0x00CA46,0x00FA,36,00,C4,OK
0x3CF8,0x14F8,0A,40,1,0x00C740,0x307,0x00CA47,0x00F9,36,05,C8,OK
0x3CF7,0x14F7,0A,40,1,0x00C740,0x308,0x00CA48,0x00F8,36,FE,C0,OK
0x3CF6,0x14F6,0A,40,1,0x00C740,0x309,0x00CA49,0x00F7,36,FF,C0,OK
0x3CF5,0x14F5,0A,40,1,0x00C740,0x30A,0x00CA4A,0x00F6,36,09,C9,OK
0x3CF4,0x14F4,0A,40,1,0x00C740,0x30B,0x00CA4B,0x00F5,36,03,C2,OK
0x3CF3,0x14F3,0A,40,1,0x00C740,0x30C,0x00CA4C,0x00F4,36,3F,FD,OK
0x3CF2,0x14F2,0A,40,1,0x00C740,0x30D,0x00CA4D,0x00F3,36,00,BD,OK
0x3CF1,0x14F1,0A,40,1,0x00C740,0x30E,0x00CA4E,0x00F2,36,07,C3,OK
0x3CF0,0x14F0,0A,40,1,0x00C740,0x30F,0x00CA4F,0x00F1,36,FE,B9,OK
0x3CEF,0x14EF,0A,40,1,0x00C740,0x310,0x00CA50,0x00F0,36,8D,47,OK
0x3CEE,0x14EE,0A,40,1,0x00C740,0x311,0x00CA51,0x00EF,36,03,BC,OK
0x3CED,0x14ED,0A,40,1,0x00C740,0x312,0x00CA52,0x00EE,36,8A,42,OK
0x3CEC,0x14EC,0A,40,1,0x00C740,0x313,0x00CA53,0x00ED,36,03,BA,OK
0x3CEB,0x14EB,0A,40,1,0x00C740,0x314,0x00CA54,0x00EC,36,F0,A6,OK
0x3CEA,0x14EA,0A,40,1,0x00C740,0x315,0x00CA55,0x00EB,36,0C,C1,OK
0x3CE9,0x14E9,0A,40,1,0x00C740,0x316,0x00CA56,0x00EA,36,0F,C3,OK
0x3CE8,0x14E8,0A,40,1,0x00C740,0x317,0x00CA57,0x00E9,36,00,B3,OK
0x3CE7,0x14E7,0A,40,1,0x00C740,0x318,0x00CA58,0x00E8,36,08,BA,OK
0x3CE6,0x14E6,0A,40,1,0x00C740,0x319,0x00CA59,0x00E7,36,80,31,OK
0x3CE5,0x14E5,0A,40,1,0x00C740,0x31A,0x00CA5A,0x00E6,36,FF,AF,OK
0x3CE4,0x14E4,0A,40,1,0x00C740,0x31B,0x00CA5B,0x00E5,36,07,B6,OK
0x3CE3,0x14E3,0A,40,1,0x00C740,0x31C,0x00CA5C,0x00E4,36,01,AF,OK
0x3CE2,0x14E2,0A,40,1,0x00C740,0x31D,0x00CA5D,0x00E3,36,00,AD,OK
0x3CE1,0x14E1,0A,40,1,0x00C740,0x31E,0x00CA5E,0x00E2,36,09,B5,OK
0x3CE0,0x14E0,0A,40,1,0x00C740,0x31F,0x00CA5F,0x00E1,36,03,AE,OK
0x3CDF,0x14DF,0A,40,1,0x00C740,0x320,0x00CA60,0x00E0,36,FC,A6,OK
0x3CDE,0x14DE,0A,40,1,0x00C740,0x321,0x00CA61,0x00DF,36,0A,B3,OK
0x3CDD,0x14DD,0A,40,1,0x00C740,0x322,0x00CA62,0x00DE,36,0F,B7,OK
0x3CDC,0x14DC,0A,40,1,0x00C740,0x323,0x00CA63,0x00DD,36,86,2D,OK
0x3CDB,0x14DB,0A,40,1,0x00C740,0x324,0x00CA64,0x00DC,36,03,A9,OK
0x3CDA,0x14DA,0A,40,1,0x00C740,0x325,0x00CA65,0x00DB,36,C0,65,OK
0x3CD9,0x14D9,0A,40,1,0x00C740,0x326,0x00CA66,0x00DA,36,FF,A3,OK
0x3CD8,0x14D8,0A,40,1,0x00C740,0x327,0x00CA67,0x00D9,36,05,A8,OK
0x3CD7,0x14D7,0A,40,1,0x00C740,0x328,0x00CA68,0x00D8,36,01,A3,OK
0x3CD6,0x14D6,0A,40,1,0x00C740,0x329,0x00CA69,0x00D7,36,00,A1,OK
0x3CD5,0x14D5,0A,40,1,0x00C740,0x32A,0x00CA6A,0x00D6,36,09,A9,OK
0x3CD4,0x14D4,0A,40,1,0x00C740,0x32B,0x00CA6B,0x00D5,36,03,A2,OK
0x3CD3,0x14D3,0A,40,1,0x00C740,0x32C,0x00CA6C,0x00D4,36,C0,5E,OK
0x3CD2,0x14D2,0A,40,1,0x00C740,0x32D,0x00CA6D,0x00D3,36,FF,9C,OK
0x3CD1,0x14D1,0A,40,1,0x00C740,0x32E,0x00CA6E,0x00D2,36,07,A3,OK
0x3CD0,0x14D0,0A,40,1,0x00C740,0x32F,0x00CA6F,0x00D1,36,01,9C,OK
0x3CCF,0x14CF,0A,40,1,0x00C740,0x330,0x00CA70,0x00D0,36,8D,27,OK
0x3CCE,0x14CE,0A,40,1,0x00C740,0x331,0x00CA71,0x00CF,36,03,9C,OK
0x3CCD,0x14CD,0A,40,1,0x00C740,0x332,0x00CA72,0x00CE,36,8A,22,OK
0x3CCC,0x14CC,0A,40,1,0x00C740,0x333,0x00CA73,0x00CD,36,03,9A,OK
0x3CCB,0x14CB,0A,40,1,0x00C740,0x334,0x00CA74,0x00CC,36,3F,D5,OK
0x3CCA,0x14CA,0A,40,1,0x00C740,0x335,0x00CA75,0x00CB,36,0C,A1,OK
0x3CC9,0x14C9,0A,40,1,0x00C740,0x336,0x00CA76,0x00CA,36,E0,74,OK
0x3CC8,0x14C8,0A,40,1,0x00C740,0x337,0x00CA77,0x00C9,36,FF,92,OK
0x3CC7,0x14C7,0A,40,1,0x00C740,0x338,0x00CA78,0x00C8,36,08,9A,OK
0x3CC6,0x14C6,0A,40,1,0x00C740,0x339,0x00CA79,0x00C7,36,07,98,OK
0x3CC5,0x14C5,0A,40,1,0x00C740,0x33A,0x00CA7A,0x00C6,36,04,94,OK
0x3CC4,0x14C4,0A,40,1,0x00C740,0x33B,0x00CA7B,0x00C5,36,0A,99,OK
0x3CC3,0x14C3,0A,40,1,0x00C740,0x33C,0x00CA7C,0x00C4,36,80,0E,OK
0x3CC2,0x14C2,0A,40,1,0x00C740,0x33D,0x00CA7D,0x00C3,36,FF,8C,OK
0x3CC1,0x14C1,0A,40,1,0x00C740,0x33E,0x00CA7E,0x00C2,36,09,95,OK
0x3CC0,0x14C0,0A,40,1,0x00C740,0x33F,0x00CA7F,0x00C1,36,03,8E,OK
0x3CBF,0x14BF,0A,40,1,0x00C740,0x340,0x00CA80,0x00C0,36,3F,C9,OK
0x3CBE,0x14BE,0A,40,1,0x00C740,0x341,0x00CA81,0x00BF,36,00,89,OK
0x3CBD,0x14BD,0A,40,1,0x00C740,0x342,0x00CA82,0x00BE,36,07,8F,OK
0x3CBC,0x14BC,0A,40,1,0x00C740,0x343,0x00CA83,0x00BD,36,FC,83,OK
0x3CBB,0x14BB,0A,40,1,0x00C740,0x344,0x00CA84,0x00BC,36,86,0C,OK
0x3CBA,0x14BA,0A,40,1,0x00C740,0x345,0x00CA85,0x00BB,36,03,88,OK
0x3CB9,0x14B9,0A,40,1,0x00C740,0x346,0x00CA86,0x00BA,36,3F,C3,OK
0x3CB8,0x14B8,0A,40,1,0x00C740,0x347,0x00CA87,0x00B9,36,00,83,OK
0x3CB7,0x14B7,0A,40,1,0x00C740,0x348,0x00CA88,0x00B8,36,05,87,OK
0x3CB6,0x14B6,0A,40,1,0x00C740,0x349,0x00CA89,0x00B7,36,FE,7F,OK
0x3CB5,0x14B5,0A,40,1,0x00C740,0x34A,0x00CA8A,0x00B6,36,FF,7F,OK
0x3CB4,0x14B4,0A,40,1,0x00C740,0x34B,0x00CA8B,0x00B5,36,09,88,OK
0x3CB3,0x14B3,0A,40,1,0x00C740,0x34C,0x00CA8C,0x00B4,36,03,81,OK
0x3CB2,0x14B2,0A,40,1,0x00C740,0x34D,0x00CA8D,0x00B3,36,01,7E,OK
0x3CB1,0x14B1,0A,40,1,0x00C740,0x34E,0x00CA8E,0x00B2,36,0A,86,OK
0x3CB0,0x14B0,0A,40,1,0x00C740,0x34F,0x00CA8F,0x00B1,36,C0,3B,OK
0x3CAF,0x14AF,0A,40,1,0x00C740,0x350,0x00CA90,0x00B0,36,8E,08,OK
0x3CAE,0x14AE,0A,40,1,0x00C740,0x351,0x00CA91,0x00AF,36,03,7C,OK
0x3CAD,0x14AD,0A,40,1,0x00C740,0x352,0x00CA92,0x00AE,36,8A,02,OK
0x3CAC,0x14AC,0A,40,1,0x00C740,0x353,0x00CA93,0x00AD,36,03,7A,OK
0x3CAB,0x14AB,0A,40,1,0x00C740,0x354,0x00CA94,0x00AC,36,C0,36,OK
0x3CAA,0x14AA,0A,40,1,0x00C740,0x355,0x00CA95,0x00AB,36,0C,81,OK
0x3CA9,0x14A9,0A,40,1,0x00C740,0x356,0x00CA96,0x00AA,36,1F,93,OK
0x3CA8,0x14A8,0A,40,1,0x00C740,0x357,0x00CA97,0x00A9,36,00,73,OK
0x3CA7,0x14A7,0A,40,1,0x00C740,0x358,0x00CA98,0x00A8,36,08,7A,OK
0x3CA6,0x14A6,0A,40,1,0x00C740,0x359,0x00CA99,0x00A7,36,F8,69,OK
0x3CA5,0x14A5,0A,40,1,0x00C740,0x35A,0x00CA9A,0x00A6,36,0A,7A,OK
0x3CA4,0x14A4,0A,40,1,0x00C740,0x35B,0x00CA9B,0x00A5,36,7F,EE,OK
0x3CA3,0x14A3,0A,40,1,0x00C740,0x35C,0x00CA9C,0x00A4,36,00,6E,OK
0x3CA2,0x14A2,0A,40,1,0x00C740,0x35D,0x00CA9D,0x00A3,36,09,76,OK
0x3CA1,0x14A1,0A,40,1,0x00C740,0x35E,0x00CA9E,0x00A2,36,03,6F,OK
0x3CA0,0x14A0,0A,40,1,0x00C740,0x35F,0x00CA9F,0x00A1,36,C0,2B,OK
0x3C9F,0x149F,0A,40,1,0x00C740,0x360,0x00CAA0,0x00A0,36,FF,69,OK
0x3C9E,0x149E,0A,40,1,0x00C740,0x361,0x00CAA1,0x009F,36,07,70,OK
0x3C9D,0x149D,0A,40,1,0x00C740,0x362,0x00CAA2,0x009E,36,03,6B,OK
0x3C9C,0x149C,0A,40,1,0x00C740,0x363,0x00CAA3,0x009D,36,04,6B,OK
0x3C9B,0x149B,0A,40,1,0x00C740,0x364,0x00CAA4,0x009C,36,86,EC,OK
0x3C9A,0x149A,0A,40,1,0x00C740,0x365,0x00CAA5,0x009B,36,03,68,OK
0x3C99,0x1499,0A,40,1,0x00C740,0x366,0x00CAA6,0x009A,36,C0,24,OK
0x3C98,0x1498,0A,40,1,0x00C740,0x367,0x00CAA7,0x0099,36,FF,62,OK
0x3C97,0x1497,0A,40,1,0x00C740,0x368,0x00CAA8,0x0098,36,05,67,OK
0x3C96,0x1496,0A,40,1,0x00C740,0x369,0x00CAA9,0x0097,36,01,62,OK
0x3C95,0x1495,0A,40,1,0x00C740,0x36A,0x00CAAA,0x0096,36,00,60,OK
0x3C94,0x1494,0A,40,1,0x00C740,0x36B,0x00CAAB,0x0095,36,09,68,OK
0x3C93,0x1493,0A,40,1,0x00C740,0x36C,0x00CAAC,0x0094,36,03,61,OK
0x3C92,0x1492,0A,40,1,0x00C740,0x36D,0x00CAAD,0x0093,36,FE,5B,OK
0x3C91,0x1491,0A,40,1,0x00C740,0x36E,0x00CAAE,0x0092,36,0A,66,OK
0x3C90,0x1490,0A,40,1,0x00C740,0x36F,0x00CAAF,0x0091,36,3F,9A,OK
0x3C8F,0x148F,0A,40,1,0x00C740,0x370,0x00CAB0,0x0090,36,8E,E8,OK
0x3C8E,0x148E,0A,40,1,0x00C740,0x371,0x00CAB1,0x008F,36,03,5C,OK
0x3C8D,0x148D,0A,40,1,0x00C740,0x372,0x00CAB2,0x008E,36,8A,E2,OK
0x3C8C,0x148C,0A,40,1,0x00C740,0x373,0x00CAB3,0x008D,36,03,5A,OK
0x3C8B,0x148B,0A,40,1,0x00C740,0x374,0x00CAB4,0x008C,36,7F,D5,OK
0x3C8A,0x148A,0A,40,1,0x00C740,0x375,0x00CAB5,0x008B,36,0C,61,OK
0x3C89,0x1489,0A,40,1,0x00C740,0x376,0x00CAB6,0x008A,36,C0,14,OK
0x3C88,0x1488,0A,40,1,0x00C740,0x377,0x00CAB7,0x0089,36,0B,5E,OK
0x3C87,0x1487,0A,40,1,0x00C740,0x378,0x00CAB8,0x0088,36,7F,D1,OK
0x3C86,0x1486,0A,40,1,0x00C740,0x379,0x00CAB9,0x0087,36,00,51,OK
0x3C85,0x1485,0A,40,1,0x00C740,0x37A,0x00CABA,0x0086,36,07,57,OK
0x3C84,0x1484,0A,40,1,0x00C740,0x37B,0x00CABB,0x0085,36,C0,0F,OK
0x3C83,0x1483,0A,40,1,0x00C740,0x37C,0x00CABC,0x0084,36,FF,4D,OK
0x3C82,0x1482,0A,40,1,0x00C740,0x37D,0x00CABD,0x0083,36,09,56,OK
0x3C81,0x1481,0A,40,1,0x00C740,0x37E,0x00CABE,0x0082,36,03,4F,OK
0x3C80,0x1480,0A,40,1,0x00C740,0x37F,0x00CABF,0x0081,36,07,52,OK
0x3C7F,0x147F,0A,40,1,0x00C740,0x380,0x00CAC0,0x0080,36,04,4E,OK
0x3C7E,0x147E,0A,40,1,0x00C740,0x381,0x00CAC1,0x007F,36,00,49,OK
0x3C7D,0x147D,0A,40,1,0x00C740,0x382,0x00CAC2,0x007E,36,07,4F,OK
0x3C7C,0x147C,0A,40,1,0x00C740,0x383,0x00CAC3,0x007D,36,87,CE,OK
0x3C7B,0x147B,0A,40,1,0x00C740,0x384,0x00CAC4,0x007C,36,03,49,OK
0x3C7A,0x147A,0A,40,1,0x00C740,0x385,0x00CAC5,0x007B,36,0F,54,OK
0x3C79,0x1479,0A,40,1,0x00C740,0x386,0x00CAC6,0x007A,36,00,44,OK
0x3C78,0x1478,0A,40,1,0x00C740,0x387,0x00CAC7,0x0079,36,80,C3,OK
0x3C77,0x1477,0A,40,1,0x00C740,0x388,0x00CAC8,0x0078,36,89,CB,OK
0x3C76,0x1476,0A,40,1,0x00C740,0x389,0x00CAC9,0x0077,36,03,44,OK
0x3C75,0x1475,0A,40,1,0x00C740,0x38A,0x00CACA,0x0076,36,7F,BF,OK
0x3C74,0x1474,0A,40,1,0x00C740,0x38B,0x00CACB,0x0075,36,0B,4A,OK
0x3C73,0x1473,0A,40,1,0x00C740,0x38C,0x00CACC,0x0074,36,E0,1E,OK
0x3C72,0x1472,0A,40,1,0x00C740,0x38D,0x00CACD,0x0073,36,8E,CB,OK
0x3C71,0x1471,0A,40,1,0x00C740,0x38E,0x00CACE,0x0072,36,03,3F,OK
0x3C70,0x1470,0A,40,1,0x00C740,0x38F,0x00CACF,0x0071,36,8A,C5,OK
0x3C6F,0x146F,0A,40,1,0x00C740,0x390,0x00CAD0,0x0070,36,03,3D,OK
0x3C6E,0x146E,0A,40,1,0x00C740,0x391,0x00CAD1,0x006F,36,80,B9,OK
0x3C6D,0x146D,0A,40,1,0x00C740,0x392,0x00CAD2,0x006E,36,0C,44,OK
0x3C6C,0x146C,0A,40,1,0x00C740,0x393,0x00CAD3,0x006D,36,3F,76,OK
0x3C6B,0x146B,0A,40,1,0x00C740,0x394,0x00CAD4,0x006C,36,0B,41,OK
0x3C6A,0x146A,0A,40,1,0x00C740,0x395,0x00CAD5,0x006B,36,80,B5,OK
0x3C69,0x1469,0A,40,1,0x00C740,0x396,0x00CAD6,0x006A,36,FF,33,OK
0x3C68,0x1468,0A,40,1,0x00C740,0x397,0x00CAD7,0x0069,36,07,3A,OK
0x3C67,0x1467,0A,40,1,0x00C740,0x398,0x00CAD8,0x0068,36,3F,71,OK
0x3C66,0x1466,0A,40,1,0x00C740,0x399,0x00CAD9,0x0067,36,00,31,OK
0x3C65,0x1465,0A,40,1,0x00C740,0x39A,0x00CADA,0x0066,36,09,39,OK
0x3C64,0x1464,0A,40,1,0x00C740,0x39B,0x00CADB,0x0065,36,03,32,OK
0x3C63,0x1463,0A,40,1,0x00C740,0x39C,0x00CADC,0x0064,36,F8,26,OK
0x3C62,0x1462,0A,40,1,0x00C740,0x39D,0x00CADD,0x0063,36,FF,2C,OK
0x3C61,0x1461,0A,40,1,0x00C740,0x39E,0x00CADE,0x0062,36,07,33,OK
0x3C60,0x1460,0A,40,1,0x00C740,0x39F,0x00CADF,0x0061,36,87,B2,OK
0x3C5F,0x145F,0A,40,1,0x00C740,0x3A0,0x00CAE0,0x0060,36,03,2D,OK
0x3C5E,0x145E,0A,40,1,0x00C740,0x3A1,0x00CAE1,0x005F,36,F0,19,OK
0x3C5D,0x145D,0A,40,1,0x00C740,0x3A2,0x00CAE2,0x005E,36,FF,27,OK
0x3C5C,0x145C,0A,40,1,0x00C740,0x3A3,0x00CAE3,0x005D,36,7F,A6,OK
0x3C5B,0x145B,0A,40,1,0x00C740,0x3A4,0x00CAE4,0x005C,36,89,AF,OK
0x3C5A,0x145A,0A,40,1,0x00C740,0x3A5,0x00CAE5,0x005B,36,03,28,OK
0x3C59,0x1459,0A,40,1,0x00C740,0x3A6,0x00CAE6,0x005A,36,80,A4,OK
0x3C58,0x1458,0A,40,1,0x00C740,0x3A7,0x00CAE7,0x0059,36,0B,2E,OK
0x3C57,0x1457,0A,40,1,0x00C740,0x3A8,0x00CAE8,0x0058,36,1F,41,OK
0x3C56,0x1456,0A,40,1,0x00C740,0x3A9,0x00CAE9,0x0057,36,8E,AF,OK
0x3C55,0x1455,0A,40,1,0x00C740,0x3AA,0x00CAEA,0x0056,36,03,23,OK
0x3C54,0x1454,0A,40,1,0x00C740,0x3AB,0x00CAEB,0x0055,36,8B,AA,OK
0x3C53,0x1453,0A,40,1,0x00C740,0x3AC,0x00CAEC,0x0054,36,03,21,OK
0x3C52,0x1452,0A,40,1,0x00C740,0x3AD,0x00CAED,0x0053,36,01,1E,OK
0x3C51,0x1451,0A,40,1,0x00C740,0x3AE,0x00CAEE,0x0052,36,0B,27,OK
0x3C50,0x1450,0A,40,1,0x00C740,0x3AF,0x00CAEF,0x0051,36,80,9B,OK
0x3C4F,0x144F,0A,40,1,0x00C740,0x3B0,0x00CAF0,0x0050,36,FF,19,OK
0x3C4E,0x144E,0A,40,1,0x00C740,0x3B1,0x00CAF1,0x004F,36,07,20,OK
0x3C4D,0x144D,0A,40,1,0x00C740,0x3B2,0x00CAF2,0x004E,36,0F,27,OK
0x3C4C,0x144C,0A,40,1,0x00C740,0x3B3,0x00CAF3,0x004D,36,00,17,OK
0x3C4B,0x144B,0A,40,1,0x00C740,0x3B4,0x00CAF4,0x004C,36,07,1D,OK
0x3C4A,0x144A,0A,40,1,0x00C740,0x3B5,0x00CAF5,0x004B,36,FC,11,OK
0x3C49,0x1449,0A,40,1,0x00C740,0x3B6,0x00CAF6,0x004A,36,88,9C,OK
0x3C48,0x1448,0A,40,1,0x00C740,0x3B7,0x00CAF7,0x0049,36,03,16,OK
0x3C47,0x1447,0A,40,1,0x00C740,0x3B8,0x00CAF8,0x0048,36,7F,91,OK
0x3C46,0x1446,0A,40,1,0x00C740,0x3B9,0x00CAF9,0x0047,36,0B,1C,OK
0x3C45,0x1445,0A,40,1,0x00C740,0x3BA,0x00CAFA,0x0046,36,E0,F0,OK
0x3C44,0x1444,0A,40,1,0x00C740,0x3BB,0x00CAFB,0x0045,36,87,96,OK
0x3C43,0x1443,0A,40,1,0x00C740,0x3BC,0x00CAFC,0x0044,36,03,11,OK
0x3C42,0x1442,0A,40,1,0x00C740,0x3BD,0x00CAFD,0x0043,36,07,14,OK
0x3C41,0x1441,0A,40,1,0x00C740,0x3BE,0x00CAFE,0x0042,36,04,10,OK
0x3C40,0x1440,0A,40,1,0x00C740,0x3BF,0x00CAFF,0x0041,36,00,0B,OK
0x3C3F,0x143F,0A,40,1,0x00C740,0x3C0,0x00CB00,0x0040,36,E0,EA,OK
0x3C3E,0x143E,0A,40,1,0x00C740,0x3C1,0x00CB01,0x003F,36,FF,08,OK
0x3C3D,0x143D,0A,40,1,0x00C740,0x3C2,0x00CB02,0x003E,36,09,11,OK
0x3C3C,0x143C,0A,40,1,0x00C740,0x3C3,0x00CB03,0x003D,36,03,0A,OK
0x3C3B,0x143B,0A,40,1,0x00C740,0x3C4,0x00CB04,0x003C,36,07,0D,OK
0x3C3A,0x143A,0A,40,1,0x00C740,0x3C5,0x00CB05,0x003B,36,04,09,OK
0x3C39,0x1439,0A,40,1,0x00C740,0x3C6,0x00CB06,0x003A,36,00,04,OK
0x3C38,0x1438,0A,40,1,0x00C740,0x3C7,0x00CB07,0x0039,36,07,0A,OK
0x3C37,0x1437,0A,40,1,0x00C740,0x3C8,0x00CB08,0x0038,36,FE,00,OK
0x3C36,0x1436,0A,40,1,0x00C740,0x3C9,0x00CB09,0x0037,36,8E,8F,OK
0x3C35,0x1435,0A,40,1,0x00C740,0x3CA,0x00CB0A,0x0036,36,03,03,OK
0x3C34,0x1434,0A,40,1,0x00C740,0x3CB,0x00CB0B,0x0035,36,8B,8A,OK
0x3C33,0x1433,0A,40,1,0x00C740,0x3CC,0x00CB0C,0x0034,36,03,01,OK
0x3C32,0x1432,0A,40,1,0x00C740,0x3CD,0x00CB0D,0x0033,36,FE,FB,OK
0x3C31,0x1431,0A,40,1,0x00C740,0x3CE,0x00CB0E,0x0032,36,0B,07,OK
0x3C30,0x1430,0A,40,1,0x00C740,0x3CF,0x00CB0F,0x0031,36,7F,7A,OK
0x3C2F,0x142F,0A,40,1,0x00C740,0x3D0,0x00CB10,0x0030,36,00,FA,OK
0x3C2E,0x142E,0A,40,1,0x00C740,0x3D1,0x00CB11,0x002F,36,07,00,OK
0x3C2D,0x142D,0A,40,1,0x00C740,0x3D2,0x00CB12,0x002E,36,F0,E8,OK
0x3C2C,0x142C,0A,40,1,0x00C740,0x3D3,0x00CB13,0x002D,36,FF,F6,OK
0x3C2B,0x142B,0A,40,1,0x00C740,0x3D4,0x00CB14,0x002C,36,07,FD,OK
0x3C2A,0x142A,0A,40,1,0x00C740,0x3D5,0x00CB15,0x002B,36,03,F8,OK
0x3C29,0x1429,0A,40,1,0x00C740,0x3D6,0x00CB16,0x002A,36,04,F8,OK
0x3C28,0x1428,0A,40,1,0x00C740,0x3D7,0x00CB17,0x0029,36,88,7B,OK
0x3C27,0x1427,0A,40,1,0x00C740,0x3D8,0x00CB18,0x0028,36,03,F5,OK
0x3C26,0x1426,0A,40,1,0x00C740,0x3D9,0x00CB19,0x0027,36,80,71,OK
0x3C25,0x1425,0A,40,1,0x00C740,0x3DA,0x00CB1A,0x0026,36,0B,FB,OK
0x3C24,0x1424,0A,40,1,0x00C740,0x3DB,0x00CB1B,0x0025,36,1F,0E,OK
0x3C23,0x1423,0A,40,1,0x00C740,0x3DC,0x00CB1C,0x0024,36,87,75,OK
0x3C22,0x1422,0A,40,1,0x00C740,0x3DD,0x00CB1D,0x0023,36,03,F0,OK
0x3C21,0x1421,0A,40,1,0x00C740,0x3DE,0x00CB1E,0x0022,36,F8,E4,OK
0x3C20,0x1420,0A,40,1,0x00C740,0x3DF,0x00CB1F,0x0021,36,FF,EA,OK
0x3C1F,0x141F,0A,40,1,0x00C740,0x3E0,0x00CB20,0x0020,36,1F,09,OK
0x3C1E,0x141E,0A,40,1,0x00C740,0x3E1,0x00CB21,0x001F,36,00,E9,OK
0x3C1D,0x141D,0A,40,1,0x00C740,0x3E2,0x00CB22,0x001E,36,09,F1,OK
0x3C1C,0x141C,0A,40,1,0x00C740,0x3E3,0x00CB23,0x001D,36,03,EA,OK
0x3C1B,0x141B,0A,40,1,0x00C740,0x3E4,0x00CB24,0x001C,36,F8,DE,OK
0x3C1A,0x141A,0A,40,1,0x00C740,0x3E5,0x00CB25,0x001B,36,FF,E4,OK
0x3C19,0x1419,0A,40,1,0x00C740,0x3E6,0x00CB26,0x001A,36,07,EB,OK
0x3C18,0x1418,0A,40,1,0x00C740,0x3E7,0x00CB27,0x0019,36,01,E4,OK
0x3C17,0x1417,0A,40,1,0x00C740,0x3E8,0x00CB28,0x0018,36,8E,70,OK
0x3C16,0x1416,0A,40,1,0x00C740,0x3E9,0x00CB29,0x0017,36,03,E4,OK
0x3C15,0x1415,0A,40,1,0x00C740,0x3EA,0x00CB2A,0x0016,36,8B,6B,OK
0x3C14,0x1414,0A,40,1,0x00C740,0x3EB,0x00CB2B,0x0015,36,03,E2,OK
0x3C13,0x1413,0A,40,1,0x00C740,0x3EC,0x00CB2C,0x0014,36,0F,ED,OK
0x3C12,0x1412,0A,40,1,0x00C740,0x3ED,0x00CB2D,0x0013,36,0C,E9,OK
0x3C11,0x1411,0A,40,1,0x00C740,0x3EE,0x00CB2E,0x0012,36,FF,DB,OK
0x3C10,0x1410,0A,40,1,0x00C740,0x3EF,0x00CB2F,0x0011,36,07,E2,OK
0x3C0F,0x140F,0A,40,1,0x00C740,0x3F0,0x00CB30,0x0010,36,0B,E5,OK
0x3C0E,0x140E,0A,40,1,0x00C740,0x3F1,0x00CB31,0x000F,36,80,59,OK
0x3C0D,0x140D,0A,40,1,0x00C740,0x3F2,0x00CB32,0x000E,36,89,61,OK
0x3C0C,0x140C,0A,40,1,0x00C740,0x3F3,0x00CB33,0x000D,36,03,DA,OK
0x3C0B,0x140B,0A,40,1,0x00C740,0x3F4,0x00CB34,0x000C,36,07,DD,OK
0x3C0A,0x140A,0A,40,1,0x00C740,0x3F5,0x00CB35,0x000B,36,04,D9,OK
0x3C09,0x1409,0A,40,1,0x00C740,0x3F6,0x00CB36,0x000A,36,00,D4,OK
0x3C08,0x1408,0A,40,1,0x00C740,0x3F7,0x00CB37,0x0009,36,07,DA,OK
0x3C07,0x1407,0A,40,1,0x00C740,0x3F8,0x00CB38,0x0008,36,F0,C2,OK
0x3C06,0x1406,0A,40,1,0x00C740,0x3F9,0x00CB39,0x0007,36,87,58,OK
0x3C05,0x1405,0A,40,1,0x00C740,0x3FA,0x00CB3A,0x0006,36,03,D3,OK
0x3C04,0x1404,0A,40,1,0x00C740,0x3FB,0x00CB3B,0x0005,36,03,D2,OK
0x3C03,0x1403,0A,40,1,0x00C740,0x3FC,0x00CB3C,0x0004,36,04,D2,OK
0x3C02,0x1402,0A,40,1,0x00C740,0x3FD,0x00CB3D,0x0003,36,00,CD,OK
0x3C01,0x1401,0A,40,1,0x00C740,0x3FE,0x00CB3E,0x0002,36,E0,AC,OK
0x3C00,0x1400,0A,40,1,0x00C740,0x3FF,0x00CB3F,0x0001,36,FF,CA,OK
0x43FF,0x1BFF,0A,40,2,0x00CB50,0x000,0x00CB50,0x0400,36,00,CE,OK
0x43FE,0x1BFE,0A,40,2,0x00CB50,0x001,0x00CB51,0x03FF,36,0C,D8,OK
0x43FD,0x1BFD,0A,40,2,0x00CB50,0x002,0x00CB52,0x03FE,36,05,D0,OK
0x43FC,0x1BFC,0A,40,2,0x00CB50,0x003,0x00CB53,0x03FD,36,00,CA,OK
0x43FB,0x1BFB,0A,40,2,0x00CB50,0x004,0x00CB54,0x03FC,36,00,C9,OK
0x43FA,0x1BFA,0A,40,2,0x00CB50,0x005,0x00CB55,0x03FB,36,0C,D4,OK
0x43F9,0x1BF9,0A,40,2,0x00CB50,0x006,0x00CB56,0x03FA,36,05,CC,OK
0x43F8,0x1BF8,0A,40,2,0x00CB50,0x007,0x00CB57,0x03F9,36,00,C6,OK
0x43F7,0x1BF7,0A,40,2,0x00CB50,0x008,0x00CB58,0x03F8,36,00,C5,OK
0x43F6,0x1BF6,0A,40,2,0x00CB50,0x009,0x00CB59,0x03F7,36,0C,D0,OK
0x43F5,0x1BF5,0A,40,2,0x00CB50,0x00A,0x00CB5A,0x03F6,36,05,C8,OK
0x43F4,0x1BF4,0A,40,2,0x00CB50,0x00B,0x00CB5B,0x03F5,36,00,C2,OK
0x43F3,0x1BF3,0A,40,2,0x00CB50,0x00C,0x00CB5C,0x03F4,36,00,C1,OK
0x43F2,0x1BF2,0A,40,2,0x00CB50,0x00D,0x00CB5D,0x03F3,36,0C,CC,OK
0x43F1,0x1BF1,0A,40,2,0x00CB50,0x00E,0x00CB5E,0x03F2,36,05,C4,OK
0x43F0,0x1BF0,0A,40,2,0x00CB50,0x00F,0x00CB5F,0x03F1,36,00,BE,OK
0x43EF,0x1BEF,0A,40,2,0x00CB50,0x010,0x00CB60,0x03F0,36,00,BD,OK
0x43EE,0x1BEE,0A,40,2,0x00CB50,0x011,0x00CB61,0x03EF,36,0C,C8,OK
0x43ED,0x1BED,0A,40,2,0x00CB50,0x012,0x00CB62,0x03EE,36,05,C0,OK
0x43EC,0x1BEC,0A,40,2,0x00CB50,0x013,0x00CB63,0x03ED,36,00,BA,OK
0x43EB,0x1BEB,0A,40,2,0x00CB50,0x014,0x00CB64,0x03EC,36,00,B9,OK
0x43EA,0x1BEA,0A,40,2,0x00CB50,0x015,0x00CB65,0x03EB,36,0C,C4,OK
0x43E9,0x1BE9,0A,40,2,0x00CB50,0x016,0x00CB66,0x03EA,36,05,BC,OK
0x43E8,0x1BE8,0A,40,2,0x00CB50,0x017,0x00CB67,0x03E9,36,00,B6,OK
0x43E7,0x1BE7,0A,40,2,0x00CB50,0x018,0x00CB68,0x03E8,36,00,B5,OK
0x43E6,0x1BE6,0A,40,2,0x00CB50,0x019,0x00CB69,0x03E7,36,0C,C0,OK
0x43E5,0x1BE5,0A,40,2,0x00CB50,0x01A,0x00CB6A,0x03E6,36,05,B8,OK
0x43E4,0x1BE4,0A,40,2,0x00CB50,0x01B,0x00CB6B,0x03E5,36,00,B2,OK
0x43E3,0x1BE3,0A,40,2,0x00CB50,0x01C,0x00CB6C,0x03E4,36,00,B1,OK
0x43E2,0x1BE2,0A,40,2,0x00CB50,0x01D,0x00CB6D,0x03E3,36,0C,BC,OK
0x43E1,0x1BE1,0A,40,2,0x00CB50,0x01E,0x00CB6E,0x03E2,36,05,B4,OK
0x43E0,0x1BE0,0A,40,2,0x00CB50,0x01F,0x00CB6F,0x03E1,36,00,AE,OK
0x43DF,0x1BDF,0A,40,2,0x00CB50,0x020,0x00CB70,0x03E0,36,00,AD,OK
0x43DE,0x1BDE,0A,40,2,0x00CB50,0x021,0x00CB71,0x03DF,36,0C,B8,OK
0x43DD,0x1BDD,0A,40,2,0x00CB50,0x022,0x00CB72,0x03DE,36,05,B0,OK
0x43DC,0x1BDC,0A,40,2,0x00CB50,0x023,0x00CB73,0x03DD,36,00,AA,OK
0x43DB,0x1BDB,0A,40,2,0x00CB50,0x024,0x00CB74,0x03DC,36,00,A9,OK
0x43DA,0x1BDA,0A,40,2,0x00CB50,0x025,0x00CB75,0x03DB,36,0C,B4,OK
0x43D9,0x1BD9,0A,40,2,0x00CB50,0x026,0x00CB76,0x03DA,36,05,AC,OK
0x43D8,0x1BD8,0A,40,2,0x00CB50,0x027,0x00CB77,0x03D9,36,00,A6,OK
0x43D7,0x1BD7,0A,40,2,0x00CB50,0x028,0x00CB78,0x03D8,36,00,A5,OK
0x43D6,0x1BD6,0A,40,2,0x00CB50,0x029,0x00CB79,0x03D7,36,0C,B0,OK
0x43D5,0x1BD5,0A,40,2,0x00CB50,0x02A,0x00CB7A,0x03D6,36,05,A8,OK
0x43D4,0x1BD4,0A,40,2,0x00CB50,0x02B,0x00CB7B,0x03D5,36,00,A2,OK
0x43D3,0x1BD3,0A,40,2,0x00CB50,0x02C,0x00CB7C,0x03D4,36,00,A1,OK
0x43D2,0x1BD2,0A,40,2,0x00CB50,0x02D,0x00CB7D,0x03D3,36,0C,AC,OK
0x43D1,0x1BD1,0A,40,2,0x00CB50,0x02E,0x00CB7E,0x03D2,36,05,A4,OK
0x43D0,0x1BD0,0A,40,2,0x00CB50,0x02F,0x00CB7F,0x03D1,36,00,9E,OK
0x43CF,0x1BCF,0A,40,2,0x00CB50,0x030,0x00CB80,0x03D0,36,00,9D,OK
0x43CE,0x1BCE,0A,40,2,0x00CB50,0x031,0x00CB81,0x03CF,36,0C,A8,OK
0x43CD,0x1BCD,0A,40,2,0x00CB50,0x032,0x00CB82,0x03CE,36,05,A0,OK
0x43CC,0x1BCC,0A,40,2,0x00CB50,0x033,0x00CB83,0x03CD,36,00,9A,OK
0x43CB,0x1BCB,0A,40,2,0x00CB50,0x034,0x00CB84,0x03CC,36,00,99,OK
0x43CA,0x1BCA,0A,40,2,0x00CB50,0x035,0x00CB85,0x03CB,36,0C,A4,OK
0x43C9,0x1BC9,0A,40,2,0x00CB50,0x036,0x00CB86,0x03CA,36,05,9C,OK
0x43C8,0x1BC8,0A,40,2,0x00CB50,0x037,0x00CB87,0x03C9,36,00,96,OK
0x43C7,0x1BC7,0A,40,2,0x00CB50,0x038,0x00CB88,0x03C8,36,00,95,OK
0x43C6,0x1BC6,0A,40,2,0x00CB50,0x039,0x00CB89,0x03C7,36,0C,A0,OK
0x43C5,0x1BC5,0A,40,2,0x00CB50,0x03A,0x00CB8A,0x03C6,36,05,98,OK
0x43C4,0x1BC4,0A,40,2,0x00CB50,0x03B,0x00CB8B,0x03C5,36,00,92,OK
0x43C3,0x1BC3,0A,40,2,0x00CB50,0x03C,0x00CB8C,0x03C4,36,00,91,OK
0x43C2,0x1BC2,0A,40,2,0x00CB50,0x03D,0x00CB8D,0x03C3,36,0C,9C,OK
0x43C1,0x1BC1,0A,40,2,0x00CB50,0x03E,0x00CB8E,0x03C2,36,05,94,OK
0x43C0,0x1BC0,0A,40,2,0x00CB50,0x03F,0x00CB8F,0x03C1,36,00,8E,OK
0x43BF,0x1BBF,0A,40,2,0x00CB50,0x040,0x00CB90,0x03C0,36,00,8D,OK
0x43BE,0x1BBE,0A,40,2,0x00CB50,0x041,0x00CB91,0x03BF,36,0C,98,OK
0x43BD,0x1BBD,0A,40,2,0x00CB50,0x042,0x00CB92,0x03BE,36,05,90,OK
0x43BC,0x1BBC,0A,40,2,0x00CB50,0x043,0x00CB93,0x03BD,36,00,8A,OK
0x43BB,0x1BBB,0A,40,2,0x00CB50,0x044,0x00CB94,0x03BC,36,00,89,OK
0x43BA,0x1BBA,0A,40,2,0x00CB50,0x045,0x00CB95,0x03BB,36,0C,94,OK
0x43B9,0x1BB9,0A,40,2,0x00CB50,0x046,0x00CB96,0x03BA,36,05,8C,OK
0x43B8,0x1BB8,0A,40,2,0x00CB50,0x047,0x00CB97,0x03B9,36,00,86,OK
0x43B7,0x1BB7,0A,40,2,0x00CB50,0x048,0x00CB98,0x03B8,36,00,85,OK
0x43B6,0x1BB6,0A,40,2,0x00CB50,0x049,0x00CB99,0x03B7,36,0C,90,OK
0x43B5,0x1BB5,0A,40,2,0x00CB50,0x04A,0x00CB9A,0x03B6,36,05,88,OK
0x43B4,0x1BB4,0A,40,2,0x00CB50,0x04B,0x00CB9B,0x03B5,36,00,82,OK
0x43B3,0x1BB3,0A,40,2,0x00CB50,0x04C,0x00CB9C,0x03B4,36,00,81,OK
0x43B2,0x1BB2,0A,40,2,0x00CB50,0x04D,0x00CB9D,0x03B3,36,0C,8C,OK
0x43B1,0x1BB1,0A,40,2,0x00CB50,0x04E,0x00CB9E,0x03B2,36,05,84,OK
0x43B0,0x1BB0,0A,40,2,0x00CB50,0x04F,0x00CB9F,0x03B1,36,00,7E,OK
0x43AF,0x1BAF,0A,40,2,0x00CB50,0x050,0x00CBA0,0x03B0,36,00,7D,OK
0x43AE,0x1BAE,0A,40,2,0x00CB50,0x051,0x00CBA1,0x03AF,36,0C,88,OK
0x43AD,0x1BAD,0A,40,2,0x00CB50,0x052,0x00CBA2,0x03AE,36,05,80,OK
0x43AC,0x1BAC,0A,40,2,0x00CB50,0x053,0x00CBA3,0x03AD,36,00,7A,OK
0x43AB,0x1BAB,0A,40,2,0x00CB50,0x054,0x00CBA4,0x03AC,36,00,79,OK
0x43AA,0x1BAA,0A,40,2,0x00CB50,0x055,0x00CBA5,0x03AB,36,0C,84,OK
0x43A9,0x1BA9,0A,40,2,0x00CB50,0x056,0x00CBA6,0x03AA,36,05,7C,OK
0x43A8,0x1BA8,0A,40,2,0x00CB50,0x057,0x00CBA7,0x03A9,36,00,76,OK
0x43A7,0x1BA7,0A,40,2,0x00CB50,0x058,0x00CBA8,0x03A8,36,00,75,OK
0x43A6,0x1BA6,0A,40,2,0x00CB50,0x059,0x00CBA9,0x03A7,36,0C,80,OK
0x43A5,0x1BA5,0A,40,2,0x00CB50,0x05A,0x00CBAA,0x03A6,36,05,78,OK
0x43A4,0x1BA4,0A,40,2,0x00CB50,0x05B,0x00CBAB,0x03A5,36,00,72,OK
0x43A3,0x1BA3,0A,40,2,0x00CB50,0x05C,0x00CBAC,0x03A4,36,00,71,OK
0x43A2,0x1BA2,0A,40,2,0x00CB50,0x05D,0x00CBAD,0x03A3,36,0C,7C,OK
0x43A1,0x1BA1,0A,40,2,0x00CB50,0x05E,0x00CBAE,0x03A2,36,05,74,OK
0x43A0,0x1BA0,0A,40,2,0x00CB50,0x05F,0x00CBAF,0x03A1,36,00,6E,OK
0x439F,0x1B9F,0A,40,2,0x00CB50,0x060,0x00CBB0,0x03A0,36,00,6D,OK
0x439E,0x1B9E,0A,40,2,0x00CB50,0x061,0x00CBB1,0x039F,36,0C,78,OK
0x439D,0x1B9D,0A,40,2,0x00CB50,0x062,0x00CBB2,0x039E,36,05,70,OK
0x439C,0x1B9C,0A,40,2,0x00CB50,0x063,0x00CBB3,0x039D,36,00,6A,OK
0x439B,0x1B9B,0A,40,2,0x00CB50,0x064,0x00CBB4,0x039C,36,00,69,OK
0x439A,0x1B9A,0A,40,2,0x00CB50,0x065,0x00CBB5,0x039B,36,0C,74,OK
0x4399,0x1B99,0A,40,2,0x00CB50,0x066,0x00CBB6,0x039A,36,05,6C,OK
0x4398,0x1B98,0A,40,2,0x00CB50,0x067,0x00CBB7,0x0399,36,00,66,OK
0x4397,0x1B97,0A,40,2,0x00CB50,0x068,0x00CBB8,0x0398,36,00,65,OK
0x4396,0x1B96,0A,40,2,0x00CB50,0x069,0x00CBB9,0x0397,36,0C,70,OK
0x4395,0x1B95,0A,40,2,0x00CB50,0x06A,0x00CBBA,0x0396,36,05,68,OK
0x4394,0x1B94,0A,40,2,0x00CB50,0x06B,0x00CBBB,0x0395,36,00,62,OK
0x4393,0x1B93,0A,40,2,0x00CB50,0x06C,0x00CBBC,0x0394,36,00,61,OK
0x4392,0x1B92,0A,40,2,0x00CB50,0x06D,0x00CBBD,0x0393,36,0C,6C,OK
0x4391,0x1B91,0A,40,2,0x00CB50,0x06E,0x00CBBE,0x0392,36,05,64,OK
0x4390,0x1B90,0A,40,2,0x00CB50,0x06F,0x00CBBF,0x0391,36,00,5E,OK
0x438F,0x1B8F,0A,40,2,0x00CB50,0x070,0x00CBC0,0x0390,36,00,5D,OK
0x438E,0x1B8E,0A,40,2,0x00CB50,0x071,0x00CBC1,0x038F,36,0C,68,OK
0x438D,0x1B8D,0A,40,2,0x00CB50,0x072,0x00CBC2,0x038E,36,05,60,OK
0x438C,0x1B8C,0A,40,2,0x00CB50,0x073,0x00CBC3,0x038D,36,00,5A,OK
0x438B,0x1B8B,0A,40,2,0x00CB50,0x074,0x00CBC4,0x038C,36,00,59,OK
0x438A,0x1B8A,0A,40,2,0x00CB50,0x075,0x00CBC5,0x038B,36,0C,64,OK
0x4389,0x1B89,0A,40,2,0x00CB50,0x076,0x00CBC6,0x038A,36,05,5C,OK
0x4388,0x1B88,0A,40,2,0x00CB50,0x077,0x00CBC7,0x0389,36,00,56,OK
0x4387,0x1B87,0A,40,2,0x00CB50,0x078,0x00CBC8,0x0388,36,00,55,OK
0x4386,0x1B86,0A,40,2,0x00CB50,0x079,0x00CBC9,0x0387,36,0C,60,OK
0x4385,0x1B85,0A,40,2,0x00CB50,0x07A,0x00CBCA,0x0386,36,05,58,OK
0x4384,0x1B84,0A,40,2,0x00CB50,0x07B,0x00CBCB,0x0385,36,00,52,OK
0x4383,0x1B83,0A,40,2,0x00CB50,0x07C,0x00CBCC,0x0384,36,00,51,OK
0x4382,0x1B82,0A,40,2,0x00CB50,0x07D,0x00CBCD,0x0383,36,0C,5C,OK
0x4381,0x1B81,0A,40,2,0x00CB50,0x07E,0x00CBCE,0x0382,36,05,54,OK
0x4380,0x1B80,0A,40,2,0x00CB50,0x07F,0x00CBCF,0x0381,36,00,4E,OK
0x437F,0x1B7F,0A,40,2,0x00CB50,0x080,0x00CBD0,0x0380,36,00,4D,OK
0x437E,0x1B7E,0A,40,2,0x00CB50,0x081,0x00CBD1,0x037F,36,0C,58,OK
0x437D,0x1B7D,0A,40,2,0x00CB50,0x082,0x00CBD2,0x037E,36,05,50,OK
0x437C,0x1B7C,0A,40,2,0x00CB50,0x083,0x00CBD3,0x037D,36,00,4A,OK
0x437B,0x1B7B,0A,40,2,0x00CB50,0x084,0x00CBD4,0x037C,36,00,49,OK
0x437A,0x1B7A,0A,40,2,0x00CB50,0x085,0x00CBD5,0x037B,36,0C,54,OK
0x4379,0x1B79,0A,40,2,0x00CB50,0x086,0x00CBD6,0x037A,36,05,4C,OK
0x4378,0x1B78,0A,40,2,0x00CB50,0x087,0x00CBD7,0x0379,36,00,46,OK
0x4377,0x1B77,0A,40,2,0x00CB50,0x088,0x00CBD8,0x0378,36,00,45,OK
0x4376,0x1B76,0A,40,2,0x00CB50,0x089,0x00CBD9,0x0377,36,0C,50,OK
0x4375,0x1B75,0A,40,2,0x00CB50,0x08A,0x00CBDA,0x0376,36,05,48,OK
0x4374,0x1B74,0A,40,2,0x00CB50,0x08B,0x00CBDB,0x0375,36,00,42,OK
0x4373,0x1B73,0A,40,2,0x00CB50,0x08C,0x00CBDC,0x0374,36,00,41,OK
0x4372,0x1B72,0A,40,2,0x00CB50,0x08D,0x00CBDD,0x0373,36,0C,4C,OK
0x4371,0x1B71,0A,40,2,0x00CB50,0x08E,0x00CBDE,0x0372,36,05,44,OK
0x4370,0x1B70,0A,40,2,0x00CB50,0x08F,0x00CBDF,0x0371,36,00,3E,OK
0x436F,0x1B6F,0A,40,2,0x00CB50,0x090,0x00CBE0,0x0370,36,00,3D,OK
0x436E,0x1B6E,0A,40,2,0x00CB50,0x091,0x00CBE1,0x036F,36,0C,48,OK
0x436D,0x1B6D,0A,40,2,0x00CB50,0x092,0x00CBE2,0x036E,36,05,40,OK
0x436C,0x1B6C,0A,40,2,0x00CB50,0x093,0x00CBE3,0x036D,36,00,3A,OK
0x436B,0x1B6B,0A,40,2,0x00CB50,0x094,0x00CBE4,0x036C,36,00,39,OK
0x436A,0x1B6A,0A,40,2,0x00CB50,0x095,0x00CBE5,0x036B,36,0C,44,OK
0x4369,0x1B69,0A,40,2,0x00CB50,0x096,0x00CBE6,0x036A,36,05,3C,OK
0x4368,0x1B68,0A,40,2,0x00CB50,0x097,0x00CBE7,0x0369,36,00,36,OK
0x4367,0x1B67,0A,40,2,0x00CB50,0x098,0x00CBE8,0x0368,36,00,35,OK
0x4366,0x1B66,0A,40,2,0x00CB50,0x099,0x00CBE9,0x0367,36,0C,40,OK
0x4365,0x1B65,0A,40,2,0x00CB50,0x09A,0x00CBEA,0x0366,36,05,38,OK
0x4364,0x1B64,0A,40,2,0x00CB50,0x09B,0x00CBEB,0x0365,36,C0,F2,OK
0x4363,0x1B63,0A,40,2,0x00CB50,0x09C,0x00CBEC,0x0364,36,C0,F1,OK
0x4362,0x1B62,0A,40,2,0x00CB50,0x09D,0x00CBED,0x0363,36,C0,F0,OK
0x4361,0x1B61,0A,40,2,0x00CB50,0x09E,0x00CBEE,0x0362,36,00,2F,OK
0x4360,0x1B60,0A,40,2,0x00CB50,0x09F,0x00CBEF,0x0361,36,00,2E,OK
0x435F,0x1B5F,0A,40,2,0x00CB50,0x0A0,0x00CBF0,0x0360,36,00,2D,OK
0x435E,0x1B5E,0A,40,2,0x00CB50,0x0A1,0x00CBF1,0x035F,36,04,30,OK
0x435D,0x1B5D,0A,40,2,0x00CB50,0x0A2,0x00CBF2,0x035E,36,05,30,OK
0x435C,0x1B5C,0A,40,2,0x00CB50,0x0A3,0x00CBF3,0x035D,36,FC,26,OK
0x435B,0x1B5B,0A,40,2,0x00CB50,0x0A4,0x00CBF4,0x035C,36,FC,25,OK
0x435A,0x1B5A,0A,40,2,0x00CB50,0x0A5,0x00CBF5,0x035B,36,FC,24,OK
0x4359,0x1B59,0A,40,2,0x00CB50,0x0A6,0x00CBF6,0x035A,36,00,27,OK
0x4358,0x1B58,0A,40,2,0x00CB50,0x0A7,0x00CBF7,0x0359,36,00,26,OK
0x4357,0x1B57,0A,40,2,0x00CB50,0x0A8,0x00CBF8,0x0358,36,00,25,OK
0x4356,0x1B56,0A,40,2,0x00CB50,0x0A9,0x00CBF9,0x0357,36,04,28,OK
0x4355,0x1B55,0A,40,2,0x00CB50,0x0AA,0x00CBFA,0x0356,36,05,28,OK
0x4354,0x1B54,0A,40,2,0x00CB50,0x0AB,0x00CBFB,0x0355,36,FF,21,OK
0x4353,0x1B53,0A,40,2,0x00CB50,0x0AC,0x00CBFC,0x0354,36,FF,20,OK
0x4352,0x1B52,0A,40,2,0x00CB50,0x0AD,0x00CBFD,0x0353,36,FF,1F,OK
0x4351,0x1B51,0A,40,2,0x00CB50,0x0AE,0x00CBFE,0x0352,36,00,1F,OK
0x4350,0x1B50,0A,40,2,0x00CB50,0x0AF,0x00CBFF,0x0351,36,00,1E,OK
0x434F,0x1B4F,0A,40,2,0x00CB50,0x0B0,0x00CC00,0x0350,36,00,1D,OK
0x434E,0x1B4E,0A,40,2,0x00CB50,0x0B1,0x00CC01,0x034F,36,04,20,OK
0x434D,0x1B4D,0A,40,2,0x00CB50,0x0B2,0x00CC02,0x034E,36,05,20,OK
0x434C,0x1B4C,0A,40,2,0x00CB50,0x0B3,0x00CC03,0x034D,36,FF,19,OK
0x434B,0x1B4B,0A,40,2,0x00CB50,0x0B4,0x00CC04,0x034C,36,FF,18,OK
0x434A,0x1B4A,0A,40,2,0x00CB50,0x0B5,0x00CC05,0x034B,36,FF,17,OK
0x4349,0x1B49,0A,40,2,0x00CB50,0x0B6,0x00CC06,0x034A,36,00,17,OK
0x4348,0x1B48,0A,40,2,0x00CB50,0x0B7,0x00CC07,0x0349,36,00,16,OK
0x4347,0x1B47,0A,40,2,0x00CB50,0x0B8,0x00CC08,0x0348,36,00,15,OK
0x4346,0x1B46,0A,40,2,0x00CB50,0x0B9,0x00CC09,0x0347,36,04,18,OK
0x4345,0x1B45,0A,40,2,0x00CB50,0x0BA,0x00CC0A,0x0346,36,05,18,OK
0x4344,0x1B44,0A,40,2,0x00CB50,0x0BB,0x00CC0B,0x0345,36,FF,11,OK
0x4343,0x1B43,0A,40,2,0x00CB50,0x0BC,0x00CC0C,0x0344,36,FF,10,OK
0x4342,0x1B42,0A,40,2,0x00CB50,0x0BD,0x00CC0D,0x0343,36,FF,0F,OK
0x4341,0x1B41,0A,40,2,0x00CB50,0x0BE,0x00CC0E,0x0342,36,80,8F,OK
0x4340,0x1B40,0A,40,2,0x00CB50,0x0BF,0x00CC0F,0x0341,36,80,8E,OK
0x433F,0x1B3F,0A,40,2,0x00CB50,0x0C0,0x00CC10,0x0340,36,80,8D,OK
0x433E,0x1B3E,0A,40,2,0x00CB50,0x0C1,0x00CC11,0x033F,36,04,10,OK
0x433D,0x1B3D,0A,40,2,0x00CB50,0x0C2,0x00CC12,0x033E,36,05,10,OK
0x433C,0x1B3C,0A,40,2,0x00CB50,0x0C3,0x00CC13,0x033D,36,FF,09,OK
0x433B,0x1B3B,0A,40,2,0x00CB50,0x0C4,0x00CC14,0x033C,36,FF,08,OK
0x433A,0x1B3A,0A,40,2,0x00CB50,0x0C5,0x00CC15,0x033B,36,FF,07,OK
0x4339,0x1B39,0A,40,2,0x00CB50,0x0C6,0x00CC16,0x033A,36,80,87,OK
0x4338,0x1B38,0A,40,2,0x00CB50,0x0C7,0x00CC17,0x0339,36,80,86,OK
0x4337,0x1B37,0A,40,2,0x00CB50,0x0C8,0x00CC18,0x0338,36,80,85,OK
0x4336,0x1B36,0A,40,2,0x00CB50,0x0C9,0x00CC19,0x0337,36,04,08,OK
0x4335,0x1B35,0A,40,2,0x00CB50,0x0CA,0x00CC1A,0x0336,36,05,08,OK
0x4334,0x1B34,0A,40,2,0x00CB50,0x0CB,0x00CC1B,0x0335,36,FF,01,OK
0x4333,0x1B33,0A,40,2,0x00CB50,0x0CC,0x00CC1C,0x0334,36,FF,00,OK
0x4332,0x1B32,0A,40,2,0x00CB50,0x0CD,0x00CC1D,0x0333,36,FF,FF,OK
0x4331,0x1B31,0A,40,2,0x00CB50,0x0CE,0x00CC1E,0x0332,36,1F,1E,OK
0x4330,0x1B30,0A,40,2,0x00CB50,0x0CF,0x00CC1F,0x0331,36,1F,1D,OK
0x432F,0x1B2F,0A,40,2,0x00CB50,0x0D0,0x00CC20,0x0330,36,1F,1C,OK
0x432E,0x1B2E,0A,40,2,0x00CB50,0x0D1,0x00CC21,0x032F,36,04,00,OK
0x432D,0x1B2D,0A,40,2,0x00CB50,0x0D2,0x00CC22,0x032E,36,05,00,OK
0x432C,0x1B2C,0A,40,2,0x00CB50,0x0D3,0x00CC23,0x032D,36,FF,F9,OK
0x432B,0x1B2B,0A,40,2,0x00CB50,0x0D4,0x00CC24,0x032C,36,FF,F8,OK
0x432A,0x1B2A,0A,40,2,0x00CB50,0x0D5,0x00CC25,0x032B,36,FF,F7,OK
0x4329,0x1B29,0A,40,2,0x00CB50,0x0D6,0x00CC26,0x032A,36,1F,16,OK
0x4328,0x1B28,0A,40,2,0x00CB50,0x0D7,0x00CC27,0x0329,36,1F,15,OK
0x4327,0x1B27,0A,40,2,0x00CB50,0x0D8,0x00CC28,0x0328,36,1F,14,OK
0x4326,0x1B26,0A,40,2,0x00CB50,0x0D9,0x00CC29,0x0327,36,04,F8,OK
0x4325,0x1B25,0A,40,2,0x00CB50,0x0DA,0x00CC2A,0x0326,36,05,F8,OK
0x4324,0x1B24,0A,40,2,0x00CB50,0x0DB,0x00CC2B,0x0325,36,FF,F1,OK
0x4323,0x1B23,0A,40,2,0x00CB50,0x0DC,0x00CC2C,0x0324,36,FF,F0,OK
0x4322,0x1B22,0A,40,2,0x00CB50,0x0DD,0x00CC2D,0x0323,36,FF,EF,OK
0x4321,0x1B21,0A,40,2,0x00CB50,0x0DE,0x00CC2E,0x0322,36,00,EF,OK
0x4320,0x1B20,0A,40,2,0x00CB50,0x0DF,0x00CC2F,0x0321,36,00,EE,OK
0x431F,0x1B1F,0A,40,2,0x00CB50,0x0E0,0x00CC30,0x0320,36,00,ED,OK
0x431E,0x1B1E,0A,40,2,0x00CB50,0x0E1,0x00CC31,0x031F,36,04,F0,OK
0x431D,0x1B1D,0A,40,2,0x00CB50,0x0E2,0x00CC32,0x031E,36,05,F0,OK
0x431C,0x1B1C,0A,40,2,0x00CB50,0x0E3,0x00CC33,0x031D,36,FF,E9,OK
0x431B,0x1B1B,0A,40,2,0x00CB50,0x0E4,0x00CC34,0x031C,36,FF,E8,OK
0x431A,0x1B1A,0A,40,2,0x00CB50,0x0E5,0x00CC35,0x031B,36,FF,E7,OK
0x4319,0x1B19,0A,40,2,0x00CB50,0x0E6,0x00CC36,0x031A,36,00,E7,OK
0x4318,0x1B18,0A,40,2,0x00CB50,0x0E7,0x00CC37,0x0319,36,00,E6,OK
0x4317,0x1B17,0A,40,2,0x00CB50,0x0E8,0x00CC38,0x0318,36,00,E5,OK
0x4316,0x1B16,0A,40,2,0x00CB50,0x0E9,0x00CC39,0x0317,36,04,E8,OK
0x4315,0x1B15,0A,40,2,0x00CB50,0x0EA,0x00CC3A,0x0316,36,05,E8,OK
0x4314,0x1B14,0A,40,2,0x00CB50,0x0EB,0x00CC3B,0x0315,36,1F,01,OK
0x4313,0x1B13,0A,40,2,0x00CB50,0x0EC,0x00CC3C,0x0314,36,1F,00,OK
0x4312,0x1B12,0A,40,2,0x00CB50,0x0ED,0x00CC3D,0x0313,36,1F,FF,OK
0x4311,0x1B11,0A,40,2,0x00CB50,0x0EE,0x00CC3E,0x0312,36,00,DF,OK
0x4310,0x1B10,0A,40,2,0x00CB50,0x0EF,0x00CC3F,0x0311,36,00,DE,OK
0x430F,0x1B0F,0A,40,2,0x00CB50,0x0F0,0x00CC40,0x0310,36,00,DD,OK
0x430E,0x1B0E,0A,40,2,0x00CB50,0x0F1,0x00CC41,0x030F,36,04,E0,OK
0x430D,0x1B0D,0A,40,2,0x00CB50,0x0F2,0x00CC42,0x030E,36,05,E0,OK
0x430C,0x1B0C,0A,40,2,0x00CB50,0x0F3,0x00CC43,0x030D,36,FF,D9,OK
0x430B,0x1B0B,0A,40,2,0x00CB50,0x0F4,0x00CC44,0x030C,36,FF,D8,OK
0x430A,0x1B0A,0A,40,2,0x00CB50,0x0F5,0x00CC45,0x030B,36,FF,D7,OK
0x4309,0x1B09,0A,40,2,0x00CB50,0x0F6,0x00CC46,0x030A,36,00,D7,OK
0x4308,0x1B08,0A,40,2,0x00CB50,0x0F7,0x00CC47,0x0309,36,00,D6,OK
0x4307,0x1B07,0A,40,2,0x00CB50,0x0F8,0x00CC48,0x0308,36,00,D5,OK
0x4306,0x1B06,0A,40,2,0x00CB50,0x0F9,0x00CC49,0x0307,36,04,D8,OK
0x4305,0x1B05,0A,40,2,0x00CB50,0x0FA,0x00CC4A,0x0306,36,05,D8,OK
0x4304,0x1B04,0A,40,2,0x00CB50,0x0FB,0x00CC4B,0x0305,36,00,D2,OK
0x4303,0x1B03,0A,40,2,0x00CB50,0x0FC,0x00CC4C,0x0304,36,00,D1,OK
0x4302,0x1B02,0A,40,2,0x00CB50,0x0FD,0x00CC4D,0x0303,36,80,50,OK
0x4301,0x1B01,0A,40,2,0x00CB50,0x0FE,0x00CC4E,0x0302,36,C0,8F,OK
0x4300,0x1B00,0A,40,2,0x00CB50,0x0FF,0x00CC4F,0x0301,36,E0,AE,OK
0x42FF,0x1AFF,0A,40,2,0x00CB50,0x100,0x00CC50,0x0300,36,80,4D,OK
0x42FE,0x1AFE,0A,40,2,0x00CB50,0x101,0x00CC51,0x02FF,36,00,CB,OK
0x42FD,0x1AFD,0A,40,2,0x00CB50,0x102,0x00CC52,0x02FE,36,00,CA,OK
0x42FC,0x1AFC,0A,40,2,0x00CB50,0x103,0x00CC53,0x02FD,36,03,CC,OK
0x42FB,0x1AFB,0A,40,2,0x00CB50,0x104,0x00CC54,0x02FC,36,05,CD,OK
0x42FA,0x1AFA,0A,40,2,0x00CB50,0x105,0x00CC55,0x02FB,36,01,C8,OK
0x42F9,0x1AF9,0A,40,2,0x00CB50,0x106,0x00CC56,0x02FA,36,01,C7,OK
0x42F8,0x1AF8,0A,40,2,0x00CB50,0x107,0x00CC57,0x02F9,36,81,46,OK
0x42F7,0x1AF7,0A,40,2,0x00CB50,0x108,0x00CC58,0x02F8,36,80,44,OK
0x42F6,0x1AF6,0A,40,2,0x00CB50,0x109,0x00CC59,0x02F7,36,80,43,OK
0x42F5,0x1AF5,0A,40,2,0x00CB50,0x10A,0x00CC5A,0x02F6,36,00,C2,OK
0x42F4,0x1AF4,0A,40,2,0x00CB50,0x10B,0x00CC5B,0x02F5,36,00,C1,OK
0x42F3,0x1AF3,0A,40,2,0x00CB50,0x10C,0x00CC5C,0x02F4,36,00,C0,OK
0x42F2,0x1AF2,0A,40,2,0x00CB50,0x10D,0x00CC5D,0x02F3,36,03,C2,OK
0x42F1,0x1AF1,0A,40,2,0x00CB50,0x10E,0x00CC5E,0x02F2,36,05,C3,OK
0x42F0,0x1AF0,0A,40,2,0x00CB50,0x10F,0x00CC5F,0x02F1,36,0E,CB,OK
0x42EF,0x1AEF,0A,40,2,0x00CB50,0x110,0x00CC60,0x02F0,36,3F,FB,OK
0x42EE,0x1AEE,0A,40,2,0x00CB50,0x111,0x00CC61,0x02EF,36,FF,BA,OK
0x42ED,0x1AED,0A,40,2,0x00CB50,0x112,0x00CC62,0x02EE,36,FF,B9,OK
0x42EC,0x1AEC,0A,40,2,0x00CB50,0x113,0x00CC63,0x02ED,36,E7,A0,OK
0x42EB,0x1AEB,0A,40,2,0x00CB50,0x114,0x00CC64,0x02EC,36,C3,7B,OK
0x42EA,0x1AEA,0A,40,2,0x00CB50,0x115,0x00CC65,0x02EB,36,80,37,OK
0x42E9,0x1AE9,0A,40,2,0x00CB50,0x116,0x00CC66,0x02EA,36,80,36,OK
0x42E8,0x1AE8,0A,40,2,0x00CB50,0x117,0x00CC67,0x02E9,36,E0,95,OK
0x42E7,0x1AE7,0A,40,2,0x00CB50,0x118,0x00CC68,0x02E8,36,F0,A4,OK
0x42E6,0x1AE6,0A,40,2,0x00CB50,0x119,0x00CC69,0x02E7,36,F8,AB,OK
0x42E5,0x1AE5,0A,40,2,0x00CB50,0x11A,0x00CC6A,0x02E6,36,FE,B0,OK
0x42E4,0x1AE4,0A,40,2,0x00CB50,0x11B,0x00CC6B,0x02E5,36,78,29,OK
0x42E3,0x1AE3,0A,40,2,0x00CB50,0x11C,0x00CC6C,0x02E4,36,00,B0,OK
0x42E2,0x1AE2,0A,40,2,0x00CB50,0x11D,0x00CC6D,0x02E3,36,FF,AE,OK
0x42E1,0x1AE1,0A,40,2,0x00CB50,0x11E,0x00CC6E,0x02E2,36,FF,AD,OK
0x42E0,0x1AE0,0A,40,2,0x00CB50,0x11F,0x00CC6F,0x02E1,36,FF,AC,OK
0x42DF,0x1ADF,0A,40,2,0x00CB50,0x120,0x00CC70,0x02E0,36,00,AC,OK
0x42DE,0x1ADE,0A,40,2,0x00CB50,0x121,0x00CC71,0x02DF,36,38,E3,OK
0x42DD,0x1ADD,0A,40,2,0x00CB50,0x122,0x00CC72,0x02DE,36,7E,28,OK
0x42DC,0x1ADC,0A,40,2,0x00CB50,0x123,0x00CC73,0x02DD,36,FC,A5,OK
0x42DB,0x1ADB,0A,40,2,0x00CB50,0x124,0x00CC74,0x02DC,36,F8,A0,OK
0x42DA,0x1ADA,0A,40,2,0x00CB50,0x125,0x00CC75,0x02DB,36,70,17,OK
0x42D9,0x1AD9,0A,40,2,0x00CB50,0x126,0x00CC76,0x02DA,36,00,A6,OK
0x42D8,0x1AD8,0A,40,2,0x00CB50,0x127,0x00CC77,0x02D9,36,00,A5,OK
0x42D7,0x1AD7,0A,40,2,0x00CB50,0x128,0x00CC78,0x02D8,36,00,A4,OK
0x42D6,0x1AD6,0A,40,2,0x00CB50,0x129,0x00CC79,0x02D7,36,80,23,OK
0x42D5,0x1AD5,0A,40,2,0x00CB50,0x12A,0x00CC7A,0x02D6,36,E1,83,OK
0x42D4,0x1AD4,0A,40,2,0x00CB50,0x12B,0x00CC7B,0x02D5,36,FB,9C,OK
0x42D3,0x1AD3,0A,40,2,0x00CB50,0x12C,0x00CC7C,0x02D4,36,FF,9F,OK
0x42D2,0x1AD2,0A,40,2,0x00CB50,0x12D,0x00CC7D,0x02D3,36,3F,DE,OK
0x42D1,0x1AD1,0A,40,2,0x00CB50,0x12E,0x00CC7E,0x02D2,36,1F,BD,OK
0x42D0,0x1AD0,0A,40,2,0x00CB50,0x12F,0x00CC7F,0x02D1,36,3F,DC,OK
0x42CF,0x1ACF,0A,40,2,0x00CB50,0x130,0x00CC80,0x02D0,36,3F,DB,OK
0x42CE,0x1ACE,0A,40,2,0x00CB50,0x131,0x00CC81,0x02CF,36,3F,DA,OK
0x42CD,0x1ACD,0A,40,2,0x00CB50,0x132,0x00CC82,0x02CE,36,7C,16,OK
0x42CC,0x1ACC,0A,40,2,0x00CB50,0x133,0x00CC83,0x02CD,36,7C,15,OK
0x42CB,0x1ACB,0A,40,2,0x00CB50,0x134,0x00CC84,0x02CC,36,7C,14,OK
0x42CA,0x1ACA,0A,40,2,0x00CB50,0x135,0x00CC85,0x02CB,36,FF,96,OK
0x42C9,0x1AC9,0A,40,2,0x00CB50,0x136,0x00CC86,0x02CA,36,FF,95,OK
0x42C8,0x1AC8,0A,40,2,0x00CB50,0x137,0x00CC87,0x02C9,36,FF,94,OK
0x42C7,0x1AC7,0A,40,2,0x00CB50,0x138,0x00CC88,0x02C8,36,7C,10,OK
0x42C6,0x1AC6,0A,40,2,0x00CB50,0x139,0x00CC89,0x02C7,36,7C,0F,OK
0x42C5,0x1AC5,0A,40,2,0x00CB50,0x13A,0x00CC8A,0x02C6,36,02,94,OK
0x42C4,0x1AC4,0A,40,2,0x00CB50,0x13B,0x00CC8B,0x02C5,36,05,96,OK
0x42C3,0x1AC3,0A,40,2,0x00CB50,0x13C,0x00CC8C,0x02C4,36,7D,0D,OK
0x42C2,0x1AC2,0A,40,2,0x00CB50,0x13D,0x00CC8D,0x02C3,36,7C,0B,OK
0x42C1,0x1AC1,0A,40,2,0x00CB50,0x13E,0x00CC8E,0x02C2,36,7C,0A,OK
0x42C0,0x1AC0,0A,40,2,0x00CB50,0x13F,0x00CC8F,0x02C1,36,00,8D,OK
0x42BF,0x1ABF,0A,40,2,0x00CB50,0x140,0x00CC90,0x02C0,36,3C,C8,OK
0x42BE,0x1ABE,0A,40,2,0x00CB50,0x141,0x00CC91,0x02BF,36,7F,0A,OK
0x42BD,0x1ABD,0A,40,2,0x00CB50,0x142,0x00CC92,0x02BE,36,1F,A9,OK
0x42BC,0x1ABC,0A,40,2,0x00CB50,0x143,0x00CC93,0x02BD,36,FF,88,OK
0x42BB,0x1ABB,0A,40,2,0x00CB50,0x144,0x00CC94,0x02BC,36,F8,80,OK
0x42BA,0x1ABA,0A,40,2,0x00CB50,0x145,0x00CC95,0x02BB,36,00,87,OK
0x42B9,0x1AB9,0A,40,2,0x00CB50,0x146,0x00CC96,0x02BA,36,E0,66,OK
0x42B8,0x1AB8,0A,40,2,0x00CB50,0x147,0x00CC97,0x02B9,36,E0,65,OK
0x42B7,0x1AB7,0A,40,2,0x00CB50,0x148,0x00CC98,0x02B8,36,E0,64,OK
0x42B6,0x1AB6,0A,40,2,0x00CB50,0x149,0x00CC99,0x02B7,36,03,86,OK
0x42B5,0x1AB5,0A,40,2,0x00CB50,0x14A,0x00CC9A,0x02B6,36,05,87,OK
0x42B4,0x1AB4,0A,40,2,0x00CB50,0x14B,0x00CC9B,0x02B5,36,E7,68,OK
0x42B3,0x1AB3,0A,40,2,0x00CB50,0x14C,0x00CC9C,0x02B4,36,E7,67,OK
0x42B2,0x1AB2,0A,40,2,0x00CB50,0x14D,0x00CC9D,0x02B3,36,E7,66,OK
0x42B1,0x1AB1,0A,40,2,0x00CB50,0x14E,0x00CC9E,0x02B2,36,E0,5E,OK
0x42B0,0x1AB0,0A,40,2,0x00CB50,0x14F,0x00CC9F,0x02B1,36,C0,3D,OK
0x42AF,0x1AAF,0A,40,2,0x00CB50,0x150,0x00CCA0,0x02B0,36,E0,5C,OK
0x42AE,0x1AAE,0A,40,2,0x00CB50,0x151,0x00CCA1,0x02AF,36,F0,6B,OK
0x42AD,0x1AAD,0A,40,2,0x00CB50,0x152,0x00CCA2,0x02AE,36,F8,72,OK
0x42AC,0x1AAC,0A,40,2,0x00CB50,0x153,0x00CCA3,0x02AD,36,FC,75,OK
0x42AB,0x1AAB,0A,40,2,0x00CB50,0x154,0x00CCA4,0x02AC,36,70,E8,OK
0x42AA,0x1AAA,0A,40,2,0x00CB50,0x155,0x00CCA5,0x02AB,36,C0,37,OK
0x42A9,0x1AA9,0A,40,2,0x00CB50,0x156,0x00CCA6,0x02AA,36,C0,36,OK
0x42A8,0x1AA8,0A,40,2,0x00CB50,0x157,0x00CCA7,0x02A9,36,02,77,OK
0x42A7,0x1AA7,0A,40,2,0x00CB50,0x158,0x00CCA8,0x02A8,36,05,79,OK
0x42A6,0x1AA6,0A,40,2,0x00CB50,0x159,0x00CCA9,0x02A7,36,FF,72,OK
0x42A5,0x1AA5,0A,40,2,0x00CB50,0x15A,0x00CCAA,0x02A6,36,FF,71,OK
0x42A4,0x1AA4,0A,40,2,0x00CB50,0x15B,0x00CCAB,0x02A5,36,C0,31,OK
0x42A3,0x1AA3,0A,40,2,0x00CB50,0x15C,0x00CCAC,0x02A4,36,C1,31,OK
0x42A2,0x1AA2,0A,40,2,0x00CB50,0x15D,0x00CCAD,0x02A3,36,FF,6E,OK
0x42A1,0x1AA1,0A,40,2,0x00CB50,0x15E,0x00CCAE,0x02A2,36,FF,6D,OK
0x42A0,0x1AA0,0A,40,2,0x00CB50,0x15F,0x00CCAF,0x02A1,36,C1,2E,OK
0x429F,0x1A9F,0A,40,2,0x00CB50,0x160,0x00CCB0,0x02A0,36,C1,2D,OK
0x429E,0x1A9E,0A,40,2,0x00CB50,0x161,0x00CCB1,0x029F,36,FF,6A,OK
0x429D,0x1A9D,0A,40,2,0x00CB50,0x162,0x00CCB2,0x029E,36,FF,69,OK
0x429C,0x1A9C,0A,40,2,0x00CB50,0x163,0x00CCB3,0x029D,36,C1,2A,OK
0x429B,0x1A9B,0A,40,2,0x00CB50,0x164,0x00CCB4,0x029C,36,C1,29,OK
0x429A,0x1A9A,0A,40,2,0x00CB50,0x165,0x00CCB5,0x029B,36,FF,66,OK
0x4299,0x1A99,0A,40,2,0x00CB50,0x166,0x00CCB6,0x029A,36,FF,65,OK
0x4298,0x1A98,0A,40,2,0x00CB50,0x167,0x00CCB7,0x0299,36,CF,34,OK
0x4297,0x1A97,0A,40,2,0x00CB50,0x168,0x00CCB8,0x0298,36,F7,5B,OK
0x4296,0x1A96,0A,40,2,0x00CB50,0x169,0x00CCB9,0x0297,36,E3,46,OK
0x4295,0x1A95,0A,40,2,0x00CB50,0x16A,0x00CCBA,0x0296,36,C1,23,OK
0x4294,0x1A94,0A,40,2,0x00CB50,0x16B,0x00CCBB,0x0295,36,80,E1,OK
0x4293,0x1A93,0A,40,2,0x00CB50,0x16C,0x00CCBC,0x0294,36,00,60,OK
0x4292,0x1A92,0A,40,2,0x00CB50,0x16D,0x00CCBD,0x0293,36,03,62,OK
0x4291,0x1A91,0A,40,2,0x00CB50,0x16E,0x00CCBE,0x0292,36,03,61,OK
0x4290,0x1A90,0A,40,2,0x00CB50,0x16F,0x00CCBF,0x0291,36,02,5F,OK
0x428F,0x1A8F,0A,40,2,0x00CB50,0x170,0x00CCC0,0x0290,36,05,61,OK
0x428E,0x1A8E,0A,40,2,0x00CB50,0x171,0x00CCC1,0x028F,36,FF,5A,OK
0x428D,0x1A8D,0A,40,2,0x00CB50,0x172,0x00CCC2,0x028E,36,FF,59,OK
0x428C,0x1A8C,0A,40,2,0x00CB50,0x173,0x00CCC3,0x028D,36,03,5C,OK
0x428B,0x1A8B,0A,40,2,0x00CB50,0x174,0x00CCC4,0x028C,36,83,DB,OK
0x428A,0x1A8A,0A,40,2,0x00CB50,0x175,0x00CCC5,0x028B,36,FF,56,OK
0x4289,0x1A89,0A,40,2,0x00CB50,0x176,0x00CCC6,0x028A,36,FF,55,OK
0x4288,0x1A88,0A,40,2,0x00CB50,0x177,0x00CCC7,0x0289,36,83,D8,OK
0x4287,0x1A87,0A,40,2,0x00CB50,0x178,0x00CCC8,0x0288,36,83,D7,OK
0x4286,0x1A86,0A,40,2,0x00CB50,0x179,0x00CCC9,0x0287,36,FF,52,OK
0x4285,0x1A85,0A,40,2,0x00CB50,0x17A,0x00CCCA,0x0286,36,FF,51,OK
0x4284,0x1A84,0A,40,2,0x00CB50,0x17B,0x00CCCB,0x0285,36,83,D4,OK
0x4283,0x1A83,0A,40,2,0x00CB50,0x17C,0x00CCCC,0x0284,36,83,D3,OK
0x4282,0x1A82,0A,40,2,0x00CB50,0x17D,0x00CCCD,0x0283,36,FF,4E,OK
0x4281,0x1A81,0A,40,2,0x00CB50,0x17E,0x00CCCE,0x0282,36,FF,4D,OK
0x4280,0x1A80,0A,40,2,0x00CB50,0x17F,0x00CCCF,0x0281,36,E1,2E,OK
0x427F,0x1A7F,0A,40,2,0x00CB50,0x180,0x00CCD0,0x0280,36,F3,3F,OK
0x427E,0x1A7E,0A,40,2,0x00CB50,0x181,0x00CCD1,0x027F,36,E7,32,OK
0x427D,0x1A7D,0A,40,2,0x00CB50,0x182,0x00CCD2,0x027E,36,CF,19,OK
0x427C,0x1A7C,0A,40,2,0x00CB50,0x183,0x00CCD3,0x027D,36,9F,E8,OK
0x427B,0x1A7B,0A,40,2,0x00CB50,0x184,0x00CCD4,0x027C,36,07,4F,OK
0x427A,0x1A7A,0A,40,2,0x00CB50,0x185,0x00CCD5,0x027B,36,00,47,OK
0x4279,0x1A79,0A,40,2,0x00CB50,0x186,0x00CCD6,0x027A,36,00,46,OK
0x4278,0x1A78,0A,40,2,0x00CB50,0x187,0x00CCD7,0x0279,36,02,47,OK
0x4277,0x1A77,0A,40,2,0x00CB50,0x188,0x00CCD8,0x0278,36,05,49,OK
0x4276,0x1A76,0A,40,2,0x00CB50,0x189,0x00CCD9,0x0277,36,3F,82,OK
0x4275,0x1A75,0A,40,2,0x00CB50,0x18A,0x00CCDA,0x0276,36,3F,81,OK
0x4274,0x1A74,0A,40,2,0x00CB50,0x18B,0x00CCDB,0x0275,36,00,41,OK
0x4273,0x1A73,0A,40,2,0x00CB50,0x18C,0x00CCDC,0x0274,36,07,47,OK
0x4272,0x1A72,0A,40,2,0x00CB50,0x18D,0x00CCDD,0x0273,36,07,46,OK
0x4271,0x1A71,0A,40,2,0x00CB50,0x18E,0x00CCDE,0x0272,36,07,45,OK
0x4270,0x1A70,0A,40,2,0x00CB50,0x18F,0x00CCDF,0x0271,36,05,42,OK
0x426F,0x1A6F,0A,40,2,0x00CB50,0x190,0x00CCE0,0x0270,36,05,41,OK
0x426E,0x1A6E,0A,40,2,0x00CB50,0x191,0x00CCE1,0x026F,36,01,3C,OK
0x426D,0x1A6D,0A,40,2,0x00CB50,0x192,0x00CCE2,0x026E,36,03,3D,OK
0x426C,0x1A6C,0A,40,2,0x00CB50,0x193,0x00CCE3,0x026D,36,07,40,OK
0x426B,0x1A6B,0A,40,2,0x00CB50,0x194,0x00CCE4,0x026C,36,0F,47,OK
0x426A,0x1A6A,0A,40,2,0x00CB50,0x195,0x00CCE5,0x026B,36,03,3A,OK
0x4269,0x1A69,0A,40,2,0x00CB50,0x196,0x00CCE6,0x026A,36,00,36,OK
0x4268,0x1A68,0A,40,2,0x00CB50,0x197,0x00CCE7,0x0269,36,E0,15,OK
0x4267,0x1A67,0A,40,2,0x00CB50,0x198,0x00CCE8,0x0268,36,F8,2C,OK
0x4266,0x1A66,0A,40,2,0x00CB50,0x199,0x00CCE9,0x0267,36,FC,2F,OK
0x4265,0x1A65,0A,40,2,0x00CB50,0x19A,0x00CCEA,0x0266,36,7C,AE,OK
0x4264,0x1A64,0A,40,2,0x00CB50,0x19B,0x00CCEB,0x0265,36,3E,6F,OK
0x4263,0x1A63,0A,40,2,0x00CB50,0x19C,0x00CCEC,0x0264,36,3E,6E,OK
0x4262,0x1A62,0A,40,2,0x00CB50,0x19D,0x00CCED,0x0263,36,3E,6D,OK
0x4261,0x1A61,0A,40,2,0x00CB50,0x19E,0x00CCEE,0x0262,36,1F,4D,OK
0x4260,0x1A60,0A,40,2,0x00CB50,0x19F,0x00CCEF,0x0261,36,1F,4C,OK
0x425F,0x1A5F,0A,40,2,0x00CB50,0x1A0,0x00CCF0,0x0260,36,06,32,OK
0x425E,0x1A5E,0A,40,2,0x00CB50,0x1A1,0x00CCF1,0x025F,36,05,30,OK
0x425D,0x1A5D,0A,40,2,0x00CB50,0x1A2,0x00CCF2,0x025E,36,FF,29,OK
0x425C,0x1A5C,0A,40,2,0x00CB50,0x1A3,0x00CCF3,0x025D,36,FF,28,OK
0x425B,0x1A5B,0A,40,2,0x00CB50,0x1A4,0x00CCF4,0x025C,36,FF,27,OK
0x425A,0x1A5A,0A,40,2,0x00CB50,0x1A5,0x00CCF5,0x025B,36,00,27,OK
0x4259,0x1A59,0A,40,2,0x00CB50,0x1A6,0x00CCF6,0x025A,36,00,26,OK
0x4258,0x1A58,0A,40,2,0x00CB50,0x1A7,0x00CCF7,0x0259,36,3F,64,OK
0x4257,0x1A57,0A,40,2,0x00CB50,0x1A8,0x00CCF8,0x0258,36,7F,A3,OK
0x4256,0x1A56,0A,40,2,0x00CB50,0x1A9,0x00CCF9,0x0257,36,FF,22,OK
0x4255,0x1A55,0A,40,2,0x00CB50,0x1AA,0x00CCFA,0x0256,36,00,22,OK
0x4254,0x1A54,0A,40,2,0x00CB50,0x1AB,0x00CCFB,0x0255,36,00,21,OK
0x4253,0x1A53,0A,40,2,0x00CB50,0x1AC,0x00CCFC,0x0254,36,08,28,OK
0x4252,0x1A52,0A,40,2,0x00CB50,0x1AD,0x00CCFD,0x0253,36,05,24,OK
0x4251,0x1A51,0A,40,2,0x00CB50,0x1AE,0x00CCFE,0x0252,36,FF,1D,OK
0x4250,0x1A50,0A,40,2,0x00CB50,0x1AF,0x00CCFF,0x0251,36,FF,1C,OK
0x424F,0x1A4F,0A,40,2,0x00CB50,0x1B0,0x00CD00,0x0250,36,FF,1B,OK
0x424E,0x1A4E,0A,40,2,0x00CB50,0x1B1,0x00CD01,0x024F,36,00,1B,OK
0x424D,0x1A4D,0A,40,2,0x00CB50,0x1B2,0x00CD02,0x024E,36,00,1A,OK
0x424C,0x1A4C,0A,40,2,0x00CB50,0x1B3,0x00CD03,0x024D,36,60,79,OK
0x424B,0x1A4B,0A,40,2,0x00CB50,0x1B4,0x00CD04,0x024C,36,78,90,OK
0x424A,0x1A4A,0A,40,2,0x00CB50,0x1B5,0x00CD05,0x024B,36,FC,13,OK
0x4249,0x1A49,0A,40,2,0x00CB50,0x1B6,0x00CD06,0x024A,36,F8,0E,OK
0x4248,0x1A48,0A,40,2,0x00CB50,0x1B7,0x00CD07,0x0249,36,F0,05,OK
0x4247,0x1A47,0A,40,2,0x00CB50,0x1B8,0x00CD08,0x0248,36,F0,04,OK
0x4246,0x1A46,0A,40,2,0x00CB50,0x1B9,0x00CD09,0x0247,36,E0,F3,OK
0x4245,0x1A45,0A,40,2,0x00CB50,0x1BA,0x00CD0A,0x0246,36,C0,D2,OK
0x4244,0x1A44,0A,40,2,0x00CB50,0x1BB,0x00CD0B,0x0245,36,80,91,OK
0x4243,0x1A43,0A,40,2,0x00CB50,0x1BC,0x00CD0C,0x0244,36,00,10,OK
0x4242,0x1A42,0A,40,2,0x00CB50,0x1BD,0x00CD0D,0x0243,36,00,0F,OK
0x4241,0x1A41,0A,40,2,0x00CB50,0x1BE,0x00CD0E,0x0242,36,02,10,OK
0x4240,0x1A40,0A,40,2,0x00CB50,0x1BF,0x00CD0F,0x0241,36,05,12,OK
0x423F,0x1A3F,0A,40,2,0x00CB50,0x1C0,0x00CD10,0x0240,36,80,8C,OK
0x423E,0x1A3E,0A,40,2,0x00CB50,0x1C1,0x00CD11,0x023F,36,F0,FB,OK
0x423D,0x1A3D,0A,40,2,0x00CB50,0x1C2,0x00CD12,0x023E,36,E0,EA,OK
0x423C,0x1A3C,0A,40,2,0x00CB50,0x1C3,0x00CD13,0x023D,36,C0,C9,OK
0x423B,0x1A3B,0A,40,2,0x00CB50,0x1C4,0x00CD14,0x023C,36,00,08,OK
0x423A,0x1A3A,0A,40,2,0x00CB50,0x1C5,0x00CD15,0x023B,36,00,07,OK
0x4239,0x1A39,0A,40,2,0x00CB50,0x1C6,0x00CD16,0x023A,36,FF,05,OK
0x4238,0x1A38,0A,40,2,0x00CB50,0x1C7,0x00CD17,0x0239,36,FF,04,OK
0x4237,0x1A37,0A,40,2,0x00CB50,0x1C8,0x00CD18,0x0238,36,FF,03,OK
0x4236,0x1A36,0A,40,2,0x00CB50,0x1C9,0x00CD19,0x0237,36,00,03,OK
0x4235,0x1A35,0A,40,2,0x00CB50,0x1CA,0x00CD1A,0x0236,36,00,02,OK
0x4234,0x1A34,0A,40,2,0x00CB50,0x1CB,0x00CD1B,0x0235,36,00,01,OK
0x4233,0x1A33,0A,40,2,0x00CB50,0x1CC,0x00CD1C,0x0234,36,00,00,OK
0x4232,0x1A32,0A,40,2,0x00CB50,0x1CD,0x00CD1D,0x0233,36,80,7F,OK
0x4231,0x1A31,0A,40,2,0x00CB50,0x1CE,0x00CD1E,0x0232,36,FF,FD,OK
0x4230,0x1A30,0A,40,2,0x00CB50,0x1CF,0x00CD1F,0x0231,36,FF,FC,OK
0x422F,0x1A2F,0A,40,2,0x00CB50,0x1D0,0x00CD20,0x0230,36,3F,3B,OK
0x422E,0x1A2E,0A,40,2,0x00CB50,0x1D1,0x00CD21,0x022F,36,07,02,OK
0x422D,0x1A2D,0A,40,2,0x00CB50,0x1D2,0x00CD22,0x022E,36,0F,09,OK
0x422C,0x1A2C,0A,40,2,0x00CB50,0x1D3,0x00CD23,0x022D,36,CF,C8,OK
0x422B,0x1A2B,0A,40,2,0x00CB50,0x1D4,0x00CD24,0x022C,36,E3,DB,OK
0x422A,0x1A2A,0A,40,2,0x00CB50,0x1D5,0x00CD25,0x022B,36,F8,EF,OK
0x4229,0x1A29,0A,40,2,0x00CB50,0x1D6,0x00CD26,0x022A,36,FC,F2,OK
0x4228,0x1A28,0A,40,2,0x00CB50,0x1D7,0x00CD27,0x0229,36,7F,74,OK
0x4227,0x1A27,0A,40,2,0x00CB50,0x1D8,0x00CD28,0x0228,36,1F,13,OK
0x4226,0x1A26,0A,40,2,0x00CB50,0x1D9,0x00CD29,0x0227,36,0F,02,OK
0x4225,0x1A25,0A,40,2,0x00CB50,0x1DA,0x00CD2A,0x0226,36,07,F9,OK
0x4224,0x1A24,0A,40,2,0x00CB50,0x1DB,0x00CD2B,0x0225,36,01,F2,OK
0x4223,0x1A23,0A,40,2,0x00CB50,0x1DC,0x00CD2C,0x0224,36,00,F0,OK
0x4222,0x1A22,0A,40,2,0x00CB50,0x1DD,0x00CD2D,0x0223,36,80,6F,OK
0x4221,0x1A21,0A,40,2,0x00CB50,0x1DE,0x00CD2E,0x0222,36,C0,AE,OK
0x4220,0x1A20,0A,40,2,0x00CB50,0x1DF,0x00CD2F,0x0221,36,E0,CD,OK
0x421F,0x1A1F,0A,40,2,0x00CB50,0x1E0,0x00CD30,0x0220,36,F8,E4,OK
0x421E,0x1A1E,0A,40,2,0x00CB50,0x1E1,0x00CD31,0x021F,36,F0,DB,OK
0x421D,0x1A1D,0A,40,2,0x00CB50,0x1E2,0x00CD32,0x021E,36,C0,AA,OK
0x421C,0x1A1C,0A,40,2,0x00CB50,0x1E3,0x00CD33,0x021D,36,00,E9,OK
0x421B,0x1A1B,0A,40,2,0x00CB50,0x1E4,0x00CD34,0x021C,36,00,E8,OK
0x421A,0x1A1A,0A,40,2,0x00CB50,0x1E5,0x00CD35,0x021B,36,FF,E6,OK
0x4219,0x1A19,0A,40,2,0x00CB50,0x1E6,0x00CD36,0x021A,36,FF,E5,OK
0x4218,0x1A18,0A,40,2,0x00CB50,0x1E7,0x00CD37,0x0219,36,FF,E4,OK
0x4217,0x1A17,0A,40,2,0x00CB50,0x1E8,0x00CD38,0x0218,36,F8,DC,OK
0x4216,0x1A16,0A,40,2,0x00CB50,0x1E9,0x00CD39,0x0217,36,7E,61,OK
0x4215,0x1A15,0A,40,2,0x00CB50,0x1EA,0x00CD3A,0x0216,36,3F,21,OK
0x4214,0x1A14,0A,40,2,0x00CB50,0x1EB,0x00CD3B,0x0215,36,0F,F0,OK
0x4213,0x1A13,0A,40,2,0x00CB50,0x1EC,0x00CD3C,0x0214,36,07,E7,OK
0x4212,0x1A12,0A,40,2,0x00CB50,0x1ED,0x00CD3D,0x0213,36,0F,EE,OK
0x4211,0x1A11,0A,40,2,0x00CB50,0x1EE,0x00CD3E,0x0212,36,3F,1D,OK
0x4210,0x1A10,0A,40,2,0x00CB50,0x1EF,0x00CD3F,0x0211,36,FE,DB,OK
0x420F,0x1A0F,0A,40,2,0x00CB50,0x1F0,0x00CD40,0x0210,36,F8,D4,OK
0x420E,0x1A0E,0A,40,2,0x00CB50,0x1F1,0x00CD41,0x020F,36,F0,CB,OK
0x420D,0x1A0D,0A,40,2,0x00CB50,0x1F2,0x00CD42,0x020E,36,F8,D2,OK
0x420C,0x1A0C,0A,40,2,0x00CB50,0x1F3,0x00CD43,0x020D,36,7C,55,OK
0x420B,0x1A0B,0A,40,2,0x00CB50,0x1F4,0x00CD44,0x020C,36,3F,17,OK
0x420A,0x1A0A,0A,40,2,0x00CB50,0x1F5,0x00CD45,0x020B,36,1F,F6,OK
0x4209,0x1A09,0A,40,2,0x00CB50,0x1F6,0x00CD46,0x020A,36,0F,E5,OK
0x4208,0x1A08,0A,40,2,0x00CB50,0x1F7,0x00CD47,0x0209,36,07,DC,OK
0x4207,0x1A07,0A,40,2,0x00CB50,0x1F8,0x00CD48,0x0208,36,03,D7,OK
0x4206,0x1A06,0A,40,2,0x00CB50,0x1F9,0x00CD49,0x0207,36,01,D4,OK
0x4205,0x1A05,0A,40,2,0x00CB50,0x1FA,0x00CD4A,0x0206,36,00,D2,OK
0x4204,0x1A04,0A,40,2,0x00CB50,0x1FB,0x00CD4B,0x0205,36,00,D1,OK
0x4203,0x1A03,0A,40,2,0x00CB50,0x1FC,0x00CD4C,0x0204,36,1F,EF,OK
0x4202,0x1A02,0A,40,2,0x00CB50,0x1FD,0x00CD4D,0x0203,36,3F,0E,OK
0x4201,0x1A01,0A,40,2,0x00CB50,0x1FE,0x00CD4E,0x0202,36,3F,0D,OK
0x4200,0x1A00,0A,40,2,0x00CB50,0x1FF,0x00CD4F,0x0201,36,07,D4,OK
0x41FF,0x19FF,0A,40,2,0x00CB50,0x200,0x00CD50,0x0200,36,01,CD,OK
0x41FE,0x19FE,0A,40,2,0x00CB50,0x201,0x00CD51,0x01FF,36,00,CA,OK
0x41FD,0x19FD,0A,40,2,0x00CB50,0x202,0x00CD52,0x01FE,36,00,C9,OK
0x41FC,0x19FC,0A,40,2,0x00CB50,0x203,0x00CD53,0x01FD,36,00,C8,OK
0x41FB,0x19FB,0A,40,2,0x00CB50,0x204,0x00CD54,0x01FC,36,03,CA,OK
0x41FA,0x19FA,0A,40,2,0x00CB50,0x205,0x00CD55,0x01FB,36,05,CB,OK
0x41F9,0x19F9,0A,40,2,0x00CB50,0x206,0x00CD56,0x01FA,36,03,C8,OK
0x41F8,0x19F8,0A,40,2,0x00CB50,0x207,0x00CD57,0x01F9,36,1F,E3,OK
0x41F7,0x19F7,0A,40,2,0x00CB50,0x208,0x00CD58,0x01F8,36,1F,E2,OK
0x41F6,0x19F6,0A,40,2,0x00CB50,0x209,0x00CD59,0x01F7,36,0E,D0,OK
0x41F5,0x19F5,0A,40,2,0x00CB50,0x20A,0x00CD5A,0x01F6,36,00,C1,OK
0x41F4,0x19F4,0A,40,2,0x00CB50,0x20B,0x00CD5B,0x01F5,36,00,C0,OK
0x41F3,0x19F3,0A,40,2,0x00CB50,0x20C,0x00CD5C,0x01F4,36,00,BF,OK
0x41F2,0x19F2,0A,40,2,0x00CB50,0x20D,0x00CD5D,0x01F3,36,03,C1,OK
0x41F1,0x19F1,0A,40,2,0x00CB50,0x20E,0x00CD5E,0x01F2,36,05,C2,OK
0x41F0,0x19F0,0A,40,2,0x00CB50,0x20F,0x00CD5F,0x01F1,36,00,BC,OK
0x41EF,0x19EF,0A,40,2,0x00CB50,0x210,0x00CD60,0x01F0,36,00,BB,OK
0x41EE,0x19EE,0A,40,2,0x00CB50,0x211,0x00CD61,0x01EF,36,03,BD,OK
0x41ED,0x19ED,0A,40,2,0x00CB50,0x212,0x00CD62,0x01EE,36,05,BE,OK
0x41EC,0x19EC,0A,40,2,0x00CB50,0x213,0x00CD63,0x01ED,36,7C,34,OK
0x41EB,0x19EB,0A,40,2,0x00CB50,0x214,0x00CD64,0x01EC,36,7C,33,OK
0x41EA,0x19EA,0A,40,2,0x00CB50,0x215,0x00CD65,0x01EB,36,02,B8,OK
0x41E9,0x19E9,0A,40,2,0x00CB50,0x216,0x00CD66,0x01EA,36,05,BA,OK
0x41E8,0x19E8,0A,40,2,0x00CB50,0x217,0x00CD67,0x01E9,36,FC,B0,OK
0x41E7,0x19E7,0A,40,2,0x00CB50,0x218,0x00CD68,0x01E8,36,FC,AF,OK
0x41E6,0x19E6,0A,40,2,0x00CB50,0x219,0x00CD69,0x01E7,36,00,B2,OK
0x41E5,0x19E5,0A,40,2,0x00CB50,0x21A,0x00CD6A,0x01E6,36,C0,71,OK
0x41E4,0x19E4,0A,40,2,0x00CB50,0x21B,0x00CD6B,0x01E5,36,C0,70,OK
0x41E3,0x19E3,0A,40,2,0x00CB50,0x21C,0x00CD6C,0x01E4,36,03,B2,OK
0x41E2,0x19E2,0A,40,2,0x00CB50,0x21D,0x00CD6D,0x01E3,36,05,B3,OK
0x41E1,0x19E1,0A,40,2,0x00CB50,0x21E,0x00CD6E,0x01E2,36,00,AD,OK
0x41E0,0x19E0,0A,40,2,0x00CB50,0x21F,0x00CD6F,0x01E1,36,FE,AA,OK
0x41DF,0x19DF,0A,40,2,0x00CB50,0x220,0x00CD70,0x01E0,36,FE,A9,OK
0x41DE,0x19DE,0A,40,2,0x00CB50,0x221,0x00CD71,0x01DF,36,00,AA,OK
0x41DD,0x19DD,0A,40,2,0x00CB50,0x222,0x00CD72,0x01DE,36,00,A9,OK
0x41DC,0x19DC,0A,40,2,0x00CB50,0x223,0x00CD73,0x01DD,36,00,A8,OK
0x41DB,0x19DB,0A,40,2,0x00CB50,0x224,0x00CD74,0x01DC,36,00,A7,OK
0x41DA,0x19DA,0A,40,2,0x00CB50,0x225,0x00CD75,0x01DB,36,02,A8,OK
0x41D9,0x19D9,0A,40,2,0x00CB50,0x226,0x00CD76,0x01DA,36,05,AA,OK
0x41D8,0x19D8,0A,40,2,0x00CB50,0x227,0x00CD77,0x01D9,36,C0,64,OK
0x41D7,0x19D7,0A,40,2,0x00CB50,0x228,0x00CD78,0x01D8,36,F0,93,OK
0x41D6,0x19D6,0A,40,2,0x00CB50,0x229,0x00CD79,0x01D7,36,FC,9E,OK
0x41D5,0x19D5,0A,40,2,0x00CB50,0x22A,0x00CD7A,0x01D6,36,FE,9F,OK
0x41D4,0x19D4,0A,40,2,0x00CB50,0x22B,0x00CD7B,0x01D5,36,FE,9E,OK
0x41D3,0x19D3,0A,40,2,0x00CB50,0x22C,0x00CD7C,0x01D4,36,00,9F,OK
0x41D2,0x19D2,0A,40,2,0x00CB50,0x22D,0x00CD7D,0x01D3,36,FF,9D,OK
0x41D1,0x19D1,0A,40,2,0x00CB50,0x22E,0x00CD7E,0x01D2,36,FF,9C,OK
0x41D0,0x19D0,0A,40,2,0x00CB50,0x22F,0x00CD7F,0x01D1,36,00,9C,OK
0x41CF,0x19CF,0A,40,2,0x00CB50,0x230,0x00CD80,0x01D0,36,FF,9A,OK
0x41CE,0x19CE,0A,40,2,0x00CB50,0x231,0x00CD81,0x01CF,36,FF,99,OK
0x41CD,0x19CD,0A,40,2,0x00CB50,0x232,0x00CD82,0x01CE,36,03,9C,OK
0x41CC,0x19CC,0A,40,2,0x00CB50,0x233,0x00CD83,0x01CD,36,03,9B,OK
0x41CB,0x19CB,0A,40,2,0x00CB50,0x234,0x00CD84,0x01CC,36,FF,96,OK
0x41CA,0x19CA,0A,40,2,0x00CB50,0x235,0x00CD85,0x01CB,36,FF,95,OK
0x41C9,0x19C9,0A,40,2,0x00CB50,0x236,0x00CD86,0x01CA,36,C0,55,OK
0x41C8,0x19C8,0A,40,2,0x00CB50,0x237,0x00CD87,0x01C9,36,FF,93,OK
0x41C7,0x19C7,0A,40,2,0x00CB50,0x238,0x00CD88,0x01C8,36,FF,92,OK
0x41C6,0x19C6,0A,40,2,0x00CB50,0x239,0x00CD89,0x01C7,36,C0,52,OK
0x41C5,0x19C5,0A,40,2,0x00CB50,0x23A,0x00CD8A,0x01C6,36,C0,51,OK
0x41C4,0x19C4,0A,40,2,0x00CB50,0x23B,0x00CD8B,0x01C5,36,00,90,OK
0x41C3,0x19C3,0A,40,2,0x00CB50,0x23C,0x00CD8C,0x01C4,36,80,0F,OK
0x41C2,0x19C2,0A,40,2,0x00CB50,0x23D,0x00CD8D,0x01C3,36,F8,86,OK
0x41C1,0x19C1,0A,40,2,0x00CB50,0x23E,0x00CD8E,0x01C2,36,FF,8C,OK
0x41C0,0x19C0,0A,40,2,0x00CB50,0x23F,0x00CD8F,0x01C1,36,7F,0B,OK
0x41BF,0x19BF,0A,40,2,0x00CB50,0x240,0x00CD90,0x01C0,36,0F,9A,OK
0x41BE,0x19BE,0A,40,2,0x00CB50,0x241,0x00CD91,0x01BF,36,01,8B,OK
0x41BD,0x19BD,0A,40,2,0x00CB50,0x242,0x00CD92,0x01BE,36,FF,88,OK
0x41BC,0x19BC,0A,40,2,0x00CB50,0x243,0x00CD93,0x01BD,36,FF,87,OK
0x41BB,0x19BB,0A,40,2,0x00CB50,0x244,0x00CD94,0x01BC,36,00,87,OK
0x41BA,0x19BA,0A,40,2,0x00CB50,0x245,0x00CD95,0x01BB,36,FF,85,OK
0x41B9,0x19B9,0A,40,2,0x00CB50,0x246,0x00CD96,0x01BA,36,FF,84,OK
0x41B8,0x19B8,0A,40,2,0x00CB50,0x247,0x00CD97,0x01B9,36,00,84,OK
0x41B7,0x19B7,0A,40,2,0x00CB50,0x248,0x00CD98,0x01B8,36,FF,82,OK
0x41B6,0x19B6,0A,40,2,0x00CB50,0x249,0x00CD99,0x01B7,36,FF,81,OK
0x41B5,0x19B5,0A,40,2,0x00CB50,0x24A,0x00CD9A,0x01B6,36,1E,9F,OK
0x41B4,0x19B4,0A,40,2,0x00CB50,0x24B,0x00CD9B,0x01B5,36,1E,9E,OK
0x41B3,0x19B3,0A,40,2,0x00CB50,0x24C,0x00CD9C,0x01B4,36,FF,7E,OK
0x41B2,0x19B2,0A,40,2,0x00CB50,0x24D,0x00CD9D,0x01B3,36,FF,7D,OK
0x41B1,0x19B1,0A,40,2,0x00CB50,0x24E,0x00CD9E,0x01B2,36,07,84,OK
0x41B0,0x19B0,0A,40,2,0x00CB50,0x24F,0x00CD9F,0x01B1,36,FF,7B,OK
0x41AF,0x19AF,0A,40,2,0x00CB50,0x250,0x00CDA0,0x01B0,36,FF,7A,OK
0x41AE,0x19AE,0A,40,2,0x00CB50,0x251,0x00CDA1,0x01AF,36,07,81,OK
0x41AD,0x19AD,0A,40,2,0x00CB50,0x252,0x00CDA2,0x01AE,36,07,80,OK
0x41AC,0x19AC,0A,40,2,0x00CB50,0x253,0x00CDA3,0x01AD,36,F0,68,OK
0x41AB,0x19AB,0A,40,2,0x00CB50,0x254,0x00CDA4,0x01AC,36,FF,76,OK
0x41AA,0x19AA,0A,40,2,0x00CB50,0x255,0x00CDA5,0x01AB,36,FF,75,OK
0x41A9,0x19A9,0A,40,2,0x00CB50,0x256,0x00CDA6,0x01AA,36,1F,94,OK
0x41A8,0x19A8,0A,40,2,0x00CB50,0x257,0x00CDA7,0x01A9,36,3F,B3,OK
0x41A7,0x19A7,0A,40,2,0x00CB50,0x258,0x00CDA8,0x01A8,36,7E,F1,OK
0x41A6,0x19A6,0A,40,2,0x00CB50,0x259,0x00CDA9,0x01A7,36,FC,6E,OK
0x41A5,0x19A5,0A,40,2,0x00CB50,0x25A,0x00CDAA,0x01A6,36,FF,70,OK
0x41A4,0x19A4,0A,40,2,0x00CB50,0x25B,0x00CDAB,0x01A5,36,FF,6F,OK
0x41A3,0x19A3,0A,40,2,0x00CB50,0x25C,0x00CDAC,0x01A4,36,3F,AE,OK
0x41A2,0x19A2,0A,40,2,0x00CB50,0x25D,0x00CDAD,0x01A3,36,FF,6D,OK
0x41A1,0x19A1,0A,40,2,0x00CB50,0x25E,0x00CDAE,0x01A2,36,FF,6C,OK
0x41A0,0x19A0,0A,40,2,0x00CB50,0x25F,0x00CDAF,0x01A1,36,00,6C,OK
0x419F,0x199F,0A,40,2,0x00CB50,0x260,0x00CDB0,0x01A0,36,FF,6A,OK
0x419E,0x199E,0A,40,2,0x00CB50,0x261,0x00CDB1,0x019F,36,FF,69,OK
0x419D,0x199D,0A,40,2,0x00CB50,0x262,0x00CDB2,0x019E,36,E0,49,OK
0x419C,0x199C,0A,40,2,0x00CB50,0x263,0x00CDB3,0x019D,36,E0,48,OK
0x419B,0x199B,0A,40,2,0x00CB50,0x264,0x00CDB4,0x019C,36,FF,66,OK
0x419A,0x199A,0A,40,2,0x00CB50,0x265,0x00CDB5,0x019B,36,FF,65,OK
0x4199,0x1999,0A,40,2,0x00CB50,0x266,0x00CDB6,0x019A,36,C0,25,OK
0x4198,0x1998,0A,40,2,0x00CB50,0x267,0x00CDB7,0x0199,36,FF,63,OK
0x4197,0x1997,0A,40,2,0x00CB50,0x268,0x00CDB8,0x0198,36,FF,62,OK
0x4196,0x1996,0A,40,2,0x00CB50,0x269,0x00CDB9,0x0197,36,C0,22,OK
0x4195,0x1995,0A,40,2,0x00CB50,0x26A,0x00CDBA,0x0196,36,C0,21,OK
0x4194,0x1994,0A,40,2,0x00CB50,0x26B,0x00CDBB,0x0195,36,07,67,OK
0x4193,0x1993,0A,40,2,0x00CB50,0x26C,0x00CDBC,0x0194,36,1F,7E,OK
0x4192,0x1992,0A,40,2,0x00CB50,0x26D,0x00CDBD,0x0193,36,00,5E,OK
0x4191,0x1991,0A,40,2,0x00CB50,0x26E,0x00CDBE,0x0192,36,00,5D,OK
0x4190,0x1990,0A,40,2,0x00CB50,0x26F,0x00CDBF,0x0191,36,E0,3C,OK
0x418F,0x198F,0A,40,2,0x00CB50,0x270,0x00CDC0,0x0190,36,FE,59,OK
0x418E,0x198E,0A,40,2,0x00CB50,0x271,0x00CDC1,0x018F,36,3F,99,OK
0x418D,0x198D,0A,40,2,0x00CB50,0x272,0x00CDC2,0x018E,36,07,60,OK
0x418C,0x198C,0A,40,2,0x00CB50,0x273,0x00CDC3,0x018D,36,00,58,OK
0x418B,0x198B,0A,40,2,0x00CB50,0x274,0x00CDC4,0x018C,36,00,57,OK
0x418A,0x198A,0A,40,2,0x00CB50,0x275,0x00CDC5,0x018B,36,FF,55,OK
0x4189,0x1989,0A,40,2,0x00CB50,0x276,0x00CDC6,0x018A,36,FF,54,OK
0x4188,0x1988,0A,40,2,0x00CB50,0x277,0x00CDC7,0x0189,36,00,54,OK
0x4187,0x1987,0A,40,2,0x00CB50,0x278,0x00CDC8,0x0188,36,FF,52,OK
0x4186,0x1986,0A,40,2,0x00CB50,0x279,0x00CDC9,0x0187,36,FF,51,OK
0x4185,0x1985,0A,40,2,0x00CB50,0x27A,0x00CDCA,0x0186,36,01,52,OK
0x4184,0x1984,0A,40,2,0x00CB50,0x27B,0x00CDCB,0x0185,36,01,51,OK
0x4183,0x1983,0A,40,2,0x00CB50,0x27C,0x00CDCC,0x0184,36,FF,4E,OK
0x4182,0x1982,0A,40,2,0x00CB50,0x27D,0x00CDCD,0x0183,36,FF,4D,OK
0x4181,0x1981,0A,40,2,0x00CB50,0x27E,0x00CDCE,0x0182,36,07,54,OK
0x4180,0x1980,0A,40,2,0x00CB50,0x27F,0x00CDCF,0x0181,36,FF,4B,OK
0x417F,0x197F,0A,40,2,0x00CB50,0x280,0x00CDD0,0x0180,36,FF,4A,OK
0x417E,0x197E,0A,40,2,0x00CB50,0x281,0x00CDD1,0x017F,36,07,51,OK
0x417D,0x197D,0A,40,2,0x00CB50,0x282,0x00CDD2,0x017E,36,07,50,OK
0x417C,0x197C,0A,40,2,0x00CB50,0x283,0x00CDD3,0x017D,36,00,48,OK
0x417B,0x197B,0A,40,2,0x00CB50,0x284,0x00CDD4,0x017C,36,00,47,OK
0x417A,0x197A,0A,40,2,0x00CB50,0x285,0x00CDD5,0x017B,36,02,48,OK
0x4179,0x1979,0A,40,2,0x00CB50,0x286,0x00CDD6,0x017A,36,05,4A,OK
0x4178,0x1978,0A,40,2,0x00CB50,0x287,0x00CDD7,0x0179,36,01,45,OK
0x4177,0x1977,0A,40,2,0x00CB50,0x288,0x00CDD8,0x0178,36,03,46,OK
0x4176,0x1976,0A,40,2,0x00CB50,0x289,0x00CDD9,0x0177,36,F8,3A,OK
0x4175,0x1975,0A,40,2,0x00CB50,0x28A,0x00CDDA,0x0176,36,F8,39,OK
0x4174,0x1974,0A,40,2,0x00CB50,0x28B,0x00CDDB,0x0175,36,02,42,OK
0x4173,0x1973,0A,40,2,0x00CB50,0x28C,0x00CDDC,0x0174,36,05,44,OK
0x4172,0x1972,0A,40,2,0x00CB50,0x28D,0x00CDDD,0x0173,36,FF,3D,OK
0x4171,0x1971,0A,40,2,0x00CB50,0x28E,0x00CDDE,0x0172,36,FF,3C,OK
0x4170,0x1970,0A,40,2,0x00CB50,0x28F,0x00CDDF,0x0171,36,00,3C,OK
0x416F,0x196F,0A,40,2,0x00CB50,0x290,0x00CDE0,0x0170,36,0F,4A,OK
0x416E,0x196E,0A,40,2,0x00CB50,0x291,0x00CDE1,0x016F,36,0F,49,OK
0x416D,0x196D,0A,40,2,0x00CB50,0x292,0x00CDE2,0x016E,36,03,3C,OK
0x416C,0x196C,0A,40,2,0x00CB50,0x293,0x00CDE3,0x016D,36,05,3D,OK
0x416B,0x196B,0A,40,2,0x00CB50,0x294,0x00CDE4,0x016C,36,00,37,OK
0x416A,0x196A,0A,40,2,0x00CB50,0x295,0x00CDE5,0x016B,36,FF,35,OK
0x4169,0x1969,0A,40,2,0x00CB50,0x296,0x00CDE6,0x016A,36,FF,34,OK
0x4168,0x1968,0A,40,2,0x00CB50,0x297,0x00CDE7,0x0169,36,00,34,OK
0x4167,0x1967,0A,40,2,0x00CB50,0x298,0x00CDE8,0x0168,36,00,33,OK
0x4166,0x1966,0A,40,2,0x00CB50,0x299,0x00CDE9,0x0167,36,FF,31,OK
0x4165,0x1965,0A,40,2,0x00CB50,0x29A,0x00CDEA,0x0166,36,0D,3E,OK
0x4164,0x1964,0A,40,2,0x00CB50,0x29B,0x00CDEB,0x0165,36,03,33,OK
0x4163,0x1963,0A,40,2,0x00CB50,0x29C,0x00CDEC,0x0164,36,81,B0,OK
0x4162,0x1962,0A,40,2,0x00CB50,0x29D,0x00CDED,0x0163,36,FF,2D,OK
0x4161,0x1961,0A,40,2,0x00CB50,0x29E,0x00CDEE,0x0162,36,20,4D,OK
0x4160,0x1960,0A,40,2,0x00CB50,0x29F,0x00CDEF,0x0161,36,03,2F,OK
0x415F,0x195F,0A,40,2,0x00CB50,0x2A0,0x00CDF0,0x0160,36,1F,4A,OK
0x415E,0x195E,0A,40,2,0x00CB50,0x2A1,0x00CDF1,0x015F,36,00,2A,OK
0x415D,0x195D,0A,40,2,0x00CB50,0x2A2,0x00CDF2,0x015E,36,F0,19,OK
0x415C,0x195C,0A,40,2,0x00CB50,0x2A3,0x00CDF3,0x015D,36,9F,C7,OK
0x415B,0x195B,0A,40,2,0x00CB50,0x2A4,0x00CDF4,0x015C,36,03,2A,OK
0x415A,0x195A,0A,40,2,0x00CB50,0x2A5,0x00CDF5,0x015B,36,00,26,OK
0x4159,0x1959,0A,40,2,0x00CB50,0x2A6,0x00CDF6,0x015A,36,0D,32,OK
0x4158,0x1958,0A,40,2,0x00CB50,0x2A7,0x00CDF7,0x0159,36,03,27,OK
0x4157,0x1957,0A,40,2,0x00CB50,0x2A8,0x00CDF8,0x0158,36,7E,A1,OK
0x4156,0x1956,0A,40,2,0x00CB50,0x2A9,0x00CDF9,0x0157,36,00,22,OK
0x4155,0x1955,0A,40,2,0x00CB50,0x2AA,0x00CDFA,0x0156,36,20,41,OK
0x4154,0x1954,0A,40,2,0x00CB50,0x2AB,0x00CDFB,0x0155,36,03,23,OK
0x4153,0x1953,0A,40,2,0x00CB50,0x2AC,0x00CDFC,0x0154,36,E0,FF,OK
0x4152,0x1952,0A,40,2,0x00CB50,0x2AD,0x00CDFD,0x0153,36,FF,1D,OK
0x4151,0x1951,0A,40,2,0x00CB50,0x2AE,0x00CDFE,0x0152,36,0F,2C,OK
0x4150,0x1950,0A,40,2,0x00CB50,0x2AF,0x00CDFF,0x0151,36,9F,BB,OK
0x414F,0x194F,0A,40,2,0x00CB50,0x2B0,0x00CE00,0x0150,36,03,1E,OK
0x414E,0x194E,0A,40,2,0x00CB50,0x2B1,0x00CE01,0x014F,36,FF,19,OK
0x414D,0x194D,0A,40,2,0x00CB50,0x2B2,0x00CE02,0x014E,36,0D,26,OK
0x414C,0x194C,0A,40,2,0x00CB50,0x2B3,0x00CE03,0x014D,36,03,1B,OK
0x414B,0x194B,0A,40,2,0x00CB50,0x2B4,0x00CE04,0x014C,36,00,17,OK
0x414A,0x194A,0A,40,2,0x00CB50,0x2B5,0x00CE05,0x014B,36,FF,15,OK
0x4149,0x1949,0A,40,2,0x00CB50,0x2B6,0x00CE06,0x014A,36,20,35,OK
0x4148,0x1948,0A,40,2,0x00CB50,0x2B7,0x00CE07,0x0149,36,03,17,OK
0x4147,0x1947,0A,40,2,0x00CB50,0x2B8,0x00CE08,0x0148,36,03,16,OK
0x4146,0x1946,0A,40,2,0x00CB50,0x2B9,0x00CE09,0x0147,36,04,16,OK
0x4145,0x1945,0A,40,2,0x00CB50,0x2BA,0x00CE0A,0x0146,36,00,11,OK
0x4144,0x1944,0A,40,2,0x00CB50,0x2BB,0x00CE0B,0x0145,36,F8,08,OK
0x4143,0x1943,0A,40,2,0x00CB50,0x2BC,0x00CE0C,0x0144,36,FF,0E,OK
0x4142,0x1942,0A,40,2,0x00CB50,0x2BD,0x00CE0D,0x0143,36,15,23,OK
0x4141,0x1941,0A,40,2,0x00CB50,0x2BE,0x00CE0E,0x0142,36,03,10,OK
0x4140,0x1940,0A,40,2,0x00CB50,0x2BF,0x00CE0F,0x0141,36,81,8D,OK
0x413F,0x193F,0A,40,2,0x00CB50,0x2C0,0x00CE10,0x0140,36,89,94,OK
0x413E,0x193E,0A,40,2,0x00CB50,0x2C1,0x00CE11,0x013F,36,03,0D,OK
0x413D,0x193D,0A,40,2,0x00CB50,0x2C2,0x00CE12,0x013E,36,00,09,OK
0x413C,0x193C,0A,40,2,0x00CB50,0x2C3,0x00CE13,0x013D,36,0D,15,OK
0x413B,0x193B,0A,40,2,0x00CB50,0x2C4,0x00CE14,0x013C,36,03,0A,OK
0x413A,0x193A,0A,40,2,0x00CB50,0x2C5,0x00CE15,0x013B,36,FF,05,OK
0x4139,0x1939,0A,40,2,0x00CB50,0x2C6,0x00CE16,0x013A,36,00,05,OK
0x4138,0x1938,0A,40,2,0x00CB50,0x2C7,0x00CE17,0x0139,36,20,24,OK
0x4137,0x1937,0A,40,2,0x00CB50,0x2C8,0x00CE18,0x0138,36,03,06,OK
0x4136,0x1936,0A,40,2,0x00CB50,0x2C9,0x00CE19,0x0137,36,FC,FE,OK
0x4135,0x1935,0A,40,2,0x00CB50,0x2CA,0x00CE1A,0x0136,36,FF,00,OK
0x4134,0x1934,0A,40,2,0x00CB50,0x2CB,0x00CE1B,0x0135,36,07,07,OK
0x4133,0x1933,0A,40,2,0x00CB50,0x2CC,0x00CE1C,0x0134,36,04,03,OK
0x4132,0x1932,0A,40,2,0x00CB50,0x2CD,0x00CE1D,0x0133,36,00,FE,OK
0x4131,0x1931,0A,40,2,0x00CB50,0x2CE,0x00CE1E,0x0132,36,15,12,OK
0x4130,0x1930,0A,40,2,0x00CB50,0x2CF,0x00CE1F,0x0131,36,03,FF,OK
0x412F,0x192F,0A,40,2,0x00CB50,0x2D0,0x00CE20,0x0130,36,7E,79,OK
0x412E,0x192E,0A,40,2,0x00CB50,0x2D1,0x00CE21,0x012F,36,89,83,OK
0x412D,0x192D,0A,40,2,0x00CB50,0x2D2,0x00CE22,0x012E,36,03,FC,OK
0x412C,0x192C,0A,40,2,0x00CB50,0x2D3,0x00CE23,0x012D,36,FF,F7,OK
0x412B,0x192B,0A,40,2,0x00CB50,0x2D4,0x00CE24,0x012C,36,0C,03,OK
0x412A,0x192A,0A,40,2,0x00CB50,0x2D5,0x00CE25,0x012B,36,03,F9,OK
0x4129,0x1929,0A,40,2,0x00CB50,0x2D6,0x00CE26,0x012A,36,0F,04,OK
0x4128,0x1928,0A,40,2,0x00CB50,0x2D7,0x00CE27,0x0129,36,00,F4,OK
0x4127,0x1927,0A,40,2,0x00CB50,0x2D8,0x00CE28,0x0128,36,FE,F1,OK
0x4126,0x1926,0A,40,2,0x00CB50,0x2D9,0x00CE29,0x0127,36,FF,F1,OK
0x4125,0x1925,0A,40,2,0x00CB50,0x2DA,0x00CE2A,0x0126,36,10,01,OK
0x4124,0x1924,0A,40,2,0x00CB50,0x2DB,0x00CE2B,0x0125,36,03,F3,OK
0x4123,0x1923,0A,40,2,0x00CB50,0x2DC,0x00CE2C,0x0124,36,E1,D0,OK
0x4122,0x1922,0A,40,2,0x00CB50,0x2DD,0x00CE2D,0x0123,36,8D,7B,OK
0x4121,0x1921,0A,40,2,0x00CB50,0x2DE,0x00CE2E,0x0122,36,03,F0,OK
0x4120,0x1920,0A,40,2,0x00CB50,0x2DF,0x00CE2F,0x0121,36,3F,2B,OK
0x411F,0x191F,0A,40,2,0x00CB50,0x2E0,0x00CE30,0x0120,36,00,EB,OK
0x411E,0x191E,0A,40,2,0x00CB50,0x2E1,0x00CE31,0x011F,36,05,EF,OK
0x411D,0x191D,0A,40,2,0x00CB50,0x2E2,0x00CE32,0x011E,36,95,7E,OK
0x411C,0x191C,0A,40,2,0x00CB50,0x2E3,0x00CE33,0x011D,36,03,EB,OK
0x411B,0x191B,0A,40,2,0x00CB50,0x2E4,0x00CE34,0x011C,36,7F,66,OK
0x411A,0x191A,0A,40,2,0x00CB50,0x2E5,0x00CE35,0x011B,36,00,E6,OK
0x4119,0x1919,0A,40,2,0x00CB50,0x2E6,0x00CE36,0x011A,36,89,6E,OK
0x4118,0x1918,0A,40,2,0x00CB50,0x2E7,0x00CE37,0x0119,36,03,E7,OK
0x4117,0x1917,0A,40,2,0x00CB50,0x2E8,0x00CE38,0x0118,36,00,E3,OK
0x4116,0x1916,0A,40,2,0x00CB50,0x2E9,0x00CE39,0x0117,36,0C,EE,OK
0x4115,0x1915,0A,40,2,0x00CB50,0x2EA,0x00CE3A,0x0116,36,03,E4,OK
0x4114,0x1914,0A,40,2,0x00CB50,0x2EB,0x00CE3B,0x0115,36,F0,D0,OK
0x4113,0x1913,0A,40,2,0x00CB50,0x2EC,0x00CE3C,0x0114,36,FF,DE,OK
0x4112,0x1912,0A,40,2,0x00CB50,0x2ED,0x00CE3D,0x0113,36,01,DF,OK
0x4111,0x1911,0A,40,2,0x00CB50,0x2EE,0x00CE3E,0x0112,36,00,DD,OK
0x4110,0x1910,0A,40,2,0x00CB50,0x2EF,0x00CE3F,0x0111,36,10,EC,OK
0x410F,0x190F,0A,40,2,0x00CB50,0x2F0,0x00CE40,0x0110,36,03,DE,OK
0x410E,0x190E,0A,40,2,0x00CB50,0x2F1,0x00CE41,0x010F,36,1E,F8,OK
0x410D,0x190D,0A,40,2,0x00CB50,0x2F2,0x00CE42,0x010E,36,8D,66,OK
0x410C,0x190C,0A,40,2,0x00CB50,0x2F3,0x00CE43,0x010D,36,03,DB,OK
0x410B,0x190B,0A,40,2,0x00CB50,0x2F4,0x00CE44,0x010C,36,C0,97,OK
0x410A,0x190A,0A,40,2,0x00CB50,0x2F5,0x00CE45,0x010B,36,FF,D5,OK
0x4109,0x1909,0A,40,2,0x00CB50,0x2F6,0x00CE46,0x010A,36,05,DA,OK
0x4108,0x1908,0A,40,2,0x00CB50,0x2F7,0x00CE47,0x0109,36,95,69,OK
0x4107,0x1907,0A,40,2,0x00CB50,0x2F8,0x00CE48,0x0108,36,03,D6,OK
0x4106,0x1906,0A,40,2,0x00CB50,0x2F9,0x00CE49,0x0107,36,80,52,OK
0x4105,0x1905,0A,40,2,0x00CB50,0x2FA,0x00CE4A,0x0106,36,FF,D0,OK
0x4104,0x1904,0A,40,2,0x00CB50,0x2FB,0x00CE4B,0x0105,36,89,59,OK
0x4103,0x1903,0A,40,2,0x00CB50,0x2FC,0x00CE4C,0x0104,36,03,D2,OK
0x4102,0x1902,0A,40,2,0x00CB50,0x2FD,0x00CE4D,0x0103,36,FF,CD,OK
0x4101,0x1901,0A,40,2,0x00CB50,0x2FE,0x00CE4E,0x0102,36,0C,D9,OK
0x4100,0x1900,0A,40,2,0x00CB50,0x2FF,0x00CE4F,0x0101,36,03,CF,OK
0x40FF,0x18FF,0A,40,2,0x00CB50,0x300,0x00CE50,0x0100,36,09,D4,OK
0x40FE,0x18FE,0A,40,2,0x00CB50,0x301,0x00CE51,0x00FF,36,FC,C5,OK
0x40FD,0x18FD,0A,40,2,0x00CB50,0x302,0x00CE52,0x00FE,36,8F,57,OK
0x40FC,0x18FC,0A,40,2,0x00CB50,0x303,0x00CE53,0x00FD,36,03,CA,OK
0x40FB,0x18FB,0A,40,2,0x00CB50,0x304,0x00CE54,0x00FC,36,3F,05,OK
0x40FA,0x18FA,0A,40,2,0x00CB50,0x305,0x00CE55,0x00FB,36,C0,85,OK
0x40F9,0x18F9,0A,40,2,0x00CB50,0x306,0x00CE56,0x00FA,36,FF,C3,OK
0x40F8,0x18F8,0A,40,2,0x00CB50,0x307,0x00CE57,0x00F9,36,0D,D0,OK
0x40F7,0x18F7,0A,40,2,0x00CB50,0x308,0x00CE58,0x00F8,36,03,C5,OK
0x40F6,0x18F6,0A,40,2,0x00CB50,0x309,0x00CE59,0x00F7,36,07,C8,OK
0x40F5,0x18F5,0A,40,2,0x00CB50,0x30A,0x00CE5A,0x00F6,36,04,C4,OK
0x40F4,0x18F4,0A,40,2,0x00CB50,0x30B,0x00CE5B,0x00F5,36,00,BF,OK
0x40F3,0x18F3,0A,40,2,0x00CB50,0x30C,0x00CE5C,0x00F4,36,C0,7E,OK
0x40F2,0x18F2,0A,40,2,0x00CB50,0x30D,0x00CE5D,0x00F3,36,FF,BC,OK
0x40F1,0x18F1,0A,40,2,0x00CB50,0x30E,0x00CE5E,0x00F2,36,15,D1,OK
0x40F0,0x18F0,0A,40,2,0x00CB50,0x30F,0x00CE5F,0x00F1,36,03,BE,OK
0x40EF,0x18EF,0A,40,2,0x00CB50,0x310,0x00CE60,0x00F0,36,0F,C9,OK
0x40EE,0x18EE,0A,40,2,0x00CB50,0x311,0x00CE61,0x00EF,36,00,B9,OK
0x40ED,0x18ED,0A,40,2,0x00CB50,0x312,0x00CE62,0x00EE,36,89,41,OK
0x40EC,0x18EC,0A,40,2,0x00CB50,0x313,0x00CE63,0x00ED,36,03,BA,OK
0x40EB,0x18EB,0A,40,2,0x00CB50,0x314,0x00CE64,0x00EC,36,00,B6,OK
0x40EA,0x18EA,0A,40,2,0x00CB50,0x315,0x00CE65,0x00EB,36,0C,C1,OK
0x40E9,0x18E9,0A,40,2,0x00CB50,0x316,0x00CE66,0x00EA,36,03,B7,OK
0x40E8,0x18E8,0A,40,2,0x00CB50,0x317,0x00CE67,0x00E9,36,09,BC,OK
0x40E7,0x18E7,0A,40,2,0x00CB50,0x318,0x00CE68,0x00E8,36,03,B5,OK
0x40E6,0x18E6,0A,40,2,0x00CB50,0x319,0x00CE69,0x00E7,36,04,B5,OK
0x40E5,0x18E5,0A,40,2,0x00CB50,0x31A,0x00CE6A,0x00E6,36,8F,3F,OK
0x40E4,0x18E4,0A,40,2,0x00CB50,0x31B,0x00CE6B,0x00E5,36,03,B2,OK
0x40E3,0x18E3,0A,40,2,0x00CB50,0x31C,0x00CE6C,0x00E4,36,C0,6E,OK
0x40E2,0x18E2,0A,40,2,0x00CB50,0x31D,0x00CE6D,0x00E3,36,3F,EC,OK
0x40E1,0x18E1,0A,40,2,0x00CB50,0x31E,0x00CE6E,0x00E2,36,00,AC,OK
0x40E0,0x18E0,0A,40,2,0x00CB50,0x31F,0x00CE6F,0x00E1,36,0D,B8,OK
0x40DF,0x18DF,0A,40,2,0x00CB50,0x320,0x00CE70,0x00E0,36,03,AD,OK
0x40DE,0x18DE,0A,40,2,0x00CB50,0x321,0x00CE71,0x00DF,36,F8,A1,OK
0x40DD,0x18DD,0A,40,2,0x00CB50,0x322,0x00CE72,0x00DE,36,FF,A7,OK
0x40DC,0x18DC,0A,40,2,0x00CB50,0x323,0x00CE73,0x00DD,36,3F,E6,OK
0x40DB,0x18DB,0A,40,2,0x00CB50,0x324,0x00CE74,0x00DC,36,00,A6,OK
0x40DA,0x18DA,0A,40,2,0x00CB50,0x325,0x00CE75,0x00DB,36,15,BA,OK
0x40D9,0x18D9,0A,40,2,0x00CB50,0x326,0x00CE76,0x00DA,36,03,A7,OK
0x40D8,0x18D8,0A,40,2,0x00CB50,0x327,0x00CE77,0x00D9,36,F0,93,OK
0x40D7,0x18D7,0A,40,2,0x00CB50,0x328,0x00CE78,0x00D8,36,FF,A1,OK
0x40D6,0x18D6,0A,40,2,0x00CB50,0x329,0x00CE79,0x00D7,36,89,2A,OK
0x40D5,0x18D5,0A,40,2,0x00CB50,0x32A,0x00CE7A,0x00D6,36,03,A3,OK
0x40D4,0x18D4,0A,40,2,0x00CB50,0x32B,0x00CE7B,0x00D5,36,8B,2A,OK
0x40D3,0x18D3,0A,40,2,0x00CB50,0x32C,0x00CE7C,0x00D4,36,03,A1,OK
0x40D2,0x18D2,0A,40,2,0x00CB50,0x32D,0x00CE7D,0x00D3,36,3F,DC,OK
0x40D1,0x18D1,0A,40,2,0x00CB50,0x32E,0x00CE7E,0x00D2,36,09,A5,OK
0x40D0,0x18D0,0A,40,2,0x00CB50,0x32F,0x00CE7F,0x00D1,36,F8,93,OK
0x40CF,0x18CF,0A,40,2,0x00CB50,0x330,0x00CE80,0x00D0,36,FF,99,OK
0x40CE,0x18CE,0A,40,2,0x00CB50,0x331,0x00CE81,0x00CF,36,0F,A8,OK
0x40CD,0x18CD,0A,40,2,0x00CB50,0x332,0x00CE82,0x00CE,36,03,9B,OK
0x40CC,0x18CC,0A,40,2,0x00CB50,0x333,0x00CE83,0x00CD,36,07,9E,OK
0x40CB,0x18CB,0A,40,2,0x00CB50,0x334,0x00CE84,0x00CC,36,04,9A,OK
0x40CA,0x18CA,0A,40,2,0x00CB50,0x335,0x00CE85,0x00CB,36,C0,55,OK
0x40C9,0x18C9,0A,40,2,0x00CB50,0x336,0x00CE86,0x00CA,36,FF,93,OK
0x40C8,0x18C8,0A,40,2,0x00CB50,0x337,0x00CE87,0x00C9,36,0D,A0,OK
0x40C7,0x18C7,0A,40,2,0x00CB50,0x338,0x00CE88,0x00C8,36,03,95,OK
0x40C6,0x18C6,0A,40,2,0x00CB50,0x339,0x00CE89,0x00C7,36,01,92,OK
0x40C5,0x18C5,0A,40,2,0x00CB50,0x33A,0x00CE8A,0x00C6,36,00,90,OK
0x40C4,0x18C4,0A,40,2,0x00CB50,0x33B,0x00CE8B,0x00C5,36,F0,7F,OK
0x40C3,0x18C3,0A,40,2,0x00CB50,0x33C,0x00CE8C,0x00C4,36,FF,8D,OK
0x40C2,0x18C2,0A,40,2,0x00CB50,0x33D,0x00CE8D,0x00C3,36,15,A2,OK
0x40C1,0x18C1,0A,40,2,0x00CB50,0x33E,0x00CE8E,0x00C2,36,03,8F,OK
0x40C0,0x18C0,0A,40,2,0x00CB50,0x33F,0x00CE8F,0x00C1,36,01,8C,OK
0x40BF,0x18BF,0A,40,2,0x00CB50,0x340,0x00CE90,0x00C0,36,C0,4A,OK
0x40BE,0x18BE,0A,40,2,0x00CB50,0x341,0x00CE91,0x00BF,36,89,12,OK
0x40BD,0x18BD,0A,40,2,0x00CB50,0x342,0x00CE92,0x00BE,36,03,8B,OK
0x40BC,0x18BC,0A,40,2,0x00CB50,0x343,0x00CE93,0x00BD,36,8B,12,OK
0x40BB,0x18BB,0A,40,2,0x00CB50,0x344,0x00CE94,0x00BC,36,03,89,OK
0x40BA,0x18BA,0A,40,2,0x00CB50,0x345,0x00CE95,0x00BB,36,C0,45,OK
0x40B9,0x18B9,0A,40,2,0x00CB50,0x346,0x00CE96,0x00BA,36,09,8D,OK
0x40B8,0x18B8,0A,40,2,0x00CB50,0x347,0x00CE97,0x00B9,36,07,8A,OK
0x40B7,0x18B7,0A,40,2,0x00CB50,0x348,0x00CE98,0x00B8,36,04,86,OK
0x40B6,0x18B6,0A,40,2,0x00CB50,0x349,0x00CE99,0x00B7,36,00,81,OK
0x40B5,0x18B5,0A,40,2,0x00CB50,0x34A,0x00CE9A,0x00B6,36,0F,8F,OK
0x40B4,0x18B4,0A,40,2,0x00CB50,0x34B,0x00CE9B,0x00B5,36,03,82,OK
0x40B3,0x18B3,0A,40,2,0x00CB50,0x34C,0x00CE9C,0x00B4,36,F8,76,OK
0x40B2,0x18B2,0A,40,2,0x00CB50,0x34D,0x00CE9D,0x00B3,36,3F,BC,OK
0x40B1,0x18B1,0A,40,2,0x00CB50,0x34E,0x00CE9E,0x00B2,36,00,7C,OK
0x40B0,0x18B0,0A,40,2,0x00CB50,0x34F,0x00CE9F,0x00B1,36,0D,88,OK
0x40AF,0x18AF,0A,40,2,0x00CB50,0x350,0x00CEA0,0x00B0,36,03,7D,OK
0x40AE,0x18AE,0A,40,2,0x00CB50,0x351,0x00CEA1,0x00AF,36,FE,77,OK
0x40AD,0x18AD,0A,40,2,0x00CB50,0x352,0x00CEA2,0x00AE,36,FF,77,OK
0x40AC,0x18AC,0A,40,2,0x00CB50,0x353,0x00CEA3,0x00AD,36,0F,86,OK
0x40AB,0x18AB,0A,40,2,0x00CB50,0x354,0x00CEA4,0x00AC,36,00,76,OK
0x40AA,0x18AA,0A,40,2,0x00CB50,0x355,0x00CEA5,0x00AB,36,15,8A,OK
0x40A9,0x18A9,0A,40,2,0x00CB50,0x356,0x00CEA6,0x00AA,36,03,77,OK
0x40A8,0x18A8,0A,40,2,0x00CB50,0x357,0x00CEA7,0x00A9,36,FE,71,OK
0x40A7,0x18A7,0A,40,2,0x00CB50,0x358,0x00CEA8,0x00A8,36,3F,B1,OK
0x40A6,0x18A6,0A,40,2,0x00CB50,0x359,0x00CEA9,0x00A7,36,89,FA,OK
0x40A5,0x18A5,0A,40,2,0x00CB50,0x35A,0x00CEAA,0x00A6,36,03,73,OK
0x40A4,0x18A4,0A,40,2,0x00CB50,0x35B,0x00CEAB,0x00A5,36,FF,6E,OK
0x40A3,0x18A3,0A,40,2,0x00CB50,0x35C,0x00CEAC,0x00A4,36,0B,79,OK
0x40A2,0x18A2,0A,40,2,0x00CB50,0x35D,0x00CEAD,0x00A3,36,03,70,OK
0x40A1,0x18A1,0A,40,2,0x00CB50,0x35E,0x00CEAE,0x00A2,36,1F,8B,OK
0x40A0,0x18A0,0A,40,2,0x00CB50,0x35F,0x00CEAF,0x00A1,36,09,74,OK
0x409F,0x189F,0A,40,2,0x00CB50,0x360,0x00CEB0,0x00A0,36,F0,5A,OK
0x409E,0x189E,0A,40,2,0x00CB50,0x361,0x00CEB1,0x009F,36,FF,68,OK
0x409D,0x189D,0A,40,2,0x00CB50,0x362,0x00CEB2,0x009E,36,0F,77,OK
0x409C,0x189C,0A,40,2,0x00CB50,0x363,0x00CEB3,0x009D,36,03,6A,OK
0x409B,0x189B,0A,40,2,0x00CB50,0x364,0x00CEB4,0x009C,36,00,66,OK
0x409A,0x189A,0A,40,2,0x00CB50,0x365,0x00CEB5,0x009B,36,E0,45,OK
0x4099,0x1899,0A,40,2,0x00CB50,0x366,0x00CEB6,0x009A,36,FF,63,OK
0x4098,0x1898,0A,40,2,0x00CB50,0x367,0x00CEB7,0x0099,36,0C,6F,OK
0x4097,0x1897,0A,40,2,0x00CB50,0x368,0x00CEB8,0x0098,36,03,65,OK
0x4096,0x1896,0A,40,2,0x00CB50,0x369,0x00CEB9,0x0097,36,01,62,OK
0x4095,0x1895,0A,40,2,0x00CB50,0x36A,0x00CEBA,0x0096,36,00,60,OK
0x4094,0x1894,0A,40,2,0x00CB50,0x36B,0x00CEBB,0x0095,36,05,64,OK
0x4093,0x1893,0A,40,2,0x00CB50,0x36C,0x00CEBC,0x0094,36,FF,5D,OK
0x4092,0x1892,0A,40,2,0x00CB50,0x36D,0x00CEBD,0x0093,36,15,72,OK
0x4091,0x1891,0A,40,2,0x00CB50,0x36E,0x00CEBE,0x0092,36,03,5F,OK
0x4090,0x1890,0A,40,2,0x00CB50,0x36F,0x00CEBF,0x0091,36,3F,9A,OK
0x408F,0x188F,0A,40,2,0x00CB50,0x370,0x00CEC0,0x0090,36,00,5A,OK
0x408E,0x188E,0A,40,2,0x00CB50,0x371,0x00CEC1,0x008F,36,F8,51,OK
0x408D,0x188D,0A,40,2,0x00CB50,0x372,0x00CEC2,0x008E,36,89,E1,OK
0x408C,0x188C,0A,40,2,0x00CB50,0x373,0x00CEC3,0x008D,36,03,5A,OK
0x408B,0x188B,0A,40,2,0x00CB50,0x374,0x00CEC4,0x008C,36,00,56,OK
0x408A,0x188A,0A,40,2,0x00CB50,0x375,0x00CEC5,0x008B,36,0B,60,OK
0x4089,0x1889,0A,40,2,0x00CB50,0x376,0x00CEC6,0x008A,36,03,57,OK
0x4088,0x1888,0A,40,2,0x00CB50,0x377,0x00CEC7,0x0089,36,E0,33,OK
0x4087,0x1887,0A,40,2,0x00CB50,0x378,0x00CEC8,0x0088,36,09,5B,OK
0x4086,0x1886,0A,40,2,0x00CB50,0x379,0x00CEC9,0x0087,36,0F,60,OK
0x4085,0x1885,0A,40,2,0x00CB50,0x37A,0x00CECA,0x0086,36,00,50,OK
0x4084,0x1884,0A,40,2,0x00CB50,0x37B,0x00CECB,0x0085,36,0F,5E,OK
0x4083,0x1883,0A,40,2,0x00CB50,0x37C,0x00CECC,0x0084,36,03,51,OK
0x4082,0x1882,0A,40,2,0x00CB50,0x37D,0x00CECD,0x0083,36,FF,4C,OK
0x4081,0x1881,0A,40,2,0x00CB50,0x37E,0x00CECE,0x0082,36,1F,6B,OK
0x4080,0x1880,0A,40,2,0x00CB50,0x37F,0x00CECF,0x0081,36,00,4B,OK
0x407F,0x187F,0A,40,2,0x00CB50,0x380,0x00CED0,0x0080,36,0C,56,OK
0x407E,0x187E,0A,40,2,0x00CB50,0x381,0x00CED1,0x007F,36,03,4C,OK
0x407D,0x187D,0A,40,2,0x00CB50,0x382,0x00CED2,0x007E,36,FE,46,OK
0x407C,0x187C,0A,40,2,0x00CB50,0x383,0x00CED3,0x007D,36,FF,46,OK
0x407B,0x187B,0A,40,2,0x00CB50,0x384,0x00CED4,0x007C,36,05,4B,OK
0x407A,0x187A,0A,40,2,0x00CB50,0x385,0x00CED5,0x007B,36,00,45,OK
0x4079,0x1879,0A,40,2,0x00CB50,0x386,0x00CED6,0x007A,36,15,59,OK
0x4078,0x1878,0A,40,2,0x00CB50,0x387,0x00CED7,0x0079,36,03,46,OK
0x4077,0x1877,0A,40,2,0x00CB50,0x388,0x00CED8,0x0078,36,C0,02,OK
0x4076,0x1876,0A,40,2,0x00CB50,0x389,0x00CED9,0x0077,36,FF,40,OK
0x4075,0x1875,0A,40,2,0x00CB50,0x38A,0x00CEDA,0x0076,36,07,47,OK
0x4074,0x1874,0A,40,2,0x00CB50,0x38B,0x00CEDB,0x0075,36,04,43,OK
0x4073,0x1873,0A,40,2,0x00CB50,0x38C,0x00CEDC,0x0074,36,89,C7,OK
0x4072,0x1872,0A,40,2,0x00CB50,0x38D,0x00CEDD,0x0073,36,03,40,OK
0x4071,0x1871,0A,40,2,0x00CB50,0x38E,0x00CEDE,0x0072,36,FF,3B,OK
0x4070,0x1870,0A,40,2,0x00CB50,0x38F,0x00CEDF,0x0071,36,0B,46,OK
0x406F,0x186F,0A,40,2,0x00CB50,0x390,0x00CEE0,0x0070,36,03,3D,OK
0x406E,0x186E,0A,40,2,0x00CB50,0x391,0x00CEE1,0x006F,36,0A,43,OK
0x406D,0x186D,0A,40,2,0x00CB50,0x392,0x00CEE2,0x006E,36,E0,18,OK
0x406C,0x186C,0A,40,2,0x00CB50,0x393,0x00CEE3,0x006D,36,FF,36,OK
0x406B,0x186B,0A,40,2,0x00CB50,0x394,0x00CEE4,0x006C,36,0E,44,OK
0x406A,0x186A,0A,40,2,0x00CB50,0x395,0x00CEE5,0x006B,36,03,38,OK
0x4069,0x1869,0A,40,2,0x00CB50,0x396,0x00CEE6,0x006A,36,0F,43,OK
0x4068,0x1868,0A,40,2,0x00CB50,0x397,0x00CEE7,0x0069,36,00,33,OK
0x4067,0x1867,0A,40,2,0x00CB50,0x398,0x00CEE8,0x0068,36,FC,2E,OK
0x4066,0x1866,0A,40,2,0x00CB50,0x399,0x00CEE9,0x0067,36,FF,30,OK
0x4065,0x1865,0A,40,2,0x00CB50,0x39A,0x00CEEA,0x0066,36,0B,3B,OK
0x4064,0x1864,0A,40,2,0x00CB50,0x39B,0x00CEEB,0x0065,36,03,32,OK
0x4063,0x1863,0A,40,2,0x00CB50,0x39C,0x00CEEC,0x0064,36,3F,6D,OK
0x4062,0x1862,0A,40,2,0x00CB50,0x39D,0x00CEED,0x0063,36,09,36,OK
0x4061,0x1861,0A,40,2,0x00CB50,0x39E,0x00CEEE,0x0062,36,C0,EC,OK
0x4060,0x1860,0A,40,2,0x00CB50,0x39F,0x00CEEF,0x0061,36,FF,2A,OK
0x405F,0x185F,0A,40,2,0x00CB50,0x3A0,0x00CEF0,0x0060,36,15,3F,OK
0x405E,0x185E,0A,40,2,0x00CB50,0x3A1,0x00CEF1,0x005F,36,03,2C,OK
0x405D,0x185D,0A,40,2,0x00CB50,0x3A2,0x00CEF2,0x005E,36,03,2B,OK
0x405C,0x185C,0A,40,2,0x00CB50,0x3A3,0x00CEF3,0x005D,36,04,2B,OK
0x405B,0x185B,0A,40,2,0x00CB50,0x3A4,0x00CEF4,0x005C,36,00,26,OK
0x405A,0x185A,0A,40,2,0x00CB50,0x3A5,0x00CEF5,0x005B,36,FC,21,OK
0x4059,0x1859,0A,40,2,0x00CB50,0x3A6,0x00CEF6,0x005A,36,89,AD,OK
0x4058,0x1858,0A,40,2,0x00CB50,0x3A7,0x00CEF7,0x0059,36,03,26,OK
0x4057,0x1857,0A,40,2,0x00CB50,0x3A8,0x00CEF8,0x0058,36,00,22,OK
0x4056,0x1856,0A,40,2,0x00CB50,0x3A9,0x00CEF9,0x0057,36,0B,2C,OK
0x4055,0x1855,0A,40,2,0x00CB50,0x3AA,0x00CEFA,0x0056,36,03,23,OK
0x4054,0x1854,0A,40,2,0x00CB50,0x3AB,0x00CEFB,0x0055,36,0A,29,OK
0x4053,0x1853,0A,40,2,0x00CB50,0x3AC,0x00CEFC,0x0054,36,1F,3D,OK
0x4052,0x1852,0A,40,2,0x00CB50,0x3AD,0x00CEFD,0x0053,36,00,1D,OK
0x4051,0x1851,0A,40,2,0x00CB50,0x3AE,0x00CEFE,0x0052,36,0E,2A,OK
0x4050,0x1850,0A,40,2,0x00CB50,0x3AF,0x00CEFF,0x0051,36,03,1E,OK
0x404F,0x184F,0A,40,2,0x00CB50,0x3B0,0x00CF00,0x0050,36,F0,0A,OK
0x404E,0x184E,0A,40,2,0x00CB50,0x3B1,0x00CF01,0x004F,36,FF,18,OK
0x404D,0x184D,0A,40,2,0x00CB50,0x3B2,0x00CF02,0x004E,36,03,1B,OK
0x404C,0x184C,0A,40,2,0x00CB50,0x3B3,0x00CF03,0x004D,36,04,1B,OK
0x404B,0x184B,0A,40,2,0x00CB50,0x3B4,0x00CF04,0x004C,36,00,16,OK
0x404A,0x184A,0A,40,2,0x00CB50,0x3B5,0x00CF05,0x004B,36,0B,20,OK
0x4049,0x1849,0A,40,2,0x00CB50,0x3B6,0x00CF06,0x004A,36,03,17,OK
0x4048,0x1848,0A,40,2,0x00CB50,0x3B7,0x00CF07,0x0049,36,C0,D3,OK
0x4047,0x1847,0A,40,2,0x00CB50,0x3B8,0x00CF08,0x0048,36,09,1B,OK
0x4046,0x1846,0A,40,2,0x00CB50,0x3B9,0x00CF09,0x0047,36,3F,50,OK
0x4045,0x1845,0A,40,2,0x00CB50,0x3BA,0x00CF0A,0x0046,36,00,10,OK
0x4044,0x1844,0A,40,2,0x00CB50,0x3BB,0x00CF0B,0x0045,36,15,24,OK
0x4043,0x1843,0A,40,2,0x00CB50,0x3BC,0x00CF0C,0x0044,36,03,11,OK
0x4042,0x1842,0A,40,2,0x00CB50,0x3BD,0x00CF0D,0x0043,36,FC,09,OK
0x4041,0x1841,0A,40,2,0x00CB50,0x3BE,0x00CF0E,0x0042,36,FF,0B,OK
0x4040,0x1840,0A,40,2,0x00CB50,0x3BF,0x00CF0F,0x0041,36,03,0E,OK
0x403F,0x183F,0A,40,2,0x00CB50,0x3C0,0x00CF10,0x0040,36,04,0E,OK
0x403E,0x183E,0A,40,2,0x00CB50,0x3C1,0x00CF11,0x003F,36,89,92,OK
0x403D,0x183D,0A,40,2,0x00CB50,0x3C2,0x00CF12,0x003E,36,03,0B,OK
0x403C,0x183C,0A,40,2,0x00CB50,0x3C3,0x00CF13,0x003D,36,8A,91,OK
0x403B,0x183B,0A,40,2,0x00CB50,0x3C4,0x00CF14,0x003C,36,03,09,OK
0x403A,0x183A,0A,40,2,0x00CB50,0x3C5,0x00CF15,0x003B,36,0F,14,OK
0x4039,0x1839,0A,40,2,0x00CB50,0x3C6,0x00CF16,0x003A,36,0A,0E,OK
0x4038,0x1838,0A,40,2,0x00CB50,0x3C7,0x00CF17,0x0039,36,C0,C3,OK
0x4037,0x1837,0A,40,2,0x00CB50,0x3C8,0x00CF18,0x0038,36,FF,01,OK
0x4036,0x1836,0A,40,2,0x00CB50,0x3C9,0x00CF19,0x0037,36,0E,0F,OK
0x4035,0x1835,0A,40,2,0x00CB50,0x3CA,0x00CF1A,0x0036,36,03,03,OK
0x4034,0x1834,0A,40,2,0x00CB50,0x3CB,0x00CF1B,0x0035,36,00,FF,OK
0x4033,0x1833,0A,40,2,0x00CB50,0x3CC,0x00CF1C,0x0034,36,80,7E,OK
0x4032,0x1832,0A,40,2,0x00CB50,0x3CD,0x00CF1D,0x0033,36,FF,FC,OK
0x4031,0x1831,0A,40,2,0x00CB50,0x3CE,0x00CF1E,0x0032,36,0C,08,OK
0x4030,0x1830,0A,40,2,0x00CB50,0x3CF,0x00CF1F,0x0031,36,03,FE,OK
0x402F,0x182F,0A,40,2,0x00CB50,0x3D0,0x00CF20,0x0030,36,01,FB,OK
0x402E,0x182E,0A,40,2,0x00CB50,0x3D1,0x00CF21,0x002F,36,00,F9,OK
0x402D,0x182D,0A,40,2,0x00CB50,0x3D2,0x00CF22,0x002E,36,05,FD,OK
0x402C,0x182C,0A,40,2,0x00CB50,0x3D3,0x00CF23,0x002D,36,F0,E7,OK
0x402B,0x182B,0A,40,2,0x00CB50,0x3D4,0x00CF24,0x002C,36,FF,F5,OK
0x402A,0x182A,0A,40,2,0x00CB50,0x3D5,0x00CF25,0x002B,36,06,FB,OK
0x4029,0x1829,0A,40,2,0x00CB50,0x3D6,0x00CF26,0x002A,36,03,F7,OK
0x4028,0x1828,0A,40,2,0x00CB50,0x3D7,0x00CF27,0x0029,36,E1,D4,OK
0x4027,0x1827,0A,40,2,0x00CB50,0x3D8,0x00CF28,0x0028,36,FF,F1,OK
0x4026,0x1826,0A,40,2,0x00CB50,0x3D9,0x00CF29,0x0027,36,0D,FE,OK
0x4025,0x1825,0A,40,2,0x00CB50,0x3DA,0x00CF2A,0x0026,36,03,F3,OK
0x4024,0x1824,0A,40,2,0x00CB50,0x3DB,0x00CF2B,0x0025,36,1F,0E,OK
0x4023,0x1823,0A,40,2,0x00CB50,0x3DC,0x00CF2C,0x0024,36,00,EE,OK
0x4022,0x1822,0A,40,2,0x00CB50,0x3DD,0x00CF2D,0x0023,36,80,6D,OK
0x4021,0x1821,0A,40,2,0x00CB50,0x3DE,0x00CF2E,0x0022,36,8A,76,OK
0x4020,0x1820,0A,40,2,0x00CB50,0x3DF,0x00CF2F,0x0021,36,03,EE,OK
0x401F,0x181F,0A,40,2,0x00CB50,0x3E0,0x00CF30,0x0020,36,8A,74,OK
0x401E,0x181E,0A,40,2,0x00CB50,0x3E1,0x00CF31,0x001F,36,03,EC,OK
0x401D,0x181D,0A,40,2,0x00CB50,0x3E2,0x00CF32,0x001E,36,F0,D8,OK
0x401C,0x181C,0A,40,2,0x00CB50,0x3E3,0x00CF33,0x001D,36,0A,F1,OK
0x401B,0x181B,0A,40,2,0x00CB50,0x3E4,0x00CF34,0x001C,36,3F,25,OK
0x401A,0x181A,0A,40,2,0x00CB50,0x3E5,0x00CF35,0x001B,36,00,E5,OK
0x4019,0x1819,0A,40,2,0x00CB50,0x3E6,0x00CF36,0x001A,36,0E,F2,OK
0x4018,0x1818,0A,40,2,0x00CB50,0x3E7,0x00CF37,0x0019,36,03,E6,OK
0x4017,0x1817,0A,40,2,0x00CB50,0x3E8,0x00CF38,0x0018,36,FF,E1,OK
0x4016,0x1816,0A,40,2,0x00CB50,0x3E9,0x00CF39,0x0017,36,7F,60,OK
0x4015,0x1815,0A,40,2,0x00CB50,0x3EA,0x00CF3A,0x0016,36,00,E0,OK
0x4014,0x1814,0A,40,2,0x00CB50,0x3EB,0x00CF3B,0x0015,36,0C,EB,OK
0x4013,0x1813,0A,40,2,0x00CB50,0x3EC,0x00CF3C,0x0014,36,03,E1,OK
0x4012,0x1812,0A,40,2,0x00CB50,0x3ED,0x00CF3D,0x0013,36,FE,DB,OK
0x4011,0x1811,0A,40,2,0x00CB50,0x3EE,0x00CF3E,0x0012,36,FF,DB,OK
0x4010,0x1810,0A,40,2,0x00CB50,0x3EF,0x00CF3F,0x0011,36,05,E0,OK
0x400F,0x180F,0A,40,2,0x00CB50,0x3F0,0x00CF40,0x0010,36,0F,E9,OK
0x400E,0x180E,0A,40,2,0x00CB50,0x3F1,0x00CF41,0x000F,36,00,D9,OK
0x400D,0x180D,0A,40,2,0x00CB50,0x3F2,0x00CF42,0x000E,36,06,DE,OK
0x400C,0x180C,0A,40,2,0x00CB50,0x3F3,0x00CF43,0x000D,36,03,DA,OK
0x400B,0x180B,0A,40,2,0x00CB50,0x3F4,0x00CF44,0x000C,36,1E,F4,OK
0x400A,0x180A,0A,40,2,0x00CB50,0x3F5,0x00CF45,0x000B,36,00,D5,OK
0x4009,0x1809,0A,40,2,0x00CB50,0x3F6,0x00CF46,0x000A,36,0D,E1,OK
0x4008,0x1808,0A,40,2,0x00CB50,0x3F7,0x00CF47,0x0009,36,03,D6,OK
0x4007,0x1807,0A,40,2,0x00CB50,0x3F8,0x00CF48,0x0008,36,E0,B2,OK
0x4006,0x1806,0A,40,2,0x00CB50,0x3F9,0x00CF49,0x0007,36,FF,D0,OK
0x4005,0x1805,0A,40,2,0x00CB50,0x3FA,0x00CF4A,0x0006,36,7F,4F,OK
0x4004,0x1804,0A,40,2,0x00CB50,0x3FB,0x00CF4B,0x0005,36,8A,59,OK
0x4003,0x1803,0A,40,2,0x00CB50,0x3FC,0x00CF4C,0x0004,36,03,D1,OK
0x4002,0x1802,0A,40,2,0x00CB50,0x3FD,0x00CF4D,0x0003,36,FF,CC,OK
0x4001,0x1801,0A,40,2,0x00CB50,0x3FE,0x00CF4E,0x0002,36,0A,D6,OK
0x4000,0x1800,0A,40,2,0x00CB50,0x3FF,0x00CF4F,0x0001,36,03,CE,OK
0x47FF,0x1FFF,0A,40,3,0x00CF60,0x000,0x00CF60,0x0400,36,30,FE,OK
0x47FE,0x1FFE,0A,40,3,0x00CF60,0x001,0x00CF61,0x03FF,36,60,2C,OK
0x47FD,0x1FFD,0A,40,3,0x00CF60,0x002,0x00CF62,0x03FE,36,7F,4A,OK
0x47FC,0x1FFC,0A,40,3,0x00CF60,0x003,0x00CF63,0x03FD,36,60,2A,OK
0x47FB,0x1FFB,0A,40,3,0x00CF60,0x004,0x00CF64,0x03FC,36,30,F9,OK
0x47FA,0x1FFA,0A,40,3,0x00CF60,0x005,0x00CF65,0x03FB,36,1F,E7,OK
0x47F9,0x1FF9,0A,40,3,0x00CF60,0x006,0x00CF66,0x03FA,36,00,C7,OK
0x47F8,0x1FF8,0A,40,3,0x00CF60,0x007,0x00CF67,0x03F9,36,00,C6,OK
0x47F7,0x1FF7,0A,40,3,0x00CF60,0x008,0x00CF68,0x03F8,36,00,C5,OK
0x47F6,0x1FF6,0A,40,3,0x00CF60,0x009,0x00CF69,0x03F7,36,87,4B,OK
0x47F5,0x1FF5,0A,40,3,0x00CF60,0x00A,0x00CF6A,0x03F6,36,61,24,OK
0x47F4,0x1FF4,0A,40,3,0x00CF60,0x00B,0x00CF6B,0x03F5,36,01,C3,OK
0x47F3,0x1FF3,0A,40,3,0x00CF60,0x00C,0x00CF6C,0x03F4,36,E1,A2,OK
0x47F2,0x1FF2,0A,40,3,0x00CF60,0x00D,0x00CF6D,0x03F3,36,61,21,OK
0x47F1,0x1FF1,0A,40,3,0x00CF60,0x00E,0x00CF6E,0x03F2,36,C1,80,OK
0x47F0,0x1FF0,0A,40,3,0x00CF60,0x00F,0x00CF6F,0x03F1,36,87,45,OK
0x47EF,0x1FEF,0A,40,3,0x00CF60,0x010,0x00CF70,0x03F0,36,00,BD,OK
0x47EE,0x1FEE,0A,40,3,0x00CF60,0x011,0x00CF71,0x03EF,36,00,BC,OK
0x47ED,0x1FED,0A,40,3,0x00CF60,0x012,0x00CF72,0x03EE,36,00,BB,OK
0x47EC,0x1FEC,0A,40,3,0x00CF60,0x013,0x00CF73,0x03ED,36,E0,9A,OK
0x47EB,0x1FEB,0A,40,3,0x00CF60,0x014,0x00CF74,0x03EC,36,80,39,OK
0x47EA,0x1FEA,0A,40,3,0x00CF60,0x015,0x00CF75,0x03EB,36,80,38,OK
0x47E9,0x1FE9,0A,40,3,0x00CF60,0x016,0x00CF76,0x03EA,36,80,37,OK
0x47E8,0x1FE8,0A,40,3,0x00CF60,0x017,0x00CF77,0x03E9,36,83,39,OK
0x47E7,0x1FE7,0A,40,3,0x00CF60,0x018,0x00CF78,0x03E8,36,C3,78,OK
0x47E6,0x1FE6,0A,40,3,0x00CF60,0x019,0x00CF79,0x03E7,36,BE,72,OK
0x47E5,0x1FE5,0A,40,3,0x00CF60,0x01A,0x00CF7A,0x03E6,36,00,B3,OK
0x47E4,0x1FE4,0A,40,3,0x00CF60,0x01B,0x00CF7B,0x03E5,36,00,B2,OK
0x47E3,0x1FE3,0A,40,3,0x00CF60,0x01C,0x00CF7C,0x03E4,36,00,B1,OK
0x47E2,0x1FE2,0A,40,3,0x00CF60,0x01D,0x00CF7D,0x03E3,36,7F,2F,OK
0x47E1,0x1FE1,0A,40,3,0x00CF60,0x01E,0x00CF7E,0x03E2,36,0B,BA,OK
0x47E0,0x1FE0,0A,40,3,0x00CF60,0x01F,0x00CF7F,0x03E1,36,F5,A3,OK
0x47DF,0x1FDF,0A,40,3,0x00CF60,0x020,0x00CF80,0x03E0,36,FF,AC,OK
0x47DE,0x1FDE,0A,40,3,0x00CF60,0x021,0x00CF81,0x03DF,36,F5,A1,OK
0x47DD,0x1FDD,0A,40,3,0x00CF60,0x022,0x00CF82,0x03DE,36,FF,AA,OK
0x47DC,0x1FDC,0A,40,3,0x00CF60,0x023,0x00CF83,0x03DD,36,05,AF,OK
0x47DB,0x1FDB,0A,40,3,0x00CF60,0x024,0x00CF84,0x03DC,36,7F,28,OK
0x47DA,0x1FDA,0A,40,3,0x00CF60,0x025,0x00CF85,0x03DB,36,FD,A5,OK
0x47D9,0x1FD9,0A,40,3,0x00CF60,0x026,0x00CF86,0x03DA,36,FF,A6,OK
0x47D8,0x1FD8,0A,40,3,0x00CF60,0x027,0x00CF87,0x03D9,36,5F,05,OK
0x47D7,0x1FD7,0A,40,3,0x00CF60,0x028,0x00CF88,0x03D8,36,D5,7A,OK
0x47D6,0x1FD6,0A,40,3,0x00CF60,0x029,0x00CF89,0x03D7,36,DF,83,OK
0x47D5,0x1FD5,0A,40,3,0x00CF60,0x02A,0x00CF8A,0x03D6,36,FF,A2,OK
0x47D4,0x1FD4,0A,40,3,0x00CF60,0x02B,0x00CF8B,0x03D5,36,06,A8,OK
0x47D3,0x1FD3,0A,40,3,0x00CF60,0x02C,0x00CF8C,0x03D4,36,03,A4,OK
0x47D2,0x1FD2,0A,40,3,0x00CF60,0x02D,0x00CF8D,0x03D3,36,5F,FF,OK
0x47D1,0x1FD1,0A,40,3,0x00CF60,0x02E,0x00CF8E,0x03D2,36,FD,9C,OK
0x47D0,0x1FD0,0A,40,3,0x00CF60,0x02F,0x00CF8F,0x03D1,36,FF,9D,OK
0x47CF,0x1FCF,0A,40,3,0x00CF60,0x030,0x00CF90,0x03D0,36,40,DD,OK
0x47CE,0x1FCE,0A,40,3,0x00CF60,0x031,0x00CF91,0x03CF,36,0B,A7,OK
0x47CD,0x1FCD,0A,40,3,0x00CF60,0x032,0x00CF92,0x03CE,36,15,B0,OK
0x47CC,0x1FCC,0A,40,3,0x00CF60,0x033,0x00CF93,0x03CD,36,00,9A,OK
0x47CB,0x1FCB,0A,40,3,0x00CF60,0x034,0x00CF94,0x03CC,36,04,9D,OK
0x47CA,0x1FCA,0A,40,3,0x00CF60,0x035,0x00CF95,0x03CB,36,04,9C,OK
0x47C9,0x1FC9,0A,40,3,0x00CF60,0x036,0x00CF96,0x03CA,36,00,97,OK
0x47C8,0x1FC8,0A,40,3,0x00CF60,0x037,0x00CF97,0x03C9,36,05,9B,OK
0x47C7,0x1FC7,0A,40,3,0x00CF60,0x038,0x00CF98,0x03C8,36,40,D5,OK
0x47C6,0x1FC6,0A,40,3,0x00CF60,0x039,0x00CF99,0x03C7,36,01,95,OK
0x47C5,0x1FC5,0A,40,3,0x00CF60,0x03A,0x00CF9A,0x03C6,36,00,93,OK
0x47C4,0x1FC4,0A,40,3,0x00CF60,0x03B,0x00CF9B,0x03C5,36,40,D2,OK
0x47C3,0x1FC3,0A,40,3,0x00CF60,0x03C,0x00CF9C,0x03C4,36,15,A6,OK
0x47C2,0x1FC2,0A,40,3,0x00CF60,0x03D,0x00CF9D,0x03C3,36,40,D0,OK
0x47C1,0x1FC1,0A,40,3,0x00CF60,0x03E,0x00CF9E,0x03C2,36,00,8F,OK
0x47C0,0x1FC0,0A,40,3,0x00CF60,0x03F,0x00CF9F,0x03C1,36,06,94,OK
0x47BF,0x1FBF,0A,40,3,0x00CF60,0x040,0x00CFA0,0x03C0,36,03,90,OK
0x47BE,0x1FBE,0A,40,3,0x00CF60,0x041,0x00CFA1,0x03BF,36,50,DC,OK
0x47BD,0x1FBD,0A,40,3,0x00CF60,0x042,0x00CFA2,0x03BE,36,05,90,OK
0x47BC,0x1FBC,0A,40,3,0x00CF60,0x043,0x00CFA3,0x03BD,36,04,8E,OK
0x47BB,0x1FBB,0A,40,3,0x00CF60,0x044,0x00CFA4,0x03BC,36,00,89,OK
0x47BA,0x1FBA,0A,40,3,0x00CF60,0x045,0x00CFA5,0x03BB,36,99,21,OK
0x47B9,0x1FB9,0A,40,3,0x00CF60,0x046,0x00CFA6,0x03BA,36,03,8A,OK
0x47B8,0x1FB8,0A,40,3,0x00CF60,0x047,0x00CFA7,0x03B9,36,BF,45,OK
0x47B7,0x1FB7,0A,40,3,0x00CF60,0x048,0x00CFA8,0x03B8,36,AA,2F,OK
0x47B6,0x1FB6,0A,40,3,0x00CF60,0x049,0x00CFA9,0x03B7,36,07,8B,OK
0x47B5,0x1FB5,0A,40,3,0x00CF60,0x04A,0x00CFAA,0x03B6,36,EA,6D,OK
0x47B4,0x1FB4,0A,40,3,0x00CF60,0x04B,0x00CFAB,0x03B5,36,FF,81,OK
0x47B3,0x1FB3,0A,40,3,0x00CF60,0x04C,0x00CFAC,0x03B4,36,EA,6B,OK
0x47B2,0x1FB2,0A,40,3,0x00CF60,0x04D,0x00CFAD,0x03B3,36,FF,7F,OK
0x47B1,0x1FB1,0A,40,3,0x00CF60,0x04E,0x00CFAE,0x03B2,36,EB,6A,OK
0x47B0,0x1FB0,0A,40,3,0x00CF60,0x04F,0x00CFAF,0x03B1,36,BF,3D,OK
0x47AF,0x1FAF,0A,40,3,0x00CF60,0x050,0x00CFB0,0x03B0,36,FE,7B,OK
0x47AE,0x1FAE,0A,40,3,0x00CF60,0x051,0x00CFB1,0x03AF,36,FF,7B,OK
0x47AD,0x1FAD,0A,40,3,0x00CF60,0x052,0x00CFB2,0x03AE,36,AF,2A,OK
0x47AC,0x1FAC,0A,40,3,0x00CF60,0x053,0x00CFB3,0x03AD,36,AA,24,OK
0x47AB,0x1FAB,0A,40,3,0x00CF60,0x054,0x00CFB4,0x03AC,36,AF,28,OK
0x47AA,0x1FAA,0A,40,3,0x00CF60,0x055,0x00CFB5,0x03AB,36,FF,77,OK
0x47A9,0x1FA9,0A,40,3,0x00CF60,0x056,0x00CFB6,0x03AA,36,05,7C,OK
0x47A8,0x1FA8,0A,40,3,0x00CF60,0x057,0x00CFB7,0x03A9,36,EA,60,OK
0x47A7,0x1FA7,0A,40,3,0x00CF60,0x058,0x00CFB8,0x03A8,36,FF,74,OK
0x47A6,0x1FA6,0A,40,3,0x00CF60,0x059,0x00CFB9,0x03A7,36,06,7A,OK
0x47A5,0x1FA5,0A,40,3,0x00CF60,0x05A,0x00CFBA,0x03A6,36,AA,1D,OK
0x47A4,0x1FA4,0A,40,3,0x00CF60,0x05B,0x00CFBB,0x03A5,36,EA,5C,OK
0x47A3,0x1FA3,0A,40,3,0x00CF60,0x05C,0x00CFBC,0x03A4,36,FF,70,OK
0x47A2,0x1FA2,0A,40,3,0x00CF60,0x05D,0x00CFBD,0x03A3,36,80,F0,OK
0x47A1,0x1FA1,0A,40,3,0x00CF60,0x05E,0x00CFBE,0x03A2,36,AA,19,OK
0x47A0,0x1FA0,0A,40,3,0x00CF60,0x05F,0x00CFBF,0x03A1,36,07,75,OK
0x479F,0x1F9F,0A,40,3,0x00CF60,0x060,0x00CFC0,0x03A0,36,0A,77,OK
0x479E,0x1F9E,0A,40,3,0x00CF60,0x061,0x00CFC1,0x039F,36,04,70,OK
0x479D,0x1F9D,0A,40,3,0x00CF60,0x062,0x00CFC2,0x039E,36,00,6B,OK
0x479C,0x1F9C,0A,40,3,0x00CF60,0x063,0x00CFC3,0x039D,36,2A,94,OK
0x479B,0x1F9B,0A,40,3,0x00CF60,0x064,0x00CFC4,0x039C,36,00,69,OK
0x479A,0x1F9A,0A,40,3,0x00CF60,0x065,0x00CFC5,0x039B,36,28,90,OK
0x4799,0x1F99,0A,40,3,0x00CF60,0x066,0x00CFC6,0x039A,36,80,E7,OK
0x4798,0x1F98,0A,40,3,0x00CF60,0x067,0x00CFC7,0x0399,36,02,68,OK
0x4797,0x1F97,0A,40,3,0x00CF60,0x068,0x00CFC8,0x0398,36,04,69,OK
0x4796,0x1F96,0A,40,3,0x00CF60,0x069,0x00CFC9,0x0397,36,00,64,OK
0x4795,0x1F95,0A,40,3,0x00CF60,0x06A,0x00CFCA,0x0396,36,A8,0B,OK
0x4794,0x1F94,0A,40,3,0x00CF60,0x06B,0x00CFCB,0x0395,36,2A,8C,OK
0x4793,0x1F93,0A,40,3,0x00CF60,0x06C,0x00CFCC,0x0394,36,28,89,OK
0x4792,0x1F92,0A,40,3,0x00CF60,0x06D,0x00CFCD,0x0393,36,00,60,OK
0x4791,0x1F91,0A,40,3,0x00CF60,0x06E,0x00CFCE,0x0392,36,05,64,OK
0x4790,0x1F90,0A,40,3,0x00CF60,0x06F,0x00CFCF,0x0391,36,0A,68,OK
0x478F,0x1F8F,0A,40,3,0x00CF60,0x070,0x00CFD0,0x0390,36,04,61,OK
0x478E,0x1F8E,0A,40,3,0x00CF60,0x071,0x00CFD1,0x038F,36,09,65,OK
0x478D,0x1F8D,0A,40,3,0x00CF60,0x072,0x00CFD2,0x038E,36,80,DB,OK
0x478C,0x1F8C,0A,40,3,0x00CF60,0x073,0x00CFD3,0x038D,36,AA,04,OK
0x478B,0x1F8B,0A,40,3,0x00CF60,0x074,0x00CFD4,0x038C,36,0A,63,OK
0x478A,0x1F8A,0A,40,3,0x00CF60,0x075,0x00CFD5,0x038B,36,04,5C,OK
0x4789,0x1F89,0A,40,3,0x00CF60,0x076,0x00CFD6,0x038A,36,00,57,OK
0x4788,0x1F88,0A,40,3,0x00CF60,0x077,0x00CFD7,0x0389,36,99,EF,OK
0x4787,0x1F87,0A,40,3,0x00CF60,0x078,0x00CFD8,0x0388,36,03,58,OK
0x4786,0x1F86,0A,40,3,0x00CF60,0x079,0x00CFD9,0x0387,36,7F,D3,OK
0x4785,0x1F85,0A,40,3,0x00CF60,0x07A,0x00CFDA,0x0386,36,55,A8,OK
0x4784,0x1F84,0A,40,3,0x00CF60,0x07B,0x00CFDB,0x0385,36,07,59,OK
0x4783,0x1F83,0A,40,3,0x00CF60,0x07C,0x00CFDC,0x0384,36,F5,46,OK
0x4782,0x1F82,0A,40,3,0x00CF60,0x07D,0x00CFDD,0x0383,36,7F,CF,OK
0x4781,0x1F81,0A,40,3,0x00CF60,0x07E,0x00CFDE,0x0382,36,55,A4,OK
0x4780,0x1F80,0A,40,3,0x00CF60,0x07F,0x00CFDF,0x0381,36,7F,CD,OK
0x477F,0x1F7F,0A,40,3,0x00CF60,0x080,0x00CFE0,0x0380,36,D5,22,OK
0x477E,0x1F7E,0A,40,3,0x00CF60,0x081,0x00CFE1,0x037F,36,7F,CB,OK
0x477D,0x1F7D,0A,40,3,0x00CF60,0x082,0x00CFE2,0x037E,36,FD,48,OK
0x477C,0x1F7C,0A,40,3,0x00CF60,0x083,0x00CFE3,0x037D,36,FF,49,OK
0x477B,0x1F7B,0A,40,3,0x00CF60,0x084,0x00CFE4,0x037C,36,57,A0,OK
0x477A,0x1F7A,0A,40,3,0x00CF60,0x085,0x00CFE5,0x037B,36,55,9D,OK
0x4779,0x1F79,0A,40,3,0x00CF60,0x086,0x00CFE6,0x037A,36,57,9E,OK
0x4778,0x1F78,0A,40,3,0x00CF60,0x087,0x00CFE7,0x0379,36,7F,C5,OK
0x4777,0x1F77,0A,40,3,0x00CF60,0x088,0x00CFE8,0x0378,36,55,9A,OK
0x4776,0x1F76,0A,40,3,0x00CF60,0x089,0x00CFE9,0x0377,36,D5,19,OK
0x4775,0x1F75,0A,40,3,0x00CF60,0x08A,0x00CFEA,0x0376,36,FF,42,OK
0x4774,0x1F74,0A,40,3,0x00CF60,0x08B,0x00CFEB,0x0375,36,05,47,OK
0x4773,0x1F73,0A,40,3,0x00CF60,0x08C,0x00CFEC,0x0374,36,57,98,OK
0x4772,0x1F72,0A,40,3,0x00CF60,0x08D,0x00CFED,0x0373,36,55,95,OK
0x4771,0x1F71,0A,40,3,0x00CF60,0x08E,0x00CFEE,0x0372,36,09,48,OK
0x4770,0x1F70,0A,40,3,0x00CF60,0x08F,0x00CFEF,0x0371,36,40,7E,OK
0x476F,0x1F6F,0A,40,3,0x00CF60,0x090,0x00CFF0,0x0370,36,55,92,OK
0x476E,0x1F6E,0A,40,3,0x00CF60,0x091,0x00CFF1,0x036F,36,07,43,OK
0x476D,0x1F6D,0A,40,3,0x00CF60,0x092,0x00CFF2,0x036E,36,15,50,OK
0x476C,0x1F6C,0A,40,3,0x00CF60,0x093,0x00CFF3,0x036D,36,00,3A,OK
0x476B,0x1F6B,0A,40,3,0x00CF60,0x094,0x00CFF4,0x036C,36,55,8E,OK
0x476A,0x1F6A,0A,40,3,0x00CF60,0x095,0x00CFF5,0x036B,36,00,38,OK
0x4769,0x1F69,0A,40,3,0x00CF60,0x096,0x00CFF6,0x036A,36,55,8C,OK
0x4768,0x1F68,0A,40,3,0x00CF60,0x097,0x00CFF7,0x0369,36,40,76,OK
0x4767,0x1F67,0A,40,3,0x00CF60,0x098,0x00CFF8,0x0368,36,01,36,OK
0x4766,0x1F66,0A,40,3,0x00CF60,0x099,0x00CFF9,0x0367,36,00,34,OK
0x4765,0x1F65,0A,40,3,0x00CF60,0x09A,0x00CFFA,0x0366,36,54,87,OK
0x4764,0x1F64,0A,40,3,0x00CF60,0x09B,0x00CFFB,0x0365,36,55,87,OK
0x4763,0x1F63,0A,40,3,0x00CF60,0x09C,0x00CFFC,0x0364,36,54,85,OK
0x4762,0x1F62,0A,40,3,0x00CF60,0x09D,0x00CFFD,0x0363,36,00,30,OK
0x4761,0x1F61,0A,40,3,0x00CF60,0x09E,0x00CFFE,0x0362,36,55,84,OK
0x4760,0x1F60,0A,40,3,0x00CF60,0x09F,0x00CFFF,0x0361,36,15,43,OK
0x475F,0x1F5F,0A,40,3,0x00CF60,0x0A0,0x00D000,0x0360,36,00,2D,OK
0x475E,0x1F5E,0A,40,3,0x00CF60,0x0A1,0x00D001,0x035F,36,05,31,OK
0x475D,0x1F5D,0A,40,3,0x00CF60,0x0A2,0x00D002,0x035E,36,50,7B,OK
0x475C,0x1F5C,0A,40,3,0x00CF60,0x0A3,0x00D003,0x035D,36,55,7F,OK
0x475B,0x1F5B,0A,40,3,0x00CF60,0x0A4,0x00D004,0x035C,36,00,29,OK
0x475A,0x1F5A,0A,40,3,0x00CF60,0x0A5,0x00D005,0x035B,36,05,2D,OK
0x4759,0x1F59,0A,40,3,0x00CF60,0x0A6,0x00D006,0x035A,36,99,C0,OK
0x4758,0x1F58,0A,40,3,0x00CF60,0x0A7,0x00D007,0x0359,36,03,29,OK
0x4757,0x1F57,0A,40,3,0x00CF60,0x0A8,0x00D008,0x0358,36,0A,2F,OK
0x4756,0x1F56,0A,40,3,0x00CF60,0x0A9,0x00D009,0x0357,36,EA,0E,OK
0x4755,0x1F55,0A,40,3,0x00CF60,0x0AA,0x00D00A,0x0356,36,09,2C,OK
0x4754,0x1F54,0A,40,3,0x00CF60,0x0AB,0x00D00B,0x0355,36,BF,E1,OK
0x4753,0x1F53,0A,40,3,0x00CF60,0x0AC,0x00D00C,0x0354,36,AA,CB,OK
0x4752,0x1F52,0A,40,3,0x00CF60,0x0AD,0x00D00D,0x0353,36,BE,DE,OK
0x4751,0x1F51,0A,40,3,0x00CF60,0x0AE,0x00D00E,0x0352,36,EA,09,OK
0x4750,0x1F50,0A,40,3,0x00CF60,0x0AF,0x00D00F,0x0351,36,BF,DD,OK
0x474F,0x1F4F,0A,40,3,0x00CF60,0x0B0,0x00D010,0x0350,36,FE,1B,OK
0x474E,0x1F4E,0A,40,3,0x00CF60,0x0B1,0x00D011,0x034F,36,FF,1B,OK
0x474D,0x1F4D,0A,40,3,0x00CF60,0x0B2,0x00D012,0x034E,36,AB,C6,OK
0x474C,0x1F4C,0A,40,3,0x00CF60,0x0B3,0x00D013,0x034D,36,FF,19,OK
0x474B,0x1F4B,0A,40,3,0x00CF60,0x0B4,0x00D014,0x034C,36,AF,C8,OK
0x474A,0x1F4A,0A,40,3,0x00CF60,0x0B5,0x00D015,0x034B,36,AA,C2,OK
0x4749,0x1F49,0A,40,3,0x00CF60,0x0B6,0x00D016,0x034A,36,05,1C,OK
0x4748,0x1F48,0A,40,3,0x00CF60,0x0B7,0x00D017,0x0349,36,EA,00,OK
0x4747,0x1F47,0A,40,3,0x00CF60,0x0B8,0x00D018,0x0348,36,FF,14,OK
0x4746,0x1F46,0A,40,3,0x00CF60,0x0B9,0x00D019,0x0347,36,05,19,OK
0x4745,0x1F45,0A,40,3,0x00CF60,0x0BA,0x00D01A,0x0346,36,AA,BD,OK
0x4744,0x1F44,0A,40,3,0x00CF60,0x0BB,0x00D01B,0x0345,36,EA,FC,OK
0x4743,0x1F43,0A,40,3,0x00CF60,0x0BC,0x00D01C,0x0344,36,FF,10,OK
0x4742,0x1F42,0A,40,3,0x00CF60,0x0BD,0x00D01D,0x0343,36,05,15,OK
0x4741,0x1F41,0A,40,3,0x00CF60,0x0BE,0x00D01E,0x0342,36,09,18,OK
0x4740,0x1F40,0A,40,3,0x00CF60,0x0BF,0x00D01F,0x0341,36,80,8E,OK
0x473F,0x1F3F,0A,40,3,0x00CF60,0x0C0,0x00D020,0x0340,36,0A,17,OK
0x473E,0x1F3E,0A,40,3,0x00CF60,0x0C1,0x00D021,0x033F,36,04,10,OK
0x473D,0x1F3D,0A,40,3,0x00CF60,0x0C2,0x00D022,0x033E,36,09,14,OK
0x473C,0x1F3C,0A,40,3,0x00CF60,0x0C3,0x00D023,0x033D,36,80,8A,OK
0x473B,0x1F3B,0A,40,3,0x00CF60,0x0C4,0x00D024,0x033C,36,AA,B3,OK
0x473A,0x1F3A,0A,40,3,0x00CF60,0x0C5,0x00D025,0x033B,36,A0,A8,OK
0x4739,0x1F39,0A,40,3,0x00CF60,0x0C6,0x00D026,0x033A,36,0A,11,OK
0x4738,0x1F38,0A,40,3,0x00CF60,0x0C7,0x00D027,0x0339,36,04,0A,OK
0x4737,0x1F37,0A,40,3,0x00CF60,0x0C8,0x00D028,0x0338,36,80,85,OK
0x4736,0x1F36,0A,40,3,0x00CF60,0x0C9,0x00D029,0x0337,36,02,06,OK
0x4735,0x1F35,0A,40,3,0x00CF60,0x0CA,0x00D02A,0x0336,36,04,07,OK
0x4734,0x1F34,0A,40,3,0x00CF60,0x0CB,0x00D02B,0x0335,36,00,02,OK
0x4733,0x1F33,0A,40,3,0x00CF60,0x0CC,0x00D02C,0x0334,36,28,29,OK
0x4732,0x1F32,0A,40,3,0x00CF60,0x0CD,0x00D02D,0x0333,36,00,00,OK
0x4731,0x1F31,0A,40,3,0x00CF60,0x0CE,0x00D02E,0x0332,36,A8,A7,OK
0x4730,0x1F30,0A,40,3,0x00CF60,0x0CF,0x00D02F,0x0331,36,AA,A8,OK
0x472F,0x1F2F,0A,40,3,0x00CF60,0x0D0,0x00D030,0x0330,36,05,02,OK
0x472E,0x1F2E,0A,40,3,0x00CF60,0x0D1,0x00D031,0x032F,36,2A,26,OK
0x472D,0x1F2D,0A,40,3,0x00CF60,0x0D2,0x00D032,0x032E,36,00,FB,OK
0x472C,0x1F2C,0A,40,3,0x00CF60,0x0D3,0x00D033,0x032D,36,05,FF,OK
0x472B,0x1F2B,0A,40,3,0x00CF60,0x0D4,0x00D034,0x032C,36,AA,A3,OK
0x472A,0x1F2A,0A,40,3,0x00CF60,0x0D5,0x00D035,0x032B,36,0A,02,OK
0x4729,0x1F29,0A,40,3,0x00CF60,0x0D6,0x00D036,0x032A,36,04,FB,OK
0x4728,0x1F28,0A,40,3,0x00CF60,0x0D7,0x00D037,0x0329,36,00,F6,OK
0x4727,0x1F27,0A,40,3,0x00CF60,0x0D8,0x00D038,0x0328,36,05,FA,OK
0x4726,0x1F26,0A,40,3,0x00CF60,0x0D9,0x00D039,0x0327,36,99,8D,OK
0x4725,0x1F25,0A,40,3,0x00CF60,0x0DA,0x00D03A,0x0326,36,03,F6,OK
0x4724,0x1F24,0A,40,3,0x00CF60,0x0DB,0x00D03B,0x0325,36,09,FB,OK
0x4723,0x1F23,0A,40,3,0x00CF60,0x0DC,0x00D03C,0x0324,36,7F,70,OK
0x4722,0x1F22,0A,40,3,0x00CF60,0x0DD,0x00D03D,0x0323,36,F5,E5,OK
0x4721,0x1F21,0A,40,3,0x00CF60,0x0DE,0x00D03E,0x0322,36,09,F8,OK
0x4720,0x1F20,0A,40,3,0x00CF60,0x0DF,0x00D03F,0x0321,36,5F,4D,OK
0x471F,0x1F1F,0A,40,3,0x00CF60,0x0E0,0x00D040,0x0320,36,5D,4A,OK
0x471E,0x1F1E,0A,40,3,0x00CF60,0x0E1,0x00D041,0x031F,36,55,41,OK
0x471D,0x1F1D,0A,40,3,0x00CF60,0x0E2,0x00D042,0x031E,36,07,F2,OK
0x471C,0x1F1C,0A,40,3,0x00CF60,0x0E3,0x00D043,0x031D,36,09,F3,OK
0x471B,0x1F1B,0A,40,3,0x00CF60,0x0E4,0x00D044,0x031C,36,FF,E8,OK
0x471A,0x1F1A,0A,40,3,0x00CF60,0x0E5,0x00D045,0x031B,36,5F,47,OK
0x4719,0x1F19,0A,40,3,0x00CF60,0x0E6,0x00D046,0x031A,36,55,3C,OK
0x4718,0x1F18,0A,40,3,0x00CF60,0x0E7,0x00D047,0x0319,36,05,EB,OK
0x4717,0x1F17,0A,40,3,0x00CF60,0x0E8,0x00D048,0x0318,36,FD,E2,OK
0x4716,0x1F16,0A,40,3,0x00CF60,0x0E9,0x00D049,0x0317,36,FF,E3,OK
0x4715,0x1F15,0A,40,3,0x00CF60,0x0EA,0x00D04A,0x0316,36,7F,62,OK
0x4714,0x1F14,0A,40,3,0x00CF60,0x0EB,0x00D04B,0x0315,36,D5,B7,OK
0x4713,0x1F13,0A,40,3,0x00CF60,0x0EC,0x00D04C,0x0314,36,05,E6,OK
0x4712,0x1F12,0A,40,3,0x00CF60,0x0ED,0x00D04D,0x0313,36,5F,3F,OK
0x4711,0x1F11,0A,40,3,0x00CF60,0x0EE,0x00D04E,0x0312,36,FF,DE,OK
0x4710,0x1F10,0A,40,3,0x00CF60,0x0EF,0x00D04F,0x0311,36,0A,E8,OK
0x470F,0x1F0F,0A,40,3,0x00CF60,0x0F0,0x00D050,0x0310,36,15,F2,OK
0x470E,0x1F0E,0A,40,3,0x00CF60,0x0F1,0x00D051,0x030F,36,09,E5,OK
0x470D,0x1F0D,0A,40,3,0x00CF60,0x0F2,0x00D052,0x030E,36,40,1B,OK
0x470C,0x1F0C,0A,40,3,0x00CF60,0x0F3,0x00D053,0x030D,36,45,1F,OK
0x470B,0x1F0B,0A,40,3,0x00CF60,0x0F4,0x00D054,0x030C,36,51,2A,OK
0x470A,0x1F0A,0A,40,3,0x00CF60,0x0F5,0x00D055,0x030B,36,55,2D,OK
0x4709,0x1F09,0A,40,3,0x00CF60,0x0F6,0x00D056,0x030A,36,06,DD,OK
0x4708,0x1F08,0A,40,3,0x00CF60,0x0F7,0x00D057,0x0309,36,15,EB,OK
0x4707,0x1F07,0A,40,3,0x00CF60,0x0F8,0x00D058,0x0308,36,14,E9,OK
0x4706,0x1F06,0A,40,3,0x00CF60,0x0F9,0x00D059,0x0307,36,00,D4,OK
0x4705,0x1F05,0A,40,3,0x00CF60,0x0FA,0x00D05A,0x0306,36,50,23,OK
0x4704,0x1F04,0A,40,3,0x00CF60,0x0FB,0x00D05B,0x0305,36,55,27,OK
0x4703,0x1F03,0A,40,3,0x00CF60,0x0FC,0x00D05C,0x0304,36,05,D6,OK
0x4702,0x1F02,0A,40,3,0x00CF60,0x0FD,0x00D05D,0x0303,36,05,D5,OK
0x4701,0x1F01,0A,40,3,0x00CF60,0x0FE,0x00D05E,0x0302,36,04,D3,OK
0x4700,0x1F00,0A,40,3,0x00CF60,0x0FF,0x00D05F,0x0301,36,00,CE,OK
0x46FF,0x1EFF,0A,40,3,0x00CF60,0x100,0x00D060,0x0300,36,40,0D,OK
0x46FE,0x1EFE,0A,40,3,0x00CF60,0x101,0x00D061,0x02FF,36,55,20,OK
0x46FD,0x1EFD,0A,40,3,0x00CF60,0x102,0x00D062,0x02FE,36,15,DF,OK
0x46FC,0x1EFC,0A,40,3,0x00CF60,0x103,0x00D063,0x02FD,36,40,09,OK
0x46FB,0x1EFB,0A,40,3,0x00CF60,0x104,0x00D064,0x02FC,36,01,C9,OK
0x46FA,0x1EFA,0A,40,3,0x00CF60,0x105,0x00D065,0x02FB,36,99,60,OK
0x46F9,0x1EF9,0A,40,3,0x00CF60,0x106,0x00D066,0x02FA,36,03,C9,OK
0x46F8,0x1EF8,0A,40,3,0x00CF60,0x107,0x00D067,0x02F9,36,0A,CF,OK
0x46F7,0x1EF7,0A,40,3,0x00CF60,0x108,0x00D068,0x02F8,36,EA,AE,OK
0x46F6,0x1EF6,0A,40,3,0x00CF60,0x109,0x00D069,0x02F7,36,0A,CD,OK
0x46F5,0x1EF5,0A,40,3,0x00CF60,0x10A,0x00D06A,0x02F6,36,BE,80,OK
0x46F4,0x1EF4,0A,40,3,0x00CF60,0x10B,0x00D06B,0x02F5,36,AA,6B,OK
0x46F3,0x1EF3,0A,40,3,0x00CF60,0x10C,0x00D06C,0x02F4,36,AF,6F,OK
0x46F2,0x1EF2,0A,40,3,0x00CF60,0x10D,0x00D06D,0x02F3,36,AA,69,OK
0x46F1,0x1EF1,0A,40,3,0x00CF60,0x10E,0x00D06E,0x02F2,36,05,C3,OK
0x46F0,0x1EF0,0A,40,3,0x00CF60,0x10F,0x00D06F,0x02F1,36,EA,A7,OK
0x46EF,0x1EEF,0A,40,3,0x00CF60,0x110,0x00D070,0x02F0,36,EB,A7,OK
0x46EE,0x1EEE,0A,40,3,0x00CF60,0x111,0x00D071,0x02EF,36,FF,BA,OK
0x46ED,0x1EED,0A,40,3,0x00CF60,0x112,0x00D072,0x02EE,36,AF,69,OK
0x46EC,0x1EEC,0A,40,3,0x00CF60,0x113,0x00D073,0x02ED,36,EA,A3,OK
0x46EB,0x1EEB,0A,40,3,0x00CF60,0x114,0x00D074,0x02EC,36,AF,67,OK
0x46EA,0x1EEA,0A,40,3,0x00CF60,0x115,0x00D075,0x02EB,36,FE,B5,OK
0x46E9,0x1EE9,0A,40,3,0x00CF60,0x116,0x00D076,0x02EA,36,FF,B5,OK
0x46E8,0x1EE8,0A,40,3,0x00CF60,0x117,0x00D077,0x02E9,36,AF,64,OK
0x46E7,0x1EE7,0A,40,3,0x00CF60,0x118,0x00D078,0x02E8,36,FA,AE,OK
0x46E6,0x1EE6,0A,40,3,0x00CF60,0x119,0x00D079,0x02E7,36,AB,5E,OK
0x46E5,0x1EE5,0A,40,3,0x00CF60,0x11A,0x00D07A,0x02E6,36,05,B7,OK
0x46E4,0x1EE4,0A,40,3,0x00CF60,0x11B,0x00D07B,0x02E5,36,FE,AF,OK
0x46E3,0x1EE3,0A,40,3,0x00CF60,0x11C,0x00D07C,0x02E4,36,09,B9,OK
0x46E2,0x1EE2,0A,40,3,0x00CF60,0x11D,0x00D07D,0x02E3,36,80,2F,OK
0x46E1,0x1EE1,0A,40,3,0x00CF60,0x11E,0x00D07E,0x02E2,36,0A,B8,OK
0x46E0,0x1EE0,0A,40,3,0x00CF60,0x11F,0x00D07F,0x02E1,36,04,B1,OK
0x46DF,0x1EDF,0A,40,3,0x00CF60,0x120,0x00D080,0x02E0,36,09,B5,OK
0x46DE,0x1EDE,0A,40,3,0x00CF60,0x121,0x00D081,0x02DF,36,80,2B,OK
0x46DD,0x1EDD,0A,40,3,0x00CF60,0x122,0x00D082,0x02DE,36,82,2C,OK
0x46DC,0x1EDC,0A,40,3,0x00CF60,0x123,0x00D083,0x02DD,36,AA,53,OK
0x46DB,0x1EDB,0A,40,3,0x00CF60,0x124,0x00D084,0x02DC,36,A8,50,OK
0x46DA,0x1EDA,0A,40,3,0x00CF60,0x125,0x00D085,0x02DB,36,AA,51,OK
0x46D9,0x1ED9,0A,40,3,0x00CF60,0x126,0x00D086,0x02DA,36,05,AB,OK
0x46D8,0x1ED8,0A,40,3,0x00CF60,0x127,0x00D087,0x02D9,36,2A,CF,OK
0x46D7,0x1ED7,0A,40,3,0x00CF60,0x128,0x00D088,0x02D8,36,05,A9,OK
0x46D6,0x1ED6,0A,40,3,0x00CF60,0x129,0x00D089,0x02D7,36,00,A3,OK
0x46D5,0x1ED5,0A,40,3,0x00CF60,0x12A,0x00D08A,0x02D6,36,A0,42,OK
0x46D4,0x1ED4,0A,40,3,0x00CF60,0x12B,0x00D08B,0x02D5,36,2A,CB,OK
0x46D3,0x1ED3,0A,40,3,0x00CF60,0x12C,0x00D08C,0x02D4,36,A8,48,OK
0x46D2,0x1ED2,0A,40,3,0x00CF60,0x12D,0x00D08D,0x02D3,36,00,9F,OK
0x46D1,0x1ED1,0A,40,3,0x00CF60,0x12E,0x00D08E,0x02D2,36,05,A3,OK
0x46D0,0x1ED0,0A,40,3,0x00CF60,0x12F,0x00D08F,0x02D1,36,A0,3D,OK
0x46CF,0x1ECF,0A,40,3,0x00CF60,0x130,0x00D090,0x02D0,36,0A,A6,OK
0x46CE,0x1ECE,0A,40,3,0x00CF60,0x131,0x00D091,0x02CF,36,04,9F,OK
0x46CD,0x1ECD,0A,40,3,0x00CF60,0x132,0x00D092,0x02CE,36,2A,C4,OK
0x46CC,0x1ECC,0A,40,3,0x00CF60,0x133,0x00D093,0x02CD,36,AA,43,OK
0x46CB,0x1ECB,0A,40,3,0x00CF60,0x134,0x00D094,0x02CC,36,02,9A,OK
0x46CA,0x1ECA,0A,40,3,0x00CF60,0x135,0x00D095,0x02CB,36,04,9B,OK
0x46C9,0x1EC9,0A,40,3,0x00CF60,0x136,0x00D096,0x02CA,36,99,2F,OK
0x46C8,0x1EC8,0A,40,3,0x00CF60,0x137,0x00D097,0x02C9,36,03,98,OK
0x46C7,0x1EC7,0A,40,3,0x00CF60,0x138,0x00D098,0x02C8,36,09,9D,OK
0x46C6,0x1EC6,0A,40,3,0x00CF60,0x139,0x00D099,0x02C7,36,7F,12,OK
0x46C5,0x1EC5,0A,40,3,0x00CF60,0x13A,0x00D09A,0x02C6,36,F5,87,OK
0x46C4,0x1EC4,0A,40,3,0x00CF60,0x13B,0x00D09B,0x02C5,36,0A,9B,OK
0x46C3,0x1EC3,0A,40,3,0x00CF60,0x13C,0x00D09C,0x02C4,36,7F,0F,OK
0x46C2,0x1EC2,0A,40,3,0x00CF60,0x13D,0x00D09D,0x02C3,36,D5,64,OK
0x46C1,0x1EC1,0A,40,3,0x00CF60,0x13E,0x00D09E,0x02C2,36,FF,8D,OK
0x46C0,0x1EC0,0A,40,3,0x00CF60,0x13F,0x00D09F,0x02C1,36,7F,0C,OK
0x46BF,0x1EBF,0A,40,3,0x00CF60,0x140,0x00D0A0,0x02C0,36,FD,89,OK
0x46BE,0x1EBE,0A,40,3,0x00CF60,0x141,0x00D0A1,0x02BF,36,FF,8A,OK
0x46BD,0x1EBD,0A,40,3,0x00CF60,0x142,0x00D0A2,0x02BE,36,D5,5F,OK
0x46BC,0x1EBC,0A,40,3,0x00CF60,0x143,0x00D0A3,0x02BD,36,FF,88,OK
0x46BB,0x1EBB,0A,40,3,0x00CF60,0x144,0x00D0A4,0x02BC,36,5F,E7,OK
0x46BA,0x1EBA,0A,40,3,0x00CF60,0x145,0x00D0A5,0x02BB,36,FD,84,OK
0x46B9,0x1EB9,0A,40,3,0x00CF60,0x146,0x00D0A6,0x02BA,36,D5,5B,OK
0x46B8,0x1EB8,0A,40,3,0x00CF60,0x147,0x00D0A7,0x02B9,36,FF,84,OK
0x46B7,0x1EB7,0A,40,3,0x00CF60,0x148,0x00D0A8,0x02B8,36,D7,5B,OK
0x46B6,0x1EB6,0A,40,3,0x00CF60,0x149,0x00D0A9,0x02B7,36,57,DA,OK
0x46B5,0x1EB5,0A,40,3,0x00CF60,0x14A,0x00D0AA,0x02B6,36,FF,81,OK
0x46B4,0x1EB4,0A,40,3,0x00CF60,0x14B,0x00D0AB,0x02B5,36,57,D8,OK
0x46B3,0x1EB3,0A,40,3,0x00CF60,0x14C,0x00D0AC,0x02B4,36,D5,55,OK
0x46B2,0x1EB2,0A,40,3,0x00CF60,0x14D,0x00D0AD,0x02B3,36,57,D6,OK
0x46B1,0x1EB1,0A,40,3,0x00CF60,0x14E,0x00D0AE,0x02B2,36,00,7E,OK
0x46B0,0x1EB0,0A,40,3,0x00CF60,0x14F,0x00D0AF,0x02B1,36,06,83,OK
0x46AF,0x1EAF,0A,40,3,0x00CF60,0x150,0x00D0B0,0x02B0,36,15,91,OK
0x46AE,0x1EAE,0A,40,3,0x00CF60,0x151,0x00D0B1,0x02AF,36,00,7B,OK
0x46AD,0x1EAD,0A,40,3,0x00CF60,0x152,0x00D0B2,0x02AE,36,07,81,OK
0x46AC,0x1EAC,0A,40,3,0x00CF60,0x153,0x00D0B3,0x02AD,36,15,8E,OK
0x46AB,0x1EAB,0A,40,3,0x00CF60,0x154,0x00D0B4,0x02AC,36,00,78,OK
0x46AA,0x1EAA,0A,40,3,0x00CF60,0x155,0x00D0B5,0x02AB,36,40,B7,OK
0x46A9,0x1EA9,0A,40,3,0x00CF60,0x156,0x00D0B6,0x02AA,36,01,77,OK
0x46A8,0x1EA8,0A,40,3,0x00CF60,0x157,0x00D0B7,0x02A9,36,00,75,OK
0x46A7,0x1EA7,0A,40,3,0x00CF60,0x158,0x00D0B8,0x02A8,36,14,88,OK
0x46A6,0x1EA6,0A,40,3,0x00CF60,0x159,0x00D0B9,0x02A7,36,00,73,OK
0x46A5,0x1EA5,0A,40,3,0x00CF60,0x15A,0x00D0BA,0x02A6,36,40,B2,OK
0x46A4,0x1EA4,0A,40,3,0x00CF60,0x15B,0x00D0BB,0x02A5,36,05,76,OK
0x46A3,0x1EA3,0A,40,3,0x00CF60,0x15C,0x00D0BC,0x02A4,36,04,74,OK
0x46A2,0x1EA2,0A,40,3,0x00CF60,0x15D,0x00D0BD,0x02A3,36,54,C3,OK
0x46A1,0x1EA1,0A,40,3,0x00CF60,0x15E,0x00D0BE,0x02A2,36,00,6E,OK
0x46A0,0x1EA0,0A,40,3,0x00CF60,0x15F,0x00D0BF,0x02A1,36,54,C1,OK
0x469F,0x1E9F,0A,40,3,0x00CF60,0x160,0x00D0C0,0x02A0,36,05,71,OK
0x469E,0x1E9E,0A,40,3,0x00CF60,0x161,0x00D0C1,0x029F,36,01,6C,OK
0x469D,0x1E9D,0A,40,3,0x00CF60,0x162,0x00D0C2,0x029E,36,54,BE,OK
0x469C,0x1E9C,0A,40,3,0x00CF60,0x163,0x00D0C3,0x029D,36,15,7E,OK
0x469B,0x1E9B,0A,40,3,0x00CF60,0x164,0x00D0C4,0x029C,36,50,B8,OK
0x469A,0x1E9A,0A,40,3,0x00CF60,0x165,0x00D0C5,0x029B,36,99,00,OK
0x4699,0x1E99,0A,40,3,0x00CF60,0x166,0x00D0C6,0x029A,36,03,69,OK
0x4698,0x1E98,0A,40,3,0x00CF60,0x167,0x00D0C7,0x0299,36,0A,6F,OK
0x4697,0x1E97,0A,40,3,0x00CF60,0x168,0x00D0C8,0x0298,36,EA,4E,OK
0x4696,0x1E96,0A,40,3,0x00CF60,0x169,0x00D0C9,0x0297,36,0B,6E,OK
0x4695,0x1E95,0A,40,3,0x00CF60,0x16A,0x00D0CA,0x0296,36,EA,4C,OK
0x4694,0x1E94,0A,40,3,0x00CF60,0x16B,0x00D0CB,0x0295,36,BF,20,OK
0x4693,0x1E93,0A,40,3,0x00CF60,0x16C,0x00D0CC,0x0294,36,BE,1E,OK
0x4692,0x1E92,0A,40,3,0x00CF60,0x16D,0x00D0CD,0x0293,36,FE,5D,OK
0x4691,0x1E91,0A,40,3,0x00CF60,0x16E,0x00D0CE,0x0292,36,FA,58,OK
0x4690,0x1E90,0A,40,3,0x00CF60,0x16F,0x00D0CF,0x0291,36,EA,47,OK
0x468F,0x1E8F,0A,40,3,0x00CF60,0x170,0x00D0D0,0x0290,36,FF,5B,OK
0x468E,0x1E8E,0A,40,3,0x00CF60,0x171,0x00D0D1,0x028F,36,BF,1A,OK
0x468D,0x1E8D,0A,40,3,0x00CF60,0x172,0x00D0D2,0x028E,36,FA,54,OK
0x468C,0x1E8C,0A,40,3,0x00CF60,0x173,0x00D0D3,0x028D,36,EA,43,OK
0x468B,0x1E8B,0A,40,3,0x00CF60,0x174,0x00D0D4,0x028C,36,FF,57,OK
0x468A,0x1E8A,0A,40,3,0x00CF60,0x175,0x00D0D5,0x028B,36,AB,02,OK
0x4689,0x1E89,0A,40,3,0x00CF60,0x176,0x00D0D6,0x028A,36,05,5B,OK
0x4688,0x1E88,0A,40,3,0x00CF60,0x177,0x00D0D7,0x0289,36,AA,FF,OK
0x4687,0x1E87,0A,40,3,0x00CF60,0x178,0x00D0D8,0x0288,36,05,59,OK
0x4686,0x1E86,0A,40,3,0x00CF60,0x179,0x00D0D9,0x0287,36,FA,4D,OK
0x4685,0x1E85,0A,40,3,0x00CF60,0x17A,0x00D0DA,0x0286,36,AF,01,OK
0x4684,0x1E84,0A,40,3,0x00CF60,0x17B,0x00D0DB,0x0285,36,09,5A,OK
0x4683,0x1E83,0A,40,3,0x00CF60,0x17C,0x00D0DC,0x0284,36,80,D0,OK
0x4682,0x1E82,0A,40,3,0x00CF60,0x17D,0x00D0DD,0x0283,36,0A,59,OK
0x4681,0x1E81,0A,40,3,0x00CF60,0x17E,0x00D0DE,0x0282,36,04,52,OK
0x4680,0x1E80,0A,40,3,0x00CF60,0x17F,0x00D0DF,0x0281,36,0A,57,OK
0x467F,0x1E7F,0A,40,3,0x00CF60,0x180,0x00D0E0,0x0280,36,80,CC,OK
0x467E,0x1E7E,0A,40,3,0x00CF60,0x181,0x00D0E1,0x027F,36,0A,55,OK
0x467D,0x1E7D,0A,40,3,0x00CF60,0x182,0x00D0E2,0x027E,36,04,4E,OK
0x467C,0x1E7C,0A,40,3,0x00CF60,0x183,0x00D0E3,0x027D,36,A0,E9,OK
0x467B,0x1E7B,0A,40,3,0x00CF60,0x184,0x00D0E4,0x027C,36,80,C8,OK
0x467A,0x1E7A,0A,40,3,0x00CF60,0x185,0x00D0E5,0x027B,36,82,C9,OK
0x4679,0x1E79,0A,40,3,0x00CF60,0x186,0x00D0E6,0x027A,36,02,48,OK
0x4678,0x1E78,0A,40,3,0x00CF60,0x187,0x00D0E7,0x0279,36,04,49,OK
0x4677,0x1E77,0A,40,3,0x00CF60,0x188,0x00D0E8,0x0278,36,0A,4E,OK
0x4676,0x1E76,0A,40,3,0x00CF60,0x189,0x00D0E9,0x0277,36,04,47,OK
0x4675,0x1E75,0A,40,3,0x00CF60,0x18A,0x00D0EA,0x0276,36,00,42,OK
0x4674,0x1E74,0A,40,3,0x00CF60,0x18B,0x00D0EB,0x0275,36,80,C1,OK
0x4673,0x1E73,0A,40,3,0x00CF60,0x18C,0x00D0EC,0x0274,36,0A,4A,OK
0x4672,0x1E72,0A,40,3,0x00CF60,0x18D,0x00D0ED,0x0273,36,04,43,OK
0x4671,0x1E71,0A,40,3,0x00CF60,0x18E,0x00D0EE,0x0272,36,2A,68,OK
0x4670,0x1E70,0A,40,3,0x00CF60,0x18F,0x00D0EF,0x0271,36,00,3D,OK
0x466F,0x1E6F,0A,40,3,0x00CF60,0x190,0x00D0F0,0x0270,36,28,64,OK
0x466E,0x1E6E,0A,40,3,0x00CF60,0x191,0x00D0F1,0x026F,36,AA,E5,OK
0x466D,0x1E6D,0A,40,3,0x00CF60,0x192,0x00D0F2,0x026E,36,06,40,OK
0x466C,0x1E6C,0A,40,3,0x00CF60,0x193,0x00D0F3,0x026D,36,02,3B,OK
0x466B,0x1E6B,0A,40,3,0x00CF60,0x194,0x00D0F4,0x026C,36,04,3C,OK
0x466A,0x1E6A,0A,40,3,0x00CF60,0x195,0x00D0F5,0x026B,36,A8,DF,OK
0x4669,0x1E69,0A,40,3,0x00CF60,0x196,0x00D0F6,0x026A,36,99,CF,OK
0x4668,0x1E68,0A,40,3,0x00CF60,0x197,0x00D0F7,0x0269,36,03,38,OK
0x4667,0x1E67,0A,40,3,0x00CF60,0x198,0x00D0F8,0x0268,36,99,CD,OK
0x4666,0x1E66,0A,40,3,0x00CF60,0x199,0x00D0F9,0x0267,36,03,36,OK
0x4665,0x1E65,0A,40,3,0x00CF60,0x19A,0x00D0FA,0x0266,36,09,3B,OK
0x4664,0x1E64,0A,40,3,0x00CF60,0x19B,0x00D0FB,0x0265,36,80,B1,OK
0x4663,0x1E63,0A,40,3,0x00CF60,0x19C,0x00D0FC,0x0264,36,1F,4F,OK
0x4662,0x1E62,0A,40,3,0x00CF60,0x19D,0x00D0FD,0x0263,36,0A,39,OK
0x4661,0x1E61,0A,40,3,0x00CF60,0x19E,0x00D0FE,0x0262,36,E0,0E,OK
0x4660,0x1E60,0A,40,3,0x00CF60,0x19F,0x00D0FF,0x0261,36,3F,6C,OK
0x465F,0x1E5F,0A,40,3,0x00CF60,0x1A0,0x00D100,0x0260,36,E0,0C,OK
0x465E,0x1E5E,0A,40,3,0x00CF60,0x1A1,0x00D101,0x025F,36,FF,2A,OK
0x465D,0x1E5D,0A,40,3,0x00CF60,0x1A2,0x00D102,0x025E,36,05,2F,OK
0x465C,0x1E5C,0A,40,3,0x00CF60,0x1A3,0x00D103,0x025D,36,07,30,OK
0x465B,0x1E5B,0A,40,3,0x00CF60,0x1A4,0x00D104,0x025C,36,04,2C,OK
0x465A,0x1E5A,0A,40,3,0x00CF60,0x1A5,0x00D105,0x025B,36,1F,46,OK
0x4659,0x1E59,0A,40,3,0x00CF60,0x1A6,0x00D106,0x025A,36,00,26,OK
0x4658,0x1E58,0A,40,3,0x00CF60,0x1A7,0x00D107,0x0259,36,80,A5,OK
0x4657,0x1E57,0A,40,3,0x00CF60,0x1A8,0x00D108,0x0258,36,CF,F3,OK
0x4656,0x1E56,0A,40,3,0x00CF60,0x1A9,0x00D109,0x0257,36,0F,32,OK
0x4655,0x1E55,0A,40,3,0x00CF60,0x1AA,0x00D10A,0x0256,36,00,22,OK
0x4654,0x1E54,0A,40,3,0x00CF60,0x1AB,0x00D10B,0x0255,36,7C,9D,OK
0x4653,0x1E53,0A,40,3,0x00CF60,0x1AC,0x00D10C,0x0254,36,FE,1E,OK
0x4652,0x1E52,0A,40,3,0x00CF60,0x1AD,0x00D10D,0x0253,36,09,28,OK
0x4651,0x1E51,0A,40,3,0x00CF60,0x1AE,0x00D10E,0x0252,36,00,1E,OK
0x4650,0x1E50,0A,40,3,0x00CF60,0x1AF,0x00D10F,0x0251,36,F8,15,OK
0x464F,0x1E4F,0A,40,3,0x00CF60,0x1B0,0x00D110,0x0250,36,99,B5,OK
0x464E,0x1E4E,0A,40,3,0x00CF60,0x1B1,0x00D111,0x024F,36,03,1E,OK
0x464D,0x1E4D,0A,40,3,0x00CF60,0x1B2,0x00D112,0x024E,36,99,B3,OK
0x464C,0x1E4C,0A,40,3,0x00CF60,0x1B3,0x00D113,0x024D,36,03,1C,OK
0x464B,0x1E4B,0A,40,3,0x00CF60,0x1B4,0x00D114,0x024C,36,09,21,OK
0x464A,0x1E4A,0A,40,3,0x00CF60,0x1B5,0x00D115,0x024B,36,80,97,OK
0x4649,0x1E49,0A,40,3,0x00CF60,0x1B6,0x00D116,0x024A,36,1F,35,OK
0x4648,0x1E48,0A,40,3,0x00CF60,0x1B7,0x00D117,0x0249,36,0A,1F,OK
0x4647,0x1E47,0A,40,3,0x00CF60,0x1B8,0x00D118,0x0248,36,F0,04,OK
0x4646,0x1E46,0A,40,3,0x00CF60,0x1B9,0x00D119,0x0247,36,3F,52,OK
0x4645,0x1E45,0A,40,3,0x00CF60,0x1BA,0x00D11A,0x0246,36,E0,F2,OK
0x4644,0x1E44,0A,40,3,0x00CF60,0x1BB,0x00D11B,0x0245,36,FF,10,OK
0x4643,0x1E43,0A,40,3,0x00CF60,0x1BC,0x00D11C,0x0244,36,05,15,OK
0x4642,0x1E42,0A,40,3,0x00CF60,0x1BD,0x00D11D,0x0243,36,07,16,OK
0x4641,0x1E41,0A,40,3,0x00CF60,0x1BE,0x00D11E,0x0242,36,04,12,OK
0x4640,0x1E40,0A,40,3,0x00CF60,0x1BF,0x00D11F,0x0241,36,1F,2C,OK
0x463F,0x1E3F,0A,40,3,0x00CF60,0x1C0,0x00D120,0x0240,36,09,15,OK
0x463E,0x1E3E,0A,40,3,0x00CF60,0x1C1,0x00D121,0x023F,36,E3,EE,OK
0x463D,0x1E3D,0A,40,3,0x00CF60,0x1C2,0x00D122,0x023E,36,07,11,OK
0x463C,0x1E3C,0A,40,3,0x00CF60,0x1C3,0x00D123,0x023D,36,04,0D,OK
0x463B,0x1E3B,0A,40,3,0x00CF60,0x1C4,0x00D124,0x023C,36,00,08,OK
0x463A,0x1E3A,0A,40,3,0x00CF60,0x1C5,0x00D125,0x023B,36,7C,83,OK
0x4639,0x1E39,0A,40,3,0x00CF60,0x1C6,0x00D126,0x023A,36,00,06,OK
0x4638,0x1E38,0A,40,3,0x00CF60,0x1C7,0x00D127,0x0239,36,05,0A,OK
0x4637,0x1E37,0A,40,3,0x00CF60,0x1C8,0x00D128,0x0238,36,3F,43,OK
0x4636,0x1E36,0A,40,3,0x00CF60,0x1C9,0x00D129,0x0237,36,00,03,OK
0x4635,0x1E35,0A,40,3,0x00CF60,0x1CA,0x00D12A,0x0236,36,F8,FA,OK
0x4634,0x1E34,0A,40,3,0x00CF60,0x1CB,0x00D12B,0x0235,36,99,9A,OK
0x4633,0x1E33,0A,40,3,0x00CF60,0x1CC,0x00D12C,0x0234,36,03,03,OK
0x4632,0x1E32,0A,40,3,0x00CF60,0x1CD,0x00D12D,0x0233,36,99,98,OK
0x4631,0x1E31,0A,40,3,0x00CF60,0x1CE,0x00D12E,0x0232,36,03,01,OK
0x4630,0x1E30,0A,40,3,0x00CF60,0x1CF,0x00D12F,0x0231,36,00,FD,OK
0x462F,0x1E2F,0A,40,3,0x00CF60,0x1D0,0x00D130,0x0230,36,05,01,OK
0x462E,0x1E2E,0A,40,3,0x00CF60,0x1D1,0x00D131,0x022F,36,80,7B,OK
0x462D,0x1E2D,0A,40,3,0x00CF60,0x1D2,0x00D132,0x022E,36,1F,19,OK
0x462C,0x1E2C,0A,40,3,0x00CF60,0x1D3,0x00D133,0x022D,36,00,F9,OK
0x462B,0x1E2B,0A,40,3,0x00CF60,0x1D4,0x00D134,0x022C,36,06,FE,OK
0x462A,0x1E2A,0A,40,3,0x00CF60,0x1D5,0x00D135,0x022B,36,F8,EF,OK
0x4629,0x1E29,0A,40,3,0x00CF60,0x1D6,0x00D136,0x022A,36,3F,35,OK
0x4628,0x1E28,0A,40,3,0x00CF60,0x1D7,0x00D137,0x0229,36,E0,D5,OK
0x4627,0x1E27,0A,40,3,0x00CF60,0x1D8,0x00D138,0x0228,36,C1,B5,OK
0x4626,0x1E26,0A,40,3,0x00CF60,0x1D9,0x00D139,0x0227,36,83,76,OK
0x4625,0x1E25,0A,40,3,0x00CF60,0x1DA,0x00D13A,0x0226,36,07,F9,OK
0x4624,0x1E24,0A,40,3,0x00CF60,0x1DB,0x00D13B,0x0225,36,04,F5,OK
0x4623,0x1E23,0A,40,3,0x00CF60,0x1DC,0x00D13C,0x0224,36,1F,0F,OK
0x4622,0x1E22,0A,40,3,0x00CF60,0x1DD,0x00D13D,0x0223,36,09,F8,OK
0x4621,0x1E21,0A,40,3,0x00CF60,0x1DE,0x00D13E,0x0222,36,F8,E6,OK
0x4620,0x1E20,0A,40,3,0x00CF60,0x1DF,0x00D13F,0x0221,36,0F,FC,OK
0x461F,0x1E1F,0A,40,3,0x00CF60,0x1E0,0x00D140,0x0220,36,00,EC,OK
0x461E,0x1E1E,0A,40,3,0x00CF60,0x1E1,0x00D141,0x021F,36,FC,E7,OK
0x461D,0x1E1D,0A,40,3,0x00CF60,0x1E2,0x00D142,0x021E,36,FF,E9,OK
0x461C,0x1E1C,0A,40,3,0x00CF60,0x1E3,0x00D143,0x021D,36,08,F1,OK
0x461B,0x1E1B,0A,40,3,0x00CF60,0x1E4,0x00D144,0x021C,36,99,81,OK
0x461A,0x1E1A,0A,40,3,0x00CF60,0x1E5,0x00D145,0x021B,36,03,EA,OK
0x4619,0x1E19,0A,40,3,0x00CF60,0x1E6,0x00D146,0x021A,36,99,7F,OK
0x4618,0x1E18,0A,40,3,0x00CF60,0x1E7,0x00D147,0x0219,36,03,E8,OK
0x4617,0x1E17,0A,40,3,0x00CF60,0x1E8,0x00D148,0x0218,36,00,E4,OK
0x4616,0x1E16,0A,40,3,0x00CF60,0x1E9,0x00D149,0x0217,36,05,E8,OK
0x4615,0x1E15,0A,40,3,0x00CF60,0x1EA,0x00D14A,0x0216,36,80,62,OK
0x4614,0x1E14,0A,40,3,0x00CF60,0x1EB,0x00D14B,0x0215,36,1F,00,OK
0x4613,0x1E13,0A,40,3,0x00CF60,0x1EC,0x00D14C,0x0214,36,00,E0,OK
0x4612,0x1E12,0A,40,3,0x00CF60,0x1ED,0x00D14D,0x0213,36,06,E5,OK
0x4611,0x1E11,0A,40,3,0x00CF60,0x1EE,0x00D14E,0x0212,36,FE,DC,OK
0x4610,0x1E10,0A,40,3,0x00CF60,0x1EF,0x00D14F,0x0211,36,7C,59,OK
0x460F,0x1E0F,0A,40,3,0x00CF60,0x1F0,0x00D150,0x0210,36,E0,BC,OK
0x460E,0x1E0E,0A,40,3,0x00CF60,0x1F1,0x00D151,0x020F,36,C1,9C,OK
0x460D,0x1E0D,0A,40,3,0x00CF60,0x1F2,0x00D152,0x020E,36,83,5D,OK
0x460C,0x1E0C,0A,40,3,0x00CF60,0x1F3,0x00D153,0x020D,36,07,E0,OK
0x460B,0x1E0B,0A,40,3,0x00CF60,0x1F4,0x00D154,0x020C,36,04,DC,OK
0x460A,0x1E0A,0A,40,3,0x00CF60,0x1F5,0x00D155,0x020B,36,1F,F6,OK
0x4609,0x1E09,0A,40,3,0x00CF60,0x1F6,0x00D156,0x020A,36,00,D6,OK
0x4608,0x1E08,0A,40,3,0x00CF60,0x1F7,0x00D157,0x0209,36,05,DA,OK
0x4607,0x1E07,0A,40,3,0x00CF60,0x1F8,0x00D158,0x0208,36,FC,D0,OK
0x4606,0x1E06,0A,40,3,0x00CF60,0x1F9,0x00D159,0x0207,36,3F,12,OK
0x4605,0x1E05,0A,40,3,0x00CF60,0x1FA,0x00D15A,0x0206,36,00,D2,OK
0x4604,0x1E04,0A,40,3,0x00CF60,0x1FB,0x00D15B,0x0205,36,FC,CD,OK
0x4603,0x1E03,0A,40,3,0x00CF60,0x1FC,0x00D15C,0x0204,36,FF,CF,OK
0x4602,0x1E02,0A,40,3,0x00CF60,0x1FD,0x00D15D,0x0203,36,08,D7,OK
0x4601,0x1E01,0A,40,3,0x00CF60,0x1FE,0x00D15E,0x0202,36,99,67,OK
0x4600,0x1E00,0A,40,3,0x00CF60,0x1FF,0x00D15F,0x0201,36,03,D0,OK
0x45FF,0x1DFF,0A,40,3,0x00CF60,0x200,0x00D160,0x0200,36,99,65,OK
0x45FE,0x1DFE,0A,40,3,0x00CF60,0x201,0x00D161,0x01FF,36,03,CD,OK
0x45FD,0x1DFD,0A,40,3,0x00CF60,0x202,0x00D162,0x01FE,36,FC,C5,OK
0x45FC,0x1DFC,0A,40,3,0x00CF60,0x203,0x00D163,0x01FD,36,0C,D4,OK
0x45FB,0x1DFB,0A,40,3,0x00CF60,0x204,0x00D164,0x01FC,36,01,C8,OK
0x45FA,0x1DFA,0A,40,3,0x00CF60,0x205,0x00D165,0x01FB,36,78,3E,OK
0x45F9,0x1DF9,0A,40,3,0x00CF60,0x206,0x00D166,0x01FA,36,7C,41,OK
0x45F8,0x1DF8,0A,40,3,0x00CF60,0x207,0x00D167,0x01F9,36,E0,A4,OK
0x45F7,0x1DF7,0A,40,3,0x00CF60,0x208,0x00D168,0x01F8,36,FF,C2,OK
0x45F6,0x1DF6,0A,40,3,0x00CF60,0x209,0x00D169,0x01F7,36,05,C7,OK
0x45F5,0x1DF5,0A,40,3,0x00CF60,0x20A,0x00D16A,0x01F6,36,07,C8,OK
0x45F4,0x1DF4,0A,40,3,0x00CF60,0x20B,0x00D16B,0x01F5,36,04,C4,OK
0x45F3,0x1DF3,0A,40,3,0x00CF60,0x20C,0x00D16C,0x01F4,36,1F,DE,OK
0x45F2,0x1DF2,0A,40,3,0x00CF60,0x20D,0x00D16D,0x01F3,36,00,BE,OK
0x45F1,0x1DF1,0A,40,3,0x00CF60,0x20E,0x00D16E,0x01F2,36,05,C2,OK
0x45F0,0x1DF0,0A,40,3,0x00CF60,0x20F,0x00D16F,0x01F1,36,7F,3B,OK
0x45EF,0x1DEF,0A,40,3,0x00CF60,0x210,0x00D170,0x01F0,36,FE,B9,OK
0x45EE,0x1DEE,0A,40,3,0x00CF60,0x211,0x00D171,0x01EF,36,00,BA,OK
0x45ED,0x1DED,0A,40,3,0x00CF60,0x212,0x00D172,0x01EE,36,07,C0,OK
0x45EC,0x1DEC,0A,40,3,0x00CF60,0x213,0x00D173,0x01ED,36,03,BB,OK
0x45EB,0x1DEB,0A,40,3,0x00CF60,0x214,0x00D174,0x01EC,36,99,50,OK
0x45EA,0x1DEA,0A,40,3,0x00CF60,0x215,0x00D175,0x01EB,36,03,B9,OK
0x45E9,0x1DE9,0A,40,3,0x00CF60,0x216,0x00D176,0x01EA,36,99,4E,OK
0x45E8,0x1DE8,0A,40,3,0x00CF60,0x217,0x00D177,0x01E9,36,03,B7,OK
0x45E7,0x1DE7,0A,40,3,0x00CF60,0x218,0x00D178,0x01E8,36,FC,AF,OK
0x45E6,0x1DE6,0A,40,3,0x00CF60,0x219,0x00D179,0x01E7,36,FF,B1,OK
0x45E5,0x1DE5,0A,40,3,0x00CF60,0x21A,0x00D17A,0x01E6,36,08,B9,OK
0x45E4,0x1DE4,0A,40,3,0x00CF60,0x21B,0x00D17B,0x01E5,36,01,B1,OK
0x45E3,0x1DE3,0A,40,3,0x00CF60,0x21C,0x00D17C,0x01E4,36,00,AF,OK
0x45E2,0x1DE2,0A,40,3,0x00CF60,0x21D,0x00D17D,0x01E3,36,7C,2A,OK
0x45E1,0x1DE1,0A,40,3,0x00CF60,0x21E,0x00D17E,0x01E2,36,E0,8D,OK
0x45E0,0x1DE0,0A,40,3,0x00CF60,0x21F,0x00D17F,0x01E1,36,FF,AB,OK
0x45DF,0x1DDF,0A,40,3,0x00CF60,0x220,0x00D180,0x01E0,36,05,B0,OK
0x45DE,0x1DDE,0A,40,3,0x00CF60,0x221,0x00D181,0x01DF,36,07,B1,OK
0x45DD,0x1DDD,0A,40,3,0x00CF60,0x222,0x00D182,0x01DE,36,04,AD,OK
0x45DC,0x1DDC,0A,40,3,0x00CF60,0x223,0x00D183,0x01DD,36,1F,C7,OK
0x45DB,0x1DDB,0A,40,3,0x00CF60,0x224,0x00D184,0x01DC,36,00,A7,OK
0x45DA,0x1DDA,0A,40,3,0x00CF60,0x225,0x00D185,0x01DB,36,80,26,OK
0x45D9,0x1DD9,0A,40,3,0x00CF60,0x226,0x00D186,0x01DA,36,1F,C4,OK
0x45D8,0x1DD8,0A,40,3,0x00CF60,0x227,0x00D187,0x01D9,36,F8,9C,OK
0x45D7,0x1DD7,0A,40,3,0x00CF60,0x228,0x00D188,0x01D8,36,03,A6,OK
0x45D6,0x1DD6,0A,40,3,0x00CF60,0x229,0x00D189,0x01D7,36,04,A6,OK
0x45D5,0x1DD5,0A,40,3,0x00CF60,0x22A,0x00D18A,0x01D6,36,C0,61,OK
0x45D4,0x1DD4,0A,40,3,0x00CF60,0x22B,0x00D18B,0x01D5,36,FF,9F,OK
0x45D3,0x1DD3,0A,40,3,0x00CF60,0x22C,0x00D18C,0x01D4,36,07,A6,OK
0x45D2,0x1DD2,0A,40,3,0x00CF60,0x22D,0x00D18D,0x01D3,36,0F,AD,OK
0x45D1,0x1DD1,0A,40,3,0x00CF60,0x22E,0x00D18E,0x01D2,36,00,9D,OK
0x45D0,0x1DD0,0A,40,3,0x00CF60,0x22F,0x00D18F,0x01D1,36,19,B5,OK
0x45CF,0x1DCF,0A,40,3,0x00CF60,0x230,0x00D190,0x01D0,36,03,9E,OK
0x45CE,0x1DCE,0A,40,3,0x00CF60,0x231,0x00D191,0x01CF,36,99,33,OK
0x45CD,0x1DCD,0A,40,3,0x00CF60,0x232,0x00D192,0x01CE,36,03,9C,OK
0x45CC,0x1DCC,0A,40,3,0x00CF60,0x233,0x00D193,0x01CD,36,FC,94,OK
0x45CB,0x1DCB,0A,40,3,0x00CF60,0x234,0x00D194,0x01CC,36,FF,96,OK
0x45CA,0x1DCA,0A,40,3,0x00CF60,0x235,0x00D195,0x01CB,36,08,9E,OK
0x45C9,0x1DC9,0A,40,3,0x00CF60,0x236,0x00D196,0x01CA,36,81,16,OK
0x45C8,0x1DC8,0A,40,3,0x00CF60,0x237,0x00D197,0x01C9,36,09,9D,OK
0x45C7,0x1DC7,0A,40,3,0x00CF60,0x238,0x00D198,0x01C8,36,E7,7A,OK
0x45C6,0x1DC6,0A,40,3,0x00CF60,0x239,0x00D199,0x01C7,36,C1,53,OK
0x45C5,0x1DC5,0A,40,3,0x00CF60,0x23A,0x00D19A,0x01C6,36,83,14,OK
0x45C4,0x1DC4,0A,40,3,0x00CF60,0x23B,0x00D19B,0x01C5,36,07,97,OK
0x45C3,0x1DC3,0A,40,3,0x00CF60,0x23C,0x00D19C,0x01C4,36,04,93,OK
0x45C2,0x1DC2,0A,40,3,0x00CF60,0x23D,0x00D19D,0x01C3,36,1F,AD,OK
0x45C1,0x1DC1,0A,40,3,0x00CF60,0x23E,0x00D19E,0x01C2,36,00,8D,OK
0x45C0,0x1DC0,0A,40,3,0x00CF60,0x23F,0x00D19F,0x01C1,36,F0,7C,OK
0x45BF,0x1DBF,0A,40,3,0x00CF60,0x240,0x00D1A0,0x01C0,36,0F,9A,OK
0x45BE,0x1DBE,0A,40,3,0x00CF60,0x241,0x00D1A1,0x01BF,36,F0,7A,OK
0x45BD,0x1DBD,0A,40,3,0x00CF60,0x242,0x00D1A2,0x01BE,36,1F,A8,OK
0x45BC,0x1DBC,0A,40,3,0x00CF60,0x243,0x00D1A3,0x01BD,36,C0,48,OK
0x45BB,0x1DBB,0A,40,3,0x00CF60,0x244,0x00D1A4,0x01BC,36,FF,86,OK
0x45BA,0x1DBA,0A,40,3,0x00CF60,0x245,0x00D1A5,0x01BB,36,07,8D,OK
0x45B9,0x1DB9,0A,40,3,0x00CF60,0x246,0x00D1A6,0x01BA,36,0F,94,OK
0x45B8,0x1DB8,0A,40,3,0x00CF60,0x247,0x00D1A7,0x01B9,36,00,84,OK
0x45B7,0x1DB7,0A,40,3,0x00CF60,0x248,0x00D1A8,0x01B8,36,19,9C,OK
0x45B6,0x1DB6,0A,40,3,0x00CF60,0x249,0x00D1A9,0x01B7,36,03,85,OK
0x45B5,0x1DB5,0A,40,3,0x00CF60,0x24A,0x00D1AA,0x01B6,36,99,1A,OK
0x45B4,0x1DB4,0A,40,3,0x00CF60,0x24B,0x00D1AB,0x01B5,36,03,83,OK
0x45B3,0x1DB3,0A,40,3,0x00CF60,0x24C,0x00D1AC,0x01B4,36,09,88,OK
0x45B2,0x1DB2,0A,40,3,0x00CF60,0x24D,0x00D1AD,0x01B3,36,80,FE,OK
0x45B1,0x1DB1,0A,40,3,0x00CF60,0x24E,0x00D1AE,0x01B2,36,1F,9C,OK
0x45B0,0x1DB0,0A,40,3,0x00CF60,0x24F,0x00D1AF,0x01B1,36,09,85,OK
0x45AF,0x1DAF,0A,40,3,0x00CF60,0x250,0x00D1B0,0x01B0,36,80,FB,OK
0x45AE,0x1DAE,0A,40,3,0x00CF60,0x251,0x00D1B1,0x01AF,36,FF,79,OK
0x45AD,0x1DAD,0A,40,3,0x00CF60,0x252,0x00D1B2,0x01AE,36,05,7E,OK
0x45AC,0x1DAC,0A,40,3,0x00CF60,0x253,0x00D1B3,0x01AD,36,E7,5F,OK
0x45AB,0x1DAB,0A,40,3,0x00CF60,0x254,0x00D1B4,0x01AC,36,C1,38,OK
0x45AA,0x1DAA,0A,40,3,0x00CF60,0x255,0x00D1B5,0x01AB,36,83,F9,OK
0x45A9,0x1DA9,0A,40,3,0x00CF60,0x256,0x00D1B6,0x01AA,36,07,7C,OK
0x45A8,0x1DA8,0A,40,3,0x00CF60,0x257,0x00D1B7,0x01A9,36,04,78,OK
0x45A7,0x1DA7,0A,40,3,0x00CF60,0x258,0x00D1B8,0x01A8,36,1F,92,OK
0x45A6,0x1DA6,0A,40,3,0x00CF60,0x259,0x00D1B9,0x01A7,36,00,72,OK
0x45A5,0x1DA5,0A,40,3,0x00CF60,0x25A,0x00D1BA,0x01A6,36,E0,51,OK
0x45A4,0x1DA4,0A,40,3,0x00CF60,0x25B,0x00D1BB,0x01A5,36,07,77,OK
0x45A3,0x1DA3,0A,40,3,0x00CF60,0x25C,0x00D1BC,0x01A4,36,04,73,OK
0x45A2,0x1DA2,0A,40,3,0x00CF60,0x25D,0x00D1BD,0x01A3,36,F8,66,OK
0x45A1,0x1DA1,0A,40,3,0x00CF60,0x25E,0x00D1BE,0x01A2,36,1F,8C,OK
0x45A0,0x1DA0,0A,40,3,0x00CF60,0x25F,0x00D1BF,0x01A1,36,C0,2C,OK
0x459F,0x1D9F,0A,40,3,0x00CF60,0x260,0x00D1C0,0x01A0,36,03,6E,OK
0x459E,0x1D9E,0A,40,3,0x00CF60,0x261,0x00D1C1,0x019F,36,04,6E,OK
0x459D,0x1D9D,0A,40,3,0x00CF60,0x262,0x00D1C2,0x019E,36,1E,87,OK
0x459C,0x1D9C,0A,40,3,0x00CF60,0x263,0x00D1C3,0x019D,36,E0,48,OK
0x459B,0x1D9B,0A,40,3,0x00CF60,0x264,0x00D1C4,0x019C,36,01,68,OK
0x459A,0x1D9A,0A,40,3,0x00CF60,0x265,0x00D1C5,0x019B,36,0F,75,OK
0x4599,0x1D99,0A,40,3,0x00CF60,0x266,0x00D1C6,0x019A,36,09,6E,OK
0x4598,0x1D98,0A,40,3,0x00CF60,0x267,0x00D1C7,0x0199,36,80,E4,OK
0x4597,0x1D97,0A,40,3,0x00CF60,0x268,0x00D1C8,0x0198,36,0A,6D,OK
0x4596,0x1D96,0A,40,3,0x00CF60,0x269,0x00D1C9,0x0197,36,04,66,OK
0x4595,0x1D95,0A,40,3,0x00CF60,0x26A,0x00D1CA,0x0196,36,09,6A,OK
0x4594,0x1D94,0A,40,3,0x00CF60,0x26B,0x00D1CB,0x0195,36,80,E0,OK
0x4593,0x1D93,0A,40,3,0x00CF60,0x26C,0x00D1CC,0x0194,36,AA,09,OK
0x4592,0x1D92,0A,40,3,0x00CF60,0x26D,0x00D1CD,0x0193,36,05,63,OK
0x4591,0x1D91,0A,40,3,0x00CF60,0x26E,0x00D1CE,0x0192,36,A2,FF,OK
0x4590,0x1D90,0A,40,3,0x00CF60,0x26F,0x00D1CF,0x0191,36,80,DC,OK
0x458F,0x1D8F,0A,40,3,0x00CF60,0x270,0x00D1D0,0x0190,36,82,DD,OK
0x458E,0x1D8E,0A,40,3,0x00CF60,0x271,0x00D1D1,0x018F,36,02,5C,OK
0x458D,0x1D8D,0A,40,3,0x00CF60,0x272,0x00D1D2,0x018E,36,04,5D,OK
0x458C,0x1D8C,0A,40,3,0x00CF60,0x273,0x00D1D3,0x018D,36,0A,62,OK
0x458B,0x1D8B,0A,40,3,0x00CF60,0x274,0x00D1D4,0x018C,36,04,5B,OK
0x458A,0x1D8A,0A,40,3,0x00CF60,0x275,0x00D1D5,0x018B,36,00,56,OK
0x4589,0x1D89,0A,40,3,0x00CF60,0x276,0x00D1D6,0x018A,36,A0,F5,OK
0x4588,0x1D88,0A,40,3,0x00CF60,0x277,0x00D1D7,0x0189,36,02,56,OK
0x4587,0x1D87,0A,40,3,0x00CF60,0x278,0x00D1D8,0x0188,36,04,57,OK
0x4586,0x1D86,0A,40,3,0x00CF60,0x279,0x00D1D9,0x0187,36,A8,FA,OK
0x4585,0x1D85,0A,40,3,0x00CF60,0x27A,0x00D1DA,0x0186,36,0A,5B,OK
0x4584,0x1D84,0A,40,3,0x00CF60,0x27B,0x00D1DB,0x0185,36,04,54,OK
0x4583,0x1D83,0A,40,3,0x00CF60,0x27C,0x00D1DC,0x0184,36,80,CF,OK
0x4582,0x1D82,0A,40,3,0x00CF60,0x27D,0x00D1DD,0x0183,36,02,50,OK
0x4581,0x1D81,0A,40,3,0x00CF60,0x27E,0x00D1DE,0x0182,36,04,51,OK
0x4580,0x1D80,0A,40,3,0x00CF60,0x27F,0x00D1DF,0x0181,36,0A,56,OK
0x457F,0x1D7F,0A,40,3,0x00CF60,0x280,0x00D1E0,0x0180,36,04,4F,OK
0x457E,0x1D7E,0A,40,3,0x00CF60,0x281,0x00D1E1,0x017F,36,A0,EA,OK
0x457D,0x1D7D,0A,40,3,0x00CF60,0x282,0x00D1E2,0x017E,36,00,49,OK
0x457C,0x1D7C,0A,40,3,0x00CF60,0x283,0x00D1E3,0x017D,36,0A,52,OK
0x457B,0x1D7B,0A,40,3,0x00CF60,0x284,0x00D1E4,0x017C,36,04,4B,OK
0x457A,0x1D7A,0A,40,3,0x00CF60,0x285,0x00D1E5,0x017B,36,99,DF,OK
0x4579,0x1D79,0A,40,3,0x00CF60,0x286,0x00D1E6,0x017A,36,03,48,OK
0x4578,0x1D78,0A,40,3,0x00CF60,0x287,0x00D1E7,0x0179,36,09,4D,OK
0x4577,0x1D77,0A,40,3,0x00CF60,0x288,0x00D1E8,0x0178,36,80,C3,OK
0x4576,0x1D76,0A,40,3,0x00CF60,0x289,0x00D1E9,0x0177,36,1F,61,OK
0x4575,0x1D75,0A,40,3,0x00CF60,0x28A,0x00D1EA,0x0176,36,09,4A,OK
0x4574,0x1D74,0A,40,3,0x00CF60,0x28B,0x00D1EB,0x0175,36,80,C0,OK
0x4573,0x1D73,0A,40,3,0x00CF60,0x28C,0x00D1EC,0x0174,36,FF,3E,OK
0x4572,0x1D72,0A,40,3,0x00CF60,0x28D,0x00D1ED,0x0173,36,05,43,OK
0x4571,0x1D71,0A,40,3,0x00CF60,0x28E,0x00D1EE,0x0172,36,E7,24,OK
0x4570,0x1D70,0A,40,3,0x00CF60,0x28F,0x00D1EF,0x0171,36,FF,3B,OK
0x456F,0x1D6F,0A,40,3,0x00CF60,0x290,0x00D1F0,0x0170,36,05,40,OK
0x456E,0x1D6E,0A,40,3,0x00CF60,0x291,0x00D1F1,0x016F,36,07,41,OK
0x456D,0x1D6D,0A,40,3,0x00CF60,0x292,0x00D1F2,0x016E,36,04,3D,OK
0x456C,0x1D6C,0A,40,3,0x00CF60,0x293,0x00D1F3,0x016D,36,1F,57,OK
0x456B,0x1D6B,0A,40,3,0x00CF60,0x294,0x00D1F4,0x016C,36,00,37,OK
0x456A,0x1D6A,0A,40,3,0x00CF60,0x295,0x00D1F5,0x016B,36,C0,F6,OK
0x4569,0x1D69,0A,40,3,0x00CF60,0x296,0x00D1F6,0x016A,36,01,36,OK
0x4568,0x1D68,0A,40,3,0x00CF60,0x297,0x00D1F7,0x0169,36,7C,B0,OK
0x4567,0x1D67,0A,40,3,0x00CF60,0x298,0x00D1F8,0x0168,36,0E,41,OK
0x4566,0x1D66,0A,40,3,0x00CF60,0x299,0x00D1F9,0x0167,36,C0,F2,OK
0x4565,0x1D65,0A,40,3,0x00CF60,0x29A,0x00D1FA,0x0166,36,03,34,OK
0x4564,0x1D64,0A,40,3,0x00CF60,0x29B,0x00D1FB,0x0165,36,04,34,OK
0x4563,0x1D63,0A,40,3,0x00CF60,0x29C,0x00D1FC,0x0164,36,1E,4D,OK
0x4562,0x1D62,0A,40,3,0x00CF60,0x29D,0x00D1FD,0x0163,36,E0,0E,OK
0x4561,0x1D61,0A,40,3,0x00CF60,0x29E,0x00D1FE,0x0162,36,01,2E,OK
0x4560,0x1D60,0A,40,3,0x00CF60,0x29F,0x00D1FF,0x0161,36,0F,3B,OK
0x455F,0x1D5F,0A,40,3,0x00CF60,0x2A0,0x00D200,0x0160,36,0A,35,OK
0x455E,0x1D5E,0A,40,3,0x00CF60,0x2A1,0x00D201,0x015F,36,15,3F,OK
0x455D,0x1D5D,0A,40,3,0x00CF60,0x2A2,0x00D202,0x015E,36,0A,33,OK
0x455C,0x1D5C,0A,40,3,0x00CF60,0x2A3,0x00D203,0x015D,36,55,7D,OK
0x455B,0x1D5B,0A,40,3,0x00CF60,0x2A4,0x00D204,0x015C,36,05,2C,OK
0x455A,0x1D5A,0A,40,3,0x00CF60,0x2A5,0x00D205,0x015B,36,45,6B,OK
0x4559,0x1D59,0A,40,3,0x00CF60,0x2A6,0x00D206,0x015A,36,55,7A,OK
0x4558,0x1D58,0A,40,3,0x00CF60,0x2A7,0x00D207,0x0159,36,05,29,OK
0x4557,0x1D57,0A,40,3,0x00CF60,0x2A8,0x00D208,0x0158,36,05,28,OK
0x4556,0x1D56,0A,40,3,0x00CF60,0x2A9,0x00D209,0x0157,36,04,26,OK
0x4555,0x1D55,0A,40,3,0x00CF60,0x2AA,0x00D20A,0x0156,36,15,36,OK
0x4554,0x1D54,0A,40,3,0x00CF60,0x2AB,0x00D20B,0x0155,36,00,20,OK
0x4553,0x1D53,0A,40,3,0x00CF60,0x2AC,0x00D20C,0x0154,36,40,5F,OK
0x4552,0x1D52,0A,40,3,0x00CF60,0x2AD,0x00D20D,0x0153,36,01,1F,OK
0x4551,0x1D51,0A,40,3,0x00CF60,0x2AE,0x00D20E,0x0152,36,54,71,OK
0x4550,0x1D50,0A,40,3,0x00CF60,0x2AF,0x00D20F,0x0151,36,04,20,OK
0x454F,0x1D4F,0A,40,3,0x00CF60,0x2B0,0x00D210,0x0150,36,04,1F,OK
0x454E,0x1D4E,0A,40,3,0x00CF60,0x2B1,0x00D211,0x014F,36,40,5A,OK
0x454D,0x1D4D,0A,40,3,0x00CF60,0x2B2,0x00D212,0x014E,36,01,1A,OK
0x454C,0x1D4C,0A,40,3,0x00CF60,0x2B3,0x00D213,0x014D,36,14,2C,OK
0x454B,0x1D4B,0A,40,3,0x00CF60,0x2B4,0x00D214,0x014C,36,40,57,OK
0x454A,0x1D4A,0A,40,3,0x00CF60,0x2B5,0x00D215,0x014B,36,01,17,OK
0x4549,0x1D49,0A,40,3,0x00CF60,0x2B6,0x00D216,0x014A,36,05,1A,OK
0x4548,0x1D48,0A,40,3,0x00CF60,0x2B7,0x00D217,0x0149,36,04,18,OK
0x4547,0x1D47,0A,40,3,0x00CF60,0x2B8,0x00D218,0x0148,36,99,AC,OK
0x4546,0x1D46,0A,40,3,0x00CF60,0x2B9,0x00D219,0x0147,36,03,15,OK
0x4545,0x1D45,0A,40,3,0x00CF60,0x2BA,0x00D21A,0x0146,36,09,1A,OK
0x4544,0x1D44,0A,40,3,0x00CF60,0x2BB,0x00D21B,0x0145,36,80,90,OK
0x4543,0x1D43,0A,40,3,0x00CF60,0x2BC,0x00D21C,0x0144,36,1F,2E,OK
0x4542,0x1D42,0A,40,3,0x00CF60,0x2BD,0x00D21D,0x0143,36,00,0E,OK
0x4541,0x1D41,0A,40,3,0x00CF60,0x2BE,0x00D21E,0x0142,36,07,14,OK
0x4540,0x1D40,0A,40,3,0x00CF60,0x2BF,0x00D21F,0x0141,36,7C,88,OK
0x453F,0x1D3F,0A,40,3,0x00CF60,0x2C0,0x00D220,0x0140,36,E0,EB,OK
0x453E,0x1D3E,0A,40,3,0x00CF60,0x2C1,0x00D221,0x013F,36,FF,09,OK
0x453D,0x1D3D,0A,40,3,0x00CF60,0x2C2,0x00D222,0x013E,36,05,0E,OK
0x453C,0x1D3C,0A,40,3,0x00CF60,0x2C3,0x00D223,0x013D,36,07,0F,OK
0x453B,0x1D3B,0A,40,3,0x00CF60,0x2C4,0x00D224,0x013C,36,04,0B,OK
0x453A,0x1D3A,0A,40,3,0x00CF60,0x2C5,0x00D225,0x013B,36,1F,25,OK
0x4539,0x1D39,0A,40,3,0x00CF60,0x2C6,0x00D226,0x013A,36,00,05,OK
0x4538,0x1D38,0A,40,3,0x00CF60,0x2C7,0x00D227,0x0139,36,06,0A,OK
0x4537,0x1D37,0A,40,3,0x00CF60,0x2C8,0x00D228,0x0138,36,3F,42,OK
0x4536,0x1D36,0A,40,3,0x00CF60,0x2C9,0x00D229,0x0137,36,00,02,OK
0x4535,0x1D35,0A,40,3,0x00CF60,0x2CA,0x00D22A,0x0136,36,C0,C1,OK
0x4534,0x1D34,0A,40,3,0x00CF60,0x2CB,0x00D22B,0x0135,36,FF,FF,OK
0x4533,0x1D33,0A,40,3,0x00CF60,0x2CC,0x00D22C,0x0134,36,07,06,OK
0x4532,0x1D32,0A,40,3,0x00CF60,0x2CD,0x00D22D,0x0133,36,0F,0D,OK
0x4531,0x1D31,0A,40,3,0x00CF60,0x2CE,0x00D22E,0x0132,36,09,06,OK
0x4530,0x1D30,0A,40,3,0x00CF60,0x2CF,0x00D22F,0x0131,36,80,7C,OK
0x452F,0x1D2F,0A,40,3,0x00CF60,0x2D0,0x00D230,0x0130,36,0A,05,OK
0x452E,0x1D2E,0A,40,3,0x00CF60,0x2D1,0x00D231,0x012F,36,04,FE,OK
0x452D,0x1D2D,0A,40,3,0x00CF60,0x2D2,0x00D232,0x012E,36,00,F9,OK
0x452C,0x1D2C,0A,40,3,0x00CF60,0x2D3,0x00D233,0x012D,36,07,FF,OK
0x452B,0x1D2B,0A,40,3,0x00CF60,0x2D4,0x00D234,0x012C,36,28,1F,OK
0x452A,0x1D2A,0A,40,3,0x00CF60,0x2D5,0x00D235,0x012B,36,A0,96,OK
0x4529,0x1D29,0A,40,3,0x00CF60,0x2D6,0x00D236,0x012A,36,AA,9F,OK
0x4528,0x1D28,0A,40,3,0x00CF60,0x2D7,0x00D237,0x0129,36,05,F9,OK
0x4527,0x1D27,0A,40,3,0x00CF60,0x2D8,0x00D238,0x0128,36,02,F5,OK
0x4526,0x1D26,0A,40,3,0x00CF60,0x2D9,0x00D239,0x0127,36,04,F6,OK
0x4525,0x1D25,0A,40,3,0x00CF60,0x2DA,0x00D23A,0x0126,36,0A,FB,OK
0x4524,0x1D24,0A,40,3,0x00CF60,0x2DB,0x00D23B,0x0125,36,04,F4,OK
0x4523,0x1D23,0A,40,3,0x00CF60,0x2DC,0x00D23C,0x0124,36,00,EF,OK
0x4522,0x1D22,0A,40,3,0x00CF60,0x2DD,0x00D23D,0x0123,36,06,F4,OK
0x4521,0x1D21,0A,40,3,0x00CF60,0x2DE,0x00D23E,0x0122,36,2A,17,OK
0x4520,0x1D20,0A,40,3,0x00CF60,0x2DF,0x00D23F,0x0121,36,00,EC,OK
0x451F,0x1D1F,0A,40,3,0x00CF60,0x2E0,0x00D240,0x0120,36,80,6B,OK
0x451E,0x1D1E,0A,40,3,0x00CF60,0x2E1,0x00D241,0x011F,36,AA,94,OK
0x451D,0x1D1D,0A,40,3,0x00CF60,0x2E2,0x00D242,0x011E,36,07,F0,OK
0x451C,0x1D1C,0A,40,3,0x00CF60,0x2E3,0x00D243,0x011D,36,0A,F2,OK
0x451B,0x1D1B,0A,40,3,0x00CF60,0x2E4,0x00D244,0x011C,36,04,EB,OK
0x451A,0x1D1A,0A,40,3,0x00CF60,0x2E5,0x00D245,0x011B,36,99,7F,OK
0x4519,0x1D19,0A,40,3,0x00CF60,0x2E6,0x00D246,0x011A,36,03,E8,OK
0x4518,0x1D18,0A,40,3,0x00CF60,0x2E7,0x00D247,0x0119,36,09,ED,OK
0x4517,0x1D17,0A,40,3,0x00CF60,0x2E8,0x00D248,0x0118,36,80,63,OK
0x4516,0x1D16,0A,40,3,0x00CF60,0x2E9,0x00D249,0x0117,36,1F,01,OK
0x4515,0x1D15,0A,40,3,0x00CF60,0x2EA,0x00D24A,0x0116,36,0A,EB,OK
0x4514,0x1D14,0A,40,3,0x00CF60,0x2EB,0x00D24B,0x0115,36,38,18,OK
0x4513,0x1D13,0A,40,3,0x00CF60,0x2EC,0x00D24C,0x0114,36,7C,5B,OK
0x4512,0x1D12,0A,40,3,0x00CF60,0x2ED,0x00D24D,0x0113,36,C0,9E,OK
0x4511,0x1D11,0A,40,3,0x00CF60,0x2EE,0x00D24E,0x0112,36,CF,AC,OK
0x4510,0x1D10,0A,40,3,0x00CF60,0x2EF,0x00D24F,0x0111,36,E1,BD,OK
0x450F,0x1D0F,0A,40,3,0x00CF60,0x2F0,0x00D250,0x0110,36,01,DC,OK
0x450E,0x1D0E,0A,40,3,0x00CF60,0x2F1,0x00D251,0x010F,36,1F,F9,OK
0x450D,0x1D0D,0A,40,3,0x00CF60,0x2F2,0x00D252,0x010E,36,00,D9,OK
0x450C,0x1D0C,0A,40,3,0x00CF60,0x2F3,0x00D253,0x010D,36,05,DD,OK
0x450B,0x1D0B,0A,40,3,0x00CF60,0x2F4,0x00D254,0x010C,36,80,57,OK
0x450A,0x1D0A,0A,40,3,0x00CF60,0x2F5,0x00D255,0x010B,36,1F,F5,OK
0x4509,0x1D09,0A,40,3,0x00CF60,0x2F6,0x00D256,0x010A,36,00,D5,OK
0x4508,0x1D08,0A,40,3,0x00CF60,0x2F7,0x00D257,0x0109,36,C0,94,OK
0x4507,0x1D07,0A,40,3,0x00CF60,0x2F8,0x00D258,0x0108,36,0B,DE,OK
0x4506,0x1D06,0A,40,3,0x00CF60,0x2F9,0x00D259,0x0107,36,0F,E1,OK
0x4505,0x1D05,0A,40,3,0x00CF60,0x2FA,0x00D25A,0x0106,36,00,D1,OK
0x4504,0x1D04,0A,40,3,0x00CF60,0x2FB,0x00D25B,0x0105,36,06,D6,OK
0x4503,0x1D03,0A,40,3,0x00CF60,0x2FC,0x00D25C,0x0104,36,15,E4,OK
0x4502,0x1D02,0A,40,3,0x00CF60,0x2FD,0x00D25D,0x0103,36,0A,D8,OK
0x4501,0x1D01,0A,40,3,0x00CF60,0x2FE,0x00D25E,0x0102,36,10,DD,OK
0x4500,0x1D00,0A,40,3,0x00CF60,0x2FF,0x00D25F,0x0101,36,54,20,OK
0x44FF,0x1CFF,0A,40,3,0x00CF60,0x300,0x00D260,0x0100,36,40,0B,OK
0x44FE,0x1CFE,0A,40,3,0x00CF60,0x301,0x00D261,0x00FF,36,45,0E,OK
0x44FD,0x1CFD,0A,40,3,0x00CF60,0x302,0x00D262,0x00FE,36,41,09,OK
0x44FC,0x1CFC,0A,40,3,0x00CF60,0x303,0x00D263,0x00FD,36,01,C8,OK
0x44FB,0x1CFB,0A,40,3,0x00CF60,0x304,0x00D264,0x00FC,36,15,DB,OK
0x44FA,0x1CFA,0A,40,3,0x00CF60,0x305,0x00D265,0x00FB,36,00,C5,OK
0x44F9,0x1CF9,0A,40,3,0x00CF60,0x306,0x00D266,0x00FA,36,06,CA,OK
0x44F8,0x1CF8,0A,40,3,0x00CF60,0x307,0x00D267,0x00F9,36,15,D8,OK
0x44F7,0x1CF7,0A,40,3,0x00CF60,0x308,0x00D268,0x00F8,36,00,C2,OK
0x44F6,0x1CF6,0A,40,3,0x00CF60,0x309,0x00D269,0x00F7,36,40,01,OK
0x44F5,0x1CF5,0A,40,3,0x00CF60,0x30A,0x00D26A,0x00F6,36,55,15,OK
0x44F4,0x1CF4,0A,40,3,0x00CF60,0x30B,0x00D26B,0x00F5,36,07,C6,OK
0x44F3,0x1CF3,0A,40,3,0x00CF60,0x30C,0x00D26C,0x00F4,36,05,C3,OK
0x44F2,0x1CF2,0A,40,3,0x00CF60,0x30D,0x00D26D,0x00F3,36,04,C1,OK
0x44F1,0x1CF1,0A,40,3,0x00CF60,0x30E,0x00D26E,0x00F2,36,99,55,OK
0x44F0,0x1CF0,0A,40,3,0x00CF60,0x30F,0x00D26F,0x00F1,36,03,BE,OK
0x44EF,0x1CEF,0A,40,3,0x00CF60,0x310,0x00D270,0x00F0,36,09,C3,OK
0x44EE,0x1CEE,0A,40,3,0x00CF60,0x311,0x00D271,0x00EF,36,80,39,OK
0x44ED,0x1CED,0A,40,3,0x00CF60,0x312,0x00D272,0x00EE,36,1F,D7,OK
0x44EC,0x1CEC,0A,40,3,0x00CF60,0x313,0x00D273,0x00ED,36,0A,C1,OK
0x44EB,0x1CEB,0A,40,3,0x00CF60,0x314,0x00D274,0x00EC,36,7E,34,OK
0x44EA,0x1CEA,0A,40,3,0x00CF60,0x315,0x00D275,0x00EB,36,7C,31,OK
0x44E9,0x1CE9,0A,40,3,0x00CF60,0x316,0x00D276,0x00EA,36,E0,94,OK
0x44E8,0x1CE8,0A,40,3,0x00CF60,0x317,0x00D277,0x00E9,36,F7,AA,OK
0x44E7,0x1CE7,0A,40,3,0x00CF60,0x318,0x00D278,0x00E8,36,F3,A5,OK
0x44E6,0x1CE6,0A,40,3,0x00CF60,0x319,0x00D279,0x00E7,36,03,B4,OK
0x44E5,0x1CE5,0A,40,3,0x00CF60,0x31A,0x00D27A,0x00E6,36,04,B4,OK
0x44E4,0x1CE4,0A,40,3,0x00CF60,0x31B,0x00D27B,0x00E5,36,0A,B9,OK
0x44E3,0x1CE3,0A,40,3,0x00CF60,0x31C,0x00D27C,0x00E4,36,C0,6E,OK
0x44E2,0x1CE2,0A,40,3,0x00CF60,0x31D,0x00D27D,0x00E3,36,0F,BC,OK
0x44E1,0x1CE1,0A,40,3,0x00CF60,0x31E,0x00D27E,0x00E2,36,00,AC,OK
0x44E0,0x1CE0,0A,40,3,0x00CF60,0x31F,0x00D27F,0x00E1,36,05,B0,OK
0x44DF,0x1CDF,0A,40,3,0x00CF60,0x320,0x00D280,0x00E0,36,C0,6A,OK
0x44DE,0x1CDE,0A,40,3,0x00CF60,0x321,0x00D281,0x00DF,36,07,B0,OK
0x44DD,0x1CDD,0A,40,3,0x00CF60,0x322,0x00D282,0x00DE,36,04,AC,OK
0x44DC,0x1CDC,0A,40,3,0x00CF60,0x323,0x00D283,0x00DD,36,C0,67,OK
0x44DB,0x1CDB,0A,40,3,0x00CF60,0x324,0x00D284,0x00DC,36,07,AD,OK
0x44DA,0x1CDA,0A,40,3,0x00CF60,0x325,0x00D285,0x00DB,36,04,A9,OK
0x44D9,0x1CD9,0A,40,3,0x00CF60,0x326,0x00D286,0x00DA,36,00,A4,OK
0x44D8,0x1CD8,0A,40,3,0x00CF60,0x327,0x00D287,0x00D9,36,09,AC,OK
0x44D7,0x1CD7,0A,40,3,0x00CF60,0x328,0x00D288,0x00D8,36,80,22,OK
0x44D6,0x1CD6,0A,40,3,0x00CF60,0x329,0x00D289,0x00D7,36,0A,AB,OK
0x44D5,0x1CD5,0A,40,3,0x00CF60,0x32A,0x00D28A,0x00D6,36,04,A4,OK
0x44D4,0x1CD4,0A,40,3,0x00CF60,0x32B,0x00D28B,0x00D5,36,0A,A9,OK
0x44D3,0x1CD3,0A,40,3,0x00CF60,0x32C,0x00D28C,0x00D4,36,2A,C8,OK
0x44D2,0x1CD2,0A,40,3,0x00CF60,0x32D,0x00D28D,0x00D3,36,28,C5,OK
0x44D1,0x1CD1,0A,40,3,0x00CF60,0x32E,0x00D28E,0x00D2,36,A0,3C,OK
0x44D0,0x1CD0,0A,40,3,0x00CF60,0x32F,0x00D28F,0x00D1,36,A2,3D,OK
0x44CF,0x1CCF,0A,40,3,0x00CF60,0x330,0x00D290,0x00D0,36,05,9F,OK
0x44CE,0x1CCE,0A,40,3,0x00CF60,0x331,0x00D291,0x00CF,36,02,9B,OK
0x44CD,0x1CCD,0A,40,3,0x00CF60,0x332,0x00D292,0x00CE,36,04,9C,OK
0x44CC,0x1CCC,0A,40,3,0x00CF60,0x333,0x00D293,0x00CD,36,AA,41,OK
0x44CB,0x1CCB,0A,40,3,0x00CF60,0x334,0x00D294,0x00CC,36,06,9C,OK
0x44CA,0x1CCA,0A,40,3,0x00CF60,0x335,0x00D295,0x00CB,36,80,15,OK
0x44C9,0x1CC9,0A,40,3,0x00CF60,0x336,0x00D296,0x00CA,36,0A,9E,OK
0x44C8,0x1CC8,0A,40,3,0x00CF60,0x337,0x00D297,0x00C9,36,04,97,OK
0x44C7,0x1CC7,0A,40,3,0x00CF60,0x338,0x00D298,0x00C8,36,00,92,OK
0x44C6,0x1CC6,0A,40,3,0x00CF60,0x339,0x00D299,0x00C7,36,05,96,OK
0x44C5,0x1CC5,0A,40,3,0x00CF60,0x33A,0x00D29A,0x00C6,36,80,10,OK
0x44C4,0x1CC4,0A,40,3,0x00CF60,0x33B,0x00D29B,0x00C5,36,02,91,OK
0x44C3,0x1CC3,0A,40,3,0x00CF60,0x33C,0x00D29C,0x00C4,36,04,92,OK
0x44C2,0x1CC2,0A,40,3,0x00CF60,0x33D,0x00D29D,0x00C3,36,80,0D,OK
0x44C1,0x1CC1,0A,40,3,0x00CF60,0x33E,0x00D29E,0x00C2,36,02,8E,OK
0x44C0,0x1CC0,0A,40,3,0x00CF60,0x33F,0x00D29F,0x00C1,36,04,8F,OK
0x44BF,0x1CBF,0A,40,3,0x00CF60,0x340,0x00D2A0,0x00C0,36,00,8A,OK
0x44BE,0x1CBE,0A,40,3,0x00CF60,0x341,0x00D2A1,0x00BF,36,99,22,OK
0x44BD,0x1CBD,0A,40,3,0x00CF60,0x342,0x00D2A2,0x00BE,36,03,8B,OK
0x44BC,0x1CBC,0A,40,3,0x00CF60,0x343,0x00D2A3,0x00BD,36,09,90,OK
0x44BB,0x1CBB,0A,40,3,0x00CF60,0x344,0x00D2A4,0x00BC,36,80,06,OK
0x44BA,0x1CBA,0A,40,3,0x00CF60,0x345,0x00D2A5,0x00BB,36,1F,A4,OK
0x44B9,0x1CB9,0A,40,3,0x00CF60,0x346,0x00D2A6,0x00BA,36,0A,8E,OK
0x44B8,0x1CB8,0A,40,3,0x00CF60,0x347,0x00D2A7,0x00B9,36,FC,7F,OK
0x44B7,0x1CB7,0A,40,3,0x00CF60,0x348,0x00D2A8,0x00B8,36,7C,FE,OK
0x44B6,0x1CB6,0A,40,3,0x00CF60,0x349,0x00D2A9,0x00B7,36,F0,71,OK
0x44B5,0x1CB5,0A,40,3,0x00CF60,0x34A,0x00D2AA,0x00B6,36,E3,63,OK
0x44B4,0x1CB4,0A,40,3,0x00CF60,0x34B,0x00D2AB,0x00B5,36,E7,66,OK
0x44B3,0x1CB3,0A,40,3,0x00CF60,0x34C,0x00D2AC,0x00B4,36,07,85,OK
0x44B2,0x1CB2,0A,40,3,0x00CF60,0x34D,0x00D2AD,0x00B3,36,04,81,OK
0x44B1,0x1CB1,0A,40,3,0x00CF60,0x34E,0x00D2AE,0x00B2,36,FF,7B,OK
0x44B0,0x1CB0,0A,40,3,0x00CF60,0x34F,0x00D2AF,0x00B1,36,06,81,OK
0x44AF,0x1CAF,0A,40,3,0x00CF60,0x350,0x00D2B0,0x00B0,36,E0,5A,OK
0x44AE,0x1CAE,0A,40,3,0x00CF60,0x351,0x00D2B1,0x00AF,36,07,80,OK
0x44AD,0x1CAD,0A,40,3,0x00CF60,0x352,0x00D2B2,0x00AE,36,04,7C,OK
0x44AC,0x1CAC,0A,40,3,0x00CF60,0x353,0x00D2B3,0x00AD,36,00,77,OK
0x44AB,0x1CAB,0A,40,3,0x00CF60,0x354,0x00D2B4,0x00AC,36,FE,74,OK
0x44AA,0x1CAA,0A,40,3,0x00CF60,0x355,0x00D2B5,0x00AB,36,FF,74,OK
0x44A9,0x1CA9,0A,40,3,0x00CF60,0x356,0x00D2B6,0x00AA,36,08,7C,OK
0x44A8,0x1CA8,0A,40,3,0x00CF60,0x357,0x00D2B7,0x00A9,36,09,7C,OK
0x44A7,0x1CA7,0A,40,3,0x00CF60,0x358,0x00D2B8,0x00A8,36,80,F2,OK
0x44A6,0x1CA6,0A,40,3,0x00CF60,0x359,0x00D2B9,0x00A7,36,1F,90,OK
0x44A5,0x1CA5,0A,40,3,0x00CF60,0x35A,0x00D2BA,0x00A6,36,0A,7A,OK
0x44A4,0x1CA4,0A,40,3,0x00CF60,0x35B,0x00D2BB,0x00A5,36,FC,6B,OK
0x44A3,0x1CA3,0A,40,3,0x00CF60,0x35C,0x00D2BC,0x00A4,36,7C,EA,OK
0x44A2,0x1CA2,0A,40,3,0x00CF60,0x35D,0x00D2BD,0x00A3,36,F0,5D,OK
0x44A1,0x1CA1,0A,40,3,0x00CF60,0x35E,0x00D2BE,0x00A2,36,E3,4F,OK
0x44A0,0x1CA0,0A,40,3,0x00CF60,0x35F,0x00D2BF,0x00A1,36,E7,52,OK
0x449F,0x1C9F,0A,40,3,0x00CF60,0x360,0x00D2C0,0x00A0,36,07,71,OK
0x449E,0x1C9E,0A,40,3,0x00CF60,0x361,0x00D2C1,0x009F,36,04,6D,OK
0x449D,0x1C9D,0A,40,3,0x00CF60,0x362,0x00D2C2,0x009E,36,FF,67,OK
0x449C,0x1C9C,0A,40,3,0x00CF60,0x363,0x00D2C3,0x009D,36,06,6D,OK
0x449B,0x1C9B,0A,40,3,0x00CF60,0x364,0x00D2C4,0x009C,36,E0,46,OK
0x449A,0x1C9A,0A,40,3,0x00CF60,0x365,0x00D2C5,0x009B,36,07,6C,OK
0x4499,0x1C99,0A,40,3,0x00CF60,0x366,0x00D2C6,0x009A,36,04,68,OK
0x4498,0x1C98,0A,40,3,0x00CF60,0x367,0x00D2C7,0x0099,36,00,63,OK
0x4497,0x1C97,0A,40,3,0x00CF60,0x368,0x00D2C8,0x0098,36,FE,60,OK
0x4496,0x1C96,0A,40,3,0x00CF60,0x369,0x00D2C9,0x0097,36,FF,60,OK
0x4495,0x1C95,0A,40,3,0x00CF60,0x36A,0x00D2CA,0x0096,36,08,68,OK
0x4494,0x1C94,0A,40,3,0x00CF60,0x36B,0x00D2CB,0x0095,36,99,F8,OK
0x4493,0x1C93,0A,40,3,0x00CF60,0x36C,0x00D2CC,0x0094,36,03,61,OK
0x4492,0x1C92,0A,40,3,0x00CF60,0x36D,0x00D2CD,0x0093,36,09,66,OK
0x4491,0x1C91,0A,40,3,0x00CF60,0x36E,0x00D2CE,0x0092,36,80,DC,OK
0x4490,0x1C90,0A,40,3,0x00CF60,0x36F,0x00D2CF,0x0091,36,1F,7A,OK
0x448F,0x1C8F,0A,40,3,0x00CF60,0x370,0x00D2D0,0x0090,36,0A,64,OK
0x448E,0x1C8E,0A,40,3,0x00CF60,0x371,0x00D2D1,0x008F,36,F8,51,OK
0x448D,0x1C8D,0A,40,3,0x00CF60,0x372,0x00D2D2,0x008E,36,7D,D5,OK
0x448C,0x1C8C,0A,40,3,0x00CF60,0x373,0x00D2D3,0x008D,36,F8,4F,OK
0x448B,0x1C8B,0A,40,3,0x00CF60,0x374,0x00D2D4,0x008C,36,C1,17,OK
0x448A,0x1C8A,0A,40,3,0x00CF60,0x375,0x00D2D5,0x008B,36,CF,24,OK
0x4489,0x1C89,0A,40,3,0x00CF60,0x376,0x00D2D6,0x008A,36,0F,63,OK
0x4488,0x1C88,0A,40,3,0x00CF60,0x377,0x00D2D7,0x0089,36,FF,52,OK
0x4487,0x1C87,0A,40,3,0x00CF60,0x378,0x00D2D8,0x0088,36,06,58,OK
0x4486,0x1C86,0A,40,3,0x00CF60,0x379,0x00D2D9,0x0087,36,F8,49,OK
0x4485,0x1C85,0A,40,3,0x00CF60,0x37A,0x00D2DA,0x0086,36,03,53,OK
0x4484,0x1C84,0A,40,3,0x00CF60,0x37B,0x00D2DB,0x0085,36,04,53,OK
0x4483,0x1C83,0A,40,3,0x00CF60,0x37C,0x00D2DC,0x0084,36,00,4E,OK
0x4482,0x1C82,0A,40,3,0x00CF60,0x37D,0x00D2DD,0x0083,36,FE,4B,OK
0x4481,0x1C81,0A,40,3,0x00CF60,0x37E,0x00D2DE,0x0082,36,FF,4B,OK
0x4480,0x1C80,0A,40,3,0x00CF60,0x37F,0x00D2DF,0x0081,36,08,53,OK
0x447F,0x1C7F,0A,40,3,0x00CF60,0x380,0x00D2E0,0x0080,36,09,53,OK
0x447E,0x1C7E,0A,40,3,0x00CF60,0x381,0x00D2E1,0x007F,36,80,C9,OK
0x447D,0x1C7D,0A,40,3,0x00CF60,0x382,0x00D2E2,0x007E,36,1F,67,OK
0x447C,0x1C7C,0A,40,3,0x00CF60,0x383,0x00D2E3,0x007D,36,0A,51,OK
0x447B,0x1C7B,0A,40,3,0x00CF60,0x384,0x00D2E4,0x007C,36,F8,3E,OK
0x447A,0x1C7A,0A,40,3,0x00CF60,0x385,0x00D2E5,0x007B,36,7D,C2,OK
0x4479,0x1C79,0A,40,3,0x00CF60,0x386,0x00D2E6,0x007A,36,F8,3C,OK
0x4478,0x1C78,0A,40,3,0x00CF60,0x387,0x00D2E7,0x0079,36,C1,04,OK
0x4477,0x1C77,0A,40,3,0x00CF60,0x388,0x00D2E8,0x0078,36,CF,11,OK
0x4476,0x1C76,0A,40,3,0x00CF60,0x389,0x00D2E9,0x0077,36,0F,50,OK
0x4475,0x1C75,0A,40,3,0x00CF60,0x38A,0x00D2EA,0x0076,36,FF,3F,OK
0x4474,0x1C74,0A,40,3,0x00CF60,0x38B,0x00D2EB,0x0075,36,06,45,OK
0x4473,0x1C73,0A,40,3,0x00CF60,0x38C,0x00D2EC,0x0074,36,F8,36,OK
0x4472,0x1C72,0A,40,3,0x00CF60,0x38D,0x00D2ED,0x0073,36,03,40,OK
0x4471,0x1C71,0A,40,3,0x00CF60,0x38E,0x00D2EE,0x0072,36,04,40,OK
0x4470,0x1C70,0A,40,3,0x00CF60,0x38F,0x00D2EF,0x0071,36,00,3B,OK
0x446F,0x1C6F,0A,40,3,0x00CF60,0x390,0x00D2F0,0x0070,36,FE,38,OK
0x446E,0x1C6E,0A,40,3,0x00CF60,0x391,0x00D2F1,0x006F,36,FF,38,OK
0x446D,0x1C6D,0A,40,3,0x00CF60,0x392,0x00D2F2,0x006E,36,08,40,OK
0x446C,0x1C6C,0A,40,3,0x00CF60,0x393,0x00D2F3,0x006D,36,FF,36,OK
0x446B,0x1C6B,0A,40,3,0x00CF60,0x394,0x00D2F4,0x006C,36,19,4F,OK
0x446A,0x1C6A,0A,40,3,0x00CF60,0x395,0x00D2F5,0x006B,36,03,38,OK
0x4469,0x1C69,0A,40,3,0x00CF60,0x396,0x00D2F6,0x006A,36,00,34,OK
0x4468,0x1C68,0A,40,3,0x00CF60,0x397,0x00D2F7,0x0069,36,05,38,OK
0x4467,0x1C67,0A,40,3,0x00CF60,0x398,0x00D2F8,0x0068,36,80,B2,OK
0x4466,0x1C66,0A,40,3,0x00CF60,0x399,0x00D2F9,0x0067,36,1F,50,OK
0x4465,0x1C65,0A,40,3,0x00CF60,0x39A,0x00D2FA,0x0066,36,00,30,OK
0x4464,0x1C64,0A,40,3,0x00CF60,0x39B,0x00D2FB,0x0065,36,06,35,OK
0x4463,0x1C63,0A,40,3,0x00CF60,0x39C,0x00D2FC,0x0064,36,70,9E,OK
0x4462,0x1C62,0A,40,3,0x00CF60,0x39D,0x00D2FD,0x0063,36,7C,A9,OK
0x4461,0x1C61,0A,40,3,0x00CF60,0x39E,0x00D2FE,0x0062,36,FC,28,OK
0x4460,0x1C60,0A,40,3,0x00CF60,0x39F,0x00D2FF,0x0061,36,80,AB,OK
0x445F,0x1C5F,0A,40,3,0x00CF60,0x3A0,0x00D300,0x0060,36,9F,C9,OK
0x445E,0x1C5E,0A,40,3,0x00CF60,0x3A1,0x00D301,0x005F,36,03,2C,OK
0x445D,0x1C5D,0A,40,3,0x00CF60,0x3A2,0x00D302,0x005E,36,04,2C,OK
0x445C,0x1C5C,0A,40,3,0x00CF60,0x3A3,0x00D303,0x005D,36,00,27,OK
0x445B,0x1C5B,0A,40,3,0x00CF60,0x3A4,0x00D304,0x005C,36,06,2C,OK
0x445A,0x1C5A,0A,40,3,0x00CF60,0x3A5,0x00D305,0x005B,36,F0,15,OK
0x4459,0x1C59,0A,40,3,0x00CF60,0x3A6,0x00D306,0x005A,36,01,25,OK
0x4458,0x1C58,0A,40,3,0x00CF60,0x3A7,0x00D307,0x0059,36,00,23,OK
0x4457,0x1C57,0A,40,3,0x00CF60,0x3A8,0x00D308,0x0058,36,05,27,OK
0x4456,0x1C56,0A,40,3,0x00CF60,0x3A9,0x00D309,0x0057,36,C0,E1,OK
0x4455,0x1C55,0A,40,3,0x00CF60,0x3AA,0x00D30A,0x0056,36,07,27,OK
0x4454,0x1C54,0A,40,3,0x00CF60,0x3AB,0x00D30B,0x0055,36,04,23,OK
0x4453,0x1C53,0A,40,3,0x00CF60,0x3AC,0x00D30C,0x0054,36,C0,DE,OK
0x4452,0x1C52,0A,40,3,0x00CF60,0x3AD,0x00D30D,0x0053,36,07,24,OK
0x4451,0x1C51,0A,40,3,0x00CF60,0x3AE,0x00D30E,0x0052,36,04,20,OK
0x4450,0x1C50,0A,40,3,0x00CF60,0x3AF,0x00D30F,0x0051,36,00,1B,OK
0x444F,0x1C4F,0A,40,3,0x00CF60,0x3B0,0x00D310,0x0050,36,00,1A,OK
0x444E,0x1C4E,0A,40,3,0x00CF60,0x3B1,0x00D311,0x004F,36,05,1E,OK
0x444D,0x1C4D,0A,40,3,0x00CF60,0x3B2,0x00D312,0x004E,36,80,98,OK
0x444C,0x1C4C,0A,40,3,0x00CF60,0x3B3,0x00D313,0x004D,36,1F,36,OK
0x444B,0x1C4B,0A,40,3,0x00CF60,0x3B4,0x00D314,0x004C,36,00,16,OK
0x444A,0x1C4A,0A,40,3,0x00CF60,0x3B5,0x00D315,0x004B,36,06,1B,OK
0x4449,0x1C49,0A,40,3,0x00CF60,0x3B6,0x00D316,0x004A,36,70,84,OK
0x4448,0x1C48,0A,40,3,0x00CF60,0x3B7,0x00D317,0x0049,36,7C,8F,OK
0x4447,0x1C47,0A,40,3,0x00CF60,0x3B8,0x00D318,0x0048,36,FC,0E,OK
0x4446,0x1C46,0A,40,3,0x00CF60,0x3B9,0x00D319,0x0047,36,80,91,OK
0x4445,0x1C45,0A,40,3,0x00CF60,0x3BA,0x00D31A,0x0046,36,9F,AF,OK
0x4444,0x1C44,0A,40,3,0x00CF60,0x3BB,0x00D31B,0x0045,36,03,12,OK
0x4443,0x1C43,0A,40,3,0x00CF60,0x3BC,0x00D31C,0x0044,36,04,12,OK
0x4442,0x1C42,0A,40,3,0x00CF60,0x3BD,0x00D31D,0x0043,36,00,0D,OK
0x4441,0x1C41,0A,40,3,0x00CF60,0x3BE,0x00D31E,0x0042,36,06,12,OK
0x4440,0x1C40,0A,40,3,0x00CF60,0x3BF,0x00D31F,0x0041,36,F0,FB,OK
0x443F,0x1C3F,0A,40,3,0x00CF60,0x3C0,0x00D320,0x0040,36,01,0B,OK
0x443E,0x1C3E,0A,40,3,0x00CF60,0x3C1,0x00D321,0x003F,36,00,09,OK
0x443D,0x1C3D,0A,40,3,0x00CF60,0x3C2,0x00D322,0x003E,36,05,0D,OK
0x443C,0x1C3C,0A,40,3,0x00CF60,0x3C3,0x00D323,0x003D,36,C0,C7,OK
0x443B,0x1C3B,0A,40,3,0x00CF60,0x3C4,0x00D324,0x003C,36,07,0D,OK
0x443A,0x1C3A,0A,40,3,0x00CF60,0x3C5,0x00D325,0x003B,36,04,09,OK
0x4439,0x1C39,0A,40,3,0x00CF60,0x3C6,0x00D326,0x003A,36,C0,C4,OK
0x4438,0x1C38,0A,40,3,0x00CF60,0x3C7,0x00D327,0x0039,36,07,0A,OK
0x4437,0x1C37,0A,40,3,0x00CF60,0x3C8,0x00D328,0x0038,36,04,06,OK
0x4436,0x1C36,0A,40,3,0x00CF60,0x3C9,0x00D329,0x0037,36,00,01,OK
0x4435,0x1C35,0A,40,3,0x00CF60,0x3CA,0x00D32A,0x0036,36,FF,FF,OK
0x4434,0x1C34,0A,40,3,0x00CF60,0x3CB,0x00D32B,0x0035,36,19,18,OK
0x4433,0x1C33,0A,40,3,0x00CF60,0x3CC,0x00D32C,0x0034,36,03,01,OK
0x4432,0x1C32,0A,40,3,0x00CF60,0x3CD,0x00D32D,0x0033,36,00,FD,OK
0x4431,0x1C31,0A,40,3,0x00CF60,0x3CE,0x00D32E,0x0032,36,05,01,OK
0x4430,0x1C30,0A,40,3,0x00CF60,0x3CF,0x00D32F,0x0031,36,80,7B,OK
0x442F,0x1C2F,0A,40,3,0x00CF60,0x3D0,0x00D330,0x0030,36,1F,19,OK
0x442E,0x1C2E,0A,40,3,0x00CF60,0x3D1,0x00D331,0x002F,36,00,F9,OK
0x442D,0x1C2D,0A,40,3,0x00CF60,0x3D2,0x00D332,0x002E,36,07,FF,OK
0x442C,0x1C2C,0A,40,3,0x00CF60,0x3D3,0x00D333,0x002D,36,7C,73,OK
0x442B,0x1C2B,0A,40,3,0x00CF60,0x3D4,0x00D334,0x002C,36,70,66,OK
0x442A,0x1C2A,0A,40,3,0x00CF60,0x3D5,0x00D335,0x002B,36,00,F5,OK
0x4429,0x1C29,0A,40,3,0x00CF60,0x3D6,0x00D336,0x002A,36,07,FB,OK
0x4428,0x1C28,0A,40,3,0x00CF60,0x3D7,0x00D337,0x0029,36,04,F7,OK
0x4427,0x1C27,0A,40,3,0x00CF60,0x3D8,0x00D338,0x0028,36,00,F2,OK
0x4426,0x1C26,0A,40,3,0x00CF60,0x3D9,0x00D339,0x0027,36,07,F8,OK
0x4425,0x1C25,0A,40,3,0x00CF60,0x3DA,0x00D33A,0x0026,36,C0,B0,OK
0x4424,0x1C24,0A,40,3,0x00CF60,0x3DB,0x00D33B,0x0025,36,00,EF,OK
0x4423,0x1C23,0A,40,3,0x00CF60,0x3DC,0x00D33C,0x0024,36,06,F4,OK
0x4422,0x1C22,0A,40,3,0x00CF60,0x3DD,0x00D33D,0x0023,36,C0,AD,OK
0x4421,0x1C21,0A,40,3,0x00CF60,0x3DE,0x00D33E,0x0022,36,07,F3,OK
0x4420,0x1C20,0A,40,3,0x00CF60,0x3DF,0x00D33F,0x0021,36,04,EF,OK
0x441F,0x1C1F,0A,40,3,0x00CF60,0x3E0,0x00D340,0x0020,36,C0,AA,OK
0x441E,0x1C1E,0A,40,3,0x00CF60,0x3E1,0x00D341,0x001F,36,07,F0,OK
0x441D,0x1C1D,0A,40,3,0x00CF60,0x3E2,0x00D342,0x001E,36,04,EC,OK
0x441C,0x1C1C,0A,40,3,0x00CF60,0x3E3,0x00D343,0x001D,36,00,E7,OK
0x441B,0x1C1B,0A,40,3,0x00CF60,0x3E4,0x00D344,0x001C,36,00,E6,OK
0x441A,0x1C1A,0A,40,3,0x00CF60,0x3E5,0x00D345,0x001B,36,05,EA,OK
0x4419,0x1C19,0A,40,3,0x00CF60,0x3E6,0x00D346,0x001A,36,80,64,OK
0x4418,0x1C18,0A,40,3,0x00CF60,0x3E7,0x00D347,0x0019,36,1F,02,OK
0x4417,0x1C17,0A,40,3,0x00CF60,0x3E8,0x00D348,0x0018,36,00,E2,OK
0x4416,0x1C16,0A,40,3,0x00CF60,0x3E9,0x00D349,0x0017,36,07,E8,OK
0x4415,0x1C15,0A,40,3,0x00CF60,0x3EA,0x00D34A,0x0016,36,7C,5C,OK
0x4414,0x1C14,0A,40,3,0x00CF60,0x3EB,0x00D34B,0x0015,36,70,4F,OK
0x4413,0x1C13,0A,40,3,0x00CF60,0x3EC,0x00D34C,0x0014,36,00,DE,OK
0x4412,0x1C12,0A,40,3,0x00CF60,0x3ED,0x00D34D,0x0013,36,07,E4,OK
0x4411,0x1C11,0A,40,3,0x00CF60,0x3EE,0x00D34E,0x0012,36,04,E0,OK
0x4410,0x1C10,0A,40,3,0x00CF60,0x3EF,0x00D34F,0x0011,36,00,DB,OK
0x440F,0x1C0F,0A,40,3,0x00CF60,0x3F0,0x00D350,0x0010,36,07,E1,OK
0x440E,0x1C0E,0A,40,3,0x00CF60,0x3F1,0x00D351,0x000F,36,C0,99,OK
0x440D,0x1C0D,0A,40,3,0x00CF60,0x3F2,0x00D352,0x000E,36,00,D8,OK
0x440C,0x1C0C,0A,40,3,0x00CF60,0x3F3,0x00D353,0x000D,36,06,DD,OK
0x440B,0x1C0B,0A,40,3,0x00CF60,0x3F4,0x00D354,0x000C,36,C0,96,OK
0x440A,0x1C0A,0A,40,3,0x00CF60,0x3F5,0x00D355,0x000B,36,07,DC,OK
0x4409,0x1C09,0A,40,3,0x00CF60,0x3F6,0x00D356,0x000A,36,04,D8,OK
0x4408,0x1C08,0A,40,3,0x00CF60,0x3F7,0x00D357,0x0009,36,C0,93,OK
0x4407,0x1C07,0A,40,3,0x00CF60,0x3F8,0x00D358,0x0008,36,07,D9,OK
0x4406,0x1C06,0A,40,3,0x00CF60,0x3F9,0x00D359,0x0007,36,04,D5,OK
0x4405,0x1C05,0A,40,3,0x00CF60,0x3FA,0x00D35A,0x0006,36,00,D0,OK
0x4404,0x1C04,0A,40,3,0x00CF60,0x3FB,0x00D35B,0x0005,36,00,CF,OK
0x4403,0x1C03,0A,40,3,0x00CF60,0x3FC,0x00D35C,0x0004,36,00,CE,OK
0x4402,0x1C02,0A,40,3,0x00CF60,0x3FD,0x00D35D,0x0003,36,0C,D9,OK
0x4401,0x1C01,0A,40,3,0x00CF60,0x3FE,0x00D35E,0x0002,36,05,D1,OK
0x4400,0x1C00,0A,40,3,0x00CF60,0x3FF,0x00D35F,0x0001,36,00,CB,OK
0x4BFF,0x23FF,0A,40,4,0x00D370,0x000,0x00D370,0x0400,36,03,D1,OK
0x4BFE,0x23FE,0A,40,4,0x00D370,0x001,0x00D371,0x03FF,36,00,CC,OK
0x4BFD,0x23FD,0A,40,4,0x00D370,0x002,0x00D372,0x03FE,36,02,CD,OK
0x4BFC,0x23FC,0A,40,4,0x00D370,0x003,0x00D373,0x03FD,36,04,CE,OK
0x4BFB,0x23FB,0A,40,4,0x00D370,0x004,0x00D374,0x03FC,36,00,C9,OK
0x4BFA,0x23FA,0A,40,4,0x00D370,0x005,0x00D375,0x03FB,36,80,48,OK
0x4BF9,0x23F9,0A,40,4,0x00D370,0x006,0x00D376,0x03FA,36,0B,D2,OK
0x4BF8,0x23F8,0A,40,4,0x00D370,0x007,0x00D377,0x03F9,36,08,CE,OK
0x4BF7,0x23F7,0A,40,4,0x00D370,0x008,0x00D378,0x03F8,36,04,C9,OK
0x4BF6,0x23F6,0A,40,4,0x00D370,0x009,0x00D379,0x03F7,36,0B,CF,OK
0x4BF5,0x23F5,0A,40,4,0x00D370,0x00A,0x00D37A,0x03F6,36,80,43,OK
0x4BF4,0x23F4,0A,40,4,0x00D370,0x00B,0x00D37B,0x03F5,36,97,59,OK
0x4BF3,0x23F3,0A,40,4,0x00D370,0x00C,0x00D37C,0x03F4,36,03,C4,OK
0x4BF2,0x23F2,0A,40,4,0x00D370,0x00D,0x00D37D,0x03F3,36,08,C8,OK
0x4BF1,0x23F1,0A,40,4,0x00D370,0x00E,0x00D37E,0x03F2,36,04,C3,OK
0x4BF0,0x23F0,0A,40,4,0x00D370,0x00F,0x00D37F,0x03F1,36,94,52,OK
0x4BEF,0x23EF,0A,40,4,0x00D370,0x010,0x00D380,0x03F0,36,03,C0,OK
0x4BEE,0x23EE,0A,40,4,0x00D370,0x011,0x00D381,0x03EF,36,02,BE,OK
0x4BED,0x23ED,0A,40,4,0x00D370,0x012,0x00D382,0x03EE,36,04,BF,OK
0x4BEC,0x23EC,0A,40,4,0x00D370,0x013,0x00D383,0x03ED,36,90,4A,OK
0x4BEB,0x23EB,0A,40,4,0x00D370,0x014,0x00D384,0x03EC,36,03,BC,OK
0x4BEA,0x23EA,0A,40,4,0x00D370,0x015,0x00D385,0x03EB,36,08,C0,OK
0x4BE9,0x23E9,0A,40,4,0x00D370,0x016,0x00D386,0x03EA,36,04,BB,OK
0x4BE8,0x23E8,0A,40,4,0x00D370,0x017,0x00D387,0x03E9,36,0B,C1,OK
0x4BE7,0x23E7,0A,40,4,0x00D370,0x018,0x00D388,0x03E8,36,00,B5,OK
0x4BE6,0x23E6,0A,40,4,0x00D370,0x019,0x00D389,0x03E7,36,50,04,OK
0x4BE5,0x23E5,0A,40,4,0x00D370,0x01A,0x00D38A,0x03E6,36,03,B6,OK
0x4BE4,0x23E4,0A,40,4,0x00D370,0x01B,0x00D38B,0x03E5,36,00,B2,OK
0x4BE3,0x23E3,0A,40,4,0x00D370,0x01C,0x00D38C,0x03E4,36,50,01,OK
0x4BE2,0x23E2,0A,40,4,0x00D370,0x01D,0x00D38D,0x03E3,36,03,B3,OK
0x4BE1,0x23E1,0A,40,4,0x00D370,0x01E,0x00D38E,0x03E2,36,9C,4B,OK
0x4BE0,0x23E0,0A,40,4,0x00D370,0x01F,0x00D38F,0x03E1,36,03,B1,OK
0x4BDF,0x23DF,0A,40,4,0x00D370,0x020,0x00D390,0x03E0,36,E0,8D,OK
0x4BDE,0x23DE,0A,40,4,0x00D370,0x021,0x00D391,0x03DF,36,87,33,OK
0x4BDD,0x23DD,0A,40,4,0x00D370,0x022,0x00D392,0x03DE,36,1F,CA,OK
0x4BDC,0x23DC,0A,40,4,0x00D370,0x023,0x00D393,0x03DD,36,7E,28,OK
0x4BDB,0x23DB,0A,40,4,0x00D370,0x024,0x00D394,0x03DC,36,CE,77,OK
0x4BDA,0x23DA,0A,40,4,0x00D370,0x025,0x00D395,0x03DB,36,87,2F,OK
0x4BD9,0x23D9,0A,40,4,0x00D370,0x026,0x00D396,0x03DA,36,1F,C6,OK
0x4BD8,0x23D8,0A,40,4,0x00D370,0x027,0x00D397,0x03D9,36,3E,E4,OK
0x4BD7,0x23D7,0A,40,4,0x00D370,0x028,0x00D398,0x03D8,36,E0,85,OK
0x4BD6,0x23D6,0A,40,4,0x00D370,0x029,0x00D399,0x03D7,36,1B,BF,OK
0x4BD5,0x23D5,0A,40,4,0x00D370,0x02A,0x00D39A,0x03D6,36,7C,1F,OK
0x4BD4,0x23D4,0A,40,4,0x00D370,0x02B,0x00D39B,0x03D5,36,EF,91,OK
0x4BD3,0x23D3,0A,40,4,0x00D370,0x02C,0x00D39C,0x03D4,36,E3,84,OK
0x4BD2,0x23D2,0A,40,4,0x00D370,0x02D,0x00D39D,0x03D3,36,17,B7,OK
0x4BD1,0x23D1,0A,40,4,0x00D370,0x02E,0x00D39E,0x03D2,36,FD,9C,OK
0x4BD0,0x23D0,0A,40,4,0x00D370,0x02F,0x00D39F,0x03D1,36,C0,5E,OK
0x4BCF,0x23CF,0A,40,4,0x00D370,0x030,0x00D3A0,0x03D0,36,87,24,OK
0x4BCE,0x23CE,0A,40,4,0x00D370,0x031,0x00D3A1,0x03CF,36,DF,7B,OK
0x4BCD,0x23CD,0A,40,4,0x00D370,0x032,0x00D3A2,0x03CE,36,4F,EA,OK
0x4BCC,0x23CC,0A,40,4,0x00D370,0x033,0x00D3A3,0x03CD,36,3F,D9,OK
0x4BCB,0x23CB,0A,40,4,0x00D370,0x034,0x00D3A4,0x03CC,36,00,99,OK
0x4BCA,0x23CA,0A,40,4,0x00D370,0x035,0x00D3A5,0x03CB,36,7E,16,OK
0x4BC9,0x23C9,0A,40,4,0x00D370,0x036,0x00D3A6,0x03CA,36,00,97,OK
0x4BC8,0x23C8,0A,40,4,0x00D370,0x037,0x00D3A7,0x03C9,36,7E,14,OK
0x4BC7,0x23C7,0A,40,4,0x00D370,0x038,0x00D3A8,0x03C8,36,F8,8D,OK
0x4BC6,0x23C6,0A,40,4,0x00D370,0x039,0x00D3A9,0x03C7,36,FD,91,OK
0x4BC5,0x23C5,0A,40,4,0x00D370,0x03A,0x00D3AA,0x03C6,36,C0,53,OK
0x4BC4,0x23C4,0A,40,4,0x00D370,0x03B,0x00D3AB,0x03C5,36,0F,A1,OK
0x4BC3,0x23C3,0A,40,4,0x00D370,0x03C,0x00D3AC,0x03C4,36,A0,31,OK
0x4BC2,0x23C2,0A,40,4,0x00D370,0x03D,0x00D3AD,0x03C3,36,82,12,OK
0x4BC1,0x23C1,0A,40,4,0x00D370,0x03E,0x00D3AE,0x03C2,36,0A,99,OK
0x4BC0,0x23C0,0A,40,4,0x00D370,0x03F,0x00D3AF,0x03C1,36,04,92,OK
0x4BBF,0x23BF,0A,40,4,0x00D370,0x040,0x00D3B0,0x03C0,36,2A,B7,OK
0x4BBE,0x23BE,0A,40,4,0x00D370,0x041,0x00D3B1,0x03BF,36,8A,16,OK
0x4BBD,0x23BD,0A,40,4,0x00D370,0x042,0x00D3B2,0x03BE,36,82,0D,OK
0x4BBC,0x23BC,0A,40,4,0x00D370,0x043,0x00D3B3,0x03BD,36,0A,94,OK
0x4BBB,0x23BB,0A,40,4,0x00D370,0x044,0x00D3B4,0x03BC,36,04,8D,OK
0x4BBA,0x23BA,0A,40,4,0x00D370,0x045,0x00D3B5,0x03BB,36,2A,B2,OK
0x4BB9,0x23B9,0A,40,4,0x00D370,0x046,0x00D3B6,0x03BA,36,A0,27,OK
0x4BB8,0x23B8,0A,40,4,0x00D370,0x047,0x00D3B7,0x03B9,36,0A,90,OK
0x4BB7,0x23B7,0A,40,4,0x00D370,0x048,0x00D3B8,0x03B8,36,04,89,OK
0x4BB6,0x23B6,0A,40,4,0x00D370,0x049,0x00D3B9,0x03B7,36,28,AC,OK
0x4BB5,0x23B5,0A,40,4,0x00D370,0x04A,0x00D3BA,0x03B6,36,AA,2D,OK
0x4BB4,0x23B4,0A,40,4,0x00D370,0x04B,0x00D3BB,0x03B5,36,A2,24,OK
0x4BB3,0x23B3,0A,40,4,0x00D370,0x04C,0x00D3BC,0x03B4,36,02,83,OK
0x4BB2,0x23B2,0A,40,4,0x00D370,0x04D,0x00D3BD,0x03B3,36,04,84,OK
0x4BB1,0x23B1,0A,40,4,0x00D370,0x04E,0x00D3BE,0x03B2,36,A8,27,OK
0x4BB0,0x23B0,0A,40,4,0x00D370,0x04F,0x00D3BF,0x03B1,36,80,FE,OK
0x4BAF,0x23AF,0A,40,4,0x00D370,0x050,0x00D3C0,0x03B0,36,82,FF,OK
0x4BAE,0x23AE,0A,40,4,0x00D370,0x051,0x00D3C1,0x03AF,36,8A,06,OK
0x4BAD,0x23AD,0A,40,4,0x00D370,0x052,0x00D3C2,0x03AE,36,0A,85,OK
0x4BAC,0x23AC,0A,40,4,0x00D370,0x053,0x00D3C3,0x03AD,36,04,7E,OK
0x4BAB,0x23AB,0A,40,4,0x00D370,0x054,0x00D3C4,0x03AC,36,2A,A3,OK
0x4BAA,0x23AA,0A,40,4,0x00D370,0x055,0x00D3C5,0x03AB,36,00,78,OK
0x4BA9,0x23A9,0A,40,4,0x00D370,0x056,0x00D3C6,0x03AA,36,2A,A1,OK
0x4BA8,0x23A8,0A,40,4,0x00D370,0x057,0x00D3C7,0x03A9,36,00,76,OK
0x4BA7,0x23A7,0A,40,4,0x00D370,0x058,0x00D3C8,0x03A8,36,2A,9F,OK
0x4BA6,0x23A6,0A,40,4,0x00D370,0x059,0x00D3C9,0x03A7,36,A8,1C,OK
0x4BA5,0x23A5,0A,40,4,0x00D370,0x05A,0x00D3CA,0x03A6,36,05,78,OK
0x4BA4,0x23A4,0A,40,4,0x00D370,0x05B,0x00D3CB,0x03A5,36,80,F2,OK
0x4BA3,0x23A3,0A,40,4,0x00D370,0x05C,0x00D3CC,0x03A4,36,0A,7B,OK
0x4BA2,0x23A2,0A,40,4,0x00D370,0x05D,0x00D3CD,0x03A3,36,04,74,OK
0x4BA1,0x23A1,0A,40,4,0x00D370,0x05E,0x00D3CE,0x03A2,36,9C,0B,OK
0x4BA0,0x23A0,0A,40,4,0x00D370,0x05F,0x00D3CF,0x03A1,36,03,71,OK
0x4B9F,0x239F,0A,40,4,0x00D370,0x060,0x00D3D0,0x03A0,36,80,ED,OK
0x4B9E,0x239E,0A,40,4,0x00D370,0x061,0x00D3D1,0x039F,36,61,CD,OK
0x4B9D,0x239D,0A,40,4,0x00D370,0x062,0x00D3D2,0x039E,36,30,9B,OK
0x4B9C,0x239C,0A,40,4,0x00D370,0x063,0x00D3D3,0x039D,36,18,82,OK
0x4B9B,0x239B,0A,40,4,0x00D370,0x064,0x00D3D4,0x039C,36,78,E1,OK
0x4B9A,0x239A,0A,40,4,0x00D370,0x065,0x00D3D5,0x039B,36,0C,74,OK
0x4B99,0x2399,0A,40,4,0x00D370,0x066,0x00D3D6,0x039A,36,04,6B,OK
0x4B98,0x2398,0A,40,4,0x00D370,0x067,0x00D3D7,0x0399,36,06,6C,OK
0x4B97,0x2397,0A,40,4,0x00D370,0x068,0x00D3D8,0x0398,36,04,69,OK
0x4B96,0x2396,0A,40,4,0x00D370,0x069,0x00D3D9,0x0397,36,63,C7,OK
0x4B95,0x2395,0A,40,4,0x00D370,0x06A,0x00D3DA,0x0396,36,38,9B,OK
0x4B94,0x2394,0A,40,4,0x00D370,0x06B,0x00D3DB,0x0395,36,1E,80,OK
0x4B93,0x2393,0A,40,4,0x00D370,0x06C,0x00D3DC,0x0394,36,30,91,OK
0x4B92,0x2392,0A,40,4,0x00D370,0x06D,0x00D3DD,0x0393,36,C6,26,OK
0x4B91,0x2391,0A,40,4,0x00D370,0x06E,0x00D3DE,0x0392,36,30,8F,OK
0x4B90,0x2390,0A,40,4,0x00D370,0x06F,0x00D3DF,0x0391,36,18,76,OK
0x4B8F,0x238F,0A,40,4,0x00D370,0x070,0x00D3E0,0x0390,36,06,63,OK
0x4B8E,0x238E,0A,40,4,0x00D370,0x071,0x00D3E1,0x038F,36,04,60,OK
0x4B8D,0x238D,0A,40,4,0x00D370,0x072,0x00D3E2,0x038E,36,63,BE,OK
0x4B8C,0x238C,0A,40,4,0x00D370,0x073,0x00D3E3,0x038D,36,0C,66,OK
0x4B8B,0x238B,0A,40,4,0x00D370,0x074,0x00D3E4,0x038C,36,04,5D,OK
0x4B8A,0x238A,0A,40,4,0x00D370,0x075,0x00D3E5,0x038B,36,06,5E,OK
0x4B89,0x2389,0A,40,4,0x00D370,0x076,0x00D3E6,0x038A,36,04,5B,OK
0x4B88,0x2388,0A,40,4,0x00D370,0x077,0x00D3E7,0x0389,36,83,D9,OK
0x4B87,0x2387,0A,40,4,0x00D370,0x078,0x00D3E8,0x0388,36,C1,16,OK
0x4B86,0x2386,0A,40,4,0x00D370,0x079,0x00D3E9,0x0387,36,00,54,OK
0x4B85,0x2385,0A,40,4,0x00D370,0x07A,0x00D3EA,0x0386,36,18,6B,OK
0x4B84,0x2384,0A,40,4,0x00D370,0x07B,0x00D3EB,0x0385,36,80,D2,OK
0x4B83,0x2383,0A,40,4,0x00D370,0x07C,0x00D3EC,0x0384,36,C1,12,OK
0x4B82,0x2382,0A,40,4,0x00D370,0x07D,0x00D3ED,0x0383,36,60,B0,OK
0x4B81,0x2381,0A,40,4,0x00D370,0x07E,0x00D3EE,0x0382,36,30,7F,OK
0x4B80,0x2380,0A,40,4,0x00D370,0x07F,0x00D3EF,0x0381,36,00,4E,OK
0x4B7F,0x237F,0A,40,4,0x00D370,0x080,0x00D3F0,0x0380,36,03,50,OK
0x4B7E,0x237E,0A,40,4,0x00D370,0x081,0x00D3F1,0x037F,36,04,50,OK
0x4B7D,0x237D,0A,40,4,0x00D370,0x082,0x00D3F2,0x037E,36,00,4B,OK
0x4B7C,0x237C,0A,40,4,0x00D370,0x083,0x00D3F3,0x037D,36,41,8B,OK
0x4B7B,0x237B,0A,40,4,0x00D370,0x084,0x00D3F4,0x037C,36,09,52,OK
0x4B7A,0x237A,0A,40,4,0x00D370,0x085,0x00D3F5,0x037B,36,50,98,OK
0x4B79,0x2379,0A,40,4,0x00D370,0x086,0x00D3F6,0x037A,36,09,50,OK
0x4B78,0x2378,0A,40,4,0x00D370,0x087,0x00D3F7,0x0379,36,41,87,OK
0x4B77,0x2377,0A,40,4,0x00D370,0x088,0x00D3F8,0x0378,36,10,55,OK
0x4B76,0x2376,0A,40,4,0x00D370,0x089,0x00D3F9,0x0377,36,14,58,OK
0x4B75,0x2375,0A,40,4,0x00D370,0x08A,0x00D3FA,0x0376,36,10,53,OK
0x4B74,0x2374,0A,40,4,0x00D370,0x08B,0x00D3FB,0x0375,36,44,86,OK
0x4B73,0x2373,0A,40,4,0x00D370,0x08C,0x00D3FC,0x0374,36,10,51,OK
0x4B72,0x2372,0A,40,4,0x00D370,0x08D,0x00D3FD,0x0373,36,05,45,OK
0x4B71,0x2371,0A,40,4,0x00D370,0x08E,0x00D3FE,0x0372,36,04,43,OK
0x4B70,0x2370,0A,40,4,0x00D370,0x08F,0x00D3FF,0x0371,36,04,42,OK
0x4B6F,0x236F,0A,40,4,0x00D370,0x090,0x00D400,0x0370,36,41,7E,OK
0x4B6E,0x236E,0A,40,4,0x00D370,0x091,0x00D401,0x036F,36,09,45,OK
0x4B6D,0x236D,0A,40,4,0x00D370,0x092,0x00D402,0x036E,36,01,3C,OK
0x4B6C,0x236C,0A,40,4,0x00D370,0x093,0x00D403,0x036D,36,41,7B,OK
0x4B6B,0x236B,0A,40,4,0x00D370,0x094,0x00D404,0x036C,36,00,39,OK
0x4B6A,0x236A,0A,40,4,0x00D370,0x095,0x00D405,0x036B,36,10,48,OK
0x4B69,0x2369,0A,40,4,0x00D370,0x096,0x00D406,0x036A,36,00,37,OK
0x4B68,0x2368,0A,40,4,0x00D370,0x097,0x00D407,0x0369,36,41,77,OK
0x4B67,0x2367,0A,40,4,0x00D370,0x098,0x00D408,0x0368,36,40,75,OK
0x4B66,0x2366,0A,40,4,0x00D370,0x099,0x00D409,0x0367,36,10,44,OK
0x4B65,0x2365,0A,40,4,0x00D370,0x09A,0x00D40A,0x0366,36,00,33,OK
0x4B64,0x2364,0A,40,4,0x00D370,0x09B,0x00D40B,0x0365,36,01,33,OK
0x4B63,0x2363,0A,40,4,0x00D370,0x09C,0x00D40C,0x0364,36,9C,CD,OK
0x4B62,0x2362,0A,40,4,0x00D370,0x09D,0x00D40D,0x0363,36,03,33,OK
0x4B61,0x2361,0A,40,4,0x00D370,0x09E,0x00D40E,0x0362,36,80,AF,OK
0x4B60,0x2360,0A,40,4,0x00D370,0x09F,0x00D40F,0x0361,36,01,2F,OK
0x4B5F,0x235F,0A,40,4,0x00D370,0x0A0,0x00D410,0x0360,36,60,8D,OK
0x4B5E,0x235E,0A,40,4,0x00D370,0x0A1,0x00D411,0x035F,36,0A,36,OK
0x4B5D,0x235D,0A,40,4,0x00D370,0x0A2,0x00D412,0x035E,36,86,B1,OK
0x4B5C,0x235C,0A,40,4,0x00D370,0x0A3,0x00D413,0x035D,36,C1,EB,OK
0x4B5B,0x235B,0A,40,4,0x00D370,0x0A4,0x00D414,0x035C,36,18,41,OK
0x4B5A,0x235A,0A,40,4,0x00D370,0x0A5,0x00D415,0x035B,36,05,2D,OK
0x4B59,0x2359,0A,40,4,0x00D370,0x0A6,0x00D416,0x035A,36,30,57,OK
0x4B58,0x2358,0A,40,4,0x00D370,0x0A7,0x00D417,0x0359,36,C6,EC,OK
0x4B57,0x2357,0A,40,4,0x00D370,0x0A8,0x00D418,0x0358,36,30,55,OK
0x4B56,0x2356,0A,40,4,0x00D370,0x0A9,0x00D419,0x0357,36,00,24,OK
0x4B55,0x2355,0A,40,4,0x00D370,0x0AA,0x00D41A,0x0356,36,06,29,OK
0x4B54,0x2354,0A,40,4,0x00D370,0x0AB,0x00D41B,0x0355,36,04,26,OK
0x4B53,0x2353,0A,40,4,0x00D370,0x0AC,0x00D41C,0x0354,36,63,84,OK
0x4B52,0x2352,0A,40,4,0x00D370,0x0AD,0x00D41D,0x0353,36,0C,2C,OK
0x4B51,0x2351,0A,40,4,0x00D370,0x0AE,0x00D41E,0x0352,36,04,23,OK
0x4B50,0x2350,0A,40,4,0x00D370,0x0AF,0x00D41F,0x0351,36,06,24,OK
0x4B4F,0x234F,0A,40,4,0x00D370,0x0B0,0x00D420,0x0350,36,04,21,OK
0x4B4E,0x234E,0A,40,4,0x00D370,0x0B1,0x00D421,0x034F,36,83,9F,OK
0x4B4D,0x234D,0A,40,4,0x00D370,0x0B2,0x00D422,0x034E,36,C1,DC,OK
0x4B4C,0x234C,0A,40,4,0x00D370,0x0B3,0x00D423,0x034D,36,00,1A,OK
0x4B4B,0x234B,0A,40,4,0x00D370,0x0B4,0x00D424,0x034C,36,18,31,OK
0x4B4A,0x234A,0A,40,4,0x00D370,0x0B5,0x00D425,0x034B,36,00,18,OK
0x4B49,0x2349,0A,40,4,0x00D370,0x0B6,0x00D426,0x034A,36,80,97,OK
0x4B48,0x2348,0A,40,4,0x00D370,0x0B7,0x00D427,0x0349,36,61,77,OK
0x4B47,0x2347,0A,40,4,0x00D370,0x0B8,0x00D428,0x0348,36,30,45,OK
0x4B46,0x2346,0A,40,4,0x00D370,0x0B9,0x00D429,0x0347,36,00,14,OK
0x4B45,0x2345,0A,40,4,0x00D370,0x0BA,0x00D42A,0x0346,36,03,16,OK
0x4B44,0x2344,0A,40,4,0x00D370,0x0BB,0x00D42B,0x0345,36,04,16,OK
0x4B43,0x2343,0A,40,4,0x00D370,0x0BC,0x00D42C,0x0344,36,80,91,OK
0x4B42,0x2342,0A,40,4,0x00D370,0x0BD,0x00D42D,0x0343,36,00,10,OK
0x4B41,0x2341,0A,40,4,0x00D370,0x0BE,0x00D42E,0x0342,36,20,2F,OK
0x4B40,0x2340,0A,40,4,0x00D370,0x0BF,0x00D42F,0x0341,36,0A,18,OK
0x4B3F,0x233F,0A,40,4,0x00D370,0x0C0,0x00D430,0x0340,36,82,8F,OK
0x4B3E,0x233E,0A,40,4,0x00D370,0x0C1,0x00D431,0x033F,36,80,8C,OK
0x4B3D,0x233D,0A,40,4,0x00D370,0x0C2,0x00D432,0x033E,36,08,13,OK
0x4B3C,0x233C,0A,40,4,0x00D370,0x0C3,0x00D433,0x033D,36,05,0F,OK
0x4B3B,0x233B,0A,40,4,0x00D370,0x0C4,0x00D434,0x033C,36,20,29,OK
0x4B3A,0x233A,0A,40,4,0x00D370,0x0C5,0x00D435,0x033B,36,82,8A,OK
0x4B39,0x2339,0A,40,4,0x00D370,0x0C6,0x00D436,0x033A,36,20,27,OK
0x4B38,0x2338,0A,40,4,0x00D370,0x0C7,0x00D437,0x0339,36,00,06,OK
0x4B37,0x2337,0A,40,4,0x00D370,0x0C8,0x00D438,0x0338,36,02,07,OK
0x4B36,0x2336,0A,40,4,0x00D370,0x0C9,0x00D439,0x0337,36,04,08,OK
0x4B35,0x2335,0A,40,4,0x00D370,0x0CA,0x00D43A,0x0336,36,22,25,OK
0x4B34,0x2334,0A,40,4,0x00D370,0x0CB,0x00D43B,0x0335,36,08,0A,OK
0x4B33,0x2333,0A,40,4,0x00D370,0x0CC,0x00D43C,0x0334,36,04,05,OK
0x4B32,0x2332,0A,40,4,0x00D370,0x0CD,0x00D43D,0x0333,36,02,02,OK
0x4B31,0x2331,0A,40,4,0x00D370,0x0CE,0x00D43E,0x0332,36,04,03,OK
0x4B30,0x2330,0A,40,4,0x00D370,0x0CF,0x00D43F,0x0331,36,82,80,OK
0x4B2F,0x232F,0A,40,4,0x00D370,0x0D0,0x00D440,0x0330,36,80,7D,OK
0x4B2E,0x232E,0A,40,4,0x00D370,0x0D1,0x00D441,0x032F,36,00,FC,OK
0x4B2D,0x232D,0A,40,4,0x00D370,0x0D2,0x00D442,0x032E,36,08,03,OK
0x4B2C,0x232C,0A,40,4,0x00D370,0x0D3,0x00D443,0x032D,36,04,FE,OK
0x4B2B,0x232B,0A,40,4,0x00D370,0x0D4,0x00D444,0x032C,36,00,F9,OK
0x4B2A,0x232A,0A,40,4,0x00D370,0x0D5,0x00D445,0x032B,36,80,78,OK
0x4B29,0x2329,0A,40,4,0x00D370,0x0D6,0x00D446,0x032A,36,09,00,OK
0x4B28,0x2328,0A,40,4,0x00D370,0x0D7,0x00D447,0x0329,36,00,F6,OK
0x4B27,0x2327,0A,40,4,0x00D370,0x0D8,0x00D448,0x0328,36,02,F7,OK
0x4B26,0x2326,0A,40,4,0x00D370,0x0D9,0x00D449,0x0327,36,04,F8,OK
0x4B25,0x2325,0A,40,4,0x00D370,0x0DA,0x00D44A,0x0326,36,9C,8F,OK
0x4B24,0x2324,0A,40,4,0x00D370,0x0DB,0x00D44B,0x0325,36,03,F5,OK
0x4B23,0x2323,0A,40,4,0x00D370,0x0DC,0x00D44C,0x0324,36,80,71,OK
0x4B22,0x2322,0A,40,4,0x00D370,0x0DD,0x00D44D,0x0323,36,E1,D1,OK
0x4B21,0x2321,0A,40,4,0x00D370,0x0DE,0x00D44E,0x0322,36,7F,6E,OK
0x4B20,0x2320,0A,40,4,0x00D370,0x0DF,0x00D44F,0x0321,36,18,06,OK
0x4B1F,0x231F,0A,40,4,0x00D370,0x0E0,0x00D450,0x0320,36,06,F3,OK
0x4B1E,0x231E,0A,40,4,0x00D370,0x0E1,0x00D451,0x031F,36,86,72,OK
0x4B1D,0x231D,0A,40,4,0x00D370,0x0E2,0x00D452,0x031E,36,C1,AC,OK
0x4B1C,0x231C,0A,40,4,0x00D370,0x0E3,0x00D453,0x031D,36,18,02,OK
0x4B1B,0x231B,0A,40,4,0x00D370,0x0E4,0x00D454,0x031C,36,00,E9,OK
0x4B1A,0x231A,0A,40,4,0x00D370,0x0E5,0x00D455,0x031B,36,30,18,OK
0x4B19,0x2319,0A,40,4,0x00D370,0x0E6,0x00D456,0x031A,36,C6,AD,OK
0x4B18,0x2318,0A,40,4,0x00D370,0x0E7,0x00D457,0x0319,36,E0,C6,OK
0x4B17,0x2317,0A,40,4,0x00D370,0x0E8,0x00D458,0x0318,36,0F,F4,OK
0x4B16,0x2316,0A,40,4,0x00D370,0x0E9,0x00D459,0x0317,36,FE,E2,OK
0x4B15,0x2315,0A,40,4,0x00D370,0x0EA,0x00D45A,0x0316,36,00,E3,OK
0x4B14,0x2314,0A,40,4,0x00D370,0x0EB,0x00D45B,0x0315,36,0C,EE,OK
0x4B13,0x2313,0A,40,4,0x00D370,0x0EC,0x00D45C,0x0314,36,04,E5,OK
0x4B12,0x2312,0A,40,4,0x00D370,0x0ED,0x00D45D,0x0313,36,06,E6,OK
0x4B11,0x2311,0A,40,4,0x00D370,0x0EE,0x00D45E,0x0312,36,04,E3,OK
0x4B10,0x2310,0A,40,4,0x00D370,0x0EF,0x00D45F,0x0311,36,83,61,OK
0x4B0F,0x230F,0A,40,4,0x00D370,0x0F0,0x00D460,0x0310,36,3F,1C,OK
0x4B0E,0x230E,0A,40,4,0x00D370,0x0F1,0x00D461,0x030F,36,00,DC,OK
0x4B0D,0x230D,0A,40,4,0x00D370,0x0F2,0x00D462,0x030E,36,18,F3,OK
0x4B0C,0x230C,0A,40,4,0x00D370,0x0F3,0x00D463,0x030D,36,80,5A,OK
0x4B0B,0x230B,0A,40,4,0x00D370,0x0F4,0x00D464,0x030C,36,FF,D8,OK
0x4B0A,0x230A,0A,40,4,0x00D370,0x0F5,0x00D465,0x030B,36,61,39,OK
0x4B09,0x2309,0A,40,4,0x00D370,0x0F6,0x00D466,0x030A,36,30,07,OK
0x4B08,0x2308,0A,40,4,0x00D370,0x0F7,0x00D467,0x0309,36,00,D6,OK
0x4B07,0x2307,0A,40,4,0x00D370,0x0F8,0x00D468,0x0308,36,03,D8,OK
0x4B06,0x2306,0A,40,4,0x00D370,0x0F9,0x00D469,0x0307,36,04,D8,OK
0x4B05,0x2305,0A,40,4,0x00D370,0x0FA,0x00D46A,0x0306,36,00,D3,OK
0x4B04,0x2304,0A,40,4,0x00D370,0x0FB,0x00D46B,0x0305,36,41,13,OK
0x4B03,0x2303,0A,40,4,0x00D370,0x0FC,0x00D46C,0x0304,36,55,26,OK
0x4B02,0x2302,0A,40,4,0x00D370,0x0FD,0x00D46D,0x0303,36,10,E0,OK
0x4B01,0x2301,0A,40,4,0x00D370,0x0FE,0x00D46E,0x0302,36,06,D5,OK
0x4B00,0x2300,0A,40,4,0x00D370,0x0FF,0x00D46F,0x0301,36,04,D2,OK
0x4AFF,0x22FF,0A,40,4,0x00D370,0x100,0x00D470,0x0300,36,04,D1,OK
0x4AFE,0x22FE,0A,40,4,0x00D370,0x101,0x00D471,0x02FF,36,41,0C,OK
0x4AFD,0x22FD,0A,40,4,0x00D370,0x102,0x00D472,0x02FE,36,10,DA,OK
0x4AFC,0x22FC,0A,40,4,0x00D370,0x103,0x00D473,0x02FD,36,00,C9,OK
0x4AFB,0x22FB,0A,40,4,0x00D370,0x104,0x00D474,0x02FC,36,10,D8,OK
0x4AFA,0x22FA,0A,40,4,0x00D370,0x105,0x00D475,0x02FB,36,44,0B,OK
0x4AF9,0x22F9,0A,40,4,0x00D370,0x106,0x00D476,0x02FA,36,40,06,OK
0x4AF8,0x22F8,0A,40,4,0x00D370,0x107,0x00D477,0x02F9,36,05,CA,OK
0x4AF7,0x22F7,0A,40,4,0x00D370,0x108,0x00D478,0x02F8,36,04,C8,OK
0x4AF6,0x22F6,0A,40,4,0x00D370,0x109,0x00D479,0x02F7,36,54,17,OK
0x4AF5,0x22F5,0A,40,4,0x00D370,0x10A,0x00D47A,0x02F6,36,00,C2,OK
0x4AF4,0x22F4,0A,40,4,0x00D370,0x10B,0x00D47B,0x02F5,36,09,CA,OK
0x4AF3,0x22F3,0A,40,4,0x00D370,0x10C,0x00D47C,0x02F4,36,01,C1,OK
0x4AF2,0x22F2,0A,40,4,0x00D370,0x10D,0x00D47D,0x02F3,36,15,D4,OK
0x4AF1,0x22F1,0A,40,4,0x00D370,0x10E,0x00D47E,0x02F2,36,00,BE,OK
0x4AF0,0x22F0,0A,40,4,0x00D370,0x10F,0x00D47F,0x02F1,36,10,CD,OK
0x4AEF,0x22EF,0A,40,4,0x00D370,0x110,0x00D480,0x02F0,36,00,BC,OK
0x4AEE,0x22EE,0A,40,4,0x00D370,0x111,0x00D481,0x02EF,36,55,10,OK
0x4AED,0x22ED,0A,40,4,0x00D370,0x112,0x00D482,0x02EE,36,41,FB,OK
0x4AEC,0x22EC,0A,40,4,0x00D370,0x113,0x00D483,0x02ED,36,10,C9,OK
0x4AEB,0x22EB,0A,40,4,0x00D370,0x114,0x00D484,0x02EC,36,00,B8,OK
0x4AEA,0x22EA,0A,40,4,0x00D370,0x115,0x00D485,0x02EB,36,01,B8,OK
0x4AE9,0x22E9,0A,40,4,0x00D370,0x116,0x00D486,0x02EA,36,9C,52,OK
0x4AE8,0x22E8,0A,40,4,0x00D370,0x117,0x00D487,0x02E9,36,03,B8,OK
0x4AE7,0x22E7,0A,40,4,0x00D370,0x118,0x00D488,0x02E8,36,83,37,OK
0x4AE6,0x22E6,0A,40,4,0x00D370,0x119,0x00D489,0x02E7,36,61,14,OK
0x4AE5,0x22E5,0A,40,4,0x00D370,0x11A,0x00D48A,0x02E6,36,60,12,OK
0x4AE4,0x22E4,0A,40,4,0x00D370,0x11B,0x00D48B,0x02E5,36,18,C9,OK
0x4AE3,0x22E3,0A,40,4,0x00D370,0x11C,0x00D48C,0x02E4,36,06,B6,OK
0x4AE2,0x22E2,0A,40,4,0x00D370,0x11D,0x00D48D,0x02E3,36,86,35,OK
0x4AE1,0x22E1,0A,40,4,0x00D370,0x11E,0x00D48E,0x02E2,36,C1,6F,OK
0x4AE0,0x22E0,0A,40,4,0x00D370,0x11F,0x00D48F,0x02E1,36,38,E5,OK
0x4ADF,0x22DF,0A,40,4,0x00D370,0x120,0x00D490,0x02E0,36,00,AC,OK
0x4ADE,0x22DE,0A,40,4,0x00D370,0x121,0x00D491,0x02DF,36,30,DB,OK
0x4ADD,0x22DD,0A,40,4,0x00D370,0x122,0x00D492,0x02DE,36,C6,70,OK
0x4ADC,0x22DC,0A,40,4,0x00D370,0x123,0x00D493,0x02DD,36,00,A9,OK
0x4ADB,0x22DB,0A,40,4,0x00D370,0x124,0x00D494,0x02DC,36,18,C0,OK
0x4ADA,0x22DA,0A,40,4,0x00D370,0x125,0x00D495,0x02DB,36,06,AD,OK
0x4AD9,0x22D9,0A,40,4,0x00D370,0x126,0x00D496,0x02DA,36,04,AA,OK
0x4AD8,0x22D8,0A,40,4,0x00D370,0x127,0x00D497,0x02D9,36,00,A5,OK
0x4AD7,0x22D7,0A,40,4,0x00D370,0x128,0x00D498,0x02D8,36,0C,B0,OK
0x4AD6,0x22D6,0A,40,4,0x00D370,0x129,0x00D499,0x02D7,36,04,A7,OK
0x4AD5,0x22D5,0A,40,4,0x00D370,0x12A,0x00D49A,0x02D6,36,06,A8,OK
0x4AD4,0x22D4,0A,40,4,0x00D370,0x12B,0x00D49B,0x02D5,36,04,A5,OK
0x4AD3,0x22D3,0A,40,4,0x00D370,0x12C,0x00D49C,0x02D4,36,83,23,OK
0x4AD2,0x22D2,0A,40,4,0x00D370,0x12D,0x00D49D,0x02D3,36,01,A0,OK
0x4AD1,0x22D1,0A,40,4,0x00D370,0x12E,0x00D49E,0x02D2,36,30,CE,OK
0x4AD0,0x22D0,0A,40,4,0x00D370,0x12F,0x00D49F,0x02D1,36,18,B5,OK
0x4ACF,0x22CF,0A,40,4,0x00D370,0x130,0x00D4A0,0x02D0,36,80,1C,OK
0x4ACE,0x22CE,0A,40,4,0x00D370,0x131,0x00D4A1,0x02CF,36,81,1C,OK
0x4ACD,0x22CD,0A,40,4,0x00D370,0x132,0x00D4A2,0x02CE,36,61,FB,OK
0x4ACC,0x22CC,0A,40,4,0x00D370,0x133,0x00D4A3,0x02CD,36,30,C9,OK
0x4ACB,0x22CB,0A,40,4,0x00D370,0x134,0x00D4A4,0x02CC,36,00,98,OK
0x4ACA,0x22CA,0A,40,4,0x00D370,0x135,0x00D4A5,0x02CB,36,03,9A,OK
0x4AC9,0x22C9,0A,40,4,0x00D370,0x136,0x00D4A6,0x02CA,36,04,9A,OK
0x4AC8,0x22C8,0A,40,4,0x00D370,0x137,0x00D4A7,0x02C9,36,82,17,OK
0x4AC7,0x22C7,0A,40,4,0x00D370,0x138,0x00D4A8,0x02C8,36,20,B4,OK
0x4AC6,0x22C6,0A,40,4,0x00D370,0x139,0x00D4A9,0x02C7,36,05,98,OK
0x4AC5,0x22C5,0A,40,4,0x00D370,0x13A,0x00D4AA,0x02C6,36,08,9A,OK
0x4AC4,0x22C4,0A,40,4,0x00D370,0x13B,0x00D4AB,0x02C5,36,06,97,OK
0x4AC3,0x22C3,0A,40,4,0x00D370,0x13C,0x00D4AC,0x02C4,36,82,12,OK
0x4AC2,0x22C2,0A,40,4,0x00D370,0x13D,0x00D4AD,0x02C3,36,80,0F,OK
0x4AC1,0x22C1,0A,40,4,0x00D370,0x13E,0x00D4AE,0x02C2,36,28,B6,OK
0x4AC0,0x22C0,0A,40,4,0x00D370,0x13F,0x00D4AF,0x02C1,36,00,8D,OK
0x4ABF,0x22BF,0A,40,4,0x00D370,0x140,0x00D4B0,0x02C0,36,20,AC,OK
0x4ABE,0x22BE,0A,40,4,0x00D370,0x141,0x00D4B1,0x02BF,36,82,0D,OK
0x4ABD,0x22BD,0A,40,4,0x00D370,0x142,0x00D4B2,0x02BE,36,00,8A,OK
0x4ABC,0x22BC,0A,40,4,0x00D370,0x143,0x00D4B3,0x02BD,36,08,91,OK
0x4ABB,0x22BB,0A,40,4,0x00D370,0x144,0x00D4B4,0x02BC,36,04,8C,OK
0x4ABA,0x22BA,0A,40,4,0x00D370,0x145,0x00D4B5,0x02BB,36,02,89,OK
0x4AB9,0x22B9,0A,40,4,0x00D370,0x146,0x00D4B6,0x02BA,36,04,8A,OK
0x4AB8,0x22B8,0A,40,4,0x00D370,0x147,0x00D4B7,0x02B9,36,00,85,OK
0x4AB7,0x22B7,0A,40,4,0x00D370,0x148,0x00D4B8,0x02B8,36,08,8C,OK
0x4AB6,0x22B6,0A,40,4,0x00D370,0x149,0x00D4B9,0x02B7,36,04,87,OK
0x4AB5,0x22B5,0A,40,4,0x00D370,0x14A,0x00D4BA,0x02B6,36,02,84,OK
0x4AB4,0x22B4,0A,40,4,0x00D370,0x14B,0x00D4BB,0x02B5,36,04,85,OK
0x4AB3,0x22B3,0A,40,4,0x00D370,0x14C,0x00D4BC,0x02B4,36,82,02,OK
0x4AB2,0x22B2,0A,40,4,0x00D370,0x14D,0x00D4BD,0x02B3,36,00,7F,OK
0x4AB1,0x22B1,0A,40,4,0x00D370,0x14E,0x00D4BE,0x02B2,36,20,9E,OK
0x4AB0,0x22B0,0A,40,4,0x00D370,0x14F,0x00D4BF,0x02B1,36,08,85,OK
0x4AAF,0x22AF,0A,40,4,0x00D370,0x150,0x00D4C0,0x02B0,36,04,80,OK
0x4AAE,0x22AE,0A,40,4,0x00D370,0x151,0x00D4C1,0x02AF,36,80,FB,OK
0x4AAD,0x22AD,0A,40,4,0x00D370,0x152,0x00D4C2,0x02AE,36,05,7F,OK
0x4AAC,0x22AC,0A,40,4,0x00D370,0x153,0x00D4C3,0x02AD,36,20,99,OK
0x4AAB,0x22AB,0A,40,4,0x00D370,0x154,0x00D4C4,0x02AC,36,05,7D,OK
0x4AAA,0x22AA,0A,40,4,0x00D370,0x155,0x00D4C5,0x02AB,36,00,77,OK
0x4AA9,0x22A9,0A,40,4,0x00D370,0x156,0x00D4C6,0x02AA,36,02,78,OK
0x4AA8,0x22A8,0A,40,4,0x00D370,0x157,0x00D4C7,0x02A9,36,04,79,OK
0x4AA7,0x22A7,0A,40,4,0x00D370,0x158,0x00D4C8,0x02A8,36,9C,10,OK
0x4AA6,0x22A6,0A,40,4,0x00D370,0x159,0x00D4C9,0x02A7,36,03,76,OK
0x4AA5,0x22A5,0A,40,4,0x00D370,0x15A,0x00D4CA,0x02A6,36,C3,35,OK
0x4AA4,0x22A4,0A,40,4,0x00D370,0x15B,0x00D4CB,0x02A5,36,C1,32,OK
0x4AA3,0x22A3,0A,40,4,0x00D370,0x15C,0x00D4CC,0x02A4,36,30,A0,OK
0x4AA2,0x22A2,0A,40,4,0x00D370,0x15D,0x00D4CD,0x02A3,36,18,87,OK
0x4AA1,0x22A1,0A,40,4,0x00D370,0x15E,0x00D4CE,0x02A2,36,78,E6,OK
0x4AA0,0x22A0,0A,40,4,0x00D370,0x15F,0x00D4CF,0x02A1,36,0C,79,OK
0x4A9F,0x229F,0A,40,4,0x00D370,0x160,0x00D4D0,0x02A0,36,04,70,OK
0x4A9E,0x229E,0A,40,4,0x00D370,0x161,0x00D4D1,0x029F,36,06,71,OK
0x4A9D,0x229D,0A,40,4,0x00D370,0x162,0x00D4D2,0x029E,36,04,6E,OK
0x4A9C,0x229C,0A,40,4,0x00D370,0x163,0x00D4D3,0x029D,36,63,CC,OK
0x4A9B,0x229B,0A,40,4,0x00D370,0x164,0x00D4D4,0x029C,36,E0,48,OK
0x4A9A,0x229A,0A,40,4,0x00D370,0x165,0x00D4D5,0x029B,36,07,6E,OK
0x4A99,0x2299,0A,40,4,0x00D370,0x166,0x00D4D6,0x029A,36,04,6A,OK
0x4A98,0x2298,0A,40,4,0x00D370,0x167,0x00D4D7,0x0299,36,30,95,OK
0x4A97,0x2297,0A,40,4,0x00D370,0x168,0x00D4D8,0x0298,36,E7,4B,OK
0x4A96,0x2296,0A,40,4,0x00D370,0x169,0x00D4D9,0x0297,36,30,93,OK
0x4A95,0x2295,0A,40,4,0x00D370,0x16A,0x00D4DA,0x0296,36,18,7A,OK
0x4A94,0x2294,0A,40,4,0x00D370,0x16B,0x00D4DB,0x0295,36,86,E7,OK
0x4A93,0x2293,0A,40,4,0x00D370,0x16C,0x00D4DC,0x0294,36,01,61,OK
0x4A92,0x2292,0A,40,4,0x00D370,0x16D,0x00D4DD,0x0293,36,0C,6B,OK
0x4A91,0x2291,0A,40,4,0x00D370,0x16E,0x00D4DE,0x0292,36,04,62,OK
0x4A90,0x2290,0A,40,4,0x00D370,0x16F,0x00D4DF,0x0291,36,86,E3,OK
0x4A8F,0x228F,0A,40,4,0x00D370,0x170,0x00D4E0,0x0290,36,83,DF,OK
0x4A8E,0x228E,0A,40,4,0x00D370,0x171,0x00D4E1,0x028F,36,61,BC,OK
0x4A8D,0x228D,0A,40,4,0x00D370,0x172,0x00D4E2,0x028E,36,F0,4A,OK
0x4A8C,0x228C,0A,40,4,0x00D370,0x173,0x00D4E3,0x028D,36,1F,78,OK
0x4A8B,0x228B,0A,40,4,0x00D370,0x174,0x00D4E4,0x028C,36,00,58,OK
0x4A8A,0x228A,0A,40,4,0x00D370,0x175,0x00D4E5,0x028B,36,C3,1A,OK
0x4A89,0x2289,0A,40,4,0x00D370,0x176,0x00D4E6,0x028A,36,60,B6,OK
0x4A88,0x2288,0A,40,4,0x00D370,0x177,0x00D4E7,0x0289,36,38,8D,OK
0x4A87,0x2287,0A,40,4,0x00D370,0x178,0x00D4E8,0x0288,36,00,54,OK
0x4A86,0x2286,0A,40,4,0x00D370,0x179,0x00D4E9,0x0287,36,03,56,OK
0x4A85,0x2285,0A,40,4,0x00D370,0x17A,0x00D4EA,0x0286,36,04,56,OK
0x4A84,0x2284,0A,40,4,0x00D370,0x17B,0x00D4EB,0x0285,36,41,92,OK
0x4A83,0x2283,0A,40,4,0x00D370,0x17C,0x00D4EC,0x0284,36,05,55,OK
0x4A82,0x2282,0A,40,4,0x00D370,0x17D,0x00D4ED,0x0283,36,10,5F,OK
0x4A81,0x2281,0A,40,4,0x00D370,0x17E,0x00D4EE,0x0282,36,05,53,OK
0x4A80,0x2280,0A,40,4,0x00D370,0x17F,0x00D4EF,0x0281,36,50,9D,OK
0x4A7F,0x227F,0A,40,4,0x00D370,0x180,0x00D4F0,0x0280,36,09,55,OK
0x4A7E,0x227E,0A,40,4,0x00D370,0x181,0x00D4F1,0x027F,36,41,8C,OK
0x4A7D,0x227D,0A,40,4,0x00D370,0x182,0x00D4F2,0x027E,36,40,8A,OK
0x4A7C,0x227C,0A,40,4,0x00D370,0x183,0x00D4F3,0x027D,36,05,4E,OK
0x4A7B,0x227B,0A,40,4,0x00D370,0x184,0x00D4F4,0x027C,36,04,4C,OK
0x4A7A,0x227A,0A,40,4,0x00D370,0x185,0x00D4F5,0x027B,36,10,57,OK
0x4A79,0x2279,0A,40,4,0x00D370,0x186,0x00D4F6,0x027A,36,45,8B,OK
0x4A78,0x2278,0A,40,4,0x00D370,0x187,0x00D4F7,0x0279,36,10,55,OK
0x4A77,0x2277,0A,40,4,0x00D370,0x188,0x00D4F8,0x0278,36,05,49,OK
0x4A76,0x2276,0A,40,4,0x00D370,0x189,0x00D4F9,0x0277,36,04,47,OK
0x4A75,0x2275,0A,40,4,0x00D370,0x18A,0x00D4FA,0x0276,36,04,46,OK
0x4A74,0x2274,0A,40,4,0x00D370,0x18B,0x00D4FB,0x0275,36,01,42,OK
0x4A73,0x2273,0A,40,4,0x00D370,0x18C,0x00D4FC,0x0274,36,04,44,OK
0x4A72,0x2272,0A,40,4,0x00D370,0x18D,0x00D4FD,0x0273,36,05,44,OK
0x4A71,0x2271,0A,40,4,0x00D370,0x18E,0x00D4FE,0x0272,36,01,3F,OK
0x4A70,0x2270,0A,40,4,0x00D370,0x18F,0x00D4FF,0x0271,36,41,7E,OK
0x4A6F,0x226F,0A,40,4,0x00D370,0x190,0x00D500,0x0270,36,50,8C,OK
0x4A6E,0x226E,0A,40,4,0x00D370,0x191,0x00D501,0x026F,36,15,50,OK
0x4A6D,0x226D,0A,40,4,0x00D370,0x192,0x00D502,0x026E,36,00,3A,OK
0x4A6C,0x226C,0A,40,4,0x00D370,0x193,0x00D503,0x026D,36,41,7A,OK
0x4A6B,0x226B,0A,40,4,0x00D370,0x194,0x00D504,0x026C,36,40,78,OK
0x4A6A,0x226A,0A,40,4,0x00D370,0x195,0x00D505,0x026B,36,10,47,OK
0x4A69,0x2269,0A,40,4,0x00D370,0x196,0x00D506,0x026A,36,00,36,OK
0x4A68,0x2268,0A,40,4,0x00D370,0x197,0x00D507,0x0269,36,01,36,OK
0x4A67,0x2267,0A,40,4,0x00D370,0x198,0x00D508,0x0268,36,9C,D0,OK
0x4A66,0x2266,0A,40,4,0x00D370,0x199,0x00D509,0x0267,36,03,36,OK
0x4A65,0x2265,0A,40,4,0x00D370,0x19A,0x00D50A,0x0266,36,BE,F0,OK
0x4A64,0x2264,0A,40,4,0x00D370,0x19B,0x00D50B,0x0265,36,87,B8,OK
0x4A63,0x2263,0A,40,4,0x00D370,0x19C,0x00D50C,0x0264,36,1F,4F,OK
0x4A62,0x2262,0A,40,4,0x00D370,0x19D,0x00D50D,0x0263,36,78,A7,OK
0x4A61,0x2261,0A,40,4,0x00D370,0x19E,0x00D50E,0x0262,36,D8,06,OK
0x4A60,0x2260,0A,40,4,0x00D370,0x19F,0x00D50F,0x0261,36,07,34,OK
0x4A5F,0x225F,0A,40,4,0x00D370,0x1A0,0x00D510,0x0260,36,04,30,OK
0x4A5E,0x225E,0A,40,4,0x00D370,0x1A1,0x00D511,0x025F,36,06,31,OK
0x4A5D,0x225D,0A,40,4,0x00D370,0x1A2,0x00D512,0x025E,36,04,2E,OK
0x4A5C,0x225C,0A,40,4,0x00D370,0x1A3,0x00D513,0x025D,36,3E,67,OK
0x4A5B,0x225B,0A,40,4,0x00D370,0x1A4,0x00D514,0x025C,36,00,28,OK
0x4A5A,0x225A,0A,40,4,0x00D370,0x1A5,0x00D515,0x025B,36,1C,43,OK
0x4A59,0x2259,0A,40,4,0x00D370,0x1A6,0x00D516,0x025A,36,E0,06,OK
0x4A58,0x2258,0A,40,4,0x00D370,0x1A7,0x00D517,0x0259,36,DD,02,OK
0x4A57,0x2257,0A,40,4,0x00D370,0x1A8,0x00D518,0x0258,36,D3,F7,OK
0x4A56,0x2256,0A,40,4,0x00D370,0x1A9,0x00D519,0x0257,36,0F,32,OK
0x4A55,0x2255,0A,40,4,0x00D370,0x1AA,0x00D51A,0x0256,36,FC,1E,OK
0x4A54,0x2254,0A,40,4,0x00D370,0x1AB,0x00D51B,0x0255,36,E0,01,OK
0x4A53,0x2253,0A,40,4,0x00D370,0x1AC,0x00D51C,0x0254,36,3F,5F,OK
0x4A52,0x2252,0A,40,4,0x00D370,0x1AD,0x00D51D,0x0253,36,7C,9B,OK
0x4A51,0x2251,0A,40,4,0x00D370,0x1AE,0x00D51E,0x0252,36,0F,2D,OK
0x4A50,0x2250,0A,40,4,0x00D370,0x1AF,0x00D51F,0x0251,36,3F,5C,OK
0x4A4F,0x224F,0A,40,4,0x00D370,0x1B0,0x00D520,0x0250,36,30,4C,OK
0x4A4E,0x224E,0A,40,4,0x00D370,0x1B1,0x00D521,0x024F,36,18,33,OK
0x4A4D,0x224D,0A,40,4,0x00D370,0x1B2,0x00D522,0x024E,36,00,1A,OK
0x4A4C,0x224C,0A,40,4,0x00D370,0x1B3,0x00D523,0x024D,36,7E,97,OK
0x4A4B,0x224B,0A,40,4,0x00D370,0x1B4,0x00D524,0x024C,36,C0,D8,OK
0x4A4A,0x224A,0A,40,4,0x00D370,0x1B5,0x00D525,0x024B,36,37,4E,OK
0x4A49,0x2249,0A,40,4,0x00D370,0x1B6,0x00D526,0x024A,36,00,16,OK
0x4A48,0x2248,0A,40,4,0x00D370,0x1B7,0x00D527,0x0249,36,03,18,OK
0x4A47,0x2247,0A,40,4,0x00D370,0x1B8,0x00D528,0x0248,36,04,18,OK
0x4A46,0x2246,0A,40,4,0x00D370,0x1B9,0x00D529,0x0247,36,AA,BD,OK
0x4A45,0x2245,0A,40,4,0x00D370,0x1BA,0x00D52A,0x0246,36,82,94,OK
0x4A44,0x2244,0A,40,4,0x00D370,0x1BB,0x00D52B,0x0245,36,0A,1B,OK
0x4A43,0x2243,0A,40,4,0x00D370,0x1BC,0x00D52C,0x0244,36,04,14,OK
0x4A42,0x2242,0A,40,4,0x00D370,0x1BD,0x00D52D,0x0243,36,28,37,OK
0x4A41,0x2241,0A,40,4,0x00D370,0x1BE,0x00D52E,0x0242,36,88,96,OK
0x4A40,0x2240,0A,40,4,0x00D370,0x1BF,0x00D52F,0x0241,36,09,16,OK
0x4A3F,0x223F,0A,40,4,0x00D370,0x1C0,0x00D530,0x0240,36,2A,36,OK
0x4A3E,0x223E,0A,40,4,0x00D370,0x1C1,0x00D531,0x023F,36,00,0B,OK
0x4A3D,0x223D,0A,40,4,0x00D370,0x1C2,0x00D532,0x023E,36,08,12,OK
0x4A3C,0x223C,0A,40,4,0x00D370,0x1C3,0x00D533,0x023D,36,04,0D,OK
0x4A3B,0x223B,0A,40,4,0x00D370,0x1C4,0x00D534,0x023C,36,A0,A8,OK
0x4A3A,0x223A,0A,40,4,0x00D370,0x1C5,0x00D535,0x023B,36,88,8F,OK
0x4A39,0x2239,0A,40,4,0x00D370,0x1C6,0x00D536,0x023A,36,82,88,OK
0x4A38,0x2238,0A,40,4,0x00D370,0x1C7,0x00D537,0x0239,36,0A,0F,OK
0x4A37,0x2237,0A,40,4,0x00D370,0x1C8,0x00D538,0x0238,36,04,08,OK
0x4A36,0x2236,0A,40,4,0x00D370,0x1C9,0x00D539,0x0237,36,A8,AB,OK
0x4A35,0x2235,0A,40,4,0x00D370,0x1CA,0x00D53A,0x0236,36,A0,A2,OK
0x4A34,0x2234,0A,40,4,0x00D370,0x1CB,0x00D53B,0x0235,36,2A,2B,OK
0x4A33,0x2233,0A,40,4,0x00D370,0x1CC,0x00D53C,0x0234,36,28,28,OK
0x4A32,0x2232,0A,40,4,0x00D370,0x1CD,0x00D53D,0x0233,36,0A,09,OK
0x4A31,0x2231,0A,40,4,0x00D370,0x1CE,0x00D53E,0x0232,36,04,02,OK
0x4A30,0x2230,0A,40,4,0x00D370,0x1CF,0x00D53F,0x0231,36,2A,27,OK
0x4A2F,0x222F,0A,40,4,0x00D370,0x1D0,0x00D540,0x0230,36,20,1C,OK
0x4A2E,0x222E,0A,40,4,0x00D370,0x1D1,0x00D541,0x022F,36,08,03,OK
0x4A2D,0x222D,0A,40,4,0x00D370,0x1D2,0x00D542,0x022E,36,04,FE,OK
0x4A2C,0x222C,0A,40,4,0x00D370,0x1D3,0x00D543,0x022D,36,00,F9,OK
0x4A2B,0x222B,0A,40,4,0x00D370,0x1D4,0x00D544,0x022C,36,2A,22,OK
0x4A2A,0x222A,0A,40,4,0x00D370,0x1D5,0x00D545,0x022B,36,80,77,OK
0x4A29,0x2229,0A,40,4,0x00D370,0x1D6,0x00D546,0x022A,36,22,18,OK
0x4A28,0x2228,0A,40,4,0x00D370,0x1D7,0x00D547,0x0229,36,00,F5,OK
0x4A27,0x2227,0A,40,4,0x00D370,0x1D8,0x00D548,0x0228,36,02,F6,OK
0x4A26,0x2226,0A,40,4,0x00D370,0x1D9,0x00D549,0x0227,36,04,F7,OK
0x4A25,0x2225,0A,40,4,0x00D370,0x1DA,0x00D54A,0x0226,36,9C,8E,OK
0x4A24,0x2224,0A,40,4,0x00D370,0x1DB,0x00D54B,0x0225,36,03,F4,OK
0x4A23,0x2223,0A,40,4,0x00D370,0x1DC,0x00D54C,0x0224,36,0B,FB,OK
0x4A22,0x2222,0A,40,4,0x00D370,0x1DD,0x00D54D,0x0223,36,18,07,OK
0x4A21,0x2221,0A,40,4,0x00D370,0x1DE,0x00D54E,0x0222,36,00,EE,OK
0x4A20,0x2220,0A,40,4,0x00D370,0x1DF,0x00D54F,0x0221,36,06,F3,OK
0x4A1F,0x221F,0A,40,4,0x00D370,0x1E0,0x00D550,0x0220,36,04,F0,OK
0x4A1E,0x221E,0A,40,4,0x00D370,0x1E1,0x00D551,0x021F,36,00,EB,OK
0x4A1D,0x221D,0A,40,4,0x00D370,0x1E2,0x00D552,0x021E,36,18,02,OK
0x4A1C,0x221C,0A,40,4,0x00D370,0x1E3,0x00D553,0x021D,36,05,EE,OK
0x4A1B,0x221B,0A,40,4,0x00D370,0x1E4,0x00D554,0x021C,36,86,6E,OK
0x4A1A,0x221A,0A,40,4,0x00D370,0x1E5,0x00D555,0x021B,36,03,EA,OK
0x4A19,0x2219,0A,40,4,0x00D370,0x1E6,0x00D556,0x021A,36,0C,F2,OK
0x4A18,0x2218,0A,40,4,0x00D370,0x1E7,0x00D557,0x0219,36,04,E9,OK
0x4A17,0x2217,0A,40,4,0x00D370,0x1E8,0x00D558,0x0218,36,0A,EE,OK
0x4A16,0x2216,0A,40,4,0x00D370,0x1E9,0x00D559,0x0217,36,06,E9,OK
0x4A15,0x2215,0A,40,4,0x00D370,0x1EA,0x00D55A,0x0216,36,04,E6,OK
0x4A14,0x2214,0A,40,4,0x00D370,0x1EB,0x00D55B,0x0215,36,18,F9,OK
0x4A13,0x2213,0A,40,4,0x00D370,0x1EC,0x00D55C,0x0214,36,0A,EA,OK
0x4A12,0x2212,0A,40,4,0x00D370,0x1ED,0x00D55D,0x0213,36,30,0F,OK
0x4A11,0x2211,0A,40,4,0x00D370,0x1EE,0x00D55E,0x0212,36,0C,EA,OK
0x4A10,0x2210,0A,40,4,0x00D370,0x1EF,0x00D55F,0x0211,36,04,E1,OK
0x4A0F,0x220F,0A,40,4,0x00D370,0x1F0,0x00D560,0x0210,36,C3,9F,OK
0x4A0E,0x220E,0A,40,4,0x00D370,0x1F1,0x00D561,0x020F,36,0B,E6,OK
0x4A0D,0x220D,0A,40,4,0x00D370,0x1F2,0x00D562,0x020E,36,10,EA,OK
0x4A0C,0x220C,0A,40,4,0x00D370,0x1F3,0x00D563,0x020D,36,00,D9,OK
0x4A0B,0x220B,0A,40,4,0x00D370,0x1F4,0x00D564,0x020C,36,04,DC,OK
0x4A0A,0x220A,0A,40,4,0x00D370,0x1F5,0x00D565,0x020B,36,04,DB,OK
0x4A09,0x2209,0A,40,4,0x00D370,0x1F6,0x00D566,0x020A,36,00,D6,OK
0x4A08,0x2208,0A,40,4,0x00D370,0x1F7,0x00D567,0x0209,36,10,E5,OK
0x4A07,0x2207,0A,40,4,0x00D370,0x1F8,0x00D568,0x0208,36,05,D9,OK
0x4A06,0x2206,0A,40,4,0x00D370,0x1F9,0x00D569,0x0207,36,86,59,OK
0x4A05,0x2205,0A,40,4,0x00D370,0x1FA,0x00D56A,0x0206,36,03,D5,OK
0x4A04,0x2204,0A,40,4,0x00D370,0x1FB,0x00D56B,0x0205,36,04,D5,OK
0x4A03,0x2203,0A,40,4,0x00D370,0x1FC,0x00D56C,0x0204,36,04,D4,OK
0x4A02,0x2202,0A,40,4,0x00D370,0x1FD,0x00D56D,0x0203,36,0A,D9,OK
0x4A01,0x2201,0A,40,4,0x00D370,0x1FE,0x00D56E,0x0202,36,04,D2,OK
0x4A00,0x2200,0A,40,4,0x00D370,0x1FF,0x00D56F,0x0201,36,04,D1,OK
0x49FF,0x21FF,0A,40,4,0x00D370,0x200,0x00D570,0x0200,36,10,DC,OK
0x49FE,0x21FE,0A,40,4,0x00D370,0x201,0x00D571,0x01FF,36,0A,D4,OK
0x49FD,0x21FD,0A,40,4,0x00D370,0x202,0x00D572,0x01FE,36,10,D9,OK
0x49FC,0x21FC,0A,40,4,0x00D370,0x203,0x00D573,0x01FD,36,04,CC,OK
0x49FB,0x21FB,0A,40,4,0x00D370,0x204,0x00D574,0x01FC,36,04,CB,OK
0x49FA,0x21FA,0A,40,4,0x00D370,0x205,0x00D575,0x01FB,36,41,07,OK
0x49F9,0x21F9,0A,40,4,0x00D370,0x206,0x00D576,0x01FA,36,FF,C4,OK
0x49F8,0x21F8,0A,40,4,0x00D370,0x207,0x00D577,0x01F9,36,1C,E0,OK
0x49F7,0x21F7,0A,40,4,0x00D370,0x208,0x00D578,0x01F8,36,03,C6,OK
0x49F6,0x21F6,0A,40,4,0x00D370,0x209,0x00D579,0x01F7,36,00,C2,OK
0x49F5,0x21F5,0A,40,4,0x00D370,0x20A,0x00D57A,0x01F6,36,06,C7,OK
0x49F4,0x21F4,0A,40,4,0x00D370,0x20B,0x00D57B,0x01F5,36,38,F8,OK
0x49F3,0x21F3,0A,40,4,0x00D370,0x20C,0x00D57C,0x01F4,36,18,D7,OK
0x49F2,0x21F2,0A,40,4,0x00D370,0x20D,0x00D57D,0x01F3,36,00,BE,OK
0x49F1,0x21F1,0A,40,4,0x00D370,0x20E,0x00D57E,0x01F2,36,06,C3,OK
0x49F0,0x21F0,0A,40,4,0x00D370,0x20F,0x00D57F,0x01F1,36,04,C0,OK
0x49EF,0x21EF,0A,40,4,0x00D370,0x210,0x00D580,0x01F0,36,00,BB,OK
0x49EE,0x21EE,0A,40,4,0x00D370,0x211,0x00D581,0x01EF,36,78,32,OK
0x49ED,0x21ED,0A,40,4,0x00D370,0x212,0x00D582,0x01EE,36,1C,D5,OK
0x49EC,0x21EC,0A,40,4,0x00D370,0x213,0x00D583,0x01ED,36,00,B8,OK
0x49EB,0x21EB,0A,40,4,0x00D370,0x214,0x00D584,0x01EC,36,06,BD,OK
0x49EA,0x21EA,0A,40,4,0x00D370,0x215,0x00D585,0x01EB,36,03,B9,OK
0x49E9,0x21E9,0A,40,4,0x00D370,0x216,0x00D586,0x01EA,36,0C,C1,OK
0x49E8,0x21E8,0A,40,4,0x00D370,0x217,0x00D587,0x01E9,36,04,B8,OK
0x49E7,0x21E7,0A,40,4,0x00D370,0x218,0x00D588,0x01E8,36,00,B3,OK
0x49E6,0x21E6,0A,40,4,0x00D370,0x219,0x00D589,0x01E7,36,06,B8,OK
0x49E5,0x21E5,0A,40,4,0x00D370,0x21A,0x00D58A,0x01E6,36,06,B7,OK
0x49E4,0x21E4,0A,40,4,0x00D370,0x21B,0x00D58B,0x01E5,36,04,B4,OK
0x49E3,0x21E3,0A,40,4,0x00D370,0x21C,0x00D58C,0x01E4,36,18,C7,OK
0x49E2,0x21E2,0A,40,4,0x00D370,0x21D,0x00D58D,0x01E3,36,00,AE,OK
0x49E1,0x21E1,0A,40,4,0x00D370,0x21E,0x00D58E,0x01E2,36,06,B3,OK
0x49E0,0x21E0,0A,40,4,0x00D370,0x21F,0x00D58F,0x01E1,36,30,DC,OK
0x49DF,0x21DF,0A,40,4,0x00D370,0x220,0x00D590,0x01E0,36,0C,B7,OK
0x49DE,0x21DE,0A,40,4,0x00D370,0x221,0x00D591,0x01DF,36,04,AE,OK
0x49DD,0x21DD,0A,40,4,0x00D370,0x222,0x00D592,0x01DE,36,C3,6C,OK
0x49DC,0x21DC,0A,40,4,0x00D370,0x223,0x00D593,0x01DD,36,00,A8,OK
0x49DB,0x21DB,0A,40,4,0x00D370,0x224,0x00D594,0x01DC,36,06,AD,OK
0x49DA,0x21DA,0A,40,4,0x00D370,0x225,0x00D595,0x01DB,36,28,CE,OK
0x49D9,0x21D9,0A,40,4,0x00D370,0x226,0x00D596,0x01DA,36,08,AD,OK
0x49D8,0x21D8,0A,40,4,0x00D370,0x227,0x00D597,0x01D9,36,04,A8,OK
0x49D7,0x21D7,0A,40,4,0x00D370,0x228,0x00D598,0x01D8,36,00,A3,OK
0x49D6,0x21D6,0A,40,4,0x00D370,0x229,0x00D599,0x01D7,36,02,A4,OK
0x49D5,0x21D5,0A,40,4,0x00D370,0x22A,0x00D59A,0x01D6,36,04,A5,OK
0x49D4,0x21D4,0A,40,4,0x00D370,0x22B,0x00D59B,0x01D5,36,00,A0,OK
0x49D3,0x21D3,0A,40,4,0x00D370,0x22C,0x00D59C,0x01D4,36,28,C7,OK
0x49D2,0x21D2,0A,40,4,0x00D370,0x22D,0x00D59D,0x01D3,36,08,A6,OK
0x49D1,0x21D1,0A,40,4,0x00D370,0x22E,0x00D59E,0x01D2,36,04,A1,OK
0x49D0,0x21D0,0A,40,4,0x00D370,0x22F,0x00D59F,0x01D1,36,00,9C,OK
0x49CF,0x21CF,0A,40,4,0x00D370,0x230,0x00D5A0,0x01D0,36,06,A1,OK
0x49CE,0x21CE,0A,40,4,0x00D370,0x231,0x00D5A1,0x01CF,36,03,9D,OK
0x49CD,0x21CD,0A,40,4,0x00D370,0x232,0x00D5A2,0x01CE,36,08,A1,OK
0x49CC,0x21CC,0A,40,4,0x00D370,0x233,0x00D5A3,0x01CD,36,04,9C,OK
0x49CB,0x21CB,0A,40,4,0x00D370,0x234,0x00D5A4,0x01CC,36,00,97,OK
0x49CA,0x21CA,0A,40,4,0x00D370,0x235,0x00D5A5,0x01CB,36,06,9C,OK
0x49C9,0x21C9,0A,40,4,0x00D370,0x236,0x00D5A6,0x01CA,36,02,97,OK
0x49C8,0x21C8,0A,40,4,0x00D370,0x237,0x00D5A7,0x01C9,36,04,98,OK
0x49C7,0x21C7,0A,40,4,0x00D370,0x238,0x00D5A8,0x01C8,36,08,9B,OK
0x49C6,0x21C6,0A,40,4,0x00D370,0x239,0x00D5A9,0x01C7,36,04,96,OK
0x49C5,0x21C5,0A,40,4,0x00D370,0x23A,0x00D5AA,0x01C6,36,00,91,OK
0x49C4,0x21C4,0A,40,4,0x00D370,0x23B,0x00D5AB,0x01C5,36,06,96,OK
0x49C3,0x21C3,0A,40,4,0x00D370,0x23C,0x00D5AC,0x01C4,36,20,AF,OK
0x49C2,0x21C2,0A,40,4,0x00D370,0x23D,0x00D5AD,0x01C3,36,08,96,OK
0x49C1,0x21C1,0A,40,4,0x00D370,0x23E,0x00D5AE,0x01C2,36,04,91,OK
0x49C0,0x21C0,0A,40,4,0x00D370,0x23F,0x00D5AF,0x01C1,36,82,0E,OK
0x49BF,0x21BF,0A,40,4,0x00D370,0x240,0x00D5B0,0x01C0,36,FF,8A,OK
0x49BE,0x21BE,0A,40,4,0x00D370,0x241,0x00D5B1,0x01BF,36,1C,A6,OK
0x49BD,0x21BD,0A,40,4,0x00D370,0x242,0x00D5B2,0x01BE,36,03,8C,OK
0x49BC,0x21BC,0A,40,4,0x00D370,0x243,0x00D5B3,0x01BD,36,00,88,OK
0x49BB,0x21BB,0A,40,4,0x00D370,0x244,0x00D5B4,0x01BC,36,07,8E,OK
0x49BA,0x21BA,0A,40,4,0x00D370,0x245,0x00D5B5,0x01BB,36,78,FE,OK
0x49B9,0x21B9,0A,40,4,0x00D370,0x246,0x00D5B6,0x01BA,36,00,85,OK
0x49B8,0x21B8,0A,40,4,0x00D370,0x247,0x00D5B7,0x01B9,36,1E,A2,OK
0x49B7,0x21B7,0A,40,4,0x00D370,0x248,0x00D5B8,0x01B8,36,00,83,OK
0x49B6,0x21B6,0A,40,4,0x00D370,0x249,0x00D5B9,0x01B7,36,D8,5A,OK
0x49B5,0x21B5,0A,40,4,0x00D370,0x24A,0x00D5BA,0x01B6,36,07,88,OK
0x49B4,0x21B4,0A,40,4,0x00D370,0x24B,0x00D5BB,0x01B5,36,04,84,OK
0x49B3,0x21B3,0A,40,4,0x00D370,0x24C,0x00D5BC,0x01B4,36,00,7F,OK
0x49B2,0x21B2,0A,40,4,0x00D370,0x24D,0x00D5BD,0x01B3,36,0A,88,OK
0x49B1,0x21B1,0A,40,4,0x00D370,0x24E,0x00D5BE,0x01B2,36,03,80,OK
0x49B0,0x21B0,0A,40,4,0x00D370,0x24F,0x00D5BF,0x01B1,36,FE,7A,OK
0x49AF,0x21AF,0A,40,4,0x00D370,0x250,0x00D5C0,0x01B0,36,7F,FA,OK
0x49AE,0x21AE,0A,40,4,0x00D370,0x251,0x00D5C1,0x01AF,36,00,7A,OK
0x49AD,0x21AD,0A,40,4,0x00D370,0x252,0x00D5C2,0x01AE,36,06,7F,OK
0x49AC,0x21AC,0A,40,4,0x00D370,0x253,0x00D5C3,0x01AD,36,F0,68,OK
0x49AB,0x21AB,0A,40,4,0x00D370,0x254,0x00D5C4,0x01AC,36,FC,73,OK
0x49AA,0x21AA,0A,40,4,0x00D370,0x255,0x00D5C5,0x01AB,36,FF,75,OK
0x49A9,0x21A9,0A,40,4,0x00D370,0x256,0x00D5C6,0x01AA,36,00,75,OK
0x49A8,0x21A8,0A,40,4,0x00D370,0x257,0x00D5C7,0x01A9,36,07,7B,OK
0x49A7,0x21A7,0A,40,4,0x00D370,0x258,0x00D5C8,0x01A8,36,50,C3,OK
0x49A6,0x21A6,0A,40,4,0x00D370,0x259,0x00D5C9,0x01A7,36,00,72,OK
0x49A5,0x21A5,0A,40,4,0x00D370,0x25A,0x00D5CA,0x01A6,36,14,85,OK
0x49A4,0x21A4,0A,40,4,0x00D370,0x25B,0x00D5CB,0x01A5,36,00,70,OK
0x49A3,0x21A3,0A,40,4,0x00D370,0x25C,0x00D5CC,0x01A4,36,50,BF,OK
0x49A2,0x21A2,0A,40,4,0x00D370,0x25D,0x00D5CD,0x01A3,36,05,73,OK
0x49A1,0x21A1,0A,40,4,0x00D370,0x25E,0x00D5CE,0x01A2,36,04,71,OK
0x49A0,0x21A0,0A,40,4,0x00D370,0x25F,0x00D5CF,0x01A1,36,00,6C,OK
0x499F,0x219F,0A,40,4,0x00D370,0x260,0x00D5D0,0x01A0,36,0A,75,OK
0x499E,0x219E,0A,40,4,0x00D370,0x261,0x00D5D1,0x019F,36,03,6D,OK
0x499D,0x219D,0A,40,4,0x00D370,0x262,0x00D5D2,0x019E,36,54,BD,OK
0x499C,0x219C,0A,40,4,0x00D370,0x263,0x00D5D3,0x019D,36,55,BD,OK
0x499B,0x219B,0A,40,4,0x00D370,0x264,0x00D5D4,0x019C,36,00,67,OK
0x499A,0x219A,0A,40,4,0x00D370,0x265,0x00D5D5,0x019B,36,06,6C,OK
0x4999,0x2199,0A,40,4,0x00D370,0x266,0x00D5D6,0x019A,36,50,B5,OK
0x4998,0x2198,0A,40,4,0x00D370,0x267,0x00D5D7,0x0199,36,54,B8,OK
0x4997,0x2197,0A,40,4,0x00D370,0x268,0x00D5D8,0x0198,36,55,B8,OK
0x4996,0x2196,0A,40,4,0x00D370,0x269,0x00D5D9,0x0197,36,00,62,OK
0x4995,0x2195,0A,40,4,0x00D370,0x26A,0x00D5DA,0x0196,36,00,61,OK
0x4994,0x2194,0A,40,4,0x00D370,0x26B,0x00D5DB,0x0195,36,05,65,OK
0x4993,0x2193,0A,40,4,0x00D370,0x26C,0x00D5DC,0x0194,36,05,64,OK
0x4992,0x2192,0A,40,4,0x00D370,0x26D,0x00D5DD,0x0193,36,00,5E,OK
0x4991,0x2191,0A,40,4,0x00D370,0x26E,0x00D5DE,0x0192,36,00,5D,OK
0x4990,0x2190,0A,40,4,0x00D370,0x26F,0x00D5DF,0x0191,36,05,61,OK
0x498F,0x218F,0A,40,4,0x00D370,0x270,0x00D5E0,0x0190,36,05,60,OK
0x498E,0x218E,0A,40,4,0x00D370,0x271,0x00D5E1,0x018F,36,00,5A,OK
0x498D,0x218D,0A,40,4,0x00D370,0x272,0x00D5E2,0x018E,36,00,59,OK
0x498C,0x218C,0A,40,4,0x00D370,0x273,0x00D5E3,0x018D,36,05,5D,OK
0x498B,0x218B,0A,40,4,0x00D370,0x274,0x00D5E4,0x018C,36,05,5C,OK
0x498A,0x218A,0A,40,4,0x00D370,0x275,0x00D5E5,0x018B,36,00,56,OK
0x4989,0x2189,0A,40,4,0x00D370,0x276,0x00D5E6,0x018A,36,00,55,OK
0x4988,0x2188,0A,40,4,0x00D370,0x277,0x00D5E7,0x0189,36,05,59,OK
0x4987,0x2187,0A,40,4,0x00D370,0x278,0x00D5E8,0x0188,36,05,58,OK
0x4986,0x2186,0A,40,4,0x00D370,0x279,0x00D5E9,0x0187,36,00,52,OK
0x4985,0x2185,0A,40,4,0x00D370,0x27A,0x00D5EA,0x0186,36,00,51,OK
0x4984,0x2184,0A,40,4,0x00D370,0x27B,0x00D5EB,0x0185,36,05,55,OK
0x4983,0x2183,0A,40,4,0x00D370,0x27C,0x00D5EC,0x0184,36,05,54,OK
0x4982,0x2182,0A,40,4,0x00D370,0x27D,0x00D5ED,0x0183,36,00,4E,OK
0x4981,0x2181,0A,40,4,0x00D370,0x27E,0x00D5EE,0x0182,36,00,4D,OK
0x4980,0x2180,0A,40,4,0x00D370,0x27F,0x00D5EF,0x0181,36,05,51,OK
0x497F,0x217F,0A,40,4,0x00D370,0x280,0x00D5F0,0x0180,36,05,50,OK
0x497E,0x217E,0A,40,4,0x00D370,0x281,0x00D5F1,0x017F,36,00,4A,OK
0x497D,0x217D,0A,40,4,0x00D370,0x282,0x00D5F2,0x017E,36,00,49,OK
0x497C,0x217C,0A,40,4,0x00D370,0x283,0x00D5F3,0x017D,36,05,4D,OK
0x497B,0x217B,0A,40,4,0x00D370,0x284,0x00D5F4,0x017C,36,05,4C,OK
0x497A,0x217A,0A,40,4,0x00D370,0x285,0x00D5F5,0x017B,36,00,46,OK
0x4979,0x2179,0A,40,4,0x00D370,0x286,0x00D5F6,0x017A,36,00,45,OK
0x4978,0x2178,0A,40,4,0x00D370,0x287,0x00D5F7,0x0179,36,05,49,OK
0x4977,0x2177,0A,40,4,0x00D370,0x288,0x00D5F8,0x0178,36,05,48,OK
0x4976,0x2176,0A,40,4,0x00D370,0x289,0x00D5F9,0x0177,36,00,42,OK
0x4975,0x2175,0A,40,4,0x00D370,0x28A,0x00D5FA,0x0176,36,00,41,OK
0x4974,0x2174,0A,40,4,0x00D370,0x28B,0x00D5FB,0x0175,36,05,45,OK
0x4973,0x2173,0A,40,4,0x00D370,0x28C,0x00D5FC,0x0174,36,05,44,OK
0x4972,0x2172,0A,40,4,0x00D370,0x28D,0x00D5FD,0x0173,36,00,3E,OK
0x4971,0x2171,0A,40,4,0x00D370,0x28E,0x00D5FE,0x0172,36,00,3D,OK
0x4970,0x2170,0A,40,4,0x00D370,0x28F,0x00D5FF,0x0171,36,05,41,OK
0x496F,0x216F,0A,40,4,0x00D370,0x290,0x00D600,0x0170,36,05,40,OK
0x496E,0x216E,0A,40,4,0x00D370,0x291,0x00D601,0x016F,36,00,3A,OK
0x496D,0x216D,0A,40,4,0x00D370,0x292,0x00D602,0x016E,36,00,39,OK
0x496C,0x216C,0A,40,4,0x00D370,0x293,0x00D603,0x016D,36,05,3D,OK
0x496B,0x216B,0A,40,4,0x00D370,0x294,0x00D604,0x016C,36,05,3C,OK
0x496A,0x216A,0A,40,4,0x00D370,0x295,0x00D605,0x016B,36,00,36,OK
0x4969,0x2169,0A,40,4,0x00D370,0x296,0x00D606,0x016A,36,00,35,OK
0x4968,0x2168,0A,40,4,0x00D370,0x297,0x00D607,0x0169,36,05,39,OK
0x4967,0x2167,0A,40,4,0x00D370,0x298,0x00D608,0x0168,36,05,38,OK
0x4966,0x2166,0A,40,4,0x00D370,0x299,0x00D609,0x0167,36,00,32,OK
0x4965,0x2165,0A,40,4,0x00D370,0x29A,0x00D60A,0x0166,36,00,31,OK
0x4964,0x2164,0A,40,4,0x00D370,0x29B,0x00D60B,0x0165,36,05,35,OK
0x4963,0x2163,0A,40,4,0x00D370,0x29C,0x00D60C,0x0164,36,05,34,OK
0x4962,0x2162,0A,40,4,0x00D370,0x29D,0x00D60D,0x0163,36,00,2E,OK
0x4961,0x2161,0A,40,4,0x00D370,0x29E,0x00D60E,0x0162,36,00,2D,OK
0x4960,0x2160,0A,40,4,0x00D370,0x29F,0x00D60F,0x0161,36,05,31,OK
0x495F,0x215F,0A,40,4,0x00D370,0x2A0,0x00D610,0x0160,36,05,30,OK
0x495E,0x215E,0A,40,4,0x00D370,0x2A1,0x00D611,0x015F,36,00,2A,OK
0x495D,0x215D,0A,40,4,0x00D370,0x2A2,0x00D612,0x015E,36,00,29,OK
0x495C,0x215C,0A,40,4,0x00D370,0x2A3,0x00D613,0x015D,36,05,2D,OK
0x495B,0x215B,0A,40,4,0x00D370,0x2A4,0x00D614,0x015C,36,05,2C,OK
0x495A,0x215A,0A,40,4,0x00D370,0x2A5,0x00D615,0x015B,36,00,26,OK
0x4959,0x2159,0A,40,4,0x00D370,0x2A6,0x00D616,0x015A,36,00,25,OK
0x4958,0x2158,0A,40,4,0x00D370,0x2A7,0x00D617,0x0159,36,05,29,OK
0x4957,0x2157,0A,40,4,0x00D370,0x2A8,0x00D618,0x0158,36,05,28,OK
0x4956,0x2156,0A,40,4,0x00D370,0x2A9,0x00D619,0x0157,36,00,22,OK
0x4955,0x2155,0A,40,4,0x00D370,0x2AA,0x00D61A,0x0156,36,00,21,OK
0x4954,0x2154,0A,40,4,0x00D370,0x2AB,0x00D61B,0x0155,36,05,25,OK
0x4953,0x2153,0A,40,4,0x00D370,0x2AC,0x00D61C,0x0154,36,05,24,OK
0x4952,0x2152,0A,40,4,0x00D370,0x2AD,0x00D61D,0x0153,36,00,1E,OK
0x4951,0x2151,0A,40,4,0x00D370,0x2AE,0x00D61E,0x0152,36,00,1D,OK
0x4950,0x2150,0A,40,4,0x00D370,0x2AF,0x00D61F,0x0151,36,05,21,OK
0x494F,0x214F,0A,40,4,0x00D370,0x2B0,0x00D620,0x0150,36,05,20,OK
0x494E,0x214E,0A,40,4,0x00D370,0x2B1,0x00D621,0x014F,36,00,1A,OK
0x494D,0x214D,0A,40,4,0x00D370,0x2B2,0x00D622,0x014E,36,00,19,OK
0x494C,0x214C,0A,40,4,0x00D370,0x2B3,0x00D623,0x014D,36,05,1D,OK
0x494B,0x214B,0A,40,4,0x00D370,0x2B4,0x00D624,0x014C,36,05,1C,OK
0x494A,0x214A,0A,40,4,0x00D370,0x2B5,0x00D625,0x014B,36,00,16,OK
0x4949,0x2149,0A,40,4,0x00D370,0x2B6,0x00D626,0x014A,36,00,15,OK
0x4948,0x2148,0A,40,4,0x00D370,0x2B7,0x00D627,0x0149,36,05,19,OK
0x4947,0x2147,0A,40,4,0x00D370,0x2B8,0x00D628,0x0148,36,05,18,OK
0x4946,0x2146,0A,40,4,0x00D370,0x2B9,0x00D629,0x0147,36,00,12,OK
0x4945,0x2145,0A,40,4,0x00D370,0x2BA,0x00D62A,0x0146,36,00,11,OK
0x4944,0x2144,0A,40,4,0x00D370,0x2BB,0x00D62B,0x0145,36,05,15,OK
0x4943,0x2143,0A,40,4,0x00D370,0x2BC,0x00D62C,0x0144,36,05,14,OK
0x4942,0x2142,0A,40,4,0x00D370,0x2BD,0x00D62D,0x0143,36,00,0E,OK
0x4941,0x2141,0A,40,4,0x00D370,0x2BE,0x00D62E,0x0142,36,00,0D,OK
0x4940,0x2140,0A,40,4,0x00D370,0x2BF,0x00D62F,0x0141,36,05,11,OK
0x493F,0x213F,0A,40,4,0x00D370,0x2C0,0x00D630,0x0140,36,05,10,OK
0x493E,0x213E,0A,40,4,0x00D370,0x2C1,0x00D631,0x013F,36,00,0A,OK
0x493D,0x213D,0A,40,4,0x00D370,0x2C2,0x00D632,0x013E,36,00,09,OK
0x493C,0x213C,0A,40,4,0x00D370,0x2C3,0x00D633,0x013D,36,05,0D,OK
0x493B,0x213B,0A,40,4,0x00D370,0x2C4,0x00D634,0x013C,36,05,0C,OK
0x493A,0x213A,0A,40,4,0x00D370,0x2C5,0x00D635,0x013B,36,00,06,OK
0x4939,0x2139,0A,40,4,0x00D370,0x2C6,0x00D636,0x013A,36,00,05,OK
0x4938,0x2138,0A,40,4,0x00D370,0x2C7,0x00D637,0x0139,36,05,09,OK
0x4937,0x2137,0A,40,4,0x00D370,0x2C8,0x00D638,0x0138,36,05,08,OK
0x4936,0x2136,0A,40,4,0x00D370,0x2C9,0x00D639,0x0137,36,00,02,OK
0x4935,0x2135,0A,40,4,0x00D370,0x2CA,0x00D63A,0x0136,36,00,01,OK
0x4934,0x2134,0A,40,4,0x00D370,0x2CB,0x00D63B,0x0135,36,05,05,OK
0x4933,0x2133,0A,40,4,0x00D370,0x2CC,0x00D63C,0x0134,36,05,04,OK
0x4932,0x2132,0A,40,4,0x00D370,0x2CD,0x00D63D,0x0133,36,00,FE,OK
0x4931,0x2131,0A,40,4,0x00D370,0x2CE,0x00D63E,0x0132,36,00,FD,OK
0x4930,0x2130,0A,40,4,0x00D370,0x2CF,0x00D63F,0x0131,36,05,01,OK
0x492F,0x212F,0A,40,4,0x00D370,0x2D0,0x00D640,0x0130,36,05,00,OK
0x492E,0x212E,0A,40,4,0x00D370,0x2D1,0x00D641,0x012F,36,00,FA,OK
0x492D,0x212D,0A,40,4,0x00D370,0x2D2,0x00D642,0x012E,36,00,F9,OK
0x492C,0x212C,0A,40,4,0x00D370,0x2D3,0x00D643,0x012D,36,05,FD,OK
0x492B,0x212B,0A,40,4,0x00D370,0x2D4,0x00D644,0x012C,36,05,FC,OK
0x492A,0x212A,0A,40,4,0x00D370,0x2D5,0x00D645,0x012B,36,00,F6,OK
0x4929,0x2129,0A,40,4,0x00D370,0x2D6,0x00D646,0x012A,36,00,F5,OK
0x4928,0x2128,0A,40,4,0x00D370,0x2D7,0x00D647,0x0129,36,05,F9,OK
0x4927,0x2127,0A,40,4,0x00D370,0x2D8,0x00D648,0x0128,36,05,F8,OK
0x4926,0x2126,0A,40,4,0x00D370,0x2D9,0x00D649,0x0127,36,00,F2,OK
0x4925,0x2125,0A,40,4,0x00D370,0x2DA,0x00D64A,0x0126,36,00,F1,OK
0x4924,0x2124,0A,40,4,0x00D370,0x2DB,0x00D64B,0x0125,36,05,F5,OK
0x4923,0x2123,0A,40,4,0x00D370,0x2DC,0x00D64C,0x0124,36,05,F4,OK
0x4922,0x2122,0A,40,4,0x00D370,0x2DD,0x00D64D,0x0123,36,00,EE,OK
0x4921,0x2121,0A,40,4,0x00D370,0x2DE,0x00D64E,0x0122,36,00,ED,OK
0x4920,0x2120,0A,40,4,0x00D370,0x2DF,0x00D64F,0x0121,36,05,F1,OK
0x491F,0x211F,0A,40,4,0x00D370,0x2E0,0x00D650,0x0120,36,05,F0,OK
0x491E,0x211E,0A,40,4,0x00D370,0x2E1,0x00D651,0x011F,36,00,EA,OK
0x491D,0x211D,0A,40,4,0x00D370,0x2E2,0x00D652,0x011E,36,00,E9,OK
0x491C,0x211C,0A,40,4,0x00D370,0x2E3,0x00D653,0x011D,36,05,ED,OK
0x491B,0x211B,0A,40,4,0x00D370,0x2E4,0x00D654,0x011C,36,05,EC,OK
0x491A,0x211A,0A,40,4,0x00D370,0x2E5,0x00D655,0x011B,36,00,E6,OK
0x4919,0x2119,0A,40,4,0x00D370,0x2E6,0x00D656,0x011A,36,00,E5,OK
0x4918,0x2118,0A,40,4,0x00D370,0x2E7,0x00D657,0x0119,36,05,E9,OK
0x4917,0x2117,0A,40,4,0x00D370,0x2E8,0x00D658,0x0118,36,05,E8,OK
0x4916,0x2116,0A,40,4,0x00D370,0x2E9,0x00D659,0x0117,36,00,E2,OK
0x4915,0x2115,0A,40,4,0x00D370,0x2EA,0x00D65A,0x0116,36,00,E1,OK
0x4914,0x2114,0A,40,4,0x00D370,0x2EB,0x00D65B,0x0115,36,05,E5,OK
0x4913,0x2113,0A,40,4,0x00D370,0x2EC,0x00D65C,0x0114,36,05,E4,OK
0x4912,0x2112,0A,40,4,0x00D370,0x2ED,0x00D65D,0x0113,36,00,DE,OK
0x4911,0x2111,0A,40,4,0x00D370,0x2EE,0x00D65E,0x0112,36,00,DD,OK
0x4910,0x2110,0A,40,4,0x00D370,0x2EF,0x00D65F,0x0111,36,05,E1,OK
0x490F,0x210F,0A,40,4,0x00D370,0x2F0,0x00D660,0x0110,36,05,E0,OK
0x490E,0x210E,0A,40,4,0x00D370,0x2F1,0x00D661,0x010F,36,00,DA,OK
0x490D,0x210D,0A,40,4,0x00D370,0x2F2,0x00D662,0x010E,36,00,D9,OK
0x490C,0x210C,0A,40,4,0x00D370,0x2F3,0x00D663,0x010D,36,05,DD,OK
0x490B,0x210B,0A,40,4,0x00D370,0x2F4,0x00D664,0x010C,36,05,DC,OK
0x490A,0x210A,0A,40,4,0x00D370,0x2F5,0x00D665,0x010B,36,00,D6,OK
0x4909,0x2109,0A,40,4,0x00D370,0x2F6,0x00D666,0x010A,36,00,D5,OK
0x4908,0x2108,0A,40,4,0x00D370,0x2F7,0x00D667,0x0109,36,05,D9,OK
0x4907,0x2107,0A,40,4,0x00D370,0x2F8,0x00D668,0x0108,36,05,D8,OK
0x4906,0x2106,0A,40,4,0x00D370,0x2F9,0x00D669,0x0107,36,00,D2,OK
0x4905,0x2105,0A,40,4,0x00D370,0x2FA,0x00D66A,0x0106,36,00,D1,OK
0x4904,0x2104,0A,40,4,0x00D370,0x2FB,0x00D66B,0x0105,36,05,D5,OK
0x4903,0x2103,0A,40,4,0x00D370,0x2FC,0x00D66C,0x0104,36,05,D4,OK
0x4902,0x2102,0A,40,4,0x00D370,0x2FD,0x00D66D,0x0103,36,00,CE,OK
0x4901,0x2101,0A,40,4,0x00D370,0x2FE,0x00D66E,0x0102,36,00,CD,OK
0x4900,0x2100,0A,40,4,0x00D370,0x2FF,0x00D66F,0x0101,36,05,D1,OK
0x48FF,0x20FF,0A,40,4,0x00D370,0x300,0x00D670,0x0100,36,05,D0,OK
0x48FE,0x20FE,0A,40,4,0x00D370,0x301,0x00D671,0x00FF,36,00,C9,OK
0x48FD,0x20FD,0A,40,4,0x00D370,0x302,0x00D672,0x00FE,36,00,C8,OK
0x48FC,0x20FC,0A,40,4,0x00D370,0x303,0x00D673,0x00FD,36,05,CC,OK
0x48FB,0x20FB,0A,40,4,0x00D370,0x304,0x00D674,0x00FC,36,05,CB,OK
0x48FA,0x20FA,0A,40,4,0x00D370,0x305,0x00D675,0x00FB,36,00,C5,OK
0x48F9,0x20F9,0A,40,4,0x00D370,0x306,0x00D676,0x00FA,36,00,C4,OK
0x48F8,0x20F8,0A,40,4,0x00D370,0x307,0x00D677,0x00F9,36,05,C8,OK
0x48F7,0x20F7,0A,40,4,0x00D370,0x308,0x00D678,0x00F8,36,05,C7,OK
0x48F6,0x20F6,0A,40,4,0x00D370,0x309,0x00D679,0x00F7,36,0F,D0,OK
0x48F5,0x20F5,0A,40,4,0x00D370,0x30A,0x00D67A,0x00F6,36,03,C3,OK
0x48F4,0x20F4,0A,40,4,0x00D370,0x30B,0x00D67B,0x00F5,36,03,C2,OK
0x48F3,0x20F3,0A,40,4,0x00D370,0x30C,0x00D67C,0x00F4,36,03,C1,OK
0x48F2,0x20F2,0A,40,4,0x00D370,0x30D,0x00D67D,0x00F3,36,05,C2,OK
0x48F1,0x20F1,0A,40,4,0x00D370,0x30E,0x00D67E,0x00F2,36,C3,7F,OK
0x48F0,0x20F0,0A,40,4,0x00D370,0x30F,0x00D67F,0x00F1,36,C3,7E,OK
0x48EF,0x20EF,0A,40,4,0x00D370,0x310,0x00D680,0x00F0,36,FF,B9,OK
0x48EE,0x20EE,0A,40,4,0x00D370,0x311,0x00D681,0x00EF,36,C0,79,OK
0x48ED,0x20ED,0A,40,4,0x00D370,0x312,0x00D682,0x00EE,36,00,B8,OK
0x48EC,0x20EC,0A,40,4,0x00D370,0x313,0x00D683,0x00ED,36,00,B7,OK
0x48EB,0x20EB,0A,40,4,0x00D370,0x314,0x00D684,0x00EC,36,03,B9,OK
0x48EA,0x20EA,0A,40,4,0x00D370,0x315,0x00D685,0x00EB,36,05,BA,OK
0x48E9,0x20E9,0A,40,4,0x00D370,0x316,0x00D686,0x00EA,36,0C,C0,OK
0x48E8,0x20E8,0A,40,4,0x00D370,0x317,0x00D687,0x00E9,36,0C,BF,OK
0x48E7,0x20E7,0A,40,4,0x00D370,0x318,0x00D688,0x00E8,36,FC,AE,OK
0x48E6,0x20E6,0A,40,4,0x00D370,0x319,0x00D689,0x00E7,36,FD,AE,OK
0x48E5,0x20E5,0A,40,4,0x00D370,0x31A,0x00D68A,0x00E6,36,30,E0,OK
0x48E4,0x20E4,0A,40,4,0x00D370,0x31B,0x00D68B,0x00E5,36,30,DF,OK
0x48E3,0x20E3,0A,40,4,0x00D370,0x31C,0x00D68C,0x00E4,36,02,B0,OK
0x48E2,0x20E2,0A,40,4,0x00D370,0x31D,0x00D68D,0x00E3,36,05,B2,OK
0x48E1,0x20E1,0A,40,4,0x00D370,0x31E,0x00D68E,0x00E2,36,38,E4,OK
0x48E0,0x20E0,0A,40,4,0x00D370,0x31F,0x00D68F,0x00E1,36,37,E2,OK
0x48DF,0x20DF,0A,40,4,0x00D370,0x320,0x00D690,0x00E0,36,30,DA,OK
0x48DE,0x20DE,0A,40,4,0x00D370,0x321,0x00D691,0x00DF,36,30,D9,OK
0x48DD,0x20DD,0A,40,4,0x00D370,0x322,0x00D692,0x00DE,36,F0,98,OK
0x48DC,0x20DC,0A,40,4,0x00D370,0x323,0x00D693,0x00DD,36,F8,9F,OK
0x48DB,0x20DB,0A,40,4,0x00D370,0x324,0x00D694,0x00DC,36,60,06,OK
0x48DA,0x20DA,0A,40,4,0x00D370,0x325,0x00D695,0x00DB,36,61,06,OK
0x48D9,0x20D9,0A,40,4,0x00D370,0x326,0x00D696,0x00DA,36,61,05,OK
0x48D8,0x20D8,0A,40,4,0x00D370,0x327,0x00D697,0x00D9,36,61,04,OK
0x48D7,0x20D7,0A,40,4,0x00D370,0x328,0x00D698,0x00D8,36,60,02,OK
0x48D6,0x20D6,0A,40,4,0x00D370,0x329,0x00D699,0x00D7,36,C0,61,OK
0x48D5,0x20D5,0A,40,4,0x00D370,0x32A,0x00D69A,0x00D6,36,00,A0,OK
0x48D4,0x20D4,0A,40,4,0x00D370,0x32B,0x00D69B,0x00D5,36,00,9F,OK
0x48D3,0x20D3,0A,40,4,0x00D370,0x32C,0x00D69C,0x00D4,36,00,9E,OK
0x48D2,0x20D2,0A,40,4,0x00D370,0x32D,0x00D69D,0x00D3,36,7E,1B,OK
0x48D1,0x20D1,0A,40,4,0x00D370,0x32E,0x00D69E,0x00D2,36,C1,5D,OK
0x48D0,0x20D0,0A,40,4,0x00D370,0x32F,0x00D69F,0x00D1,36,80,1B,OK
0x48CF,0x20CF,0A,40,4,0x00D370,0x330,0x00D6A0,0x00D0,36,FF,99,OK
0x48CE,0x20CE,0A,40,4,0x00D370,0x331,0x00D6A1,0x00CF,36,81,1A,OK
0x48CD,0x20CD,0A,40,4,0x00D370,0x332,0x00D6A2,0x00CE,36,C3,5B,OK
0x48CC,0x20CC,0A,40,4,0x00D370,0x333,0x00D6A3,0x00CD,36,7E,15,OK
0x48CB,0x20CB,0A,40,4,0x00D370,0x334,0x00D6A4,0x00CC,36,00,96,OK
0x48CA,0x20CA,0A,40,4,0x00D370,0x335,0x00D6A5,0x00CB,36,00,95,OK
0x48C9,0x20C9,0A,40,4,0x00D370,0x336,0x00D6A6,0x00CA,36,00,94,OK
0x48C8,0x20C8,0A,40,4,0x00D370,0x337,0x00D6A7,0x00C9,36,00,93,OK
0x48C7,0x20C7,0A,40,4,0x00D370,0x338,0x00D6A8,0x00C8,36,80,12,OK
0x48C6,0x20C6,0A,40,4,0x00D370,0x339,0x00D6A9,0x00C7,36,02,93,OK
0x48C5,0x20C5,0A,40,4,0x00D370,0x33A,0x00D6AA,0x00C6,36,05,95,OK
0x48C4,0x20C4,0A,40,4,0x00D370,0x33B,0x00D6AB,0x00C5,36,80,0F,OK
0x48C3,0x20C3,0A,40,4,0x00D370,0x33C,0x00D6AC,0x00C4,36,00,8E,OK
0x48C2,0x20C2,0A,40,4,0x00D370,0x33D,0x00D6AD,0x00C3,36,00,8D,OK
0x48C1,0x20C1,0A,40,4,0x00D370,0x33E,0x00D6AE,0x00C2,36,00,8C,OK
0x48C0,0x20C0,0A,40,4,0x00D370,0x33F,0x00D6AF,0x00C1,36,02,8D,OK
0x48BF,0x20BF,0A,40,4,0x00D370,0x340,0x00D6B0,0x00C0,36,05,8F,OK
0x48BE,0x20BE,0A,40,4,0x00D370,0x341,0x00D6B1,0x00BF,36,7E,07,OK
0x48BD,0x20BD,0A,40,4,0x00D370,0x342,0x00D6B2,0x00BE,36,18,A0,OK
0x48BC,0x20BC,0A,40,4,0x00D370,0x343,0x00D6B3,0x00BD,36,18,9F,OK
0x48BB,0x20BB,0A,40,4,0x00D370,0x344,0x00D6B4,0x00BC,36,02,88,OK
0x48BA,0x20BA,0A,40,4,0x00D370,0x345,0x00D6B5,0x00BB,36,05,8A,OK
0x48B9,0x20B9,0A,40,4,0x00D370,0x346,0x00D6B6,0x00BA,36,1F,A3,OK
0x48B8,0x20B8,0A,40,4,0x00D370,0x347,0x00D6B7,0x00B9,36,18,9B,OK
0x48B7,0x20B7,0A,40,4,0x00D370,0x348,0x00D6B8,0x00B8,36,18,9A,OK
0x48B6,0x20B6,0A,40,4,0x00D370,0x349,0x00D6B9,0x00B7,36,18,99,OK
0x48B5,0x20B5,0A,40,4,0x00D370,0x34A,0x00D6BA,0x00B6,36,7F,FF,OK
0x48B4,0x20B4,0A,40,4,0x00D370,0x34B,0x00D6BB,0x00B5,36,00,7F,OK
0x48B3,0x20B3,0A,40,4,0x00D370,0x34C,0x00D6BC,0x00B4,36,00,7E,OK
0x48B2,0x20B2,0A,40,4,0x00D370,0x34D,0x00D6BD,0x00B3,36,02,7F,OK
0x48B1,0x20B1,0A,40,4,0x00D370,0x34E,0x00D6BE,0x00B2,36,05,81,OK
0x48B0,0x20B0,0A,40,4,0x00D370,0x34F,0x00D6BF,0x00B1,36,30,AB,OK
0x48AF,0x20AF,0A,40,4,0x00D370,0x350,0x00D6C0,0x00B0,36,F0,6A,OK
0x48AE,0x20AE,0A,40,4,0x00D370,0x351,0x00D6C1,0x00AF,36,30,A9,OK
0x48AD,0x20AD,0A,40,4,0x00D370,0x352,0x00D6C2,0x00AE,36,06,7E,OK
0x48AC,0x20AC,0A,40,4,0x00D370,0x353,0x00D6C3,0x00AD,36,06,7D,OK
0x48AB,0x20AB,0A,40,4,0x00D370,0x354,0x00D6C4,0x00AC,36,FE,74,OK
0x48AA,0x20AA,0A,40,4,0x00D370,0x355,0x00D6C5,0x00AB,36,3F,B4,OK
0x48A9,0x20A9,0A,40,4,0x00D370,0x356,0x00D6C6,0x00AA,36,C1,35,OK
0x48A8,0x20A8,0A,40,4,0x00D370,0x357,0x00D6C7,0x00A9,36,C1,34,OK
0x48A7,0x20A7,0A,40,4,0x00D370,0x358,0x00D6C8,0x00A8,36,3F,B1,OK
0x48A6,0x20A6,0A,40,4,0x00D370,0x359,0x00D6C9,0x00A7,36,01,72,OK
0x48A5,0x20A5,0A,40,4,0x00D370,0x35A,0x00D6CA,0x00A6,36,61,D1,OK
0x48A4,0x20A4,0A,40,4,0x00D370,0x35B,0x00D6CB,0x00A5,36,3F,AE,OK
0x48A3,0x20A3,0A,40,4,0x00D370,0x35C,0x00D6CC,0x00A4,36,00,6E,OK
0x48A2,0x20A2,0A,40,4,0x00D370,0x35D,0x00D6CD,0x00A3,36,00,6D,OK
0x48A1,0x20A1,0A,40,4,0x00D370,0x35E,0x00D6CE,0x00A2,36,00,6C,OK
0x48A0,0x20A0,0A,40,4,0x00D370,0x35F,0x00D6CF,0x00A1,36,4F,BA,OK
0x489F,0x209F,0A,40,4,0x00D370,0x360,0x00D6D0,0x00A0,36,83,ED,OK
0x489E,0x209E,0A,40,4,0x00D370,0x361,0x00D6D1,0x009F,36,83,EC,OK
0x489D,0x209D,0A,40,4,0x00D370,0x362,0x00D6D2,0x009E,36,83,EB,OK
0x489C,0x209C,0A,40,4,0x00D370,0x363,0x00D6D3,0x009D,36,02,69,OK
0x489B,0x209B,0A,40,4,0x00D370,0x364,0x00D6D4,0x009C,36,05,6B,OK
0x489A,0x209A,0A,40,4,0x00D370,0x365,0x00D6D5,0x009B,36,0F,74,OK
0x4899,0x2099,0A,40,4,0x00D370,0x366,0x00D6D6,0x009A,36,00,64,OK
0x4898,0x2098,0A,40,4,0x00D370,0x367,0x00D6D7,0x0099,36,00,63,OK
0x4897,0x2097,0A,40,4,0x00D370,0x368,0x00D6D8,0x0098,36,00,62,OK
0x4896,0x2096,0A,40,4,0x00D370,0x369,0x00D6D9,0x0097,36,DF,40,OK
0x4895,0x2095,0A,40,4,0x00D370,0x36A,0x00D6DA,0x0096,36,06,66,OK
0x4894,0x2094,0A,40,4,0x00D370,0x36B,0x00D6DB,0x0095,36,06,65,OK
0x4893,0x2093,0A,40,4,0x00D370,0x36C,0x00D6DC,0x0094,36,02,60,OK
0x4892,0x2092,0A,40,4,0x00D370,0x36D,0x00D6DD,0x0093,36,05,62,OK
0x4891,0x2091,0A,40,4,0x00D370,0x36E,0x00D6DE,0x0092,36,86,E2,OK
0x4890,0x2090,0A,40,4,0x00D370,0x36F,0x00D6DF,0x0091,36,7C,D7,OK
0x488F,0x208F,0A,40,4,0x00D370,0x370,0x00D6E0,0x0090,36,00,5A,OK
0x488E,0x208E,0A,40,4,0x00D370,0x371,0x00D6E1,0x008F,36,00,59,OK
0x488D,0x208D,0A,40,4,0x00D370,0x372,0x00D6E2,0x008E,36,00,58,OK
0x488C,0x208C,0A,40,4,0x00D370,0x373,0x00D6E3,0x008D,36,87,DE,OK
0x488B,0x208B,0A,40,4,0x00D370,0x374,0x00D6E4,0x008C,36,0C,62,OK
0x488A,0x208A,0A,40,4,0x00D370,0x375,0x00D6E5,0x008B,36,0C,61,OK
0x4889,0x2089,0A,40,4,0x00D370,0x376,0x00D6E6,0x008A,36,0C,60,OK
0x4888,0x2088,0A,40,4,0x00D370,0x377,0x00D6E7,0x0089,36,02,55,OK
0x4887,0x2087,0A,40,4,0x00D370,0x378,0x00D6E8,0x0088,36,05,57,OK
0x4886,0x2086,0A,40,4,0x00D370,0x379,0x00D6E9,0x0087,36,3F,90,OK
0x4885,0x2085,0A,40,4,0x00D370,0x37A,0x00D6EA,0x0086,36,0C,5C,OK
0x4884,0x2084,0A,40,4,0x00D370,0x37B,0x00D6EB,0x0085,36,0C,5B,OK
0x4883,0x2083,0A,40,4,0x00D370,0x37C,0x00D6EC,0x0084,36,00,4E,OK
0x4882,0x2082,0A,40,4,0x00D370,0x37D,0x00D6ED,0x0083,36,C0,0D,OK
0x4881,0x2081,0A,40,4,0x00D370,0x37E,0x00D6EE,0x0082,36,63,AF,OK
0x4880,0x2080,0A,40,4,0x00D370,0x37F,0x00D6EF,0x0081,36,63,AE,OK
0x487F,0x207F,0A,40,4,0x00D370,0x380,0x00D6F0,0x0080,36,00,4A,OK
0x487E,0x207E,0A,40,4,0x00D370,0x381,0x00D6F1,0x007F,36,00,49,OK
0x487D,0x207D,0A,40,4,0x00D370,0x382,0x00D6F2,0x007E,36,01,49,OK
0x487C,0x207C,0A,40,4,0x00D370,0x383,0x00D6F3,0x007D,36,E0,27,OK
0x487B,0x207B,0A,40,4,0x00D370,0x384,0x00D6F4,0x007C,36,00,46,OK
0x487A,0x207A,0A,40,4,0x00D370,0x385,0x00D6F5,0x007B,36,00,45,OK
0x4879,0x2079,0A,40,4,0x00D370,0x386,0x00D6F6,0x007A,36,00,44,OK
0x4878,0x2078,0A,40,4,0x00D370,0x387,0x00D6F7,0x0079,36,FD,40,OK
0x4877,0x2077,0A,40,4,0x00D370,0x388,0x00D6F8,0x0078,36,06,48,OK
0x4876,0x2076,0A,40,4,0x00D370,0x389,0x00D6F9,0x0077,36,06,47,OK
0x4875,0x2075,0A,40,4,0x00D370,0x38A,0x00D6FA,0x0076,36,FE,3E,OK
0x4874,0x2074,0A,40,4,0x00D370,0x38B,0x00D6FB,0x0075,36,06,45,OK
0x4873,0x2073,0A,40,4,0x00D370,0x38C,0x00D6FC,0x0074,36,86,C4,OK
0x4872,0x2072,0A,40,4,0x00D370,0x38D,0x00D6FD,0x0073,36,FC,39,OK
0x4871,0x2071,0A,40,4,0x00D370,0x38E,0x00D6FE,0x0072,36,00,3C,OK
0x4870,0x2070,0A,40,4,0x00D370,0x38F,0x00D6FF,0x0071,36,00,3B,OK
0x486F,0x206F,0A,40,4,0x00D370,0x390,0x00D700,0x0070,36,00,3A,OK
0x486E,0x206E,0A,40,4,0x00D370,0x391,0x00D701,0x006F,36,17,50,OK
0x486D,0x206D,0A,40,4,0x00D370,0x392,0x00D702,0x006E,36,18,50,OK
0x486C,0x206C,0A,40,4,0x00D370,0x393,0x00D703,0x006D,36,00,37,OK
0x486B,0x206B,0A,40,4,0x00D370,0x394,0x00D704,0x006C,36,0F,45,OK
0x486A,0x206A,0A,40,4,0x00D370,0x395,0x00D705,0x006B,36,18,4D,OK
0x4869,0x2069,0A,40,4,0x00D370,0x396,0x00D706,0x006A,36,18,4C,OK
0x4868,0x2068,0A,40,4,0x00D370,0x397,0x00D707,0x0069,36,0F,42,OK
0x4867,0x2067,0A,40,4,0x00D370,0x398,0x00D708,0x0068,36,00,32,OK
0x4866,0x2066,0A,40,4,0x00D370,0x399,0x00D709,0x0067,36,00,31,OK
0x4865,0x2065,0A,40,4,0x00D370,0x39A,0x00D70A,0x0066,36,00,30,OK
0x4864,0x2064,0A,40,4,0x00D370,0x39B,0x00D70B,0x0065,36,E3,12,OK
0x4863,0x2063,0A,40,4,0x00D370,0x39C,0x00D70C,0x0064,36,30,5E,OK
0x4862,0x2062,0A,40,4,0x00D370,0x39D,0x00D70D,0x0063,36,30,5D,OK
0x4861,0x2061,0A,40,4,0x00D370,0x39E,0x00D70E,0x0062,36,E0,0C,OK
0x4860,0x2060,0A,40,4,0x00D370,0x39F,0x00D70F,0x0061,36,00,2B,OK
0x485F,0x205F,0A,40,4,0x00D370,0x3A0,0x00D710,0x0060,36,30,5A,OK
0x485E,0x205E,0A,40,4,0x00D370,0x3A1,0x00D711,0x005F,36,D3,FC,OK
0x485D,0x205D,0A,40,4,0x00D370,0x3A2,0x00D712,0x005E,36,00,28,OK
0x485C,0x205C,0A,40,4,0x00D370,0x3A3,0x00D713,0x005D,36,00,27,OK
0x485B,0x205B,0A,40,4,0x00D370,0x3A4,0x00D714,0x005C,36,00,26,OK
0x485A,0x205A,0A,40,4,0x00D370,0x3A5,0x00D715,0x005B,36,EF,14,OK
0x4859,0x2059,0A,40,4,0x00D370,0x3A6,0x00D716,0x005A,36,C6,EA,OK
0x4858,0x2058,0A,40,4,0x00D370,0x3A7,0x00D717,0x0059,36,C6,E9,OK
0x4857,0x2057,0A,40,4,0x00D370,0x3A8,0x00D718,0x0058,36,02,24,OK
0x4856,0x2056,0A,40,4,0x00D370,0x3A9,0x00D719,0x0057,36,05,26,OK
0x4855,0x2055,0A,40,4,0x00D370,0x3AA,0x00D71A,0x0056,36,E7,07,OK
0x4854,0x2054,0A,40,4,0x00D370,0x3AB,0x00D71B,0x0055,36,DD,FC,OK
0x4853,0x2053,0A,40,4,0x00D370,0x3AC,0x00D71C,0x0054,36,00,1E,OK
0x4852,0x2052,0A,40,4,0x00D370,0x3AD,0x00D71D,0x0053,36,00,1D,OK
0x4851,0x2051,0A,40,4,0x00D370,0x3AE,0x00D71E,0x0052,36,00,1C,OK
0x4850,0x2050,0A,40,4,0x00D370,0x3AF,0x00D71F,0x0051,36,7C,97,OK
0x484F,0x204F,0A,40,4,0x00D370,0x3B0,0x00D720,0x0050,36,30,4A,OK
0x484E,0x204E,0A,40,4,0x00D370,0x3B1,0x00D721,0x004F,36,30,49,OK
0x484D,0x204D,0A,40,4,0x00D370,0x3B2,0x00D722,0x004E,36,30,48,OK
0x484C,0x204C,0A,40,4,0x00D370,0x3B3,0x00D723,0x004D,36,02,19,OK
0x484B,0x204B,0A,40,4,0x00D370,0x3B4,0x00D724,0x004C,36,05,1B,OK
0x484A,0x204A,0A,40,4,0x00D370,0x3B5,0x00D725,0x004B,36,E0,F5,OK
0x4849,0x2049,0A,40,4,0x00D370,0x3B6,0x00D726,0x004A,36,00,14,OK
0x4848,0x2048,0A,40,4,0x00D370,0x3B7,0x00D727,0x0049,36,00,13,OK
0x4847,0x2047,0A,40,4,0x00D370,0x3B8,0x00D728,0x0048,36,00,12,OK
0x4846,0x2046,0A,40,4,0x00D370,0x3B9,0x00D729,0x0047,36,1B,2C,OK
0x4845,0x2045,0A,40,4,0x00D370,0x3BA,0x00D72A,0x0046,36,1E,2E,OK
0x4844,0x2044,0A,40,4,0x00D370,0x3BB,0x00D72B,0x0045,36,18,27,OK
0x4843,0x2043,0A,40,4,0x00D370,0x3BC,0x00D72C,0x0044,36,00,0E,OK
0x4842,0x2042,0A,40,4,0x00D370,0x3BD,0x00D72D,0x0043,36,00,0D,OK
0x4841,0x2041,0A,40,4,0x00D370,0x3BE,0x00D72E,0x0042,36,07,13,OK
0x4840,0x2040,0A,40,4,0x00D370,0x3BF,0x00D72F,0x0041,36,1C,27,OK
0x483F,0x203F,0A,40,4,0x00D370,0x3C0,0x00D730,0x0040,36,18,22,OK
0x483E,0x203E,0A,40,4,0x00D370,0x3C1,0x00D731,0x003F,36,1C,25,OK
0x483D,0x203D,0A,40,4,0x00D370,0x3C2,0x00D732,0x003E,36,07,0F,OK
0x483C,0x203C,0A,40,4,0x00D370,0x3C3,0x00D733,0x003D,36,E0,E7,OK
0x483B,0x203B,0A,40,4,0x00D370,0x3C4,0x00D734,0x003C,36,38,3E,OK
0x483A,0x203A,0A,40,4,0x00D370,0x3C5,0x00D735,0x003B,36,18,1D,OK
0x4839,0x2039,0A,40,4,0x00D370,0x3C6,0x00D736,0x003A,36,18,1C,OK
0x4838,0x2038,0A,40,4,0x00D370,0x3C7,0x00D737,0x0039,36,38,3B,OK
0x4837,0x2037,0A,40,4,0x00D370,0x3C8,0x00D738,0x0038,36,E0,E2,OK
0x4836,0x2036,0A,40,4,0x00D370,0x3C9,0x00D739,0x0037,36,00,01,OK
0x4835,0x2035,0A,40,4,0x00D370,0x3CA,0x00D73A,0x0036,36,18,18,OK
0x4834,0x2034,0A,40,4,0x00D370,0x3CB,0x00D73B,0x0035,36,78,77,OK
0x4833,0x2033,0A,40,4,0x00D370,0x3CC,0x00D73C,0x0034,36,D8,D6,OK
0x4832,0x2032,0A,40,4,0x00D370,0x3CD,0x00D73D,0x0033,36,3E,3B,OK
0x4831,0x2031,0A,40,4,0x00D370,0x3CE,0x00D73E,0x0032,36,63,5F,OK
0x4830,0x2030,0A,40,4,0x00D370,0x3CF,0x00D73F,0x0031,36,C1,BC,OK
0x482F,0x202F,0A,40,4,0x00D370,0x3D0,0x00D740,0x0030,36,C1,BB,OK
0x482E,0x202E,0A,40,4,0x00D370,0x3D1,0x00D741,0x002F,36,C1,BA,OK
0x482D,0x202D,0A,40,4,0x00D370,0x3D2,0x00D742,0x002E,36,63,5B,OK
0x482C,0x202C,0A,40,4,0x00D370,0x3D3,0x00D743,0x002D,36,3E,35,OK
0x482B,0x202B,0A,40,4,0x00D370,0x3D4,0x00D744,0x002C,36,00,F6,OK
0x482A,0x202A,0A,40,4,0x00D370,0x3D5,0x00D745,0x002B,36,00,F5,OK
0x4829,0x2029,0A,40,4,0x00D370,0x3D6,0x00D746,0x002A,36,00,F4,OK
0x4828,0x2028,0A,40,4,0x00D370,0x3D7,0x00D747,0x0029,36,1F,12,OK
0x4827,0x2027,0A,40,4,0x00D370,0x3D8,0x00D748,0x0028,36,06,F8,OK
0x4826,0x2026,0A,40,4,0x00D370,0x3D9,0x00D749,0x0027,36,86,77,OK
0x4825,0x2025,0A,40,4,0x00D370,0x3DA,0x00D74A,0x0026,36,86,76,OK
0x4824,0x2024,0A,40,4,0x00D370,0x3DB,0x00D74B,0x0025,36,86,75,OK
0x4823,0x2023,0A,40,4,0x00D370,0x3DC,0x00D74C,0x0024,36,06,F4,OK
0x4822,0x2022,0A,40,4,0x00D370,0x3DD,0x00D74D,0x0023,36,06,F3,OK
0x4821,0x2021,0A,40,4,0x00D370,0x3DE,0x00D74E,0x0022,36,02,EE,OK
0x4820,0x2020,0A,40,4,0x00D370,0x3DF,0x00D74F,0x0021,36,05,F0,OK
0x481F,0x201F,0A,40,4,0x00D370,0x3E0,0x00D750,0x0020,36,1E,08,OK
0x481E,0x201E,0A,40,4,0x00D370,0x3E1,0x00D751,0x001F,36,87,70,OK
0x481D,0x201D,0A,40,4,0x00D370,0x3E2,0x00D752,0x001E,36,0C,F4,OK
0x481C,0x201C,0A,40,4,0x00D370,0x3E3,0x00D753,0x001D,36,18,FF,OK
0x481B,0x201B,0A,40,4,0x00D370,0x3E4,0x00D754,0x001C,36,18,FE,OK
0x481A,0x201A,0A,40,4,0x00D370,0x3E5,0x00D755,0x001B,36,18,FD,OK
0x4819,0x2019,0A,40,4,0x00D370,0x3E6,0x00D756,0x001A,36,0C,F0,OK
0x4818,0x2018,0A,40,4,0x00D370,0x3E7,0x00D757,0x0019,36,07,EA,OK
0x4817,0x2017,0A,40,4,0x00D370,0x3E8,0x00D758,0x0018,36,00,E2,OK
0x4816,0x2016,0A,40,4,0x00D370,0x3E9,0x00D759,0x0017,36,00,E1,OK
0x4815,0x2015,0A,40,4,0x00D370,0x3EA,0x00D75A,0x0016,36,00,E0,OK
0x4814,0x2014,0A,40,4,0x00D370,0x3EB,0x00D75B,0x0015,36,CE,AD,OK
0x4813,0x2013,0A,40,4,0x00D370,0x3EC,0x00D75C,0x0014,36,78,56,OK
0x4812,0x2012,0A,40,4,0x00D370,0x3ED,0x00D75D,0x0013,36,18,F5,OK
0x4811,0x2011,0A,40,4,0x00D370,0x3EE,0x00D75E,0x0012,36,18,F4,OK
0x4810,0x2010,0A,40,4,0x00D370,0x3EF,0x00D75F,0x0011,36,18,F3,OK
0x480F,0x200F,0A,40,4,0x00D370,0x3F0,0x00D760,0x0010,36,78,52,OK
0x480E,0x200E,0A,40,4,0x00D370,0x3F1,0x00D761,0x000F,36,D8,B1,OK
0x480D,0x200D,0A,40,4,0x00D370,0x3F2,0x00D762,0x000E,36,18,F0,OK
0x480C,0x200C,0A,40,4,0x00D370,0x3F3,0x00D763,0x000D,36,18,EF,OK
0x480B,0x200B,0A,40,4,0x00D370,0x3F4,0x00D764,0x000C,36,78,4E,OK
0x480A,0x200A,0A,40,4,0x00D370,0x3F5,0x00D765,0x000B,36,7E,53,OK
0x4809,0x2009,0A,40,4,0x00D370,0x3F6,0x00D766,0x000A,36,18,EC,OK
0x4808,0x2008,0A,40,4,0x00D370,0x3F7,0x00D767,0x0009,36,18,EB,OK
0x4807,0x2007,0A,40,4,0x00D370,0x3F8,0x00D768,0x0008,36,18,EA,OK
0x4806,0x2006,0A,40,4,0x00D370,0x3F9,0x00D769,0x0007,36,02,D3,OK
0x4805,0x2005,0A,40,4,0x00D370,0x3FA,0x00D76A,0x0006,36,05,D5,OK
0x4804,0x2004,0A,40,4,0x00D370,0x3FB,0x00D76B,0x0005,36,78,47,OK
0x4803,0x2003,0A,40,4,0x00D370,0x3FC,0x00D76C,0x0004,36,00,CE,OK
0x4802,0x2002,0A,40,4,0x00D370,0x3FD,0x00D76D,0x0003,36,38,05,OK
0x4801,0x2001,0A,40,4,0x00D370,0x3FE,0x00D76E,0x0002,36,00,CC,OK
0x4800,0x2000,0A,40,4,0x00D370,0x3FF,0x00D76F,0x0001,36,1F,EA,OK
0x4FFF,0x27FF,0A,40,5,0x00D780,0x000,0x00D780,0x0400,36,04,D2,OK
0x4FFE,0x27FE,0A,40,5,0x00D780,0x001,0x00D781,0x03FF,36,40,0C,OK
0x4FFD,0x27FD,0A,40,5,0x00D780,0x002,0x00D782,0x03FE,36,44,0F,OK
0x4FFC,0x27FC,0A,40,5,0x00D780,0x003,0x00D783,0x03FD,36,00,CA,OK
0x4FFB,0x27FB,0A,40,5,0x00D780,0x004,0x00D784,0x03FC,36,DE,A7,OK
0x4FFA,0x27FA,0A,40,5,0x00D780,0x005,0x00D785,0x03FB,36,4E,16,OK
0x4FF9,0x27F9,0A,40,5,0x00D780,0x006,0x00D786,0x03FA,36,65,2C,OK
0x4FF8,0x27F8,0A,40,5,0x00D780,0x007,0x00D787,0x03F9,36,55,1B,OK
0x4FF7,0x27F7,0A,40,5,0x00D780,0x008,0x00D788,0x03F8,36,06,CB,OK
0x4FF6,0x27F6,0A,40,5,0x00D780,0x009,0x00D789,0x03F7,36,F7,BB,OK
0x4FF5,0x27F5,0A,40,5,0x00D780,0x00A,0x00D78A,0x03F6,36,5F,22,OK
0x4FF4,0x27F4,0A,40,5,0x00D780,0x00B,0x00D78B,0x03F5,36,53,15,OK
0x4FF3,0x27F3,0A,40,5,0x00D780,0x00C,0x00D78C,0x03F4,36,A4,65,OK
0x4FF2,0x27F2,0A,40,5,0x00D780,0x00D,0x00D78D,0x03F3,36,50,10,OK
0x4FF1,0x27F1,0A,40,5,0x00D780,0x00E,0x00D78E,0x03F2,36,D5,94,OK
0x4FF0,0x27F0,0A,40,5,0x00D780,0x00F,0x00D78F,0x03F1,36,40,FE,OK
0x4FEF,0x27EF,0A,40,5,0x00D780,0x010,0x00D790,0x03F0,36,55,12,OK
0x4FEE,0x27EE,0A,40,5,0x00D780,0x011,0x00D791,0x03EF,36,B5,71,OK
0x4FED,0x27ED,0A,40,5,0x00D780,0x012,0x00D792,0x03EE,36,FF,BA,OK
0x4FEC,0x27EC,0A,40,5,0x00D780,0x013,0x00D793,0x03ED,36,FD,B7,OK
0x4FEB,0x27EB,0A,40,5,0x00D780,0x014,0x00D794,0x03EC,36,55,0E,OK
0x4FEA,0x27EA,0A,40,5,0x00D780,0x015,0x00D795,0x03EB,36,45,FD,OK
0x4FE9,0x27E9,0A,40,5,0x00D780,0x016,0x00D796,0x03EA,36,5F,16,OK
0x4FE8,0x27E8,0A,40,5,0x00D780,0x017,0x00D797,0x03E9,36,A2,58,OK
0x4FE7,0x27E7,0A,40,5,0x00D780,0x018,0x00D798,0x03E8,36,21,D6,OK
0x4FE6,0x27E6,0A,40,5,0x00D780,0x019,0x00D799,0x03E7,36,8A,3E,OK
0x4FE5,0x27E5,0A,40,5,0x00D780,0x01A,0x00D79A,0x03E6,36,22,D5,OK
0x4FE4,0x27E4,0A,40,5,0x00D780,0x01B,0x00D79B,0x03E5,36,82,34,OK
0x4FE3,0x27E3,0A,40,5,0x00D780,0x01C,0x00D79C,0x03E4,36,AA,5B,OK
0x4FE2,0x27E2,0A,40,5,0x00D780,0x01D,0x00D79D,0x03E3,36,8A,3A,OK
0x4FE1,0x27E1,0A,40,5,0x00D780,0x01E,0x00D79E,0x03E2,36,A2,51,OK
0x4FE0,0x27E0,0A,40,5,0x00D780,0x01F,0x00D79F,0x03E1,36,72,20,OK
0x4FDF,0x27DF,0A,40,5,0x00D780,0x020,0x00D7A0,0x03E0,36,02,AF,OK
0x4FDE,0x27DE,0A,40,5,0x00D780,0x021,0x00D7A1,0x03DF,36,04,B0,OK
0x4FDD,0x27DD,0A,40,5,0x00D780,0x022,0x00D7A2,0x03DE,36,00,AB,OK
0x4FDC,0x27DC,0A,40,5,0x00D780,0x023,0x00D7A3,0x03DD,36,80,2A,OK
0x4FDB,0x27DB,0A,40,5,0x00D780,0x024,0x00D7A4,0x03DC,36,2A,D3,OK
0x4FDA,0x27DA,0A,40,5,0x00D780,0x025,0x00D7A5,0x03DB,36,AA,52,OK
0x4FD9,0x27D9,0A,40,5,0x00D780,0x026,0x00D7A6,0x03DA,36,2A,D1,OK
0x4FD8,0x27D8,0A,40,5,0x00D780,0x027,0x00D7A7,0x03D9,36,A2,48,OK
0x4FD7,0x27D7,0A,40,5,0x00D780,0x028,0x00D7A8,0x03D8,36,02,A7,OK
0x4FD6,0x27D6,0A,40,5,0x00D780,0x029,0x00D7A9,0x03D7,36,05,A9,OK
0x4FD5,0x27D5,0A,40,5,0x00D780,0x02A,0x00D7AA,0x03D6,36,00,A3,OK
0x4FD4,0x27D4,0A,40,5,0x00D780,0x02B,0x00D7AB,0x03D5,36,80,22,OK
0x4FD3,0x27D3,0A,40,5,0x00D780,0x02C,0x00D7AC,0x03D4,36,82,23,OK
0x4FD2,0x27D2,0A,40,5,0x00D780,0x02D,0x00D7AD,0x03D3,36,0A,AA,OK
0x4FD1,0x27D1,0A,40,5,0x00D780,0x02E,0x00D7AE,0x03D2,36,04,A3,OK
0x4FD0,0x27D0,0A,40,5,0x00D780,0x02F,0x00D7AF,0x03D1,36,22,C0,OK
0x4FCF,0x27CF,0A,40,5,0x00D780,0x030,0x00D7B0,0x03D0,36,02,9F,OK
0x4FCE,0x27CE,0A,40,5,0x00D780,0x031,0x00D7B1,0x03CF,36,04,A0,OK
0x4FCD,0x27CD,0A,40,5,0x00D780,0x032,0x00D7B2,0x03CE,36,00,9B,OK
0x4FCC,0x27CC,0A,40,5,0x00D780,0x033,0x00D7B3,0x03CD,36,20,BA,OK
0x4FCB,0x27CB,0A,40,5,0x00D780,0x034,0x00D7B4,0x03CC,36,2A,C3,OK
0x4FCA,0x27CA,0A,40,5,0x00D780,0x035,0x00D7B5,0x03CB,36,88,20,OK
0x4FC9,0x27C9,0A,40,5,0x00D780,0x036,0x00D7B6,0x03CA,36,28,BF,OK
0x4FC8,0x27C8,0A,40,5,0x00D780,0x037,0x00D7B7,0x03C9,36,A8,3E,OK
0x4FC7,0x27C7,0A,40,5,0x00D780,0x038,0x00D7B8,0x03C8,36,08,9D,OK
0x4FC6,0x27C6,0A,40,5,0x00D780,0x039,0x00D7B9,0x03C7,36,04,98,OK
0x4FC5,0x27C5,0A,40,5,0x00D780,0x03A,0x00D7BA,0x03C6,36,0A,9D,OK
0x4FC4,0x27C4,0A,40,5,0x00D780,0x03B,0x00D7BB,0x03C5,36,04,96,OK
0x4FC3,0x27C3,0A,40,5,0x00D780,0x03C,0x00D7BC,0x03C4,36,AA,3B,OK
0x4FC2,0x27C2,0A,40,5,0x00D780,0x03D,0x00D7BD,0x03C3,36,80,10,OK
0x4FC1,0x27C1,0A,40,5,0x00D780,0x03E,0x00D7BE,0x03C2,36,A8,37,OK
0x4FC0,0x27C0,0A,40,5,0x00D780,0x03F,0x00D7BF,0x03C1,36,0A,98,OK
0x4FBF,0x27BF,0A,40,5,0x00D780,0x040,0x00D7C0,0x03C0,36,04,91,OK
0x4FBE,0x27BE,0A,40,5,0x00D780,0x041,0x00D7C1,0x03BF,36,80,0C,OK
0x4FBD,0x27BD,0A,40,5,0x00D780,0x042,0x00D7C2,0x03BE,36,02,8D,OK
0x4FBC,0x27BC,0A,40,5,0x00D780,0x043,0x00D7C3,0x03BD,36,05,8F,OK
0x4FBB,0x27BB,0A,40,5,0x00D780,0x044,0x00D7C4,0x03BC,36,A2,2B,OK
0x4FBA,0x27BA,0A,40,5,0x00D780,0x045,0x00D7C5,0x03BB,36,A0,28,OK
0x4FB9,0x27B9,0A,40,5,0x00D780,0x046,0x00D7C6,0x03BA,36,00,87,OK
0x4FB8,0x27B8,0A,40,5,0x00D780,0x047,0x00D7C7,0x03B9,36,22,A8,OK
0x4FB7,0x27B7,0A,40,5,0x00D780,0x048,0x00D7C8,0x03B8,36,02,87,OK
0x4FB6,0x27B6,0A,40,5,0x00D780,0x049,0x00D7C9,0x03B7,36,04,88,OK
0x4FB5,0x27B5,0A,40,5,0x00D780,0x04A,0x00D7CA,0x03B6,36,0A,8D,OK
0x4FB4,0x27B4,0A,40,5,0x00D780,0x04B,0x00D7CB,0x03B5,36,04,86,OK
0x4FB3,0x27B3,0A,40,5,0x00D780,0x04C,0x00D7CC,0x03B4,36,80,01,OK
0x4FB2,0x27B2,0A,40,5,0x00D780,0x04D,0x00D7CD,0x03B3,36,A8,28,OK
0x4FB1,0x27B1,0A,40,5,0x00D780,0x04E,0x00D7CE,0x03B2,36,8A,09,OK
0x4FB0,0x27B0,0A,40,5,0x00D780,0x04F,0x00D7CF,0x03B1,36,22,A0,OK
0x4FAF,0x27AF,0A,40,5,0x00D780,0x050,0x00D7D0,0x03B0,36,02,7F,OK
0x4FAE,0x27AE,0A,40,5,0x00D780,0x051,0x00D7D1,0x03AF,36,04,80,OK
0x4FAD,0x27AD,0A,40,5,0x00D780,0x052,0x00D7D2,0x03AE,36,88,03,OK
0x4FAC,0x27AC,0A,40,5,0x00D780,0x053,0x00D7D3,0x03AD,36,05,7F,OK
0x4FAB,0x27AB,0A,40,5,0x00D780,0x054,0x00D7D4,0x03AC,36,AA,23,OK
0x4FAA,0x27AA,0A,40,5,0x00D780,0x055,0x00D7D5,0x03AB,36,A2,1A,OK
0x4FA9,0x27A9,0A,40,5,0x00D780,0x056,0x00D7D6,0x03AA,36,88,FF,OK
0x4FA8,0x27A8,0A,40,5,0x00D780,0x057,0x00D7D7,0x03A9,36,A2,18,OK
0x4FA7,0x27A7,0A,40,5,0x00D780,0x058,0x00D7D8,0x03A8,36,48,BD,OK
0x4FA6,0x27A6,0A,40,5,0x00D780,0x059,0x00D7D9,0x03A7,36,02,76,OK
0x4FA5,0x27A5,0A,40,5,0x00D780,0x05A,0x00D7DA,0x03A6,36,04,77,OK
0x4FA4,0x27A4,0A,40,5,0x00D780,0x05B,0x00D7DB,0x03A5,36,00,72,OK
0x4FA3,0x27A3,0A,40,5,0x00D780,0x05C,0x00D7DC,0x03A4,36,80,F1,OK
0x4FA2,0x27A2,0A,40,5,0x00D780,0x05D,0x00D7DD,0x03A3,36,42,B2,OK
0x4FA1,0x27A1,0A,40,5,0x00D780,0x05E,0x00D7DE,0x03A2,36,A0,0F,OK
0x4FA0,0x27A0,0A,40,5,0x00D780,0x05F,0x00D7DF,0x03A1,36,2A,98,OK
0x4F9F,0x279F,0A,40,5,0x00D780,0x060,0x00D7E0,0x03A0,36,AA,17,OK
0x4F9E,0x279E,0A,40,5,0x00D780,0x061,0x00D7E1,0x039F,36,00,6C,OK
0x4F9D,0x279D,0A,40,5,0x00D780,0x062,0x00D7E2,0x039E,36,AA,15,OK
0x4F9C,0x279C,0A,40,5,0x00D780,0x063,0x00D7E3,0x039D,36,EA,54,OK
0x4F9B,0x279B,0A,40,5,0x00D780,0x064,0x00D7E4,0x039C,36,0A,73,OK
0x4F9A,0x279A,0A,40,5,0x00D780,0x065,0x00D7E5,0x039B,36,04,6C,OK
0x4F99,0x2799,0A,40,5,0x00D780,0x066,0x00D7E6,0x039A,36,10,77,OK
0x4F98,0x2798,0A,40,5,0x00D780,0x067,0x00D7E7,0x0399,36,00,66,OK
0x4F97,0x2797,0A,40,5,0x00D780,0x068,0x00D7E8,0x0398,36,A4,09,OK
0x4F96,0x2796,0A,40,5,0x00D780,0x069,0x00D7E9,0x0397,36,1A,7E,OK
0x4F95,0x2795,0A,40,5,0x00D780,0x06A,0x00D7EA,0x0396,36,08,6B,OK
0x4F94,0x2794,0A,40,5,0x00D780,0x06B,0x00D7EB,0x0395,36,04,66,OK
0x4F93,0x2793,0A,40,5,0x00D780,0x06C,0x00D7EC,0x0394,36,86,E7,OK
0x4F92,0x2792,0A,40,5,0x00D780,0x06D,0x00D7ED,0x0393,36,5A,BA,OK
0x4F91,0x2791,0A,40,5,0x00D780,0x06E,0x00D7EE,0x0392,36,BA,19,OK
0x4F90,0x2790,0A,40,5,0x00D780,0x06F,0x00D7EF,0x0391,36,2F,8D,OK
0x4F8F,0x278F,0A,40,5,0x00D780,0x070,0x00D7F0,0x0390,36,4A,A7,OK
0x4F8E,0x278E,0A,40,5,0x00D780,0x071,0x00D7F1,0x038F,36,54,B0,OK
0x4F8D,0x278D,0A,40,5,0x00D780,0x072,0x00D7F2,0x038E,36,45,A0,OK
0x4F8C,0x278C,0A,40,5,0x00D780,0x073,0x00D7F3,0x038D,36,50,AA,OK
0x4F8B,0x278B,0A,40,5,0x00D780,0x074,0x00D7F4,0x038C,36,15,6E,OK
0x4F8A,0x278A,0A,40,5,0x00D780,0x075,0x00D7F5,0x038B,36,04,5C,OK
0x4F89,0x2789,0A,40,5,0x00D780,0x076,0x00D7F6,0x038A,36,04,5B,OK
0x4F88,0x2788,0A,40,5,0x00D780,0x077,0x00D7F7,0x0389,36,00,56,OK
0x4F87,0x2787,0A,40,5,0x00D780,0x078,0x00D7F8,0x0388,36,04,59,OK
0x4F86,0x2786,0A,40,5,0x00D780,0x079,0x00D7F9,0x0387,36,04,58,OK
0x4F85,0x2785,0A,40,5,0x00D780,0x07A,0x00D7FA,0x0386,36,40,93,OK
0x4F84,0x2784,0A,40,5,0x00D780,0x07B,0x00D7FB,0x0385,36,05,57,OK
0x4F83,0x2783,0A,40,5,0x00D780,0x07C,0x00D7FC,0x0384,36,50,A1,OK
0x4F82,0x2782,0A,40,5,0x00D780,0x07D,0x00D7FD,0x0383,36,15,65,OK
0x4F81,0x2781,0A,40,5,0x00D780,0x07E,0x00D7FE,0x0382,36,10,5F,OK
0x4F80,0x2780,0A,40,5,0x00D780,0x07F,0x00D7FF,0x0381,36,05,53,OK
0x4F7F,0x277F,0A,40,5,0x00D780,0x080,0x00D800,0x0380,36,01,4E,OK
0x4F7E,0x277E,0A,40,5,0x00D780,0x081,0x00D801,0x037F,36,55,A1,OK
0x4F7D,0x277D,0A,40,5,0x00D780,0x082,0x00D802,0x037E,36,51,9C,OK
0x4F7C,0x277C,0A,40,5,0x00D780,0x083,0x00D803,0x037D,36,45,8F,OK
0x4F7B,0x277B,0A,40,5,0x00D780,0x084,0x00D804,0x037C,36,50,99,OK
0x4F7A,0x277A,0A,40,5,0x00D780,0x085,0x00D805,0x037B,36,41,89,OK
0x4F79,0x2779,0A,40,5,0x00D780,0x086,0x00D806,0x037A,36,00,47,OK
0x4F78,0x2778,0A,40,5,0x00D780,0x087,0x00D807,0x0379,36,01,47,OK
0x4F77,0x2777,0A,40,5,0x00D780,0x088,0x00D808,0x0378,36,00,45,OK
0x4F76,0x2776,0A,40,5,0x00D780,0x089,0x00D809,0x0377,36,01,45,OK
0x4F75,0x2775,0A,40,5,0x00D780,0x08A,0x00D80A,0x0376,36,00,43,OK
0x4F74,0x2774,0A,40,5,0x00D780,0x08B,0x00D80B,0x0375,36,15,57,OK
0x4F73,0x2773,0A,40,5,0x00D780,0x08C,0x00D80C,0x0374,36,44,85,OK
0x4F72,0x2772,0A,40,5,0x00D780,0x08D,0x00D80D,0x0373,36,40,80,OK
0x4F71,0x2771,0A,40,5,0x00D780,0x08E,0x00D80E,0x0372,36,05,44,OK
0x4F70,0x2770,0A,40,5,0x00D780,0x08F,0x00D80F,0x0371,36,00,3E,OK
0x4F6F,0x276F,0A,40,5,0x00D780,0x090,0x00D810,0x0370,36,01,3E,OK
0x4F6E,0x276E,0A,40,5,0x00D780,0x091,0x00D811,0x036F,36,51,8D,OK
0x4F6D,0x276D,0A,40,5,0x00D780,0x092,0x00D812,0x036E,36,40,7B,OK
0x4F6C,0x276C,0A,40,5,0x00D780,0x093,0x00D813,0x036D,36,05,3F,OK
0x4F6B,0x276B,0A,40,5,0x00D780,0x094,0x00D814,0x036C,36,14,4D,OK
0x4F6A,0x276A,0A,40,5,0x00D780,0x095,0x00D815,0x036B,36,54,8C,OK
0x4F69,0x2769,0A,40,5,0x00D780,0x096,0x00D816,0x036A,36,40,77,OK
0x4F68,0x2768,0A,40,5,0x00D780,0x097,0x00D817,0x0369,36,00,36,OK
0x4F67,0x2767,0A,40,5,0x00D780,0x098,0x00D818,0x0368,36,41,76,OK
0x4F66,0x2766,0A,40,5,0x00D780,0x099,0x00D819,0x0367,36,10,44,OK
0x4F65,0x2765,0A,40,5,0x00D780,0x09A,0x00D81A,0x0366,36,00,33,OK
0x4F64,0x2764,0A,40,5,0x00D780,0x09B,0x00D81B,0x0365,36,40,72,OK
0x4F63,0x2763,0A,40,5,0x00D780,0x09C,0x00D81C,0x0364,36,01,32,OK
0x4F62,0x2762,0A,40,5,0x00D780,0x09D,0x00D81D,0x0363,36,50,80,OK
0x4F61,0x2761,0A,40,5,0x00D780,0x09E,0x00D81E,0x0362,36,00,2F,OK
0x4F60,0x2760,0A,40,5,0x00D780,0x09F,0x00D81F,0x0361,36,10,3E,OK
0x4F5F,0x275F,0A,40,5,0x00D780,0x0A0,0x00D820,0x0360,36,44,71,OK
0x4F5E,0x275E,0A,40,5,0x00D780,0x0A1,0x00D821,0x035F,36,41,6D,OK
0x4F5D,0x275D,0A,40,5,0x00D780,0x0A2,0x00D822,0x035E,36,10,3B,OK
0x4F5C,0x275C,0A,40,5,0x00D780,0x0A3,0x00D823,0x035D,36,00,2A,OK
0x4F5B,0x275B,0A,40,5,0x00D780,0x0A4,0x00D824,0x035C,36,45,6E,OK
0x4F5A,0x275A,0A,40,5,0x00D780,0x0A5,0x00D825,0x035B,36,14,3C,OK
0x4F59,0x2759,0A,40,5,0x00D780,0x0A6,0x00D826,0x035A,36,44,6B,OK
0x4F58,0x2758,0A,40,5,0x00D780,0x0A7,0x00D827,0x0359,36,15,3B,OK
0x4F57,0x2757,0A,40,5,0x00D780,0x0A8,0x00D828,0x0358,36,01,26,OK
0x4F56,0x2756,0A,40,5,0x00D780,0x0A9,0x00D829,0x0357,36,50,74,OK
0x4F55,0x2755,0A,40,5,0x00D780,0x0AA,0x00D82A,0x0356,36,04,27,OK
0x4F54,0x2754,0A,40,5,0x00D780,0x0AB,0x00D82B,0x0355,36,04,26,OK
0x4F53,0x2753,0A,40,5,0x00D780,0x0AC,0x00D82C,0x0354,36,14,35,OK
0x4F52,0x2752,0A,40,5,0x00D780,0x0AD,0x00D82D,0x0353,36,54,74,OK
0x4F51,0x2751,0A,40,5,0x00D780,0x0AE,0x00D82E,0x0352,36,44,63,OK
0x4F50,0x2750,0A,40,5,0x00D780,0x0AF,0x00D82F,0x0351,36,01,1F,OK
0x4F4F,0x274F,0A,40,5,0x00D780,0x0B0,0x00D830,0x0350,36,05,22,OK
0x4F4E,0x274E,0A,40,5,0x00D780,0x0B1,0x00D831,0x034F,36,00,1C,OK
0x4F4D,0x274D,0A,40,5,0x00D780,0x0B2,0x00D832,0x034E,36,04,1F,OK
0x4F4C,0x274C,0A,40,5,0x00D780,0x0B3,0x00D833,0x034D,36,04,1E,OK
0x4F4B,0x274B,0A,40,5,0x00D780,0x0B4,0x00D834,0x034C,36,50,69,OK
0x4F4A,0x274A,0A,40,5,0x00D780,0x0B5,0x00D835,0x034B,36,55,6D,OK
0x4F49,0x2749,0A,40,5,0x00D780,0x0B6,0x00D836,0x034A,36,05,1C,OK
0x4F48,0x2748,0A,40,5,0x00D780,0x0B7,0x00D837,0x0349,36,A5,BB,OK
0x4F47,0x2747,0A,40,5,0x00D780,0x0B8,0x00D838,0x0348,36,1F,34,OK
0x4F46,0x2746,0A,40,5,0x00D780,0x0B9,0x00D839,0x0347,36,51,65,OK
0x4F45,0x2745,0A,40,5,0x00D780,0x0BA,0x00D83A,0x0346,36,25,38,OK
0x4F44,0x2744,0A,40,5,0x00D780,0x0BB,0x00D83B,0x0345,36,08,1A,OK
0x4F43,0x2743,0A,40,5,0x00D780,0x0BC,0x00D83C,0x0344,36,04,15,OK
0x4F42,0x2742,0A,40,5,0x00D780,0x0BD,0x00D83D,0x0343,36,82,92,OK
0x4F41,0x2741,0A,40,5,0x00D780,0x0BE,0x00D83E,0x0342,36,0C,1B,OK
0x4F40,0x2740,0A,40,5,0x00D780,0x0BF,0x00D83F,0x0341,36,04,12,OK
0x4F3F,0x273F,0A,40,5,0x00D780,0x0C0,0x00D840,0x0340,36,29,36,OK
0x4F3E,0x273E,0A,40,5,0x00D780,0x0C1,0x00D841,0x033F,36,20,2C,OK
0x4F3D,0x273D,0A,40,5,0x00D780,0x0C2,0x00D842,0x033E,36,70,7B,OK
0x4F3C,0x273C,0A,40,5,0x00D780,0x0C3,0x00D843,0x033D,36,21,2B,OK
0x4F3B,0x273B,0A,40,5,0x00D780,0x0C4,0x00D844,0x033C,36,8A,93,OK
0x4F3A,0x273A,0A,40,5,0x00D780,0x0C5,0x00D845,0x033B,36,40,48,OK
0x4F39,0x2739,0A,40,5,0x00D780,0x0C6,0x00D846,0x033A,36,20,27,OK
0x4F38,0x2738,0A,40,5,0x00D780,0x0C7,0x00D847,0x0339,36,81,87,OK
0x4F37,0x2737,0A,40,5,0x00D780,0x0C8,0x00D848,0x0338,36,88,8D,OK
0x4F36,0x2736,0A,40,5,0x00D780,0x0C9,0x00D849,0x0337,36,8A,8E,OK
0x4F35,0x2735,0A,40,5,0x00D780,0x0CA,0x00D84A,0x0336,36,28,2B,OK
0x4F34,0x2734,0A,40,5,0x00D780,0x0CB,0x00D84B,0x0335,36,88,8A,OK
0x4F33,0x2733,0A,40,5,0x00D780,0x0CC,0x00D84C,0x0334,36,20,21,OK
0x4F32,0x2732,0A,40,5,0x00D780,0x0CD,0x00D84D,0x0333,36,00,00,OK
0x4F31,0x2731,0A,40,5,0x00D780,0x0CE,0x00D84E,0x0332,36,2A,29,OK
0x4F30,0x2730,0A,40,5,0x00D780,0x0CF,0x00D84F,0x0331,36,00,FE,OK
0x4F2F,0x272F,0A,40,5,0x00D780,0x0D0,0x00D850,0x0330,36,82,7F,OK
0x4F2E,0x272E,0A,40,5,0x00D780,0x0D1,0x00D851,0x032F,36,88,84,OK
0x4F2D,0x272D,0A,40,5,0x00D780,0x0D2,0x00D852,0x032E,36,A2,9D,OK
0x4F2C,0x272C,0A,40,5,0x00D780,0x0D3,0x00D853,0x032D,36,09,03,OK
0x4F2B,0x272B,0A,40,5,0x00D780,0x0D4,0x00D854,0x032C,36,88,81,OK
0x4F2A,0x272A,0A,40,5,0x00D780,0x0D5,0x00D855,0x032B,36,A2,9A,OK
0x4F29,0x2729,0A,40,5,0x00D780,0x0D6,0x00D856,0x032A,36,00,F7,OK
0x4F28,0x2728,0A,40,5,0x00D780,0x0D7,0x00D857,0x0329,36,A2,98,OK
0x4F27,0x2727,0A,40,5,0x00D780,0x0D8,0x00D858,0x0328,36,22,17,OK
0x4F26,0x2726,0A,40,5,0x00D780,0x0D9,0x00D859,0x0327,36,08,FC,OK
0x4F25,0x2725,0A,40,5,0x00D780,0x0DA,0x00D85A,0x0326,36,04,F7,OK
0x4F24,0x2724,0A,40,5,0x00D780,0x0DB,0x00D85B,0x0325,36,00,F2,OK
0x4F23,0x2723,0A,40,5,0x00D780,0x0DC,0x00D85C,0x0324,36,8A,7B,OK
0x4F22,0x2722,0A,40,5,0x00D780,0x0DD,0x00D85D,0x0323,36,02,F2,OK
0x4F21,0x2721,0A,40,5,0x00D780,0x0DE,0x00D85E,0x0322,36,05,F4,OK
0x4F20,0x2720,0A,40,5,0x00D780,0x0DF,0x00D85F,0x0321,36,28,16,OK
0x4F1F,0x271F,0A,40,5,0x00D780,0x0E0,0x00D860,0x0320,36,82,6F,OK
0x4F1E,0x271E,0A,40,5,0x00D780,0x0E1,0x00D861,0x031F,36,00,EC,OK
0x4F1D,0x271D,0A,40,5,0x00D780,0x0E2,0x00D862,0x031E,36,A0,8B,OK
0x4F1C,0x271C,0A,40,5,0x00D780,0x0E3,0x00D863,0x031D,36,28,12,OK
0x4F1B,0x271B,0A,40,5,0x00D780,0x0E4,0x00D864,0x031C,36,AA,93,OK
0x4F1A,0x271A,0A,40,5,0x00D780,0x0E5,0x00D865,0x031B,36,A8,90,OK
0x4F19,0x2719,0A,40,5,0x00D780,0x0E6,0x00D866,0x031A,36,8A,71,OK
0x4F18,0x2718,0A,40,5,0x00D780,0x0E7,0x00D867,0x0319,36,05,EB,OK
0x4F17,0x2717,0A,40,5,0x00D780,0x0E8,0x00D868,0x0318,36,22,07,OK
0x4F16,0x2716,0A,40,5,0x00D780,0x0E9,0x00D869,0x0317,36,A0,84,OK
0x4F15,0x2715,0A,40,5,0x00D780,0x0EA,0x00D86A,0x0316,36,88,6B,OK
0x4F14,0x2714,0A,40,5,0x00D780,0x0EB,0x00D86B,0x0315,36,00,E2,OK
0x4F13,0x2713,0A,40,5,0x00D780,0x0EC,0x00D86C,0x0314,36,2A,0B,OK
0x4F12,0x2712,0A,40,5,0x00D780,0x0ED,0x00D86D,0x0313,36,82,62,OK
0x4F11,0x2711,0A,40,5,0x00D780,0x0EE,0x00D86E,0x0312,36,28,07,OK
0x4F10,0x2710,0A,40,5,0x00D780,0x0EF,0x00D86F,0x0311,36,80,5E,OK
0x4F0F,0x270F,0A,40,5,0x00D780,0x0F0,0x00D870,0x0310,36,08,E5,OK
0x4F0E,0x270E,0A,40,5,0x00D780,0x0F1,0x00D871,0x030F,36,04,E0,OK
0x4F0D,0x270D,0A,40,5,0x00D780,0x0F2,0x00D872,0x030E,36,2A,05,OK
0x4F0C,0x270C,0A,40,5,0x00D780,0x0F3,0x00D873,0x030D,36,28,02,OK
0x4F0B,0x270B,0A,40,5,0x00D780,0x0F4,0x00D874,0x030C,36,22,FB,OK
0x4F0A,0x270A,0A,40,5,0x00D780,0x0F5,0x00D875,0x030B,36,82,5A,OK
0x4F09,0x2709,0A,40,5,0x00D780,0x0F6,0x00D876,0x030A,36,08,DF,OK
0x4F08,0x2708,0A,40,5,0x00D780,0x0F7,0x00D877,0x0309,36,04,DA,OK
0x4F07,0x2707,0A,40,5,0x00D780,0x0F8,0x00D878,0x0308,36,28,FD,OK
0x4F06,0x2706,0A,40,5,0x00D780,0x0F9,0x00D879,0x0307,36,00,D4,OK
0x4F05,0x2705,0A,40,5,0x00D780,0x0FA,0x00D87A,0x0306,36,05,D8,OK
0x4F04,0x2704,0A,40,5,0x00D780,0x0FB,0x00D87B,0x0305,36,82,54,OK
0x4F03,0x2703,0A,40,5,0x00D780,0x0FC,0x00D87C,0x0304,36,88,59,OK
0x4F02,0x2702,0A,40,5,0x00D780,0x0FD,0x00D87D,0x0303,36,02,D2,OK
0x4F01,0x2701,0A,40,5,0x00D780,0x0FE,0x00D87E,0x0302,36,04,D3,OK
0x4F00,0x2700,0A,40,5,0x00D780,0x0FF,0x00D87F,0x0301,36,AA,78,OK
0x4EFF,0x26FF,0A,40,5,0x00D780,0x100,0x00D880,0x0300,36,08,D5,OK
0x4EFE,0x26FE,0A,40,5,0x00D780,0x101,0x00D881,0x02FF,36,04,CF,OK
0x4EFD,0x26FD,0A,40,5,0x00D780,0x102,0x00D882,0x02FE,36,0A,D4,OK
0x4EFC,0x26FC,0A,40,5,0x00D780,0x103,0x00D883,0x02FD,36,04,CD,OK
0x4EFB,0x26FB,0A,40,5,0x00D780,0x104,0x00D884,0x02FC,36,A8,70,OK
0x4EFA,0x26FA,0A,40,5,0x00D780,0x105,0x00D885,0x02FB,36,20,E7,OK
0x4EF9,0x26F9,0A,40,5,0x00D780,0x106,0x00D886,0x02FA,36,80,46,OK
0x4EF8,0x26F8,0A,40,5,0x00D780,0x107,0x00D887,0x02F9,36,88,4D,OK
0x4EF7,0x26F7,0A,40,5,0x00D780,0x108,0x00D888,0x02F8,36,A2,66,OK
0x4EF6,0x26F6,0A,40,5,0x00D780,0x109,0x00D889,0x02F7,36,22,E5,OK
0x4EF5,0x26F5,0A,40,5,0x00D780,0x10A,0x00D88A,0x02F6,36,80,42,OK
0x4EF4,0x26F4,0A,40,5,0x00D780,0x10B,0x00D88B,0x02F5,36,84,45,OK
0x4EF3,0x26F3,0A,40,5,0x00D780,0x10C,0x00D88C,0x02F4,36,AA,6A,OK
0x4EF2,0x26F2,0A,40,5,0x00D780,0x10D,0x00D88D,0x02F3,36,02,C1,OK
0x4EF1,0x26F1,0A,40,5,0x00D780,0x10E,0x00D88E,0x02F2,36,04,C2,OK
0x4EF0,0x26F0,0A,40,5,0x00D780,0x10F,0x00D88F,0x02F1,36,42,FF,OK
0x4EEF,0x26EF,0A,40,5,0x00D780,0x110,0x00D890,0x02F0,36,24,E0,OK
0x4EEE,0x26EE,0A,40,5,0x00D780,0x111,0x00D891,0x02EF,36,7C,37,OK
0x4EED,0x26ED,0A,40,5,0x00D780,0x112,0x00D892,0x02EE,36,14,CE,OK
0x4EEC,0x26EC,0A,40,5,0x00D780,0x113,0x00D893,0x02ED,36,10,C9,OK
0x4EEB,0x26EB,0A,40,5,0x00D780,0x114,0x00D894,0x02EC,36,40,F8,OK
0x4EEA,0x26EA,0A,40,5,0x00D780,0x115,0x00D895,0x02EB,36,05,BC,OK
0x4EE9,0x26E9,0A,40,5,0x00D780,0x116,0x00D896,0x02EA,36,04,BA,OK
0x4EE8,0x26E8,0A,40,5,0x00D780,0x117,0x00D897,0x02E9,36,00,B5,OK
0x4EE7,0x26E7,0A,40,5,0x00D780,0x118,0x00D898,0x02E8,36,01,B5,OK
0x4EE6,0x26E6,0A,40,5,0x00D780,0x119,0x00D899,0x02E7,36,11,C4,OK
0x4EE5,0x26E5,0A,40,5,0x00D780,0x11A,0x00D89A,0x02E6,36,71,23,OK
0x4EE4,0x26E4,0A,40,5,0x00D780,0x11B,0x00D89B,0x02E5,36,41,F2,OK
0x4EE3,0x26E3,0A,40,5,0x00D780,0x11C,0x00D89C,0x02E4,36,04,B4,OK
0x4EE2,0x26E2,0A,40,5,0x00D780,0x11D,0x00D89D,0x02E3,36,04,B3,OK
0x4EE1,0x26E1,0A,40,5,0x00D780,0x11E,0x00D89E,0x02E2,36,01,AF,OK
0x4EE0,0x26E0,0A,40,5,0x00D780,0x11F,0x00D89F,0x02E1,36,00,AD,OK
0x4EDF,0x26DF,0A,40,5,0x00D780,0x120,0x00D8A0,0x02E0,36,06,B2,OK
0x4EDE,0x26DE,0A,40,5,0x00D780,0x121,0x00D8A1,0x02DF,36,01,AC,OK
0x4EDD,0x26DD,0A,40,5,0x00D780,0x122,0x00D8A2,0x02DE,36,00,AA,OK
0x4EDC,0x26DC,0A,40,5,0x00D780,0x123,0x00D8A3,0x02DD,36,08,B1,OK
0x4EDB,0x26DB,0A,40,5,0x00D780,0x124,0x00D8A4,0x02DC,36,05,AD,OK
0x4EDA,0x26DA,0A,40,5,0x00D780,0x125,0x00D8A5,0x02DB,36,04,AB,OK
0x4ED9,0x26D9,0A,40,5,0x00D780,0x126,0x00D8A6,0x02DA,36,11,B7,OK
0x4ED8,0x26D8,0A,40,5,0x00D780,0x127,0x00D8A7,0x02D9,36,04,A9,OK
0x4ED7,0x26D7,0A,40,5,0x00D780,0x128,0x00D8A8,0x02D8,36,04,A8,OK
0x4ED6,0x26D6,0A,40,5,0x00D780,0x129,0x00D8A9,0x02D7,36,11,B4,OK
0x4ED5,0x26D5,0A,40,5,0x00D780,0x12A,0x00D8AA,0x02D6,36,04,A6,OK
0x4ED4,0x26D4,0A,40,5,0x00D780,0x12B,0x00D8AB,0x02D5,36,04,A5,OK
0x4ED3,0x26D3,0A,40,5,0x00D780,0x12C,0x00D8AC,0x02D4,36,00,A0,OK
0x4ED2,0x26D2,0A,40,5,0x00D780,0x12D,0x00D8AD,0x02D3,36,01,A0,OK
0x4ED1,0x26D1,0A,40,5,0x00D780,0x12E,0x00D8AE,0x02D2,36,00,9E,OK
0x4ED0,0x26D0,0A,40,5,0x00D780,0x12F,0x00D8AF,0x02D1,36,05,A2,OK
0x4ECF,0x26CF,0A,40,5,0x00D780,0x130,0x00D8B0,0x02D0,36,10,AC,OK
0x4ECE,0x26CE,0A,40,5,0x00D780,0x131,0x00D8B1,0x02CF,36,05,A0,OK
0x4ECD,0x26CD,0A,40,5,0x00D780,0x132,0x00D8B2,0x02CE,36,05,9F,OK
0x4ECC,0x26CC,0A,40,5,0x00D780,0x133,0x00D8B3,0x02CD,36,04,9D,OK
0x4ECB,0x26CB,0A,40,5,0x00D780,0x134,0x00D8B4,0x02CC,36,05,9D,OK
0x4ECA,0x26CA,0A,40,5,0x00D780,0x135,0x00D8B5,0x02CB,36,14,AB,OK
0x4EC9,0x26C9,0A,40,5,0x00D780,0x136,0x00D8B6,0x02CA,36,50,E6,OK
0x4EC8,0x26C8,0A,40,5,0x00D780,0x137,0x00D8B7,0x02C9,36,10,A5,OK
0x4EC7,0x26C7,0A,40,5,0x00D780,0x138,0x00D8B8,0x02C8,36,05,99,OK
0x4EC6,0x26C6,0A,40,5,0x00D780,0x139,0x00D8B9,0x02C7,36,15,A8,OK
0x4EC5,0x26C5,0A,40,5,0x00D780,0x13A,0x00D8BA,0x02C6,36,04,96,OK
0x4EC4,0x26C4,0A,40,5,0x00D780,0x13B,0x00D8BB,0x02C5,36,04,95,OK
0x4EC3,0x26C3,0A,40,5,0x00D780,0x13C,0x00D8BC,0x02C4,36,41,D1,OK
0x4EC2,0x26C2,0A,40,5,0x00D780,0x13D,0x00D8BD,0x02C3,36,01,90,OK
0x4EC1,0x26C1,0A,40,5,0x00D780,0x13E,0x00D8BE,0x02C2,36,51,DF,OK
0x4EC0,0x26C0,0A,40,5,0x00D780,0x13F,0x00D8BF,0x02C1,36,00,8D,OK
0x4EBF,0x26BF,0A,40,5,0x00D780,0x140,0x00D8C0,0x02C0,36,10,9C,OK
0x4EBE,0x26BE,0A,40,5,0x00D780,0x141,0x00D8C1,0x02BF,36,11,9C,OK
0x4EBD,0x26BD,0A,40,5,0x00D780,0x142,0x00D8C2,0x02BE,36,15,9F,OK
0x4EBC,0x26BC,0A,40,5,0x00D780,0x143,0x00D8C3,0x02BD,36,10,99,OK
0x4EBB,0x26BB,0A,40,5,0x00D780,0x144,0x00D8C4,0x02BC,36,41,C9,OK
0x4EBA,0x26BA,0A,40,5,0x00D780,0x145,0x00D8C5,0x02BB,36,04,8B,OK
0x4EB9,0x26B9,0A,40,5,0x00D780,0x146,0x00D8C6,0x02BA,36,04,8A,OK
0x4EB8,0x26B8,0A,40,5,0x00D780,0x147,0x00D8C7,0x02B9,36,05,8A,OK
0x4EB7,0x26B7,0A,40,5,0x00D780,0x148,0x00D8C8,0x02B8,36,04,88,OK
0x4EB6,0x26B6,0A,40,5,0x00D780,0x149,0x00D8C9,0x02B7,36,04,87,OK
0x4EB5,0x26B5,0A,40,5,0x00D780,0x14A,0x00D8CA,0x02B6,36,04,86,OK
0x4EB4,0x26B4,0A,40,5,0x00D780,0x14B,0x00D8CB,0x02B5,36,50,D1,OK
0x4EB3,0x26B3,0A,40,5,0x00D780,0x14C,0x00D8CC,0x02B4,36,04,84,OK
0x4EB2,0x26B2,0A,40,5,0x00D780,0x14D,0x00D8CD,0x02B3,36,04,83,OK
0x4EB1,0x26B1,0A,40,5,0x00D780,0x14E,0x00D8CE,0x02B2,36,44,C2,OK
0x4EB0,0x26B0,0A,40,5,0x00D780,0x14F,0x00D8CF,0x02B1,36,10,8D,OK
0x4EAF,0x26AF,0A,40,5,0x00D780,0x150,0x00D8D0,0x02B0,36,11,8D,OK
0x4EAE,0x26AE,0A,40,5,0x00D780,0x151,0x00D8D1,0x02AF,36,04,7F,OK
0x4EAD,0x26AD,0A,40,5,0x00D780,0x152,0x00D8D2,0x02AE,36,04,7E,OK
0x4EAC,0x26AC,0A,40,5,0x00D780,0x153,0x00D8D3,0x02AD,36,45,BE,OK
0x4EAB,0x26AB,0A,40,5,0x00D780,0x154,0x00D8D4,0x02AC,36,40,B8,OK
0x4EAA,0x26AA,0A,40,5,0x00D780,0x155,0x00D8D5,0x02AB,36,00,77,OK
0x4EA9,0x26A9,0A,40,5,0x00D780,0x156,0x00D8D6,0x02AA,36,05,7B,OK
0x4EA8,0x26A8,0A,40,5,0x00D780,0x157,0x00D8D7,0x02A9,36,55,CA,OK
0x4EA7,0x26A7,0A,40,5,0x00D780,0x158,0x00D8D8,0x02A8,36,05,79,OK
0x4EA6,0x26A6,0A,40,5,0x00D780,0x159,0x00D8D9,0x02A7,36,04,77,OK
0x4EA5,0x26A5,0A,40,5,0x00D780,0x15A,0x00D8DA,0x02A6,36,04,76,OK
0x4EA4,0x26A4,0A,40,5,0x00D780,0x15B,0x00D8DB,0x02A5,36,04,75,OK
0x4EA3,0x26A3,0A,40,5,0x00D780,0x15C,0x00D8DC,0x02A4,36,50,C0,OK
0x4EA2,0x26A2,0A,40,5,0x00D780,0x15D,0x00D8DD,0x02A3,36,44,B3,OK
0x4EA1,0x26A1,0A,40,5,0x00D780,0x15E,0x00D8DE,0x02A2,36,45,B3,OK
0x4EA0,0x26A0,0A,40,5,0x00D780,0x15F,0x00D8DF,0x02A1,36,50,BD,OK
0x4E9F,0x269F,0A,40,5,0x00D780,0x160,0x00D8E0,0x02A0,36,00,6C,OK
0x4E9E,0x269E,0A,40,5,0x00D780,0x161,0x00D8E1,0x029F,36,04,6F,OK
0x4E9D,0x269D,0A,40,5,0x00D780,0x162,0x00D8E2,0x029E,36,04,6E,OK
0x4E9C,0x269C,0A,40,5,0x00D780,0x163,0x00D8E3,0x029D,36,40,A9,OK
0x4E9B,0x269B,0A,40,5,0x00D780,0x164,0x00D8E4,0x029C,36,50,B8,OK
0x4E9A,0x269A,0A,40,5,0x00D780,0x165,0x00D8E5,0x029B,36,05,6C,OK
0x4E99,0x2699,0A,40,5,0x00D780,0x166,0x00D8E6,0x029A,36,42,A8,OK
0x4E98,0x2698,0A,40,5,0x00D780,0x167,0x00D8E7,0x0299,36,53,B8,OK
0x4E97,0x2697,0A,40,5,0x00D780,0x168,0x00D8E8,0x0298,36,3D,A1,OK
0x4E96,0x2696,0A,40,5,0x00D780,0x169,0x00D8E9,0x0297,36,0A,6D,OK
0x4E95,0x2695,0A,40,5,0x00D780,0x16A,0x00D8EA,0x0296,36,04,66,OK
0x4E94,0x2694,0A,40,5,0x00D780,0x16B,0x00D8EB,0x0295,36,00,61,OK
0x4E93,0x2693,0A,40,5,0x00D780,0x16C,0x00D8EC,0x0294,36,88,E8,OK
0x4E92,0x2692,0A,40,5,0x00D780,0x16D,0x00D8ED,0x0293,36,82,E1,OK
0x4E91,0x2691,0A,40,5,0x00D780,0x16E,0x00D8EE,0x0292,36,00,5E,OK
0x4E90,0x2690,0A,40,5,0x00D780,0x16F,0x00D8EF,0x0291,36,05,62,OK
0x4E8F,0x268F,0A,40,5,0x00D780,0x170,0x00D8F0,0x0290,36,A0,FC,OK
0x4E8E,0x268E,0A,40,5,0x00D780,0x171,0x00D8F1,0x028F,36,00,5B,OK
0x4E8D,0x268D,0A,40,5,0x00D780,0x172,0x00D8F2,0x028E,36,02,5C,OK
0x4E8C,0x268C,0A,40,5,0x00D780,0x173,0x00D8F3,0x028D,36,04,5D,OK
0x4E8B,0x268B,0A,40,5,0x00D780,0x174,0x00D8F4,0x028C,36,20,78,OK
0x4E8A,0x268A,0A,40,5,0x00D780,0x175,0x00D8F5,0x028B,36,AA,01,OK
0x4E89,0x2689,0A,40,5,0x00D780,0x176,0x00D8F6,0x028A,36,00,56,OK
0x4E88,0x2688,0A,40,5,0x00D780,0x177,0x00D8F7,0x0289,36,02,57,OK
0x4E87,0x2687,0A,40,5,0x00D780,0x178,0x00D8F8,0x0288,36,04,58,OK
0x4E86,0x2686,0A,40,5,0x00D780,0x179,0x00D8F9,0x0287,36,8A,DD,OK
0x4E85,0x2685,0A,40,5,0x00D780,0x17A,0x00D8FA,0x0286,36,20,72,OK
0x4E84,0x2684,0A,40,5,0x00D780,0x17B,0x00D8FB,0x0285,36,02,53,OK
0x4E83,0x2683,0A,40,5,0x00D780,0x17C,0x00D8FC,0x0284,36,04,54,OK
0x4E82,0x2682,0A,40,5,0x00D780,0x17D,0x00D8FD,0x0283,36,88,D7,OK
0x4E81,0x2681,0A,40,5,0x00D780,0x17E,0x00D8FE,0x0282,36,28,76,OK
0x4E80,0x2680,0A,40,5,0x00D780,0x17F,0x00D8FF,0x0281,36,02,4F,OK
0x4E7F,0x267F,0A,40,5,0x00D780,0x180,0x00D900,0x0280,36,04,50,OK
0x4E7E,0x267E,0A,40,5,0x00D780,0x181,0x00D901,0x027F,36,00,4B,OK
0x4E7D,0x267D,0A,40,5,0x00D780,0x182,0x00D902,0x027E,36,A0,EA,OK
0x4E7C,0x267C,0A,40,5,0x00D780,0x183,0x00D903,0x027D,36,00,49,OK
0x4E7B,0x267B,0A,40,5,0x00D780,0x184,0x00D904,0x027C,36,82,CA,OK
0x4E7A,0x267A,0A,40,5,0x00D780,0x185,0x00D905,0x027B,36,00,47,OK
0x4E79,0x2679,0A,40,5,0x00D780,0x186,0x00D906,0x027A,36,08,4E,OK
0x4E78,0x2678,0A,40,5,0x00D780,0x187,0x00D907,0x0279,36,03,48,OK
0x4E77,0x2677,0A,40,5,0x00D780,0x188,0x00D908,0x0278,36,88,CC,OK
0x4E76,0x2676,0A,40,5,0x00D780,0x189,0x00D909,0x0277,36,28,6B,OK
0x4E75,0x2675,0A,40,5,0x00D780,0x18A,0x00D90A,0x0276,36,00,42,OK
0x4E74,0x2674,0A,40,5,0x00D780,0x18B,0x00D90B,0x0275,36,07,48,OK
0x4E73,0x2673,0A,40,5,0x00D780,0x18C,0x00D90C,0x0274,36,20,60,OK
0x4E72,0x2672,0A,40,5,0x00D780,0x18D,0x00D90D,0x0273,36,00,3F,OK
0x4E71,0x2671,0A,40,5,0x00D780,0x18E,0x00D90E,0x0272,36,02,40,OK
0x4E70,0x2670,0A,40,5,0x00D780,0x18F,0x00D90F,0x0271,36,04,41,OK
0x4E6F,0x266F,0A,40,5,0x00D780,0x190,0x00D910,0x0270,36,00,3C,OK
0x4E6E,0x266E,0A,40,5,0x00D780,0x191,0x00D911,0x026F,36,AA,E5,OK
0x4E6D,0x266D,0A,40,5,0x00D780,0x192,0x00D912,0x026E,36,28,62,OK
0x4E6C,0x266C,0A,40,5,0x00D780,0x193,0x00D913,0x026D,36,80,B9,OK
0x4E6B,0x266B,0A,40,5,0x00D780,0x194,0x00D914,0x026C,36,20,58,OK
0x4E6A,0x266A,0A,40,5,0x00D780,0x195,0x00D915,0x026B,36,80,B7,OK
0x4E69,0x2669,0A,40,5,0x00D780,0x196,0x00D916,0x026A,36,28,5E,OK
0x4E68,0x2668,0A,40,5,0x00D780,0x197,0x00D917,0x0269,36,00,35,OK
0x4E67,0x2667,0A,40,5,0x00D780,0x198,0x00D918,0x0268,36,06,3A,OK
0x4E66,0x2666,0A,40,5,0x00D780,0x199,0x00D919,0x0267,36,09,3C,OK
0x4E65,0x2665,0A,40,5,0x00D780,0x19A,0x00D91A,0x0266,36,00,32,OK
0x4E64,0x2664,0A,40,5,0x00D780,0x19B,0x00D91B,0x0265,36,05,36,OK
0x4E63,0x2663,0A,40,5,0x00D780,0x19C,0x00D91C,0x0264,36,0A,3A,OK
0x4E62,0x2662,0A,40,5,0x00D780,0x19D,0x00D91D,0x0263,36,04,33,OK
0x4E61,0x2661,0A,40,5,0x00D780,0x19E,0x00D91E,0x0262,36,00,2E,OK
0x4E60,0x2660,0A,40,5,0x00D780,0x19F,0x00D91F,0x0261,36,8A,B7,OK
0x4E5F,0x265F,0A,40,5,0x00D780,0x1A0,0x00D920,0x0260,36,80,AC,OK
0x4E5E,0x265E,0A,40,5,0x00D780,0x1A1,0x00D921,0x025F,36,8A,B5,OK
0x4E5D,0x265D,0A,40,5,0x00D780,0x1A2,0x00D922,0x025E,36,80,AA,OK
0x4E5C,0x265C,0A,40,5,0x00D780,0x1A3,0x00D923,0x025D,36,00,29,OK
0x4E5B,0x265B,0A,40,5,0x00D780,0x1A4,0x00D924,0x025C,36,80,A8,OK
0x4E5A,0x265A,0A,40,5,0x00D780,0x1A5,0x00D925,0x025B,36,8A,B1,OK
0x4E59,0x2659,0A,40,5,0x00D780,0x1A6,0x00D926,0x025A,36,A0,C6,OK
0x4E58,0x2658,0A,40,5,0x00D780,0x1A7,0x00D927,0x0259,36,05,2A,OK
0x4E57,0x2657,0A,40,5,0x00D780,0x1A8,0x00D928,0x0258,36,00,24,OK
0x4E56,0x2656,0A,40,5,0x00D780,0x1A9,0x00D929,0x0257,36,80,A3,OK
0x4E55,0x2655,0A,40,5,0x00D780,0x1AA,0x00D92A,0x0256,36,08,2A,OK
0x4E54,0x2654,0A,40,5,0x00D780,0x1AB,0x00D92B,0x0255,36,04,25,OK
0x4E53,0x2653,0A,40,5,0x00D780,0x1AC,0x00D92C,0x0254,36,02,22,OK
0x4E52,0x2652,0A,40,5,0x00D780,0x1AD,0x00D92D,0x0253,36,04,23,OK
0x4E51,0x2651,0A,40,5,0x00D780,0x1AE,0x00D92E,0x0252,36,82,A0,OK
0x4E50,0x2650,0A,40,5,0x00D780,0x1AF,0x00D92F,0x0251,36,02,1F,OK
0x4E4F,0x264F,0A,40,5,0x00D780,0x1B0,0x00D930,0x0250,36,04,20,OK
0x4E4E,0x264E,0A,40,5,0x00D780,0x1B1,0x00D931,0x024F,36,00,1B,OK
0x4E4D,0x264D,0A,40,5,0x00D780,0x1B2,0x00D932,0x024E,36,05,1F,OK
0x4E4C,0x264C,0A,40,5,0x00D780,0x1B3,0x00D933,0x024D,36,02,1B,OK
0x4E4B,0x264B,0A,40,5,0x00D780,0x1B4,0x00D934,0x024C,36,04,1C,OK
0x4E4A,0x264A,0A,40,5,0x00D780,0x1B5,0x00D935,0x024B,36,08,1F,OK
0x4E49,0x2649,0A,40,5,0x00D780,0x1B6,0x00D936,0x024A,36,05,1B,OK
0x4E48,0x2648,0A,40,5,0x00D780,0x1B7,0x00D937,0x0249,36,8A,9F,OK
0x4E47,0x2647,0A,40,5,0x00D780,0x1B8,0x00D938,0x0248,36,40,54,OK
0x4E46,0x2646,0A,40,5,0x00D780,0x1B9,0x00D939,0x0247,36,13,26,OK
0x4E45,0x2645,0A,40,5,0x00D780,0x1BA,0x00D93A,0x0246,36,15,27,OK
0x4E44,0x2644,0A,40,5,0x00D780,0x1BB,0x00D93B,0x0245,36,00,11,OK
0x4E43,0x2643,0A,40,5,0x00D780,0x1BC,0x00D93C,0x0244,36,40,50,OK
0x4E42,0x2642,0A,40,5,0x00D780,0x1BD,0x00D93D,0x0243,36,00,0F,OK
0x4E41,0x2641,0A,40,5,0x00D780,0x1BE,0x00D93E,0x0242,36,15,23,OK
0x4E40,0x2640,0A,40,5,0x00D780,0x1BF,0x00D93F,0x0241,36,01,0E,OK
0x4E3F,0x263F,0A,40,5,0x00D780,0x1C0,0x00D940,0x0240,36,00,0C,OK
0x4E3E,0x263E,0A,40,5,0x00D780,0x1C1,0x00D941,0x023F,36,05,10,OK
0x4E3D,0x263D,0A,40,5,0x00D780,0x1C2,0x00D942,0x023E,36,04,0E,OK
0x4E3C,0x263C,0A,40,5,0x00D780,0x1C3,0x00D943,0x023D,36,04,0D,OK
0x4E3B,0x263B,0A,40,5,0x00D780,0x1C4,0x00D944,0x023C,36,00,08,OK
0x4E3A,0x263A,0A,40,5,0x00D780,0x1C5,0x00D945,0x023B,36,04,0B,OK
0x4E39,0x2639,0A,40,5,0x00D780,0x1C6,0x00D946,0x023A,36,04,0A,OK
0x4E38,0x2638,0A,40,5,0x00D780,0x1C7,0x00D947,0x0239,36,00,05,OK
0x4E37,0x2637,0A,40,5,0x00D780,0x1C8,0x00D948,0x0238,36,14,18,OK
0x4E36,0x2636,0A,40,5,0x00D780,0x1C9,0x00D949,0x0237,36,09,0C,OK
0x4E35,0x2635,0A,40,5,0x00D780,0x1CA,0x00D94A,0x0236,36,40,42,OK
0x4E34,0x2634,0A,40,5,0x00D780,0x1CB,0x00D94B,0x0235,36,00,01,OK
0x4E33,0x2633,0A,40,5,0x00D780,0x1CC,0x00D94C,0x0234,36,04,04,OK
0x4E32,0x2632,0A,40,5,0x00D780,0x1CD,0x00D94D,0x0233,36,04,03,OK
0x4E31,0x2631,0A,40,5,0x00D780,0x1CE,0x00D94E,0x0232,36,0A,08,OK
0x4E30,0x2630,0A,40,5,0x00D780,0x1CF,0x00D94F,0x0231,36,40,3D,OK
0x4E2F,0x262F,0A,40,5,0x00D780,0x1D0,0x00D950,0x0230,36,00,FC,OK
0x4E2E,0x262E,0A,40,5,0x00D780,0x1D1,0x00D951,0x022F,36,01,FC,OK
0x4E2D,0x262D,0A,40,5,0x00D780,0x1D2,0x00D952,0x022E,36,00,FA,OK
0x4E2C,0x262C,0A,40,5,0x00D780,0x1D3,0x00D953,0x022D,36,05,FE,OK
0x4E2B,0x262B,0A,40,5,0x00D780,0x1D4,0x00D954,0x022C,36,04,FC,OK
0x4E2A,0x262A,0A,40,5,0x00D780,0x1D5,0x00D955,0x022B,36,00,F7,OK
0x4E29,0x2629,0A,40,5,0x00D780,0x1D6,0x00D956,0x022A,36,04,FA,OK
0x4E28,0x2628,0A,40,5,0x00D780,0x1D7,0x00D957,0x0229,36,04,F9,OK
0x4E27,0x2627,0A,40,5,0x00D780,0x1D8,0x00D958,0x0228,36,0A,FE,OK
0x4E26,0x2626,0A,40,5,0x00D780,0x1D9,0x00D959,0x0227,36,40,33,OK
0x4E25,0x2625,0A,40,5,0x00D780,0x1DA,0x00D95A,0x0226,36,01,F3,OK
0x4E24,0x2624,0A,40,5,0x00D780,0x1DB,0x00D95B,0x0225,36,09,FA,OK
0x4E23,0x2623,0A,40,5,0x00D780,0x1DC,0x00D95C,0x0224,36,10,00,OK
0x4E22,0x2622,0A,40,5,0x00D780,0x1DD,0x00D95D,0x0223,36,00,EF,OK
0x4E21,0x2621,0A,40,5,0x00D780,0x1DE,0x00D95E,0x0222,36,05,F3,OK
0x4E20,0x2620,0A,40,5,0x00D780,0x1DF,0x00D95F,0x0221,36,40,2D,OK
0x4E1F,0x261F,0A,40,5,0x00D780,0x1E0,0x00D960,0x0220,36,01,ED,OK
0x4E1E,0x261E,0A,40,5,0x00D780,0x1E1,0x00D961,0x021F,36,09,F4,OK
0x4E1D,0x261D,0A,40,5,0x00D780,0x1E2,0x00D962,0x021E,36,04,EE,OK
0x4E1C,0x261C,0A,40,5,0x00D780,0x1E3,0x00D963,0x021D,36,04,ED,OK
0x4E1B,0x261B,0A,40,5,0x00D780,0x1E4,0x00D964,0x021C,36,00,E8,OK
0x4E1A,0x261A,0A,40,5,0x00D780,0x1E5,0x00D965,0x021B,36,40,27,OK
0x4E19,0x2619,0A,40,5,0x00D780,0x1E6,0x00D966,0x021A,36,04,EA,OK
0x4E18,0x2618,0A,40,5,0x00D780,0x1E7,0x00D967,0x0219,36,04,E9,OK
0x4E17,0x2617,0A,40,5,0x00D780,0x1E8,0x00D968,0x0218,36,45,29,OK
0x4E16,0x2616,0A,40,5,0x00D780,0x1E9,0x00D969,0x0217,36,00,E3,OK
0x4E15,0x2615,0A,40,5,0x00D780,0x1EA,0x00D96A,0x0216,36,06,E8,OK
0x4E14,0x2614,0A,40,5,0x00D780,0x1EB,0x00D96B,0x0215,36,40,21,OK
0x4E13,0x2613,0A,40,5,0x00D780,0x1EC,0x00D96C,0x0214,36,05,E5,OK
0x4E12,0x2612,0A,40,5,0x00D780,0x1ED,0x00D96D,0x0213,36,10,EF,OK
0x4E11,0x2611,0A,40,5,0x00D780,0x1EE,0x00D96E,0x0212,36,00,DE,OK
0x4E10,0x2610,0A,40,5,0x00D780,0x1EF,0x00D96F,0x0211,36,04,E1,OK
0x4E0F,0x260F,0A,40,5,0x00D780,0x1F0,0x00D970,0x0210,36,04,E0,OK
0x4E0E,0x260E,0A,40,5,0x00D780,0x1F1,0x00D971,0x020F,36,40,1B,OK
0x4E0D,0x260D,0A,40,5,0x00D780,0x1F2,0x00D972,0x020E,36,04,DE,OK
0x4E0C,0x260C,0A,40,5,0x00D780,0x1F3,0x00D973,0x020D,36,04,DD,OK
0x4E0B,0x260B,0A,40,5,0x00D780,0x1F4,0x00D974,0x020C,36,01,D9,OK
0x4E0A,0x260A,0A,40,5,0x00D780,0x1F5,0x00D975,0x020B,36,15,EC,OK
0x4E09,0x2609,0A,40,5,0x00D780,0x1F6,0x00D976,0x020A,36,04,DA,OK
0x4E08,0x2608,0A,40,5,0x00D780,0x1F7,0x00D977,0x0209,36,04,D9,OK
0x4E07,0x2607,0A,40,5,0x00D780,0x1F8,0x00D978,0x0208,36,00,D4,OK
0x4E06,0x2606,0A,40,5,0x00D780,0x1F9,0x00D979,0x0207,36,04,D7,OK
0x4E05,0x2605,0A,40,5,0x00D780,0x1FA,0x00D97A,0x0206,36,04,D6,OK
0x4E04,0x2604,0A,40,5,0x00D780,0x1FB,0x00D97B,0x0205,36,09,DA,OK
0x4E03,0x2603,0A,40,5,0x00D780,0x1FC,0x00D97C,0x0204,36,01,D1,OK
0x4E02,0x2602,0A,40,5,0x00D780,0x1FD,0x00D97D,0x0203,36,04,D3,OK
0x4E01,0x2601,0A,40,5,0x00D780,0x1FE,0x00D97E,0x0202,36,04,D2,OK
0x4E00,0x2600,0A,40,5,0x00D780,0x1FF,0x00D97F,0x0201,36,00,CD,OK
0x4DFF,0x25FF,0A,40,5,0x00D780,0x200,0x00D980,0x0200,36,15,E1,OK
0x4DFE,0x25FE,0A,40,5,0x00D780,0x201,0x00D981,0x01FF,36,45,0F,OK
0x4DFD,0x25FD,0A,40,5,0x00D780,0x202,0x00D982,0x01FE,36,05,CE,OK
0x4DFC,0x25FC,0A,40,5,0x00D780,0x203,0x00D983,0x01FD,36,04,CC,OK
0x4DFB,0x25FB,0A,40,5,0x00D780,0x204,0x00D984,0x01FC,36,11,D8,OK
0x4DFA,0x25FA,0A,40,5,0x00D780,0x205,0x00D985,0x01FB,36,05,CB,OK
0x4DF9,0x25F9,0A,40,5,0x00D780,0x206,0x00D986,0x01FA,36,01,C6,OK
0x4DF8,0x25F8,0A,40,5,0x00D780,0x207,0x00D987,0x01F9,36,04,C8,OK
0x4DF7,0x25F7,0A,40,5,0x00D780,0x208,0x00D988,0x01F8,36,04,C7,OK
0x4DF6,0x25F6,0A,40,5,0x00D780,0x209,0x00D989,0x01F7,36,40,02,OK
0x4DF5,0x25F5,0A,40,5,0x00D780,0x20A,0x00D98A,0x01F6,36,00,C1,OK
0x4DF4,0x25F4,0A,40,5,0x00D780,0x20B,0x00D98B,0x01F5,36,50,10,OK
0x4DF3,0x25F3,0A,40,5,0x00D780,0x20C,0x00D98C,0x01F4,36,05,C4,OK
0x4DF2,0x25F2,0A,40,5,0x00D780,0x20D,0x00D98D,0x01F3,36,04,C2,OK
0x4DF1,0x25F1,0A,40,5,0x00D780,0x20E,0x00D98E,0x01F2,36,02,BF,OK
0x4DF0,0x25F0,0A,40,5,0x00D780,0x20F,0x00D98F,0x01F1,36,04,C0,OK
0x4DEF,0x25EF,0A,40,5,0x00D780,0x210,0x00D990,0x01F0,36,00,BB,OK
0x4DEE,0x25EE,0A,40,5,0x00D780,0x211,0x00D991,0x01EF,36,80,3A,OK
0x4DED,0x25ED,0A,40,5,0x00D780,0x212,0x00D992,0x01EE,36,20,D9,OK
0x4DEC,0x25EC,0A,40,5,0x00D780,0x213,0x00D993,0x01ED,36,2A,E2,OK
0x4DEB,0x25EB,0A,40,5,0x00D780,0x214,0x00D994,0x01EC,36,00,B7,OK
0x4DEA,0x25EA,0A,40,5,0x00D780,0x215,0x00D995,0x01EB,36,82,38,OK
0x4DE9,0x25E9,0A,40,5,0x00D780,0x216,0x00D996,0x01EA,36,0A,BF,OK
0x4DE8,0x25E8,0A,40,5,0x00D780,0x217,0x00D997,0x01E9,36,04,B8,OK
0x4DE7,0x25E7,0A,40,5,0x00D780,0x218,0x00D998,0x01E8,36,20,D3,OK
0x4DE6,0x25E6,0A,40,5,0x00D780,0x219,0x00D999,0x01E7,36,00,B2,OK
0x4DE5,0x25E5,0A,40,5,0x00D780,0x21A,0x00D99A,0x01E6,36,80,31,OK
0x4DE4,0x25E4,0A,40,5,0x00D780,0x21B,0x00D99B,0x01E5,36,00,B0,OK
0x4DE3,0x25E3,0A,40,5,0x00D780,0x21C,0x00D99C,0x01E4,36,80,2F,OK
0x4DE2,0x25E2,0A,40,5,0x00D780,0x21D,0x00D99D,0x01E3,36,0A,B8,OK
0x4DE1,0x25E1,0A,40,5,0x00D780,0x21E,0x00D99E,0x01E2,36,02,AF,OK
0x4DE0,0x25E0,0A,40,5,0x00D780,0x21F,0x00D99F,0x01E1,36,04,B0,OK
0x4DDF,0x25DF,0A,40,5,0x00D780,0x220,0x00D9A0,0x01E0,36,87,32,OK
0x4DDE,0x25DE,0A,40,5,0x00D780,0x221,0x00D9A1,0x01DF,36,03,AD,OK
0x4DDD,0x25DD,0A,40,5,0x00D780,0x222,0x00D9A2,0x01DE,36,20,C9,OK
0x4DDC,0x25DC,0A,40,5,0x00D780,0x223,0x00D9A3,0x01DD,36,09,B1,OK
0x4DDB,0x25DB,0A,40,5,0x00D780,0x224,0x00D9A4,0x01DC,36,80,27,OK
0x4DDA,0x25DA,0A,40,5,0x00D780,0x225,0x00D9A5,0x01DB,36,00,A6,OK
0x4DD9,0x25D9,0A,40,5,0x00D780,0x226,0x00D9A6,0x01DA,36,06,AB,OK
0x4DD8,0x25D8,0A,40,5,0x00D780,0x227,0x00D9A7,0x01D9,36,80,24,OK
0x4DD7,0x25D7,0A,40,5,0x00D780,0x228,0x00D9A8,0x01D8,36,00,A3,OK
0x4DD6,0x25D6,0A,40,5,0x00D780,0x229,0x00D9A9,0x01D7,36,20,C2,OK
0x4DD5,0x25D5,0A,40,5,0x00D780,0x22A,0x00D9AA,0x01D6,36,08,A9,OK
0x4DD4,0x25D4,0A,40,5,0x00D780,0x22B,0x00D9AB,0x01D5,36,05,A5,OK
0x4DD3,0x25D3,0A,40,5,0x00D780,0x22C,0x00D9AC,0x01D4,36,09,A8,OK
0x4DD2,0x25D2,0A,40,5,0x00D780,0x22D,0x00D9AD,0x01D3,36,80,1E,OK
0x4DD1,0x25D1,0A,40,5,0x00D780,0x22E,0x00D9AE,0x01D2,36,20,BD,OK
0x4DD0,0x25D0,0A,40,5,0x00D780,0x22F,0x00D9AF,0x01D1,36,00,9C,OK
0x4DCF,0x25CF,0A,40,5,0x00D780,0x230,0x00D9B0,0x01D0,36,05,A0,OK
0x4DCE,0x25CE,0A,40,5,0x00D780,0x231,0x00D9B1,0x01CF,36,0A,A4,OK
0x4DCD,0x25CD,0A,40,5,0x00D780,0x232,0x00D9B2,0x01CE,36,04,9D,OK
0x4DCC,0x25CC,0A,40,5,0x00D780,0x233,0x00D9B3,0x01CD,36,A0,38,OK
0x4DCB,0x25CB,0A,40,5,0x00D780,0x234,0x00D9B4,0x01CC,36,00,97,OK
0x4DCA,0x25CA,0A,40,5,0x00D780,0x235,0x00D9B5,0x01CB,36,05,9B,OK
0x4DC9,0x25C9,0A,40,5,0x00D780,0x236,0x00D9B6,0x01CA,36,A0,35,OK
0x4DC8,0x25C8,0A,40,5,0x00D780,0x237,0x00D9B7,0x01C9,36,00,94,OK
0x4DC7,0x25C7,0A,40,5,0x00D780,0x238,0x00D9B8,0x01C8,36,A0,33,OK
0x4DC6,0x25C6,0A,40,5,0x00D780,0x239,0x00D9B9,0x01C7,36,80,12,OK
0x4DC5,0x25C5,0A,40,5,0x00D780,0x23A,0x00D9BA,0x01C6,36,02,93,OK
0x4DC4,0x25C4,0A,40,5,0x00D780,0x23B,0x00D9BB,0x01C5,36,04,94,OK
0x4DC3,0x25C3,0A,40,5,0x00D780,0x23C,0x00D9BC,0x01C4,36,20,AF,OK
0x4DC2,0x25C2,0A,40,5,0x00D780,0x23D,0x00D9BD,0x01C3,36,05,93,OK
0x4DC1,0x25C1,0A,40,5,0x00D780,0x23E,0x00D9BE,0x01C2,36,02,8F,OK
0x4DC0,0x25C0,0A,40,5,0x00D780,0x23F,0x00D9BF,0x01C1,36,04,90,OK
0x4DBF,0x25BF,0A,40,5,0x00D780,0x240,0x00D9C0,0x01C0,36,20,AB,OK
0x4DBE,0x25BE,0A,40,5,0x00D780,0x241,0x00D9C1,0x01BF,36,00,8A,OK
0x4DBD,0x25BD,0A,40,5,0x00D780,0x242,0x00D9C2,0x01BE,36,80,09,OK
0x4DBC,0x25BC,0A,40,5,0x00D780,0x243,0x00D9C3,0x01BD,36,00,88,OK
0x4DBB,0x25BB,0A,40,5,0x00D780,0x244,0x00D9C4,0x01BC,36,2A,B1,OK
0x4DBA,0x25BA,0A,40,5,0x00D780,0x245,0x00D9C5,0x01BB,36,82,08,OK
0x4DB9,0x25B9,0A,40,5,0x00D780,0x246,0x00D9C6,0x01BA,36,A0,25,OK
0x4DB8,0x25B8,0A,40,5,0x00D780,0x247,0x00D9C7,0x01B9,36,22,A6,OK
0x4DB7,0x25B7,0A,40,5,0x00D780,0x248,0x00D9C8,0x01B8,36,08,8B,OK
0x4DB6,0x25B6,0A,40,5,0x00D780,0x249,0x00D9C9,0x01B7,36,04,86,OK
0x4DB5,0x25B5,0A,40,5,0x00D780,0x24A,0x00D9CA,0x01B6,36,02,83,OK
0x4DB4,0x25B4,0A,40,5,0x00D780,0x24B,0x00D9CB,0x01B5,36,04,84,OK
0x4DB3,0x25B3,0A,40,5,0x00D780,0x24C,0x00D9CC,0x01B4,36,22,A1,OK
0x4DB2,0x25B2,0A,40,5,0x00D780,0x24D,0x00D9CD,0x01B3,36,20,9E,OK
0x4DB1,0x25B1,0A,40,5,0x00D780,0x24E,0x00D9CE,0x01B2,36,00,7D,OK
0x4DB0,0x25B0,0A,40,5,0x00D780,0x24F,0x00D9CF,0x01B1,36,08,84,OK
0x4DAF,0x25AF,0A,40,5,0x00D780,0x250,0x00D9D0,0x01B0,36,04,7F,OK
0x4DAE,0x25AE,0A,40,5,0x00D780,0x251,0x00D9D1,0x01AF,36,20,9A,OK
0x4DAD,0x25AD,0A,40,5,0x00D780,0x252,0x00D9D2,0x01AE,36,09,82,OK
0x4DAC,0x25AC,0A,40,5,0x00D780,0x253,0x00D9D3,0x01AD,36,80,F8,OK
0x4DAB,0x25AB,0A,40,5,0x00D780,0x254,0x00D9D4,0x01AC,36,00,77,OK
0x4DAA,0x25AA,0A,40,5,0x00D780,0x255,0x00D9D5,0x01AB,36,02,78,OK
0x4DA9,0x25A9,0A,40,5,0x00D780,0x256,0x00D9D6,0x01AA,36,05,7A,OK
0x4DA8,0x25A8,0A,40,5,0x00D780,0x257,0x00D9D7,0x01A9,36,20,94,OK
0x4DA7,0x25A7,0A,40,5,0x00D780,0x258,0x00D9D8,0x01A8,36,A0,13,OK
0x4DA6,0x25A6,0A,40,5,0x00D780,0x259,0x00D9D9,0x01A7,36,00,72,OK
0x4DA5,0x25A5,0A,40,5,0x00D780,0x25A,0x00D9DA,0x01A6,36,20,91,OK
0x4DA4,0x25A4,0A,40,5,0x00D780,0x25B,0x00D9DB,0x01A5,36,02,72,OK
0x4DA3,0x25A3,0A,40,5,0x00D780,0x25C,0x00D9DC,0x01A4,36,04,73,OK
0x4DA2,0x25A2,0A,40,5,0x00D780,0x25D,0x00D9DD,0x01A3,36,00,6E,OK
0x4DA1,0x25A1,0A,40,5,0x00D780,0x25E,0x00D9DE,0x01A2,36,04,71,OK
0x4DA0,0x25A0,0A,40,5,0x00D780,0x25F,0x00D9DF,0x01A1,36,04,70,OK
0x4D9F,0x259F,0A,40,5,0x00D780,0x260,0x00D9E0,0x01A0,36,44,AF,OK
0x4D9E,0x259E,0A,40,5,0x00D780,0x261,0x00D9E1,0x019F,36,10,7A,OK
0x4D9D,0x259D,0A,40,5,0x00D780,0x262,0x00D9E2,0x019E,36,40,A9,OK
0x4D9C,0x259C,0A,40,5,0x00D780,0x263,0x00D9E3,0x019D,36,05,6D,OK
0x4D9B,0x259B,0A,40,5,0x00D780,0x264,0x00D9E4,0x019C,36,04,6B,OK
0x4D9A,0x259A,0A,40,5,0x00D780,0x265,0x00D9E5,0x019B,36,01,67,OK
0x4D99,0x2599,0A,40,5,0x00D780,0x266,0x00D9E6,0x019A,36,41,A6,OK
0x4D98,0x2598,0A,40,5,0x00D780,0x267,0x00D9E7,0x0199,36,04,68,OK
0x4D97,0x2597,0A,40,5,0x00D780,0x268,0x00D9E8,0x0198,36,04,67,OK
0x4D96,0x2596,0A,40,5,0x00D780,0x269,0x00D9E9,0x0197,36,10,72,OK
0x4D95,0x2595,0A,40,5,0x00D780,0x26A,0x00D9EA,0x0196,36,40,A1,OK
0x4D94,0x2594,0A,40,5,0x00D780,0x26B,0x00D9EB,0x0195,36,50,B0,OK
0x4D93,0x2593,0A,40,5,0x00D780,0x26C,0x00D9EC,0x0194,36,00,5F,OK
0x4D92,0x2592,0A,40,5,0x00D780,0x26D,0x00D9ED,0x0193,36,10,6E,OK
0x4D91,0x2591,0A,40,5,0x00D780,0x26E,0x00D9EE,0x0192,36,00,5D,OK
0x4D90,0x2590,0A,40,5,0x00D780,0x26F,0x00D9EF,0x0191,36,40,9C,OK
0x4D8F,0x258F,0A,40,5,0x00D780,0x270,0x00D9F0,0x0190,36,00,5B,OK
0x4D8E,0x258E,0A,40,5,0x00D780,0x271,0x00D9F1,0x018F,36,10,6A,OK
0x4D8D,0x258D,0A,40,5,0x00D780,0x272,0x00D9F2,0x018E,36,86,DF,OK
0x4D8C,0x258C,0A,40,5,0x00D780,0x273,0x00D9F3,0x018D,36,03,5B,OK
0x4D8B,0x258B,0A,40,5,0x00D780,0x274,0x00D9F4,0x018C,36,40,97,OK
0x4D8A,0x258A,0A,40,5,0x00D780,0x275,0x00D9F5,0x018B,36,09,5F,OK
0x4D89,0x2589,0A,40,5,0x00D780,0x276,0x00D9F6,0x018A,36,40,95,OK
0x4D88,0x2588,0A,40,5,0x00D780,0x277,0x00D9F7,0x0189,36,09,5D,OK
0x4D87,0x2587,0A,40,5,0x00D780,0x278,0x00D9F8,0x0188,36,40,93,OK
0x4D86,0x2586,0A,40,5,0x00D780,0x279,0x00D9F9,0x0187,36,09,5B,OK
0x4D85,0x2585,0A,40,5,0x00D780,0x27A,0x00D9FA,0x0186,36,10,61,OK
0x4D84,0x2584,0A,40,5,0x00D780,0x27B,0x00D9FB,0x0185,36,01,51,OK
0x4D83,0x2583,0A,40,5,0x00D780,0x27C,0x00D9FC,0x0184,36,0B,5A,OK
0x4D82,0x2582,0A,40,5,0x00D780,0x27D,0x00D9FD,0x0183,36,40,8E,OK
0x4D81,0x2581,0A,40,5,0x00D780,0x27E,0x00D9FE,0x0182,36,10,5D,OK
0x4D80,0x2580,0A,40,5,0x00D780,0x27F,0x00D9FF,0x0181,36,04,50,OK
0x4D7F,0x257F,0A,40,5,0x00D780,0x280,0x00DA00,0x0180,36,04,4F,OK
0x4D7E,0x257E,0A,40,5,0x00D780,0x281,0x00DA01,0x017F,36,00,4A,OK
0x4D7D,0x257D,0A,40,5,0x00D780,0x282,0x00DA02,0x017E,36,06,4F,OK
0x4D7C,0x257C,0A,40,5,0x00D780,0x283,0x00DA03,0x017D,36,40,88,OK
0x4D7B,0x257B,0A,40,5,0x00D780,0x284,0x00DA04,0x017C,36,00,47,OK
0x4D7A,0x257A,0A,40,5,0x00D780,0x285,0x00DA05,0x017B,36,01,47,OK
0x4D79,0x2579,0A,40,5,0x00D780,0x286,0x00DA06,0x017A,36,00,45,OK
0x4D78,0x2578,0A,40,5,0x00D780,0x287,0x00DA07,0x0179,36,04,48,OK
0x4D77,0x2577,0A,40,5,0x00D780,0x288,0x00DA08,0x0178,36,04,47,OK
0x4D76,0x2576,0A,40,5,0x00D780,0x289,0x00DA09,0x0177,36,00,42,OK
0x4D75,0x2575,0A,40,5,0x00D780,0x28A,0x00DA0A,0x0176,36,04,45,OK
0x4D74,0x2574,0A,40,5,0x00D780,0x28B,0x00DA0B,0x0175,36,04,44,OK
0x4D73,0x2573,0A,40,5,0x00D780,0x28C,0x00DA0C,0x0174,36,09,48,OK
0x4D72,0x2572,0A,40,5,0x00D780,0x28D,0x00DA0D,0x0173,36,10,4E,OK
0x4D71,0x2571,0A,40,5,0x00D780,0x28E,0x00DA0E,0x0172,36,04,41,OK
0x4D70,0x2570,0A,40,5,0x00D780,0x28F,0x00DA0F,0x0171,36,04,40,OK
0x4D6F,0x256F,0A,40,5,0x00D780,0x290,0x00DA10,0x0170,36,00,3B,OK
0x4D6E,0x256E,0A,40,5,0x00D780,0x291,0x00DA11,0x016F,36,40,7A,OK
0x4D6D,0x256D,0A,40,5,0x00D780,0x292,0x00DA12,0x016E,36,01,3A,OK
0x4D6C,0x256C,0A,40,5,0x00D780,0x293,0x00DA13,0x016D,36,00,38,OK
0x4D6B,0x256B,0A,40,5,0x00D780,0x294,0x00DA14,0x016C,36,51,88,OK
0x4D6A,0x256A,0A,40,5,0x00D780,0x295,0x00DA15,0x016B,36,00,36,OK
0x4D69,0x2569,0A,40,5,0x00D780,0x296,0x00DA16,0x016A,36,10,45,OK
0x4D68,0x2568,0A,40,5,0x00D780,0x297,0x00DA17,0x0169,36,04,38,OK
0x4D67,0x2567,0A,40,5,0x00D780,0x298,0x00DA18,0x0168,36,04,37,OK
0x4D66,0x2566,0A,40,5,0x00D780,0x299,0x00DA19,0x0167,36,00,32,OK
0x4D65,0x2565,0A,40,5,0x00D780,0x29A,0x00DA1A,0x0166,36,05,36,OK
0x4D64,0x2564,0A,40,5,0x00D780,0x29B,0x00DA1B,0x0165,36,10,40,OK
0x4D63,0x2563,0A,40,5,0x00D780,0x29C,0x00DA1C,0x0164,36,09,38,OK
0x4D62,0x2562,0A,40,5,0x00D780,0x29D,0x00DA1D,0x0163,36,04,32,OK
0x4D61,0x2561,0A,40,5,0x00D780,0x29E,0x00DA1E,0x0162,36,04,31,OK
0x4D60,0x2560,0A,40,5,0x00D780,0x29F,0x00DA1F,0x0161,36,01,2D,OK
0x4D5F,0x255F,0A,40,5,0x00D780,0x2A0,0x00DA20,0x0160,36,44,6F,OK
0x4D5E,0x255E,0A,40,5,0x00D780,0x2A1,0x00DA21,0x015F,36,14,3E,OK
0x4D5D,0x255D,0A,40,5,0x00D780,0x2A2,0x00DA22,0x015E,36,00,29,OK
0x4D5C,0x255C,0A,40,5,0x00D780,0x2A3,0x00DA23,0x015D,36,04,2C,OK
0x4D5B,0x255B,0A,40,5,0x00D780,0x2A4,0x00DA24,0x015C,36,04,2B,OK
0x4D5A,0x255A,0A,40,5,0x00D780,0x2A5,0x00DA25,0x015B,36,09,2F,OK
0x4D59,0x2559,0A,40,5,0x00D780,0x2A6,0x00DA26,0x015A,36,40,65,OK
0x4D58,0x2558,0A,40,5,0x00D780,0x2A7,0x00DA27,0x0159,36,00,24,OK
0x4D57,0x2557,0A,40,5,0x00D780,0x2A8,0x00DA28,0x0158,36,01,24,OK
0x4D56,0x2556,0A,40,5,0x00D780,0x2A9,0x00DA29,0x0157,36,02,24,OK
0x4D55,0x2555,0A,40,5,0x00D780,0x2AA,0x00DA2A,0x0156,36,04,25,OK
0x4D54,0x2554,0A,40,5,0x00D780,0x2AB,0x00DA2B,0x0155,36,08,28,OK
0x4D53,0x2553,0A,40,5,0x00D780,0x2AC,0x00DA2C,0x0154,36,04,23,OK
0x4D52,0x2552,0A,40,5,0x00D780,0x2AD,0x00DA2D,0x0153,36,00,1E,OK
0x4D51,0x2551,0A,40,5,0x00D780,0x2AE,0x00DA2E,0x0152,36,02,1F,OK
0x4D50,0x2550,0A,40,5,0x00D780,0x2AF,0x00DA2F,0x0151,36,04,20,OK
0x4D4F,0x254F,0A,40,5,0x00D780,0x2B0,0x00DA30,0x0150,36,28,43,OK
0x4D4E,0x254E,0A,40,5,0x00D780,0x2B1,0x00DA31,0x014F,36,20,3A,OK
0x4D4D,0x254D,0A,40,5,0x00D780,0x2B2,0x00DA32,0x014E,36,86,9F,OK
0x4D4C,0x254C,0A,40,5,0x00D780,0x2B3,0x00DA33,0x014D,36,03,1B,OK
0x4D4B,0x254B,0A,40,5,0x00D780,0x2B4,0x00DA34,0x014C,36,02,19,OK
0x4D4A,0x254A,0A,40,5,0x00D780,0x2B5,0x00DA35,0x014B,36,04,1A,OK
0x4D49,0x2549,0A,40,5,0x00D780,0x2B6,0x00DA36,0x014A,36,20,35,OK
0x4D48,0x2548,0A,40,5,0x00D780,0x2B7,0x00DA37,0x0149,36,00,14,OK
0x4D47,0x2547,0A,40,5,0x00D780,0x2B8,0x00DA38,0x0148,36,05,18,OK
0x4D46,0x2546,0A,40,5,0x00D780,0x2B9,0x00DA39,0x0147,36,A0,B2,OK
0x4D45,0x2545,0A,40,5,0x00D780,0x2BA,0x00DA3A,0x0146,36,02,13,OK
0x4D44,0x2544,0A,40,5,0x00D780,0x2BB,0x00DA3B,0x0145,36,04,14,OK
0x4D43,0x2543,0A,40,5,0x00D780,0x2BC,0x00DA3C,0x0144,36,0A,19,OK
0x4D42,0x2542,0A,40,5,0x00D780,0x2BD,0x00DA3D,0x0143,36,04,12,OK
0x4D41,0x2541,0A,40,5,0x00D780,0x2BE,0x00DA3E,0x0142,36,02,0F,OK
0x4D40,0x2540,0A,40,5,0x00D780,0x2BF,0x00DA3F,0x0141,36,04,10,OK
0x4D3F,0x253F,0A,40,5,0x00D780,0x2C0,0x00DA40,0x0140,36,00,0B,OK
0x4D3E,0x253E,0A,40,5,0x00D780,0x2C1,0x00DA41,0x013F,36,05,0F,OK
0x4D3D,0x253D,0A,40,5,0x00D780,0x2C2,0x00DA42,0x013E,36,08,11,OK
0x4D3C,0x253C,0A,40,5,0x00D780,0x2C3,0x00DA43,0x013D,36,04,0C,OK
0x4D3B,0x253B,0A,40,5,0x00D780,0x2C4,0x00DA44,0x013C,36,00,07,OK
0x4D3A,0x253A,0A,40,5,0x00D780,0x2C5,0x00DA45,0x013B,36,02,08,OK
0x4D39,0x2539,0A,40,5,0x00D780,0x2C6,0x00DA46,0x013A,36,04,09,OK
0x4D38,0x2538,0A,40,5,0x00D780,0x2C7,0x00DA47,0x0139,36,00,04,OK
0x4D37,0x2537,0A,40,5,0x00D780,0x2C8,0x00DA48,0x0138,36,06,09,OK
0x4D36,0x2536,0A,40,5,0x00D780,0x2C9,0x00DA49,0x0137,36,20,22,OK
0x4D35,0x2535,0A,40,5,0x00D780,0x2CA,0x00DA4A,0x0136,36,00,01,OK
0x4D34,0x2534,0A,40,5,0x00D780,0x2CB,0x00DA4B,0x0135,36,80,80,OK
0x4D33,0x2533,0A,40,5,0x00D780,0x2CC,0x00DA4C,0x0134,36,00,FF,OK
0x4D32,0x2532,0A,40,5,0x00D780,0x2CD,0x00DA4D,0x0133,36,88,86,OK
0x4D31,0x2531,0A,40,5,0x00D780,0x2CE,0x00DA4E,0x0132,36,08,05,OK
0x4D30,0x2530,0A,40,5,0x00D780,0x2CF,0x00DA4F,0x0131,36,04,00,OK
0x4D2F,0x252F,0A,40,5,0x00D780,0x2D0,0x00DA50,0x0130,36,02,FD,OK
0x4D2E,0x252E,0A,40,5,0x00D780,0x2D1,0x00DA51,0x012F,36,04,FE,OK
0x4D2D,0x252D,0A,40,5,0x00D780,0x2D2,0x00DA52,0x012E,36,86,7F,OK
0x4D2C,0x252C,0A,40,5,0x00D780,0x2D3,0x00DA53,0x012D,36,03,FB,OK
0x4D2B,0x252B,0A,40,5,0x00D780,0x2D4,0x00DA54,0x012C,36,20,17,OK
0x4D2A,0x252A,0A,40,5,0x00D780,0x2D5,0x00DA55,0x012B,36,00,F6,OK
0x4D29,0x2529,0A,40,5,0x00D780,0x2D6,0x00DA56,0x012A,36,80,75,OK
0x4D28,0x2528,0A,40,5,0x00D780,0x2D7,0x00DA57,0x0129,36,08,FC,OK
0x4D27,0x2527,0A,40,5,0x00D780,0x2D8,0x00DA58,0x0128,36,04,F7,OK
0x4D26,0x2526,0A,40,5,0x00D780,0x2D9,0x00DA59,0x0127,36,80,72,OK
0x4D25,0x2525,0A,40,5,0x00D780,0x2DA,0x00DA5A,0x0126,36,09,FA,OK
0x4D24,0x2524,0A,40,5,0x00D780,0x2DB,0x00DA5B,0x0125,36,08,F8,OK
0x4D23,0x2523,0A,40,5,0x00D780,0x2DC,0x00DA5C,0x0124,36,04,F3,OK
0x4D22,0x2522,0A,40,5,0x00D780,0x2DD,0x00DA5D,0x0123,36,00,EE,OK
0x4D21,0x2521,0A,40,5,0x00D780,0x2DE,0x00DA5E,0x0122,36,80,6D,OK
0x4D20,0x2520,0A,40,5,0x00D780,0x2DF,0x00DA5F,0x0121,36,20,0C,OK
0x4D1F,0x251F,0A,40,5,0x00D780,0x2E0,0x00DA60,0x0120,36,00,EB,OK
0x4D1E,0x251E,0A,40,5,0x00D780,0x2E1,0x00DA61,0x011F,36,80,6A,OK
0x4D1D,0x251D,0A,40,5,0x00D780,0x2E2,0x00DA62,0x011E,36,00,E9,OK
0x4D1C,0x251C,0A,40,5,0x00D780,0x2E3,0x00DA63,0x011D,36,05,ED,OK
0x4D1B,0x251B,0A,40,5,0x00D780,0x2E4,0x00DA64,0x011C,36,80,67,OK
0x4D1A,0x251A,0A,40,5,0x00D780,0x2E5,0x00DA65,0x011B,36,09,EF,OK
0x4D19,0x2519,0A,40,5,0x00D780,0x2E6,0x00DA66,0x011A,36,8A,6F,OK
0x4D18,0x2518,0A,40,5,0x00D780,0x2E7,0x00DA67,0x0119,36,08,EC,OK
0x4D17,0x2517,0A,40,5,0x00D780,0x2E8,0x00DA68,0x0118,36,04,E7,OK
0x4D16,0x2516,0A,40,5,0x00D780,0x2E9,0x00DA69,0x0117,36,20,02,OK
0x4D15,0x2515,0A,40,5,0x00D780,0x2EA,0x00DA6A,0x0116,36,22,03,OK
0x4D14,0x2514,0A,40,5,0x00D780,0x2EB,0x00DA6B,0x0115,36,00,E0,OK
0x4D13,0x2513,0A,40,5,0x00D780,0x2EC,0x00DA6C,0x0114,36,08,E7,OK
0x4D12,0x2512,0A,40,5,0x00D780,0x2ED,0x00DA6D,0x0113,36,05,E3,OK
0x4D11,0x2511,0A,40,5,0x00D780,0x2EE,0x00DA6E,0x0112,36,0A,E7,OK
0x4D10,0x2510,0A,40,5,0x00D780,0x2EF,0x00DA6F,0x0111,36,20,FC,OK
0x4D0F,0x250F,0A,40,5,0x00D780,0x2F0,0x00DA70,0x0110,36,00,DB,OK
0x4D0E,0x250E,0A,40,5,0x00D780,0x2F1,0x00DA71,0x010F,36,07,E1,OK
0x4D0D,0x250D,0A,40,5,0x00D780,0x2F2,0x00DA72,0x010E,36,22,FB,OK
0x4D0C,0x250C,0A,40,5,0x00D780,0x2F3,0x00DA73,0x010D,36,A0,78,OK
0x4D0B,0x250B,0A,40,5,0x00D780,0x2F4,0x00DA74,0x010C,36,00,D7,OK
0x4D0A,0x250A,0A,40,5,0x00D780,0x2F5,0x00DA75,0x010B,36,08,DE,OK
0x4D09,0x2509,0A,40,5,0x00D780,0x2F6,0x00DA76,0x010A,36,04,D9,OK
0x4D08,0x2508,0A,40,5,0x00D780,0x2F7,0x00DA77,0x0109,36,00,D4,OK
0x4D07,0x2507,0A,40,5,0x00D780,0x2F8,0x00DA78,0x0108,36,20,F3,OK
0x4D06,0x2506,0A,40,5,0x00D780,0x2F9,0x00DA79,0x0107,36,10,E2,OK
0x4D05,0x2505,0A,40,5,0x00D780,0x2FA,0x00DA7A,0x0106,36,01,D2,OK
0x4D04,0x2504,0A,40,5,0x00D780,0x2FB,0x00DA7B,0x0105,36,0B,DB,OK
0x4D03,0x2503,0A,40,5,0x00D780,0x2FC,0x00DA7C,0x0104,36,40,0F,OK
0x4D02,0x2502,0A,40,5,0x00D780,0x2FD,0x00DA7D,0x0103,36,01,CF,OK
0x4D01,0x2501,0A,40,5,0x00D780,0x2FE,0x00DA7E,0x0102,36,0B,D8,OK
0x4D00,0x2500,0A,40,5,0x00D780,0x2FF,0x00DA7F,0x0101,36,04,D0,OK
0x4CFF,0x24FF,0A,40,5,0x00D780,0x300,0x00DA80,0x0100,36,04,CF,OK
0x4CFE,0x24FE,0A,40,5,0x00D780,0x301,0x00DA81,0x00FF,36,95,5E,OK
0x4CFD,0x24FD,0A,40,5,0x00D780,0x302,0x00DA82,0x00FE,36,03,CB,OK
0x4CFC,0x24FC,0A,40,5,0x00D780,0x303,0x00DA83,0x00FD,36,50,17,OK
0x4CFB,0x24FB,0A,40,5,0x00D780,0x304,0x00DA84,0x00FC,36,0B,D1,OK
0x4CFA,0x24FA,0A,40,5,0x00D780,0x305,0x00DA85,0x00FB,36,10,D5,OK
0x4CF9,0x24F9,0A,40,5,0x00D780,0x306,0x00DA86,0x00FA,36,0A,CE,OK
0x4CF8,0x24F8,0A,40,5,0x00D780,0x307,0x00DA87,0x00F9,36,04,C7,OK
0x4CF7,0x24F7,0A,40,5,0x00D780,0x308,0x00DA88,0x00F8,36,05,C7,OK
0x4CF6,0x24F6,0A,40,5,0x00D780,0x309,0x00DA89,0x00F7,36,40,01,OK
0x4CF5,0x24F5,0A,40,5,0x00D780,0x30A,0x00DA8A,0x00F6,36,00,C0,OK
0x4CF4,0x24F4,0A,40,5,0x00D780,0x30B,0x00DA8B,0x00F5,36,09,C8,OK
0x4CF3,0x24F3,0A,40,5,0x00D780,0x30C,0x00DA8C,0x00F4,36,03,C1,OK
0x4CF2,0x24F2,0A,40,5,0x00D780,0x30D,0x00DA8D,0x00F3,36,04,C1,OK
0x4CF1,0x24F1,0A,40,5,0x00D780,0x30E,0x00DA8E,0x00F2,36,04,C0,OK
0x4CF0,0x24F0,0A,40,5,0x00D780,0x30F,0x00DA8F,0x00F1,36,00,BB,OK
0x4CEF,0x24EF,0A,40,5,0x00D780,0x310,0x00DA90,0x00F0,36,06,C0,OK
0x4CEE,0x24EE,0A,40,5,0x00D780,0x311,0x00DA91,0x00EF,36,05,BE,OK
0x4CED,0x24ED,0A,40,5,0x00D780,0x312,0x00DA92,0x00EE,36,04,BC,OK
0x4CEC,0x24EC,0A,40,5,0x00D780,0x313,0x00DA93,0x00ED,36,04,BB,OK
0x4CEB,0x24EB,0A,40,5,0x00D780,0x314,0x00DA94,0x00EC,36,04,BA,OK
0x4CEA,0x24EA,0A,40,5,0x00D780,0x315,0x00DA95,0x00EB,36,44,F9,OK
0x4CE9,0x24E9,0A,40,5,0x00D780,0x316,0x00DA96,0x00EA,36,0A,BE,OK
0x4CE8,0x24E8,0A,40,5,0x00D780,0x317,0x00DA97,0x00E9,36,40,F3,OK
0x4CE7,0x24E7,0A,40,5,0x00D780,0x318,0x00DA98,0x00E8,36,0C,BE,OK
0x4CE6,0x24E6,0A,40,5,0x00D780,0x319,0x00DA99,0x00E7,36,10,C1,OK
0x4CE5,0x24E5,0A,40,5,0x00D780,0x31A,0x00DA9A,0x00E6,36,00,B0,OK
0x4CE4,0x24E4,0A,40,5,0x00D780,0x31B,0x00DA9B,0x00E5,36,07,B6,OK
0x4CE3,0x24E3,0A,40,5,0x00D780,0x31C,0x00DA9C,0x00E4,36,03,B1,OK
0x4CE2,0x24E2,0A,40,5,0x00D780,0x31D,0x00DA9D,0x00E3,36,40,ED,OK
0x4CE1,0x24E1,0A,40,5,0x00D780,0x31E,0x00DA9E,0x00E2,36,02,AE,OK
0x4CE0,0x24E0,0A,40,5,0x00D780,0x31F,0x00DA9F,0x00E1,36,04,AF,OK
0x4CDF,0x24DF,0A,40,5,0x00D780,0x320,0x00DAA0,0x00E0,36,0B,B5,OK
0x4CDE,0x24DE,0A,40,5,0x00D780,0x321,0x00DAA1,0x00DF,36,02,AB,OK
0x4CDD,0x24DD,0A,40,5,0x00D780,0x322,0x00DAA2,0x00DE,36,04,AC,OK
0x4CDC,0x24DC,0A,40,5,0x00D780,0x323,0x00DAA3,0x00DD,36,86,2D,OK
0x4CDB,0x24DB,0A,40,5,0x00D780,0x324,0x00DAA4,0x00DC,36,03,A9,OK
0x4CDA,0x24DA,0A,40,5,0x00D780,0x325,0x00DAA5,0x00DB,36,02,A7,OK
0x4CD9,0x24D9,0A,40,5,0x00D780,0x326,0x00DAA6,0x00DA,36,04,A8,OK
0x4CD8,0x24D8,0A,40,5,0x00D780,0x327,0x00DAA7,0x00D9,36,08,AB,OK
0x4CD7,0x24D7,0A,40,5,0x00D780,0x328,0x00DAA8,0x00D8,36,04,A6,OK
0x4CD6,0x24D6,0A,40,5,0x00D780,0x329,0x00DAA9,0x00D7,36,00,A1,OK
0x4CD5,0x24D5,0A,40,5,0x00D780,0x32A,0x00DAAA,0x00D6,36,08,A8,OK
0x4CD4,0x24D4,0A,40,5,0x00D780,0x32B,0x00DAAB,0x00D5,36,04,A3,OK
0x4CD3,0x24D3,0A,40,5,0x00D780,0x32C,0x00DAAC,0x00D4,36,0C,AA,OK
0x4CD2,0x24D2,0A,40,5,0x00D780,0x32D,0x00DAAD,0x00D3,36,80,1D,OK
0x4CD1,0x24D1,0A,40,5,0x00D780,0x32E,0x00DAAE,0x00D2,36,00,9C,OK
0x4CD0,0x24D0,0A,40,5,0x00D780,0x32F,0x00DAAF,0x00D1,36,20,BB,OK
0x4CCF,0x24CF,0A,40,5,0x00D780,0x330,0x00DAB0,0x00D0,36,0A,A4,OK
0x4CCE,0x24CE,0A,40,5,0x00D780,0x331,0x00DAB1,0x00CF,36,08,A1,OK
0x4CCD,0x24CD,0A,40,5,0x00D780,0x332,0x00DAB2,0x00CE,36,04,9C,OK
0x4CCC,0x24CC,0A,40,5,0x00D780,0x333,0x00DAB3,0x00CD,36,0B,A2,OK
0x4CCB,0x24CB,0A,40,5,0x00D780,0x334,0x00DAB4,0x00CC,36,08,9E,OK
0x4CCA,0x24CA,0A,40,5,0x00D780,0x335,0x00DAB5,0x00CB,36,04,99,OK
0x4CC9,0x24C9,0A,40,5,0x00D780,0x336,0x00DAB6,0x00CA,36,00,94,OK
0x4CC8,0x24C8,0A,40,5,0x00D780,0x337,0x00DAB7,0x00C9,36,06,99,OK
0x4CC7,0x24C7,0A,40,5,0x00D780,0x338,0x00DAB8,0x00C8,36,08,9A,OK
0x4CC6,0x24C6,0A,40,5,0x00D780,0x339,0x00DAB9,0x00C7,36,04,95,OK
0x4CC5,0x24C5,0A,40,5,0x00D780,0x33A,0x00DABA,0x00C6,36,88,18,OK
0x4CC4,0x24C4,0A,40,5,0x00D780,0x33B,0x00DABB,0x00C5,36,03,92,OK
0x4CC3,0x24C3,0A,40,5,0x00D780,0x33C,0x00DABC,0x00C4,36,08,96,OK
0x4CC2,0x24C2,0A,40,5,0x00D780,0x33D,0x00DABD,0x00C3,36,05,92,OK
0x4CC1,0x24C1,0A,40,5,0x00D780,0x33E,0x00DABE,0x00C2,36,09,95,OK
0x4CC0,0x24C0,0A,40,5,0x00D780,0x33F,0x00DABF,0x00C1,36,02,8D,OK
0x4CBF,0x24BF,0A,40,5,0x00D780,0x340,0x00DAC0,0x00C0,36,04,8E,OK
0x4CBE,0x24BE,0A,40,5,0x00D780,0x341,0x00DAC1,0x00BF,36,2A,B3,OK
0x4CBD,0x24BD,0A,40,5,0x00D780,0x342,0x00DAC2,0x00BE,36,02,8A,OK
0x4CBC,0x24BC,0A,40,5,0x00D780,0x343,0x00DAC3,0x00BD,36,04,8B,OK
0x4CBB,0x24BB,0A,40,5,0x00D780,0x344,0x00DAC4,0x00BC,36,00,86,OK
0x4CBA,0x24BA,0A,40,5,0x00D780,0x345,0x00DAC5,0x00BB,36,06,8B,OK
0x4CB9,0x24B9,0A,40,5,0x00D780,0x346,0x00DAC6,0x00BA,36,88,0C,OK
0x4CB8,0x24B8,0A,40,5,0x00D780,0x347,0x00DAC7,0x00B9,36,89,0C,OK
0x4CB7,0x24B7,0A,40,5,0x00D780,0x348,0x00DAC8,0x00B8,36,03,85,OK
0x4CB6,0x24B6,0A,40,5,0x00D780,0x349,0x00DAC9,0x00B7,36,0A,8B,OK
0x4CB5,0x24B5,0A,40,5,0x00D780,0x34A,0x00DACA,0x00B6,36,04,84,OK
0x4CB4,0x24B4,0A,40,5,0x00D780,0x34B,0x00DACB,0x00B5,36,0A,89,OK
0x4CB3,0x24B3,0A,40,5,0x00D780,0x34C,0x00DACC,0x00B4,36,02,80,OK
0x4CB2,0x24B2,0A,40,5,0x00D780,0x34D,0x00DACD,0x00B3,36,04,81,OK
0x4CB1,0x24B1,0A,40,5,0x00D780,0x34E,0x00DACE,0x00B2,36,22,9E,OK
0x4CB0,0x24B0,0A,40,5,0x00D780,0x34F,0x00DACF,0x00B1,36,09,84,OK
0x4CAF,0x24AF,0A,40,5,0x00D780,0x350,0x00DAD0,0x00B0,36,02,7C,OK
0x4CAE,0x24AE,0A,40,5,0x00D780,0x351,0x00DAD1,0x00AF,36,04,7D,OK
0x4CAD,0x24AD,0A,40,5,0x00D780,0x352,0x00DAD2,0x00AE,36,00,78,OK
0x4CAC,0x24AC,0A,40,5,0x00D780,0x353,0x00DAD3,0x00AD,36,80,F7,OK
0x4CAB,0x24AB,0A,40,5,0x00D780,0x354,0x00DAD4,0x00AC,36,08,7E,OK
0x4CAA,0x24AA,0A,40,5,0x00D780,0x355,0x00DAD5,0x00AB,36,04,79,OK
0x4CA9,0x24A9,0A,40,5,0x00D780,0x356,0x00DAD6,0x00AA,36,20,94,OK
0x4CA8,0x24A8,0A,40,5,0x00D780,0x357,0x00DAD7,0x00A9,36,A2,15,OK
0x4CA7,0x24A7,0A,40,5,0x00D780,0x358,0x00DAD8,0x00A8,36,00,72,OK
0x4CA6,0x24A6,0A,40,5,0x00D780,0x359,0x00DAD9,0x00A7,36,86,F7,OK
0x4CA5,0x24A5,0A,40,5,0x00D780,0x35A,0x00DADA,0x00A6,36,03,73,OK
0x4CA4,0x24A4,0A,40,5,0x00D780,0x35B,0x00DADB,0x00A5,36,01,70,OK
0x4CA3,0x24A3,0A,40,5,0x00D780,0x35C,0x00DADC,0x00A4,36,96,04,OK
0x4CA2,0x24A2,0A,40,5,0x00D780,0x35D,0x00DADD,0x00A3,36,03,70,OK
0x4CA1,0x24A1,0A,40,5,0x00D780,0x35E,0x00DADE,0x00A2,36,01,6D,OK
0x4CA0,0x24A0,0A,40,5,0x00D780,0x35F,0x00DADF,0x00A1,36,0C,77,OK
0x4C9F,0x249F,0A,40,5,0x00D780,0x360,0x00DAE0,0x00A0,36,40,AA,OK
0x4C9E,0x249E,0A,40,5,0x00D780,0x361,0x00DAE1,0x009F,36,92,FB,OK
0x4C9D,0x249D,0A,40,5,0x00D780,0x362,0x00DAE2,0x009E,36,03,6B,OK
0x4C9C,0x249C,0A,40,5,0x00D780,0x363,0x00DAE3,0x009D,36,10,77,OK
0x4C9B,0x249B,0A,40,5,0x00D780,0x364,0x00DAE4,0x009C,36,00,66,OK
0x4C9A,0x249A,0A,40,5,0x00D780,0x365,0x00DAE5,0x009B,36,06,6B,OK
0x4C99,0x2499,0A,40,5,0x00D780,0x366,0x00DAE6,0x009A,36,01,65,OK
0x4C98,0x2498,0A,40,5,0x00D780,0x367,0x00DAE7,0x0099,36,92,F5,OK
0x4C97,0x2497,0A,40,5,0x00D780,0x368,0x00DAE8,0x0098,36,03,65,OK
0x4C96,0x2496,0A,40,5,0x00D780,0x369,0x00DAE9,0x0097,36,40,A1,OK
0x4C95,0x2495,0A,40,5,0x00D780,0x36A,0x00DAEA,0x0096,36,01,61,OK
0x4C94,0x2494,0A,40,5,0x00D780,0x36B,0x00DAEB,0x0095,36,00,5F,OK
0x4C93,0x2493,0A,40,5,0x00D780,0x36C,0x00DAEC,0x0094,36,0C,6A,OK
0x4C92,0x2492,0A,40,5,0x00D780,0x36D,0x00DAED,0x0093,36,80,DD,OK
0x4C91,0x2491,0A,40,5,0x00D780,0x36E,0x00DAEE,0x0092,36,00,5C,OK
0x4C90,0x2490,0A,40,5,0x00D780,0x36F,0x00DAEF,0x0091,36,0A,65,OK
0x4C8F,0x248F,0A,40,5,0x00D780,0x370,0x00DAF0,0x0090,36,03,5D,OK
0x4C8E,0x248E,0A,40,5,0x00D780,0x371,0x00DAF1,0x008F,36,22,7B,OK
0x4C8D,0x248D,0A,40,5,0x00D780,0x372,0x00DAF2,0x008E,36,8D,E5,OK
0x4C8C,0x248C,0A,40,5,0x00D780,0x373,0x00DAF3,0x008D,36,03,5A,OK
0x4C8B,0x248B,0A,40,5,0x00D780,0x374,0x00DAF4,0x008C,36,80,D6,OK
0x4C8A,0x248A,0A,40,5,0x00D780,0x375,0x00DAF5,0x008B,36,0B,60,OK
0x4C89,0x2489,0A,40,5,0x00D780,0x376,0x00DAF6,0x008A,36,20,74,OK
0x4C88,0x2488,0A,40,5,0x00D780,0x377,0x00DAF7,0x0089,36,92,E5,OK
0x4C87,0x2487,0A,40,5,0x00D780,0x378,0x00DAF8,0x0088,36,03,55,OK
0x4C86,0x2486,0A,40,5,0x00D780,0x379,0x00DAF9,0x0087,36,02,53,OK
0x4C85,0x2485,0A,40,5,0x00D780,0x37A,0x00DAFA,0x0086,36,04,54,OK
0x4C84,0x2484,0A,40,5,0x00D780,0x37B,0x00DAFB,0x0085,36,00,4F,OK
0x4C83,0x2483,0A,40,5,0x00D780,0x37C,0x00DAFC,0x0084,36,02,50,OK
0x4C82,0x2482,0A,40,5,0x00D780,0x37D,0x00DAFD,0x0083,36,04,51,OK
0x4C81,0x2481,0A,40,5,0x00D780,0x37E,0x00DAFE,0x0082,36,00,4C,OK
0x4C80,0x2480,0A,40,5,0x00D780,0x37F,0x00DAFF,0x0081,36,05,50,OK
0x4C7F,0x247F,0A,40,5,0x00D780,0x380,0x00DB00,0x0080,36,20,6A,OK
0x4C7E,0x247E,0A,40,5,0x00D780,0x381,0x00DB01,0x007F,36,09,52,OK
0x4C7D,0x247D,0A,40,5,0x00D780,0x382,0x00DB02,0x007E,36,20,68,OK
0x4C7C,0x247C,0A,40,5,0x00D780,0x383,0x00DB03,0x007D,36,0B,52,OK
0x4C7B,0x247B,0A,40,5,0x00D780,0x384,0x00DB04,0x007C,36,20,66,OK
0x4C7A,0x247A,0A,40,5,0x00D780,0x385,0x00DB05,0x007B,36,0A,4F,OK
0x4C79,0x2479,0A,40,5,0x00D780,0x386,0x00DB06,0x007A,36,08,4C,OK
0x4C78,0x2478,0A,40,5,0x00D780,0x387,0x00DB07,0x0079,36,04,47,OK
0x4C77,0x2477,0A,40,5,0x00D780,0x388,0x00DB08,0x0078,36,87,C9,OK
0x4C76,0x2476,0A,40,5,0x00D780,0x389,0x00DB09,0x0077,36,03,44,OK
0x4C75,0x2475,0A,40,5,0x00D780,0x38A,0x00DB0A,0x0076,36,02,42,OK
0x4C74,0x2474,0A,40,5,0x00D780,0x38B,0x00DB0B,0x0075,36,04,43,OK
0x4C73,0x2473,0A,40,5,0x00D780,0x38C,0x00DB0C,0x0074,36,87,C5,OK
0x4C72,0x2472,0A,40,5,0x00D780,0x38D,0x00DB0D,0x0073,36,03,40,OK
0x4C71,0x2471,0A,40,5,0x00D780,0x38E,0x00DB0E,0x0072,36,40,7C,OK
0x4C70,0x2470,0A,40,5,0x00D780,0x38F,0x00DB0F,0x0071,36,04,3F,OK
0x4C6F,0x246F,0A,40,5,0x00D780,0x390,0x00DB10,0x0070,36,04,3E,OK
0x4C6E,0x246E,0A,40,5,0x00D780,0x391,0x00DB11,0x006F,36,95,CE,OK
0x4C6D,0x246D,0A,40,5,0x00D780,0x392,0x00DB12,0x006E,36,03,3B,OK
0x4C6C,0x246C,0A,40,5,0x00D780,0x393,0x00DB13,0x006D,36,40,77,OK
0x4C6B,0x246B,0A,40,5,0x00D780,0x394,0x00DB14,0x006C,36,88,BE,OK
0x4C6A,0x246A,0A,40,5,0x00D780,0x395,0x00DB15,0x006B,36,03,38,OK
0x4C69,0x2469,0A,40,5,0x00D780,0x396,0x00DB16,0x006A,36,40,74,OK
0x4C68,0x2468,0A,40,5,0x00D780,0x397,0x00DB17,0x0069,36,91,C4,OK
0x4C67,0x2467,0A,40,5,0x00D780,0x398,0x00DB18,0x0068,36,03,35,OK
0x4C66,0x2466,0A,40,5,0x00D780,0x399,0x00DB19,0x0067,36,05,36,OK
0x4C65,0x2465,0A,40,5,0x00D780,0x39A,0x00DB1A,0x0066,36,04,34,OK
0x4C64,0x2464,0A,40,5,0x00D780,0x39B,0x00DB1B,0x0065,36,00,2F,OK
0x4C63,0x2463,0A,40,5,0x00D780,0x39C,0x00DB1C,0x0064,36,40,6E,OK
0x4C62,0x2462,0A,40,5,0x00D780,0x39D,0x00DB1D,0x0063,36,89,B6,OK
0x4C61,0x2461,0A,40,5,0x00D780,0x39E,0x00DB1E,0x0062,36,03,2F,OK
0x4C60,0x2460,0A,40,5,0x00D780,0x39F,0x00DB1F,0x0061,36,10,3B,OK
0x4C5F,0x245F,0A,40,5,0x00D780,0x3A0,0x00DB20,0x0060,36,44,6E,OK
0x4C5E,0x245E,0A,40,5,0x00D780,0x3A1,0x00DB21,0x005F,36,0A,33,OK
0x4C5D,0x245D,0A,40,5,0x00D780,0x3A2,0x00DB22,0x005E,36,04,2C,OK
0x4C5C,0x245C,0A,40,5,0x00D780,0x3A3,0x00DB23,0x005D,36,04,2B,OK
0x4C5B,0x245B,0A,40,5,0x00D780,0x3A4,0x00DB24,0x005C,36,00,26,OK
0x4C5A,0x245A,0A,40,5,0x00D780,0x3A5,0x00DB25,0x005B,36,08,2D,OK
0x4C59,0x2459,0A,40,5,0x00D780,0x3A6,0x00DB26,0x005A,36,8B,AF,OK
0x4C58,0x2458,0A,40,5,0x00D780,0x3A7,0x00DB27,0x0059,36,03,26,OK
0x4C57,0x2457,0A,40,5,0x00D780,0x3A8,0x00DB28,0x0058,36,08,2A,OK
0x4C56,0x2456,0A,40,5,0x00D780,0x3A9,0x00DB29,0x0057,36,04,25,OK
0x4C55,0x2455,0A,40,5,0x00D780,0x3AA,0x00DB2A,0x0056,36,0A,2A,OK
0x4C54,0x2454,0A,40,5,0x00D780,0x3AB,0x00DB2B,0x0055,36,02,21,OK
0x4C53,0x2453,0A,40,5,0x00D780,0x3AC,0x00DB2C,0x0054,36,04,22,OK
0x4C52,0x2452,0A,40,5,0x00D780,0x3AD,0x00DB2D,0x0053,36,80,9D,OK
0x4C51,0x2451,0A,40,5,0x00D780,0x3AE,0x00DB2E,0x0052,36,95,B1,OK
0x4C50,0x2450,0A,40,5,0x00D780,0x3AF,0x00DB2F,0x0051,36,03,1E,OK
0x4C4F,0x244F,0A,40,5,0x00D780,0x3B0,0x00DB30,0x0050,36,80,9A,OK
0x4C4E,0x244E,0A,40,5,0x00D780,0x3B1,0x00DB31,0x004F,36,89,A2,OK
0x4C4D,0x244D,0A,40,5,0x00D780,0x3B2,0x00DB32,0x004E,36,03,1B,OK
0x4C4C,0x244C,0A,40,5,0x00D780,0x3B3,0x00DB33,0x004D,36,01,18,OK
0x4C4B,0x244B,0A,40,5,0x00D780,0x3B4,0x00DB34,0x004C,36,88,9E,OK
0x4C4A,0x244A,0A,40,5,0x00D780,0x3B5,0x00DB35,0x004B,36,03,18,OK
0x4C49,0x2449,0A,40,5,0x00D780,0x3B6,0x00DB36,0x004A,36,20,34,OK
0x4C48,0x2448,0A,40,5,0x00D780,0x3B7,0x00DB37,0x0049,36,80,93,OK
0x4C47,0x2447,0A,40,5,0x00D780,0x3B8,0x00DB38,0x0048,36,08,1A,OK
0x4C46,0x2446,0A,40,5,0x00D780,0x3B9,0x00DB39,0x0047,36,04,15,OK
0x4C45,0x2445,0A,40,5,0x00D780,0x3BA,0x00DB3A,0x0046,36,89,99,OK
0x4C44,0x2444,0A,40,5,0x00D780,0x3BB,0x00DB3B,0x0045,36,03,12,OK
0x4C43,0x2443,0A,40,5,0x00D780,0x3BC,0x00DB3C,0x0044,36,20,2E,OK
0x4C42,0x2442,0A,40,5,0x00D780,0x3BD,0x00DB3D,0x0043,36,8A,97,OK
0x4C41,0x2441,0A,40,5,0x00D780,0x3BE,0x00DB3E,0x0042,36,03,0F,OK
0x4C40,0x2440,0A,40,5,0x00D780,0x3BF,0x00DB3F,0x0041,36,B5,C0,OK
0x4C3F,0x243F,0A,40,5,0x00D780,0x3C0,0x00DB40,0x0040,36,03,0D,OK
0x4C3E,0x243E,0A,40,5,0x00D780,0x3C1,0x00DB41,0x003F,36,10,19,OK
0x4C3D,0x243D,0A,40,5,0x00D780,0x3C2,0x00DB42,0x003E,36,94,9C,OK
0x4C3C,0x243C,0A,40,5,0x00D780,0x3C3,0x00DB43,0x003D,36,03,0A,OK
0x4C3B,0x243B,0A,40,5,0x00D780,0x3C4,0x00DB44,0x003C,36,10,16,OK
0x4C3A,0x243A,0A,40,5,0x00D780,0x3C5,0x00DB45,0x003B,36,0B,10,OK
0x4C39,0x2439,0A,40,5,0x00D780,0x3C6,0x00DB46,0x003A,36,04,08,OK
0x4C38,0x2438,0A,40,5,0x00D780,0x3C7,0x00DB47,0x0039,36,04,07,OK
0x4C37,0x2437,0A,40,5,0x00D780,0x3C8,0x00DB48,0x0038,36,00,02,OK
0x4C36,0x2436,0A,40,5,0x00D780,0x3C9,0x00DB49,0x0037,36,1F,20,OK
0x4C35,0x2435,0A,40,5,0x00D780,0x3CA,0x00DB4A,0x0036,36,03,03,OK
0x4C34,0x2434,0A,40,5,0x00D780,0x3CB,0x00DB4B,0x0035,36,80,7F,OK
0x4C33,0x2433,0A,40,5,0x00D780,0x3CC,0x00DB4C,0x0034,36,0B,09,OK
0x4C32,0x2432,0A,40,5,0x00D780,0x3CD,0x00DB4D,0x0033,36,08,05,OK
0x4C31,0x2431,0A,40,5,0x00D780,0x3CE,0x00DB4E,0x0032,36,04,00,OK
0x4C30,0x2430,0A,40,5,0x00D780,0x3CF,0x00DB4F,0x0031,36,92,8D,OK
0x4C2F,0x242F,0A,40,5,0x00D780,0x3D0,0x00DB50,0x0030,36,03,FD,OK
0x4C2E,0x242E,0A,40,5,0x00D780,0x3D1,0x00DB51,0x002F,36,20,19,OK
0x4C2D,0x242D,0A,40,5,0x00D780,0x3D2,0x00DB52,0x002E,36,98,90,OK
0x4C2C,0x242C,0A,40,5,0x00D780,0x3D3,0x00DB53,0x002D,36,03,FA,OK
0x4C2B,0x242B,0A,40,5,0x00D780,0x3D4,0x00DB54,0x002C,36,D0,C6,OK
0x4C2A,0x242A,0A,40,5,0x00D780,0x3D5,0x00DB55,0x002B,36,03,F8,OK
0x4C29,0x2429,0A,40,5,0x00D780,0x3D6,0x00DB56,0x002A,36,00,F4,OK
0x4C28,0x2428,0A,40,5,0x00D780,0x3D7,0x00DB57,0x0029,36,07,FA,OK
0x4C27,0x2427,0A,40,5,0x00D780,0x3D8,0x00DB58,0x0028,36,20,12,OK
0x4C26,0x2426,0A,40,5,0x00D780,0x3D9,0x00DB59,0x0027,36,0C,FD,OK
0x4C25,0x2425,0A,40,5,0x00D780,0x3DA,0x00DB5A,0x0026,36,08,F8,OK
0x4C24,0x2424,0A,40,5,0x00D780,0x3DB,0x00DB5B,0x0025,36,04,F3,OK
0x4C23,0x2423,0A,40,5,0x00D780,0x3DC,0x00DB5C,0x0024,36,00,EE,OK
0x4C22,0x2422,0A,40,5,0x00D780,0x3DD,0x00DB5D,0x0023,36,08,F5,OK
0x4C21,0x2421,0A,40,5,0x00D780,0x3DE,0x00DB5E,0x0022,36,04,F0,OK
0x4C20,0x2420,0A,40,5,0x00D780,0x3DF,0x00DB5F,0x0021,36,80,6B,OK
0x4C1F,0x241F,0A,40,5,0x00D780,0x3E0,0x00DB60,0x0020,36,09,F3,OK
0x4C1E,0x241E,0A,40,5,0x00D780,0x3E1,0x00DB61,0x001F,36,20,09,OK
0x4C1D,0x241D,0A,40,5,0x00D780,0x3E2,0x00DB62,0x001E,36,09,F1,OK
0x4C1C,0x241C,0A,40,5,0x00D780,0x3E3,0x00DB63,0x001D,36,80,67,OK
0x4C1B,0x241B,0A,40,5,0x00D780,0x3E4,0x00DB64,0x001C,36,8A,70,OK
0x4C1A,0x241A,0A,40,5,0x00D780,0x3E5,0x00DB65,0x001B,36,03,E8,OK
0x4C19,0x2419,0A,40,5,0x00D780,0x3E6,0x00DB66,0x001A,36,08,EC,OK
0x4C18,0x2418,0A,40,5,0x00D780,0x3E7,0x00DB67,0x0019,36,04,E7,OK
0x4C17,0x2417,0A,40,5,0x00D780,0x3E8,0x00DB68,0x0018,36,A9,8B,OK
0x4C16,0x2416,0A,40,5,0x00D780,0x3E9,0x00DB69,0x0017,36,03,E4,OK
0x4C15,0x2415,0A,40,5,0x00D780,0x3EA,0x00DB6A,0x0016,36,80,60,OK
0x4C14,0x2414,0A,40,5,0x00D780,0x3EB,0x00DB6B,0x0015,36,09,E8,OK
0x4C13,0x2413,0A,40,5,0x00D780,0x3EC,0x00DB6C,0x0014,36,80,5E,OK
0x4C12,0x2412,0A,40,5,0x00D780,0x3ED,0x00DB6D,0x0013,36,0B,E8,OK
0x4C11,0x2411,0A,40,5,0x00D780,0x3EE,0x00DB6E,0x0012,36,86,62,OK
0x4C10,0x2410,0A,40,5,0x00D780,0x3EF,0x00DB6F,0x0011,36,03,DE,OK
0x4C0F,0x240F,0A,40,5,0x00D780,0x3F0,0x00DB70,0x0010,36,04,DE,OK
0x4C0E,0x240E,0A,40,5,0x00D780,0x3F1,0x00DB71,0x000F,36,04,DD,OK
0x4C0D,0x240D,0A,40,5,0x00D780,0x3F2,0x00DB72,0x000E,36,87,5F,OK
0x4C0C,0x240C,0A,40,5,0x00D780,0x3F3,0x00DB73,0x000D,36,03,DA,OK
0x4C0B,0x240B,0A,40,5,0x00D780,0x3F4,0x00DB74,0x000C,36,01,D7,OK
0x4C0A,0x240A,0A,40,5,0x00D780,0x3F5,0x00DB75,0x000B,36,96,6B,OK
0x4C09,0x2409,0A,40,5,0x00D780,0x3F6,0x00DB76,0x000A,36,03,D7,OK
0x4C08,0x2408,0A,40,5,0x00D780,0x3F7,0x00DB77,0x0009,36,40,13,OK
0x4C07,0x2407,0A,40,5,0x00D780,0x3F8,0x00DB78,0x0008,36,98,6A,OK
0x4C06,0x2406,0A,40,5,0x00D780,0x3F9,0x00DB79,0x0007,36,03,D4,OK
0x4C05,0x2405,0A,40,5,0x00D780,0x3FA,0x00DB7A,0x0006,36,10,E0,OK
0x4C04,0x2404,0A,40,5,0x00D780,0x3FB,0x00DB7B,0x0005,36,89,58,OK
0x4C03,0x2403,0A,40,5,0x00D780,0x3FC,0x00DB7C,0x0004,36,03,D1,OK
0x4C02,0x2402,0A,40,5,0x00D780,0x3FD,0x00DB7D,0x0003,36,04,D1,OK
0x4C01,0x2401,0A,40,5,0x00D780,0x3FE,0x00DB7E,0x0002,36,05,D1,OK
0x4C00,0x2400,0A,40,5,0x00D780,0x3FF,0x00DB7F,0x0001,36,86,51,OK
0x53FF,0x2BFF,0B,40,1,0x00DB90,0x000,0x00DB90,0x0400,35,41,10,OK
0x53FE,0x2BFE,0B,40,1,0x00DB90,0x001,0x00DB91,0x03FF,35,44,11,OK
0x53FD,0x2BFD,0B,40,1,0x00DB90,0x002,0x00DB92,0x03FE,35,51,1D,OK
0x53FC,0x2BFC,0B,40,1,0x00DB90,0x003,0x00DB93,0x03FD,35,54,1F,OK
0x53FB,0x2BFB,0B,40,1,0x00DB90,0x004,0x00DB94,0x03FC,35,45,0F,OK
0x53FA,0x2BFA,0B,40,1,0x00DB90,0x005,0x00DB95,0x03FB,35,54,1D,OK
0x53F9,0x2BF9,0B,40,1,0x00DB90,0x006,0x00DB96,0x03FA,35,05,CD,OK
0x53F8,0x2BF8,0B,40,1,0x00DB90,0x007,0x00DB97,0x03F9,35,55,1C,OK
0x53F7,0x2BF7,0B,40,1,0x00DB90,0x008,0x00DB98,0x03F8,35,41,07,OK
0x53F6,0x2BF6,0B,40,1,0x00DB90,0x009,0x00DB99,0x03F7,35,09,CE,OK
0x53F5,0x2BF5,0B,40,1,0x00DB90,0x00A,0x00DB9A,0x03F6,35,15,D9,OK
0x53F4,0x2BF4,0B,40,1,0x00DB90,0x00B,0x00DB9B,0x03F5,35,54,17,OK
0x53F3,0x2BF3,0B,40,1,0x00DB90,0x00C,0x00DB9C,0x03F4,35,05,C7,OK
0x53F2,0x2BF2,0B,40,1,0x00DB90,0x00D,0x00DB9D,0x03F3,35,05,C6,OK
0x53F1,0x2BF1,0B,40,1,0x00DB90,0x00E,0x00DB9E,0x03F2,35,15,D5,OK
0x53F0,0x2BF0,0B,40,1,0x00DB90,0x00F,0x00DB9F,0x03F1,35,05,C4,OK
0x53EF,0x2BEF,0B,40,1,0x00DB90,0x010,0x00DBA0,0x03F0,35,45,03,OK
0x53EE,0x2BEE,0B,40,1,0x00DB90,0x011,0x00DBA1,0x03EF,35,44,01,OK
0x53ED,0x2BED,0B,40,1,0x00DB90,0x012,0x00DBA2,0x03EE,35,00,BC,OK
0x53EC,0x2BEC,0B,40,1,0x00DB90,0x013,0x00DBA3,0x03ED,35,10,CB,OK
0x53EB,0x2BEB,0B,40,1,0x00DB90,0x014,0x00DBA4,0x03EC,35,54,0E,OK
0x53EA,0x2BEA,0B,40,1,0x00DB90,0x015,0x00DBA5,0x03EB,35,45,FE,OK
0x53E9,0x2BE9,0B,40,1,0x00DB90,0x016,0x00DBA6,0x03EA,35,04,BC,OK
0x53E8,0x2BE8,0B,40,1,0x00DB90,0x017,0x00DBA7,0x03E9,35,04,BB,OK
0x53E7,0x2BE7,0B,40,1,0x00DB90,0x018,0x00DBA8,0x03E8,35,55,0B,OK
0x53E6,0x2BE6,0B,40,1,0x00DB90,0x019,0x00DBA9,0x03E7,35,45,FA,OK
0x53E5,0x2BE5,0B,40,1,0x00DB90,0x01A,0x00DBAA,0x03E6,35,51,05,OK
0x53E4,0x2BE4,0B,40,1,0x00DB90,0x01B,0x00DBAB,0x03E5,35,05,B8,OK
0x53E3,0x2BE3,0B,40,1,0x00DB90,0x01C,0x00DBAC,0x03E4,35,01,B3,OK
0x53E2,0x2BE2,0B,40,1,0x00DB90,0x01D,0x00DBAD,0x03E3,35,10,C1,OK
0x53E1,0x2BE1,0B,40,1,0x00DB90,0x01E,0x00DBAE,0x03E2,35,04,B4,OK
0x53E0,0x2BE0,0B,40,1,0x00DB90,0x01F,0x00DBAF,0x03E1,35,04,B3,OK
0x53DF,0x2BDF,0B,40,1,0x00DB90,0x020,0x00DBB0,0x03E0,35,50,FE,OK
0x53DE,0x2BDE,0B,40,1,0x00DB90,0x021,0x00DBB1,0x03DF,35,15,C2,OK
0x53DD,0x2BDD,0B,40,1,0x00DB90,0x022,0x00DBB2,0x03DE,35,40,EC,OK
0x53DC,0x2BDC,0B,40,1,0x00DB90,0x023,0x00DBB3,0x03DD,35,54,FF,OK
0x53DB,0x2BDB,0B,40,1,0x00DB90,0x024,0x00DBB4,0x03DC,35,B0,5A,OK
0x53DA,0x2BDA,0B,40,1,0x00DB90,0x025,0x00DBB5,0x03DB,35,F0,99,OK
0x53D9,0x2BD9,0B,40,1,0x00DB90,0x026,0x00DBB6,0x03DA,35,DD,85,OK
0x53D8,0x2BD8,0B,40,1,0x00DB90,0x027,0x00DBB7,0x03D9,35,BF,66,OK
0x53D7,0x2BD7,0B,40,1,0x00DB90,0x028,0x00DBB8,0x03D8,35,FF,A5,OK
0x53D6,0x2BD6,0B,40,1,0x00DB90,0x029,0x00DBB9,0x03D7,35,E2,87,OK
0x53D5,0x2BD5,0B,40,1,0x00DB90,0x02A,0x00DBBA,0x03D6,35,7E,22,OK
0x53D4,0x2BD4,0B,40,1,0x00DB90,0x02B,0x00DBBB,0x03D5,35,FF,A2,OK
0x53D3,0x2BD3,0B,40,1,0x00DB90,0x02C,0x00DBBC,0x03D4,35,05,A7,OK
0x53D2,0x2BD2,0B,40,1,0x00DB90,0x02D,0x00DBBD,0x03D3,35,7F,20,OK
0x53D1,0x2BD1,0B,40,1,0x00DB90,0x02E,0x00DBBE,0x03D2,35,EA,8A,OK
0x53D0,0x2BD0,0B,40,1,0x00DB90,0x02F,0x00DBBF,0x03D1,35,3B,DA,OK
0x53CF,0x2BCF,0B,40,1,0x00DB90,0x030,0x00DBC0,0x03D0,35,0A,A8,OK
0x53CE,0x2BCE,0B,40,1,0x00DB90,0x031,0x00DBC1,0x03CF,35,BE,5B,OK
0x53CD,0x2BCD,0B,40,1,0x00DB90,0x032,0x00DBC2,0x03CE,35,FE,9A,OK
0x53CC,0x2BCC,0B,40,1,0x00DB90,0x033,0x00DBC3,0x03CD,35,AE,49,OK
0x53CB,0x2BCB,0B,40,1,0x00DB90,0x034,0x00DBC4,0x03CC,35,EE,88,OK
0x53CA,0x2BCA,0B,40,1,0x00DB90,0x035,0x00DBC5,0x03CB,35,FF,98,OK
0x53C9,0x2BC9,0B,40,1,0x00DB90,0x036,0x00DBC6,0x03CA,35,0C,A4,OK
0x53C8,0x2BC8,0B,40,1,0x00DB90,0x037,0x00DBC7,0x03C9,35,EE,85,OK
0x53C7,0x2BC7,0B,40,1,0x00DB90,0x038,0x00DBC8,0x03C8,35,FC,92,OK
0x53C6,0x2BC6,0B,40,1,0x00DB90,0x039,0x00DBC9,0x03C7,35,7F,14,OK
0x53C5,0x2BC5,0B,40,1,0x00DB90,0x03A,0x00DBCA,0x03C6,35,17,AB,OK
0x53C4,0x2BC4,0B,40,1,0x00DB90,0x03B,0x00DBCB,0x03C5,35,AE,41,OK
0x53C3,0x2BC3,0B,40,1,0x00DB90,0x03C,0x00DBCC,0x03C4,35,8E,20,OK
0x53C2,0x2BC2,0B,40,1,0x00DB90,0x03D,0x00DBCD,0x03C3,35,3C,CD,OK
0x53C1,0x2BC1,0B,40,1,0x00DB90,0x03E,0x00DBCE,0x03C2,35,FB,8B,OK
0x53C0,0x2BC0,0B,40,1,0x00DB90,0x03F,0x00DBCF,0x03C1,35,FF,8E,OK
0x53BF,0x2BBF,0B,40,1,0x00DB90,0x040,0x00DBD0,0x03C0,35,07,95,OK
0x53BE,0x2BBE,0B,40,1,0x00DB90,0x041,0x00DBD1,0x03BF,35,04,91,OK
0x53BD,0x2BBD,0B,40,1,0x00DB90,0x042,0x00DBD2,0x03BE,35,10,9C,OK
0x53BC,0x2BBC,0B,40,1,0x00DB90,0x043,0x00DBD3,0x03BD,35,62,ED,OK
0x53BB,0x2BBB,0B,40,1,0x00DB90,0x044,0x00DBD4,0x03BC,35,DC,66,OK
0x53BA,0x2BBA,0B,40,1,0x00DB90,0x045,0x00DBD5,0x03BB,35,02,8B,OK
0x53B9,0x2BB9,0B,40,1,0x00DB90,0x046,0x00DBD6,0x03BA,35,04,8C,OK
0x53B8,0x2BB8,0B,40,1,0x00DB90,0x047,0x00DBD7,0x03B9,35,FD,84,OK
0x53B7,0x2BB7,0B,40,1,0x00DB90,0x048,0x00DBD8,0x03B8,35,09,8F,OK
0x53B6,0x2BB6,0B,40,1,0x00DB90,0x049,0x00DBD9,0x03B7,35,39,BE,OK
0x53B5,0x2BB5,0B,40,1,0x00DB90,0x04A,0x00DBDA,0x03B6,35,83,07,OK
0x53B4,0x2BB4,0B,40,1,0x00DB90,0x04B,0x00DBDB,0x03B5,35,C8,4B,OK
0x53B3,0x2BB3,0B,40,1,0x00DB90,0x04C,0x00DBDC,0x03B4,35,AE,30,OK
0x53B2,0x2BB2,0B,40,1,0x00DB90,0x04D,0x00DBDD,0x03B3,35,80,01,OK
0x53B1,0x2BB1,0B,40,1,0x00DB90,0x04E,0x00DBDE,0x03B2,35,2A,AA,OK
0x53B0,0x2BB0,0B,40,1,0x00DB90,0x04F,0x00DBDF,0x03B1,35,AA,29,OK
0x53AF,0x2BAF,0B,40,1,0x00DB90,0x050,0x00DBE0,0x03B0,35,A8,26,OK
0x53AE,0x2BAE,0B,40,1,0x00DB90,0x051,0x00DBE1,0x03AF,35,2A,A7,OK
0x53AD,0x2BAD,0B,40,1,0x00DB90,0x052,0x00DBE2,0x03AE,35,AA,26,OK
0x53AC,0x2BAC,0B,40,1,0x00DB90,0x053,0x00DBE3,0x03AD,35,06,81,OK
0x53AB,0x2BAB,0B,40,1,0x00DB90,0x054,0x00DBE4,0x03AC,35,2A,A4,OK
0x53AA,0x2BAA,0B,40,1,0x00DB90,0x055,0x00DBE5,0x03AB,35,8A,03,OK
0x53A9,0x2BA9,0B,40,1,0x00DB90,0x056,0x00DBE6,0x03AA,35,80,F8,OK
0x53A8,0x2BA8,0B,40,1,0x00DB90,0x057,0x00DBE7,0x03A9,35,AA,21,OK
0x53A7,0x2BA7,0B,40,1,0x00DB90,0x058,0x00DBE8,0x03A8,35,2A,A0,OK
0x53A6,0x2BA6,0B,40,1,0x00DB90,0x059,0x00DBE9,0x03A7,35,28,9D,OK
0x53A5,0x2BA5,0B,40,1,0x00DB90,0x05A,0x00DBEA,0x03A6,35,AA,1E,OK
0x53A4,0x2BA4,0B,40,1,0x00DB90,0x05B,0x00DBEB,0x03A5,35,80,F3,OK
0x53A3,0x2BA3,0B,40,1,0x00DB90,0x05C,0x00DBEC,0x03A4,35,A2,14,OK
0x53A2,0x2BA2,0B,40,1,0x00DB90,0x05D,0x00DBED,0x03A3,35,05,76,OK
0x53A1,0x2BA1,0B,40,1,0x00DB90,0x05E,0x00DBEE,0x03A2,35,8A,FA,OK
0x53A0,0x2BA0,0B,40,1,0x00DB90,0x05F,0x00DBEF,0x03A1,35,0A,79,OK
0x539F,0x2B9F,0B,40,1,0x00DB90,0x060,0x00DBF0,0x03A0,35,04,72,OK
0x539E,0x2B9E,0B,40,1,0x00DB90,0x061,0x00DBF1,0x039F,35,88,F5,OK
0x539D,0x2B9D,0B,40,1,0x00DB90,0x062,0x00DBF2,0x039E,35,2A,96,OK
0x539C,0x2B9C,0B,40,1,0x00DB90,0x063,0x00DBF3,0x039D,35,02,6D,OK
0x539B,0x2B9B,0B,40,1,0x00DB90,0x064,0x00DBF4,0x039C,35,04,6E,OK
0x539A,0x2B9A,0B,40,1,0x00DB90,0x065,0x00DBF5,0x039B,35,88,F1,OK
0x5399,0x2B99,0B,40,1,0x00DB90,0x066,0x00DBF6,0x039A,35,20,88,OK
0x5398,0x2B98,0B,40,1,0x00DB90,0x067,0x00DBF7,0x0399,35,8A,F1,OK
0x5397,0x2B97,0B,40,1,0x00DB90,0x068,0x00DBF8,0x0398,35,02,68,OK
0x5396,0x2B96,0B,40,1,0x00DB90,0x069,0x00DBF9,0x0397,35,04,69,OK
0x5395,0x2B95,0B,40,1,0x00DB90,0x06A,0x00DBFA,0x0396,35,8A,EE,OK
0x5394,0x2B94,0B,40,1,0x00DB90,0x06B,0x00DBFB,0x0395,35,20,83,OK
0x5393,0x2B93,0B,40,1,0x00DB90,0x06C,0x00DBFC,0x0394,35,8A,EC,OK
0x5392,0x2B92,0B,40,1,0x00DB90,0x06D,0x00DBFD,0x0393,35,80,E1,OK
0x5391,0x2B91,0B,40,1,0x00DB90,0x06E,0x00DBFE,0x0392,35,8A,EA,OK
0x5390,0x2B90,0B,40,1,0x00DB90,0x06F,0x00DBFF,0x0391,35,80,DF,OK
0x538F,0x2B8F,0B,40,1,0x00DB90,0x070,0x00DC00,0x0390,35,A2,00,OK
0x538E,0x2B8E,0B,40,1,0x00DB90,0x071,0x00DC01,0x038F,35,2A,87,OK
0x538D,0x2B8D,0B,40,1,0x00DB90,0x072,0x00DC02,0x038E,35,8A,E6,OK
0x538C,0x2B8C,0B,40,1,0x00DB90,0x073,0x00DC03,0x038D,35,A9,04,OK
0x538B,0x2B8B,0B,40,1,0x00DB90,0x074,0x00DC04,0x038C,35,9F,F9,OK
0x538A,0x2B8A,0B,40,1,0x00DB90,0x075,0x00DC05,0x038B,35,4D,A6,OK
0x5389,0x2B89,0B,40,1,0x00DB90,0x076,0x00DC06,0x038A,35,55,AD,OK
0x5388,0x2B88,0B,40,1,0x00DB90,0x077,0x00DC07,0x0389,35,E1,38,OK
0x5387,0x2B87,0B,40,1,0x00DB90,0x078,0x00DC08,0x0388,35,BD,13,OK
0x5386,0x2B86,0B,40,1,0x00DB90,0x079,0x00DC09,0x0387,35,EE,43,OK
0x5385,0x2B85,0B,40,1,0x00DB90,0x07A,0x00DC0A,0x0386,35,57,AB,OK
0x5384,0x2B84,0B,40,1,0x00DB90,0x07B,0x00DC0B,0x0385,35,55,A8,OK
0x5383,0x2B83,0B,40,1,0x00DB90,0x07C,0x00DC0C,0x0384,35,4D,9F,OK
0x5382,0x2B82,0B,40,1,0x00DB90,0x07D,0x00DC0D,0x0383,35,35,86,OK
0x5381,0x2B81,0B,40,1,0x00DB90,0x07E,0x00DC0E,0x0382,35,09,59,OK
0x5380,0x2B80,0B,40,1,0x00DB90,0x07F,0x00DC0F,0x0381,35,57,A6,OK
0x537F,0x2B7F,0B,40,1,0x00DB90,0x080,0x00DC10,0x0380,35,17,65,OK
0x537E,0x2B7E,0B,40,1,0x00DB90,0x081,0x00DC11,0x037F,35,75,C2,OK
0x537D,0x2B7D,0B,40,1,0x00DB90,0x082,0x00DC12,0x037E,35,FD,49,OK
0x537C,0x2B7C,0B,40,1,0x00DB90,0x083,0x00DC13,0x037D,35,FF,4A,OK
0x537B,0x2B7B,0B,40,1,0x00DB90,0x084,0x00DC14,0x037C,35,3B,85,OK
0x537A,0x2B7A,0B,40,1,0x00DB90,0x085,0x00DC15,0x037B,35,C7,10,OK
0x5379,0x2B79,0B,40,1,0x00DB90,0x086,0x00DC16,0x037A,35,FF,47,OK
0x5378,0x2B78,0B,40,1,0x00DB90,0x087,0x00DC17,0x0379,35,D7,1E,OK
0x5377,0x2B77,0B,40,1,0x00DB90,0x088,0x00DC18,0x0378,35,FF,45,OK
0x5376,0x2B76,0B,40,1,0x00DB90,0x089,0x00DC19,0x0377,35,7F,C4,OK
0x5375,0x2B75,0B,40,1,0x00DB90,0x08A,0x00DC1A,0x0376,35,0B,4F,OK
0x5374,0x2B74,0B,40,1,0x00DB90,0x08B,0x00DC1B,0x0375,35,FE,41,OK
0x5373,0x2B73,0B,40,1,0x00DB90,0x08C,0x00DC1C,0x0374,35,E1,23,OK
0x5372,0x2B72,0B,40,1,0x00DB90,0x08D,0x00DC1D,0x0373,35,9F,E0,OK
0x5371,0x2B71,0B,40,1,0x00DB90,0x08E,0x00DC1E,0x0372,35,7F,BF,OK
0x5370,0x2B70,0B,40,1,0x00DB90,0x08F,0x00DC1F,0x0371,35,FF,3E,OK
0x536F,0x2B6F,0B,40,1,0x00DB90,0x090,0x00DC20,0x0370,35,F2,30,OK
0x536E,0x2B6E,0B,40,1,0x00DB90,0x091,0x00DC21,0x036F,35,4B,88,OK
0x536D,0x2B6D,0B,40,1,0x00DB90,0x092,0x00DC22,0x036E,35,ED,29,OK
0x536C,0x2B6C,0B,40,1,0x00DB90,0x093,0x00DC23,0x036D,35,B2,ED,OK
0x536B,0x2B6B,0B,40,1,0x00DB90,0x094,0x00DC24,0x036C,35,CF,09,OK
0x536A,0x2B6A,0B,40,1,0x00DB90,0x095,0x00DC25,0x036B,35,B6,EF,OK
0x5369,0x2B69,0B,40,1,0x00DB90,0x096,0x00DC26,0x036A,35,FF,37,OK
0x5368,0x2B68,0B,40,1,0x00DB90,0x097,0x00DC27,0x0369,35,A7,DE,OK
0x5367,0x2B67,0B,40,1,0x00DB90,0x098,0x00DC28,0x0368,35,40,76,OK
0x5366,0x2B66,0B,40,1,0x00DB90,0x099,0x00DC29,0x0367,35,4D,82,OK
0x5365,0x2B65,0B,40,1,0x00DB90,0x09A,0x00DC2A,0x0366,35,41,75,OK
0x5364,0x2B64,0B,40,1,0x00DB90,0x09B,0x00DC2B,0x0365,35,55,88,OK
0x5363,0x2B63,0B,40,1,0x00DB90,0x09C,0x00DC2C,0x0364,35,D5,07,OK
0x5362,0x2B62,0B,40,1,0x00DB90,0x09D,0x00DC2D,0x0363,35,55,86,OK
0x5361,0x2B61,0B,40,1,0x00DB90,0x09E,0x00DC2E,0x0362,35,54,84,OK
0x5360,0x2B60,0B,40,1,0x00DB90,0x09F,0x00DC2F,0x0361,35,15,44,OK
0x535F,0x2B5F,0B,40,1,0x00DB90,0x0A0,0x00DC30,0x0360,35,55,83,OK
0x535E,0x2B5E,0B,40,1,0x00DB90,0x0A1,0x00DC31,0x035F,35,05,32,OK
0x535D,0x2B5D,0B,40,1,0x00DB90,0x0A2,0x00DC32,0x035E,35,04,30,OK
0x535C,0x2B5C,0B,40,1,0x00DB90,0x0A3,0x00DC33,0x035D,35,15,40,OK
0x535B,0x2B5B,0B,40,1,0x00DB90,0x0A4,0x00DC34,0x035C,35,04,2E,OK
0x535A,0x2B5A,0B,40,1,0x00DB90,0x0A5,0x00DC35,0x035B,35,04,2D,OK
0x5359,0x2B59,0B,40,1,0x00DB90,0x0A6,0x00DC36,0x035A,35,55,7D,OK
0x5358,0x2B58,0B,40,1,0x00DB90,0x0A7,0x00DC37,0x0359,35,05,2C,OK
0x5357,0x2B57,0B,40,1,0x00DB90,0x0A8,0x00DC38,0x0358,35,41,67,OK
0x5356,0x2B56,0B,40,1,0x00DB90,0x0A9,0x00DC39,0x0357,35,15,3A,OK
0x5355,0x2B55,0B,40,1,0x00DB90,0x0AA,0x00DC3A,0x0356,35,41,65,OK
0x5354,0x2B54,0B,40,1,0x00DB90,0x0AB,0x00DC3B,0x0355,35,50,73,OK
0x5353,0x2B53,0B,40,1,0x00DB90,0x0AC,0x00DC3C,0x0354,35,14,36,OK
0x5352,0x2B52,0B,40,1,0x00DB90,0x0AD,0x00DC3D,0x0353,35,55,76,OK
0x5351,0x2B51,0B,40,1,0x00DB90,0x0AE,0x00DC3E,0x0352,35,51,71,OK
0x5350,0x2B50,0B,40,1,0x00DB90,0x0AF,0x00DC3F,0x0351,35,55,74,OK
0x534F,0x2B4F,0B,40,1,0x00DB90,0x0B0,0x00DC40,0x0350,35,15,33,OK
0x534E,0x2B4E,0B,40,1,0x00DB90,0x0B1,0x00DC41,0x034F,35,45,62,OK
0x534D,0x2B4D,0B,40,1,0x00DB90,0x0B2,0x00DC42,0x034E,35,55,71,OK
0x534C,0x2B4C,0B,40,1,0x00DB90,0x0B3,0x00DC43,0x034D,35,10,2B,OK
0x534B,0x2B4B,0B,40,1,0x00DB90,0x0B4,0x00DC44,0x034C,35,55,6F,OK
0x534A,0x2B4A,0B,40,1,0x00DB90,0x0B5,0x00DC45,0x034B,35,15,2E,OK
0x5349,0x2B49,0B,40,1,0x00DB90,0x0B6,0x00DC46,0x034A,35,44,5C,OK
0x5348,0x2B48,0B,40,1,0x00DB90,0x0B7,0x00DC47,0x0349,35,14,2B,OK
0x5347,0x2B47,0B,40,1,0x00DB90,0x0B8,0x00DC48,0x0348,35,45,5B,OK
0x5346,0x2B46,0B,40,1,0x00DB90,0x0B9,0x00DC49,0x0347,35,15,2A,OK
0x5345,0x2B45,0B,40,1,0x00DB90,0x0BA,0x00DC4A,0x0346,35,05,19,OK
0x5344,0x2B44,0B,40,1,0x00DB90,0x0BB,0x00DC4B,0x0345,35,40,53,OK
0x5343,0x2B43,0B,40,1,0x00DB90,0x0BC,0x00DC4C,0x0344,35,15,27,OK
0x5342,0x2B42,0B,40,1,0x00DB90,0x0BD,0x00DC4D,0x0343,35,45,56,OK
0x5341,0x2B41,0B,40,1,0x00DB90,0x0BE,0x00DC4E,0x0342,35,00,10,OK
0x5340,0x2B40,0B,40,1,0x00DB90,0x0BF,0x00DC4F,0x0341,35,90,9F,OK
0x533F,0x2B3F,0B,40,1,0x00DB90,0x0C0,0x00DC50,0x0340,35,51,5F,OK
0x533E,0x2B3E,0B,40,1,0x00DB90,0x0C1,0x00DC51,0x033F,35,55,62,OK
0x533D,0x2B3D,0B,40,1,0x00DB90,0x0C2,0x00DC52,0x033E,35,79,85,OK
0x533C,0x2B3C,0B,40,1,0x00DB90,0x0C3,0x00DC53,0x033D,35,A5,B0,OK
0x533B,0x2B3B,0B,40,1,0x00DB90,0x0C4,0x00DC54,0x033C,35,BA,C4,OK
0x533A,0x2B3A,0B,40,1,0x00DB90,0x0C5,0x00DC55,0x033B,35,AA,B3,OK
0x5339,0x2B39,0B,40,1,0x00DB90,0x0C6,0x00DC56,0x033A,35,7F,87,OK
0x5338,0x2B38,0B,40,1,0x00DB90,0x0C7,0x00DC57,0x0339,35,E1,E8,OK
0x5337,0x2B37,0B,40,1,0x00DB90,0x0C8,0x00DC58,0x0338,35,BA,C0,OK
0x5336,0x2B36,0B,40,1,0x00DB90,0x0C9,0x00DC59,0x0337,35,09,0E,OK
0x5335,0x2B35,0B,40,1,0x00DB90,0x0CA,0x00DC5A,0x0336,35,EA,EE,OK
0x5334,0x2B34,0B,40,1,0x00DB90,0x0CB,0x00DC5B,0x0335,35,5E,61,OK
0x5333,0x2B33,0B,40,1,0x00DB90,0x0CC,0x00DC5C,0x0334,35,FF,01,OK
0x5332,0x2B32,0B,40,1,0x00DB90,0x0CD,0x00DC5D,0x0333,35,0A,0B,OK
0x5331,0x2B31,0B,40,1,0x00DB90,0x0CE,0x00DC5E,0x0332,35,DA,DA,OK
0x5330,0x2B30,0B,40,1,0x00DB90,0x0CF,0x00DC5F,0x0331,35,DF,DE,OK
0x532F,0x2B2F,0B,40,1,0x00DB90,0x0D0,0x00DC60,0x0330,35,D4,D2,OK
0x532E,0x2B2E,0B,40,1,0x00DB90,0x0D1,0x00DC61,0x032F,35,95,92,OK
0x532D,0x2B2D,0B,40,1,0x00DB90,0x0D2,0x00DC62,0x032E,35,BF,BB,OK
0x532C,0x2B2C,0B,40,1,0x00DB90,0x0D3,0x00DC63,0x032D,35,EE,E9,OK
0x532B,0x2B2B,0B,40,1,0x00DB90,0x0D4,0x00DC64,0x032C,35,FF,F9,OK
0x532A,0x2B2A,0B,40,1,0x00DB90,0x0D5,0x00DC65,0x032B,35,05,FE,OK
0x5329,0x2B29,0B,40,1,0x00DB90,0x0D6,0x00DC66,0x032A,35,FE,F6,OK
0x5328,0x2B28,0B,40,1,0x00DB90,0x0D7,0x00DC67,0x0329,35,FF,F6,OK
0x5327,0x2B27,0B,40,1,0x00DB90,0x0D8,0x00DC68,0x0328,35,FD,F3,OK
0x5326,0x2B26,0B,40,1,0x00DB90,0x0D9,0x00DC69,0x0327,35,FF,F4,OK
0x5325,0x2B25,0B,40,1,0x00DB90,0x0DA,0x00DC6A,0x0326,35,06,FA,OK
0x5324,0x2B24,0B,40,1,0x00DB90,0x0DB,0x00DC6B,0x0325,35,03,F6,OK
0x5323,0x2B23,0B,40,1,0x00DB90,0x0DC,0x00DC6C,0x0324,35,DC,CE,OK
0x5322,0x2B22,0B,40,1,0x00DB90,0x0DD,0x00DC6D,0x0323,35,79,6A,OK
0x5321,0x2B21,0B,40,1,0x00DB90,0x0DE,0x00DC6E,0x0322,35,FE,EE,OK
0x5320,0x2B20,0B,40,1,0x00DB90,0x0DF,0x00DC6F,0x0321,35,DF,CE,OK
0x531F,0x2B1F,0B,40,1,0x00DB90,0x0E0,0x00DC70,0x0320,35,7F,6D,OK
0x531E,0x2B1E,0B,40,1,0x00DB90,0x0E1,0x00DC71,0x031F,35,FF,EC,OK
0x531D,0x2B1D,0B,40,1,0x00DB90,0x0E2,0x00DC72,0x031E,35,05,F1,OK
0x531C,0x2B1C,0B,40,1,0x00DB90,0x0E3,0x00DC73,0x031D,35,FA,E5,OK
0x531B,0x2B1B,0B,40,1,0x00DB90,0x0E4,0x00DC74,0x031C,35,F3,DD,OK
0x531A,0x2B1A,0B,40,1,0x00DB90,0x0E5,0x00DC75,0x031B,35,F9,E2,OK
0x5319,0x2B19,0B,40,1,0x00DB90,0x0E6,0x00DC76,0x031A,35,FF,E7,OK
0x5318,0x2B18,0B,40,1,0x00DB90,0x0E7,0x00DC77,0x0319,35,6A,51,OK
0x5317,0x2B17,0B,40,1,0x00DB90,0x0E8,0x00DC78,0x0318,35,EA,D0,OK
0x5316,0x2B16,0B,40,1,0x00DB90,0x0E9,0x00DC79,0x0317,35,20,05,OK
0x5315,0x2B15,0B,40,1,0x00DB90,0x0EA,0x00DC7A,0x0316,35,AA,8E,OK
0x5314,0x2B14,0B,40,1,0x00DB90,0x0EB,0x00DC7B,0x0315,35,2A,0D,OK
0x5313,0x2B13,0B,40,1,0x00DB90,0x0EC,0x00DC7C,0x0314,35,AA,8C,OK
0x5312,0x2B12,0B,40,1,0x00DB90,0x0ED,0x00DC7D,0x0313,35,20,01,OK
0x5311,0x2B11,0B,40,1,0x00DB90,0x0EE,0x00DC7E,0x0312,35,88,68,OK
0x5310,0x2B10,0B,40,1,0x00DB90,0x0EF,0x00DC7F,0x0311,35,05,E4,OK
0x530F,0x2B0F,0B,40,1,0x00DB90,0x0F0,0x00DC80,0x0310,35,80,5E,OK
0x530E,0x2B0E,0B,40,1,0x00DB90,0x0F1,0x00DC81,0x030F,35,8A,67,OK
0x530D,0x2B0D,0B,40,1,0x00DB90,0x0F2,0x00DC82,0x030E,35,AA,86,OK
0x530C,0x2B0C,0B,40,1,0x00DB90,0x0F3,0x00DC83,0x030D,35,A8,83,OK
0x530B,0x2B0B,0B,40,1,0x00DB90,0x0F4,0x00DC84,0x030C,35,80,5A,OK
0x530A,0x2B0A,0B,40,1,0x00DB90,0x0F5,0x00DC85,0x030B,35,A8,81,OK
0x5309,0x2B09,0B,40,1,0x00DB90,0x0F6,0x00DC86,0x030A,35,2A,02,OK
0x5308,0x2B08,0B,40,1,0x00DB90,0x0F7,0x00DC87,0x0309,35,0A,E1,OK
0x5307,0x2B07,0B,40,1,0x00DB90,0x0F8,0x00DC88,0x0308,35,04,DA,OK
0x5306,0x2B06,0B,40,1,0x00DB90,0x0F9,0x00DC89,0x0307,35,80,55,OK
0x5305,0x2B05,0B,40,1,0x00DB90,0x0FA,0x00DC8A,0x0306,35,A8,7C,OK
0x5304,0x2B04,0B,40,1,0x00DB90,0x0FB,0x00DC8B,0x0305,35,08,DB,OK
0x5303,0x2B03,0B,40,1,0x00DB90,0x0FC,0x00DC8C,0x0304,35,05,D7,OK
0x5302,0x2B02,0B,40,1,0x00DB90,0x0FD,0x00DC8D,0x0303,35,8A,5B,OK
0x5301,0x2B01,0B,40,1,0x00DB90,0x0FE,0x00DC8E,0x0302,35,A8,78,OK
0x5300,0x2B00,0B,40,1,0x00DB90,0x0FF,0x00DC8F,0x0301,35,20,EF,OK
0x52FF,0x2AFF,0B,40,1,0x00DB90,0x100,0x00DC90,0x0300,35,A0,6E,OK
0x52FE,0x2AFE,0B,40,1,0x00DB90,0x101,0x00DC91,0x02FF,35,A2,6E,OK
0x52FD,0x2AFD,0B,40,1,0x00DB90,0x102,0x00DC92,0x02FE,35,82,4D,OK
0x52FC,0x2AFC,0B,40,1,0x00DB90,0x103,0x00DC93,0x02FD,35,28,F2,OK
0x52FB,0x2AFB,0B,40,1,0x00DB90,0x104,0x00DC94,0x02FC,35,A0,69,OK
0x52FA,0x2AFA,0B,40,1,0x00DB90,0x105,0x00DC95,0x02FB,35,02,CA,OK
0x52F9,0x2AF9,0B,40,1,0x00DB90,0x106,0x00DC96,0x02FA,35,04,CB,OK
0x52F8,0x2AF8,0B,40,1,0x00DB90,0x107,0x00DC97,0x02F9,35,2A,F0,OK
0x52F7,0x2AF7,0B,40,1,0x00DB90,0x108,0x00DC98,0x02F8,35,88,4D,OK
0x52F6,0x2AF6,0B,40,1,0x00DB90,0x109,0x00DC99,0x02F7,35,A0,64,OK
0x52F5,0x2AF5,0B,40,1,0x00DB90,0x10A,0x00DC9A,0x02F6,35,02,C5,OK
0x52F4,0x2AF4,0B,40,1,0x00DB90,0x10B,0x00DC9B,0x02F5,35,04,C6,OK
0x52F3,0x2AF3,0B,40,1,0x00DB90,0x10C,0x00DC9C,0x02F4,35,8A,4B,OK
0x52F2,0x2AF2,0B,40,1,0x00DB90,0x10D,0x00DC9D,0x02F3,35,05,C5,OK
0x52F1,0x2AF1,0B,40,1,0x00DB90,0x10E,0x00DC9E,0x02F2,35,22,E1,OK
0x52F0,0x2AF0,0B,40,1,0x00DB90,0x10F,0x00DC9F,0x02F1,35,48,06,OK
0x52EF,0x2AEF,0B,40,1,0x00DB90,0x110,0x00DCA0,0x02F0,35,33,F0,OK
0x52EE,0x2AEE,0B,40,1,0x00DB90,0x111,0x00DCA1,0x02EF,35,55,11,OK
0x52ED,0x2AED,0B,40,1,0x00DB90,0x112,0x00DCA2,0x02EE,35,05,C0,OK
0x52EC,0x2AEC,0B,40,1,0x00DB90,0x113,0x00DCA3,0x02ED,35,9D,57,OK
0x52EB,0x2AEB,0B,40,1,0x00DB90,0x114,0x00DCA4,0x02EC,35,48,01,OK
0x52EA,0x2AEA,0B,40,1,0x00DB90,0x115,0x00DCA5,0x02EB,35,55,0D,OK
0x52E9,0x2AE9,0B,40,1,0x00DB90,0x116,0x00DCA6,0x02EA,35,07,BE,OK
0x52E8,0x2AE8,0B,40,1,0x00DB90,0x117,0x00DCA7,0x02E9,35,F5,AB,OK
0x52E7,0x2AE7,0B,40,1,0x00DB90,0x118,0x00DCA8,0x02E8,35,FF,B4,OK
0x52E6,0x2AE6,0B,40,1,0x00DB90,0x119,0x00DCA9,0x02E7,35,57,0B,OK
0x52E5,0x2AE5,0B,40,1,0x00DB90,0x11A,0x00DCAA,0x02E6,35,55,08,OK
0x52E4,0x2AE4,0B,40,1,0x00DB90,0x11B,0x00DCAB,0x02E5,35,05,B7,OK
0x52E3,0x2AE3,0B,40,1,0x00DB90,0x11C,0x00DCAC,0x02E4,35,F1,A2,OK
0x52E2,0x2AE2,0B,40,1,0x00DB90,0x11D,0x00DCAD,0x02E3,35,FF,AF,OK
0x52E1,0x2AE1,0B,40,1,0x00DB90,0x11E,0x00DCAE,0x02E2,35,AA,59,OK
0x52E0,0x2AE0,0B,40,1,0x00DB90,0x11F,0x00DCAF,0x02E1,35,05,B3,OK
0x52DF,0x2ADF,0B,40,1,0x00DB90,0x120,0x00DCB0,0x02E0,35,8E,3B,OK
0x52DE,0x2ADE,0B,40,1,0x00DB90,0x121,0x00DCB1,0x02DF,35,AF,5B,OK
0x52DD,0x2ADD,0B,40,1,0x00DB90,0x122,0x00DCB2,0x02DE,35,FF,AA,OK
0x52DC,0x2ADC,0B,40,1,0x00DB90,0x123,0x00DCB3,0x02DD,35,EE,98,OK
0x52DB,0x2ADB,0B,40,1,0x00DB90,0x124,0x00DCB4,0x02DC,35,BE,67,OK
0x52DA,0x2ADA,0B,40,1,0x00DB90,0x125,0x00DCB5,0x02DB,35,FF,A7,OK
0x52D9,0x2AD9,0B,40,1,0x00DB90,0x126,0x00DCB6,0x02DA,35,06,AD,OK
0x52D8,0x2AD8,0B,40,1,0x00DB90,0x127,0x00DCB7,0x02D9,35,E3,89,OK
0x52D7,0x2AD7,0B,40,1,0x00DB90,0x128,0x00DCB8,0x02D8,35,EF,94,OK
0x52D6,0x2AD6,0B,40,1,0x00DB90,0x129,0x00DCB9,0x02D7,35,FF,A3,OK
0x52D5,0x2AD5,0B,40,1,0x00DB90,0x12A,0x00DCBA,0x02D6,35,BE,61,OK
0x52D4,0x2AD4,0B,40,1,0x00DB90,0x12B,0x00DCBB,0x02D5,35,FB,9D,OK
0x52D3,0x2AD3,0B,40,1,0x00DB90,0x12C,0x00DCBC,0x02D4,35,E7,88,OK
0x52D2,0x2AD2,0B,40,1,0x00DB90,0x12D,0x00DCBD,0x02D3,35,2F,CF,OK
0x52D1,0x2AD1,0B,40,1,0x00DB90,0x12E,0x00DCBE,0x02D2,35,BF,5E,OK
0x52D0,0x2AD0,0B,40,1,0x00DB90,0x12F,0x00DCBF,0x02D1,35,AF,4D,OK
0x52CF,0x2ACF,0B,40,1,0x00DB90,0x130,0x00DCC0,0x02D0,35,FB,98,OK
0x52CE,0x2ACE,0B,40,1,0x00DB90,0x131,0x00DCC1,0x02CF,35,BE,5A,OK
0x52CD,0x2ACD,0B,40,1,0x00DB90,0x132,0x00DCC2,0x02CE,35,FF,9A,OK
0x52CC,0x2ACC,0B,40,1,0x00DB90,0x133,0x00DCC3,0x02CD,35,05,9F,OK
0x52CB,0x2ACB,0B,40,1,0x00DB90,0x134,0x00DCC4,0x02CC,35,EF,88,OK
0x52CA,0x2ACA,0B,40,1,0x00DB90,0x135,0x00DCC5,0x02CB,35,FF,97,OK
0x52C9,0x2AC9,0B,40,1,0x00DB90,0x136,0x00DCC6,0x02CA,35,38,CF,OK
0x52C8,0x2AC8,0B,40,1,0x00DB90,0x137,0x00DCC7,0x02C9,35,47,DD,OK
0x52C7,0x2AC7,0B,40,1,0x00DB90,0x138,0x00DCC8,0x02C8,35,45,DA,OK
0x52C6,0x2AC6,0B,40,1,0x00DB90,0x139,0x00DCC9,0x02C7,35,56,EA,OK
0x52C5,0x2AC5,0B,40,1,0x00DB90,0x13A,0x00DCCA,0x02C6,35,55,E8,OK
0x52C4,0x2AC4,0B,40,1,0x00DB90,0x13B,0x00DCCB,0x02C5,35,05,97,OK
0x52C3,0x2AC3,0B,40,1,0x00DB90,0x13C,0x00DCCC,0x02C4,35,54,E5,OK
0x52C2,0x2AC2,0B,40,1,0x00DB90,0x13D,0x00DCCD,0x02C3,35,41,D1,OK
0x52C1,0x2AC1,0B,40,1,0x00DB90,0x13E,0x00DCCE,0x02C2,35,14,A3,OK
0x52C0,0x2AC0,0B,40,1,0x00DB90,0x13F,0x00DCCF,0x02C1,35,05,93,OK
0x52BF,0x2ABF,0B,40,1,0x00DB90,0x140,0x00DCD0,0x02C0,35,04,91,OK
0x52BE,0x2ABE,0B,40,1,0x00DB90,0x141,0x00DCD1,0x02BF,35,15,A1,OK
0x52BD,0x2ABD,0B,40,1,0x00DB90,0x142,0x00DCD2,0x02BE,35,05,90,OK
0x52BC,0x2ABC,0B,40,1,0x00DB90,0x143,0x00DCD3,0x02BD,35,04,8E,OK
0x52BB,0x2ABB,0B,40,1,0x00DB90,0x144,0x00DCD4,0x02BC,35,55,DE,OK
0x52BA,0x2ABA,0B,40,1,0x00DB90,0x145,0x00DCD5,0x02BB,35,14,9C,OK
0x52B9,0x2AB9,0B,40,1,0x00DB90,0x146,0x00DCD6,0x02BA,35,51,D8,OK
0x52B8,0x2AB8,0B,40,1,0x00DB90,0x147,0x00DCD7,0x02B9,35,54,DA,OK
0x52B7,0x2AB7,0B,40,1,0x00DB90,0x148,0x00DCD8,0x02B8,35,44,C9,OK
0x52B6,0x2AB6,0B,40,1,0x00DB90,0x149,0x00DCD9,0x02B7,35,54,D8,OK
0x52B5,0x2AB5,0B,40,1,0x00DB90,0x14A,0x00DCDA,0x02B6,35,55,D8,OK
0x52B4,0x2AB4,0B,40,1,0x00DB90,0x14B,0x00DCDB,0x02B5,35,45,C7,OK
0x52B3,0x2AB3,0B,40,1,0x00DB90,0x14C,0x00DCDC,0x02B4,35,10,91,OK
0x52B2,0x2AB2,0B,40,1,0x00DB90,0x14D,0x00DCDD,0x02B3,35,40,C0,OK
0x52B1,0x2AB1,0B,40,1,0x00DB90,0x14E,0x00DCDE,0x02B2,35,05,84,OK
0x52B0,0x2AB0,0B,40,1,0x00DB90,0x14F,0x00DCDF,0x02B1,35,55,D3,OK
0x52AF,0x2AAF,0B,40,1,0x00DB90,0x150,0x00DCE0,0x02B0,35,01,7E,OK
0x52AE,0x2AAE,0B,40,1,0x00DB90,0x151,0x00DCE1,0x02AF,35,15,91,OK
0x52AD,0x2AAD,0B,40,1,0x00DB90,0x152,0x00DCE2,0x02AE,35,44,BF,OK
0x52AC,0x2AAC,0B,40,1,0x00DB90,0x153,0x00DCE3,0x02AD,35,11,8B,OK
0x52AB,0x2AAB,0B,40,1,0x00DB90,0x154,0x00DCE4,0x02AC,35,05,7E,OK
0x52AA,0x2AAA,0B,40,1,0x00DB90,0x155,0x00DCE5,0x02AB,35,04,7C,OK
0x52A9,0x2AA9,0B,40,1,0x00DB90,0x156,0x00DCE6,0x02AA,35,55,CC,OK
0x52A8,0x2AA8,0B,40,1,0x00DB90,0x157,0x00DCE7,0x02A9,35,11,87,OK
0x52A7,0x2AA7,0B,40,1,0x00DB90,0x158,0x00DCE8,0x02A8,35,51,C6,OK
0x52A6,0x2AA6,0B,40,1,0x00DB90,0x159,0x00DCE9,0x02A7,35,10,84,OK
0x52A5,0x2AA5,0B,40,1,0x00DB90,0x15A,0x00DCEA,0x02A6,35,01,74,OK
0x52A4,0x2AA4,0B,40,1,0x00DB90,0x15B,0x00DCEB,0x02A5,35,44,B6,OK
0x52A3,0x2AA3,0B,40,1,0x00DB90,0x15C,0x00DCEC,0x02A4,35,14,85,OK
0x52A2,0x2AA2,0B,40,1,0x00DB90,0x15D,0x00DCED,0x02A3,35,54,C4,OK
0x52A1,0x2AA1,0B,40,1,0x00DB90,0x15E,0x00DCEE,0x02A2,35,14,83,OK
0x52A0,0x2AA0,0B,40,1,0x00DB90,0x15F,0x00DCEF,0x02A1,35,2C,9A,OK
0x529F,0x2A9F,0B,40,1,0x00DB90,0x160,0x00DCF0,0x02A0,35,02,6F,OK
0x529E,0x2A9E,0B,40,1,0x00DB90,0x161,0x00DCF1,0x029F,35,04,70,OK
0x529D,0x2A9D,0B,40,1,0x00DB90,0x162,0x00DCF2,0x029E,35,6C,D7,OK
0x529C,0x2A9C,0B,40,1,0x00DB90,0x163,0x00DCF3,0x029D,35,AC,16,OK
0x529B,0x2A9B,0B,40,1,0x00DB90,0x164,0x00DCF4,0x029C,35,AA,13,OK
0x529A,0x2A9A,0B,40,1,0x00DB90,0x165,0x00DCF5,0x029B,35,8A,F2,OK
0x5299,0x2A99,0B,40,1,0x00DB90,0x166,0x00DCF6,0x029A,35,0B,72,OK
0x5298,0x2A98,0B,40,1,0x00DB90,0x167,0x00DCF7,0x0299,35,E4,4A,OK
0x5297,0x2A97,0B,40,1,0x00DB90,0x168,0x00DCF8,0x0298,35,FE,63,OK
0x5296,0x2A96,0B,40,1,0x00DB90,0x169,0x00DCF9,0x0297,35,AF,13,OK
0x5295,0x2A95,0B,40,1,0x00DB90,0x16A,0x00DCFA,0x0296,35,09,6C,OK
0x5294,0x2A94,0B,40,1,0x00DB90,0x16B,0x00DCFB,0x0295,35,DB,3D,OK
0x5293,0x2A93,0B,40,1,0x00DB90,0x16C,0x00DCFC,0x0294,35,FF,60,OK
0x5292,0x2A92,0B,40,1,0x00DB90,0x16D,0x00DCFD,0x0293,35,54,B4,OK
0x5291,0x2A91,0B,40,1,0x00DB90,0x16E,0x00DCFE,0x0292,35,55,B4,OK
0x5290,0x2A90,0B,40,1,0x00DB90,0x16F,0x00DCFF,0x0291,35,D5,33,OK
0x528F,0x2A8F,0B,40,1,0x00DB90,0x170,0x00DD00,0x0290,35,DF,3C,OK
0x528E,0x2A8E,0B,40,1,0x00DB90,0x171,0x00DD01,0x028F,35,57,B3,OK
0x528D,0x2A8D,0B,40,1,0x00DB90,0x172,0x00DD02,0x028E,35,FD,58,OK
0x528C,0x2A8C,0B,40,1,0x00DB90,0x173,0x00DD03,0x028D,35,FF,59,OK
0x528B,0x2A8B,0B,40,1,0x00DB90,0x174,0x00DD04,0x028C,35,05,5E,OK
0x528A,0x2A8A,0B,40,1,0x00DB90,0x175,0x00DD05,0x028B,35,7F,D7,OK
0x5289,0x2A89,0B,40,1,0x00DB90,0x176,0x00DD06,0x028A,35,E9,40,OK
0x5288,0x2A88,0B,40,1,0x00DB90,0x177,0x00DD07,0x0289,35,DF,35,OK
0x5287,0x2A87,0B,40,1,0x00DB90,0x178,0x00DD08,0x0288,35,57,AC,OK
0x5286,0x2A86,0B,40,1,0x00DB90,0x179,0x00DD09,0x0287,35,DE,32,OK
0x5285,0x2A85,0B,40,1,0x00DB90,0x17A,0x00DD0A,0x0286,35,7B,CE,OK
0x5284,0x2A84,0B,40,1,0x00DB90,0x17B,0x00DD0B,0x0285,35,FD,4F,OK
0x5283,0x2A83,0B,40,1,0x00DB90,0x17C,0x00DD0C,0x0284,35,58,A9,OK
0x5282,0x2A82,0B,40,1,0x00DB90,0x17D,0x00DD0D,0x0283,35,6F,BF,OK
0x5281,0x2A81,0B,40,1,0x00DB90,0x17E,0x00DD0E,0x0282,35,DF,2E,OK
0x5280,0x2A80,0B,40,1,0x00DB90,0x17F,0x00DD0F,0x0281,35,55,A3,OK
0x527F,0x2A7F,0B,40,1,0x00DB90,0x180,0x00DD10,0x0280,35,D5,22,OK
0x527E,0x2A7E,0B,40,1,0x00DB90,0x181,0x00DD11,0x027F,35,79,C5,OK
0x527D,0x2A7D,0B,40,1,0x00DB90,0x182,0x00DD12,0x027E,35,DD,28,OK
0x527C,0x2A7C,0B,40,1,0x00DB90,0x183,0x00DD13,0x027D,35,DF,29,OK
0x527B,0x2A7B,0B,40,1,0x00DB90,0x184,0x00DD14,0x027C,35,F7,40,OK
0x527A,0x2A7A,0B,40,1,0x00DB90,0x185,0x00DD15,0x027B,35,F5,3D,OK
0x5279,0x2A79,0B,40,1,0x00DB90,0x186,0x00DD16,0x027A,35,FF,46,OK
0x5278,0x2A78,0B,40,1,0x00DB90,0x187,0x00DD17,0x0279,35,E9,2F,OK
0x5277,0x2A77,0B,40,1,0x00DB90,0x188,0x00DD18,0x0278,35,A3,E8,OK
0x5276,0x2A76,0B,40,1,0x00DB90,0x189,0x00DD19,0x0277,35,AA,EE,OK
0x5275,0x2A75,0B,40,1,0x00DB90,0x18A,0x00DD1A,0x0276,35,05,48,OK
0x5274,0x2A74,0B,40,1,0x00DB90,0x18B,0x00DD1B,0x0275,35,82,C4,OK
0x5273,0x2A73,0B,40,1,0x00DB90,0x18C,0x00DD1C,0x0274,35,A8,E9,OK
0x5272,0x2A72,0B,40,1,0x00DB90,0x18D,0x00DD1D,0x0273,35,82,C2,OK
0x5271,0x2A71,0B,40,1,0x00DB90,0x18E,0x00DD1E,0x0272,35,AA,E9,OK
0x5270,0x2A70,0B,40,1,0x00DB90,0x18F,0x00DD1F,0x0271,35,05,43,OK
0x526F,0x2A6F,0B,40,1,0x00DB90,0x190,0x00DD20,0x0270,35,2A,67,OK
0x526E,0x2A6E,0B,40,1,0x00DB90,0x191,0x00DD21,0x026F,35,AA,E6,OK
0x526D,0x2A6D,0B,40,1,0x00DB90,0x192,0x00DD22,0x026E,35,05,40,OK
0x526C,0x2A6C,0B,40,1,0x00DB90,0x193,0x00DD23,0x026D,35,2A,64,OK
0x526B,0x2A6B,0B,40,1,0x00DB90,0x194,0x00DD24,0x026C,35,80,B9,OK
0x526A,0x2A6A,0B,40,1,0x00DB90,0x195,0x00DD25,0x026B,35,A8,E0,OK
0x5269,0x2A69,0B,40,1,0x00DB90,0x196,0x00DD26,0x026A,35,20,57,OK
0x5268,0x2A68,0B,40,1,0x00DB90,0x197,0x00DD27,0x0269,35,82,B8,OK
0x5267,0x2A67,0B,40,1,0x00DB90,0x198,0x00DD28,0x0268,35,28,5D,OK
0x5266,0x2A66,0B,40,1,0x00DB90,0x199,0x00DD29,0x0267,35,80,B4,OK
0x5265,0x2A65,0B,40,1,0x00DB90,0x19A,0x00DD2A,0x0266,35,A8,DB,OK
0x5264,0x2A64,0B,40,1,0x00DB90,0x19B,0x00DD2B,0x0265,35,AA,DC,OK
0x5263,0x2A63,0B,40,1,0x00DB90,0x19C,0x00DD2C,0x0264,35,A0,D1,OK
0x5262,0x2A62,0B,40,1,0x00DB90,0x19D,0x00DD2D,0x0263,35,08,38,OK
0x5261,0x2A61,0B,40,1,0x00DB90,0x19E,0x00DD2E,0x0262,35,04,33,OK
0x5260,0x2A60,0B,40,1,0x00DB90,0x19F,0x00DD2F,0x0261,35,88,B6,OK
0x525F,0x2A5F,0B,40,1,0x00DB90,0x1A0,0x00DD30,0x0260,35,A8,D5,OK
0x525E,0x2A5E,0B,40,1,0x00DB90,0x1A1,0x00DD31,0x025F,35,82,AE,OK
0x525D,0x2A5D,0B,40,1,0x00DB90,0x1A2,0x00DD32,0x025E,35,00,2B,OK
0x525C,0x2A5C,0B,40,1,0x00DB90,0x1A3,0x00DD33,0x025D,35,05,2F,OK
0x525B,0x2A5B,0B,40,1,0x00DB90,0x1A4,0x00DD34,0x025C,35,8A,B3,OK
0x525A,0x2A5A,0B,40,1,0x00DB90,0x1A5,0x00DD35,0x025B,35,A8,D0,OK
0x5259,0x2A59,0B,40,1,0x00DB90,0x1A6,0x00DD36,0x025A,35,09,30,OK
0x5258,0x2A58,0B,40,1,0x00DB90,0x1A7,0x00DD37,0x0259,35,A8,CE,OK
0x5257,0x2A57,0B,40,1,0x00DB90,0x1A8,0x00DD38,0x0258,35,00,25,OK
0x5256,0x2A56,0B,40,1,0x00DB90,0x1A9,0x00DD39,0x0257,35,82,A6,OK
0x5255,0x2A55,0B,40,1,0x00DB90,0x1AA,0x00DD3A,0x0256,35,A2,C5,OK
0x5254,0x2A54,0B,40,1,0x00DB90,0x1AB,0x00DD3B,0x0255,35,A0,C2,OK
0x5253,0x2A53,0B,40,1,0x00DB90,0x1AC,0x00DD3C,0x0254,35,4A,6B,OK
0x5252,0x2A52,0B,40,1,0x00DB90,0x1AD,0x00DD3D,0x0253,35,81,A1,OK
0x5251,0x2A51,0B,40,1,0x00DB90,0x1AE,0x00DD3E,0x0252,35,80,9F,OK
0x5250,0x2A50,0B,40,1,0x00DB90,0x1AF,0x00DD3F,0x0251,35,8A,A8,OK
0x524F,0x2A4F,0B,40,1,0x00DB90,0x1B0,0x00DD40,0x0250,35,57,74,OK
0x524E,0x2A4E,0B,40,1,0x00DB90,0x1B1,0x00DD41,0x024F,35,55,71,OK
0x524D,0x2A4D,0B,40,1,0x00DB90,0x1B2,0x00DD42,0x024E,35,06,21,OK
0x524C,0x2A4C,0B,40,1,0x00DB90,0x1B3,0x00DD43,0x024D,35,75,8F,OK
0x524B,0x2A4B,0B,40,1,0x00DB90,0x1B4,0x00DD44,0x024C,35,D5,EE,OK
0x524A,0x2A4A,0B,40,1,0x00DB90,0x1B5,0x00DD45,0x024B,35,55,6D,OK
0x5249,0x2A49,0B,40,1,0x00DB90,0x1B6,0x00DD46,0x024A,35,F7,0E,OK
0x5248,0x2A48,0B,40,1,0x00DB90,0x1B7,0x00DD47,0x0249,35,5F,75,OK
0x5247,0x2A47,0B,40,1,0x00DB90,0x1B8,0x00DD48,0x0248,35,55,6A,OK
0x5246,0x2A46,0B,40,1,0x00DB90,0x1B9,0x00DD49,0x0247,35,45,59,OK
0x5245,0x2A45,0B,40,1,0x00DB90,0x1BA,0x00DD4A,0x0246,35,F5,08,OK
0x5244,0x2A44,0B,40,1,0x00DB90,0x1BB,0x00DD4B,0x0245,35,8F,A1,OK
0x5243,0x2A43,0B,40,1,0x00DB90,0x1BC,0x00DD4C,0x0244,35,AA,BB,OK
0x5242,0x2A42,0B,40,1,0x00DB90,0x1BD,0x00DD4D,0x0243,35,F2,02,OK
0x5241,0x2A41,0B,40,1,0x00DB90,0x1BE,0x00DD4E,0x0242,35,BE,CD,OK
0x5240,0x2A40,0B,40,1,0x00DB90,0x1BF,0x00DD4F,0x0241,35,AE,BC,OK
0x523F,0x2A3F,0B,40,1,0x00DB90,0x1C0,0x00DD50,0x0240,35,AA,B7,OK
0x523E,0x2A3E,0B,40,1,0x00DB90,0x1C1,0x00DD51,0x023F,35,FE,0A,OK
0x523D,0x2A3D,0B,40,1,0x00DB90,0x1C2,0x00DD52,0x023E,35,AF,BA,OK
0x523C,0x2A3C,0B,40,1,0x00DB90,0x1C3,0x00DD53,0x023D,35,FF,09,OK
0x523B,0x2A3B,0B,40,1,0x00DB90,0x1C4,0x00DD54,0x023C,35,05,0E,OK
0x523A,0x2A3A,0B,40,1,0x00DB90,0x1C5,0x00DD55,0x023B,35,FE,06,OK
0x5239,0x2A39,0B,40,1,0x00DB90,0x1C6,0x00DD56,0x023A,35,09,10,OK
0x5238,0x2A38,0B,40,1,0x00DB90,0x1C7,0x00DD57,0x0239,35,6A,70,OK
0x5237,0x2A37,0B,40,1,0x00DB90,0x1C8,0x00DD58,0x0238,35,EF,F4,OK
0x5236,0x2A36,0B,40,1,0x00DB90,0x1C9,0x00DD59,0x0237,35,AE,B2,OK
0x5235,0x2A35,0B,40,1,0x00DB90,0x1CA,0x00DD5A,0x0236,35,BE,C1,OK
0x5234,0x2A34,0B,40,1,0x00DB90,0x1CB,0x00DD5B,0x0235,35,FE,00,OK
0x5233,0x2A33,0B,40,1,0x00DB90,0x1CC,0x00DD5C,0x0234,35,7A,7B,OK
0x5232,0x2A32,0B,40,1,0x00DB90,0x1CD,0x00DD5D,0x0233,35,AB,AB,OK
0x5231,0x2A31,0B,40,1,0x00DB90,0x1CE,0x00DD5E,0x0232,35,AA,A9,OK
0x5230,0x2A30,0B,40,1,0x00DB90,0x1CF,0x00DD5F,0x0231,35,05,03,OK
0x522F,0x2A2F,0B,40,1,0x00DB90,0x1D0,0x00DD60,0x0230,35,EA,E7,OK
0x522E,0x2A2E,0B,40,1,0x00DB90,0x1D1,0x00DD61,0x022F,35,BB,B7,OK
0x522D,0x2A2D,0B,40,1,0x00DB90,0x1D2,0x00DD62,0x022E,35,8A,85,OK
0x522C,0x2A2C,0B,40,1,0x00DB90,0x1D3,0x00DD63,0x022D,35,BF,B9,OK
0x522B,0x2A2B,0B,40,1,0x00DB90,0x1D4,0x00DD64,0x022C,35,CE,C7,OK
0x522A,0x2A2A,0B,40,1,0x00DB90,0x1D5,0x00DD65,0x022B,35,BF,B7,OK
0x5229,0x2A29,0B,40,1,0x00DB90,0x1D6,0x00DD66,0x022A,35,B6,AD,OK
0x5228,0x2A28,0B,40,1,0x00DB90,0x1D7,0x00DD67,0x0229,35,55,4B,OK
0x5227,0x2A27,0B,40,1,0x00DB90,0x1D8,0x00DD68,0x0228,35,05,FA,OK
0x5226,0x2A26,0B,40,1,0x00DB90,0x1D9,0x00DD69,0x0227,35,05,F9,OK
0x5225,0x2A25,0B,40,1,0x00DB90,0x1DA,0x00DD6A,0x0226,35,04,F7,OK
0x5224,0x2A24,0B,40,1,0x00DB90,0x1DB,0x00DD6B,0x0225,35,15,07,OK
0x5223,0x2A23,0B,40,1,0x00DB90,0x1DC,0x00DD6C,0x0224,35,05,F6,OK
0x5222,0x2A22,0B,40,1,0x00DB90,0x1DD,0x00DD6D,0x0223,35,55,45,OK
0x5221,0x2A21,0B,40,1,0x00DB90,0x1DE,0x00DD6E,0x0222,35,00,EF,OK
0x5220,0x2A20,0B,40,1,0x00DB90,0x1DF,0x00DD6F,0x0221,35,54,42,OK
0x521F,0x2A1F,0B,40,1,0x00DB90,0x1E0,0x00DD70,0x0220,35,44,31,OK
0x521E,0x2A1E,0B,40,1,0x00DB90,0x1E1,0x00DD71,0x021F,35,05,F1,OK
0x521D,0x2A1D,0B,40,1,0x00DB90,0x1E2,0x00DD72,0x021E,35,04,EF,OK
0x521C,0x2A1C,0B,40,1,0x00DB90,0x1E3,0x00DD73,0x021D,35,01,EB,OK
0x521B,0x2A1B,0B,40,1,0x00DB90,0x1E4,0x00DD74,0x021C,35,54,3D,OK
0x521A,0x2A1A,0B,40,1,0x00DB90,0x1E5,0x00DD75,0x021B,35,05,ED,OK
0x5219,0x2A19,0B,40,1,0x00DB90,0x1E6,0x00DD76,0x021A,35,04,EB,OK
0x5218,0x2A18,0B,40,1,0x00DB90,0x1E7,0x00DD77,0x0219,35,09,EF,OK
0x5217,0x2A17,0B,40,1,0x00DB90,0x1E8,0x00DD78,0x0218,35,45,2A,OK
0x5216,0x2A16,0B,40,1,0x00DB90,0x1E9,0x00DD79,0x0217,35,55,39,OK
0x5215,0x2A15,0B,40,1,0x00DB90,0x1EA,0x00DD7A,0x0216,35,54,37,OK
0x5214,0x2A14,0B,40,1,0x00DB90,0x1EB,0x00DD7B,0x0215,35,04,E6,OK
0x5213,0x2A13,0B,40,1,0x00DB90,0x1EC,0x00DD7C,0x0214,35,04,E5,OK
0x5212,0x2A12,0B,40,1,0x00DB90,0x1ED,0x00DD7D,0x0213,35,05,E5,OK
0x5211,0x2A11,0B,40,1,0x00DB90,0x1EE,0x00DD7E,0x0212,35,04,E3,OK
0x5210,0x2A10,0B,40,1,0x00DB90,0x1EF,0x00DD7F,0x0211,35,10,EE,OK
0x520F,0x2A0F,0B,40,1,0x00DB90,0x1F0,0x00DD80,0x0210,35,05,E2,OK
0x520E,0x2A0E,0B,40,1,0x00DB90,0x1F1,0x00DD81,0x020F,35,04,E0,OK
0x520D,0x2A0D,0B,40,1,0x00DB90,0x1F2,0x00DD82,0x020E,35,44,1F,OK
0x520C,0x2A0C,0B,40,1,0x00DB90,0x1F3,0x00DD83,0x020D,35,14,EE,OK
0x520B,0x2A0B,0B,40,1,0x00DB90,0x1F4,0x00DD84,0x020C,35,11,EA,OK
0x520A,0x2A0A,0B,40,1,0x00DB90,0x1F5,0x00DD85,0x020B,35,41,19,OK
0x5209,0x2A09,0B,40,1,0x00DB90,0x1F6,0x00DD86,0x020A,35,51,28,OK
0x5208,0x2A08,0B,40,1,0x00DB90,0x1F7,0x00DD87,0x0209,35,00,D6,OK
0x5207,0x2A07,0B,40,1,0x00DB90,0x1F8,0x00DD88,0x0208,35,14,E9,OK
0x5206,0x2A06,0B,40,1,0x00DB90,0x1F9,0x00DD89,0x0207,35,00,D4,OK
0x5205,0x2A05,0B,40,1,0x00DB90,0x1FA,0x00DD8A,0x0206,35,40,13,OK
0x5204,0x2A04,0B,40,1,0x00DB90,0x1FB,0x00DD8B,0x0205,35,54,26,OK
0x5203,0x2A03,0B,40,1,0x00DB90,0x1FC,0x00DD8C,0x0204,35,55,26,OK
0x5202,0x2A02,0B,40,1,0x00DB90,0x1FD,0x00DD8D,0x0203,35,51,21,OK
0x5201,0x2A01,0B,40,1,0x00DB90,0x1FE,0x00DD8E,0x0202,35,41,10,OK
0x5200,0x2A00,0B,40,1,0x00DB90,0x1FF,0x00DD8F,0x0201,35,14,E2,OK
0x51FF,0x29FF,0B,40,1,0x00DB90,0x200,0x00DD90,0x0200,35,54,21,OK
0x51FE,0x29FE,0B,40,1,0x00DB90,0x201,0x00DD91,0x01FF,35,11,DC,OK
0x51FD,0x29FD,0B,40,1,0x00DB90,0x202,0x00DD92,0x01FE,35,C5,8F,OK
0x51FC,0x29FC,0B,40,1,0x00DB90,0x203,0x00DD93,0x01FD,35,AE,77,OK
0x51FB,0x29FB,0B,40,1,0x00DB90,0x204,0x00DD94,0x01FC,35,8A,52,OK
0x51FA,0x29FA,0B,40,1,0x00DB90,0x205,0x00DD95,0x01FB,35,AA,71,OK
0x51F9,0x29F9,0B,40,1,0x00DB90,0x206,0x00DD96,0x01FA,35,7F,45,OK
0x51F8,0x29F8,0B,40,1,0x00DB90,0x207,0x00DD97,0x01F9,35,0C,D1,OK
0x51F7,0x29F7,0B,40,1,0x00DB90,0x208,0x00DD98,0x01F8,35,04,C8,OK
0x51F6,0x29F6,0B,40,1,0x00DB90,0x209,0x00DD99,0x01F7,35,AA,6D,OK
0x51F5,0x29F5,0B,40,1,0x00DB90,0x20A,0x00DD9A,0x01F6,35,8A,4C,OK
0x51F4,0x29F4,0B,40,1,0x00DB90,0x20B,0x00DD9B,0x01F5,35,FF,C0,OK
0x51F3,0x29F3,0B,40,1,0x00DB90,0x20C,0x00DD9C,0x01F4,35,AF,6F,OK
0x51F2,0x29F2,0B,40,1,0x00DB90,0x20D,0x00DD9D,0x01F3,35,EE,AD,OK
0x51F1,0x29F1,0B,40,1,0x00DB90,0x20E,0x00DD9E,0x01F2,35,AA,68,OK
0x51F0,0x29F0,0B,40,1,0x00DB90,0x20F,0x00DD9F,0x01F1,35,8A,47,OK
0x51EF,0x29EF,0B,40,1,0x00DB90,0x210,0x00DDA0,0x01F0,35,3B,F7,OK
0x51EE,0x29EE,0B,40,1,0x00DB90,0x211,0x00DDA1,0x01EF,35,55,10,OK
0x51ED,0x29ED,0B,40,1,0x00DB90,0x212,0x00DDA2,0x01EE,35,53,0D,OK
0x51EC,0x29EC,0B,40,1,0x00DB90,0x213,0x00DDA3,0x01ED,35,7F,38,OK
0x51EB,0x29EB,0B,40,1,0x00DB90,0x214,0x00DDA4,0x01EC,35,09,C1,OK
0x51EA,0x29EA,0B,40,1,0x00DB90,0x215,0x00DDA5,0x01EB,35,D5,8C,OK
0x51E9,0x29E9,0B,40,1,0x00DB90,0x216,0x00DDA6,0x01EA,35,75,2B,OK
0x51E8,0x29E8,0B,40,1,0x00DB90,0x217,0x00DDA7,0x01E9,35,7F,34,OK
0x51E7,0x29E7,0B,40,1,0x00DB90,0x218,0x00DDA8,0x01E8,35,5F,13,OK
0x51E6,0x29E6,0B,40,1,0x00DB90,0x219,0x00DDA9,0x01E7,35,D7,8A,OK
0x51E5,0x29E5,0B,40,1,0x00DB90,0x21A,0x00DDAA,0x01E6,35,7F,31,OK
0x51E4,0x29E4,0B,40,1,0x00DB90,0x21B,0x00DDAB,0x01E5,35,57,08,OK
0x51E3,0x29E3,0B,40,1,0x00DB90,0x21C,0x00DDAC,0x01E4,35,54,04,OK
0x51E2,0x29E2,0B,40,1,0x00DB90,0x21D,0x00DDAD,0x01E3,35,57,06,OK
0x51E1,0x29E1,0B,40,1,0x00DB90,0x21E,0x00DDAE,0x01E2,35,55,03,OK
0x51E0,0x29E0,0B,40,1,0x00DB90,0x21F,0x00DDAF,0x01E1,35,F4,A1,OK
0x51DF,0x29DF,0B,40,1,0x00DB90,0x220,0x00DDB0,0x01E0,35,4F,FB,OK
0x51DE,0x29DE,0B,40,1,0x00DB90,0x221,0x00DDB1,0x01DF,35,55,00,OK
0x51DD,0x29DD,0B,40,1,0x00DB90,0x222,0x00DDB2,0x01DE,35,06,B0,OK
0x51DC,0x29DC,0B,40,1,0x00DB90,0x223,0x00DDB3,0x01DD,35,D5,7E,OK
0x51DB,0x29DB,0B,40,1,0x00DB90,0x224,0x00DDB4,0x01DC,35,FD,A5,OK
0x51DA,0x29DA,0B,40,1,0x00DB90,0x225,0x00DDB5,0x01DB,35,57,FE,OK
0x51D9,0x29D9,0B,40,1,0x00DB90,0x226,0x00DDB6,0x01DA,35,15,BB,OK
0x51D8,0x29D8,0B,40,1,0x00DB90,0x227,0x00DDB7,0x01D9,35,DD,82,OK
0x51D7,0x29D7,0B,40,1,0x00DB90,0x228,0x00DDB8,0x01D8,35,7F,23,OK
0x51D6,0x29D6,0B,40,1,0x00DB90,0x229,0x00DDB9,0x01D7,35,1F,C2,OK
0x51D5,0x29D5,0B,40,1,0x00DB90,0x22A,0x00DDBA,0x01D6,35,FF,A1,OK
0x51D4,0x29D4,0B,40,1,0x00DB90,0x22B,0x00DDBB,0x01D5,35,EB,8C,OK
0x51D3,0x29D3,0B,40,1,0x00DB90,0x22C,0x00DDBC,0x01D4,35,F5,95,OK
0x51D2,0x29D2,0B,40,1,0x00DB90,0x22D,0x00DDBD,0x01D3,35,AA,49,OK
0x51D1,0x29D1,0B,40,1,0x00DB90,0x22E,0x00DDBE,0x01D2,35,8A,28,OK
0x51D0,0x29D0,0B,40,1,0x00DB90,0x22F,0x00DDBF,0x01D1,35,05,A2,OK
0x51CF,0x29CF,0B,40,1,0x00DB90,0x230,0x00DDC0,0x01D0,35,20,BC,OK
0x51CE,0x29CE,0B,40,1,0x00DB90,0x231,0x00DDC1,0x01CF,35,2A,C5,OK
0x51CD,0x29CD,0B,40,1,0x00DB90,0x232,0x00DDC2,0x01CE,35,A2,3C,OK
0x51CC,0x29CC,0B,40,1,0x00DB90,0x233,0x00DDC3,0x01CD,35,05,9E,OK
0x51CB,0x29CB,0B,40,1,0x00DB90,0x234,0x00DDC4,0x01CC,35,82,1A,OK
0x51CA,0x29CA,0B,40,1,0x00DB90,0x235,0x00DDC5,0x01CB,35,AA,41,OK
0x51C9,0x29C9,0B,40,1,0x00DB90,0x236,0x00DDC6,0x01CA,35,2A,C0,OK
0x51C8,0x29C8,0B,40,1,0x00DB90,0x237,0x00DDC7,0x01C9,35,22,B7,OK
0x51C7,0x29C7,0B,40,1,0x00DB90,0x238,0x00DDC8,0x01C8,35,88,1C,OK
0x51C6,0x29C6,0B,40,1,0x00DB90,0x239,0x00DDC9,0x01C7,35,08,9B,OK
0x51C5,0x29C5,0B,40,1,0x00DB90,0x23A,0x00DDCA,0x01C6,35,04,96,OK
0x51C4,0x29C4,0B,40,1,0x00DB90,0x23B,0x00DDCB,0x01C5,35,8A,1B,OK
0x51C3,0x29C3,0B,40,1,0x00DB90,0x23C,0x00DDCC,0x01C4,35,A2,32,OK
0x51C2,0x29C2,0B,40,1,0x00DB90,0x23D,0x00DDCD,0x01C3,35,82,11,OK
0x51C1,0x29C1,0B,40,1,0x00DB90,0x23E,0x00DDCE,0x01C2,35,00,8E,OK
0x51C0,0x29C0,0B,40,1,0x00DB90,0x23F,0x00DDCF,0x01C1,35,05,92,OK
0x51BF,0x29BF,0B,40,1,0x00DB90,0x240,0x00DDD0,0x01C0,35,8A,16,OK
0x51BE,0x29BE,0B,40,1,0x00DB90,0x241,0x00DDD1,0x01BF,35,A8,33,OK
0x51BD,0x29BD,0B,40,1,0x00DB90,0x242,0x00DDD2,0x01BE,35,A0,2A,OK
0x51BC,0x29BC,0B,40,1,0x00DB90,0x243,0x00DDD3,0x01BD,35,05,8E,OK
0x51BB,0x29BB,0B,40,1,0x00DB90,0x244,0x00DDD4,0x01BC,35,88,10,OK
0x51BA,0x29BA,0B,40,1,0x00DB90,0x245,0x00DDD5,0x01BB,35,A0,27,OK
0x51B9,0x29B9,0B,40,1,0x00DB90,0x246,0x00DDD6,0x01BA,35,80,06,OK
0x51B8,0x29B8,0B,40,1,0x00DB90,0x247,0x00DDD7,0x01B9,35,02,87,OK
0x51B7,0x29B7,0B,40,1,0x00DB90,0x248,0x00DDD8,0x01B8,35,04,88,OK
0x51B6,0x29B6,0B,40,1,0x00DB90,0x249,0x00DDD9,0x01B7,35,A0,23,OK
0x51B5,0x29B5,0B,40,1,0x00DB90,0x24A,0x00DDDA,0x01B6,35,80,02,OK
0x51B4,0x29B4,0B,40,1,0x00DB90,0x24B,0x00DDDB,0x01B5,35,08,89,OK
0x51B3,0x29B3,0B,40,1,0x00DB90,0x24C,0x00DDDC,0x01B4,35,04,84,OK
0x51B2,0x29B2,0B,40,1,0x00DB90,0x24D,0x00DDDD,0x01B3,35,00,7F,OK
0x51B1,0x29B1,0B,40,1,0x00DB90,0x24E,0x00DDDE,0x01B2,35,28,A6,OK
0x51B0,0x29B0,0B,40,1,0x00DB90,0x24F,0x00DDDF,0x01B1,35,2A,A7,OK
0x51AF,0x29AF,0B,40,1,0x00DB90,0x250,0x00DDE0,0x01B0,35,A8,24,OK
0x51AE,0x29AE,0B,40,1,0x00DB90,0x251,0x00DDE1,0x01AF,35,AA,25,OK
0x51AD,0x29AD,0B,40,1,0x00DB90,0x252,0x00DDE2,0x01AE,35,06,80,OK
0x51AC,0x29AC,0B,40,1,0x00DB90,0x253,0x00DDE3,0x01AD,35,A8,21,OK
0x51AB,0x29AB,0B,40,1,0x00DB90,0x254,0x00DDE4,0x01AC,35,5E,D6,OK
0x51AA,0x29AA,0B,40,1,0x00DB90,0x255,0x00DDE5,0x01AB,35,7B,F2,OK
0x51A9,0x29A9,0B,40,1,0x00DB90,0x256,0x00DDE6,0x01AA,35,13,89,OK
0x51A8,0x29A8,0B,40,1,0x00DB90,0x257,0x00DDE7,0x01A9,35,ED,62,OK
0x51A7,0x29A7,0B,40,1,0x00DB90,0x258,0x00DDE8,0x01A8,35,96,0A,OK
0x51A6,0x29A6,0B,40,1,0x00DB90,0x259,0x00DDE9,0x01A7,35,4A,BD,OK
0x51A5,0x29A5,0B,40,1,0x00DB90,0x25A,0x00DDEA,0x01A6,35,75,E7,OK
0x51A4,0x29A4,0B,40,1,0x00DB90,0x25B,0x00DDEB,0x01A5,35,CC,3D,OK
0x51A3,0x29A3,0B,40,1,0x00DB90,0x25C,0x00DDEC,0x01A4,35,5D,CD,OK
0x51A2,0x29A2,0B,40,1,0x00DB90,0x25D,0x00DDED,0x01A3,35,1F,8E,OK
0x51A1,0x29A1,0B,40,1,0x00DB90,0x25E,0x00DDEE,0x01A2,35,55,C3,OK
0x51A0,0x29A0,0B,40,1,0x00DB90,0x25F,0x00DDEF,0x01A1,35,D5,42,OK
0x519F,0x299F,0B,40,1,0x00DB90,0x260,0x00DDF0,0x01A0,35,44,B0,OK
0x519E,0x299E,0B,40,1,0x00DB90,0x261,0x00DDF1,0x019F,35,AA,15,OK
0x519D,0x299D,0B,40,1,0x00DB90,0x262,0x00DDF2,0x019E,35,EA,54,OK
0x519C,0x299C,0B,40,1,0x00DB90,0x263,0x00DDF3,0x019D,35,B8,21,OK
0x519B,0x299B,0B,40,1,0x00DB90,0x264,0x00DDF4,0x019C,35,AA,12,OK
0x519A,0x299A,0B,40,1,0x00DB90,0x265,0x00DDF5,0x019B,35,06,6D,OK
0x5199,0x2999,0B,40,1,0x00DB90,0x266,0x00DDF6,0x019A,35,FA,60,OK
0x5198,0x2998,0B,40,1,0x00DB90,0x267,0x00DDF7,0x0199,35,8F,F4,OK
0x5197,0x2997,0B,40,1,0x00DB90,0x268,0x00DDF8,0x0198,35,BA,1E,OK
0x5196,0x2996,0B,40,1,0x00DB90,0x269,0x00DDF9,0x0197,35,FA,5D,OK
0x5195,0x2995,0B,40,1,0x00DB90,0x26A,0x00DDFA,0x0196,35,BA,1C,OK
0x5194,0x2994,0B,40,1,0x00DB90,0x26B,0x00DDFB,0x0195,35,AB,0C,OK
0x5193,0x2993,0B,40,1,0x00DB90,0x26C,0x00DDFC,0x0194,35,AA,0A,OK
0x5192,0x2992,0B,40,1,0x00DB90,0x26D,0x00DDFD,0x0193,35,FA,59,OK
0x5191,0x2991,0B,40,1,0x00DB90,0x26E,0x00DDFE,0x0192,35,AA,08,OK
0x5190,0x2990,0B,40,1,0x00DB90,0x26F,0x00DDFF,0x0191,35,FB,58,OK
0x518F,0x298F,0B,40,1,0x00DB90,0x270,0x00DE00,0x0190,35,AA,06,OK
0x518E,0x298E,0B,40,1,0x00DB90,0x271,0x00DE01,0x018F,35,EA,45,OK
0x518D,0x298D,0B,40,1,0x00DB90,0x272,0x00DE02,0x018E,35,AE,08,OK
0x518C,0x298C,0B,40,1,0x00DB90,0x273,0x00DE03,0x018D,35,AA,03,OK
0x518B,0x298B,0B,40,1,0x00DB90,0x274,0x00DE04,0x018C,35,AF,07,OK
0x518A,0x298A,0B,40,1,0x00DB90,0x275,0x00DE05,0x018B,35,AA,01,OK
0x5189,0x2989,0B,40,1,0x00DB90,0x276,0x00DE06,0x018A,35,05,5B,OK
0x5188,0x2988,0B,40,1,0x00DB90,0x277,0x00DE07,0x0189,35,8A,DF,OK
0x5187,0x2987,0B,40,1,0x00DB90,0x278,0x00DE08,0x0188,35,BA,0E,OK
0x5186,0x2986,0B,40,1,0x00DB90,0x279,0x00DE09,0x0187,35,BF,12,OK
0x5185,0x2985,0B,40,1,0x00DB90,0x27A,0x00DE0A,0x0186,35,BA,0C,OK
0x5184,0x2984,0B,40,1,0x00DB90,0x27B,0x00DE0B,0x0185,35,FE,4F,OK
0x5183,0x2983,0B,40,1,0x00DB90,0x27C,0x00DE0C,0x0184,35,FF,4F,OK
0x5182,0x2982,0B,40,1,0x00DB90,0x27D,0x00DE0D,0x0183,35,E7,36,OK
0x5181,0x2981,0B,40,1,0x00DB90,0x27E,0x00DE0E,0x0182,35,D4,22,OK
0x5180,0x2980,0B,40,1,0x00DB90,0x27F,0x00DE0F,0x0181,35,57,A4,OK
0x517F,0x297F,0B,40,1,0x00DB90,0x280,0x00DE10,0x0180,35,45,91,OK
0x517E,0x297E,0B,40,1,0x00DB90,0x281,0x00DE11,0x017F,35,59,A4,OK
0x517D,0x297D,0B,40,1,0x00DB90,0x282,0x00DE12,0x017E,35,9C,E6,OK
0x517C,0x297C,0B,40,1,0x00DB90,0x283,0x00DE13,0x017D,35,54,9D,OK
0x517B,0x297B,0B,40,1,0x00DB90,0x284,0x00DE14,0x017C,35,05,4D,OK
0x517A,0x297A,0B,40,1,0x00DB90,0x285,0x00DE15,0x017B,35,04,4B,OK
0x5179,0x2979,0B,40,1,0x00DB90,0x286,0x00DE16,0x017A,35,55,9B,OK
0x5178,0x2978,0B,40,1,0x00DB90,0x287,0x00DE17,0x0179,35,00,45,OK
0x5177,0x2977,0B,40,1,0x00DB90,0x288,0x00DE18,0x0178,35,14,58,OK
0x5176,0x2976,0B,40,1,0x00DB90,0x289,0x00DE19,0x0177,35,11,54,OK
0x5175,0x2975,0B,40,1,0x00DB90,0x28A,0x00DE1A,0x0176,35,05,47,OK
0x5174,0x2974,0B,40,1,0x00DB90,0x28B,0x00DE1B,0x0175,35,55,96,OK
0x5173,0x2973,0B,40,1,0x00DB90,0x28C,0x00DE1C,0x0174,35,45,85,OK
0x5172,0x2972,0B,40,1,0x00DB90,0x28D,0x00DE1D,0x0173,35,05,44,OK
0x5171,0x2971,0B,40,1,0x00DB90,0x28E,0x00DE1E,0x0172,35,04,42,OK
0x5170,0x2970,0B,40,1,0x00DB90,0x28F,0x00DE1F,0x0171,35,04,41,OK
0x516F,0x296F,0B,40,1,0x00DB90,0x290,0x00DE20,0x0170,35,44,80,OK
0x516E,0x296E,0B,40,1,0x00DB90,0x291,0x00DE21,0x016F,35,05,40,OK
0x516D,0x296D,0B,40,1,0x00DB90,0x292,0x00DE22,0x016E,35,45,7F,OK
0x516C,0x296C,0B,40,1,0x00DB90,0x293,0x00DE23,0x016D,35,54,8D,OK
0x516B,0x296B,0B,40,1,0x00DB90,0x294,0x00DE24,0x016C,35,44,7C,OK
0x516A,0x296A,0B,40,1,0x00DB90,0x295,0x00DE25,0x016B,35,05,3C,OK
0x5169,0x2969,0B,40,1,0x00DB90,0x296,0x00DE26,0x016A,35,04,3A,OK
0x5168,0x2968,0B,40,1,0x00DB90,0x297,0x00DE27,0x0169,35,44,79,OK
0x5167,0x2967,0B,40,1,0x00DB90,0x298,0x00DE28,0x0168,35,00,34,OK
0x5166,0x2966,0B,40,1,0x00DB90,0x299,0x00DE29,0x0167,35,10,43,OK
0x5165,0x2965,0B,40,1,0x00DB90,0x29A,0x00DE2A,0x0166,35,00,32,OK
0x5164,0x2964,0B,40,1,0x00DB90,0x29B,0x00DE2B,0x0165,35,10,41,OK
0x5163,0x2963,0B,40,1,0x00DB90,0x29C,0x00DE2C,0x0164,35,14,44,OK
0x5162,0x2962,0B,40,1,0x00DB90,0x29D,0x00DE2D,0x0163,35,00,2F,OK
0x5161,0x2961,0B,40,1,0x00DB90,0x29E,0x00DE2E,0x0162,35,05,33,OK
0x5160,0x2960,0B,40,1,0x00DB90,0x29F,0x00DE2F,0x0161,35,04,31,OK
0x515F,0x295F,0B,40,1,0x00DB90,0x2A0,0x00DE30,0x0160,35,04,30,OK
0x515E,0x295E,0B,40,1,0x00DB90,0x2A1,0x00DE31,0x015F,35,11,3C,OK
0x515D,0x295D,0B,40,1,0x00DB90,0x2A2,0x00DE32,0x015E,35,15,3F,OK
0x515C,0x295C,0B,40,1,0x00DB90,0x2A3,0x00DE33,0x015D,35,40,69,OK
0x515B,0x295B,0B,40,1,0x00DB90,0x2A4,0x00DE34,0x015C,35,55,7D,OK
0x515A,0x295A,0B,40,1,0x00DB90,0x2A5,0x00DE35,0x015B,35,51,78,OK
0x5159,0x2959,0B,40,1,0x00DB90,0x2A6,0x00DE36,0x015A,35,11,37,OK
0x5158,0x2958,0B,40,1,0x00DB90,0x2A7,0x00DE37,0x0159,35,C4,E9,OK
0x5157,0x2957,0B,40,1,0x00DB90,0x2A8,0x00DE38,0x0158,35,F2,16,OK
0x5156,0x2956,0B,40,1,0x00DB90,0x2A9,0x00DE39,0x0157,35,10,33,OK
0x5155,0x2955,0B,40,1,0x00DB90,0x2AA,0x00DE3A,0x0156,35,AB,CD,OK
0x5154,0x2954,0B,40,1,0x00DB90,0x2AB,0x00DE3B,0x0155,35,16,37,OK
0x5153,0x2953,0B,40,1,0x00DB90,0x2AC,0x00DE3C,0x0154,35,41,61,OK
0x5152,0x2952,0B,40,1,0x00DB90,0x2AD,0x00DE3D,0x0153,35,E6,05,OK
0x5151,0x2951,0B,40,1,0x00DB90,0x2AE,0x00DE3E,0x0152,35,21,3F,OK
0x5150,0x2950,0B,40,1,0x00DB90,0x2AF,0x00DE3F,0x0151,35,FF,1C,OK
0x514F,0x294F,0B,40,1,0x00DB90,0x2B0,0x00DE40,0x0150,35,EE,0A,OK
0x514E,0x294E,0B,40,1,0x00DB90,0x2B1,0x00DE41,0x014F,35,C7,E2,OK
0x514D,0x294D,0B,40,1,0x00DB90,0x2B2,0x00DE42,0x014E,35,A2,BC,OK
0x514C,0x294C,0B,40,1,0x00DB90,0x2B3,0x00DE43,0x014D,35,AA,C3,OK
0x514B,0x294B,0B,40,1,0x00DB90,0x2B4,0x00DE44,0x014C,35,D5,ED,OK
0x514A,0x294A,0B,40,1,0x00DB90,0x2B5,0x00DE45,0x014B,35,57,6E,OK
0x5149,0x2949,0B,40,1,0x00DB90,0x2B6,0x00DE46,0x014A,35,77,8D,OK
0x5148,0x2948,0B,40,1,0x00DB90,0x2B7,0x00DE47,0x0149,35,0A,1F,OK
0x5147,0x2947,0B,40,1,0x00DB90,0x2B8,0x00DE48,0x0148,35,DD,F1,OK
0x5146,0x2946,0B,40,1,0x00DB90,0x2B9,0x00DE49,0x0147,35,55,68,OK
0x5145,0x2945,0B,40,1,0x00DB90,0x2BA,0x00DE4A,0x0146,35,75,87,OK
0x5144,0x2944,0B,40,1,0x00DB90,0x2BB,0x00DE4B,0x0145,35,D5,E6,OK
0x5143,0x2943,0B,40,1,0x00DB90,0x2BC,0x00DE4C,0x0144,35,0A,1A,OK
0x5142,0x2942,0B,40,1,0x00DB90,0x2BD,0x00DE4D,0x0143,35,57,66,OK
0x5141,0x2941,0B,40,1,0x00DB90,0x2BE,0x00DE4E,0x0142,35,D5,E3,OK
0x5140,0x2940,0B,40,1,0x00DB90,0x2BF,0x00DE4F,0x0141,35,77,84,OK
0x513F,0x293F,0B,40,1,0x00DB90,0x2C0,0x00DE50,0x0140,35,15,21,OK
0x513E,0x293E,0B,40,1,0x00DB90,0x2C1,0x00DE51,0x013F,35,55,60,OK
0x513D,0x293D,0B,40,1,0x00DB90,0x2C2,0x00DE52,0x013E,35,15,1F,OK
0x513C,0x293C,0B,40,1,0x00DB90,0x2C3,0x00DE53,0x013D,35,95,9E,OK
0x513B,0x293B,0B,40,1,0x00DB90,0x2C4,0x00DE54,0x013C,35,DD,E5,OK
0x513A,0x293A,0B,40,1,0x00DB90,0x2C5,0x00DE55,0x013B,35,D1,D8,OK
0x5139,0x2939,0B,40,1,0x00DB90,0x2C6,0x00DE56,0x013A,35,55,5B,OK
0x5138,0x2938,0B,40,1,0x00DB90,0x2C7,0x00DE57,0x0139,35,51,56,OK
0x5137,0x2937,0B,40,1,0x00DB90,0x2C8,0x00DE58,0x0138,35,5D,61,OK
0x5136,0x2936,0B,40,1,0x00DB90,0x2C9,0x00DE59,0x0137,35,8F,92,OK
0x5135,0x2935,0B,40,1,0x00DB90,0x2CA,0x00DE5A,0x0136,35,55,57,OK
0x5134,0x2934,0B,40,1,0x00DB90,0x2CB,0x00DE5B,0x0135,35,5D,5E,OK
0x5133,0x2933,0B,40,1,0x00DB90,0x2CC,0x00DE5C,0x0134,35,D5,D5,OK
0x5132,0x2932,0B,40,1,0x00DB90,0x2CD,0x00DE5D,0x0133,35,FD,FC,OK
0x5131,0x2931,0B,40,1,0x00DB90,0x2CE,0x00DE5E,0x0132,35,DF,DD,OK
0x5130,0x2930,0B,40,1,0x00DB90,0x2CF,0x00DE5F,0x0131,35,C5,C2,OK
0x512F,0x292F,0B,40,1,0x00DB90,0x2D0,0x00DE60,0x0130,35,E8,E4,OK
0x512E,0x292E,0B,40,1,0x00DB90,0x2D1,0x00DE61,0x012F,35,C8,C3,OK
0x512D,0x292D,0B,40,1,0x00DB90,0x2D2,0x00DE62,0x012E,35,82,7C,OK
0x512C,0x292C,0B,40,1,0x00DB90,0x2D3,0x00DE63,0x012D,35,AA,A3,OK
0x512B,0x292B,0B,40,1,0x00DB90,0x2D4,0x00DE64,0x012C,35,22,1A,OK
0x512A,0x292A,0B,40,1,0x00DB90,0x2D5,0x00DE65,0x012B,35,2A,21,OK
0x5129,0x2929,0B,40,1,0x00DB90,0x2D6,0x00DE66,0x012A,35,80,76,OK
0x5128,0x2928,0B,40,1,0x00DB90,0x2D7,0x00DE67,0x0129,35,05,FA,OK
0x5127,0x2927,0B,40,1,0x00DB90,0x2D8,0x00DE68,0x0128,35,28,1C,OK
0x5126,0x2926,0B,40,1,0x00DB90,0x2D9,0x00DE69,0x0127,35,2A,1D,OK
0x5125,0x2925,0B,40,1,0x00DB90,0x2DA,0x00DE6A,0x0126,35,05,F7,OK
0x5124,0x2924,0B,40,1,0x00DB90,0x2DB,0x00DE6B,0x0125,35,A8,99,OK
0x5123,0x2923,0B,40,1,0x00DB90,0x2DC,0x00DE6C,0x0124,35,00,F0,OK
0x5122,0x2922,0B,40,1,0x00DB90,0x2DD,0x00DE6D,0x0123,35,AA,99,OK
0x5121,0x2921,0B,40,1,0x00DB90,0x2DE,0x00DE6E,0x0122,35,02,F0,OK
0x5120,0x2920,0B,40,1,0x00DB90,0x2DF,0x00DE6F,0x0121,35,04,F1,OK
0x511F,0x291F,0B,40,1,0x00DB90,0x2E0,0x00DE70,0x0120,35,22,0E,OK
0x511E,0x291E,0B,40,1,0x00DB90,0x2E1,0x00DE71,0x011F,35,02,ED,OK
0x511D,0x291D,0B,40,1,0x00DB90,0x2E2,0x00DE72,0x011E,35,04,EE,OK
0x511C,0x291C,0B,40,1,0x00DB90,0x2E3,0x00DE73,0x011D,35,22,0B,OK
0x511B,0x291B,0B,40,1,0x00DB90,0x2E4,0x00DE74,0x011C,35,A8,90,OK
0x511A,0x291A,0B,40,1,0x00DB90,0x2E5,0x00DE75,0x011B,35,8A,71,OK
0x5119,0x2919,0B,40,1,0x00DB90,0x2E6,0x00DE76,0x011A,35,0A,F0,OK
0x5118,0x2918,0B,40,1,0x00DB90,0x2E7,0x00DE77,0x0119,35,04,E9,OK
0x5117,0x2917,0B,40,1,0x00DB90,0x2E8,0x00DE78,0x0118,35,A2,86,OK
0x5116,0x2916,0B,40,1,0x00DB90,0x2E9,0x00DE79,0x0117,35,00,E3,OK
0x5115,0x2915,0B,40,1,0x00DB90,0x2EA,0x00DE7A,0x0116,35,80,62,OK
0x5114,0x2914,0B,40,1,0x00DB90,0x2EB,0x00DE7B,0x0115,35,02,E3,OK
0x5113,0x2913,0B,40,1,0x00DB90,0x2EC,0x00DE7C,0x0114,35,04,E4,OK
0x5112,0x2912,0B,40,1,0x00DB90,0x2ED,0x00DE7D,0x0113,35,28,07,OK
0x5111,0x2911,0B,40,1,0x00DB90,0x2EE,0x00DE7E,0x0112,35,02,E0,OK
0x5110,0x2910,0B,40,1,0x00DB90,0x2EF,0x00DE7F,0x0111,35,04,E1,OK
0x510F,0x290F,0B,40,1,0x00DB90,0x2F0,0x00DE80,0x0110,35,00,DC,OK
0x510E,0x290E,0B,40,1,0x00DB90,0x2F1,0x00DE81,0x010F,35,02,DD,OK
0x510D,0x290D,0B,40,1,0x00DB90,0x2F2,0x00DE82,0x010E,35,04,DE,OK
0x510C,0x290C,0B,40,1,0x00DB90,0x2F3,0x00DE83,0x010D,35,80,59,OK
0x510B,0x290B,0B,40,1,0x00DB90,0x2F4,0x00DE84,0x010C,35,08,E0,OK
0x510A,0x290A,0B,40,1,0x00DB90,0x2F5,0x00DE85,0x010B,35,04,DB,OK
0x5109,0x2909,0B,40,1,0x00DB90,0x2F6,0x00DE86,0x010A,35,A0,76,OK
0x5108,0x2908,0B,40,1,0x00DB90,0x2F7,0x00DE87,0x0109,35,22,F7,OK
0x5107,0x2907,0B,40,1,0x00DB90,0x2F8,0x00DE88,0x0108,35,88,5C,OK
0x5106,0x2906,0B,40,1,0x00DB90,0x2F9,0x00DE89,0x0107,35,A2,75,OK
0x5105,0x2905,0B,40,1,0x00DB90,0x2FA,0x00DE8A,0x0106,35,00,D2,OK
0x5104,0x2904,0B,40,1,0x00DB90,0x2FB,0x00DE8B,0x0105,35,AF,80,OK
0x5103,0x2903,0B,40,1,0x00DB90,0x2FC,0x00DE8C,0x0104,35,A8,78,OK
0x5102,0x2902,0B,40,1,0x00DB90,0x2FD,0x00DE8D,0x0103,35,09,D8,OK
0x5101,0x2901,0B,40,1,0x00DB90,0x2FE,0x00DE8E,0x0102,35,2A,F8,OK
0x5100,0x2900,0B,40,1,0x00DB90,0x2FF,0x00DE8F,0x0101,35,E8,B5,OK
0x50FF,0x28FF,0B,40,1,0x00DB90,0x300,0x00DE90,0x0100,35,91,5D,OK
0x50FE,0x28FE,0B,40,1,0x00DB90,0x301,0x00DE91,0x00FF,35,47,11,OK
0x50FD,0x28FD,0B,40,1,0x00DB90,0x302,0x00DE92,0x00FE,35,51,1A,OK
0x50FC,0x28FC,0B,40,1,0x00DB90,0x303,0x00DE93,0x00FD,35,33,FB,OK
0x50FB,0x28FB,0B,40,1,0x00DB90,0x304,0x00DE94,0x00FC,35,44,0B,OK
0x50FA,0x28FA,0B,40,1,0x00DB90,0x305,0x00DE95,0x00FB,35,55,1B,OK
0x50F9,0x28F9,0B,40,1,0x00DB90,0x306,0x00DE96,0x00FA,35,AA,6F,OK
0x50F8,0x28F8,0B,40,1,0x00DB90,0x307,0x00DE97,0x00F9,35,AF,73,OK
0x50F7,0x28F7,0B,40,1,0x00DB90,0x308,0x00DE98,0x00F8,35,B6,79,OK
0x50F6,0x28F6,0B,40,1,0x00DB90,0x309,0x00DE99,0x00F7,35,8A,4C,OK
0x50F5,0x28F5,0B,40,1,0x00DB90,0x30A,0x00DE9A,0x00F6,35,AA,6B,OK
0x50F4,0x28F4,0B,40,1,0x00DB90,0x30B,0x00DE9B,0x00F5,35,EA,AA,OK
0x50F3,0x28F3,0B,40,1,0x00DB90,0x30C,0x00DE9C,0x00F4,35,FF,BE,OK
0x50F2,0x28F2,0B,40,1,0x00DB90,0x30D,0x00DE9D,0x00F3,35,AA,68,OK
0x50F1,0x28F1,0B,40,1,0x00DB90,0x30E,0x00DE9E,0x00F2,35,07,C4,OK
0x50F0,0x28F0,0B,40,1,0x00DB90,0x30F,0x00DE9F,0x00F1,35,03,BF,OK
0x50EF,0x28EF,0B,40,1,0x00DB90,0x310,0x00DEA0,0x00F0,35,FA,B5,OK
0x50EE,0x28EE,0B,40,1,0x00DB90,0x311,0x00DEA1,0x00EF,35,BF,79,OK
0x50ED,0x28ED,0B,40,1,0x00DB90,0x312,0x00DEA2,0x00EE,35,09,C2,OK
0x50EC,0x28EC,0B,40,1,0x00DB90,0x313,0x00DEA3,0x00ED,35,EA,A2,OK
0x50EB,0x28EB,0B,40,1,0x00DB90,0x314,0x00DEA4,0x00EC,35,05,BC,OK
0x50EA,0x28EA,0B,40,1,0x00DB90,0x315,0x00DEA5,0x00EB,35,FD,B3,OK
0x50E9,0x28E9,0B,40,1,0x00DB90,0x316,0x00DEA6,0x00EA,35,AB,60,OK
0x50E8,0x28E8,0B,40,1,0x00DB90,0x317,0x00DEA7,0x00E9,35,2F,E3,OK
0x50E7,0x28E7,0B,40,1,0x00DB90,0x318,0x00DEA8,0x00E8,35,AF,62,OK
0x50E6,0x28E6,0B,40,1,0x00DB90,0x319,0x00DEA9,0x00E7,35,CB,7D,OK
0x50E5,0x28E5,0B,40,1,0x00DB90,0x31A,0x00DEAA,0x00E6,35,43,F4,OK
0x50E4,0x28E4,0B,40,1,0x00DB90,0x31B,0x00DEAB,0x00E5,35,0B,BB,OK
0x50E3,0x28E3,0B,40,1,0x00DB90,0x31C,0x00DEAC,0x00E4,35,04,B3,OK
0x50E2,0x28E2,0B,40,1,0x00DB90,0x31D,0x00DEAD,0x00E3,35,AA,58,OK
0x50E1,0x28E1,0B,40,1,0x00DB90,0x31E,0x00DEAE,0x00E2,35,05,B2,OK
0x50E0,0x28E0,0B,40,1,0x00DB90,0x31F,0x00DEAF,0x00E1,35,BB,67,OK
0x50DF,0x28DF,0B,40,1,0x00DB90,0x320,0x00DEB0,0x00E0,35,FA,A5,OK
0x50DE,0x28DE,0B,40,1,0x00DB90,0x321,0x00DEB1,0x00DF,35,AF,59,OK
0x50DD,0x28DD,0B,40,1,0x00DB90,0x322,0x00DEB2,0x00DE,35,5D,06,OK
0x50DC,0x28DC,0B,40,1,0x00DB90,0x323,0x00DEB3,0x00DD,35,DF,87,OK
0x50DB,0x28DB,0B,40,1,0x00DB90,0x324,0x00DEB4,0x00DC,35,7F,26,OK
0x50DA,0x28DA,0B,40,1,0x00DB90,0x325,0x00DEB5,0x00DB,35,55,FB,OK
0x50D9,0x28D9,0B,40,1,0x00DB90,0x326,0x00DEB6,0x00DA,35,05,AA,OK
0x50D8,0x28D8,0B,40,1,0x00DB90,0x327,0x00DEB7,0x00D9,35,04,A8,OK
0x50D7,0x28D7,0B,40,1,0x00DB90,0x328,0x00DEB8,0x00D8,35,10,B3,OK
0x50D6,0x28D6,0B,40,1,0x00DB90,0x329,0x00DEB9,0x00D7,35,05,A7,OK
0x50D5,0x28D5,0B,40,1,0x00DB90,0x32A,0x00DEBA,0x00D6,35,01,A2,OK
0x50D4,0x28D4,0B,40,1,0x00DB90,0x32B,0x00DEBB,0x00D5,35,04,A4,OK
0x50D3,0x28D3,0B,40,1,0x00DB90,0x32C,0x00DEBC,0x00D4,35,04,A3,OK
0x50D2,0x28D2,0B,40,1,0x00DB90,0x32D,0x00DEBD,0x00D3,35,01,9F,OK
0x50D1,0x28D1,0B,40,1,0x00DB90,0x32E,0x00DEBE,0x00D2,35,15,B2,OK
0x50D0,0x28D0,0B,40,1,0x00DB90,0x32F,0x00DEBF,0x00D1,35,54,F0,OK
0x50CF,0x28CF,0B,40,1,0x00DB90,0x330,0x00DEC0,0x00D0,35,41,DC,OK
0x50CE,0x28CE,0B,40,1,0x00DB90,0x331,0x00DEC1,0x00CF,35,11,AB,OK
0x50CD,0x28CD,0B,40,1,0x00DB90,0x332,0x00DEC2,0x00CE,35,01,9A,OK
0x50CC,0x28CC,0B,40,1,0x00DB90,0x333,0x00DEC3,0x00CD,35,05,9D,OK
0x50CB,0x28CB,0B,40,1,0x00DB90,0x334,0x00DEC4,0x00CC,35,51,E8,OK
0x50CA,0x28CA,0B,40,1,0x00DB90,0x335,0x00DEC5,0x00CB,35,10,A6,OK
0x50C9,0x28C9,0B,40,1,0x00DB90,0x336,0x00DEC6,0x00CA,35,00,95,OK
0x50C8,0x28C8,0B,40,1,0x00DB90,0x337,0x00DEC7,0x00C9,35,41,D5,OK
0x50C7,0x28C7,0B,40,1,0x00DB90,0x338,0x00DEC8,0x00C8,35,05,98,OK
0x50C6,0x28C6,0B,40,1,0x00DB90,0x339,0x00DEC9,0x00C7,35,04,96,OK
0x50C5,0x28C5,0B,40,1,0x00DB90,0x33A,0x00DECA,0x00C6,35,44,D5,OK
0x50C4,0x28C4,0B,40,1,0x00DB90,0x33B,0x00DECB,0x00C5,35,01,91,OK
0x50C3,0x28C3,0B,40,1,0x00DB90,0x33C,0x00DECC,0x00C4,35,41,D0,OK
0x50C2,0x28C2,0B,40,1,0x00DB90,0x33D,0x00DECD,0x00C3,35,05,93,OK
0x50C1,0x28C1,0B,40,1,0x00DB90,0x33E,0x00DECE,0x00C2,35,05,92,OK
0x50C0,0x28C0,0B,40,1,0x00DB90,0x33F,0x00DECF,0x00C1,35,04,90,OK
0x50BF,0x28BF,0B,40,1,0x00DB90,0x340,0x00DED0,0x00C0,35,11,9C,OK
0x50BE,0x28BE,0B,40,1,0x00DB90,0x341,0x00DED1,0x00BF,35,10,9A,OK
0x50BD,0x28BD,0B,40,1,0x00DB90,0x342,0x00DED2,0x00BE,35,05,8E,OK
0x50BC,0x28BC,0B,40,1,0x00DB90,0x343,0x00DED3,0x00BD,35,04,8C,OK
0x50BB,0x28BB,0B,40,1,0x00DB90,0x344,0x00DED4,0x00BC,35,44,CB,OK
0x50BA,0x28BA,0B,40,1,0x00DB90,0x345,0x00DED5,0x00BB,35,05,8B,OK
0x50B9,0x28B9,0B,40,1,0x00DB90,0x346,0x00DED6,0x00BA,35,05,8A,OK
0x50B8,0x28B8,0B,40,1,0x00DB90,0x347,0x00DED7,0x00B9,35,41,C5,OK
0x50B7,0x28B7,0B,40,1,0x00DB90,0x348,0x00DED8,0x00B8,35,14,97,OK
0x50B6,0x28B6,0B,40,1,0x00DB90,0x349,0x00DED9,0x00B7,35,44,C6,OK
0x50B5,0x28B5,0B,40,1,0x00DB90,0x34A,0x00DEDA,0x00B6,35,05,86,OK
0x50B4,0x28B4,0B,40,1,0x00DB90,0x34B,0x00DEDB,0x00B5,35,56,D6,OK
0x50B3,0x28B3,0B,40,1,0x00DB90,0x34C,0x00DEDC,0x00B4,35,15,94,OK
0x50B2,0x28B2,0B,40,1,0x00DB90,0x34D,0x00DEDD,0x00B3,35,04,82,OK
0x50B1,0x28B1,0B,40,1,0x00DB90,0x34E,0x00DEDE,0x00B2,35,04,81,OK
0x50B0,0x28B0,0B,40,1,0x00DB90,0x34F,0x00DEDF,0x00B1,35,01,7D,OK
0x50AF,0x28AF,0B,40,1,0x00DB90,0x350,0x00DEE0,0x00B0,35,00,7B,OK
0x50AE,0x28AE,0B,40,1,0x00DB90,0x351,0x00DEE1,0x00AF,35,05,7F,OK
0x50AD,0x28AD,0B,40,1,0x00DB90,0x352,0x00DEE2,0x00AE,35,04,7D,OK
0x50AC,0x28AC,0B,40,1,0x00DB90,0x353,0x00DEE3,0x00AD,35,A5,1D,OK
0x50AB,0x28AB,0B,40,1,0x00DB90,0x354,0x00DEE4,0x00AC,35,8B,02,OK
0x50AA,0x28AA,0B,40,1,0x00DB90,0x355,0x00DEE5,0x00AB,35,1A,90,OK
0x50A9,0x28A9,0B,40,1,0x00DB90,0x356,0x00DEE6,0x00AA,35,24,99,OK
0x50A8,0x28A8,0B,40,1,0x00DB90,0x357,0x00DEE7,0x00A9,35,F6,6A,OK
0x50A7,0x28A7,0B,40,1,0x00DB90,0x358,0x00DEE8,0x00A8,35,AB,1E,OK
0x50A6,0x28A6,0B,40,1,0x00DB90,0x359,0x00DEE9,0x00A7,35,0A,7C,OK
0x50A5,0x28A5,0B,40,1,0x00DB90,0x35A,0x00DEEA,0x00A6,35,75,E6,OK
0x50A4,0x28A4,0B,40,1,0x00DB90,0x35B,0x00DEEB,0x00A5,35,57,C7,OK
0x50A3,0x28A3,0B,40,1,0x00DB90,0x35C,0x00DEEC,0x00A4,35,55,C4,OK
0x50A2,0x28A2,0B,40,1,0x00DB90,0x35D,0x00DEED,0x00A3,35,7F,ED,OK
0x50A1,0x28A1,0B,40,1,0x00DB90,0x35E,0x00DEEE,0x00A2,35,57,C4,OK
0x50A0,0x28A0,0B,40,1,0x00DB90,0x35F,0x00DEEF,0x00A1,35,55,C1,OK
0x509F,0x289F,0B,40,1,0x00DB90,0x360,0x00DEF0,0x00A0,35,06,71,OK
0x509E,0x289E,0B,40,1,0x00DB90,0x361,0x00DEF1,0x009F,35,43,AD,OK
0x509D,0x289D,0B,40,1,0x00DB90,0x362,0x00DEF2,0x009E,35,55,BE,OK
0x509C,0x289C,0B,40,1,0x00DB90,0x363,0x00DEF3,0x009D,35,15,7D,OK
0x509B,0x289B,0B,40,1,0x00DB90,0x364,0x00DEF4,0x009C,35,D5,3C,OK
0x509A,0x289A,0B,40,1,0x00DB90,0x365,0x00DEF5,0x009B,35,5F,C5,OK
0x5099,0x2899,0B,40,1,0x00DB90,0x366,0x00DEF6,0x009A,35,55,BA,OK
0x5098,0x2898,0B,40,1,0x00DB90,0x367,0x00DEF7,0x0099,35,05,69,OK
0x5097,0x2897,0B,40,1,0x00DB90,0x368,0x00DEF8,0x0098,35,75,D8,OK
0x5096,0x2896,0B,40,1,0x00DB90,0x369,0x00DEF9,0x0097,35,7F,E1,OK
0x5095,0x2895,0B,40,1,0x00DB90,0x36A,0x00DEFA,0x0096,35,85,E6,OK
0x5094,0x2894,0B,40,1,0x00DB90,0x36B,0x00DEFB,0x0095,35,BD,1D,OK
0x5093,0x2893,0B,40,1,0x00DB90,0x36C,0x00DEFC,0x0094,35,9A,F9,OK
0x5092,0x2892,0B,40,1,0x00DB90,0x36D,0x00DEFD,0x0093,35,57,B5,OK
0x5091,0x2891,0B,40,1,0x00DB90,0x36E,0x00DEFE,0x0092,35,BD,1A,OK
0x5090,0x2890,0B,40,1,0x00DB90,0x36F,0x00DEFF,0x0091,35,21,7D,OK
0x508F,0x288F,0B,40,1,0x00DB90,0x370,0x00DF00,0x0090,35,63,BE,OK
0x508E,0x288E,0B,40,1,0x00DB90,0x371,0x00DF01,0x008F,35,59,B3,OK
0x508D,0x288D,0B,40,1,0x00DB90,0x372,0x00DF02,0x008E,35,D5,2E,OK
0x508C,0x288C,0B,40,1,0x00DB90,0x373,0x00DF03,0x008D,35,CC,24,OK
0x508B,0x288B,0B,40,1,0x00DB90,0x374,0x00DF04,0x008C,35,7D,D4,OK
0x508A,0x288A,0B,40,1,0x00DB90,0x375,0x00DF05,0x008B,35,BF,15,OK
0x5089,0x2889,0B,40,1,0x00DB90,0x376,0x00DF06,0x008A,35,AE,03,OK
0x5088,0x2888,0B,40,1,0x00DB90,0x377,0x00DF07,0x0089,35,D6,2A,OK
0x5087,0x2887,0B,40,1,0x00DB90,0x378,0x00DF08,0x0088,35,81,D4,OK
0x5086,0x2886,0B,40,1,0x00DB90,0x379,0x00DF09,0x0087,35,80,D2,OK
0x5085,0x2885,0B,40,1,0x00DB90,0x37A,0x00DF0A,0x0086,35,05,56,OK
0x5084,0x2884,0B,40,1,0x00DB90,0x37B,0x00DF0B,0x0085,35,20,70,OK
0x5083,0x2883,0B,40,1,0x00DB90,0x37C,0x00DF0C,0x0084,35,AA,F9,OK
0x5082,0x2882,0B,40,1,0x00DB90,0x37D,0x00DF0D,0x0083,35,08,56,OK
0x5081,0x2881,0B,40,1,0x00DB90,0x37E,0x00DF0E,0x0082,35,04,51,OK
0x5080,0x2880,0B,40,1,0x00DB90,0x37F,0x00DF0F,0x0081,35,20,6C,OK
0x507F,0x287F,0B,40,1,0x00DB90,0x380,0x00DF10,0x0080,35,80,CB,OK
0x507E,0x287E,0B,40,1,0x00DB90,0x381,0x00DF11,0x007F,35,05,4F,OK
0x507D,0x287D,0B,40,1,0x00DB90,0x382,0x00DF12,0x007E,35,88,D1,OK
0x507C,0x287C,0B,40,1,0x00DB90,0x383,0x00DF13,0x007D,35,80,C8,OK
0x507B,0x287B,0B,40,1,0x00DB90,0x384,0x00DF14,0x007C,35,00,47,OK
0x507A,0x287A,0B,40,1,0x00DB90,0x385,0x00DF15,0x007B,35,22,68,OK
0x5079,0x2879,0B,40,1,0x00DB90,0x386,0x00DF16,0x007A,35,02,47,OK
0x5078,0x2878,0B,40,1,0x00DB90,0x387,0x00DF17,0x0079,35,04,48,OK
0x5077,0x2877,0B,40,1,0x00DB90,0x388,0x00DF18,0x0078,35,0A,4D,OK
0x5076,0x2876,0B,40,1,0x00DB90,0x389,0x00DF19,0x0077,35,04,46,OK
0x5075,0x2875,0B,40,1,0x00DB90,0x38A,0x00DF1A,0x0076,35,8A,CB,OK
0x5074,0x2874,0B,40,1,0x00DB90,0x38B,0x00DF1B,0x0075,35,82,C2,OK
0x5073,0x2873,0B,40,1,0x00DB90,0x38C,0x00DF1C,0x0074,35,0A,49,OK
0x5072,0x2872,0B,40,1,0x00DB90,0x38D,0x00DF1D,0x0073,35,04,42,OK
0x5071,0x2871,0B,40,1,0x00DB90,0x38E,0x00DF1E,0x0072,35,A0,DD,OK
0x5070,0x2870,0B,40,1,0x00DB90,0x38F,0x00DF1F,0x0071,35,00,3C,OK
0x506F,0x286F,0B,40,1,0x00DB90,0x390,0x00DF20,0x0070,35,A8,E3,OK
0x506E,0x286E,0B,40,1,0x00DB90,0x391,0x00DF21,0x006F,35,2A,64,OK
0x506D,0x286D,0B,40,1,0x00DB90,0x392,0x00DF22,0x006E,35,28,61,OK
0x506C,0x286C,0B,40,1,0x00DB90,0x393,0x00DF23,0x006D,35,0A,42,OK
0x506B,0x286B,0B,40,1,0x00DB90,0x394,0x00DF24,0x006C,35,04,3B,OK
0x506A,0x286A,0B,40,1,0x00DB90,0x395,0x00DF25,0x006B,35,80,B6,OK
0x5069,0x2869,0B,40,1,0x00DB90,0x396,0x00DF26,0x006A,35,20,55,OK
0x5068,0x2868,0B,40,1,0x00DB90,0x397,0x00DF27,0x0069,35,02,36,OK
0x5067,0x2867,0B,40,1,0x00DB90,0x398,0x00DF28,0x0068,35,04,37,OK
0x5066,0x2866,0B,40,1,0x00DB90,0x399,0x00DF29,0x0067,35,08,3A,OK
0x5065,0x2865,0B,40,1,0x00DB90,0x39A,0x00DF2A,0x0066,35,05,36,OK
0x5064,0x2864,0B,40,1,0x00DB90,0x39B,0x00DF2B,0x0065,35,A0,D0,OK
0x5063,0x2863,0B,40,1,0x00DB90,0x39C,0x00DF2C,0x0064,35,08,37,OK
0x5062,0x2862,0B,40,1,0x00DB90,0x39D,0x00DF2D,0x0063,35,04,32,OK
0x5061,0x2861,0B,40,1,0x00DB90,0x39E,0x00DF2E,0x0062,35,AA,D7,OK
0x5060,0x2860,0B,40,1,0x00DB90,0x39F,0x00DF2F,0x0061,35,02,2E,OK
0x505F,0x285F,0B,40,1,0x00DB90,0x3A0,0x00DF30,0x0060,35,04,2F,OK
0x505E,0x285E,0B,40,1,0x00DB90,0x3A1,0x00DF31,0x005F,35,A8,D2,OK
0x505D,0x285D,0B,40,1,0x00DB90,0x3A2,0x00DF32,0x005E,35,AA,D3,OK
0x505C,0x285C,0B,40,1,0x00DB90,0x3A3,0x00DF33,0x005D,35,22,4A,OK
0x505B,0x285B,0B,40,1,0x00DB90,0x3A4,0x00DF34,0x005C,35,28,4F,OK
0x505A,0x285A,0B,40,1,0x00DB90,0x3A5,0x00DF35,0x005B,35,88,AE,OK
0x5059,0x2859,0B,40,1,0x00DB90,0x3A6,0x00DF36,0x005A,35,22,47,OK
0x5058,0x2858,0B,40,1,0x00DB90,0x3A7,0x00DF37,0x0059,35,82,A6,OK
0x5057,0x2857,0B,40,1,0x00DB90,0x3A8,0x00DF38,0x0058,35,40,63,OK
0x5056,0x2856,0B,40,1,0x00DB90,0x3A9,0x00DF39,0x0057,35,55,77,OK
0x5055,0x2855,0B,40,1,0x00DB90,0x3AA,0x00DF3A,0x0056,35,65,86,OK
0x5054,0x2854,0B,40,1,0x00DB90,0x3AB,0x00DF3B,0x0055,35,A4,C4,OK
0x5053,0x2853,0B,40,1,0x00DB90,0x3AC,0x00DF3C,0x0054,35,60,7F,OK
0x5052,0x2852,0B,40,1,0x00DB90,0x3AD,0x00DF3D,0x0053,35,57,75,OK
0x5051,0x2851,0B,40,1,0x00DB90,0x3AE,0x00DF3E,0x0052,35,A3,C0,OK
0x5050,0x2850,0B,40,1,0x00DB90,0x3AF,0x00DF3F,0x0051,35,CA,E6,OK
0x504F,0x284F,0B,40,1,0x00DB90,0x3B0,0x00DF40,0x0050,35,AF,CA,OK
0x504E,0x284E,0B,40,1,0x00DB90,0x3B1,0x00DF41,0x004F,35,09,23,OK
0x504D,0x284D,0B,40,1,0x00DB90,0x3B2,0x00DF42,0x004E,35,BA,D3,OK
0x504C,0x284C,0B,40,1,0x00DB90,0x3B3,0x00DF43,0x004D,35,EB,03,OK
0x504B,0x284B,0B,40,1,0x00DB90,0x3B4,0x00DF44,0x004C,35,AB,C2,OK
0x504A,0x284A,0B,40,1,0x00DB90,0x3B5,0x00DF45,0x004B,35,A0,B6,OK
0x5049,0x2849,0B,40,1,0x00DB90,0x3B6,0x00DF46,0x004A,35,AA,BF,OK
0x5048,0x2848,0B,40,1,0x00DB90,0x3B7,0x00DF47,0x0049,35,05,19,OK
0x5047,0x2847,0B,40,1,0x00DB90,0x3B8,0x00DF48,0x0048,35,EB,FE,OK
0x5046,0x2846,0B,40,1,0x00DB90,0x3B9,0x00DF49,0x0047,35,A2,B4,OK
0x5045,0x2845,0B,40,1,0x00DB90,0x3BA,0x00DF4A,0x0046,35,AB,BC,OK
0x5044,0x2844,0B,40,1,0x00DB90,0x3BB,0x00DF4B,0x0045,35,FA,0A,OK
0x5043,0x2843,0B,40,1,0x00DB90,0x3BC,0x00DF4C,0x0044,35,EF,FE,OK
0x5042,0x2842,0B,40,1,0x00DB90,0x3BD,0x00DF4D,0x0043,35,8A,98,OK
0x5041,0x2841,0B,40,1,0x00DB90,0x3BE,0x00DF4E,0x0042,35,AA,B7,OK
0x5040,0x2840,0B,40,1,0x00DB90,0x3BF,0x00DF4F,0x0041,35,EE,FA,OK
0x503F,0x283F,0B,40,1,0x00DB90,0x3C0,0x00DF50,0x0040,35,FB,06,OK
0x503E,0x283E,0B,40,1,0x00DB90,0x3C1,0x00DF51,0x003F,35,02,0C,OK
0x503D,0x283D,0B,40,1,0x00DB90,0x3C2,0x00DF52,0x003E,35,04,0D,OK
0x503C,0x283C,0B,40,1,0x00DB90,0x3C3,0x00DF53,0x003D,35,51,59,OK
0x503B,0x283B,0B,40,1,0x00DB90,0x3C4,0x00DF54,0x003C,35,04,0B,OK
0x503A,0x283A,0B,40,1,0x00DB90,0x3C5,0x00DF55,0x003B,35,04,0A,OK
0x5039,0x2839,0B,40,1,0x00DB90,0x3C6,0x00DF56,0x003A,35,00,05,OK
0x5038,0x2838,0B,40,1,0x00DB90,0x3C7,0x00DF57,0x0039,35,D6,DA,OK
0x5037,0x2837,0B,40,1,0x00DB90,0x3C8,0x00DF58,0x0038,35,55,58,OK
0x5036,0x2836,0B,40,1,0x00DB90,0x3C9,0x00DF59,0x0037,35,4D,4F,OK
0x5035,0x2835,0B,40,1,0x00DB90,0x3CA,0x00DF5A,0x0036,35,23,24,OK
0x5034,0x2834,0B,40,1,0x00DB90,0x3CB,0x00DF5B,0x0035,35,20,20,OK
0x5033,0x2833,0B,40,1,0x00DB90,0x3CC,0x00DF5C,0x0034,35,0A,09,OK
0x5032,0x2832,0B,40,1,0x00DB90,0x3CD,0x00DF5D,0x0033,35,04,02,OK
0x5031,0x2831,0B,40,1,0x00DB90,0x3CE,0x00DF5E,0x0032,35,C0,BD,OK
0x5030,0x2830,0B,40,1,0x00DB90,0x3CF,0x00DF5F,0x0031,35,35,31,OK
0x502F,0x282F,0B,40,1,0x00DB90,0x3D0,0x00DF60,0x0030,35,54,4F,OK
0x502E,0x282E,0B,40,1,0x00DB90,0x3D1,0x00DF61,0x002F,35,75,6F,OK
0x502D,0x282D,0B,40,1,0x00DB90,0x3D2,0x00DF62,0x002E,35,54,4D,OK
0x502C,0x282C,0B,40,1,0x00DB90,0x3D3,0x00DF63,0x002D,35,51,49,OK
0x502B,0x282B,0B,40,1,0x00DB90,0x3D4,0x00DF64,0x002C,35,55,4C,OK
0x502A,0x282A,0B,40,1,0x00DB90,0x3D5,0x00DF65,0x002B,35,05,FB,OK
0x5029,0x2829,0B,40,1,0x00DB90,0x3D6,0x00DF66,0x002A,35,41,36,OK
0x5028,0x2828,0B,40,1,0x00DB90,0x3D7,0x00DF67,0x0029,35,14,08,OK
0x5027,0x2827,0B,40,1,0x00DB90,0x3D8,0x00DF68,0x0028,35,05,F8,OK
0x5026,0x2826,0B,40,1,0x00DB90,0x3D9,0x00DF69,0x0027,35,00,F2,OK
0x5025,0x2825,0B,40,1,0x00DB90,0x3DA,0x00DF6A,0x0026,35,54,45,OK
0x5024,0x2824,0B,40,1,0x00DB90,0x3DB,0x00DF6B,0x0025,35,01,F1,OK
0x5023,0x2823,0B,40,1,0x00DB90,0x3DC,0x00DF6C,0x0024,35,05,F4,OK
0x5022,0x2822,0B,40,1,0x00DB90,0x3DD,0x00DF6D,0x0023,35,44,32,OK
0x5021,0x2821,0B,40,1,0x00DB90,0x3DE,0x00DF6E,0x0022,35,40,2D,OK
0x5020,0x2820,0B,40,1,0x00DB90,0x3DF,0x00DF6F,0x0021,35,54,40,OK
0x501F,0x281F,0B,40,1,0x00DB90,0x3E0,0x00DF70,0x0020,35,05,F0,OK
0x501E,0x281E,0B,40,1,0x00DB90,0x3E1,0x00DF71,0x001F,35,04,EE,OK
0x501D,0x281D,0B,40,1,0x00DB90,0x3E2,0x00DF72,0x001E,35,04,ED,OK
0x501C,0x281C,0B,40,1,0x00DB90,0x3E3,0x00DF73,0x001D,35,04,EC,OK
0x501B,0x281B,0B,40,1,0x00DB90,0x3E4,0x00DF74,0x001C,35,14,FB,OK
0x501A,0x281A,0B,40,1,0x00DB90,0x3E5,0x00DF75,0x001B,35,15,FB,OK
0x5019,0x2819,0B,40,1,0x00DB90,0x3E6,0x00DF76,0x001A,35,41,26,OK
0x5018,0x2818,0B,40,1,0x00DB90,0x3E7,0x00DF77,0x0019,35,45,29,OK
0x5017,0x2817,0B,40,1,0x00DB90,0x3E8,0x00DF78,0x0018,35,00,E3,OK
0x5016,0x2816,0B,40,1,0x00DB90,0x3E9,0x00DF79,0x0017,35,44,26,OK
0x5015,0x2815,0B,40,1,0x00DB90,0x3EA,0x00DF7A,0x0016,35,00,E1,OK
0x5014,0x2814,0B,40,1,0x00DB90,0x3EB,0x00DF7B,0x0015,35,50,30,OK
0x5013,0x2813,0B,40,1,0x00DB90,0x3EC,0x00DF7C,0x0014,35,11,F0,OK
0x5012,0x2812,0B,40,1,0x00DB90,0x3ED,0x00DF7D,0x0013,35,01,DF,OK
0x5011,0x2811,0B,40,1,0x00DB90,0x3EE,0x00DF7E,0x0012,35,00,DD,OK
0x5010,0x2810,0B,40,1,0x00DB90,0x3EF,0x00DF7F,0x0011,35,50,2C,OK
0x500F,0x280F,0B,40,1,0x00DB90,0x3F0,0x00DF80,0x0010,35,05,E0,OK
0x500E,0x280E,0B,40,1,0x00DB90,0x3F1,0x00DF81,0x000F,35,04,DE,OK
0x500D,0x280D,0B,40,1,0x00DB90,0x3F2,0x00DF82,0x000E,35,40,19,OK
0x500C,0x280C,0B,40,1,0x00DB90,0x3F3,0x00DF83,0x000D,35,11,E9,OK
0x500B,0x280B,0B,40,1,0x00DB90,0x3F4,0x00DF84,0x000C,35,05,DC,OK
0x500A,0x280A,0B,40,1,0x00DB90,0x3F5,0x00DF85,0x000B,35,41,17,OK
0x5009,0x2809,0B,40,1,0x00DB90,0x3F6,0x00DF86,0x000A,35,50,25,OK
0x5008,0x2808,0B,40,1,0x00DB90,0x3F7,0x00DF87,0x0009,35,51,25,OK
0x5007,0x2807,0B,40,1,0x00DB90,0x3F8,0x00DF88,0x0008,35,55,28,OK
0x5006,0x2806,0B,40,1,0x00DB90,0x3F9,0x00DF89,0x0007,35,04,D6,OK
0x5005,0x2805,0B,40,1,0x00DB90,0x3FA,0x00DF8A,0x0006,35,04,D5,OK
0x5004,0x2804,0B,40,1,0x00DB90,0x3FB,0x00DF8B,0x0005,35,11,E1,OK
0x5003,0x2803,0B,40,1,0x00DB90,0x3FC,0x00DF8C,0x0004,35,40,0F,OK
0x5002,0x2802,0B,40,1,0x00DB90,0x3FD,0x00DF8D,0x0003,35,00,CE,OK
0x5001,0x2801,0B,40,1,0x00DB90,0x3FE,0x00DF8E,0x0002,35,41,0E,OK
0x5000,0x2800,0B,40,1,0x00DB90,0x3FF,0x00DF8F,0x0001,35,0C,D8,OK
0x57FF,0x2FFF,0B,40,2,0x00DFA0,0x000,0x00DFA0,0x0400,35,0A,D9,OK
0x57FE,0x2FFE,0B,40,2,0x00DFA0,0x001,0x00DFA1,0x03FF,35,04,D1,OK
0x57FD,0x2FFD,0B,40,2,0x00DFA0,0x002,0x00DFA2,0x03FE,35,A8,74,OK
0x57FC,0x2FFC,0B,40,2,0x00DFA0,0x003,0x00DFA3,0x03FD,35,AA,75,OK
0x57FB,0x2FFB,0B,40,2,0x00DFA0,0x004,0x00DFA4,0x03FC,35,A2,6C,OK
0x57FA,0x2FFA,0B,40,2,0x00DFA0,0x005,0x00DFA5,0x03FB,35,05,CE,OK
0x57F9,0x2FF9,0B,40,2,0x00DFA0,0x006,0x00DFA6,0x03FA,35,A8,70,OK
0x57F8,0x2FF8,0B,40,2,0x00DFA0,0x007,0x00DFA7,0x03F9,35,88,4F,OK
0x57F7,0x2FF7,0B,40,2,0x00DFA0,0x008,0x00DFA8,0x03F8,35,A2,68,OK
0x57F6,0x2FF6,0B,40,2,0x00DFA0,0x009,0x00DFA9,0x03F7,35,AB,70,OK
0x57F5,0x2FF5,0B,40,2,0x00DFA0,0x00A,0x00DFAA,0x03F6,35,AA,6E,OK
0x57F4,0x2FF4,0B,40,2,0x00DFA0,0x00B,0x00DFAB,0x03F5,35,05,C8,OK
0x57F3,0x2FF3,0B,40,2,0x00DFA0,0x00C,0x00DFAC,0x03F4,35,8A,4C,OK
0x57F2,0x2FF2,0B,40,2,0x00DFA0,0x00D,0x00DFAD,0x03F3,35,9E,5F,OK
0x57F1,0x2FF1,0B,40,2,0x00DFA0,0x00E,0x00DFAE,0x03F2,35,A8,68,OK
0x57F0,0x2FF0,0B,40,2,0x00DFA0,0x00F,0x00DFAF,0x03F1,35,A0,5F,OK
0x57EF,0x2FEF,0B,40,2,0x00DFA0,0x010,0x00DFB0,0x03F0,35,EA,A8,OK
0x57EE,0x2FEE,0B,40,2,0x00DFA0,0x011,0x00DFB1,0x03EF,35,AE,6B,OK
0x57ED,0x2FED,0B,40,2,0x00DFA0,0x012,0x00DFB2,0x03EE,35,2A,E6,OK
0x57EC,0x2FEC,0B,40,2,0x00DFA0,0x013,0x00DFB3,0x03ED,35,88,43,OK
0x57EB,0x2FEB,0B,40,2,0x00DFA0,0x014,0x00DFB4,0x03EC,35,AA,64,OK
0x57EA,0x2FEA,0B,40,2,0x00DFA0,0x015,0x00DFB5,0x03EB,35,00,B9,OK
0x57E9,0x2FE9,0B,40,2,0x00DFA0,0x016,0x00DFB6,0x03EA,35,A8,60,OK
0x57E8,0x2FE8,0B,40,2,0x00DFA0,0x017,0x00DFB7,0x03E9,35,2A,E1,OK
0x57E7,0x2FE7,0B,40,2,0x00DFA0,0x018,0x00DFB8,0x03E8,35,8A,40,OK
0x57E6,0x2FE6,0B,40,2,0x00DFA0,0x019,0x00DFB9,0x03E7,35,0A,BF,OK
0x57E5,0x2FE5,0B,40,2,0x00DFA0,0x01A,0x00DFBA,0x03E6,35,A8,5C,OK
0x57E4,0x2FE4,0B,40,2,0x00DFA0,0x01B,0x00DFBB,0x03E5,35,05,B8,OK
0x57E3,0x2FE3,0B,40,2,0x00DFA0,0x01C,0x00DFBC,0x03E4,35,AA,5C,OK
0x57E2,0x2FE2,0B,40,2,0x00DFA0,0x01D,0x00DFBD,0x03E3,35,08,B9,OK
0x57E1,0x2FE1,0B,40,2,0x00DFA0,0x01E,0x00DFBE,0x03E2,35,03,B3,OK
0x57E0,0x2FE0,0B,40,2,0x00DFA0,0x01F,0x00DFBF,0x03E1,35,80,2F,OK
0x57DF,0x2FDF,0B,40,2,0x00DFA0,0x020,0x00DFC0,0x03E0,35,AA,58,OK
0x57DE,0x2FDE,0B,40,2,0x00DFA0,0x021,0x00DFC1,0x03DF,35,2A,D7,OK
0x57DD,0x2FDD,0B,40,2,0x00DFA0,0x022,0x00DFC2,0x03DE,35,AA,56,OK
0x57DC,0x2FDC,0B,40,2,0x00DFA0,0x023,0x00DFC3,0x03DD,35,05,B0,OK
0x57DB,0x2FDB,0B,40,2,0x00DFA0,0x024,0x00DFC4,0x03DC,35,80,2A,OK
0x57DA,0x2FDA,0B,40,2,0x00DFA0,0x025,0x00DFC5,0x03DB,35,88,31,OK
0x57D9,0x2FD9,0B,40,2,0x00DFA0,0x026,0x00DFC6,0x03DA,35,AA,52,OK
0x57D8,0x2FD8,0B,40,2,0x00DFA0,0x027,0x00DFC7,0x03D9,35,22,C9,OK
0x57D7,0x2FD7,0B,40,2,0x00DFA0,0x028,0x00DFC8,0x03D8,35,20,C6,OK
0x57D6,0x2FD6,0B,40,2,0x00DFA0,0x029,0x00DFC9,0x03D7,35,80,25,OK
0x57D5,0x2FD5,0B,40,2,0x00DFA0,0x02A,0x00DFCA,0x03D6,35,2A,CE,OK
0x57D4,0x2FD4,0B,40,2,0x00DFA0,0x02B,0x00DFCB,0x03D5,35,28,CB,OK
0x57D3,0x2FD3,0B,40,2,0x00DFA0,0x02C,0x00DFCC,0x03D4,35,05,A7,OK
0x57D2,0x2FD2,0B,40,2,0x00DFA0,0x02D,0x00DFCD,0x03D3,35,8A,2B,OK
0x57D1,0x2FD1,0B,40,2,0x00DFA0,0x02E,0x00DFCE,0x03D2,35,09,A9,OK
0x57D0,0x2FD0,0B,40,2,0x00DFA0,0x02F,0x00DFCF,0x03D1,35,8A,29,OK
0x57CF,0x2FCF,0B,40,2,0x00DFA0,0x030,0x00DFD0,0x03D0,35,05,A3,OK
0x57CE,0x2FCE,0B,40,2,0x00DFA0,0x031,0x00DFD1,0x03CF,35,AA,47,OK
0x57CD,0x2FCD,0B,40,2,0x00DFA0,0x032,0x00DFD2,0x03CE,35,2A,C6,OK
0x57CC,0x2FCC,0B,40,2,0x00DFA0,0x033,0x00DFD3,0x03CD,35,AA,45,OK
0x57CB,0x2FCB,0B,40,2,0x00DFA0,0x034,0x00DFD4,0x03CC,35,22,BC,OK
0x57CA,0x2FCA,0B,40,2,0x00DFA0,0x035,0x00DFD5,0x03CB,35,2A,C3,OK
0x57C9,0x2FC9,0B,40,2,0x00DFA0,0x036,0x00DFD6,0x03CA,35,08,A0,OK
0x57C8,0x2FC8,0B,40,2,0x00DFA0,0x037,0x00DFD7,0x03C9,35,04,9B,OK
0x57C7,0x2FC7,0B,40,2,0x00DFA0,0x038,0x00DFD8,0x03C8,35,80,16,OK
0x57C6,0x2FC6,0B,40,2,0x00DFA0,0x039,0x00DFD9,0x03C7,35,02,97,OK
0x57C5,0x2FC5,0B,40,2,0x00DFA0,0x03A,0x00DFDA,0x03C6,35,04,98,OK
0x57C4,0x2FC4,0B,40,2,0x00DFA0,0x03B,0x00DFDB,0x03C5,35,15,A8,OK
0x57C3,0x2FC3,0B,40,2,0x00DFA0,0x03C,0x00DFDC,0x03C4,35,09,9B,OK
0x57C2,0x2FC2,0B,40,2,0x00DFA0,0x03D,0x00DFDD,0x03C3,35,45,D6,OK
0x57C1,0x2FC1,0B,40,2,0x00DFA0,0x03E,0x00DFDE,0x03C2,35,11,A1,OK
0x57C0,0x2FC0,0B,40,2,0x00DFA0,0x03F,0x00DFDF,0x03C1,35,15,A4,OK
0x57BF,0x2FBF,0B,40,2,0x00DFA0,0x040,0x00DFE0,0x03C0,35,09,97,OK
0x57BE,0x2FBE,0B,40,2,0x00DFA0,0x041,0x00DFE1,0x03BF,35,54,E1,OK
0x57BD,0x2FBD,0B,40,2,0x00DFA0,0x042,0x00DFE2,0x03BE,35,55,E1,OK
0x57BC,0x2FBC,0B,40,2,0x00DFA0,0x043,0x00DFE3,0x03BD,35,51,DC,OK
0x57BB,0x2FBB,0B,40,2,0x00DFA0,0x044,0x00DFE4,0x03BC,35,11,9B,OK
0x57BA,0x2FBA,0B,40,2,0x00DFA0,0x045,0x00DFE5,0x03BB,35,51,DA,OK
0x57B9,0x2FB9,0B,40,2,0x00DFA0,0x046,0x00DFE6,0x03BA,35,55,DD,OK
0x57B8,0x2FB8,0B,40,2,0x00DFA0,0x047,0x00DFE7,0x03B9,35,54,DB,OK
0x57B7,0x2FB7,0B,40,2,0x00DFA0,0x048,0x00DFE8,0x03B8,35,45,CB,OK
0x57B6,0x2FB6,0B,40,2,0x00DFA0,0x049,0x00DFE9,0x03B7,35,55,DA,OK
0x57B5,0x2FB5,0B,40,2,0x00DFA0,0x04A,0x00DFEA,0x03B6,35,06,8A,OK
0x57B4,0x2FB4,0B,40,2,0x00DFA0,0x04B,0x00DFEB,0x03B5,35,03,86,OK
0x57B3,0x2FB3,0B,40,2,0x00DFA0,0x04C,0x00DFEC,0x03B4,35,54,D6,OK
0x57B2,0x2FB2,0B,40,2,0x00DFA0,0x04D,0x00DFED,0x03B3,35,14,95,OK
0x57B1,0x2FB1,0B,40,2,0x00DFA0,0x04E,0x00DFEE,0x03B2,35,1C,9C,OK
0x57B0,0x2FB0,0B,40,2,0x00DFA0,0x04F,0x00DFEF,0x03B1,35,3C,BB,OK
0x57AF,0x2FAF,0B,40,2,0x00DFA0,0x050,0x00DFF0,0x03B0,35,15,93,OK
0x57AE,0x2FAE,0B,40,2,0x00DFA0,0x051,0x00DFF1,0x03AF,35,57,D4,OK
0x57AD,0x2FAD,0B,40,2,0x00DFA0,0x052,0x00DFF2,0x03AE,35,B1,2D,OK
0x57AC,0x2FAC,0B,40,2,0x00DFA0,0x053,0x00DFF3,0x03AD,35,75,F0,OK
0x57AB,0x2FAB,0B,40,2,0x00DFA0,0x054,0x00DFF4,0x03AC,35,57,D1,OK
0x57AA,0x2FAA,0B,40,2,0x00DFA0,0x055,0x00DFF5,0x03AB,35,7D,F6,OK
0x57A9,0x2FA9,0B,40,2,0x00DFA0,0x056,0x00DFF6,0x03AA,35,F5,6D,OK
0x57A8,0x2FA8,0B,40,2,0x00DFA0,0x057,0x00DFF7,0x03A9,35,BD,34,OK
0x57A7,0x2FA7,0B,40,2,0x00DFA0,0x058,0x00DFF8,0x03A8,35,6F,E5,OK
0x57A6,0x2FA6,0B,40,2,0x00DFA0,0x059,0x00DFF9,0x03A7,35,47,BC,OK
0x57A5,0x2FA5,0B,40,2,0x00DFA0,0x05A,0x00DFFA,0x03A6,35,41,B5,OK
0x57A4,0x2FA4,0B,40,2,0x00DFA0,0x05B,0x00DFFB,0x03A5,35,55,C8,OK
0x57A3,0x2FA3,0B,40,2,0x00DFA0,0x05C,0x00DFFC,0x03A4,35,05,77,OK
0x57A2,0x2FA2,0B,40,2,0x00DFA0,0x05D,0x00DFFD,0x03A3,35,54,C5,OK
0x57A1,0x2FA1,0B,40,2,0x00DFA0,0x05E,0x00DFFE,0x03A2,35,45,B5,OK
0x57A0,0x2FA0,0B,40,2,0x00DFA0,0x05F,0x00DFFF,0x03A1,35,0A,79,OK
0x579F,0x2F9F,0B,40,2,0x00DFA0,0x060,0x00E000,0x03A0,35,15,83,OK
0x579E,0x2F9E,0B,40,2,0x00DFA0,0x061,0x00E001,0x039F,35,55,C2,OK
0x579D,0x2F9D,0B,40,2,0x00DFA0,0x062,0x00E002,0x039E,35,51,BD,OK
0x579C,0x2F9C,0B,40,2,0x00DFA0,0x063,0x00E003,0x039D,35,44,AF,OK
0x579B,0x2F9B,0B,40,2,0x00DFA0,0x064,0x00E004,0x039C,35,51,BB,OK
0x579A,0x2F9A,0B,40,2,0x00DFA0,0x065,0x00E005,0x039B,35,09,72,OK
0x5799,0x2F99,0B,40,2,0x00DFA0,0x066,0x00E006,0x039A,35,54,BC,OK
0x5798,0x2F98,0B,40,2,0x00DFA0,0x067,0x00E007,0x0399,35,55,BC,OK
0x5797,0x2F97,0B,40,2,0x00DFA0,0x068,0x00E008,0x0398,35,41,A7,OK
0x5796,0x2F96,0B,40,2,0x00DFA0,0x069,0x00E009,0x0397,35,51,B6,OK
0x5795,0x2F95,0B,40,2,0x00DFA0,0x06A,0x00E00A,0x0396,35,10,74,OK
0x5794,0x2F94,0B,40,2,0x00DFA0,0x06B,0x00E00B,0x0395,35,05,68,OK
0x5793,0x2F93,0B,40,2,0x00DFA0,0x06C,0x00E00C,0x0394,35,04,66,OK
0x5792,0x2F92,0B,40,2,0x00DFA0,0x06D,0x00E00D,0x0393,35,05,66,OK
0x5791,0x2F91,0B,40,2,0x00DFA0,0x06E,0x00E00E,0x0392,35,44,A4,OK
0x5790,0x2F90,0B,40,2,0x00DFA0,0x06F,0x00E00F,0x0391,35,51,B0,OK
0x578F,0x2F8F,0B,40,2,0x00DFA0,0x070,0x00E010,0x0390,35,55,B3,OK
0x578E,0x2F8E,0B,40,2,0x00DFA0,0x071,0x00E011,0x038F,35,15,72,OK
0x578D,0x2F8D,0B,40,2,0x00DFA0,0x072,0x00E012,0x038E,35,05,61,OK
0x578C,0x2F8C,0B,40,2,0x00DFA0,0x073,0x00E013,0x038D,35,51,AC,OK
0x578B,0x2F8B,0B,40,2,0x00DFA0,0x074,0x00E014,0x038C,35,50,AA,OK
0x578A,0x2F8A,0B,40,2,0x00DFA0,0x075,0x00E015,0x038B,35,45,9E,OK
0x5789,0x2F89,0B,40,2,0x00DFA0,0x076,0x00E016,0x038A,35,15,6D,OK
0x5788,0x2F88,0B,40,2,0x00DFA0,0x077,0x00E017,0x0389,35,05,5C,OK
0x5787,0x2F87,0B,40,2,0x00DFA0,0x078,0x00E018,0x0388,35,10,66,OK
0x5786,0x2F86,0B,40,2,0x00DFA0,0x079,0x00E019,0x0387,35,55,AA,OK
0x5785,0x2F85,0B,40,2,0x00DFA0,0x07A,0x00E01A,0x0386,35,15,69,OK
0x5784,0x2F84,0B,40,2,0x00DFA0,0x07B,0x00E01B,0x0385,35,55,A8,OK
0x5783,0x2F83,0B,40,2,0x00DFA0,0x07C,0x00E01C,0x0384,35,44,96,OK
0x5782,0x2F82,0B,40,2,0x00DFA0,0x07D,0x00E01D,0x0383,35,55,A6,OK
0x5781,0x2F81,0B,40,2,0x00DFA0,0x07E,0x00E01E,0x0382,35,06,56,OK
0x5780,0x2F80,0B,40,2,0x00DFA0,0x07F,0x00E01F,0x0381,35,51,A0,OK
0x577F,0x2F7F,0B,40,2,0x00DFA0,0x080,0x00E020,0x0380,35,41,8F,OK
0x577E,0x2F7E,0B,40,2,0x00DFA0,0x081,0x00E021,0x037F,35,05,52,OK
0x577D,0x2F7D,0B,40,2,0x00DFA0,0x082,0x00E022,0x037E,35,AA,F6,OK
0x577C,0x2F7C,0B,40,2,0x00DFA0,0x083,0x00E023,0x037D,35,A0,EB,OK
0x577B,0x2F7B,0B,40,2,0x00DFA0,0x084,0x00E024,0x037C,35,22,6C,OK
0x577A,0x2F7A,0B,40,2,0x00DFA0,0x085,0x00E025,0x037B,35,05,4E,OK
0x5779,0x2F79,0B,40,2,0x00DFA0,0x086,0x00E026,0x037A,35,AA,F2,OK
0x5778,0x2F78,0B,40,2,0x00DFA0,0x087,0x00E027,0x0379,35,A8,EF,OK
0x5777,0x2F77,0B,40,2,0x00DFA0,0x088,0x00E028,0x0378,35,2A,70,OK
0x5776,0x2F76,0B,40,2,0x00DFA0,0x089,0x00E029,0x0377,35,A2,E7,OK
0x5775,0x2F75,0B,40,2,0x00DFA0,0x08A,0x00E02A,0x0376,35,2A,6E,OK
0x5774,0x2F74,0B,40,2,0x00DFA0,0x08B,0x00E02B,0x0375,35,AA,ED,OK
0x5773,0x2F73,0B,40,2,0x00DFA0,0x08C,0x00E02C,0x0374,35,2A,6C,OK
0x5772,0x2F72,0B,40,2,0x00DFA0,0x08D,0x00E02D,0x0373,35,AA,EB,OK
0x5771,0x2F71,0B,40,2,0x00DFA0,0x08E,0x00E02E,0x0372,35,06,46,OK
0x5770,0x2F70,0B,40,2,0x00DFA0,0x08F,0x00E02F,0x0371,35,8A,C9,OK
0x576F,0x2F6F,0B,40,2,0x00DFA0,0x090,0x00E030,0x0370,35,AA,E8,OK
0x576E,0x2F6E,0B,40,2,0x00DFA0,0x091,0x00E031,0x036F,35,05,42,OK
0x576D,0x2F6D,0B,40,2,0x00DFA0,0x092,0x00E032,0x036E,35,A8,E4,OK
0x576C,0x2F6C,0B,40,2,0x00DFA0,0x093,0x00E033,0x036D,35,05,40,OK
0x576B,0x2F6B,0B,40,2,0x00DFA0,0x094,0x00E034,0x036C,35,2A,64,OK
0x576A,0x2F6A,0B,40,2,0x00DFA0,0x095,0x00E035,0x036B,35,A0,D9,OK
0x5769,0x2F69,0B,40,2,0x00DFA0,0x096,0x00E036,0x036A,35,AA,E2,OK
0x5768,0x2F68,0B,40,2,0x00DFA0,0x097,0x00E037,0x0369,35,0A,41,OK
0x5767,0x2F67,0B,40,2,0x00DFA0,0x098,0x00E038,0x0368,35,04,3A,OK
0x5766,0x2F66,0B,40,2,0x00DFA0,0x099,0x00E039,0x0367,35,38,6D,OK
0x5765,0x2F65,0B,40,2,0x00DFA0,0x09A,0x00E03A,0x0366,35,43,77,OK
0x5764,0x2F64,0B,40,2,0x00DFA0,0x09B,0x00E03B,0x0365,35,C6,F9,OK
0x5763,0x2F63,0B,40,2,0x00DFA0,0x09C,0x00E03C,0x0364,35,0B,3D,OK
0x5762,0x2F62,0B,40,2,0x00DFA0,0x09D,0x00E03D,0x0363,35,04,35,OK
0x5761,0x2F61,0B,40,2,0x00DFA0,0x09E,0x00E03E,0x0362,35,55,85,OK
0x5760,0x2F60,0B,40,2,0x00DFA0,0x09F,0x00E03F,0x0361,35,77,A6,OK
0x575F,0x2F5F,0B,40,2,0x00DFA0,0x0A0,0x00E040,0x0360,35,FF,2D,OK
0x575E,0x2F5E,0B,40,2,0x00DFA0,0x0A1,0x00E041,0x035F,35,E6,13,OK
0x575D,0x2F5D,0B,40,2,0x00DFA0,0x0A2,0x00E042,0x035E,35,FB,27,OK
0x575C,0x2F5C,0B,40,2,0x00DFA0,0x0A3,0x00E043,0x035D,35,FF,2A,OK
0x575B,0x2F5B,0B,40,2,0x00DFA0,0x0A4,0x00E044,0x035C,35,BF,E9,OK
0x575A,0x2F5A,0B,40,2,0x00DFA0,0x0A5,0x00E045,0x035B,35,D7,00,OK
0x5759,0x2F59,0B,40,2,0x00DFA0,0x0A6,0x00E046,0x035A,35,EF,17,OK
0x5758,0x2F58,0B,40,2,0x00DFA0,0x0A7,0x00E047,0x0359,35,BA,E1,OK
0x5757,0x2F57,0B,40,2,0x00DFA0,0x0A8,0x00E048,0x0358,35,22,48,OK
0x5756,0x2F56,0B,40,2,0x00DFA0,0x0A9,0x00E049,0x0357,35,05,2A,OK
0x5755,0x2F55,0B,40,2,0x00DFA0,0x0AA,0x00E04A,0x0356,35,2A,4E,OK
0x5754,0x2F54,0B,40,2,0x00DFA0,0x0AB,0x00E04B,0x0355,35,A8,CB,OK
0x5753,0x2F53,0B,40,2,0x00DFA0,0x0AC,0x00E04C,0x0354,35,AA,CC,OK
0x5752,0x2F52,0B,40,2,0x00DFA0,0x0AD,0x00E04D,0x0353,35,07,28,OK
0x5751,0x2F51,0B,40,2,0x00DFA0,0x0AE,0x00E04E,0x0352,35,2A,4A,OK
0x5750,0x2F50,0B,40,2,0x00DFA0,0x0AF,0x00E04F,0x0351,35,AA,C9,OK
0x574F,0x2F4F,0B,40,2,0x00DFA0,0x0B0,0x00E050,0x0350,35,A8,C6,OK
0x574E,0x2F4E,0B,40,2,0x00DFA0,0x0B1,0x00E051,0x034F,35,AA,C7,OK
0x574D,0x2F4D,0B,40,2,0x00DFA0,0x0B2,0x00E052,0x034E,35,05,21,OK
0x574C,0x2F4C,0B,40,2,0x00DFA0,0x0B3,0x00E053,0x034D,35,A2,BD,OK
0x574B,0x2F4B,0B,40,2,0x00DFA0,0x0B4,0x00E054,0x034C,35,AA,C4,OK
0x574A,0x2F4A,0B,40,2,0x00DFA0,0x0B5,0x00E055,0x034B,35,82,9B,OK
0x5749,0x2F49,0B,40,2,0x00DFA0,0x0B6,0x00E056,0x034A,35,AA,C2,OK
0x5748,0x2F48,0B,40,2,0x00DFA0,0x0B7,0x00E057,0x0349,35,A2,B9,OK
0x5747,0x2F47,0B,40,2,0x00DFA0,0x0B8,0x00E058,0x0348,35,00,16,OK
0x5746,0x2F46,0B,40,2,0x00DFA0,0x0B9,0x00E059,0x0347,35,A0,B5,OK
0x5745,0x2F45,0B,40,2,0x00DFA0,0x0BA,0x00E05A,0x0346,35,05,19,OK
0x5744,0x2F44,0B,40,2,0x00DFA0,0x0BB,0x00E05B,0x0345,35,A8,BB,OK
0x5743,0x2F43,0B,40,2,0x00DFA0,0x0BC,0x00E05C,0x0344,35,A0,B2,OK
0x5742,0x2F42,0B,40,2,0x00DFA0,0x0BD,0x00E05D,0x0343,35,2A,3B,OK
0x5741,0x2F41,0B,40,2,0x00DFA0,0x0BE,0x00E05E,0x0342,35,8A,9A,OK
0x5740,0x2F40,0B,40,2,0x00DFA0,0x0BF,0x00E05F,0x0341,35,AA,B9,OK
0x573F,0x2F3F,0B,40,2,0x00DFA0,0x0C0,0x00E060,0x0340,35,05,13,OK
0x573E,0x2F3E,0B,40,2,0x00DFA0,0x0C1,0x00E061,0x033F,35,28,35,OK
0x573D,0x2F3D,0B,40,2,0x00DFA0,0x0C2,0x00E062,0x033E,35,08,14,OK
0x573C,0x2F3C,0B,40,2,0x00DFA0,0x0C3,0x00E063,0x033D,35,04,0F,OK
0x573B,0x2F3B,0B,40,2,0x00DFA0,0x0C4,0x00E064,0x033C,35,22,2C,OK
0x573A,0x2F3A,0B,40,2,0x00DFA0,0x0C5,0x00E065,0x033B,35,8A,93,OK
0x5739,0x2F39,0B,40,2,0x00DFA0,0x0C6,0x00E066,0x033A,35,00,08,OK
0x5738,0x2F38,0B,40,2,0x00DFA0,0x0C7,0x00E067,0x0339,35,AA,B1,OK
0x5737,0x2F37,0B,40,2,0x00DFA0,0x0C8,0x00E068,0x0338,35,22,28,OK
0x5736,0x2F36,0B,40,2,0x00DFA0,0x0C9,0x00E069,0x0337,35,AA,AF,OK
0x5735,0x2F35,0B,40,2,0x00DFA0,0x0CA,0x00E06A,0x0336,35,8A,8E,OK
0x5734,0x2F34,0B,40,2,0x00DFA0,0x0CB,0x00E06B,0x0335,35,A8,AB,OK
0x5733,0x2F33,0B,40,2,0x00DFA0,0x0CC,0x00E06C,0x0334,35,AA,AC,OK
0x5732,0x2F32,0B,40,2,0x00DFA0,0x0CD,0x00E06D,0x0333,35,08,09,OK
0x5731,0x2F31,0B,40,2,0x00DFA0,0x0CE,0x00E06E,0x0332,35,82,82,OK
0x5730,0x2F30,0B,40,2,0x00DFA0,0x0CF,0x00E06F,0x0331,35,55,54,OK
0x572F,0x2F2F,0B,40,2,0x00DFA0,0x0D0,0x00E070,0x0330,35,54,52,OK
0x572E,0x2F2E,0B,40,2,0x00DFA0,0x0D1,0x00E071,0x032F,35,55,52,OK
0x572D,0x2F2D,0B,40,2,0x00DFA0,0x0D2,0x00E072,0x032E,35,04,00,OK
0x572C,0x2F2C,0B,40,2,0x00DFA0,0x0D3,0x00E073,0x032D,35,04,FF,OK
0x572B,0x2F2B,0B,40,2,0x00DFA0,0x0D4,0x00E074,0x032C,35,40,3A,OK
0x572A,0x2F2A,0B,40,2,0x00DFA0,0x0D5,0x00E075,0x032B,35,51,4A,OK
0x5729,0x2F29,0B,40,2,0x00DFA0,0x0D6,0x00E076,0x032A,35,55,4D,OK
0x5728,0x2F28,0B,40,2,0x00DFA0,0x0D7,0x00E077,0x0329,35,06,FD,OK
0x5727,0x2F27,0B,40,2,0x00DFA0,0x0D8,0x00E078,0x0328,35,15,0B,OK
0x5726,0x2F26,0B,40,2,0x00DFA0,0x0D9,0x00E079,0x0327,35,40,35,OK
0x5725,0x2F25,0B,40,2,0x00DFA0,0x0DA,0x00E07A,0x0326,35,15,09,OK
0x5724,0x2F24,0B,40,2,0x00DFA0,0x0DB,0x00E07B,0x0325,35,11,04,OK
0x5723,0x2F23,0B,40,2,0x00DFA0,0x0DC,0x00E07C,0x0324,35,00,F2,OK
0x5722,0x2F22,0B,40,2,0x00DFA0,0x0DD,0x00E07D,0x0323,35,55,46,OK
0x5721,0x2F21,0B,40,2,0x00DFA0,0x0DE,0x00E07E,0x0322,35,45,35,OK
0x5720,0x2F20,0B,40,2,0x00DFA0,0x0DF,0x00E07F,0x0321,35,01,F0,OK
0x571F,0x2F1F,0B,40,2,0x00DFA0,0x0E0,0x00E080,0x0320,35,45,33,OK
0x571E,0x2F1E,0B,40,2,0x00DFA0,0x0E1,0x00E081,0x031F,35,54,41,OK
0x571D,0x2F1D,0B,40,2,0x00DFA0,0x0E2,0x00E082,0x031E,35,45,31,OK
0x571C,0x2F1C,0B,40,2,0x00DFA0,0x0E3,0x00E083,0x031D,35,55,40,OK
0x571B,0x2F1B,0B,40,2,0x00DFA0,0x0E4,0x00E084,0x031C,35,45,2F,OK
0x571A,0x2F1A,0B,40,2,0x00DFA0,0x0E5,0x00E085,0x031B,35,51,3A,OK
0x5719,0x2F19,0B,40,2,0x00DFA0,0x0E6,0x00E086,0x031A,35,55,3D,OK
0x5718,0x2F18,0B,40,2,0x00DFA0,0x0E7,0x00E087,0x0319,35,10,F7,OK
0x5717,0x2F17,0B,40,2,0x00DFA0,0x0E8,0x00E088,0x0318,35,55,3B,OK
0x5716,0x2F16,0B,40,2,0x00DFA0,0x0E9,0x00E089,0x0317,35,15,FA,OK
0x5715,0x2F15,0B,40,2,0x00DFA0,0x0EA,0x00E08A,0x0316,35,34,18,OK
0x5714,0x2F14,0B,40,2,0x00DFA0,0x0EB,0x00E08B,0x0315,35,77,5A,OK
0x5713,0x2F13,0B,40,2,0x00DFA0,0x0EC,0x00E08C,0x0314,35,76,58,OK
0x5712,0x2F12,0B,40,2,0x00DFA0,0x0ED,0x00E08D,0x0313,35,7B,5C,OK
0x5711,0x2F11,0B,40,2,0x00DFA0,0x0EE,0x00E08E,0x0312,35,F0,D0,OK
0x5710,0x2F10,0B,40,2,0x00DFA0,0x0EF,0x00E08F,0x0311,35,EF,CE,OK
0x570F,0x2F0F,0B,40,2,0x00DFA0,0x0F0,0x00E090,0x0310,35,BE,9C,OK
0x570E,0x2F0E,0B,40,2,0x00DFA0,0x0F1,0x00E091,0x030F,35,FF,DC,OK
0x570D,0x2F0D,0B,40,2,0x00DFA0,0x0F2,0x00E092,0x030E,35,7F,5B,OK
0x570C,0x2F0C,0B,40,2,0x00DFA0,0x0F3,0x00E093,0x030D,35,D4,AF,OK
0x570B,0x2F0B,0B,40,2,0x00DFA0,0x0F4,0x00E094,0x030C,35,3F,19,OK
0x570A,0x2F0A,0B,40,2,0x00DFA0,0x0F5,0x00E095,0x030B,35,D7,B0,OK
0x5709,0x2F09,0B,40,2,0x00DFA0,0x0F6,0x00E096,0x030A,35,55,2D,OK
0x5708,0x2F08,0B,40,2,0x00DFA0,0x0F7,0x00E097,0x0309,35,08,DF,OK
0x5707,0x2F07,0B,40,2,0x00DFA0,0x0F8,0x00E098,0x0308,35,15,EB,OK
0x5706,0x2F06,0B,40,2,0x00DFA0,0x0F9,0x00E099,0x0307,35,45,1A,OK
0x5705,0x2F05,0B,40,2,0x00DFA0,0x0FA,0x00E09A,0x0306,35,55,29,OK
0x5704,0x2F04,0B,40,2,0x00DFA0,0x0FB,0x00E09B,0x0305,35,06,D9,OK
0x5703,0x2F03,0B,40,2,0x00DFA0,0x0FC,0x00E09C,0x0304,35,11,E3,OK
0x5702,0x2F02,0B,40,2,0x00DFA0,0x0FD,0x00E09D,0x0303,35,55,26,OK
0x5701,0x2F01,0B,40,2,0x00DFA0,0x0FE,0x00E09E,0x0302,35,05,D5,OK
0x5700,0x2F00,0B,40,2,0x00DFA0,0x0FF,0x00E09F,0x0301,35,05,D4,OK
0x56FF,0x2EFF,0B,40,2,0x00DFA0,0x100,0x00E0A0,0x0300,35,04,D2,OK
0x56FE,0x2EFE,0B,40,2,0x00DFA0,0x101,0x00E0A1,0x02FF,35,15,E1,OK
0x56FD,0x2EFD,0B,40,2,0x00DFA0,0x102,0x00E0A2,0x02FE,35,09,D4,OK
0x56FC,0x2EFC,0B,40,2,0x00DFA0,0x103,0x00E0A3,0x02FD,35,51,1B,OK
0x56FB,0x2EFB,0B,40,2,0x00DFA0,0x104,0x00E0A4,0x02FC,35,05,CE,OK
0x56FA,0x2EFA,0B,40,2,0x00DFA0,0x105,0x00E0A5,0x02FB,35,45,0D,OK
0x56F9,0x2EF9,0B,40,2,0x00DFA0,0x106,0x00E0A6,0x02FA,35,55,1C,OK
0x56F8,0x2EF8,0B,40,2,0x00DFA0,0x107,0x00E0A7,0x02F9,35,45,0B,OK
0x56F7,0x2EF7,0B,40,2,0x00DFA0,0x108,0x00E0A8,0x02F8,35,15,DA,OK
0x56F6,0x2EF6,0B,40,2,0x00DFA0,0x109,0x00E0A9,0x02F7,35,55,19,OK
0x56F5,0x2EF5,0B,40,2,0x00DFA0,0x10A,0x00E0AA,0x02F6,35,44,07,OK
0x56F4,0x2EF4,0B,40,2,0x00DFA0,0x10B,0x00E0AB,0x02F5,35,54,16,OK
0x56F3,0x2EF3,0B,40,2,0x00DFA0,0x10C,0x00E0AC,0x02F4,35,44,05,OK
0x56F2,0x2EF2,0B,40,2,0x00DFA0,0x10D,0x00E0AD,0x02F3,35,14,D4,OK
0x56F1,0x2EF1,0B,40,2,0x00DFA0,0x10E,0x00E0AE,0x02F2,35,54,13,OK
0x56F0,0x2EF0,0B,40,2,0x00DFA0,0x10F,0x00E0AF,0x02F1,35,D5,93,OK
0x56EF,0x2EEF,0B,40,2,0x00DFA0,0x110,0x00E0B0,0x02F0,35,41,FE,OK
0x56EE,0x2EEE,0B,40,2,0x00DFA0,0x111,0x00E0B1,0x02EF,35,45,01,OK
0x56ED,0x2EED,0B,40,2,0x00DFA0,0x112,0x00E0B2,0x02EE,35,06,C1,OK
0x56EC,0x2EEC,0B,40,2,0x00DFA0,0x113,0x00E0B3,0x02ED,35,55,0F,OK
0x56EB,0x2EEB,0B,40,2,0x00DFA0,0x114,0x00E0B4,0x02EC,35,06,BF,OK
0x56EA,0x2EEA,0B,40,2,0x00DFA0,0x115,0x00E0B5,0x02EB,35,57,0F,OK
0x56E9,0x2EE9,0B,40,2,0x00DFA0,0x116,0x00E0B6,0x02EA,35,55,0C,OK
0x56E8,0x2EE8,0B,40,2,0x00DFA0,0x117,0x00E0B7,0x02E9,35,50,06,OK
0x56E7,0x2EE7,0B,40,2,0x00DFA0,0x118,0x00E0B8,0x02E8,35,05,BA,OK
0x56E6,0x2EE6,0B,40,2,0x00DFA0,0x119,0x00E0B9,0x02E7,35,04,B8,OK
0x56E5,0x2EE5,0B,40,2,0x00DFA0,0x11A,0x00E0BA,0x02E6,35,8A,3D,OK
0x56E4,0x2EE4,0B,40,2,0x00DFA0,0x11B,0x00E0BB,0x02E5,35,A8,5A,OK
0x56E3,0x2EE3,0B,40,2,0x00DFA0,0x11C,0x00E0BC,0x02E4,35,22,D3,OK
0x56E2,0x2EE2,0B,40,2,0x00DFA0,0x11D,0x00E0BD,0x02E3,35,28,D8,OK
0x56E1,0x2EE1,0B,40,2,0x00DFA0,0x11E,0x00E0BE,0x02E2,35,80,2F,OK
0x56E0,0x2EE0,0B,40,2,0x00DFA0,0x11F,0x00E0BF,0x02E1,35,A8,56,OK
0x56DF,0x2EDF,0B,40,2,0x00DFA0,0x120,0x00E0C0,0x02E0,35,88,35,OK
0x56DE,0x2EDE,0B,40,2,0x00DFA0,0x121,0x00E0C1,0x02DF,35,AA,56,OK
0x56DD,0x2EDD,0B,40,2,0x00DFA0,0x122,0x00E0C2,0x02DE,35,8A,35,OK
0x56DC,0x2EDC,0B,40,2,0x00DFA0,0x123,0x00E0C3,0x02DD,35,00,AA,OK
0x56DB,0x2EDB,0B,40,2,0x00DFA0,0x124,0x00E0C4,0x02DC,35,A2,4B,OK
0x56DA,0x2EDA,0B,40,2,0x00DFA0,0x125,0x00E0C5,0x02DB,35,05,AD,OK
0x56D9,0x2ED9,0B,40,2,0x00DFA0,0x126,0x00E0C6,0x02DA,35,8A,31,OK
0x56D8,0x2ED8,0B,40,2,0x00DFA0,0x127,0x00E0C7,0x02D9,35,A8,4E,OK
0x56D7,0x2ED7,0B,40,2,0x00DFA0,0x128,0x00E0C8,0x02D8,35,8A,2F,OK
0x56D6,0x2ED6,0B,40,2,0x00DFA0,0x129,0x00E0C9,0x02D7,35,2A,CE,OK
0x56D5,0x2ED5,0B,40,2,0x00DFA0,0x12A,0x00E0CA,0x02D6,35,8A,2D,OK
0x56D4,0x2ED4,0B,40,2,0x00DFA0,0x12B,0x00E0CB,0x02D5,35,05,A7,OK
0x56D3,0x2ED3,0B,40,2,0x00DFA0,0x12C,0x00E0CC,0x02D4,35,2A,CB,OK
0x56D2,0x2ED2,0B,40,2,0x00DFA0,0x12D,0x00E0CD,0x02D3,35,28,C8,OK
0x56D1,0x2ED1,0B,40,2,0x00DFA0,0x12E,0x00E0CE,0x02D2,35,2A,C9,OK
0x56D0,0x2ED0,0B,40,2,0x00DFA0,0x12F,0x00E0CF,0x02D1,35,05,A3,OK
0x56CF,0x2ECF,0B,40,2,0x00DFA0,0x130,0x00E0D0,0x02D0,35,8A,27,OK
0x56CE,0x2ECE,0B,40,2,0x00DFA0,0x131,0x00E0D1,0x02CF,35,0B,A7,OK
0x56CD,0x2ECD,0B,40,2,0x00DFA0,0x132,0x00E0D2,0x02CE,35,90,2B,OK
0x56CC,0x2ECC,0B,40,2,0x00DFA0,0x133,0x00E0D3,0x02CD,35,49,E3,OK
0x56CB,0x2ECB,0B,40,2,0x00DFA0,0x134,0x00E0D4,0x02CC,35,4F,E8,OK
0x56CA,0x2ECA,0B,40,2,0x00DFA0,0x135,0x00E0D5,0x02CB,35,D5,6D,OK
0x56C9,0x2EC9,0B,40,2,0x00DFA0,0x136,0x00E0D6,0x02CA,35,2C,C3,OK
0x56C8,0x2EC8,0B,40,2,0x00DFA0,0x137,0x00E0D7,0x02C9,35,54,EA,OK
0x56C7,0x2EC7,0B,40,2,0x00DFA0,0x138,0x00E0D8,0x02C8,35,D7,6C,OK
0x56C6,0x2EC6,0B,40,2,0x00DFA0,0x139,0x00E0D9,0x02C7,35,E5,79,OK
0x56C5,0x2EC5,0B,40,2,0x00DFA0,0x13A,0x00E0DA,0x02C6,35,09,9C,OK
0x56C4,0x2EC4,0B,40,2,0x00DFA0,0x13B,0x00E0DB,0x02C5,35,BF,51,OK
0x56C3,0x2EC3,0B,40,2,0x00DFA0,0x13C,0x00E0DC,0x02C4,35,B3,44,OK
0x56C2,0x2EC2,0B,40,2,0x00DFA0,0x13D,0x00E0DD,0x02C3,35,0F,9F,OK
0x56C1,0x2EC1,0B,40,2,0x00DFA0,0x13E,0x00E0DE,0x02C2,35,A0,2F,OK
0x56C0,0x2EC0,0B,40,2,0x00DFA0,0x13F,0x00E0DF,0x02C1,35,9A,28,OK
0x56BF,0x2EBF,0B,40,2,0x00DFA0,0x140,0x00E0E0,0x02C0,35,AA,37,OK
0x56BE,0x2EBE,0B,40,2,0x00DFA0,0x141,0x00E0E1,0x02BF,35,05,91,OK
0x56BD,0x2EBD,0B,40,2,0x00DFA0,0x142,0x00E0E2,0x02BE,35,8A,15,OK
0x56BC,0x2EBC,0B,40,2,0x00DFA0,0x143,0x00E0E3,0x02BD,35,AA,34,OK
0x56BB,0x2EBB,0B,40,2,0x00DFA0,0x144,0x00E0E4,0x02BC,35,A8,31,OK
0x56BA,0x2EBA,0B,40,2,0x00DFA0,0x145,0x00E0E5,0x02BB,35,AA,32,OK
0x56B9,0x2EB9,0B,40,2,0x00DFA0,0x146,0x00E0E6,0x02BA,35,05,8C,OK
0x56B8,0x2EB8,0B,40,2,0x00DFA0,0x147,0x00E0E7,0x02B9,35,2A,B0,OK
0x56B7,0x2EB7,0B,40,2,0x00DFA0,0x148,0x00E0E8,0x02B8,35,A2,27,OK
0x56B6,0x2EB6,0B,40,2,0x00DFA0,0x149,0x00E0E9,0x02B7,35,28,AC,OK
0x56B5,0x2EB5,0B,40,2,0x00DFA0,0x14A,0x00E0EA,0x02B6,35,05,88,OK
0x56B4,0x2EB4,0B,40,2,0x00DFA0,0x14B,0x00E0EB,0x02B5,35,2A,AC,OK
0x56B3,0x2EB3,0B,40,2,0x00DFA0,0x14C,0x00E0EC,0x02B4,35,A8,29,OK
0x56B2,0x2EB2,0B,40,2,0x00DFA0,0x14D,0x00E0ED,0x02B3,35,0A,8A,OK
0x56B1,0x2EB1,0B,40,2,0x00DFA0,0x14E,0x00E0EE,0x02B2,35,82,01,OK
0x56B0,0x2EB0,0B,40,2,0x00DFA0,0x14F,0x00E0EF,0x02B1,35,0A,88,OK
0x56AF,0x2EAF,0B,40,2,0x00DFA0,0x150,0x00E0F0,0x02B0,35,04,81,OK
0x56AE,0x2EAE,0B,40,2,0x00DFA0,0x151,0x00E0F1,0x02AF,35,22,9E,OK
0x56AD,0x2EAD,0B,40,2,0x00DFA0,0x152,0x00E0F2,0x02AE,35,05,80,OK
0x56AC,0x2EAC,0B,40,2,0x00DFA0,0x153,0x00E0F3,0x02AD,35,8A,04,OK
0x56AB,0x2EAB,0B,40,2,0x00DFA0,0x154,0x00E0F4,0x02AC,35,20,99,OK
0x56AA,0x2EAA,0B,40,2,0x00DFA0,0x155,0x00E0F5,0x02AB,35,05,7D,OK
0x56A9,0x2EA9,0B,40,2,0x00DFA0,0x156,0x00E0F6,0x02AA,35,A2,19,OK
0x56A8,0x2EA8,0B,40,2,0x00DFA0,0x157,0x00E0F7,0x02A9,35,00,76,OK
0x56A7,0x2EA7,0B,40,2,0x00DFA0,0x158,0x00E0F8,0x02A8,35,AA,1F,OK
0x56A6,0x2EA6,0B,40,2,0x00DFA0,0x159,0x00E0F9,0x02A7,35,0A,7E,OK
0x56A5,0x2EA5,0B,40,2,0x00DFA0,0x15A,0x00E0FA,0x02A6,35,04,77,OK
0x56A4,0x2EA4,0B,40,2,0x00DFA0,0x15B,0x00E0FB,0x02A5,35,A8,1A,OK
0x56A3,0x2EA3,0B,40,2,0x00DFA0,0x15C,0x00E0FC,0x02A4,35,2A,9B,OK
0x56A2,0x2EA2,0B,40,2,0x00DFA0,0x15D,0x00E0FD,0x02A3,35,28,98,OK
0x56A1,0x2EA1,0B,40,2,0x00DFA0,0x15E,0x00E0FE,0x02A2,35,AA,19,OK
0x56A0,0x2EA0,0B,40,2,0x00DFA0,0x15F,0x00E0FF,0x02A1,35,A0,0E,OK
0x569F,0x2E9F,0B,40,2,0x00DFA0,0x160,0x00E100,0x02A0,35,AA,17,OK
0x569E,0x2E9E,0B,40,2,0x00DFA0,0x161,0x00E101,0x029F,35,D8,44,OK
0x569D,0x2E9D,0B,40,2,0x00DFA0,0x162,0x00E102,0x029E,35,AB,16,OK
0x569C,0x2E9C,0B,40,2,0x00DFA0,0x163,0x00E103,0x029D,35,A2,0C,OK
0x569B,0x2E9B,0B,40,2,0x00DFA0,0x164,0x00E104,0x029C,35,A8,11,OK
0x569A,0x2E9A,0B,40,2,0x00DFA0,0x165,0x00E105,0x029B,35,AA,12,OK
0x5699,0x2E99,0B,40,2,0x00DFA0,0x166,0x00E106,0x029A,35,04,6B,OK
0x5698,0x2E98,0B,40,2,0x00DFA0,0x167,0x00E107,0x0299,35,04,6A,OK
0x5697,0x2E97,0B,40,2,0x00DFA0,0x168,0x00E108,0x0298,35,15,7A,OK
0x5696,0x2E96,0B,40,2,0x00DFA0,0x169,0x00E109,0x0297,35,44,A8,OK
0x5695,0x2E95,0B,40,2,0x00DFA0,0x16A,0x00E10A,0x0296,35,04,67,OK
0x5694,0x2E94,0B,40,2,0x00DFA0,0x16B,0x00E10B,0x0295,35,04,66,OK
0x5693,0x2E93,0B,40,2,0x00DFA0,0x16C,0x00E10C,0x0294,35,05,66,OK
0x5692,0x2E92,0B,40,2,0x00DFA0,0x16D,0x00E10D,0x0293,35,04,64,OK
0x5691,0x2E91,0B,40,2,0x00DFA0,0x16E,0x00E10E,0x0292,35,51,B0,OK
0x5690,0x2E90,0B,40,2,0x00DFA0,0x16F,0x00E10F,0x0291,35,54,B2,OK
0x568F,0x2E8F,0B,40,2,0x00DFA0,0x170,0x00E110,0x0290,35,05,62,OK
0x568E,0x2E8E,0B,40,2,0x00DFA0,0x171,0x00E111,0x028F,35,41,9D,OK
0x568D,0x2E8D,0B,40,2,0x00DFA0,0x172,0x00E112,0x028E,35,10,6B,OK
0x568C,0x2E8C,0B,40,2,0x00DFA0,0x173,0x00E113,0x028D,35,55,AF,OK
0x568B,0x2E8B,0B,40,2,0x00DFA0,0x174,0x00E114,0x028C,35,11,6A,OK
0x568A,0x2E8A,0B,40,2,0x00DFA0,0x175,0x00E115,0x028B,35,55,AD,OK
0x5689,0x2E89,0B,40,2,0x00DFA0,0x176,0x00E116,0x028A,35,15,6C,OK
0x5688,0x2E88,0B,40,2,0x00DFA0,0x177,0x00E117,0x0289,35,54,AA,OK
0x5687,0x2E87,0B,40,2,0x00DFA0,0x178,0x00E118,0x0288,35,11,66,OK
0x5686,0x2E86,0B,40,2,0x00DFA0,0x179,0x00E119,0x0287,35,51,A5,OK
0x5685,0x2E85,0B,40,2,0x00DFA0,0x17A,0x00E11A,0x0286,35,55,A8,OK
0x5684,0x2E84,0B,40,2,0x00DFA0,0x17B,0x00E11B,0x0285,35,15,67,OK
0x5683,0x2E83,0B,40,2,0x00DFA0,0x17C,0x00E11C,0x0284,35,54,A5,OK
0x5682,0x2E82,0B,40,2,0x00DFA0,0x17D,0x00E11D,0x0283,35,11,61,OK
0x5681,0x2E81,0B,40,2,0x00DFA0,0x17E,0x00E11E,0x0282,35,54,A3,OK
0x5680,0x2E80,0B,40,2,0x00DFA0,0x17F,0x00E11F,0x0281,35,55,A3,OK
0x567F,0x2E7F,0B,40,2,0x00DFA0,0x180,0x00E120,0x0280,35,07,54,OK
0x567E,0x2E7E,0B,40,2,0x00DFA0,0x181,0x00E121,0x027F,35,45,91,OK
0x567D,0x2E7D,0B,40,2,0x00DFA0,0x182,0x00E122,0x027E,35,14,5F,OK
0x567C,0x2E7C,0B,40,2,0x00DFA0,0x183,0x00E123,0x027D,35,74,BE,OK
0x567B,0x2E7B,0B,40,2,0x00DFA0,0x184,0x00E124,0x027C,35,57,A0,OK
0x567A,0x2E7A,0B,40,2,0x00DFA0,0x185,0x00E125,0x027B,35,AA,F2,OK
0x5679,0x2E79,0B,40,2,0x00DFA0,0x186,0x00E126,0x027A,35,88,CF,OK
0x5678,0x2E78,0B,40,2,0x00DFA0,0x187,0x00E127,0x0279,35,AA,F0,OK
0x5677,0x2E77,0B,40,2,0x00DFA0,0x188,0x00E128,0x0278,35,BE,03,OK
0x5676,0x2E76,0B,40,2,0x00DFA0,0x189,0x00E129,0x0277,35,AA,EE,OK
0x5675,0x2E75,0B,40,2,0x00DFA0,0x18A,0x00E12A,0x0276,35,FD,40,OK
0x5674,0x2E74,0B,40,2,0x00DFA0,0x18B,0x00E12B,0x0275,35,EF,31,OK
0x5673,0x2E73,0B,40,2,0x00DFA0,0x18C,0x00E12C,0x0274,35,FB,3C,OK
0x5672,0x2E72,0B,40,2,0x00DFA0,0x18D,0x00E12D,0x0273,35,FF,3F,OK
0x5671,0x2E71,0B,40,2,0x00DFA0,0x18E,0x00E12E,0x0272,35,05,44,OK
0x5670,0x2E70,0B,40,2,0x00DFA0,0x18F,0x00E12F,0x0271,35,F7,35,OK
0x566F,0x2E6F,0B,40,2,0x00DFA0,0x190,0x00E130,0x0270,35,7D,BA,OK
0x566E,0x2E6E,0B,40,2,0x00DFA0,0x191,0x00E131,0x026F,35,47,83,OK
0x566D,0x2E6D,0B,40,2,0x00DFA0,0x192,0x00E132,0x026E,35,05,40,OK
0x566C,0x2E6C,0B,40,2,0x00DFA0,0x193,0x00E133,0x026D,35,41,7B,OK
0x566B,0x2E6B,0B,40,2,0x00DFA0,0x194,0x00E134,0x026C,35,55,8E,OK
0x566A,0x2E6A,0B,40,2,0x00DFA0,0x195,0x00E135,0x026B,35,05,3D,OK
0x5669,0x2E69,0B,40,2,0x00DFA0,0x196,0x00E136,0x026A,35,54,8B,OK
0x5668,0x2E68,0B,40,2,0x00DFA0,0x197,0x00E137,0x0269,35,11,47,OK
0x5667,0x2E67,0B,40,2,0x00DFA0,0x198,0x00E138,0x0268,35,15,4A,OK
0x5666,0x2E66,0B,40,2,0x00DFA0,0x199,0x00E139,0x0267,35,50,84,OK
0x5665,0x2E65,0B,40,2,0x00DFA0,0x19A,0x00E13A,0x0266,35,54,87,OK
0x5664,0x2E64,0B,40,2,0x00DFA0,0x19B,0x00E13B,0x0265,35,09,3B,OK
0x5663,0x2E63,0B,40,2,0x00DFA0,0x19C,0x00E13C,0x0264,35,15,46,OK
0x5662,0x2E62,0B,40,2,0x00DFA0,0x19D,0x00E13D,0x0263,35,55,85,OK
0x5661,0x2E61,0B,40,2,0x00DFA0,0x19E,0x00E13E,0x0262,35,05,34,OK
0x5660,0x2E60,0B,40,2,0x00DFA0,0x19F,0x00E13F,0x0261,35,11,3F,OK
0x565F,0x2E5F,0B,40,2,0x00DFA0,0x1A0,0x00E140,0x0260,35,41,6E,OK
0x565E,0x2E5E,0B,40,2,0x00DFA0,0x1A1,0x00E141,0x025F,35,04,30,OK
0x565D,0x2E5D,0B,40,2,0x00DFA0,0x1A2,0x00E142,0x025E,35,04,2F,OK
0x565C,0x2E5C,0B,40,2,0x00DFA0,0x1A3,0x00E143,0x025D,35,51,7B,OK
0x565B,0x2E5B,0B,40,2,0x00DFA0,0x1A4,0x00E144,0x025C,35,55,7E,OK
0x565A,0x2E5A,0B,40,2,0x00DFA0,0x1A5,0x00E145,0x025B,35,45,6D,OK
0x5659,0x2E59,0B,40,2,0x00DFA0,0x1A6,0x00E146,0x025A,35,15,3C,OK
0x5658,0x2E58,0B,40,2,0x00DFA0,0x1A7,0x00E147,0x0259,35,79,9F,OK
0x5657,0x2E57,0B,40,2,0x00DFA0,0x1A8,0x00E148,0x0258,35,10,35,OK
0x5656,0x2E56,0B,40,2,0x00DFA0,0x1A9,0x00E149,0x0257,35,50,74,OK
0x5655,0x2E55,0B,40,2,0x00DFA0,0x1AA,0x00E14A,0x0256,35,55,78,OK
0x5654,0x2E54,0B,40,2,0x00DFA0,0x1AB,0x00E14B,0x0255,35,15,37,OK
0x5653,0x2E53,0B,40,2,0x00DFA0,0x1AC,0x00E14C,0x0254,35,F5,16,OK
0x5652,0x2E52,0B,40,2,0x00DFA0,0x1AD,0x00E14D,0x0253,35,57,77,OK
0x5651,0x2E51,0B,40,2,0x00DFA0,0x1AE,0x00E14E,0x0252,35,11,30,OK
0x5650,0x2E50,0B,40,2,0x00DFA0,0x1AF,0x00E14F,0x0251,35,55,73,OK
0x564F,0x2E4F,0B,40,2,0x00DFA0,0x1B0,0x00E150,0x0250,35,54,71,OK
0x564E,0x2E4E,0B,40,2,0x00DFA0,0x1B1,0x00E151,0x024F,35,45,61,OK
0x564D,0x2E4D,0B,40,2,0x00DFA0,0x1B2,0x00E152,0x024E,35,FD,18,OK
0x564C,0x2E4C,0B,40,2,0x00DFA0,0x1B3,0x00E153,0x024D,35,FF,19,OK
0x564B,0x2E4B,0B,40,2,0x00DFA0,0x1B4,0x00E154,0x024C,35,5B,74,OK
0x564A,0x2E4A,0B,40,2,0x00DFA0,0x1B5,0x00E155,0x024B,35,35,4D,OK
0x5649,0x2E49,0B,40,2,0x00DFA0,0x1B6,0x00E156,0x024A,35,D5,EC,OK
0x5648,0x2E48,0B,40,2,0x00DFA0,0x1B7,0x00E157,0x0249,35,AA,C0,OK
0x5647,0x2E47,0B,40,2,0x00DFA0,0x1B8,0x00E158,0x0248,35,08,1D,OK
0x5646,0x2E46,0B,40,2,0x00DFA0,0x1B9,0x00E159,0x0247,35,05,19,OK
0x5645,0x2E45,0B,40,2,0x00DFA0,0x1BA,0x00E15A,0x0246,35,A2,B5,OK
0x5644,0x2E44,0B,40,2,0x00DFA0,0x1BB,0x00E15B,0x0245,35,2A,3C,OK
0x5643,0x2E43,0B,40,2,0x00DFA0,0x1BC,0x00E15C,0x0244,35,0A,1B,OK
0x5642,0x2E42,0B,40,2,0x00DFA0,0x1BD,0x00E15D,0x0243,35,04,14,OK
0x5641,0x2E41,0B,40,2,0x00DFA0,0x1BE,0x00E15E,0x0242,35,8A,99,OK
0x5640,0x2E40,0B,40,2,0x00DFA0,0x1BF,0x00E15F,0x0241,35,AA,B8,OK
0x563F,0x2E3F,0B,40,2,0x00DFA0,0x1C0,0x00E160,0x0240,35,8A,97,OK
0x563E,0x2E3E,0B,40,2,0x00DFA0,0x1C1,0x00E161,0x023F,35,AA,B6,OK
0x563D,0x2E3D,0B,40,2,0x00DFA0,0x1C2,0x00E162,0x023E,35,88,93,OK
0x563C,0x2E3C,0B,40,2,0x00DFA0,0x1C3,0x00E163,0x023D,35,02,0C,OK
0x563B,0x2E3B,0B,40,2,0x00DFA0,0x1C4,0x00E164,0x023C,35,04,0D,OK
0x563A,0x2E3A,0B,40,2,0x00DFA0,0x1C5,0x00E165,0x023B,35,A8,B0,OK
0x5639,0x2E39,0B,40,2,0x00DFA0,0x1C6,0x00E166,0x023A,35,AA,B1,OK
0x5638,0x2E38,0B,40,2,0x00DFA0,0x1C7,0x00E167,0x0239,35,2A,30,OK
0x5637,0x2E37,0B,40,2,0x00DFA0,0x1C8,0x00E168,0x0238,35,AA,AF,OK
0x5636,0x2E36,0B,40,2,0x00DFA0,0x1C9,0x00E169,0x0237,35,A2,A6,OK
0x5635,0x2E35,0B,40,2,0x00DFA0,0x1CA,0x00E16A,0x0236,35,00,03,OK
0x5634,0x2E34,0B,40,2,0x00DFA0,0x1CB,0x00E16B,0x0235,35,8A,8C,OK
0x5633,0x2E33,0B,40,2,0x00DFA0,0x1CC,0x00E16C,0x0234,35,88,89,OK
0x5632,0x2E32,0B,40,2,0x00DFA0,0x1CD,0x00E16D,0x0233,35,2A,2A,OK
0x5631,0x2E31,0B,40,2,0x00DFA0,0x1CE,0x00E16E,0x0232,35,AA,A9,OK
0x5630,0x2E30,0B,40,2,0x00DFA0,0x1CF,0x00E16F,0x0231,35,88,86,OK
0x562F,0x2E2F,0B,40,2,0x00DFA0,0x1D0,0x00E170,0x0230,35,AA,A7,OK
0x562E,0x2E2E,0B,40,2,0x00DFA0,0x1D1,0x00E171,0x022F,35,20,1C,OK
0x562D,0x2E2D,0B,40,2,0x00DFA0,0x1D2,0x00E172,0x022E,35,2A,25,OK
0x562C,0x2E2C,0B,40,2,0x00DFA0,0x1D3,0x00E173,0x022D,35,AA,A4,OK
0x562B,0x2E2B,0B,40,2,0x00DFA0,0x1D4,0x00E174,0x022C,35,06,FF,OK
0x562A,0x2E2A,0B,40,2,0x00DFA0,0x1D5,0x00E175,0x022B,35,22,1A,OK
0x5629,0x2E29,0B,40,2,0x00DFA0,0x1D6,0x00E176,0x022A,35,44,3B,OK
0x5628,0x2E28,0B,40,2,0x00DFA0,0x1D7,0x00E177,0x0229,35,14,0A,OK
0x5627,0x2E27,0B,40,2,0x00DFA0,0x1D8,0x00E178,0x0228,35,11,06,OK
0x5626,0x2E26,0B,40,2,0x00DFA0,0x1D9,0x00E179,0x0227,35,55,49,OK
0x5625,0x2E25,0B,40,2,0x00DFA0,0x1DA,0x00E17A,0x0226,35,D5,C8,OK
0x5624,0x2E24,0B,40,2,0x00DFA0,0x1DB,0x00E17B,0x0225,35,F5,E7,OK
0x5623,0x2E23,0B,40,2,0x00DFA0,0x1DC,0x00E17C,0x0224,35,FF,F0,OK
0x5622,0x2E22,0B,40,2,0x00DFA0,0x1DD,0x00E17D,0x0223,35,6B,5B,OK
0x5621,0x2E21,0B,40,2,0x00DFA0,0x1DE,0x00E17E,0x0222,35,FF,EE,OK
0x5620,0x2E20,0B,40,2,0x00DFA0,0x1DF,0x00E17F,0x0221,35,23,11,OK
0x561F,0x2E1F,0B,40,2,0x00DFA0,0x1E0,0x00E180,0x0220,35,C8,B5,OK
0x561E,0x2E1E,0B,40,2,0x00DFA0,0x1E1,0x00E181,0x021F,35,AB,97,OK
0x561D,0x2E1D,0B,40,2,0x00DFA0,0x1E2,0x00E182,0x021E,35,AE,99,OK
0x561C,0x2E1C,0B,40,2,0x00DFA0,0x1E3,0x00E183,0x021D,35,22,0C,OK
0x561B,0x2E1B,0B,40,2,0x00DFA0,0x1E4,0x00E184,0x021C,35,0A,F3,OK
0x561A,0x2E1A,0B,40,2,0x00DFA0,0x1E5,0x00E185,0x021B,35,04,EC,OK
0x5619,0x2E19,0B,40,2,0x00DFA0,0x1E6,0x00E186,0x021A,35,09,F0,OK
0x5618,0x2E18,0B,40,2,0x00DFA0,0x1E7,0x00E187,0x0219,35,AA,90,OK
0x5617,0x2E17,0B,40,2,0x00DFA0,0x1E8,0x00E188,0x0218,35,2A,0F,OK
0x5616,0x2E16,0B,40,2,0x00DFA0,0x1E9,0x00E189,0x0217,35,A8,8C,OK
0x5615,0x2E15,0B,40,2,0x00DFA0,0x1EA,0x00E18A,0x0216,35,82,65,OK
0x5614,0x2E14,0B,40,2,0x00DFA0,0x1EB,0x00E18B,0x0215,35,2A,0C,OK
0x5613,0x2E13,0B,40,2,0x00DFA0,0x1EC,0x00E18C,0x0214,35,A8,89,OK
0x5612,0x2E12,0B,40,2,0x00DFA0,0x1ED,0x00E18D,0x0213,35,0A,EA,OK
0x5611,0x2E11,0B,40,2,0x00DFA0,0x1EE,0x00E18E,0x0212,35,04,E3,OK
0x5610,0x2E10,0B,40,2,0x00DFA0,0x1EF,0x00E18F,0x0211,35,2A,08,OK
0x560F,0x2E0F,0B,40,2,0x00DFA0,0x1F0,0x00E190,0x0210,35,09,E6,OK
0x560E,0x2E0E,0B,40,2,0x00DFA0,0x1F1,0x00E191,0x020F,35,AA,86,OK
0x560D,0x2E0D,0B,40,2,0x00DFA0,0x1F2,0x00E192,0x020E,35,06,E1,OK
0x560C,0x2E0C,0B,40,2,0x00DFA0,0x1F3,0x00E193,0x020D,35,6B,45,OK
0x560B,0x2E0B,0B,40,2,0x00DFA0,0x1F4,0x00E194,0x020C,35,AA,83,OK
0x560A,0x2E0A,0B,40,2,0x00DFA0,0x1F5,0x00E195,0x020B,35,22,FA,OK
0x5609,0x2E09,0B,40,2,0x00DFA0,0x1F6,0x00E196,0x020A,35,A8,7F,OK
0x5608,0x2E08,0B,40,2,0x00DFA0,0x1F7,0x00E197,0x0209,35,B1,87,OK
0x5607,0x2E07,0B,40,2,0x00DFA0,0x1F8,0x00E198,0x0208,35,E8,BD,OK
0x5606,0x2E06,0B,40,2,0x00DFA0,0x1F9,0x00E199,0x0207,35,28,FC,OK
0x5605,0x2E05,0B,40,2,0x00DFA0,0x1FA,0x00E19A,0x0206,35,A0,73,OK
0x5604,0x2E04,0B,40,2,0x00DFA0,0x1FB,0x00E19B,0x0205,35,AA,7C,OK
0x5603,0x2E03,0B,40,2,0x00DFA0,0x1FC,0x00E19C,0x0204,35,FF,D0,OK
0x5602,0x2E02,0B,40,2,0x00DFA0,0x1FD,0x00E19D,0x0203,35,AF,7F,OK
0x5601,0x2E01,0B,40,2,0x00DFA0,0x1FE,0x00E19E,0x0202,35,A0,6F,OK
0x5600,0x2E00,0B,40,2,0x00DFA0,0x1FF,0x00E19F,0x0201,35,AE,7C,OK
0x55FF,0x2DFF,0B,40,2,0x00DFA0,0x200,0x00E1A0,0x0200,35,A2,6F,OK
0x55FE,0x2DFE,0B,40,2,0x00DFA0,0x201,0x00E1A1,0x01FF,35,E2,AD,OK
0x55FD,0x2DFD,0B,40,2,0x00DFA0,0x202,0x00E1A2,0x01FE,35,FB,C5,OK
0x55FC,0x2DFC,0B,40,2,0x00DFA0,0x203,0x00E1A3,0x01FD,35,05,CE,OK
0x55FB,0x2DFB,0B,40,2,0x00DFA0,0x204,0x00E1A4,0x01FC,35,BB,83,OK
0x55FA,0x2DFA,0B,40,2,0x00DFA0,0x205,0x00E1A5,0x01FB,35,AA,71,OK
0x55F9,0x2DF9,0B,40,2,0x00DFA0,0x206,0x00E1A6,0x01FA,35,FE,C4,OK
0x55F8,0x2DF8,0B,40,2,0x00DFA0,0x207,0x00E1A7,0x01F9,35,51,16,OK
0x55F7,0x2DF7,0B,40,2,0x00DFA0,0x208,0x00E1A8,0x01F8,35,45,09,OK
0x55F6,0x2DF6,0B,40,2,0x00DFA0,0x209,0x00E1A9,0x01F7,35,15,D8,OK
0x55F5,0x2DF5,0B,40,2,0x00DFA0,0x20A,0x00E1AA,0x01F6,35,44,06,OK
0x55F4,0x2DF4,0B,40,2,0x00DFA0,0x20B,0x00E1AB,0x01F5,35,54,15,OK
0x55F3,0x2DF3,0B,40,2,0x00DFA0,0x20C,0x00E1AC,0x01F4,35,05,C5,OK
0x55F2,0x2DF2,0B,40,2,0x00DFA0,0x20D,0x00E1AD,0x01F3,35,55,14,OK
0x55F1,0x2DF1,0B,40,2,0x00DFA0,0x20E,0x00E1AE,0x01F2,35,05,C3,OK
0x55F0,0x2DF0,0B,40,2,0x00DFA0,0x20F,0x00E1AF,0x01F1,35,54,11,OK
0x55EF,0x2DEF,0B,40,2,0x00DFA0,0x210,0x00E1B0,0x01F0,35,11,CD,OK
0x55EE,0x2DEE,0B,40,2,0x00DFA0,0x211,0x00E1B1,0x01EF,35,45,00,OK
0x55ED,0x2DED,0B,40,2,0x00DFA0,0x212,0x00E1B2,0x01EE,35,41,FB,OK
0x55EC,0x2DEC,0B,40,2,0x00DFA0,0x213,0x00E1B3,0x01ED,35,05,BE,OK
0x55EB,0x2DEB,0B,40,2,0x00DFA0,0x214,0x00E1B4,0x01EC,35,51,09,OK
0x55EA,0x2DEA,0B,40,2,0x00DFA0,0x215,0x00E1B5,0x01EB,35,55,0C,OK
0x55E9,0x2DE9,0B,40,2,0x00DFA0,0x216,0x00E1B6,0x01EA,35,15,CB,OK
0x55E8,0x2DE8,0B,40,2,0x00DFA0,0x217,0x00E1B7,0x01E9,35,11,C6,OK
0x55E7,0x2DE7,0B,40,2,0x00DFA0,0x218,0x00E1B8,0x01E8,35,55,09,OK
0x55E6,0x2DE6,0B,40,2,0x00DFA0,0x219,0x00E1B9,0x01E7,35,05,B8,OK
0x55E5,0x2DE5,0B,40,2,0x00DFA0,0x21A,0x00E1BA,0x01E6,35,15,C7,OK
0x55E4,0x2DE4,0B,40,2,0x00DFA0,0x21B,0x00E1BB,0x01E5,35,55,06,OK
0x55E3,0x2DE3,0B,40,2,0x00DFA0,0x21C,0x00E1BC,0x01E4,35,44,F4,OK
0x55E2,0x2DE2,0B,40,2,0x00DFA0,0x21D,0x00E1BD,0x01E3,35,55,04,OK
0x55E1,0x2DE1,0B,40,2,0x00DFA0,0x21E,0x00E1BE,0x01E2,35,15,C3,OK
0x55E0,0x2DE0,0B,40,2,0x00DFA0,0x21F,0x00E1BF,0x01E1,35,55,02,OK
0x55DF,0x2DDF,0B,40,2,0x00DFA0,0x220,0x00E1C0,0x01E0,35,40,EC,OK
0x55DE,0x2DDE,0B,40,2,0x00DFA0,0x221,0x00E1C1,0x01DF,35,55,00,OK
0x55DD,0x2DDD,0B,40,2,0x00DFA0,0x222,0x00E1C2,0x01DE,35,51,FB,OK
0x55DC,0x2DDC,0B,40,2,0x00DFA0,0x223,0x00E1C3,0x01DD,35,55,FE,OK
0x55DB,0x2DDB,0B,40,2,0x00DFA0,0x224,0x00E1C4,0x01DC,35,54,FC,OK
0x55DA,0x2DDA,0B,40,2,0x00DFA0,0x225,0x00E1C5,0x01DB,35,18,BF,OK
0x55D9,0x2DD9,0B,40,2,0x00DFA0,0x226,0x00E1C6,0x01DA,35,11,B7,OK
0x55D8,0x2DD8,0B,40,2,0x00DFA0,0x227,0x00E1C7,0x01D9,35,02,A7,OK
0x55D7,0x2DD7,0B,40,2,0x00DFA0,0x228,0x00E1C8,0x01D8,35,04,A8,OK
0x55D6,0x2DD6,0B,40,2,0x00DFA0,0x229,0x00E1C9,0x01D7,35,AE,51,OK
0x55D5,0x2DD5,0B,40,2,0x00DFA0,0x22A,0x00E1CA,0x01D6,35,AA,4C,OK
0x55D4,0x2DD4,0B,40,2,0x00DFA0,0x22B,0x00E1CB,0x01D5,35,8A,2B,OK
0x55D3,0x2DD3,0B,40,2,0x00DFA0,0x22C,0x00E1CC,0x01D4,35,C9,69,OK
0x55D2,0x2DD2,0B,40,2,0x00DFA0,0x22D,0x00E1CD,0x01D3,35,7A,19,OK
0x55D1,0x2DD1,0B,40,2,0x00DFA0,0x22E,0x00E1CE,0x01D2,35,40,DE,OK
0x55D0,0x2DD0,0B,40,2,0x00DFA0,0x22F,0x00E1CF,0x01D1,35,5D,FA,OK
0x55CF,0x2DCF,0B,40,2,0x00DFA0,0x230,0x00E1D0,0x01D0,35,17,B3,OK
0x55CE,0x2DCE,0B,40,2,0x00DFA0,0x231,0x00E1D1,0x01CF,35,56,F1,OK
0x55CD,0x2DCD,0B,40,2,0x00DFA0,0x232,0x00E1D2,0x01CE,35,75,0F,OK
0x55CC,0x2DCC,0B,40,2,0x00DFA0,0x233,0x00E1D3,0x01CD,35,05,9E,OK
0x55CB,0x2DCB,0B,40,2,0x00DFA0,0x234,0x00E1D4,0x01CC,35,04,9C,OK
0x55CA,0x2DCA,0B,40,2,0x00DFA0,0x235,0x00E1D5,0x01CB,35,04,9B,OK
0x55C9,0x2DC9,0B,40,2,0x00DFA0,0x236,0x00E1D6,0x01CA,35,04,9A,OK
0x55C8,0x2DC8,0B,40,2,0x00DFA0,0x237,0x00E1D7,0x01C9,35,15,AA,OK
0x55C7,0x2DC7,0B,40,2,0x00DFA0,0x238,0x00E1D8,0x01C8,35,41,D5,OK
0x55C6,0x2DC6,0B,40,2,0x00DFA0,0x239,0x00E1D9,0x01C7,35,54,E7,OK
0x55C5,0x2DC5,0B,40,2,0x00DFA0,0x23A,0x00E1DA,0x01C6,35,55,E7,OK
0x55C4,0x2DC4,0B,40,2,0x00DFA0,0x23B,0x00E1DB,0x01C5,35,44,D5,OK
0x55C3,0x2DC3,0B,40,2,0x00DFA0,0x23C,0x00E1DC,0x01C4,35,51,E1,OK
0x55C2,0x2DC2,0B,40,2,0x00DFA0,0x23D,0x00E1DD,0x01C3,35,15,A4,OK
0x55C1,0x2DC1,0B,40,2,0x00DFA0,0x23E,0x00E1DE,0x01C2,35,50,DE,OK
0x55C0,0x2DC0,0B,40,2,0x00DFA0,0x23F,0x00E1DF,0x01C1,35,0A,97,OK
0x55BF,0x2DBF,0B,40,2,0x00DFA0,0x240,0x00E1E0,0x01C0,35,44,D0,OK
0x55BE,0x2DBE,0B,40,2,0x00DFA0,0x241,0x00E1E1,0x01BF,35,55,E0,OK
0x55BD,0x2DBD,0B,40,2,0x00DFA0,0x242,0x00E1E2,0x01BE,35,15,9F,OK
0x55BC,0x2DBC,0B,40,2,0x00DFA0,0x243,0x00E1E3,0x01BD,35,F5,7E,OK
0x55BB,0x2DBB,0B,40,2,0x00DFA0,0x244,0x00E1E4,0x01BC,35,D5,5D,OK
0x55BA,0x2DBA,0B,40,2,0x00DFA0,0x245,0x00E1E5,0x01BB,35,14,9B,OK
0x55B9,0x2DB9,0B,40,2,0x00DFA0,0x246,0x00E1E6,0x01BA,35,3C,C2,OK
0x55B8,0x2DB8,0B,40,2,0x00DFA0,0x247,0x00E1E7,0x01B9,35,D5,5A,OK
0x55B7,0x2DB7,0B,40,2,0x00DFA0,0x248,0x00E1E8,0x01B8,35,FF,83,OK
0x55B6,0x2DB6,0B,40,2,0x00DFA0,0x249,0x00E1E9,0x01B7,35,D5,58,OK
0x55B5,0x2DB5,0B,40,2,0x00DFA0,0x24A,0x00E1EA,0x01B6,35,01,83,OK
0x55B4,0x2DB4,0B,40,2,0x00DFA0,0x24B,0x00E1EB,0x01B5,35,55,D6,OK
0x55B3,0x2DB3,0B,40,2,0x00DFA0,0x24C,0x00E1EC,0x01B4,35,FE,7E,OK
0x55B2,0x2DB2,0B,40,2,0x00DFA0,0x24D,0x00E1ED,0x01B3,35,EF,6E,OK
0x55B1,0x2DB1,0B,40,2,0x00DFA0,0x24E,0x00E1EE,0x01B2,35,7F,FD,OK
0x55B0,0x2DB0,0B,40,2,0x00DFA0,0x24F,0x00E1EF,0x01B1,35,55,D2,OK
0x55AF,0x2DAF,0B,40,2,0x00DFA0,0x250,0x00E1F0,0x01B0,35,F9,75,OK
0x55AE,0x2DAE,0B,40,2,0x00DFA0,0x251,0x00E1F1,0x01AF,35,54,CF,OK
0x55AD,0x2DAD,0B,40,2,0x00DFA0,0x252,0x00E1F2,0x01AE,35,21,9B,OK
0x55AC,0x2DAC,0B,40,2,0x00DFA0,0x253,0x00E1F3,0x01AD,35,DD,56,OK
0x55AB,0x2DAB,0B,40,2,0x00DFA0,0x254,0x00E1F4,0x01AC,35,FF,77,OK
0x55AA,0x2DAA,0B,40,2,0x00DFA0,0x255,0x00E1F5,0x01AB,35,7F,F6,OK
0x55A9,0x2DA9,0B,40,2,0x00DFA0,0x256,0x00E1F6,0x01AA,35,FF,75,OK
0x55A8,0x2DA8,0B,40,2,0x00DFA0,0x257,0x00E1F7,0x01A9,35,05,7A,OK
0x55A7,0x2DA7,0B,40,2,0x00DFA0,0x258,0x00E1F8,0x01A8,35,A7,1B,OK
0x55A6,0x2DA6,0B,40,2,0x00DFA0,0x259,0x00E1F9,0x01A7,35,BA,2D,OK
0x55A5,0x2DA5,0B,40,2,0x00DFA0,0x25A,0x00E1FA,0x01A6,35,AA,1C,OK
0x55A4,0x2DA4,0B,40,2,0x00DFA0,0x25B,0x00E1FB,0x01A5,35,A8,19,OK
0x55A3,0x2DA3,0B,40,2,0x00DFA0,0x25C,0x00E1FC,0x01A4,35,AA,1A,OK
0x55A2,0x2DA2,0B,40,2,0x00DFA0,0x25D,0x00E1FD,0x01A3,35,8A,F9,OK
0x55A1,0x2DA1,0B,40,2,0x00DFA0,0x25E,0x00E1FE,0x01A2,35,02,70,OK
0x55A0,0x2DA0,0B,40,2,0x00DFA0,0x25F,0x00E1FF,0x01A1,35,04,71,OK
0x559F,0x2D9F,0B,40,2,0x00DFA0,0x260,0x00E200,0x01A0,35,82,EE,OK
0x559E,0x2D9E,0B,40,2,0x00DFA0,0x261,0x00E201,0x019F,35,8A,F5,OK
0x559D,0x2D9D,0B,40,2,0x00DFA0,0x262,0x00E202,0x019E,35,A8,12,OK
0x559C,0x2D9C,0B,40,2,0x00DFA0,0x263,0x00E203,0x019D,35,AA,13,OK
0x559B,0x2D9B,0B,40,2,0x00DFA0,0x264,0x00E204,0x019C,35,88,F0,OK
0x559A,0x2D9A,0B,40,2,0x00DFA0,0x265,0x00E205,0x019B,35,8A,F1,OK
0x5599,0x2D99,0B,40,2,0x00DFA0,0x266,0x00E206,0x019A,35,A8,0E,OK
0x5598,0x2D98,0B,40,2,0x00DFA0,0x267,0x00E207,0x0199,35,A0,05,OK
0x5597,0x2D97,0B,40,2,0x00DFA0,0x268,0x00E208,0x0198,35,2A,8E,OK
0x5596,0x2D96,0B,40,2,0x00DFA0,0x269,0x00E209,0x0197,35,88,EB,OK
0x5595,0x2D95,0B,40,2,0x00DFA0,0x26A,0x00E20A,0x0196,35,AA,0C,OK
0x5594,0x2D94,0B,40,2,0x00DFA0,0x26B,0x00E20B,0x0195,35,22,83,OK
0x5593,0x2D93,0B,40,2,0x00DFA0,0x26C,0x00E20C,0x0194,35,80,E0,OK
0x5592,0x2D92,0B,40,2,0x00DFA0,0x26D,0x00E20D,0x0193,35,A2,01,OK
0x5591,0x2D91,0B,40,2,0x00DFA0,0x26E,0x00E20E,0x0192,35,AA,08,OK
0x5590,0x2D90,0B,40,2,0x00DFA0,0x26F,0x00E20F,0x0191,35,06,63,OK
0x558F,0x2D8F,0B,40,2,0x00DFA0,0x270,0x00E210,0x0190,35,0A,66,OK
0x558E,0x2D8E,0B,40,2,0x00DFA0,0x271,0x00E211,0x018F,35,04,5F,OK
0x558D,0x2D8D,0B,40,2,0x00DFA0,0x272,0x00E212,0x018E,35,A8,02,OK
0x558C,0x2D8C,0B,40,2,0x00DFA0,0x273,0x00E213,0x018D,35,2A,83,OK
0x558B,0x2D8B,0B,40,2,0x00DFA0,0x274,0x00E214,0x018C,35,AA,02,OK
0x558A,0x2D8A,0B,40,2,0x00DFA0,0x275,0x00E215,0x018B,35,A2,F9,OK
0x5589,0x2D89,0B,40,2,0x00DFA0,0x276,0x00E216,0x018A,35,AA,00,OK
0x5588,0x2D88,0B,40,2,0x00DFA0,0x277,0x00E217,0x0189,35,05,5A,OK
0x5587,0x2D87,0B,40,2,0x00DFA0,0x278,0x00E218,0x0188,35,AE,02,OK
0x5586,0x2D86,0B,40,2,0x00DFA0,0x279,0x00E219,0x0187,35,A8,FB,OK
0x5585,0x2D85,0B,40,2,0x00DFA0,0x27A,0x00E21A,0x0186,35,21,73,OK
0x5584,0x2D84,0B,40,2,0x00DFA0,0x27B,0x00E21B,0x0185,35,41,92,OK
0x5583,0x2D83,0B,40,2,0x00DFA0,0x27C,0x00E21C,0x0184,35,55,A5,OK
0x5582,0x2D82,0B,40,2,0x00DFA0,0x27D,0x00E21D,0x0183,35,15,64,OK
0x5581,0x2D81,0B,40,2,0x00DFA0,0x27E,0x00E21E,0x0182,35,91,DF,OK
0x5580,0x2D80,0B,40,2,0x00DFA0,0x27F,0x00E21F,0x0181,35,28,75,OK
0x557F,0x2D7F,0B,40,2,0x00DFA0,0x280,0x00E220,0x0180,35,A8,F4,OK
0x557E,0x2D7E,0B,40,2,0x00DFA0,0x281,0x00E221,0x017F,35,A0,EB,OK
0x557D,0x2D7D,0B,40,2,0x00DFA0,0x282,0x00E222,0x017E,35,A2,EC,OK
0x557C,0x2D7C,0B,40,2,0x00DFA0,0x283,0x00E223,0x017D,35,A8,F1,OK
0x557B,0x2D7B,0B,40,2,0x00DFA0,0x284,0x00E224,0x017C,35,82,CA,OK
0x557A,0x2D7A,0B,40,2,0x00DFA0,0x285,0x00E225,0x017B,35,20,67,OK
0x5579,0x2D79,0B,40,2,0x00DFA0,0x286,0x00E226,0x017A,35,28,6E,OK
0x5578,0x2D78,0B,40,2,0x00DFA0,0x287,0x00E227,0x0179,35,A8,ED,OK
0x5577,0x2D77,0B,40,2,0x00DFA0,0x288,0x00E228,0x0178,35,AA,EE,OK
0x5576,0x2D76,0B,40,2,0x00DFA0,0x289,0x00E229,0x0177,35,A0,E3,OK
0x5575,0x2D75,0B,40,2,0x00DFA0,0x28A,0x00E22A,0x0176,35,A2,E4,OK
0x5574,0x2D74,0B,40,2,0x00DFA0,0x28B,0x00E22B,0x0175,35,A8,E9,OK
0x5573,0x2D73,0B,40,2,0x00DFA0,0x28C,0x00E22C,0x0174,35,2A,6A,OK
0x5572,0x2D72,0B,40,2,0x00DFA0,0x28D,0x00E22D,0x0173,35,AA,E9,OK
0x5571,0x2D71,0B,40,2,0x00DFA0,0x28E,0x00E22E,0x0172,35,05,43,OK
0x5570,0x2D70,0B,40,2,0x00DFA0,0x28F,0x00E22F,0x0171,35,22,5F,OK
0x556F,0x2D6F,0B,40,2,0x00DFA0,0x290,0x00E230,0x0170,35,AA,E6,OK
0x556E,0x2D6E,0B,40,2,0x00DFA0,0x291,0x00E231,0x016F,35,8A,C5,OK
0x556D,0x2D6D,0B,40,2,0x00DFA0,0x292,0x00E232,0x016E,35,A8,E2,OK
0x556C,0x2D6C,0B,40,2,0x00DFA0,0x293,0x00E233,0x016D,35,AA,E3,OK
0x556B,0x2D6B,0B,40,2,0x00DFA0,0x294,0x00E234,0x016C,35,FF,37,OK
0x556A,0x2D6A,0B,40,2,0x00DFA0,0x295,0x00E235,0x016B,35,05,3C,OK
0x5569,0x2D69,0B,40,2,0x00DFA0,0x296,0x00E236,0x016A,35,2B,61,OK
0x5568,0x2D68,0B,40,2,0x00DFA0,0x297,0x00E237,0x0169,35,7B,B0,OK
0x5567,0x2D67,0B,40,2,0x00DFA0,0x298,0x00E238,0x0168,35,86,BA,OK
0x5566,0x2D66,0B,40,2,0x00DFA0,0x299,0x00E239,0x0167,35,BF,F2,OK
0x5565,0x2D65,0B,40,2,0x00DFA0,0x29A,0x00E23A,0x0166,35,FC,2E,OK
0x5564,0x2D64,0B,40,2,0x00DFA0,0x29B,0x00E23B,0x0165,35,6F,A0,OK
0x5563,0x2D63,0B,40,2,0x00DFA0,0x29C,0x00E23C,0x0164,35,DD,0D,OK
0x5562,0x2D62,0B,40,2,0x00DFA0,0x29D,0x00E23D,0x0163,35,7E,AD,OK
0x5561,0x2D61,0B,40,2,0x00DFA0,0x29E,0x00E23E,0x0162,35,FF,2D,OK
0x5560,0x2D60,0B,40,2,0x00DFA0,0x29F,0x00E23F,0x0161,35,BB,E8,OK
0x555F,0x2D5F,0B,40,2,0x00DFA0,0x2A0,0x00E240,0x0160,35,EB,17,OK
0x555E,0x2D5E,0B,40,2,0x00DFA0,0x2A1,0x00E241,0x015F,35,FA,25,OK
0x555D,0x2D5D,0B,40,2,0x00DFA0,0x2A2,0x00E242,0x015E,35,FF,29,OK
0x555C,0x2D5C,0B,40,2,0x00DFA0,0x2A3,0x00E243,0x015D,35,FA,23,OK
0x555B,0x2D5B,0B,40,2,0x00DFA0,0x2A4,0x00E244,0x015C,35,FE,26,OK
0x555A,0x2D5A,0B,40,2,0x00DFA0,0x2A5,0x00E245,0x015B,35,FF,26,OK
0x5559,0x2D59,0B,40,2,0x00DFA0,0x2A6,0x00E246,0x015A,35,07,2D,OK
0x5558,0x2D58,0B,40,2,0x00DFA0,0x2A7,0x00E247,0x0159,35,57,7C,OK
0x5557,0x2D57,0B,40,2,0x00DFA0,0x2A8,0x00E248,0x0158,35,5D,81,OK
0x5556,0x2D56,0B,40,2,0x00DFA0,0x2A9,0x00E249,0x0157,35,44,67,OK
0x5555,0x2D55,0B,40,2,0x00DFA0,0x2AA,0x00E24A,0x0156,35,11,33,OK
0x5554,0x2D54,0B,40,2,0x00DFA0,0x2AB,0x00E24B,0x0155,35,55,76,OK
0x5553,0x2D53,0B,40,2,0x00DFA0,0x2AC,0x00E24C,0x0154,35,44,64,OK
0x5552,0x2D52,0B,40,2,0x00DFA0,0x2AD,0x00E24D,0x0153,35,55,74,OK
0x5551,0x2D51,0B,40,2,0x00DFA0,0x2AE,0x00E24E,0x0152,35,05,23,OK
0x5550,0x2D50,0B,40,2,0x00DFA0,0x2AF,0x00E24F,0x0151,35,04,21,OK
0x554F,0x2D4F,0B,40,2,0x00DFA0,0x2B0,0x00E250,0x0150,35,41,5D,OK
0x554E,0x2D4E,0B,40,2,0x00DFA0,0x2B1,0x00E251,0x014F,35,45,60,OK
0x554D,0x2D4D,0B,40,2,0x00DFA0,0x2B2,0x00E252,0x014E,35,05,1F,OK
0x554C,0x2D4C,0B,40,2,0x00DFA0,0x2B3,0x00E253,0x014D,35,04,1D,OK
0x554B,0x2D4B,0B,40,2,0x00DFA0,0x2B4,0x00E254,0x014C,35,15,2D,OK
0x554A,0x2D4A,0B,40,2,0x00DFA0,0x2B5,0x00E255,0x014B,35,05,1C,OK
0x5549,0x2D49,0B,40,2,0x00DFA0,0x2B6,0x00E256,0x014A,35,51,67,OK
0x5548,0x2D48,0B,40,2,0x00DFA0,0x2B7,0x00E257,0x0149,35,41,56,OK
0x5547,0x2D47,0B,40,2,0x00DFA0,0x2B8,0x00E258,0x0148,35,55,69,OK
0x5546,0x2D46,0B,40,2,0x00DFA0,0x2B9,0x00E259,0x0147,35,44,57,OK
0x5545,0x2D45,0B,40,2,0x00DFA0,0x2BA,0x00E25A,0x0146,35,15,27,OK
0x5544,0x2D44,0B,40,2,0x00DFA0,0x2BB,0x00E25B,0x0145,35,11,22,OK
0x5543,0x2D43,0B,40,2,0x00DFA0,0x2BC,0x00E25C,0x0144,35,05,15,OK
0x5542,0x2D42,0B,40,2,0x00DFA0,0x2BD,0x00E25D,0x0143,35,14,23,OK
0x5541,0x2D41,0B,40,2,0x00DFA0,0x2BE,0x00E25E,0x0142,35,55,63,OK
0x5540,0x2D40,0B,40,2,0x00DFA0,0x2BF,0x00E25F,0x0141,35,01,0E,OK
0x553F,0x2D3F,0B,40,2,0x00DFA0,0x2C0,0x00E260,0x0140,35,55,61,OK
0x553E,0x2D3E,0B,40,2,0x00DFA0,0x2C1,0x00E261,0x013F,35,51,5C,OK
0x553D,0x2D3D,0B,40,2,0x00DFA0,0x2C2,0x00E262,0x013E,35,55,5F,OK
0x553C,0x2D3C,0B,40,2,0x00DFA0,0x2C3,0x00E263,0x013D,35,41,4A,OK
0x553B,0x2D3B,0B,40,2,0x00DFA0,0x2C4,0x00E264,0x013C,35,09,11,OK
0x553A,0x2D3A,0B,40,2,0x00DFA0,0x2C5,0x00E265,0x013B,35,09,10,OK
0x5539,0x2D39,0B,40,2,0x00DFA0,0x2C6,0x00E266,0x013A,35,15,1B,OK
0x5538,0x2D38,0B,40,2,0x00DFA0,0x2C7,0x00E267,0x0139,35,55,5A,OK
0x5537,0x2D37,0B,40,2,0x00DFA0,0x2C8,0x00E268,0x0138,35,10,14,OK
0x5536,0x2D36,0B,40,2,0x00DFA0,0x2C9,0x00E269,0x0137,35,DC,DF,OK
0x5535,0x2D35,0B,40,2,0x00DFA0,0x2CA,0x00E26A,0x0136,35,2A,2C,OK
0x5534,0x2D34,0B,40,2,0x00DFA0,0x2CB,0x00E26B,0x0135,35,40,41,OK
0x5533,0x2D33,0B,40,2,0x00DFA0,0x2CC,0x00E26C,0x0134,35,55,55,OK
0x5532,0x2D32,0B,40,2,0x00DFA0,0x2CD,0x00E26D,0x0133,35,11,10,OK
0x5531,0x2D31,0B,40,2,0x00DFA0,0x2CE,0x00E26E,0x0132,35,54,52,OK
0x5530,0x2D30,0B,40,2,0x00DFA0,0x2CF,0x00E26F,0x0131,35,55,52,OK
0x552F,0x2D2F,0B,40,2,0x00DFA0,0x2D0,0x00E270,0x0130,35,45,41,OK
0x552E,0x2D2E,0B,40,2,0x00DFA0,0x2D1,0x00E271,0x012F,35,05,00,OK
0x552D,0x2D2D,0B,40,2,0x00DFA0,0x2D2,0x00E272,0x012E,35,10,0A,OK
0x552C,0x2D2C,0B,40,2,0x00DFA0,0x2D3,0x00E273,0x012D,35,55,4E,OK
0x552B,0x2D2B,0B,40,2,0x00DFA0,0x2D4,0x00E274,0x012C,35,41,39,OK
0x552A,0x2D2A,0B,40,2,0x00DFA0,0x2D5,0x00E275,0x012B,35,54,4B,OK
0x5529,0x2D29,0B,40,2,0x00DFA0,0x2D6,0x00E276,0x012A,35,11,07,OK
0x5528,0x2D28,0B,40,2,0x00DFA0,0x2D7,0x00E277,0x0129,35,41,36,OK
0x5527,0x2D27,0B,40,2,0x00DFA0,0x2D8,0x00E278,0x0128,35,55,49,OK
0x5526,0x2D26,0B,40,2,0x00DFA0,0x2D9,0x00E279,0x0127,35,14,07,OK
0x5525,0x2D25,0B,40,2,0x00DFA0,0x2DA,0x00E27A,0x0126,35,54,46,OK
0x5524,0x2D24,0B,40,2,0x00DFA0,0x2DB,0x00E27B,0x0125,35,55,46,OK
0x5523,0x2D23,0B,40,2,0x00DFA0,0x2DC,0x00E27C,0x0124,35,51,41,OK
0x5522,0x2D22,0B,40,2,0x00DFA0,0x2DD,0x00E27D,0x0123,35,05,F4,OK
0x5521,0x2D21,0B,40,2,0x00DFA0,0x2DE,0x00E27E,0x0122,35,09,F7,OK
0x5520,0x2D20,0B,40,2,0x00DFA0,0x2DF,0x00E27F,0x0121,35,D5,C2,OK
0x551F,0x2D1F,0B,40,2,0x00DFA0,0x2E0,0x00E280,0x0120,35,3D,29,OK
0x551E,0x2D1E,0B,40,2,0x00DFA0,0x2E1,0x00E281,0x011F,35,FF,EA,OK
0x551D,0x2D1D,0B,40,2,0x00DFA0,0x2E2,0x00E282,0x011E,35,FA,E4,OK
0x551C,0x2D1C,0B,40,2,0x00DFA0,0x2E3,0x00E283,0x011D,35,F5,DE,OK
0x551B,0x2D1B,0B,40,2,0x00DFA0,0x2E4,0x00E284,0x011C,35,FF,E7,OK
0x551A,0x2D1A,0B,40,2,0x00DFA0,0x2E5,0x00E285,0x011B,35,7D,64,OK
0x5519,0x2D19,0B,40,2,0x00DFA0,0x2E6,0x00E286,0x011A,35,FF,E5,OK
0x5518,0x2D18,0B,40,2,0x00DFA0,0x2E7,0x00E287,0x0119,35,F5,DA,OK
0x5517,0x2D17,0B,40,2,0x00DFA0,0x2E8,0x00E288,0x0118,35,09,ED,OK
0x5516,0x2D16,0B,40,2,0x00DFA0,0x2E9,0x00E289,0x0117,35,EF,D2,OK
0x5515,0x2D15,0B,40,2,0x00DFA0,0x2EA,0x00E28A,0x0116,35,FF,E1,OK
0x5514,0x2D14,0B,40,2,0x00DFA0,0x2EB,0x00E28B,0x0115,35,05,E6,OK
0x5513,0x2D13,0B,40,2,0x00DFA0,0x2EC,0x00E28C,0x0114,35,F7,D7,OK
0x5512,0x2D12,0B,40,2,0x00DFA0,0x2ED,0x00E28D,0x0113,35,FF,DE,OK
0x5511,0x2D11,0B,40,2,0x00DFA0,0x2EE,0x00E28E,0x0112,35,DF,BD,OK
0x5510,0x2D10,0B,40,2,0x00DFA0,0x2EF,0x00E28F,0x0111,35,F7,D4,OK
0x550F,0x2D0F,0B,40,2,0x00DFA0,0x2F0,0x00E290,0x0110,35,FF,DB,OK
0x550E,0x2D0E,0B,40,2,0x00DFA0,0x2F1,0x00E291,0x010F,35,7D,58,OK
0x550D,0x2D0D,0B,40,2,0x00DFA0,0x2F2,0x00E292,0x010E,35,FF,D9,OK
0x550C,0x2D0C,0B,40,2,0x00DFA0,0x2F3,0x00E293,0x010D,35,DF,B8,OK
0x550B,0x2D0B,0B,40,2,0x00DFA0,0x2F4,0x00E294,0x010C,35,7F,57,OK
0x550A,0x2D0A,0B,40,2,0x00DFA0,0x2F5,0x00E295,0x010B,35,09,E0,OK
0x5509,0x2D09,0B,40,2,0x00DFA0,0x2F6,0x00E296,0x010A,35,AB,81,OK
0x5508,0x2D08,0B,40,2,0x00DFA0,0x2F7,0x00E297,0x0109,35,A2,77,OK
0x5507,0x2D07,0B,40,2,0x00DFA0,0x2F8,0x00E298,0x0108,35,AA,7E,OK
0x5506,0x2D06,0B,40,2,0x00DFA0,0x2F9,0x00E299,0x0107,35,05,D8,OK
0x5505,0x2D05,0B,40,2,0x00DFA0,0x2FA,0x00E29A,0x0106,35,EC,BE,OK
0x5504,0x2D04,0B,40,2,0x00DFA0,0x2FB,0x00E29B,0x0105,35,88,59,OK
0x5503,0x2D03,0B,40,2,0x00DFA0,0x2FC,0x00E29C,0x0104,35,A0,70,OK
0x5502,0x2D02,0B,40,2,0x00DFA0,0x2FD,0x00E29D,0x0103,35,2A,F9,OK
0x5501,0x2D01,0B,40,2,0x00DFA0,0x2FE,0x00E29E,0x0102,35,8A,58,OK
0x5500,0x2D00,0B,40,2,0x00DFA0,0x2FF,0x00E29F,0x0101,35,AA,77,OK
0x54FF,0x2CFF,0B,40,2,0x00DFA0,0x300,0x00E2A0,0x0100,35,0A,D6,OK
0x54FE,0x2CFE,0B,40,2,0x00DFA0,0x301,0x00E2A1,0x00FF,35,04,CE,OK
0x54FD,0x2CFD,0B,40,2,0x00DFA0,0x302,0x00E2A2,0x00FE,35,02,CB,OK
0x54FC,0x2CFC,0B,40,2,0x00DFA0,0x303,0x00E2A3,0x00FD,35,04,CC,OK
0x54FB,0x2CFB,0B,40,2,0x00DFA0,0x304,0x00E2A4,0x00FC,35,AA,71,OK
0x54FA,0x2CFA,0B,40,2,0x00DFA0,0x305,0x00E2A5,0x00FB,35,0A,D0,OK
0x54F9,0x2CF9,0B,40,2,0x00DFA0,0x306,0x00E2A6,0x00FA,35,04,C9,OK
0x54F8,0x2CF8,0B,40,2,0x00DFA0,0x307,0x00E2A7,0x00F9,35,82,46,OK
0x54F7,0x2CF7,0B,40,2,0x00DFA0,0x308,0x00E2A8,0x00F8,35,20,E3,OK
0x54F6,0x2CF6,0B,40,2,0x00DFA0,0x309,0x00E2A9,0x00F7,35,28,EA,OK
0x54F5,0x2CF5,0B,40,2,0x00DFA0,0x30A,0x00E2AA,0x00F6,35,88,49,OK
0x54F4,0x2CF4,0B,40,2,0x00DFA0,0x30B,0x00E2AB,0x00F5,35,2A,EA,OK
0x54F3,0x2CF3,0B,40,2,0x00DFA0,0x30C,0x00E2AC,0x00F4,35,82,41,OK
0x54F2,0x2CF2,0B,40,2,0x00DFA0,0x30D,0x00E2AD,0x00F3,35,22,E0,OK
0x54F1,0x2CF1,0B,40,2,0x00DFA0,0x30E,0x00E2AE,0x00F2,35,A2,5F,OK
0x54F0,0x2CF0,0B,40,2,0x00DFA0,0x30F,0x00E2AF,0x00F1,35,05,C1,OK
0x54EF,0x2CEF,0B,40,2,0x00DFA0,0x310,0x00E2B0,0x00F0,35,AA,65,OK
0x54EE,0x2CEE,0B,40,2,0x00DFA0,0x311,0x00E2B1,0x00EF,35,A8,62,OK
0x54ED,0x2CED,0B,40,2,0x00DFA0,0x312,0x00E2B2,0x00EE,35,AA,63,OK
0x54EC,0x2CEC,0B,40,2,0x00DFA0,0x313,0x00E2B3,0x00ED,35,8A,42,OK
0x54EB,0x2CEB,0B,40,2,0x00DFA0,0x314,0x00E2B4,0x00EC,35,A8,5F,OK
0x54EA,0x2CEA,0B,40,2,0x00DFA0,0x315,0x00E2B5,0x00EB,35,2A,E0,OK
0x54E9,0x2CE9,0B,40,2,0x00DFA0,0x316,0x00E2B6,0x00EA,35,09,BE,OK
0x54E8,0x2CE8,0B,40,2,0x00DFA0,0x317,0x00E2B7,0x00E9,35,A2,56,OK
0x54E7,0x2CE7,0B,40,2,0x00DFA0,0x318,0x00E2B8,0x00E8,35,28,DB,OK
0x54E6,0x2CE6,0B,40,2,0x00DFA0,0x319,0x00E2B9,0x00E7,35,D2,84,OK
0x54E5,0x2CE5,0B,40,2,0x00DFA0,0x31A,0x00E2BA,0x00E6,35,0A,BB,OK
0x54E4,0x2CE4,0B,40,2,0x00DFA0,0x31B,0x00E2BB,0x00E5,35,04,B4,OK
0x54E3,0x2CE3,0B,40,2,0x00DFA0,0x31C,0x00E2BC,0x00E4,35,AA,59,OK
0x54E2,0x2CE2,0B,40,2,0x00DFA0,0x31D,0x00E2BD,0x00E3,35,A0,4E,OK
0x54E1,0x2CE1,0B,40,2,0x00DFA0,0x31E,0x00E2BE,0x00E2,35,02,AF,OK
0x54E0,0x2CE0,0B,40,2,0x00DFA0,0x31F,0x00E2BF,0x00E1,35,04,B0,OK
0x54DF,0x2CDF,0B,40,2,0x00DFA0,0x320,0x00E2C0,0x00E0,35,2A,D5,OK
0x54DE,0x2CDE,0B,40,2,0x00DFA0,0x321,0x00E2C1,0x00DF,35,A2,4C,OK
0x54DD,0x2CDD,0B,40,2,0x00DFA0,0x322,0x00E2C2,0x00DE,35,22,CB,OK
0x54DC,0x2CDC,0B,40,2,0x00DFA0,0x323,0x00E2C3,0x00DD,35,2A,D2,OK
0x54DB,0x2CDB,0B,40,2,0x00DFA0,0x324,0x00E2C4,0x00DC,35,82,29,OK
0x54DA,0x2CDA,0B,40,2,0x00DFA0,0x325,0x00E2C5,0x00DB,35,A0,46,OK
0x54D9,0x2CD9,0B,40,2,0x00DFA0,0x326,0x00E2C6,0x00DA,35,08,AD,OK
0x54D8,0x2CD8,0B,40,2,0x00DFA0,0x327,0x00E2C7,0x00D9,35,04,A8,OK
0x54D7,0x2CD7,0B,40,2,0x00DFA0,0x328,0x00E2C8,0x00D8,35,28,CB,OK
0x54D6,0x2CD6,0B,40,2,0x00DFA0,0x329,0x00E2C9,0x00D7,35,82,24,OK
0x54D5,0x2CD5,0B,40,2,0x00DFA0,0x32A,0x00E2CA,0x00D6,35,A0,41,OK
0x54D4,0x2CD4,0B,40,2,0x00DFA0,0x32B,0x00E2CB,0x00D5,35,82,22,OK
0x54D3,0x2CD3,0B,40,2,0x00DFA0,0x32C,0x00E2CC,0x00D4,35,AA,49,OK
0x54D2,0x2CD2,0B,40,2,0x00DFA0,0x32D,0x00E2CD,0x00D3,35,2A,C8,OK
0x54D1,0x2CD1,0B,40,2,0x00DFA0,0x32E,0x00E2CE,0x00D2,35,82,1F,OK
0x54D0,0x2CD0,0B,40,2,0x00DFA0,0x32F,0x00E2CF,0x00D1,35,28,C4,OK
0x54CF,0x2CCF,0B,40,2,0x00DFA0,0x330,0x00E2D0,0x00D0,35,80,1B,OK
0x54CE,0x2CCE,0B,40,2,0x00DFA0,0x331,0x00E2D1,0x00CF,35,AA,44,OK
0x54CD,0x2CCD,0B,40,2,0x00DFA0,0x332,0x00E2D2,0x00CE,35,05,9E,OK
0x54CC,0x2CCC,0B,40,2,0x00DFA0,0x333,0x00E2D3,0x00CD,35,EA,82,OK
0x54CB,0x2CCB,0B,40,2,0x00DFA0,0x334,0x00E2D4,0x00CC,35,BE,55,OK
0x54CA,0x2CCA,0B,40,2,0x00DFA0,0x335,0x00E2D5,0x00CB,35,73,09,OK
0x54C9,0x2CC9,0B,40,2,0x00DFA0,0x336,0x00E2D6,0x00CA,35,D9,6E,OK
0x54C8,0x2CC8,0B,40,2,0x00DFA0,0x337,0x00E2D7,0x00C9,35,FF,93,OK
0x54C7,0x2CC7,0B,40,2,0x00DFA0,0x338,0x00E2D8,0x00C8,35,07,9A,OK
0x54C6,0x2CC6,0B,40,2,0x00DFA0,0x339,0x00E2D9,0x00C7,35,BF,51,OK
0x54C5,0x2CC5,0B,40,2,0x00DFA0,0x33A,0x00E2DA,0x00C6,35,09,9A,OK
0x54C4,0x2CC4,0B,40,2,0x00DFA0,0x33B,0x00E2DB,0x00C5,35,EF,7F,OK
0x54C3,0x2CC3,0B,40,2,0x00DFA0,0x33C,0x00E2DC,0x00C4,35,FF,8E,OK
0x54C2,0x2CC2,0B,40,2,0x00DFA0,0x33D,0x00E2DD,0x00C3,35,BF,4D,OK
0x54C1,0x2CC1,0B,40,2,0x00DFA0,0x33E,0x00E2DE,0x00C2,35,09,96,OK
0x54C0,0x2CC0,0B,40,2,0x00DFA0,0x33F,0x00E2DF,0x00C1,35,FB,87,OK
0x54BF,0x2CBF,0B,40,2,0x00DFA0,0x340,0x00E2E0,0x00C0,35,BF,4A,OK
0x54BE,0x2CBE,0B,40,2,0x00DFA0,0x341,0x00E2E1,0x00BF,35,FF,89,OK
0x54BD,0x2CBD,0B,40,2,0x00DFA0,0x342,0x00E2E2,0x00BE,35,7E,07,OK
0x54BC,0x2CBC,0B,40,2,0x00DFA0,0x343,0x00E2E3,0x00BD,35,FF,87,OK
0x54BB,0x2CBB,0B,40,2,0x00DFA0,0x344,0x00E2E4,0x00BC,35,EB,72,OK
0x54BA,0x2CBA,0B,40,2,0x00DFA0,0x345,0x00E2E5,0x00BB,35,37,BD,OK
0x54B9,0x2CB9,0B,40,2,0x00DFA0,0x346,0x00E2E6,0x00BA,35,DE,63,OK
0x54B8,0x2CB8,0B,40,2,0x00DFA0,0x347,0x00E2E7,0x00B9,35,D7,5B,OK
0x54B7,0x2CB7,0B,40,2,0x00DFA0,0x348,0x00E2E8,0x00B8,35,55,D8,OK
0x54B6,0x2CB6,0B,40,2,0x00DFA0,0x349,0x00E2E9,0x00B7,35,54,D6,OK
0x54B5,0x2CB5,0B,40,2,0x00DFA0,0x34A,0x00E2EA,0x00B6,35,53,D4,OK
0x54B4,0x2CB4,0B,40,2,0x00DFA0,0x34B,0x00E2EB,0x00B5,35,0C,8C,OK
0x54B3,0x2CB3,0B,40,2,0x00DFA0,0x34C,0x00E2EC,0x00B4,35,04,83,OK
0x54B2,0x2CB2,0B,40,2,0x00DFA0,0x34D,0x00E2ED,0x00B3,35,77,F5,OK
0x54B1,0x2CB1,0B,40,2,0x00DFA0,0x34E,0x00E2EE,0x00B2,35,15,92,OK
0x54B0,0x2CB0,0B,40,2,0x00DFA0,0x34F,0x00E2EF,0x00B1,35,11,8D,OK
0x54AF,0x2CAF,0B,40,2,0x00DFA0,0x350,0x00E2F0,0x00B0,35,15,90,OK
0x54AE,0x2CAE,0B,40,2,0x00DFA0,0x351,0x00E2F1,0x00AF,35,04,7E,OK
0x54AD,0x2CAD,0B,40,2,0x00DFA0,0x352,0x00E2F2,0x00AE,35,04,7D,OK
0x54AC,0x2CAC,0B,40,2,0x00DFA0,0x353,0x00E2F3,0x00AD,35,41,B9,OK
0x54AB,0x2CAB,0B,40,2,0x00DFA0,0x354,0x00E2F4,0x00AC,35,51,C8,OK
0x54AA,0x2CAA,0B,40,2,0x00DFA0,0x355,0x00E2F5,0x00AB,35,00,76,OK
0x54A9,0x2CA9,0B,40,2,0x00DFA0,0x356,0x00E2F6,0x00AA,35,41,B6,OK
0x54A8,0x2CA8,0B,40,2,0x00DFA0,0x357,0x00E2F7,0x00A9,35,15,89,OK
0x54A7,0x2CA7,0B,40,2,0x00DFA0,0x358,0x00E2F8,0x00A8,35,05,78,OK
0x54A6,0x2CA6,0B,40,2,0x00DFA0,0x359,0x00E2F9,0x00A7,35,04,76,OK
0x54A5,0x2CA5,0B,40,2,0x00DFA0,0x35A,0x00E2FA,0x00A6,35,04,75,OK
0x54A4,0x2CA4,0B,40,2,0x00DFA0,0x35B,0x00E2FB,0x00A5,35,04,74,OK
0x54A3,0x2CA3,0B,40,2,0x00DFA0,0x35C,0x00E2FC,0x00A4,35,41,B0,OK
0x54A2,0x2CA2,0B,40,2,0x00DFA0,0x35D,0x00E2FD,0x00A3,35,05,73,OK
0x54A1,0x2CA1,0B,40,2,0x00DFA0,0x35E,0x00E2FE,0x00A2,35,04,71,OK
0x54A0,0x2CA0,0B,40,2,0x00DFA0,0x35F,0x00E2FF,0x00A1,35,44,B0,OK
0x549F,0x2C9F,0B,40,2,0x00DFA0,0x360,0x00E300,0x00A0,35,54,BF,OK
0x549E,0x2C9E,0B,40,2,0x00DFA0,0x361,0x00E301,0x009F,35,45,AF,OK
0x549D,0x2C9D,0B,40,2,0x00DFA0,0x362,0x00E302,0x009E,35,51,BA,OK
0x549C,0x2C9C,0B,40,2,0x00DFA0,0x363,0x00E303,0x009D,35,55,BD,OK
0x549B,0x2C9B,0B,40,2,0x00DFA0,0x364,0x00E304,0x009C,35,05,6C,OK
0x549A,0x2C9A,0B,40,2,0x00DFA0,0x365,0x00E305,0x009B,35,15,7B,OK
0x5499,0x2C99,0B,40,2,0x00DFA0,0x366,0x00E306,0x009A,35,54,B9,OK
0x5498,0x2C98,0B,40,2,0x00DFA0,0x367,0x00E307,0x0099,35,55,B9,OK
0x5497,0x2C97,0B,40,2,0x00DFA0,0x368,0x00E308,0x0098,35,05,68,OK
0x5496,0x2C96,0B,40,2,0x00DFA0,0x369,0x00E309,0x0097,35,51,B3,OK
0x5495,0x2C95,0B,40,2,0x00DFA0,0x36A,0x00E30A,0x0096,35,55,B6,OK
0x5494,0x2C94,0B,40,2,0x00DFA0,0x36B,0x00E30B,0x0095,35,45,A5,OK
0x5493,0x2C93,0B,40,2,0x00DFA0,0x36C,0x00E30C,0x0094,35,04,63,OK
0x5492,0x2C92,0B,40,2,0x00DFA0,0x36D,0x00E30D,0x0093,35,04,62,OK
0x5491,0x2C91,0B,40,2,0x00DFA0,0x36E,0x00E30E,0x0092,35,55,B2,OK
0x5490,0x2C90,0B,40,2,0x00DFA0,0x36F,0x00E30F,0x0091,35,51,AD,OK
0x548F,0x2C8F,0B,40,2,0x00DFA0,0x370,0x00E310,0x0090,35,04,5F,OK
0x548E,0x2C8E,0B,40,2,0x00DFA0,0x371,0x00E311,0x008F,35,04,5E,OK
0x548D,0x2C8D,0B,40,2,0x00DFA0,0x372,0x00E312,0x008E,35,51,AA,OK
0x548C,0x2C8C,0B,40,2,0x00DFA0,0x373,0x00E313,0x008D,35,05,5D,OK
0x548B,0x2C8B,0B,40,2,0x00DFA0,0x374,0x00E314,0x008C,35,45,9C,OK
0x548A,0x2C8A,0B,40,2,0x00DFA0,0x375,0x00E315,0x008B,35,55,AB,OK
0x5489,0x2C89,0B,40,2,0x00DFA0,0x376,0x00E316,0x008A,35,51,A6,OK
0x5488,0x2C88,0B,40,2,0x00DFA0,0x377,0x00E317,0x0089,35,45,99,OK
0x5487,0x2C87,0B,40,2,0x00DFA0,0x378,0x00E318,0x0088,35,01,54,OK
0x5486,0x2C86,0B,40,2,0x00DFA0,0x379,0x00E319,0x0087,35,45,97,OK
0x5485,0x2C85,0B,40,2,0x00DFA0,0x37A,0x00E31A,0x0086,35,01,52,OK
0x5484,0x2C84,0B,40,2,0x00DFA0,0x37B,0x00E31B,0x0085,35,40,90,OK
0x5483,0x2C83,0B,40,2,0x00DFA0,0x37C,0x00E31C,0x0084,35,55,A4,OK
0x5482,0x2C82,0B,40,2,0x00DFA0,0x37D,0x00E31D,0x0083,35,15,63,OK
0x5481,0x2C81,0B,40,2,0x00DFA0,0x37E,0x00E31E,0x0082,35,04,51,OK
0x5480,0x2C80,0B,40,2,0x00DFA0,0x37F,0x00E31F,0x0081,35,04,50,OK
0x547F,0x2C7F,0B,40,2,0x00DFA0,0x380,0x00E320,0x0080,35,54,9F,OK
0x547E,0x2C7E,0B,40,2,0x00DFA0,0x381,0x00E321,0x007F,35,51,9B,OK
0x547D,0x2C7D,0B,40,2,0x00DFA0,0x382,0x00E322,0x007E,35,50,99,OK
0x547C,0x2C7C,0B,40,2,0x00DFA0,0x383,0x00E323,0x007D,35,01,49,OK
0x547B,0x2C7B,0B,40,2,0x00DFA0,0x384,0x00E324,0x007C,35,45,8C,OK
0x547A,0x2C7A,0B,40,2,0x00DFA0,0x385,0x00E325,0x007B,35,55,9B,OK
0x5479,0x2C79,0B,40,2,0x00DFA0,0x386,0x00E326,0x007A,35,54,99,OK
0x5478,0x2C78,0B,40,2,0x00DFA0,0x387,0x00E327,0x0079,35,51,95,OK
0x5477,0x2C77,0B,40,2,0x00DFA0,0x388,0x00E328,0x0078,35,85,C8,OK
0x5476,0x2C76,0B,40,2,0x00DFA0,0x389,0x00E329,0x0077,35,BA,FC,OK
0x5475,0x2C75,0B,40,2,0x00DFA0,0x38A,0x00E32A,0x0076,35,EC,2D,OK
0x5474,0x2C74,0B,40,2,0x00DFA0,0x38B,0x00E32B,0x0075,35,DC,1C,OK
0x5473,0x2C73,0B,40,2,0x00DFA0,0x38C,0x00E32C,0x0074,35,FF,3E,OK
0x5472,0x2C72,0B,40,2,0x00DFA0,0x38D,0x00E32D,0x0073,35,FD,3B,OK
0x5471,0x2C71,0B,40,2,0x00DFA0,0x38E,0x00E32E,0x0072,35,53,90,OK
0x5470,0x2C70,0B,40,2,0x00DFA0,0x38F,0x00E32F,0x0071,35,0A,46,OK
0x546F,0x2C6F,0B,40,2,0x00DFA0,0x390,0x00E330,0x0070,35,CF,0A,OK
0x546E,0x2C6E,0B,40,2,0x00DFA0,0x391,0x00E331,0x006F,35,FD,37,OK
0x546D,0x2C6D,0B,40,2,0x00DFA0,0x392,0x00E332,0x006E,35,FF,38,OK
0x546C,0x2C6C,0B,40,2,0x00DFA0,0x393,0x00E333,0x006D,35,08,40,OK
0x546B,0x2C6B,0B,40,2,0x00DFA0,0x394,0x00E334,0x006C,35,BF,F6,OK
0x546A,0x2C6A,0B,40,2,0x00DFA0,0x395,0x00E335,0x006B,35,FB,31,OK
0x5469,0x2C69,0B,40,2,0x00DFA0,0x396,0x00E336,0x006A,35,E2,17,OK
0x5468,0x2C68,0B,40,2,0x00DFA0,0x397,0x00E337,0x0069,35,D7,0B,OK
0x5467,0x2C67,0B,40,2,0x00DFA0,0x398,0x00E338,0x0068,35,09,3C,OK
0x5466,0x2C66,0B,40,2,0x00DFA0,0x399,0x00E339,0x0067,35,6F,A1,OK
0x5465,0x2C65,0B,40,2,0x00DFA0,0x39A,0x00E33A,0x0066,35,35,66,OK
0x5464,0x2C64,0B,40,2,0x00DFA0,0x39B,0x00E33B,0x0065,35,FE,2E,OK
0x5463,0x2C63,0B,40,2,0x00DFA0,0x39C,0x00E33C,0x0064,35,A8,D7,OK
0x5462,0x2C62,0B,40,2,0x00DFA0,0x39D,0x00E33D,0x0063,35,FF,2D,OK
0x5461,0x2C61,0B,40,2,0x00DFA0,0x39E,0x00E33E,0x0062,35,7B,A8,OK
0x5460,0x2C60,0B,40,2,0x00DFA0,0x39F,0x00E33F,0x0061,35,8A,B6,OK
0x545F,0x2C5F,0B,40,2,0x00DFA0,0x3A0,0x00E340,0x0060,35,2A,55,OK
0x545E,0x2C5E,0B,40,2,0x00DFA0,0x3A1,0x00E341,0x005F,35,A8,D2,OK
0x545D,0x2C5D,0B,40,2,0x00DFA0,0x3A2,0x00E342,0x005E,35,8A,B3,OK
0x545C,0x2C5C,0B,40,2,0x00DFA0,0x3A3,0x00E343,0x005D,35,05,2D,OK
0x545B,0x2C5B,0B,40,2,0x00DFA0,0x3A4,0x00E344,0x005C,35,0A,31,OK
0x545A,0x2C5A,0B,40,2,0x00DFA0,0x3A5,0x00E345,0x005B,35,04,2A,OK
0x5459,0x2C59,0B,40,2,0x00DFA0,0x3A6,0x00E346,0x005A,35,A0,C5,OK
0x5458,0x2C58,0B,40,2,0x00DFA0,0x3A7,0x00E347,0x0059,35,22,46,OK
0x5457,0x2C57,0B,40,2,0x00DFA0,0x3A8,0x00E348,0x0058,35,A2,C5,OK
0x5456,0x2C56,0B,40,2,0x00DFA0,0x3A9,0x00E349,0x0057,35,22,44,OK
0x5455,0x2C55,0B,40,2,0x00DFA0,0x3AA,0x00E34A,0x0056,35,20,41,OK
0x5454,0x2C54,0B,40,2,0x00DFA0,0x3AB,0x00E34B,0x0055,35,AA,CA,OK
0x5453,0x2C53,0B,40,2,0x00DFA0,0x3AC,0x00E34C,0x0054,35,9C,BB,OK
0x5452,0x2C52,0B,40,2,0x00DFA0,0x3AD,0x00E34D,0x0053,35,A8,C6,OK
0x5451,0x2C51,0B,40,2,0x00DFA0,0x3AE,0x00E34E,0x0052,35,20,3D,OK
0x5450,0x2C50,0B,40,2,0x00DFA0,0x3AF,0x00E34F,0x0051,35,8A,A6,OK
0x544F,0x2C4F,0B,40,2,0x00DFA0,0x3B0,0x00E350,0x0050,35,2A,45,OK
0x544E,0x2C4E,0B,40,2,0x00DFA0,0x3B1,0x00E351,0x004F,35,AA,C4,OK
0x544D,0x2C4D,0B,40,2,0x00DFA0,0x3B2,0x00E352,0x004E,35,A0,B9,OK
0x544C,0x2C4C,0B,40,2,0x00DFA0,0x3B3,0x00E353,0x004D,35,20,38,OK
0x544B,0x2C4B,0B,40,2,0x00DFA0,0x3B4,0x00E354,0x004C,35,2A,41,OK
0x544A,0x2C4A,0B,40,2,0x00DFA0,0x3B5,0x00E355,0x004B,35,AA,C0,OK
0x5449,0x2C49,0B,40,2,0x00DFA0,0x3B6,0x00E356,0x004A,35,8A,9F,OK
0x5448,0x2C48,0B,40,2,0x00DFA0,0x3B7,0x00E357,0x0049,35,09,1D,OK
0x5447,0x2C47,0B,40,2,0x00DFA0,0x3B8,0x00E358,0x0048,35,2A,3D,OK
0x5446,0x2C46,0B,40,2,0x00DFA0,0x3B9,0x00E359,0x0047,35,AA,BC,OK
0x5445,0x2C45,0B,40,2,0x00DFA0,0x3BA,0x00E35A,0x0046,35,A2,B3,OK
0x5444,0x2C44,0B,40,2,0x00DFA0,0x3BB,0x00E35B,0x0045,35,8A,9A,OK
0x5443,0x2C43,0B,40,2,0x00DFA0,0x3BC,0x00E35C,0x0044,35,05,14,OK
0x5442,0x2C42,0B,40,2,0x00DFA0,0x3BD,0x00E35D,0x0043,35,88,96,OK
0x5441,0x2C41,0B,40,2,0x00DFA0,0x3BE,0x00E35E,0x0042,35,A2,AF,OK
0x5440,0x2C40,0B,40,2,0x00DFA0,0x3BF,0x00E35F,0x0041,35,AA,B6,OK
0x543F,0x2C3F,0B,40,2,0x00DFA0,0x3C0,0x00E360,0x0040,35,2A,35,OK
0x543E,0x2C3E,0B,40,2,0x00DFA0,0x3C1,0x00E361,0x003F,35,AA,B4,OK
0x543D,0x2C3D,0B,40,2,0x00DFA0,0x3C2,0x00E362,0x003E,35,05,0E,OK
0x543C,0x2C3C,0B,40,2,0x00DFA0,0x3C3,0x00E363,0x003D,35,00,08,OK
0x543B,0x2C3B,0B,40,2,0x00DFA0,0x3C4,0x00E364,0x003C,35,28,2F,OK
0x543A,0x2C3A,0B,40,2,0x00DFA0,0x3C5,0x00E365,0x003B,35,0A,10,OK
0x5439,0x2C39,0B,40,2,0x00DFA0,0x3C6,0x00E366,0x003A,35,04,09,OK
0x5438,0x2C38,0B,40,2,0x00DFA0,0x3C7,0x00E367,0x0039,35,88,8C,OK
0x5437,0x2C37,0B,40,2,0x00DFA0,0x3C8,0x00E368,0x0038,35,2A,2D,OK
0x5436,0x2C36,0B,40,2,0x00DFA0,0x3C9,0x00E369,0x0037,35,20,22,OK
0x5435,0x2C35,0B,40,2,0x00DFA0,0x3CA,0x00E36A,0x0036,35,82,83,OK
0x5434,0x2C34,0B,40,2,0x00DFA0,0x3CB,0x00E36B,0x0035,35,A0,A0,OK
0x5433,0x2C33,0B,40,2,0x00DFA0,0x3CC,0x00E36C,0x0034,35,A2,A1,OK
0x5432,0x2C32,0B,40,2,0x00DFA0,0x3CD,0x00E36D,0x0033,35,8A,88,OK
0x5431,0x2C31,0B,40,2,0x00DFA0,0x3CE,0x00E36E,0x0032,35,AA,A7,OK
0x5430,0x2C30,0B,40,2,0x00DFA0,0x3CF,0x00E36F,0x0031,35,8A,86,OK
0x542F,0x2C2F,0B,40,2,0x00DFA0,0x3D0,0x00E370,0x0030,35,05,00,OK
0x542E,0x2C2E,0B,40,2,0x00DFA0,0x3D1,0x00E371,0x002F,35,0A,04,OK
0x542D,0x2C2D,0B,40,2,0x00DFA0,0x3D2,0x00E372,0x002E,35,04,FD,OK
0x542C,0x2C2C,0B,40,2,0x00DFA0,0x3D3,0x00E373,0x002D,35,8A,82,OK
0x542B,0x2C2B,0B,40,2,0x00DFA0,0x3D4,0x00E374,0x002C,35,AA,A1,OK
0x542A,0x2C2A,0B,40,2,0x00DFA0,0x3D5,0x00E375,0x002B,35,56,4C,OK
0x5429,0x2C29,0B,40,2,0x00DFA0,0x3D6,0x00E376,0x002A,35,55,4A,OK
0x5428,0x2C28,0B,40,2,0x00DFA0,0x3D7,0x00E377,0x0029,35,CD,C1,OK
0x5427,0x2C27,0B,40,2,0x00DFA0,0x3D8,0x00E378,0x0028,35,FF,F2,OK
0x5426,0x2C26,0B,40,2,0x00DFA0,0x3D9,0x00E379,0x0027,35,05,F7,OK
0x5425,0x2C25,0B,40,2,0x00DFA0,0x3DA,0x00E37A,0x0026,35,52,43,OK
0x5424,0x2C24,0B,40,2,0x00DFA0,0x3DB,0x00E37B,0x0025,35,FC,EC,OK
0x5423,0x2C23,0B,40,2,0x00DFA0,0x3DC,0x00E37C,0x0024,35,FF,EE,OK
0x5422,0x2C22,0B,40,2,0x00DFA0,0x3DD,0x00E37D,0x0023,35,05,F3,OK
0x5421,0x2C21,0B,40,2,0x00DFA0,0x3DE,0x00E37E,0x0022,35,2B,18,OK
0x5420,0x2C20,0B,40,2,0x00DFA0,0x3DF,0x00E37F,0x0021,35,9C,88,OK
0x541F,0x2C1F,0B,40,2,0x00DFA0,0x3E0,0x00E380,0x0020,35,FF,EA,OK
0x541E,0x2C1E,0B,40,2,0x00DFA0,0x3E1,0x00E381,0x001F,35,FE,E8,OK
0x541D,0x2C1D,0B,40,2,0x00DFA0,0x3E2,0x00E382,0x001E,35,09,F2,OK
0x541C,0x2C1C,0B,40,2,0x00DFA0,0x3E3,0x00E383,0x001D,35,77,5F,OK
0x541B,0x2C1B,0B,40,2,0x00DFA0,0x3E4,0x00E384,0x001C,35,5D,44,OK
0x541A,0x2C1A,0B,40,2,0x00DFA0,0x3E5,0x00E385,0x001B,35,D5,BB,OK
0x5419,0x2C19,0B,40,2,0x00DFA0,0x3E6,0x00E386,0x001A,35,09,EE,OK
0x5418,0x2C18,0B,40,2,0x00DFA0,0x3E7,0x00E387,0x0019,35,CC,B0,OK
0x5417,0x2C17,0B,40,2,0x00DFA0,0x3E8,0x00E388,0x0018,35,7D,60,OK
0x5416,0x2C16,0B,40,2,0x00DFA0,0x3E9,0x00E389,0x0017,35,EF,D1,OK
0x5415,0x2C15,0B,40,2,0x00DFA0,0x3EA,0x00E38A,0x0016,35,FF,E0,OK
0x5414,0x2C14,0B,40,2,0x00DFA0,0x3EB,0x00E38B,0x0015,35,DF,BF,OK
0x5413,0x2C13,0B,40,2,0x00DFA0,0x3EC,0x00E38C,0x0014,35,7B,5A,OK
0x5412,0x2C12,0B,40,2,0x00DFA0,0x3ED,0x00E38D,0x0013,35,FF,DD,OK
0x5411,0x2C11,0B,40,2,0x00DFA0,0x3EE,0x00E38E,0x0012,35,FE,DB,OK
0x5410,0x2C10,0B,40,2,0x00DFA0,0x3EF,0x00E38F,0x0011,35,5D,39,OK
0x540F,0x2C0F,0B,40,2,0x00DFA0,0x3F0,0x00E390,0x0010,35,4D,28,OK
0x540E,0x2C0E,0B,40,2,0x00DFA0,0x3F1,0x00E391,0x000F,35,44,1E,OK
0x540D,0x2C0D,0B,40,2,0x00DFA0,0x3F2,0x00E392,0x000E,35,54,2D,OK
0x540C,0x2C0C,0B,40,2,0x00DFA0,0x3F3,0x00E393,0x000D,35,35,0D,OK
0x540B,0x2C0B,0B,40,2,0x00DFA0,0x3F4,0x00E394,0x000C,35,F5,CC,OK
0x540A,0x2C0A,0B,40,2,0x00DFA0,0x3F5,0x00E395,0x000B,35,14,EA,OK
0x5409,0x2C09,0B,40,2,0x00DFA0,0x3F6,0x00E396,0x000A,35,54,29,OK
0x5408,0x2C08,0B,40,2,0x00DFA0,0x3F7,0x00E397,0x0009,35,01,D5,OK
0x5407,0x2C07,0B,40,2,0x00DFA0,0x3F8,0x00E398,0x0008,35,56,29,OK
0x5406,0x2C06,0B,40,2,0x00DFA0,0x3F9,0x00E399,0x0007,35,50,22,OK
0x5405,0x2C05,0B,40,2,0x00DFA0,0x3FA,0x00E39A,0x0006,35,54,25,OK
0x5404,0x2C04,0B,40,2,0x00DFA0,0x3FB,0x00E39B,0x0005,35,E7,B7,OK
0x5403,0x2C03,0B,40,2,0x00DFA0,0x3FC,0x00E39C,0x0004,35,5C,2B,OK
0x5402,0x2C02,0B,40,2,0x00DFA0,0x3FD,0x00E39D,0x0003,35,40,0E,OK
0x5401,0x2C01,0B,40,2,0x00DFA0,0x3FE,0x00E39E,0x0002,35,42,0F,OK
0x5400,0x2C00,0B,40,2,0x00DFA0,0x3FF,0x00E39F,0x0001,35,01,CD,OK
0x5BFF,0x33FF,0B,40,3,0x00E3B0,0x000,0x00E3B0,0x0400,35,5D,2C,OK
0x5BFE,0x33FE,0B,40,3,0x00E3B0,0x001,0x00E3B1,0x03FF,35,FD,CA,OK
0x5BFD,0x33FD,0B,40,3,0x00E3B0,0x002,0x00E3B2,0x03FE,35,77,43,OK
0x5BFC,0x33FC,0B,40,3,0x00E3B0,0x003,0x00E3B3,0x03FD,35,09,D4,OK
0x5BFB,0x33FB,0B,40,3,0x00E3B0,0x004,0x00E3B4,0x03FC,35,FF,C9,OK
0x5BFA,0x33FA,0B,40,3,0x00E3B0,0x005,0x00E3B5,0x03FB,35,7D,46,OK
0x5BF9,0x33F9,0B,40,3,0x00E3B0,0x006,0x00E3B6,0x03FA,35,7F,47,OK
0x5BF8,0x33F8,0B,40,3,0x00E3B0,0x007,0x00E3B7,0x03F9,35,DD,A4,OK
0x5BF7,0x33F7,0B,40,3,0x00E3B0,0x008,0x00E3B8,0x03F8,35,DF,A5,OK
0x5BF6,0x33F6,0B,40,3,0x00E3B0,0x009,0x00E3B9,0x03F7,35,55,1A,OK
0x5BF5,0x33F5,0B,40,3,0x00E3B0,0x00A,0x00E3BA,0x03F6,35,75,39,OK
0x5BF4,0x33F4,0B,40,3,0x00E3B0,0x00B,0x00E3BB,0x03F5,35,57,1A,OK
0x5BF3,0x33F3,0B,40,3,0x00E3B0,0x00C,0x00E3BC,0x03F4,35,41,03,OK
0x5BF2,0x33F2,0B,40,3,0x00E3B0,0x00D,0x00E3BD,0x03F3,35,09,CA,OK
0x5BF1,0x33F1,0B,40,3,0x00E3B0,0x00E,0x00E3BE,0x03F2,35,54,14,OK
0x5BF0,0x33F0,0B,40,3,0x00E3B0,0x00F,0x00E3BF,0x03F1,35,14,D3,OK
0x5BEF,0x33EF,0B,40,3,0x00E3B0,0x010,0x00E3C0,0x03F0,35,0C,CA,OK
0x5BEE,0x33EE,0B,40,3,0x00E3B0,0x011,0x00E3C1,0x03EF,35,50,0D,OK
0x5BED,0x33ED,0B,40,3,0x00E3B0,0x012,0x00E3C2,0x03EE,35,87,43,OK
0x5BEC,0x33EC,0B,40,3,0x00E3B0,0x013,0x00E3C3,0x03ED,35,03,BE,OK
0x5BEB,0x33EB,0B,40,3,0x00E3B0,0x014,0x00E3C4,0x03EC,35,05,BF,OK
0x5BEA,0x33EA,0B,40,3,0x00E3B0,0x015,0x00E3C5,0x03EB,35,04,BD,OK
0x5BE9,0x33E9,0B,40,3,0x00E3B0,0x016,0x00E3C6,0x03EA,35,35,ED,OK
0x5BE8,0x33E8,0B,40,3,0x00E3B0,0x017,0x00E3C7,0x03E9,35,A2,59,OK
0x5BE7,0x33E7,0B,40,3,0x00E3B0,0x018,0x00E3C8,0x03E8,35,09,BF,OK
0x5BE6,0x33E6,0B,40,3,0x00E3B0,0x019,0x00E3C9,0x03E7,35,8A,3F,OK
0x5BE5,0x33E5,0B,40,3,0x00E3B0,0x01A,0x00E3CA,0x03E6,35,22,D6,OK
0x5BE4,0x33E4,0B,40,3,0x00E3B0,0x01B,0x00E3CB,0x03E5,35,2A,DD,OK
0x5BE3,0x33E3,0B,40,3,0x00E3B0,0x01C,0x00E3CC,0x03E4,35,AA,5C,OK
0x5BE2,0x33E2,0B,40,3,0x00E3B0,0x01D,0x00E3CD,0x03E3,35,05,B6,OK
0x5BE1,0x33E1,0B,40,3,0x00E3B0,0x01E,0x00E3CE,0x03E2,35,6A,1A,OK
0x5BE0,0x33E0,0B,40,3,0x00E3B0,0x01F,0x00E3CF,0x03E1,35,FB,AA,OK
0x5BDF,0x33DF,0B,40,3,0x00E3B0,0x020,0x00E3D0,0x03E0,35,35,E3,OK
0x5BDE,0x33DE,0B,40,3,0x00E3B0,0x021,0x00E3D1,0x03DF,35,55,02,OK
0x5BDD,0x33DD,0B,40,3,0x00E3B0,0x022,0x00E3D2,0x03DE,35,D5,81,OK
0x5BDC,0x33DC,0B,40,3,0x00E3B0,0x023,0x00E3D3,0x03DD,35,51,FC,OK
0x5BDB,0x33DB,0B,40,3,0x00E3B0,0x024,0x00E3D4,0x03DC,35,D5,7F,OK
0x5BDA,0x33DA,0B,40,3,0x00E3B0,0x025,0x00E3D5,0x03DB,35,55,FE,OK
0x5BD9,0x33D9,0B,40,3,0x00E3B0,0x026,0x00E3D6,0x03DA,35,FF,A7,OK
0x5BD8,0x33D8,0B,40,3,0x00E3B0,0x027,0x00E3D7,0x03D9,35,FD,A4,OK
0x5BD7,0x33D7,0B,40,3,0x00E3B0,0x028,0x00E3D8,0x03D8,35,FF,A5,OK
0x5BD6,0x33D6,0B,40,3,0x00E3B0,0x029,0x00E3D9,0x03D7,35,EF,94,OK
0x5BD5,0x33D5,0B,40,3,0x00E3B0,0x02A,0x00E3DA,0x03D6,35,8A,2E,OK
0x5BD4,0x33D4,0B,40,3,0x00E3B0,0x02B,0x00E3DB,0x03D5,35,FE,A1,OK
0x5BD3,0x33D3,0B,40,3,0x00E3B0,0x02C,0x00E3DC,0x03D4,35,EE,90,OK
0x5BD2,0x33D2,0B,40,3,0x00E3B0,0x02D,0x00E3DD,0x03D3,35,0A,AB,OK
0x5BD1,0x33D1,0B,40,3,0x00E3B0,0x02E,0x00E3DE,0x03D2,35,A2,42,OK
0x5BD0,0x33D0,0B,40,3,0x00E3B0,0x02F,0x00E3DF,0x03D1,35,87,26,OK
0x5BCF,0x33CF,0B,40,3,0x00E3B0,0x030,0x00E3E0,0x03D0,35,03,A1,OK
0x5BCE,0x33CE,0B,40,3,0x00E3B0,0x031,0x00E3E1,0x03CF,35,A2,3F,OK
0x5BCD,0x33CD,0B,40,3,0x00E3B0,0x032,0x00E3E2,0x03CE,35,A8,44,OK
0x5BCC,0x33CC,0B,40,3,0x00E3B0,0x033,0x00E3E3,0x03CD,35,05,A0,OK
0x5BCB,0x33CB,0B,40,3,0x00E3B0,0x034,0x00E3E4,0x03CC,35,0A,A4,OK
0x5BCA,0x33CA,0B,40,3,0x00E3B0,0x035,0x00E3E5,0x03CB,35,BA,53,OK
0x5BC9,0x33C9,0B,40,3,0x00E3B0,0x036,0x00E3E6,0x03CA,35,EE,86,OK
0x5BC8,0x33C8,0B,40,3,0x00E3B0,0x037,0x00E3E7,0x03C9,35,AE,45,OK
0x5BC7,0x33C7,0B,40,3,0x00E3B0,0x038,0x00E3E8,0x03C8,35,FA,90,OK
0x5BC6,0x33C6,0B,40,3,0x00E3B0,0x039,0x00E3E9,0x03C7,35,BF,54,OK
0x5BC5,0x33C5,0B,40,3,0x00E3B0,0x03A,0x00E3EA,0x03C6,35,05,99,OK
0x5BC4,0x33C4,0B,40,3,0x00E3B0,0x03B,0x00E3EB,0x03C5,35,EB,7E,OK
0x5BC3,0x33C3,0B,40,3,0x00E3B0,0x03C,0x00E3EC,0x03C4,35,09,9B,OK
0x5BC2,0x33C2,0B,40,3,0x00E3B0,0x03D,0x00E3ED,0x03C3,35,FF,90,OK
0x5BC1,0x33C1,0B,40,3,0x00E3B0,0x03E,0x00E3EE,0x03C2,35,EB,7B,OK
0x5BC0,0x33C0,0B,40,3,0x00E3B0,0x03F,0x00E3EF,0x03C1,35,AA,39,OK
0x5BBF,0x33BF,0B,40,3,0x00E3B0,0x040,0x00E3F0,0x03C0,35,AE,3C,OK
0x5BBE,0x33BE,0B,40,3,0x00E3B0,0x041,0x00E3F1,0x03BF,35,FB,88,OK
0x5BBD,0x33BD,0B,40,3,0x00E3B0,0x042,0x00E3F2,0x03BE,35,05,91,OK
0x5BBC,0x33BC,0B,40,3,0x00E3B0,0x043,0x00E3F3,0x03BD,35,AB,36,OK
0x5BBB,0x33BB,0B,40,3,0x00E3B0,0x044,0x00E3F4,0x03BC,35,AA,34,OK
0x5BBA,0x33BA,0B,40,3,0x00E3B0,0x045,0x00E3F5,0x03BB,35,FA,83,OK
0x5BB9,0x33B9,0B,40,3,0x00E3B0,0x046,0x00E3F6,0x03BA,35,BA,42,OK
0x5BB8,0x33B8,0B,40,3,0x00E3B0,0x047,0x00E3F7,0x03B9,35,EA,71,OK
0x5BB7,0x33B7,0B,40,3,0x00E3B0,0x048,0x00E3F8,0x03B8,35,0B,91,OK
0x5BB6,0x33B6,0B,40,3,0x00E3B0,0x049,0x00E3F9,0x03B7,35,0A,8F,OK
0x5BB5,0x33B5,0B,40,3,0x00E3B0,0x04A,0x00E3FA,0x03B6,35,04,88,OK
0x5BB4,0x33B4,0B,40,3,0x00E3B0,0x04B,0x00E3FB,0x03B5,35,8A,0D,OK
0x5BB3,0x33B3,0B,40,3,0x00E3B0,0x04C,0x00E3FC,0x03B4,35,0B,8D,OK
0x5BB2,0x33B2,0B,40,3,0x00E3B0,0x04D,0x00E3FD,0x03B3,35,8A,0B,OK
0x5BB1,0x33B1,0B,40,3,0x00E3B0,0x04E,0x00E3FE,0x03B2,35,0B,8B,OK
0x5BB0,0x33B0,0B,40,3,0x00E3B0,0x04F,0x00E3FF,0x03B1,35,2A,A9,OK
0x5BAF,0x33AF,0B,40,3,0x00E3B0,0x050,0x00E400,0x03B0,35,09,87,OK
0x5BAE,0x33AE,0B,40,3,0x00E3B0,0x051,0x00E401,0x03AF,35,28,A5,OK
0x5BAD,0x33AD,0B,40,3,0x00E3B0,0x052,0x00E402,0x03AE,35,6A,E6,OK
0x5BAC,0x33AC,0B,40,3,0x00E3B0,0x053,0x00E403,0x03AD,35,54,CF,OK
0x5BAB,0x33AB,0B,40,3,0x00E3B0,0x054,0x00E404,0x03AC,35,55,CF,OK
0x5BAA,0x33AA,0B,40,3,0x00E3B0,0x055,0x00E405,0x03AB,35,45,BE,OK
0x5BA9,0x33A9,0B,40,3,0x00E3B0,0x056,0x00E406,0x03AA,35,86,FE,OK
0x5BA8,0x33A8,0B,40,3,0x00E3B0,0x057,0x00E407,0x03A9,35,03,7A,OK
0x5BA7,0x33A7,0B,40,3,0x00E3B0,0x058,0x00E408,0x03A8,35,D5,4B,OK
0x5BA6,0x33A6,0B,40,3,0x00E3B0,0x059,0x00E409,0x03A7,35,6D,E2,OK
0x5BA5,0x33A5,0B,40,3,0x00E3B0,0x05A,0x00E40A,0x03A6,35,54,C8,OK
0x5BA4,0x33A4,0B,40,3,0x00E3B0,0x05B,0x00E40B,0x03A5,35,A9,1C,OK
0x5BA3,0x33A3,0B,40,3,0x00E3B0,0x05C,0x00E40C,0x03A4,35,AA,1C,OK
0x5BA2,0x33A2,0B,40,3,0x00E3B0,0x05D,0x00E40D,0x03A3,35,EA,5B,OK
0x5BA1,0x33A1,0B,40,3,0x00E3B0,0x05E,0x00E40E,0x03A2,35,AA,1A,OK
0x5BA0,0x33A0,0B,40,3,0x00E3B0,0x05F,0x00E40F,0x03A1,35,05,74,OK
0x5B9F,0x339F,0B,40,3,0x00E3B0,0x060,0x00E410,0x03A0,35,FE,6C,OK
0x5B9E,0x339E,0B,40,3,0x00E3B0,0x061,0x00E411,0x039F,35,EF,5C,OK
0x5B9D,0x339D,0B,40,3,0x00E3B0,0x062,0x00E412,0x039E,35,5B,C7,OK
0x5B9C,0x339C,0B,40,3,0x00E3B0,0x063,0x00E413,0x039D,35,DF,4A,OK
0x5B9B,0x339B,0B,40,3,0x00E3B0,0x064,0x00E414,0x039C,35,5C,C6,OK
0x5B9A,0x339A,0B,40,3,0x00E3B0,0x065,0x00E415,0x039B,35,77,E0,OK
0x5B99,0x3399,0B,40,3,0x00E3B0,0x066,0x00E416,0x039A,35,55,BD,OK
0x5B98,0x3398,0B,40,3,0x00E3B0,0x067,0x00E417,0x0399,35,35,9C,OK
0x5B97,0x3397,0B,40,3,0x00E3B0,0x068,0x00E418,0x0398,35,14,7A,OK
0x5B96,0x3396,0B,40,3,0x00E3B0,0x069,0x00E419,0x0397,35,55,BA,OK
0x5B95,0x3395,0B,40,3,0x00E3B0,0x06A,0x00E41A,0x0396,35,15,79,OK
0x5B94,0x3394,0B,40,3,0x00E3B0,0x06B,0x00E41B,0x0395,35,55,B8,OK
0x5B93,0x3393,0B,40,3,0x00E3B0,0x06C,0x00E41C,0x0394,35,07,69,OK
0x5B92,0x3392,0B,40,3,0x00E3B0,0x06D,0x00E41D,0x0393,35,41,A2,OK
0x5B91,0x3391,0B,40,3,0x00E3B0,0x06E,0x00E41E,0x0392,35,54,B4,OK
0x5B90,0x3390,0B,40,3,0x00E3B0,0x06F,0x00E41F,0x0391,35,55,B4,OK
0x5B8F,0x338F,0B,40,3,0x00E3B0,0x070,0x00E420,0x0390,35,08,66,OK
0x5B8E,0x338E,0B,40,3,0x00E3B0,0x071,0x00E421,0x038F,35,11,6E,OK
0x5B8D,0x338D,0B,40,3,0x00E3B0,0x072,0x00E422,0x038E,35,55,B1,OK
0x5B8C,0x338C,0B,40,3,0x00E3B0,0x073,0x00E423,0x038D,35,05,60,OK
0x5B8B,0x338B,0B,40,3,0x00E3B0,0x074,0x00E424,0x038C,35,D5,2F,OK
0x5B8A,0x338A,0B,40,3,0x00E3B0,0x075,0x00E425,0x038B,35,14,6D,OK
0x5B89,0x3389,0B,40,3,0x00E3B0,0x076,0x00E426,0x038A,35,7F,D7,OK
0x5B88,0x3388,0B,40,3,0x00E3B0,0x077,0x00E427,0x0389,35,75,CC,OK
0x5B87,0x3387,0B,40,3,0x00E3B0,0x078,0x00E428,0x0388,35,55,AB,OK
0x5B86,0x3386,0B,40,3,0x00E3B0,0x079,0x00E429,0x0387,35,54,A9,OK
0x5B85,0x3385,0B,40,3,0x00E3B0,0x07A,0x00E42A,0x0386,35,55,A9,OK
0x5B84,0x3384,0B,40,3,0x00E3B0,0x07B,0x00E42B,0x0385,35,77,CA,OK
0x5B83,0x3383,0B,40,3,0x00E3B0,0x07C,0x00E42C,0x0384,35,5F,B1,OK
0x5B82,0x3382,0B,40,3,0x00E3B0,0x07D,0x00E42D,0x0383,35,55,A6,OK
0x5B81,0x3381,0B,40,3,0x00E3B0,0x07E,0x00E42E,0x0382,35,06,56,OK
0x5B80,0x3380,0B,40,3,0x00E3B0,0x07F,0x00E42F,0x0381,35,FF,4E,OK
0x5B7F,0x337F,0B,40,3,0x00E3B0,0x080,0x00E430,0x0380,35,F5,43,OK
0x5B7E,0x337E,0B,40,3,0x00E3B0,0x081,0x00E431,0x037F,35,55,A2,OK
0x5B7D,0x337D,0B,40,3,0x00E3B0,0x082,0x00E432,0x037E,35,FD,49,OK
0x5B7C,0x337C,0B,40,3,0x00E3B0,0x083,0x00E433,0x037D,35,FF,4A,OK
0x5B7B,0x337B,0B,40,3,0x00E3B0,0x084,0x00E434,0x037C,35,FD,47,OK
0x5B7A,0x337A,0B,40,3,0x00E3B0,0x085,0x00E435,0x037B,35,5D,A6,OK
0x5B79,0x3379,0B,40,3,0x00E3B0,0x086,0x00E436,0x037A,35,0A,52,OK
0x5B78,0x3378,0B,40,3,0x00E3B0,0x087,0x00E437,0x0379,35,15,5C,OK
0x5B77,0x3377,0B,40,3,0x00E3B0,0x088,0x00E438,0x0378,35,0C,52,OK
0x5B76,0x3376,0B,40,3,0x00E3B0,0x089,0x00E439,0x0377,35,51,96,OK
0x5B75,0x3375,0B,40,3,0x00E3B0,0x08A,0x00E43A,0x0376,35,0B,4F,OK
0x5B74,0x3374,0B,40,3,0x00E3B0,0x08B,0x00E43B,0x0375,35,54,97,OK
0x5B73,0x3373,0B,40,3,0x00E3B0,0x08C,0x00E43C,0x0374,35,55,97,OK
0x5B72,0x3372,0B,40,3,0x00E3B0,0x08D,0x00E43D,0x0373,35,07,48,OK
0x5B71,0x3371,0B,40,3,0x00E3B0,0x08E,0x00E43E,0x0372,35,C9,09,OK
0x5B70,0x3370,0B,40,3,0x00E3B0,0x08F,0x00E43F,0x0371,35,0B,4A,OK
0x5B6F,0x336F,0B,40,3,0x00E3B0,0x090,0x00E440,0x0370,35,A8,E6,OK
0x5B6E,0x336E,0B,40,3,0x00E3B0,0x091,0x00E441,0x036F,35,AA,E7,OK
0x5B6D,0x336D,0B,40,3,0x00E3B0,0x092,0x00E442,0x036E,35,A8,E4,OK
0x5B6C,0x336C,0B,40,3,0x00E3B0,0x093,0x00E443,0x036D,35,A0,DB,OK
0x5B6B,0x336B,0B,40,3,0x00E3B0,0x094,0x00E444,0x036C,35,AA,E4,OK
0x5B6A,0x336A,0B,40,3,0x00E3B0,0x095,0x00E445,0x036B,35,BA,F3,OK
0x5B69,0x3369,0B,40,3,0x00E3B0,0x096,0x00E446,0x036A,35,38,70,OK
0x5B68,0x3368,0B,40,3,0x00E3B0,0x097,0x00E447,0x0369,35,AA,E1,OK
0x5B67,0x3367,0B,40,3,0x00E3B0,0x098,0x00E448,0x0368,35,46,7C,OK
0x5B66,0x3366,0B,40,3,0x00E3B0,0x099,0x00E449,0x0367,35,55,8A,OK
0x5B65,0x3365,0B,40,3,0x00E3B0,0x09A,0x00E44A,0x0366,35,05,39,OK
0x5B64,0x3364,0B,40,3,0x00E3B0,0x09B,0x00E44B,0x0365,35,45,78,OK
0x5B63,0x3363,0B,40,3,0x00E3B0,0x09C,0x00E44C,0x0364,35,35,67,OK
0x5B62,0x3362,0B,40,3,0x00E3B0,0x09D,0x00E44D,0x0363,35,DF,10,OK
0x5B61,0x3361,0B,40,3,0x00E3B0,0x09E,0x00E44E,0x0362,35,C5,F5,OK
0x5B60,0x3360,0B,40,3,0x00E3B0,0x09F,0x00E44F,0x0361,35,A8,D7,OK
0x5B5F,0x335F,0B,40,3,0x00E3B0,0x0A0,0x00E450,0x0360,35,88,B6,OK
0x5B5E,0x335E,0B,40,3,0x00E3B0,0x0A1,0x00E451,0x035F,35,03,30,OK
0x5B5D,0x335D,0B,40,3,0x00E3B0,0x0A2,0x00E452,0x035E,35,A2,CE,OK
0x5B5C,0x335C,0B,40,3,0x00E3B0,0x0A3,0x00E453,0x035D,35,8C,B7,OK
0x5B5B,0x335B,0B,40,3,0x00E3B0,0x0A4,0x00E454,0x035C,35,03,2D,OK
0x5B5A,0x335A,0B,40,3,0x00E3B0,0x0A5,0x00E455,0x035B,35,8A,B3,OK
0x5B59,0x3359,0B,40,3,0x00E3B0,0x0A6,0x00E456,0x035A,35,28,50,OK
0x5B58,0x3358,0B,40,3,0x00E3B0,0x0A7,0x00E457,0x0359,35,EA,11,OK
0x5B57,0x3357,0B,40,3,0x00E3B0,0x0A8,0x00E458,0x0358,35,05,2B,OK
0x5B56,0x3356,0B,40,3,0x00E3B0,0x0A9,0x00E459,0x0357,35,AB,D0,OK
0x5B55,0x3355,0B,40,3,0x00E3B0,0x0AA,0x00E45A,0x0356,35,FE,22,OK
0x5B54,0x3354,0B,40,3,0x00E3B0,0x0AB,0x00E45B,0x0355,35,AB,CE,OK
0x5B53,0x3353,0B,40,3,0x00E3B0,0x0AC,0x00E45C,0x0354,35,FA,1C,OK
0x5B52,0x3352,0B,40,3,0x00E3B0,0x0AD,0x00E45D,0x0353,35,BA,DB,OK
0x5B51,0x3351,0B,40,3,0x00E3B0,0x0AE,0x00E45E,0x0352,35,EA,0A,OK
0x5B50,0x3350,0B,40,3,0x00E3B0,0x0AF,0x00E45F,0x0351,35,AB,CA,OK
0x5B4F,0x334F,0B,40,3,0x00E3B0,0x0B0,0x00E460,0x0350,35,EA,08,OK
0x5B4E,0x334E,0B,40,3,0x00E3B0,0x0B1,0x00E461,0x034F,35,FF,1C,OK
0x5B4D,0x334D,0B,40,3,0x00E3B0,0x0B2,0x00E462,0x034E,35,AF,CB,OK
0x5B4C,0x334C,0B,40,3,0x00E3B0,0x0B3,0x00E463,0x034D,35,AB,C6,OK
0x5B4B,0x334B,0B,40,3,0x00E3B0,0x0B4,0x00E464,0x034C,35,FE,18,OK
0x5B4A,0x334A,0B,40,3,0x00E3B0,0x0B5,0x00E465,0x034B,35,BF,D8,OK
0x5B49,0x3349,0B,40,3,0x00E3B0,0x0B6,0x00E466,0x034A,35,FF,17,OK
0x5B48,0x3348,0B,40,3,0x00E3B0,0x0B7,0x00E467,0x0349,35,BF,D6,OK
0x5B47,0x3347,0B,40,3,0x00E3B0,0x0B8,0x00E468,0x0348,35,EF,05,OK
0x5B46,0x3346,0B,40,3,0x00E3B0,0x0B9,0x00E469,0x0347,35,09,1E,OK
0x5B45,0x3345,0B,40,3,0x00E3B0,0x0BA,0x00E46A,0x0346,35,2A,3E,OK
0x5B44,0x3344,0B,40,3,0x00E3B0,0x0BB,0x00E46B,0x0345,35,09,1C,OK
0x5B43,0x3343,0B,40,3,0x00E3B0,0x0BC,0x00E46C,0x0344,35,A2,B4,OK
0x5B42,0x3342,0B,40,3,0x00E3B0,0x0BD,0x00E46D,0x0343,35,AA,BB,OK
0x5B41,0x3341,0B,40,3,0x00E3B0,0x0BE,0x00E46E,0x0342,35,0B,1B,OK
0x5B40,0x3340,0B,40,3,0x00E3B0,0x0BF,0x00E46F,0x0341,35,03,12,OK
0x5B3F,0x333F,0B,40,3,0x00E3B0,0x0C0,0x00E470,0x0340,35,28,36,OK
0x5B3E,0x333E,0B,40,3,0x00E3B0,0x0C1,0x00E471,0x033F,35,6A,77,OK
0x5B3D,0x333D,0B,40,3,0x00E3B0,0x0C2,0x00E472,0x033E,35,54,60,OK
0x5B3C,0x333C,0B,40,3,0x00E3B0,0x0C3,0x00E473,0x033D,35,55,60,OK
0x5B3B,0x333B,0B,40,3,0x00E3B0,0x0C4,0x00E474,0x033C,35,09,13,OK
0x5B3A,0x333A,0B,40,3,0x00E3B0,0x0C5,0x00E475,0x033B,35,03,0C,OK
0x5B39,0x3339,0B,40,3,0x00E3B0,0x0C6,0x00E476,0x033A,35,45,4D,OK
0x5B38,0x3338,0B,40,3,0x00E3B0,0x0C7,0x00E477,0x0339,35,D5,DC,OK
0x5B37,0x3337,0B,40,3,0x00E3B0,0x0C8,0x00E478,0x0338,35,98,9E,OK
0x5B36,0x3336,0B,40,3,0x00E3B0,0x0C9,0x00E479,0x0337,35,8C,91,OK
0x5B35,0x3335,0B,40,3,0x00E3B0,0x0CA,0x00E47A,0x0336,35,A8,AC,OK
0x5B34,0x3334,0B,40,3,0x00E3B0,0x0CB,0x00E47B,0x0335,35,AB,AE,OK
0x5B33,0x3333,0B,40,3,0x00E3B0,0x0CC,0x00E47C,0x0334,35,EA,EC,OK
0x5B32,0x3332,0B,40,3,0x00E3B0,0x0CD,0x00E47D,0x0333,35,51,52,OK
0x5B31,0x3331,0B,40,3,0x00E3B0,0x0CE,0x00E47E,0x0332,35,50,50,OK
0x5B30,0x3330,0B,40,3,0x00E3B0,0x0CF,0x00E47F,0x0331,35,57,56,OK
0x5B2F,0x332F,0B,40,3,0x00E3B0,0x0D0,0x00E480,0x0330,35,51,4F,OK
0x5B2E,0x332E,0B,40,3,0x00E3B0,0x0D1,0x00E481,0x032F,35,0A,07,OK
0x5B2D,0x332D,0B,40,3,0x00E3B0,0x0D2,0x00E482,0x032E,35,54,50,OK
0x5B2C,0x332C,0B,40,3,0x00E3B0,0x0D3,0x00E483,0x032D,35,0B,06,OK
0x5B2B,0x332B,0B,40,3,0x00E3B0,0x0D4,0x00E484,0x032C,35,50,4A,OK
0x5B2A,0x332A,0B,40,3,0x00E3B0,0x0D5,0x00E485,0x032B,35,15,0E,OK
0x5B29,0x3329,0B,40,3,0x00E3B0,0x0D6,0x00E486,0x032A,35,51,49,OK
0x5B28,0x3328,0B,40,3,0x00E3B0,0x0D7,0x00E487,0x0329,35,55,4C,OK
0x5B27,0x3327,0B,40,3,0x00E3B0,0x0D8,0x00E488,0x0328,35,15,0B,OK
0x5B26,0x3326,0B,40,3,0x00E3B0,0x0D9,0x00E489,0x0327,35,05,FA,OK
0x5B25,0x3325,0B,40,3,0x00E3B0,0x0DA,0x00E48A,0x0326,35,54,48,OK
0x5B24,0x3324,0B,40,3,0x00E3B0,0x0DB,0x00E48B,0x0325,35,55,48,OK
0x5B23,0x3323,0B,40,3,0x00E3B0,0x0DC,0x00E48C,0x0324,35,15,07,OK
0x5B22,0x3322,0B,40,3,0x00E3B0,0x0DD,0x00E48D,0x0323,35,55,46,OK
0x5B21,0x3321,0B,40,3,0x00E3B0,0x0DE,0x00E48E,0x0322,35,05,F5,OK
0x5B20,0x3320,0B,40,3,0x00E3B0,0x0DF,0x00E48F,0x0321,35,54,43,OK
0x5B1F,0x331F,0B,40,3,0x00E3B0,0x0E0,0x00E490,0x0320,35,55,43,OK
0x5B1E,0x331E,0B,40,3,0x00E3B0,0x0E1,0x00E491,0x031F,35,14,01,OK
0x5B1D,0x331D,0B,40,3,0x00E3B0,0x0E2,0x00E492,0x031E,35,50,3C,OK
0x5B1C,0x331C,0B,40,3,0x00E3B0,0x0E3,0x00E493,0x031D,35,55,40,OK
0x5B1B,0x331B,0B,40,3,0x00E3B0,0x0E4,0x00E494,0x031C,35,08,F2,OK
0x5B1A,0x331A,0B,40,3,0x00E3B0,0x0E5,0x00E495,0x031B,35,FF,E8,OK
0x5B19,0x3319,0B,40,3,0x00E3B0,0x0E6,0x00E496,0x031A,35,55,3D,OK
0x5B18,0x3318,0B,40,3,0x00E3B0,0x0E7,0x00E497,0x0319,35,57,3E,OK
0x5B17,0x3317,0B,40,3,0x00E3B0,0x0E8,0x00E498,0x0318,35,E5,CB,OK
0x5B16,0x3316,0B,40,3,0x00E3B0,0x0E9,0x00E499,0x0317,35,F7,DC,OK
0x5B15,0x3315,0B,40,3,0x00E3B0,0x0EA,0x00E49A,0x0316,35,5F,43,OK
0x5B14,0x3314,0B,40,3,0x00E3B0,0x0EB,0x00E49B,0x0315,35,55,38,OK
0x5B13,0x3313,0B,40,3,0x00E3B0,0x0EC,0x00E49C,0x0314,35,F5,D7,OK
0x5B12,0x3312,0B,40,3,0x00E3B0,0x0ED,0x00E49D,0x0313,35,75,56,OK
0x5B11,0x3311,0B,40,3,0x00E3B0,0x0EE,0x00E49E,0x0312,35,F1,D1,OK
0x5B10,0x3310,0B,40,3,0x00E3B0,0x0EF,0x00E49F,0x0311,35,DF,BE,OK
0x5B0F,0x330F,0B,40,3,0x00E3B0,0x0F0,0x00E4A0,0x0310,35,5D,3B,OK
0x5B0E,0x330E,0B,40,3,0x00E3B0,0x0F1,0x00E4A1,0x030F,35,05,E2,OK
0x5B0D,0x330D,0B,40,3,0x00E3B0,0x0F2,0x00E4A2,0x030E,35,55,31,OK
0x5B0C,0x330C,0B,40,3,0x00E3B0,0x0F3,0x00E4A3,0x030D,35,08,E3,OK
0x5B0B,0x330B,0B,40,3,0x00E3B0,0x0F4,0x00E4A4,0x030C,35,50,2A,OK
0x5B0A,0x330A,0B,40,3,0x00E3B0,0x0F5,0x00E4A5,0x030B,35,55,2E,OK
0x5B09,0x3309,0B,40,3,0x00E3B0,0x0F6,0x00E4A6,0x030A,35,45,1D,OK
0x5B08,0x3308,0B,40,3,0x00E3B0,0x0F7,0x00E4A7,0x0309,35,55,2C,OK
0x5B07,0x3307,0B,40,3,0x00E3B0,0x0F8,0x00E4A8,0x0308,35,07,DD,OK
0x5B06,0x3306,0B,40,3,0x00E3B0,0x0F9,0x00E4A9,0x0307,35,15,EA,OK
0x5B05,0x3305,0B,40,3,0x00E3B0,0x0FA,0x00E4AA,0x0306,35,0A,DE,OK
0x5B04,0x3304,0B,40,3,0x00E3B0,0x0FB,0x00E4AB,0x0305,35,15,E8,OK
0x5B03,0x3303,0B,40,3,0x00E3B0,0x0FC,0x00E4AC,0x0304,35,45,17,OK
0x5B02,0x3302,0B,40,3,0x00E3B0,0x0FD,0x00E4AD,0x0303,35,80,51,OK
0x5B01,0x3301,0B,40,3,0x00E3B0,0x0FE,0x00E4AE,0x0302,35,AA,7A,OK
0x5B00,0x3300,0B,40,3,0x00E3B0,0x0FF,0x00E4AF,0x0301,35,06,D5,OK
0x5AFF,0x32FF,0B,40,3,0x00E3B0,0x100,0x00E4B0,0x0300,35,03,D1,OK
0x5AFE,0x32FE,0B,40,3,0x00E3B0,0x101,0x00E4B1,0x02FF,35,8A,56,OK
0x5AFD,0x32FD,0B,40,3,0x00E3B0,0x102,0x00E4B2,0x02FE,35,0B,D6,OK
0x5AFC,0x32FC,0B,40,3,0x00E3B0,0x103,0x00E4B3,0x02FD,35,E0,AA,OK
0x5AFB,0x32FB,0B,40,3,0x00E3B0,0x104,0x00E4B4,0x02FC,35,AA,73,OK
0x5AFA,0x32FA,0B,40,3,0x00E3B0,0x105,0x00E4B5,0x02FB,35,48,10,OK
0x5AF9,0x32F9,0B,40,3,0x00E3B0,0x106,0x00E4B6,0x02FA,35,C4,8B,OK
0x5AF8,0x32F8,0B,40,3,0x00E3B0,0x107,0x00E4B7,0x02F9,35,F6,BC,OK
0x5AF7,0x32F7,0B,40,3,0x00E3B0,0x108,0x00E4B8,0x02F8,35,0A,CF,OK
0x5AF6,0x32F6,0B,40,3,0x00E3B0,0x109,0x00E4B9,0x02F7,35,04,C8,OK
0x5AF5,0x32F5,0B,40,3,0x00E3B0,0x10A,0x00E4BA,0x02F6,35,CA,8D,OK
0x5AF4,0x32F4,0B,40,3,0x00E3B0,0x10B,0x00E4BB,0x02F5,35,AA,6C,OK
0x5AF3,0x32F3,0B,40,3,0x00E3B0,0x10C,0x00E4BC,0x02F4,35,8A,4B,OK
0x5AF2,0x32F2,0B,40,3,0x00E3B0,0x10D,0x00E4BD,0x02F3,35,0C,CC,OK
0x5AF1,0x32F1,0B,40,3,0x00E3B0,0x10E,0x00E4BE,0x02F2,35,A2,61,OK
0x5AF0,0x32F0,0B,40,3,0x00E3B0,0x10F,0x00E4BF,0x02F1,35,87,45,OK
0x5AEF,0x32EF,0B,40,3,0x00E3B0,0x110,0x00E4C0,0x02F0,35,03,C0,OK
0x5AEE,0x32EE,0B,40,3,0x00E3B0,0x111,0x00E4C1,0x02EF,35,88,44,OK
0x5AED,0x32ED,0B,40,3,0x00E3B0,0x112,0x00E4C2,0x02EE,35,A8,63,OK
0x5AEC,0x32EC,0B,40,3,0x00E3B0,0x113,0x00E4C3,0x02ED,35,22,DC,OK
0x5AEB,0x32EB,0B,40,3,0x00E3B0,0x114,0x00E4C4,0x02EC,35,0A,C3,OK
0x5AEA,0x32EA,0B,40,3,0x00E3B0,0x115,0x00E4C5,0x02EB,35,04,BC,OK
0x5AE9,0x32E9,0B,40,3,0x00E3B0,0x116,0x00E4C6,0x02EA,35,8B,42,OK
0x5AE8,0x32E8,0B,40,3,0x00E3B0,0x117,0x00E4C7,0x02E9,35,03,B9,OK
0x5AE7,0x32E7,0B,40,3,0x00E3B0,0x118,0x00E4C8,0x02E8,35,2A,DF,OK
0x5AE6,0x32E6,0B,40,3,0x00E3B0,0x119,0x00E4C9,0x02E7,35,E8,9C,OK
0x5AE5,0x32E5,0B,40,3,0x00E3B0,0x11A,0x00E4CA,0x02E6,35,8A,3D,OK
0x5AE4,0x32E4,0B,40,3,0x00E3B0,0x11B,0x00E4CB,0x02E5,35,AA,5C,OK
0x5AE3,0x32E3,0B,40,3,0x00E3B0,0x11C,0x00E4CC,0x02E4,35,FB,AC,OK
0x5AE2,0x32E2,0B,40,3,0x00E3B0,0x11D,0x00E4CD,0x02E3,35,FF,AF,OK
0x5AE1,0x32E1,0B,40,3,0x00E3B0,0x11E,0x00E4CE,0x02E2,35,BE,6D,OK
0x5AE0,0x32E0,0B,40,3,0x00E3B0,0x11F,0x00E4CF,0x02E1,35,AB,59,OK
0x5ADF,0x32DF,0B,40,3,0x00E3B0,0x120,0x00E4D0,0x02E0,35,FA,A7,OK
0x5ADE,0x32DE,0B,40,3,0x00E3B0,0x121,0x00E4D1,0x02DF,35,A6,52,OK
0x5ADD,0x32DD,0B,40,3,0x00E3B0,0x122,0x00E4D2,0x02DE,35,B2,5D,OK
0x5ADC,0x32DC,0B,40,3,0x00E3B0,0x123,0x00E4D3,0x02DD,35,AA,54,OK
0x5ADB,0x32DB,0B,40,3,0x00E3B0,0x124,0x00E4D4,0x02DC,35,AB,54,OK
0x5ADA,0x32DA,0B,40,3,0x00E3B0,0x125,0x00E4D5,0x02DB,35,AA,52,OK
0x5AD9,0x32D9,0B,40,3,0x00E3B0,0x126,0x00E4D6,0x02DA,35,2A,D1,OK
0x5AD8,0x32D8,0B,40,3,0x00E3B0,0x127,0x00E4D7,0x02D9,35,05,AB,OK
0x5AD7,0x32D7,0B,40,3,0x00E3B0,0x128,0x00E4D8,0x02D8,35,0B,B0,OK
0x5AD6,0x32D6,0B,40,3,0x00E3B0,0x129,0x00E4D9,0x02D7,35,A2,46,OK
0x5AD5,0x32D5,0B,40,3,0x00E3B0,0x12A,0x00E4DA,0x02D6,35,87,2A,OK
0x5AD4,0x32D4,0B,40,3,0x00E3B0,0x12B,0x00E4DB,0x02D5,35,03,A5,OK
0x5AD3,0x32D3,0B,40,3,0x00E3B0,0x12C,0x00E4DC,0x02D4,35,A2,43,OK
0x5AD2,0x32D2,0B,40,3,0x00E3B0,0x12D,0x00E4DD,0x02D3,35,AA,4A,OK
0x5AD1,0x32D1,0B,40,3,0x00E3B0,0x12E,0x00E4DE,0x02D2,35,05,A4,OK
0x5AD0,0x32D0,0B,40,3,0x00E3B0,0x12F,0x00E4DF,0x02D1,35,45,E3,OK
0x5ACF,0x32CF,0B,40,3,0x00E3B0,0x130,0x00E4E0,0x02D0,35,15,B2,OK
0x5ACE,0x32CE,0B,40,3,0x00E3B0,0x131,0x00E4E1,0x02CF,35,0A,A6,OK
0x5ACD,0x32CD,0B,40,3,0x00E3B0,0x132,0x00E4E2,0x02CE,35,45,E0,OK
0x5ACC,0x32CC,0B,40,3,0x00E3B0,0x133,0x00E4E3,0x02CD,35,55,EF,OK
0x5ACB,0x32CB,0B,40,3,0x00E3B0,0x134,0x00E4E4,0x02CC,35,51,EA,OK
0x5ACA,0x32CA,0B,40,3,0x00E3B0,0x135,0x00E4E5,0x02CB,35,55,ED,OK
0x5AC9,0x32C9,0B,40,3,0x00E3B0,0x136,0x00E4E6,0x02CA,35,54,EB,OK
0x5AC8,0x32C8,0B,40,3,0x00E3B0,0x137,0x00E4E7,0x02C9,35,0A,A0,OK
0x5AC7,0x32C7,0B,40,3,0x00E3B0,0x138,0x00E4E8,0x02C8,35,D1,66,OK
0x5AC6,0x32C6,0B,40,3,0x00E3B0,0x139,0x00E4E9,0x02C7,35,10,A4,OK
0x5AC5,0x32C5,0B,40,3,0x00E3B0,0x13A,0x00E4EA,0x02C6,35,25,B8,OK
0x5AC4,0x32C4,0B,40,3,0x00E3B0,0x13B,0x00E4EB,0x02C5,35,09,9B,OK
0x5AC3,0x32C3,0B,40,3,0x00E3B0,0x13C,0x00E4EC,0x02C4,35,04,95,OK
0x5AC2,0x32C2,0B,40,3,0x00E3B0,0x13D,0x00E4ED,0x02C3,35,09,99,OK
0x5AC1,0x32C1,0B,40,3,0x00E3B0,0x13E,0x00E4EE,0x02C2,35,45,D4,OK
0x5AC0,0x32C0,0B,40,3,0x00E3B0,0x13F,0x00E4EF,0x02C1,35,55,E3,OK
0x5ABF,0x32BF,0B,40,3,0x00E3B0,0x140,0x00E4F0,0x02C0,35,15,A2,OK
0x5ABE,0x32BE,0B,40,3,0x00E3B0,0x141,0x00E4F1,0x02BF,35,0A,96,OK
0x5ABD,0x32BD,0B,40,3,0x00E3B0,0x142,0x00E4F2,0x02BE,35,51,DC,OK
0x5ABC,0x32BC,0B,40,3,0x00E3B0,0x143,0x00E4F3,0x02BD,35,55,DF,OK
0x5ABB,0x32BB,0B,40,3,0x00E3B0,0x144,0x00E4F4,0x02BC,35,08,91,OK
0x5ABA,0x32BA,0B,40,3,0x00E3B0,0x145,0x00E4F5,0x02BB,35,03,8B,OK
0x5AB9,0x32B9,0B,40,3,0x00E3B0,0x146,0x00E4F6,0x02BA,35,14,9B,OK
0x5AB8,0x32B8,0B,40,3,0x00E3B0,0x147,0x00E4F7,0x02B9,35,10,96,OK
0x5AB7,0x32B7,0B,40,3,0x00E3B0,0x148,0x00E4F8,0x02B8,35,54,D9,OK
0x5AB6,0x32B6,0B,40,3,0x00E3B0,0x149,0x00E4F9,0x02B7,35,10,94,OK
0x5AB5,0x32B5,0B,40,3,0x00E3B0,0x14A,0x00E4FA,0x02B6,35,11,94,OK
0x5AB4,0x32B4,0B,40,3,0x00E3B0,0x14B,0x00E4FB,0x02B5,35,45,C7,OK
0x5AB3,0x32B3,0B,40,3,0x00E3B0,0x14C,0x00E4FC,0x02B4,35,55,D6,OK
0x5AB2,0x32B2,0B,40,3,0x00E3B0,0x14D,0x00E4FD,0x02B3,35,54,D4,OK
0x5AB1,0x32B1,0B,40,3,0x00E3B0,0x14E,0x00E4FE,0x02B2,35,14,93,OK
0x5AB0,0x32B0,0B,40,3,0x00E3B0,0x14F,0x00E4FF,0x02B1,35,7F,FD,OK
0x5AAF,0x32AF,0B,40,3,0x00E3B0,0x150,0x00E500,0x02B0,35,57,D4,OK
0x5AAE,0x32AE,0B,40,3,0x00E3B0,0x151,0x00E501,0x02AF,35,7F,FB,OK
0x5AAD,0x32AD,0B,40,3,0x00E3B0,0x152,0x00E502,0x02AE,35,09,84,OK
0x5AAC,0x32AC,0B,40,3,0x00E3B0,0x153,0x00E503,0x02AD,35,75,EF,OK
0x5AAB,0x32AB,0B,40,3,0x00E3B0,0x154,0x00E504,0x02AC,35,09,82,OK
0x5AAA,0x32AA,0B,40,3,0x00E3B0,0x155,0x00E505,0x02AB,35,4D,C5,OK
0x5AA9,0x32A9,0B,40,3,0x00E3B0,0x156,0x00E506,0x02AA,35,45,BC,OK
0x5AA8,0x32A8,0B,40,3,0x00E3B0,0x157,0x00E507,0x02A9,35,7F,F5,OK
0x5AA7,0x32A7,0B,40,3,0x00E3B0,0x158,0x00E508,0x02A8,35,5F,D4,OK
0x5AA6,0x32A6,0B,40,3,0x00E3B0,0x159,0x00E509,0x02A7,35,55,C9,OK
0x5AA5,0x32A5,0B,40,3,0x00E3B0,0x15A,0x00E50A,0x02A6,35,05,78,OK
0x5AA4,0x32A4,0B,40,3,0x00E3B0,0x15B,0x00E50B,0x02A5,35,51,C3,OK
0x5AA3,0x32A3,0B,40,3,0x00E3B0,0x15C,0x00E50C,0x02A4,35,55,C6,OK
0x5AA2,0x32A2,0B,40,3,0x00E3B0,0x15D,0x00E50D,0x02A3,35,5F,CF,OK
0x5AA1,0x32A1,0B,40,3,0x00E3B0,0x15E,0x00E50E,0x02A2,35,55,C4,OK
0x5AA0,0x32A0,0B,40,3,0x00E3B0,0x15F,0x00E50F,0x02A1,35,54,C2,OK
0x5A9F,0x329F,0B,40,3,0x00E3B0,0x160,0x00E510,0x02A0,35,55,C2,OK
0x5A9E,0x329E,0B,40,3,0x00E3B0,0x161,0x00E511,0x029F,35,07,73,OK
0x5A9D,0x329D,0B,40,3,0x00E3B0,0x162,0x00E512,0x029E,35,54,BF,OK
0x5A9C,0x329C,0B,40,3,0x00E3B0,0x163,0x00E513,0x029D,35,86,F0,OK
0x5A9B,0x329B,0B,40,3,0x00E3B0,0x164,0x00E514,0x029C,35,03,6C,OK
0x5A9A,0x329A,0B,40,3,0x00E3B0,0x165,0x00E515,0x029B,35,54,BC,OK
0x5A99,0x3299,0B,40,3,0x00E3B0,0x166,0x00E516,0x029A,35,06,6D,OK
0x5A98,0x3298,0B,40,3,0x00E3B0,0x167,0x00E517,0x0299,35,50,B6,OK
0x5A97,0x3297,0B,40,3,0x00E3B0,0x168,0x00E518,0x0298,35,55,BA,OK
0x5A96,0x3296,0B,40,3,0x00E3B0,0x169,0x00E519,0x0297,35,01,65,OK
0x5A95,0x3295,0B,40,3,0x00E3B0,0x16A,0x00E51A,0x0296,35,55,B8,OK
0x5A94,0x3294,0B,40,3,0x00E3B0,0x16B,0x00E51B,0x0295,35,AA,0C,OK
0x5A93,0x3293,0B,40,3,0x00E3B0,0x16C,0x00E51C,0x0294,35,07,68,OK
0x5A92,0x3292,0B,40,3,0x00E3B0,0x16D,0x00E51D,0x0293,35,8A,EA,OK
0x5A91,0x3291,0B,40,3,0x00E3B0,0x16E,0x00E51E,0x0292,35,05,64,OK
0x5A90,0x3290,0B,40,3,0x00E3B0,0x16F,0x00E51F,0x0291,35,A0,FE,OK
0x5A8F,0x328F,0B,40,3,0x00E3B0,0x170,0x00E520,0x0290,35,0A,67,OK
0x5A8E,0x328E,0B,40,3,0x00E3B0,0x171,0x00E521,0x028F,35,28,84,OK
0x5A8D,0x328D,0B,40,3,0x00E3B0,0x172,0x00E522,0x028E,35,AA,05,OK
0x5A8C,0x328C,0B,40,3,0x00E3B0,0x173,0x00E523,0x028D,35,06,60,OK
0x5A8B,0x328B,0B,40,3,0x00E3B0,0x174,0x00E524,0x028C,35,2A,83,OK
0x5A8A,0x328A,0B,40,3,0x00E3B0,0x175,0x00E525,0x028B,35,AA,02,OK
0x5A89,0x3289,0B,40,3,0x00E3B0,0x176,0x00E526,0x028A,35,8A,E1,OK
0x5A88,0x3288,0B,40,3,0x00E3B0,0x177,0x00E527,0x0289,35,0C,62,OK
0x5A87,0x3287,0B,40,3,0x00E3B0,0x178,0x00E528,0x0288,35,A2,F7,OK
0x5A86,0x3286,0B,40,3,0x00E3B0,0x179,0x00E529,0x0287,35,09,5D,OK
0x5A85,0x3285,0B,40,3,0x00E3B0,0x17A,0x00E52A,0x0286,35,AA,FD,OK
0x5A84,0x3284,0B,40,3,0x00E3B0,0x17B,0x00E52B,0x0285,35,07,59,OK
0x5A83,0x3283,0B,40,3,0x00E3B0,0x17C,0x00E52C,0x0284,35,8A,DB,OK
0x5A82,0x3282,0B,40,3,0x00E3B0,0x17D,0x00E52D,0x0283,35,0A,5A,OK
0x5A81,0x3281,0B,40,3,0x00E3B0,0x17E,0x00E52E,0x0282,35,04,53,OK
0x5A80,0x3280,0B,40,3,0x00E3B0,0x17F,0x00E52F,0x0281,35,8A,D8,OK
0x5A7F,0x327F,0B,40,3,0x00E3B0,0x180,0x00E530,0x0280,35,05,52,OK
0x5A7E,0x327E,0B,40,3,0x00E3B0,0x181,0x00E531,0x027F,35,AA,F6,OK
0x5A7D,0x327D,0B,40,3,0x00E3B0,0x182,0x00E532,0x027E,35,2A,75,OK
0x5A7C,0x327C,0B,40,3,0x00E3B0,0x183,0x00E533,0x027D,35,A2,EC,OK
0x5A7B,0x327B,0B,40,3,0x00E3B0,0x184,0x00E534,0x027C,35,88,D1,OK
0x5A7A,0x327A,0B,40,3,0x00E3B0,0x185,0x00E535,0x027B,35,AA,F2,OK
0x5A79,0x3279,0B,40,3,0x00E3B0,0x186,0x00E536,0x027A,35,07,4E,OK
0x5A78,0x3278,0B,40,3,0x00E3B0,0x187,0x00E537,0x0279,35,8A,D0,OK
0x5A77,0x3277,0B,40,3,0x00E3B0,0x188,0x00E538,0x0278,35,A0,E5,OK
0x5A76,0x3276,0B,40,3,0x00E3B0,0x189,0x00E539,0x0277,35,EA,2E,OK
0x5A75,0x3275,0B,40,3,0x00E3B0,0x18A,0x00E53A,0x0276,35,FB,3E,OK
0x5A74,0x3274,0B,40,3,0x00E3B0,0x18B,0x00E53B,0x0275,35,AF,F1,OK
0x5A73,0x3273,0B,40,3,0x00E3B0,0x18C,0x00E53C,0x0274,35,AB,EC,OK
0x5A72,0x3272,0B,40,3,0x00E3B0,0x18D,0x00E53D,0x0273,35,0A,4A,OK
0x5A71,0x3271,0B,40,3,0x00E3B0,0x18E,0x00E53E,0x0272,35,08,47,OK
0x5A70,0x3270,0B,40,3,0x00E3B0,0x18F,0x00E53F,0x0271,35,04,42,OK
0x5A6F,0x326F,0B,40,3,0x00E3B0,0x190,0x00E540,0x0270,35,8A,C7,OK
0x5A6E,0x326E,0B,40,3,0x00E3B0,0x191,0x00E541,0x026F,35,2A,66,OK
0x5A6D,0x326D,0B,40,3,0x00E3B0,0x192,0x00E542,0x026E,35,EB,26,OK
0x5A6C,0x326C,0B,40,3,0x00E3B0,0x193,0x00E543,0x026D,35,09,43,OK
0x5A6B,0x326B,0B,40,3,0x00E3B0,0x194,0x00E544,0x026C,35,28,61,OK
0x5A6A,0x326A,0B,40,3,0x00E3B0,0x195,0x00E545,0x026B,35,A2,DA,OK
0x5A69,0x3269,0B,40,3,0x00E3B0,0x196,0x00E546,0x026A,35,AA,E1,OK
0x5A68,0x3268,0B,40,3,0x00E3B0,0x197,0x00E547,0x0269,35,A8,DE,OK
0x5A67,0x3267,0B,40,3,0x00E3B0,0x198,0x00E548,0x0268,35,A2,D7,OK
0x5A66,0x3266,0B,40,3,0x00E3B0,0x199,0x00E549,0x0267,35,A8,DC,OK
0x5A65,0x3265,0B,40,3,0x00E3B0,0x19A,0x00E54A,0x0266,35,2A,5D,OK
0x5A64,0x3264,0B,40,3,0x00E3B0,0x19B,0x00E54B,0x0265,35,0A,3C,OK
0x5A63,0x3263,0B,40,3,0x00E3B0,0x19C,0x00E54C,0x0264,35,8A,BB,OK
0x5A62,0x3262,0B,40,3,0x00E3B0,0x19D,0x00E54D,0x0263,35,0B,3B,OK
0x5A61,0x3261,0B,40,3,0x00E3B0,0x19E,0x00E54E,0x0262,35,A8,D7,OK
0x5A60,0x3260,0B,40,3,0x00E3B0,0x19F,0x00E54F,0x0261,35,05,33,OK
0x5A5F,0x325F,0B,40,3,0x00E3B0,0x1A0,0x00E550,0x0260,35,09,36,OK
0x5A5E,0x325E,0B,40,3,0x00E3B0,0x1A1,0x00E551,0x025F,35,A8,D4,OK
0x5A5D,0x325D,0B,40,3,0x00E3B0,0x1A2,0x00E552,0x025E,35,09,34,OK
0x5A5C,0x325C,0B,40,3,0x00E3B0,0x1A3,0x00E553,0x025D,35,A8,D2,OK
0x5A5B,0x325B,0B,40,3,0x00E3B0,0x1A4,0x00E554,0x025C,35,05,2E,OK
0x5A5A,0x325A,0B,40,3,0x00E3B0,0x1A5,0x00E555,0x025B,35,51,79,OK
0x5A59,0x3259,0B,40,3,0x00E3B0,0x1A6,0x00E556,0x025A,35,15,3C,OK
0x5A58,0x3258,0B,40,3,0x00E3B0,0x1A7,0x00E557,0x0259,35,0B,31,OK
0x5A57,0x3257,0B,40,3,0x00E3B0,0x1A8,0x00E558,0x0258,35,45,6A,OK
0x5A56,0x3256,0B,40,3,0x00E3B0,0x1A9,0x00E559,0x0257,35,8D,B1,OK
0x5A55,0x3255,0B,40,3,0x00E3B0,0x1AA,0x00E55A,0x0256,35,03,26,OK
0x5A54,0x3254,0B,40,3,0x00E3B0,0x1AB,0x00E55B,0x0255,35,51,73,OK
0x5A53,0x3253,0B,40,3,0x00E3B0,0x1AC,0x00E55C,0x0254,35,09,2A,OK
0x5A52,0x3252,0B,40,3,0x00E3B0,0x1AD,0x00E55D,0x0253,35,14,34,OK
0x5A51,0x3251,0B,40,3,0x00E3B0,0x1AE,0x00E55E,0x0252,35,09,28,OK
0x5A50,0x3250,0B,40,3,0x00E3B0,0x1AF,0x00E55F,0x0251,35,54,72,OK
0x5A4F,0x324F,0B,40,3,0x00E3B0,0x1B0,0x00E560,0x0250,35,55,72,OK
0x5A4E,0x324E,0B,40,3,0x00E3B0,0x1B1,0x00E561,0x024F,35,45,61,OK
0x5A4D,0x324D,0B,40,3,0x00E3B0,0x1B2,0x00E562,0x024E,35,55,70,OK
0x5A4C,0x324C,0B,40,3,0x00E3B0,0x1B3,0x00E563,0x024D,35,07,21,OK
0x5A4B,0x324B,0B,40,3,0x00E3B0,0x1B4,0x00E564,0x024C,35,15,2E,OK
0x5A4A,0x324A,0B,40,3,0x00E3B0,0x1B5,0x00E565,0x024B,35,05,1D,OK
0x5A49,0x3249,0B,40,3,0x00E3B0,0x1B6,0x00E566,0x024A,35,04,1B,OK
0x5A48,0x3248,0B,40,3,0x00E3B0,0x1B7,0x00E567,0x0249,35,55,6B,OK
0x5A47,0x3247,0B,40,3,0x00E3B0,0x1B8,0x00E568,0x0248,35,54,69,OK
0x5A46,0x3246,0B,40,3,0x00E3B0,0x1B9,0x00E569,0x0247,35,15,29,OK
0x5A45,0x3245,0B,40,3,0x00E3B0,0x1BA,0x00E56A,0x0246,35,55,68,OK
0x5A44,0x3244,0B,40,3,0x00E3B0,0x1BB,0x00E56B,0x0245,35,05,17,OK
0x5A43,0x3243,0B,40,3,0x00E3B0,0x1BC,0x00E56C,0x0244,35,04,15,OK
0x5A42,0x3242,0B,40,3,0x00E3B0,0x1BD,0x00E56D,0x0243,35,55,65,OK
0x5A41,0x3241,0B,40,3,0x00E3B0,0x1BE,0x00E56E,0x0242,35,54,63,OK
0x5A40,0x3240,0B,40,3,0x00E3B0,0x1BF,0x00E56F,0x0241,35,DC,EA,OK
0x5A3F,0x323F,0B,40,3,0x00E3B0,0x1C0,0x00E570,0x0240,35,FF,0C,OK
0x5A3E,0x323E,0B,40,3,0x00E3B0,0x1C1,0x00E571,0x023F,35,F7,03,OK
0x5A3D,0x323D,0B,40,3,0x00E3B0,0x1C2,0x00E572,0x023E,35,05,10,OK
0x5A3C,0x323C,0B,40,3,0x00E3B0,0x1C3,0x00E573,0x023D,35,7D,87,OK
0x5A3B,0x323B,0B,40,3,0x00E3B0,0x1C4,0x00E574,0x023C,35,0C,15,OK
0x5A3A,0x323A,0B,40,3,0x00E3B0,0x1C5,0x00E575,0x023B,35,05,0D,OK
0x5A39,0x3239,0B,40,3,0x00E3B0,0x1C6,0x00E576,0x023A,35,04,0B,OK
0x5A38,0x3238,0B,40,3,0x00E3B0,0x1C7,0x00E577,0x0239,35,54,5A,OK
0x5A37,0x3237,0B,40,3,0x00E3B0,0x1C8,0x00E578,0x0238,35,15,1A,OK
0x5A36,0x3236,0B,40,3,0x00E3B0,0x1C9,0x00E579,0x0237,35,55,59,OK
0x5A35,0x3235,0B,40,3,0x00E3B0,0x1CA,0x00E57A,0x0236,35,00,03,OK
0x5A34,0x3234,0B,40,3,0x00E3B0,0x1CB,0x00E57B,0x0235,35,55,57,OK
0x5A33,0x3233,0B,40,3,0x00E3B0,0x1CC,0x00E57C,0x0234,35,51,52,OK
0x5A32,0x3232,0B,40,3,0x00E3B0,0x1CD,0x00E57D,0x0233,35,45,45,OK
0x5A31,0x3231,0B,40,3,0x00E3B0,0x1CE,0x00E57E,0x0232,35,15,14,OK
0x5A30,0x3230,0B,40,3,0x00E3B0,0x1CF,0x00E57F,0x0231,35,45,43,OK
0x5A2F,0x322F,0B,40,3,0x00E3B0,0x1D0,0x00E580,0x0230,35,55,52,OK
0x5A2E,0x322E,0B,40,3,0x00E3B0,0x1D1,0x00E581,0x022F,35,45,41,OK
0x5A2D,0x322D,0B,40,3,0x00E3B0,0x1D2,0x00E582,0x022E,35,51,4C,OK
0x5A2C,0x322C,0B,40,3,0x00E3B0,0x1D3,0x00E583,0x022D,35,40,3A,OK
0x5A2B,0x322B,0B,40,3,0x00E3B0,0x1D4,0x00E584,0x022C,35,45,3E,OK
0x5A2A,0x322A,0B,40,3,0x00E3B0,0x1D5,0x00E585,0x022B,35,55,4D,OK
0x5A29,0x3229,0B,40,3,0x00E3B0,0x1D6,0x00E586,0x022A,35,08,FF,OK
0x5A28,0x3228,0B,40,3,0x00E3B0,0x1D7,0x00E587,0x0229,35,03,F9,OK
0x5A27,0x3227,0B,40,3,0x00E3B0,0x1D8,0x00E588,0x0228,35,51,46,OK
0x5A26,0x3226,0B,40,3,0x00E3B0,0x1D9,0x00E589,0x0227,35,41,35,OK
0x5A25,0x3225,0B,40,3,0x00E3B0,0x1DA,0x00E58A,0x0226,35,01,F4,OK
0x5A24,0x3224,0B,40,3,0x00E3B0,0x1DB,0x00E58B,0x0225,35,55,47,OK
0x5A23,0x3223,0B,40,3,0x00E3B0,0x1DC,0x00E58C,0x0224,35,01,F2,OK
0x5A22,0x3222,0B,40,3,0x00E3B0,0x1DD,0x00E58D,0x0223,35,AA,9A,OK
0x5A21,0x3221,0B,40,3,0x00E3B0,0x1DE,0x00E58E,0x0222,35,06,F5,OK
0x5A20,0x3220,0B,40,3,0x00E3B0,0x1DF,0x00E58F,0x0221,35,A0,8E,OK
0x5A1F,0x321F,0B,40,3,0x00E3B0,0x1E0,0x00E590,0x0220,35,0A,F7,OK
0x5A1E,0x321E,0B,40,3,0x00E3B0,0x1E1,0x00E591,0x021F,35,AA,96,OK
0x5A1D,0x321D,0B,40,3,0x00E3B0,0x1E2,0x00E592,0x021E,35,06,F1,OK
0x5A1C,0x321C,0B,40,3,0x00E3B0,0x1E3,0x00E593,0x021D,35,03,ED,OK
0x5A1B,0x321B,0B,40,3,0x00E3B0,0x1E4,0x00E594,0x021C,35,A8,91,OK
0x5A1A,0x321A,0B,40,3,0x00E3B0,0x1E5,0x00E595,0x021B,35,80,68,OK
0x5A19,0x3219,0B,40,3,0x00E3B0,0x1E6,0x00E596,0x021A,35,A2,89,OK
0x5A18,0x3218,0B,40,3,0x00E3B0,0x1E7,0x00E597,0x0219,35,AA,90,OK
0x5A17,0x3217,0B,40,3,0x00E3B0,0x1E8,0x00E598,0x0218,35,A2,87,OK
0x5A16,0x3216,0B,40,3,0x00E3B0,0x1E9,0x00E599,0x0217,35,2A,0E,OK
0x5A15,0x3215,0B,40,3,0x00E3B0,0x1EA,0x00E59A,0x0216,35,0C,EF,OK
0x5A14,0x3214,0B,40,3,0x00E3B0,0x1EB,0x00E59B,0x0215,35,8A,6C,OK
0x5A13,0x3213,0B,40,3,0x00E3B0,0x1EC,0x00E59C,0x0214,35,AA,8B,OK
0x5A12,0x3212,0B,40,3,0x00E3B0,0x1ED,0x00E59D,0x0213,35,A8,88,OK
0x5A11,0x3211,0B,40,3,0x00E3B0,0x1EE,0x00E59E,0x0212,35,AA,89,OK
0x5A10,0x3210,0B,40,3,0x00E3B0,0x1EF,0x00E59F,0x0211,35,0A,E8,OK
0x5A0F,0x320F,0B,40,3,0x00E3B0,0x1F0,0x00E5A0,0x0210,35,04,E1,OK
0x5A0E,0x320E,0B,40,3,0x00E3B0,0x1F1,0x00E5A1,0x020F,35,A8,84,OK
0x5A0D,0x320D,0B,40,3,0x00E3B0,0x1F2,0x00E5A2,0x020E,35,2A,05,OK
0x5A0C,0x320C,0B,40,3,0x00E3B0,0x1F3,0x00E5A3,0x020D,35,A2,7C,OK
0x5A0B,0x320B,0B,40,3,0x00E3B0,0x1F4,0x00E5A4,0x020C,35,86,5F,OK
0x5A0A,0x320A,0B,40,3,0x00E3B0,0x1F5,0x00E5A5,0x020B,35,03,DB,OK
0x5A09,0x3209,0B,40,3,0x00E3B0,0x1F6,0x00E5A6,0x020A,35,A8,7F,OK
0x5A08,0x3208,0B,40,3,0x00E3B0,0x1F7,0x00E5A7,0x0209,35,AA,80,OK
0x5A07,0x3207,0B,40,3,0x00E3B0,0x1F8,0x00E5A8,0x0208,35,2A,FF,OK
0x5A06,0x3206,0B,40,3,0x00E3B0,0x1F9,0x00E5A9,0x0207,35,EE,C2,OK
0x5A05,0x3205,0B,40,3,0x00E3B0,0x1FA,0x00E5AA,0x0206,35,05,D8,OK
0x5A04,0x3204,0B,40,3,0x00E3B0,0x1FB,0x00E5AB,0x0205,35,FF,D1,OK
0x5A03,0x3203,0B,40,3,0x00E3B0,0x1FC,0x00E5AC,0x0204,35,05,D6,OK
0x5A02,0x3202,0B,40,3,0x00E3B0,0x1FD,0x00E5AD,0x0203,35,EB,BB,OK
0x5A01,0x3201,0B,40,3,0x00E3B0,0x1FE,0x00E5AE,0x0202,35,BF,8E,OK
0x5A00,0x3200,0B,40,3,0x00E3B0,0x1FF,0x00E5AF,0x0201,35,AA,78,OK
0x59FF,0x31FF,0B,40,3,0x00E3B0,0x200,0x00E5B0,0x0200,35,BE,8B,OK
0x59FE,0x31FE,0B,40,3,0x00E3B0,0x201,0x00E5B1,0x01FF,35,09,D4,OK
0x59FD,0x31FD,0B,40,3,0x00E3B0,0x202,0x00E5B2,0x01FE,35,8A,54,OK
0x59FC,0x31FC,0B,40,3,0x00E3B0,0x203,0x00E5B3,0x01FD,35,20,E9,OK
0x59FB,0x31FB,0B,40,3,0x00E3B0,0x204,0x00E5B4,0x01FC,35,A2,6A,OK
0x59FA,0x31FA,0B,40,3,0x00E3B0,0x205,0x00E5B5,0x01FB,35,AA,71,OK
0x59F9,0x31F9,0B,40,3,0x00E3B0,0x206,0x00E5B6,0x01FA,35,07,CD,OK
0x59F8,0x31F8,0B,40,3,0x00E3B0,0x207,0x00E5B7,0x01F9,35,A2,67,OK
0x59F7,0x31F7,0B,40,3,0x00E3B0,0x208,0x00E5B8,0x01F8,35,08,CC,OK
0x59F6,0x31F6,0B,40,3,0x00E3B0,0x209,0x00E5B9,0x01F7,35,04,C7,OK
0x59F5,0x31F5,0B,40,3,0x00E3B0,0x20A,0x00E5BA,0x01F6,35,0A,CC,OK
0x59F4,0x31F4,0B,40,3,0x00E3B0,0x20B,0x00E5BB,0x01F5,35,04,C5,OK
0x59F3,0x31F3,0B,40,3,0x00E3B0,0x20C,0x00E5BC,0x01F4,35,2A,EA,OK
0x59F2,0x31F2,0B,40,3,0x00E3B0,0x20D,0x00E5BD,0x01F3,35,AA,69,OK
0x59F1,0x31F1,0B,40,3,0x00E3B0,0x20E,0x00E5BE,0x01F2,35,A2,60,OK
0x59F0,0x31F0,0B,40,3,0x00E3B0,0x20F,0x00E5BF,0x01F1,35,2A,E7,OK
0x59EF,0x31EF,0B,40,3,0x00E3B0,0x210,0x00E5C0,0x01F0,35,AA,66,OK
0x59EE,0x31EE,0B,40,3,0x00E3B0,0x211,0x00E5C1,0x01EF,35,07,C2,OK
0x59ED,0x31ED,0B,40,3,0x00E3B0,0x212,0x00E5C2,0x01EE,35,03,BD,OK
0x59EC,0x31EC,0B,40,3,0x00E3B0,0x213,0x00E5C3,0x01ED,35,A2,5B,OK
0x59EB,0x31EB,0B,40,3,0x00E3B0,0x214,0x00E5C4,0x01EC,35,8A,42,OK
0x59EA,0x31EA,0B,40,3,0x00E3B0,0x215,0x00E5C5,0x01EB,35,AA,61,OK
0x59E9,0x31E9,0B,40,3,0x00E3B0,0x216,0x00E5C6,0x01EA,35,A8,5E,OK
0x59E8,0x31E8,0B,40,3,0x00E3B0,0x217,0x00E5C7,0x01E9,35,28,DD,OK
0x59E7,0x31E7,0B,40,3,0x00E3B0,0x218,0x00E5C8,0x01E8,35,AA,5E,OK
0x59E6,0x31E6,0B,40,3,0x00E3B0,0x219,0x00E5C9,0x01E7,35,20,D3,OK
0x59E5,0x31E5,0B,40,3,0x00E3B0,0x21A,0x00E5CA,0x01E6,35,AA,5C,OK
0x59E4,0x31E4,0B,40,3,0x00E3B0,0x21B,0x00E5CB,0x01E5,35,15,C6,OK
0x59E3,0x31E3,0B,40,3,0x00E3B0,0x21C,0x00E5CC,0x01E4,35,09,B9,OK
0x59E2,0x31E2,0B,40,3,0x00E3B0,0x21D,0x00E5CD,0x01E3,35,54,03,OK
0x59E1,0x31E1,0B,40,3,0x00E3B0,0x21E,0x00E5CE,0x01E2,35,55,03,OK
0x59E0,0x31E0,0B,40,3,0x00E3B0,0x21F,0x00E5CF,0x01E1,35,05,B2,OK
0x59DF,0x31DF,0B,40,3,0x00E3B0,0x220,0x00E5D0,0x01E0,35,45,F1,OK
0x59DE,0x31DE,0B,40,3,0x00E3B0,0x221,0x00E5D1,0x01DF,35,55,00,OK
0x59DD,0x31DD,0B,40,3,0x00E3B0,0x222,0x00E5D2,0x01DE,35,06,B0,OK
0x59DC,0x31DC,0B,40,3,0x00E3B0,0x223,0x00E5D3,0x01DD,35,44,ED,OK
0x59DB,0x31DB,0B,40,3,0x00E3B0,0x224,0x00E5D4,0x01DC,35,15,BD,OK
0x59DA,0x31DA,0B,40,3,0x00E3B0,0x225,0x00E5D5,0x01DB,35,55,FC,OK
0x59D9,0x31D9,0B,40,3,0x00E3B0,0x226,0x00E5D6,0x01DA,35,05,AB,OK
0x59D8,0x31D8,0B,40,3,0x00E3B0,0x227,0x00E5D7,0x01D9,35,54,F9,OK
0x59D7,0x31D7,0B,40,3,0x00E3B0,0x228,0x00E5D8,0x01D8,35,09,AD,OK
0x59D6,0x31D6,0B,40,3,0x00E3B0,0x229,0x00E5D9,0x01D7,35,15,B8,OK
0x59D5,0x31D5,0B,40,3,0x00E3B0,0x22A,0x00E5DA,0x01D6,35,8D,2F,OK
0x59D4,0x31D4,0B,40,3,0x00E3B0,0x22B,0x00E5DB,0x01D5,35,03,A4,OK
0x59D3,0x31D3,0B,40,3,0x00E3B0,0x22C,0x00E5DC,0x01D4,35,41,E1,OK
0x59D2,0x31D2,0B,40,3,0x00E3B0,0x22D,0x00E5DD,0x01D3,35,45,E4,OK
0x59D1,0x31D1,0B,40,3,0x00E3B0,0x22E,0x00E5DE,0x01D2,35,55,F3,OK
0x59D0,0x31D0,0B,40,3,0x00E3B0,0x22F,0x00E5DF,0x01D1,35,15,B2,OK
0x59CF,0x31CF,0B,40,3,0x00E3B0,0x230,0x00E5E0,0x01D0,35,55,F1,OK
0x59CE,0x31CE,0B,40,3,0x00E3B0,0x231,0x00E5E1,0x01CF,35,06,A1,OK
0x59CD,0x31CD,0B,40,3,0x00E3B0,0x232,0x00E5E2,0x01CE,35,51,EB,OK
0x59CC,0x31CC,0B,40,3,0x00E3B0,0x233,0x00E5E3,0x01CD,35,55,EE,OK
0x59CB,0x31CB,0B,40,3,0x00E3B0,0x234,0x00E5E4,0x01CC,35,06,9E,OK
0x59CA,0x31CA,0B,40,3,0x00E3B0,0x235,0x00E5E5,0x01CB,35,71,08,OK
0x59C9,0x31C9,0B,40,3,0x00E3B0,0x236,0x00E5E6,0x01CA,35,D5,6B,OK
0x59C8,0x31C8,0B,40,3,0x00E3B0,0x237,0x00E5E7,0x01C9,35,05,9A,OK
0x59C7,0x31C7,0B,40,3,0x00E3B0,0x238,0x00E5E8,0x01C8,35,75,09,OK
0x59C6,0x31C6,0B,40,3,0x00E3B0,0x239,0x00E5E9,0x01C7,35,FD,90,OK
0x59C5,0x31C5,0B,40,3,0x00E3B0,0x23A,0x00E5EA,0x01C6,35,DF,71,OK
0x59C4,0x31C4,0B,40,3,0x00E3B0,0x23B,0x00E5EB,0x01C5,35,D5,66,OK
0x59C3,0x31C3,0B,40,3,0x00E3B0,0x23C,0x00E5EC,0x01C4,35,86,16,OK
0x59C2,0x31C2,0B,40,3,0x00E3B0,0x23D,0x00E5ED,0x01C3,35,03,92,OK
0x59C1,0x31C1,0B,40,3,0x00E3B0,0x23E,0x00E5EE,0x01C2,35,15,A3,OK
0x59C0,0x31C0,0B,40,3,0x00E3B0,0x23F,0x00E5EF,0x01C1,35,54,E1,OK
0x59BF,0x31BF,0B,40,3,0x00E3B0,0x240,0x00E5F0,0x01C0,35,05,91,OK
0x59BE,0x31BE,0B,40,3,0x00E3B0,0x241,0x00E5F1,0x01BF,35,55,E0,OK
0x59BD,0x31BD,0B,40,3,0x00E3B0,0x242,0x00E5F2,0x01BE,35,07,91,OK
0x59BC,0x31BC,0B,40,3,0x00E3B0,0x243,0x00E5F3,0x01BD,35,51,DA,OK
0x59BB,0x31BB,0B,40,3,0x00E3B0,0x244,0x00E5F4,0x01BC,35,15,9D,OK
0x59BA,0x31BA,0B,40,3,0x00E3B0,0x245,0x00E5F5,0x01BB,35,54,DB,OK
0x59B9,0x31B9,0B,40,3,0x00E3B0,0x246,0x00E5F6,0x01BA,35,41,C7,OK
0x59B8,0x31B8,0B,40,3,0x00E3B0,0x247,0x00E5F7,0x01B9,35,50,D5,OK
0x59B7,0x31B7,0B,40,3,0x00E3B0,0x248,0x00E5F8,0x01B8,35,54,D8,OK
0x59B6,0x31B6,0B,40,3,0x00E3B0,0x249,0x00E5F9,0x01B7,35,55,D8,OK
0x59B5,0x31B5,0B,40,3,0x00E3B0,0x24A,0x00E5FA,0x01B6,35,45,C7,OK
0x59B4,0x31B4,0B,40,3,0x00E3B0,0x24B,0x00E5FB,0x01B5,35,51,D2,OK
0x59B3,0x31B3,0B,40,3,0x00E3B0,0x24C,0x00E5FC,0x01B4,35,55,D5,OK
0x59B2,0x31B2,0B,40,3,0x00E3B0,0x24D,0x00E5FD,0x01B3,35,05,84,OK
0x59B1,0x31B1,0B,40,3,0x00E3B0,0x24E,0x00E5FE,0x01B2,35,54,D2,OK
0x59B0,0x31B0,0B,40,3,0x00E3B0,0x24F,0x00E5FF,0x01B1,35,51,CE,OK
0x59AF,0x31AF,0B,40,3,0x00E3B0,0x250,0x00E600,0x01B0,35,15,91,OK
0x59AE,0x31AE,0B,40,3,0x00E3B0,0x251,0x00E601,0x01AF,35,54,CF,OK
0x59AD,0x31AD,0B,40,3,0x00E3B0,0x252,0x00E602,0x01AE,35,55,CF,OK
0x59AC,0x31AC,0B,40,3,0x00E3B0,0x253,0x00E603,0x01AD,35,05,7E,OK
0x59AB,0x31AB,0B,40,3,0x00E3B0,0x254,0x00E604,0x01AC,35,15,8D,OK
0x59AA,0x31AA,0B,40,3,0x00E3B0,0x255,0x00E605,0x01AB,35,8A,01,OK
0x59A9,0x31A9,0B,40,3,0x00E3B0,0x256,0x00E606,0x01AA,35,AA,20,OK
0x59A8,0x31A8,0B,40,3,0x00E3B0,0x257,0x00E607,0x01A9,35,22,97,OK
0x59A7,0x31A7,0B,40,3,0x00E3B0,0x258,0x00E608,0x01A8,35,AA,1E,OK
0x59A6,0x31A6,0B,40,3,0x00E3B0,0x259,0x00E609,0x01A7,35,05,78,OK
0x59A5,0x31A5,0B,40,3,0x00E3B0,0x25A,0x00E60A,0x01A6,35,2A,9C,OK
0x59A4,0x31A4,0B,40,3,0x00E3B0,0x25B,0x00E60B,0x01A5,35,A2,13,OK
0x59A3,0x31A3,0B,40,3,0x00E3B0,0x25C,0x00E60C,0x01A4,35,8A,FA,OK
0x59A2,0x31A2,0B,40,3,0x00E3B0,0x25D,0x00E60D,0x01A3,35,AA,19,OK
0x59A1,0x31A1,0B,40,3,0x00E3B0,0x25E,0x00E60E,0x01A2,35,82,F0,OK
0x59A0,0x31A0,0B,40,3,0x00E3B0,0x25F,0x00E60F,0x01A1,35,AA,17,OK
0x599F,0x319F,0B,40,3,0x00E3B0,0x260,0x00E610,0x01A0,35,82,EE,OK
0x599E,0x319E,0B,40,3,0x00E3B0,0x261,0x00E611,0x019F,35,8A,F5,OK
0x599D,0x319D,0B,40,3,0x00E3B0,0x262,0x00E612,0x019E,35,AA,14,OK
0x599C,0x319C,0B,40,3,0x00E3B0,0x263,0x00E613,0x019D,35,A2,0B,OK
0x599B,0x319B,0B,40,3,0x00E3B0,0x264,0x00E614,0x019C,35,AA,12,OK
0x599A,0x319A,0B,40,3,0x00E3B0,0x265,0x00E615,0x019B,35,A8,0F,OK
0x5999,0x3199,0B,40,3,0x00E3B0,0x266,0x00E616,0x019A,35,AA,10,OK
0x5998,0x3198,0B,40,3,0x00E3B0,0x267,0x00E617,0x0199,35,05,6A,OK
0x5997,0x3197,0B,40,3,0x00E3B0,0x268,0x00E618,0x0198,35,A8,0C,OK
0x5996,0x3196,0B,40,3,0x00E3B0,0x269,0x00E619,0x0197,35,05,68,OK
0x5995,0x3195,0B,40,3,0x00E3B0,0x26A,0x00E61A,0x0196,35,2A,8C,OK
0x5994,0x3194,0B,40,3,0x00E3B0,0x26B,0x00E61B,0x0195,35,09,6A,OK
0x5993,0x3193,0B,40,3,0x00E3B0,0x26C,0x00E61C,0x0194,35,A2,02,OK
0x5992,0x3192,0B,40,3,0x00E3B0,0x26D,0x00E61D,0x0193,35,AA,09,OK
0x5991,0x3191,0B,40,3,0x00E3B0,0x26E,0x00E61E,0x0192,35,07,65,OK
0x5990,0x3190,0B,40,3,0x00E3B0,0x26F,0x00E61F,0x0191,35,82,DF,OK
0x598F,0x318F,0B,40,3,0x00E3B0,0x270,0x00E620,0x0190,35,A8,04,OK
0x598E,0x318E,0B,40,3,0x00E3B0,0x271,0x00E621,0x018F,35,05,60,OK
0x598D,0x318D,0B,40,3,0x00E3B0,0x272,0x00E622,0x018E,35,82,DC,OK
0x598C,0x318C,0B,40,3,0x00E3B0,0x273,0x00E623,0x018D,35,AA,03,OK
0x598B,0x318B,0B,40,3,0x00E3B0,0x274,0x00E624,0x018C,35,08,60,OK
0x598A,0x318A,0B,40,3,0x00E3B0,0x275,0x00E625,0x018B,35,8A,E1,OK
0x5989,0x3189,0B,40,3,0x00E3B0,0x276,0x00E626,0x018A,35,0A,60,OK
0x5988,0x3188,0B,40,3,0x00E3B0,0x277,0x00E627,0x0189,35,2A,7F,OK
0x5987,0x3187,0B,40,3,0x00E3B0,0x278,0x00E628,0x0188,35,AA,FE,OK
0x5986,0x3186,0B,40,3,0x00E3B0,0x279,0x00E629,0x0187,35,EA,3D,OK
0x5985,0x3185,0B,40,3,0x00E3B0,0x27A,0x00E62A,0x0186,35,AA,FC,OK
0x5984,0x3184,0B,40,3,0x00E3B0,0x27B,0x00E62B,0x0185,35,AB,FC,OK
0x5983,0x3183,0B,40,3,0x00E3B0,0x27C,0x00E62C,0x0184,35,EA,3A,OK
0x5982,0x3182,0B,40,3,0x00E3B0,0x27D,0x00E62D,0x0183,35,BA,09,OK
0x5981,0x3181,0B,40,3,0x00E3B0,0x27E,0x00E62E,0x0182,35,AA,F8,OK
0x5980,0x3180,0B,40,3,0x00E3B0,0x27F,0x00E62F,0x0181,35,05,52,OK
0x597F,0x317F,0B,40,3,0x00E3B0,0x280,0x00E630,0x0180,35,8A,D6,OK
0x597E,0x317E,0B,40,3,0x00E3B0,0x281,0x00E631,0x017F,35,A2,ED,OK
0x597D,0x317D,0B,40,3,0x00E3B0,0x282,0x00E632,0x017E,35,09,53,OK
0x597C,0x317C,0B,40,3,0x00E3B0,0x283,0x00E633,0x017D,35,A8,F1,OK
0x597B,0x317B,0B,40,3,0x00E3B0,0x284,0x00E634,0x017C,35,AA,F2,OK
0x597A,0x317A,0B,40,3,0x00E3B0,0x285,0x00E635,0x017B,35,8A,D1,OK
0x5979,0x3179,0B,40,3,0x00E3B0,0x286,0x00E636,0x017A,35,22,68,OK
0x5978,0x3178,0B,40,3,0x00E3B0,0x287,0x00E637,0x0179,35,AA,EF,OK
0x5977,0x3177,0B,40,3,0x00E3B0,0x288,0x00E638,0x0178,35,05,49,OK
0x5976,0x3176,0B,40,3,0x00E3B0,0x289,0x00E639,0x0177,35,2A,6D,OK
0x5975,0x3175,0B,40,3,0x00E3B0,0x28A,0x00E63A,0x0176,35,82,C4,OK
0x5974,0x3174,0B,40,3,0x00E3B0,0x28B,0x00E63B,0x0175,35,A2,E3,OK
0x5973,0x3173,0B,40,3,0x00E3B0,0x28C,0x00E63C,0x0174,35,08,48,OK
0x5972,0x3172,0B,40,3,0x00E3B0,0x28D,0x00E63D,0x0173,35,04,43,OK
0x5971,0x3171,0B,40,3,0x00E3B0,0x28E,0x00E63E,0x0172,35,A8,E6,OK
0x5970,0x3170,0B,40,3,0x00E3B0,0x28F,0x00E63F,0x0171,35,09,46,OK
0x596F,0x316F,0B,40,3,0x00E3B0,0x290,0x00E640,0x0170,35,8A,C6,OK
0x596E,0x316E,0B,40,3,0x00E3B0,0x291,0x00E641,0x016F,35,88,C3,OK
0x596D,0x316D,0B,40,3,0x00E3B0,0x292,0x00E642,0x016E,35,8A,C4,OK
0x596C,0x316C,0B,40,3,0x00E3B0,0x293,0x00E643,0x016D,35,A2,DB,OK
0x596B,0x316B,0B,40,3,0x00E3B0,0x294,0x00E644,0x016C,35,09,41,OK
0x596A,0x316A,0B,40,3,0x00E3B0,0x295,0x00E645,0x016B,35,8A,C1,OK
0x5969,0x3169,0B,40,3,0x00E3B0,0x296,0x00E646,0x016A,35,2A,60,OK
0x5968,0x3168,0B,40,3,0x00E3B0,0x297,0x00E647,0x0169,35,AA,DF,OK
0x5967,0x3167,0B,40,3,0x00E3B0,0x298,0x00E648,0x0168,35,05,39,OK
0x5966,0x3166,0B,40,3,0x00E3B0,0x299,0x00E649,0x0167,35,A8,DB,OK
0x5965,0x3165,0B,40,3,0x00E3B0,0x29A,0x00E64A,0x0166,35,8A,BC,OK
0x5964,0x3164,0B,40,3,0x00E3B0,0x29B,0x00E64B,0x0165,35,55,86,OK
0x5963,0x3163,0B,40,3,0x00E3B0,0x29C,0x00E64C,0x0164,35,08,38,OK
0x5962,0x3162,0B,40,3,0x00E3B0,0x29D,0x00E64D,0x0163,35,54,83,OK
0x5961,0x3161,0B,40,3,0x00E3B0,0x29E,0x00E64E,0x0162,35,55,83,OK
0x5960,0x3160,0B,40,3,0x00E3B0,0x29F,0x00E64F,0x0161,35,51,7E,OK
0x595F,0x315F,0B,40,3,0x00E3B0,0x2A0,0x00E650,0x0160,35,40,6C,OK
0x595E,0x315E,0B,40,3,0x00E3B0,0x2A1,0x00E651,0x015F,35,54,7F,OK
0x595D,0x315D,0B,40,3,0x00E3B0,0x2A2,0x00E652,0x015E,35,55,7F,OK
0x595C,0x315C,0B,40,3,0x00E3B0,0x2A3,0x00E653,0x015D,35,15,3E,OK
0x595B,0x315B,0B,40,3,0x00E3B0,0x2A4,0x00E654,0x015C,35,55,7D,OK
0x595A,0x315A,0B,40,3,0x00E3B0,0x2A5,0x00E655,0x015B,35,54,7B,OK
0x5959,0x3159,0B,40,3,0x00E3B0,0x2A6,0x00E656,0x015A,35,41,67,OK
0x5958,0x3158,0B,40,3,0x00E3B0,0x2A7,0x00E657,0x0159,35,55,7A,OK
0x5957,0x3157,0B,40,3,0x00E3B0,0x2A8,0x00E658,0x0158,35,06,2A,OK
0x5956,0x3156,0B,40,3,0x00E3B0,0x2A9,0x00E659,0x0157,35,03,26,OK
0x5955,0x3155,0B,40,3,0x00E3B0,0x2AA,0x00E65A,0x0156,35,15,37,OK
0x5954,0x3154,0B,40,3,0x00E3B0,0x2AB,0x00E65B,0x0155,35,55,76,OK
0x5953,0x3153,0B,40,3,0x00E3B0,0x2AC,0x00E65C,0x0154,35,51,71,OK
0x5952,0x3152,0B,40,3,0x00E3B0,0x2AD,0x00E65D,0x0153,35,55,74,OK
0x5951,0x3151,0B,40,3,0x00E3B0,0x2AE,0x00E65E,0x0152,35,06,24,OK
0x5950,0x3150,0B,40,3,0x00E3B0,0x2AF,0x00E65F,0x0151,35,15,32,OK
0x594F,0x314F,0B,40,3,0x00E3B0,0x2B0,0x00E660,0x0150,35,45,61,OK
0x594E,0x314E,0B,40,3,0x00E3B0,0x2B1,0x00E661,0x014F,35,55,70,OK
0x594D,0x314D,0B,40,3,0x00E3B0,0x2B2,0x00E662,0x014E,35,05,1F,OK
0x594C,0x314C,0B,40,3,0x00E3B0,0x2B3,0x00E663,0x014D,35,45,5E,OK
0x594B,0x314B,0B,40,3,0x00E3B0,0x2B4,0x00E664,0x014C,35,09,21,OK
0x594A,0x314A,0B,40,3,0x00E3B0,0x2B5,0x00E665,0x014B,35,15,2C,OK
0x5949,0x3149,0B,40,3,0x00E3B0,0x2B6,0x00E666,0x014A,35,55,6B,OK
0x5948,0x3148,0B,40,3,0x00E3B0,0x2B7,0x00E667,0x0149,35,15,2A,OK
0x5947,0x3147,0B,40,3,0x00E3B0,0x2B8,0x00E668,0x0148,35,45,59,OK
0x5946,0x3146,0B,40,3,0x00E3B0,0x2B9,0x00E669,0x0147,35,11,24,OK
0x5945,0x3145,0B,40,3,0x00E3B0,0x2BA,0x00E66A,0x0146,35,09,1B,OK
0x5944,0x3144,0B,40,3,0x00E3B0,0x2BB,0x00E66B,0x0145,35,15,26,OK
0x5943,0x3143,0B,40,3,0x00E3B0,0x2BC,0x00E66C,0x0144,35,54,64,OK
0x5942,0x3142,0B,40,3,0x00E3B0,0x2BD,0x00E66D,0x0143,35,55,64,OK
0x5941,0x3141,0B,40,3,0x00E3B0,0x2BE,0x00E66E,0x0142,35,05,13,OK
0x5940,0x3140,0B,40,3,0x00E3B0,0x2BF,0x00E66F,0x0141,35,57,64,OK
0x593F,0x313F,0B,40,3,0x00E3B0,0x2C0,0x00E670,0x0140,35,75,81,OK
0x593E,0x313E,0B,40,3,0x00E3B0,0x2C1,0x00E671,0x013F,35,D5,E0,OK
0x593D,0x313D,0B,40,3,0x00E3B0,0x2C2,0x00E672,0x013E,35,55,5F,OK
0x593C,0x313C,0B,40,3,0x00E3B0,0x2C3,0x00E673,0x013D,35,06,0F,OK
0x593B,0x313B,0B,40,3,0x00E3B0,0x2C4,0x00E674,0x013C,35,54,5C,OK
0x593A,0x313A,0B,40,3,0x00E3B0,0x2C5,0x00E675,0x013B,35,0A,11,OK
0x5939,0x3139,0B,40,3,0x00E3B0,0x2C6,0x00E676,0x013A,35,15,1B,OK
0x5938,0x3138,0B,40,3,0x00E3B0,0x2C7,0x00E677,0x0139,35,41,46,OK
0x5937,0x3137,0B,40,3,0x00E3B0,0x2C8,0x00E678,0x0138,35,01,05,OK
0x5936,0x3136,0B,40,3,0x00E3B0,0x2C9,0x00E679,0x0137,35,40,43,OK
0x5935,0x3135,0B,40,3,0x00E3B0,0x2CA,0x00E67A,0x0136,35,54,56,OK
0x5934,0x3134,0B,40,3,0x00E3B0,0x2CB,0x00E67B,0x0135,35,10,11,OK
0x5933,0x3133,0B,40,3,0x00E3B0,0x2CC,0x00E67C,0x0134,35,44,44,OK
0x5932,0x3132,0B,40,3,0x00E3B0,0x2CD,0x00E67D,0x0133,35,55,54,OK
0x5931,0x3131,0B,40,3,0x00E3B0,0x2CE,0x00E67E,0x0132,35,45,43,OK
0x5930,0x3130,0B,40,3,0x00E3B0,0x2CF,0x00E67F,0x0131,35,55,52,OK
0x592F,0x312F,0B,40,3,0x00E3B0,0x2D0,0x00E680,0x0130,35,15,11,OK
0x592E,0x312E,0B,40,3,0x00E3B0,0x2D1,0x00E681,0x012F,35,45,40,OK
0x592D,0x312D,0B,40,3,0x00E3B0,0x2D2,0x00E682,0x012E,35,09,03,OK
0x592C,0x312C,0B,40,3,0x00E3B0,0x2D3,0x00E683,0x012D,35,11,0A,OK
0x592B,0x312B,0B,40,3,0x00E3B0,0x2D4,0x00E684,0x012C,35,55,4D,OK
0x592A,0x312A,0B,40,3,0x00E3B0,0x2D5,0x00E685,0x012B,35,05,FC,OK
0x5929,0x3129,0B,40,3,0x00E3B0,0x2D6,0x00E686,0x012A,35,15,0B,OK
0x5928,0x3128,0B,40,3,0x00E3B0,0x2D7,0x00E687,0x0129,35,14,09,OK
0x5927,0x3127,0B,40,3,0x00E3B0,0x2D8,0x00E688,0x0128,35,55,49,OK
0x5926,0x3126,0B,40,3,0x00E3B0,0x2D9,0x00E689,0x0127,35,15,08,OK
0x5925,0x3125,0B,40,3,0x00E3B0,0x2DA,0x00E68A,0x0126,35,50,42,OK
0x5924,0x3124,0B,40,3,0x00E3B0,0x2DB,0x00E68B,0x0125,35,51,42,OK
0x5923,0x3123,0B,40,3,0x00E3B0,0x2DC,0x00E68C,0x0124,35,15,05,OK
0x5922,0x3122,0B,40,3,0x00E3B0,0x2DD,0x00E68D,0x0123,35,04,F3,OK
0x5921,0x3121,0B,40,3,0x00E3B0,0x2DE,0x00E68E,0x0122,35,04,F2,OK
0x5920,0x3120,0B,40,3,0x00E3B0,0x2DF,0x00E68F,0x0121,35,8A,77,OK
0x591F,0x311F,0B,40,3,0x00E3B0,0x2E0,0x00E690,0x0120,35,0A,F6,OK
0x591E,0x311E,0B,40,3,0x00E3B0,0x2E1,0x00E691,0x011F,35,A8,93,OK
0x591D,0x311D,0B,40,3,0x00E3B0,0x2E2,0x00E692,0x011E,35,22,0C,OK
0x591C,0x311C,0B,40,3,0x00E3B0,0x2E3,0x00E693,0x011D,35,2A,13,OK
0x591B,0x311B,0B,40,3,0x00E3B0,0x2E4,0x00E694,0x011C,35,AA,92,OK
0x591A,0x311A,0B,40,3,0x00E3B0,0x2E5,0x00E695,0x011B,35,A2,89,OK
0x5919,0x3119,0B,40,3,0x00E3B0,0x2E6,0x00E696,0x011A,35,AA,90,OK
0x5918,0x3118,0B,40,3,0x00E3B0,0x2E7,0x00E697,0x0119,35,A2,87,OK
0x5917,0x3117,0B,40,3,0x00E3B0,0x2E8,0x00E698,0x0118,35,AA,8E,OK
0x5916,0x3116,0B,40,3,0x00E3B0,0x2E9,0x00E699,0x0117,35,8A,6D,OK
0x5915,0x3115,0B,40,3,0x00E3B0,0x2EA,0x00E69A,0x0116,35,09,EB,OK
0x5914,0x3114,0B,40,3,0x00E3B0,0x2EB,0x00E69B,0x0115,35,2A,0B,OK
0x5913,0x3113,0B,40,3,0x00E3B0,0x2EC,0x00E69C,0x0114,35,82,62,OK
0x5912,0x3112,0B,40,3,0x00E3B0,0x2ED,0x00E69D,0x0113,35,AA,89,OK
0x5911,0x3111,0B,40,3,0x00E3B0,0x2EE,0x00E69E,0x0112,35,8A,68,OK
0x5910,0x3110,0B,40,3,0x00E3B0,0x2EF,0x00E69F,0x0111,35,0A,E7,OK
0x590F,0x310F,0B,40,3,0x00E3B0,0x2F0,0x00E6A0,0x0110,35,88,64,OK
0x590E,0x310E,0B,40,3,0x00E3B0,0x2F1,0x00E6A1,0x010F,35,AA,85,OK
0x590D,0x310D,0B,40,3,0x00E3B0,0x2F2,0x00E6A2,0x010E,35,2A,04,OK
0x590C,0x310C,0B,40,3,0x00E3B0,0x2F3,0x00E6A3,0x010D,35,AA,83,OK
0x590B,0x310B,0B,40,3,0x00E3B0,0x2F4,0x00E6A4,0x010C,35,2A,02,OK
0x590A,0x310A,0B,40,3,0x00E3B0,0x2F5,0x00E6A5,0x010B,35,AA,81,OK
0x5909,0x3109,0B,40,3,0x00E3B0,0x2F6,0x00E6A6,0x010A,35,8A,60,OK
0x5908,0x3108,0B,40,3,0x00E3B0,0x2F7,0x00E6A7,0x0109,35,A2,77,OK
0x5907,0x3107,0B,40,3,0x00E3B0,0x2F8,0x00E6A8,0x0108,35,88,5C,OK
0x5906,0x3106,0B,40,3,0x00E3B0,0x2F9,0x00E6A9,0x0107,35,AA,7D,OK
0x5905,0x3105,0B,40,3,0x00E3B0,0x2FA,0x00E6AA,0x0106,35,20,F2,OK
0x5904,0x3104,0B,40,3,0x00E3B0,0x2FB,0x00E6AB,0x0105,35,A0,71,OK
0x5903,0x3103,0B,40,3,0x00E3B0,0x2FC,0x00E6AC,0x0104,35,AA,7A,OK
0x5902,0x3102,0B,40,3,0x00E3B0,0x2FD,0x00E6AD,0x0103,35,06,D5,OK
0x5901,0x3101,0B,40,3,0x00E3B0,0x2FE,0x00E6AE,0x0102,35,A2,70,OK
0x5900,0x3100,0B,40,3,0x00E3B0,0x2FF,0x00E6AF,0x0101,35,AA,77,OK
0x58FF,0x30FF,0B,40,3,0x00E3B0,0x300,0x00E6B0,0x0100,35,08,D4,OK
0x58FE,0x30FE,0B,40,3,0x00E3B0,0x301,0x00E6B1,0x00FF,35,8A,54,OK
0x58FD,0x30FD,0B,40,3,0x00E3B0,0x302,0x00E6B2,0x00FE,35,A2,6B,OK
0x58FC,0x30FC,0B,40,3,0x00E3B0,0x303,0x00E6B3,0x00FD,35,0A,D2,OK
0x58FB,0x30FB,0B,40,3,0x00E3B0,0x304,0x00E6B4,0x00FC,35,2A,F1,OK
0x58FA,0x30FA,0B,40,3,0x00E3B0,0x305,0x00E6B5,0x00FB,35,A8,6E,OK
0x58F9,0x30F9,0B,40,3,0x00E3B0,0x306,0x00E6B6,0x00FA,35,2A,EF,OK
0x58F8,0x30F8,0B,40,3,0x00E3B0,0x307,0x00E6B7,0x00F9,35,A2,66,OK
0x58F7,0x30F7,0B,40,3,0x00E3B0,0x308,0x00E6B8,0x00F8,35,AA,6D,OK
0x58F6,0x30F6,0B,40,3,0x00E3B0,0x309,0x00E6B9,0x00F7,35,20,E2,OK
0x58F5,0x30F5,0B,40,3,0x00E3B0,0x30A,0x00E6BA,0x00F6,35,AA,6B,OK
0x58F4,0x30F4,0B,40,3,0x00E3B0,0x30B,0x00E6BB,0x00F5,35,82,42,OK
0x58F3,0x30F3,0B,40,3,0x00E3B0,0x30C,0x00E6BC,0x00F4,35,08,C7,OK
0x58F2,0x30F2,0B,40,3,0x00E3B0,0x30D,0x00E6BD,0x00F3,35,04,C2,OK
0x58F1,0x30F1,0B,40,3,0x00E3B0,0x30E,0x00E6BE,0x00F2,35,0A,C7,OK
0x58F0,0x30F0,0B,40,3,0x00E3B0,0x30F,0x00E6BF,0x00F1,35,04,C0,OK
0x58EF,0x30EF,0B,40,3,0x00E3B0,0x310,0x00E6C0,0x00F0,35,2A,E5,OK
0x58EE,0x30EE,0B,40,3,0x00E3B0,0x311,0x00E6C1,0x00EF,35,80,3A,OK
0x58ED,0x30ED,0B,40,3,0x00E3B0,0x312,0x00E6C2,0x00EE,35,20,D9,OK
0x58EC,0x30EC,0B,40,3,0x00E3B0,0x313,0x00E6C3,0x00ED,35,2A,E2,OK
0x58EB,0x30EB,0B,40,3,0x00E3B0,0x314,0x00E6C4,0x00EC,35,22,D9,OK
0x58EA,0x30EA,0B,40,3,0x00E3B0,0x315,0x00E6C5,0x00EB,35,A0,56,OK
0x58E9,0x30E9,0B,40,3,0x00E3B0,0x316,0x00E6C6,0x00EA,35,88,3D,OK
0x58E8,0x30E8,0B,40,3,0x00E3B0,0x317,0x00E6C7,0x00E9,35,AA,5E,OK
0x58E7,0x30E7,0B,40,3,0x00E3B0,0x318,0x00E6C8,0x00E8,35,06,B9,OK
0x58E6,0x30E6,0B,40,3,0x00E3B0,0x319,0x00E6C9,0x00E7,35,A2,54,OK
0x58E5,0x30E5,0B,40,3,0x00E3B0,0x31A,0x00E6CA,0x00E6,35,05,B6,OK
0x58E4,0x30E4,0B,40,3,0x00E3B0,0x31B,0x00E6CB,0x00E5,35,AA,5A,OK
0x58E3,0x30E3,0B,40,3,0x00E3B0,0x31C,0x00E6CC,0x00E4,35,A0,4F,OK
0x58E2,0x30E2,0B,40,3,0x00E3B0,0x31D,0x00E6CD,0x00E3,35,8A,38,OK
0x58E1,0x30E1,0B,40,3,0x00E3B0,0x31E,0x00E6CE,0x00E2,35,AA,57,OK
0x58E0,0x30E0,0B,40,3,0x00E3B0,0x31F,0x00E6CF,0x00E1,35,05,B1,OK
0x58DF,0x30DF,0B,40,3,0x00E3B0,0x320,0x00E6D0,0x00E0,35,82,2D,OK
0x58DE,0x30DE,0B,40,3,0x00E3B0,0x321,0x00E6D1,0x00DF,35,AA,54,OK
0x58DD,0x30DD,0B,40,3,0x00E3B0,0x322,0x00E6D2,0x00DE,35,A8,51,OK
0x58DC,0x30DC,0B,40,3,0x00E3B0,0x323,0x00E6D3,0x00DD,35,05,AD,OK
0x58DB,0x30DB,0B,40,3,0x00E3B0,0x324,0x00E6D4,0x00DC,35,8A,31,OK
0x58DA,0x30DA,0B,40,3,0x00E3B0,0x325,0x00E6D5,0x00DB,35,55,FB,OK
0x58D9,0x30D9,0B,40,3,0x00E3B0,0x326,0x00E6D6,0x00DA,35,07,AC,OK
0x58D8,0x30D8,0B,40,3,0x00E3B0,0x327,0x00E6D7,0x00D9,35,51,F5,OK
0x58D7,0x30D7,0B,40,3,0x00E3B0,0x328,0x00E6D8,0x00D8,35,55,F8,OK
0x58D6,0x30D6,0B,40,3,0x00E3B0,0x329,0x00E6D9,0x00D7,35,05,A7,OK
0x58D5,0x30D5,0B,40,3,0x00E3B0,0x32A,0x00E6DA,0x00D6,35,54,F5,OK
0x58D4,0x30D4,0B,40,3,0x00E3B0,0x32B,0x00E6DB,0x00D5,35,55,F5,OK
0x58D3,0x30D3,0B,40,3,0x00E3B0,0x32C,0x00E6DC,0x00D4,35,51,F0,OK
0x58D2,0x30D2,0B,40,3,0x00E3B0,0x32D,0x00E6DD,0x00D3,35,55,F3,OK
0x58D1,0x30D1,0B,40,3,0x00E3B0,0x32E,0x00E6DE,0x00D2,35,06,A3,OK
0x58D0,0x30D0,0B,40,3,0x00E3B0,0x32F,0x00E6DF,0x00D1,35,54,F0,OK
0x58CF,0x30CF,0B,40,3,0x00E3B0,0x330,0x00E6E0,0x00D0,35,51,EC,OK
0x58CE,0x30CE,0B,40,3,0x00E3B0,0x331,0x00E6E1,0x00CF,35,05,9F,OK
0x58CD,0x30CD,0B,40,3,0x00E3B0,0x332,0x00E6E2,0x00CE,35,15,AE,OK
0x58CC,0x30CC,0B,40,3,0x00E3B0,0x333,0x00E6E3,0x00CD,35,45,DD,OK
0x58CB,0x30CB,0B,40,3,0x00E3B0,0x334,0x00E6E4,0x00CC,35,51,E8,OK
0x58CA,0x30CA,0B,40,3,0x00E3B0,0x335,0x00E6E5,0x00CB,35,44,DA,OK
0x58C9,0x30C9,0B,40,3,0x00E3B0,0x336,0x00E6E6,0x00CA,35,45,DA,OK
0x58C8,0x30C8,0B,40,3,0x00E3B0,0x337,0x00E6E7,0x00C9,35,05,99,OK
0x58C7,0x30C7,0B,40,3,0x00E3B0,0x338,0x00E6E8,0x00C8,35,04,97,OK
0x58C6,0x30C6,0B,40,3,0x00E3B0,0x339,0x00E6E9,0x00C7,35,09,9B,OK
0x58C5,0x30C5,0B,40,3,0x00E3B0,0x33A,0x00E6EA,0x00C6,35,45,D6,OK
0x58C4,0x30C4,0B,40,3,0x00E3B0,0x33B,0x00E6EB,0x00C5,35,55,E5,OK
0x58C3,0x30C3,0B,40,3,0x00E3B0,0x33C,0x00E6EC,0x00C4,35,15,A4,OK
0x58C2,0x30C2,0B,40,3,0x00E3B0,0x33D,0x00E6ED,0x00C3,35,55,E3,OK
0x58C1,0x30C1,0B,40,3,0x00E3B0,0x33E,0x00E6EE,0x00C2,35,05,92,OK
0x58C0,0x30C0,0B,40,3,0x00E3B0,0x33F,0x00E6EF,0x00C1,35,45,D1,OK
0x58BF,0x30BF,0B,40,3,0x00E3B0,0x340,0x00E6F0,0x00C0,35,14,9F,OK
0x58BE,0x30BE,0B,40,3,0x00E3B0,0x341,0x00E6F1,0x00BF,35,55,DF,OK
0x58BD,0x30BD,0B,40,3,0x00E3B0,0x342,0x00E6F2,0x00BE,35,0C,95,OK
0x58BC,0x30BC,0B,40,3,0x00E3B0,0x343,0x00E6F3,0x00BD,35,03,8B,OK
0x58BB,0x30BB,0B,40,3,0x00E3B0,0x344,0x00E6F4,0x00BC,35,54,DB,OK
0x58BA,0x30BA,0B,40,3,0x00E3B0,0x345,0x00E6F5,0x00BB,35,50,D6,OK
0x58B9,0x30B9,0B,40,3,0x00E3B0,0x346,0x00E6F6,0x00BA,35,51,D6,OK
0x58B8,0x30B8,0B,40,3,0x00E3B0,0x347,0x00E6F7,0x00B9,35,55,D9,OK
0x58B7,0x30B7,0B,40,3,0x00E3B0,0x348,0x00E6F8,0x00B8,35,06,89,OK
0x58B6,0x30B6,0B,40,3,0x00E3B0,0x349,0x00E6F9,0x00B7,35,05,87,OK
0x58B5,0x30B5,0B,40,3,0x00E3B0,0x34A,0x00E6FA,0x00B6,35,04,85,OK
0x58B4,0x30B4,0B,40,3,0x00E3B0,0x34B,0x00E6FB,0x00B5,35,45,C5,OK
0x58B3,0x30B3,0B,40,3,0x00E3B0,0x34C,0x00E6FC,0x00B4,35,15,94,OK
0x58B2,0x30B2,0B,40,3,0x00E3B0,0x34D,0x00E6FD,0x00B3,35,05,83,OK
0x58B1,0x30B1,0B,40,3,0x00E3B0,0x34E,0x00E6FE,0x00B2,35,54,D1,OK
0x58B0,0x30B0,0B,40,3,0x00E3B0,0x34F,0x00E6FF,0x00B1,35,55,D1,OK
0x58AF,0x30AF,0B,40,3,0x00E3B0,0x350,0x00E700,0x00B0,35,45,C0,OK
0x58AE,0x30AE,0B,40,3,0x00E3B0,0x351,0x00E701,0x00AF,35,55,CF,OK
0x58AD,0x30AD,0B,40,3,0x00E3B0,0x352,0x00E702,0x00AE,35,10,89,OK
0x58AC,0x30AC,0B,40,3,0x00E3B0,0x353,0x00E703,0x00AD,35,14,8C,OK
0x58AB,0x30AB,0B,40,3,0x00E3B0,0x354,0x00E704,0x00AC,35,00,77,OK
0x58AA,0x30AA,0B,40,3,0x00E3B0,0x355,0x00E705,0x00AB,35,50,C6,OK
0x58A9,0x30A9,0B,40,3,0x00E3B0,0x356,0x00E706,0x00AA,35,55,CA,OK
0x58A8,0x30A8,0B,40,3,0x00E3B0,0x357,0x00E707,0x00A9,35,44,B8,OK
0x58A7,0x30A7,0B,40,3,0x00E3B0,0x358,0x00E708,0x00A8,35,09,7C,OK
0x58A6,0x30A6,0B,40,3,0x00E3B0,0x359,0x00E709,0x00A7,35,10,82,OK
0x58A5,0x30A5,0B,40,3,0x00E3B0,0x35A,0x00E70A,0x00A6,35,11,82,OK
0x58A4,0x30A4,0B,40,3,0x00E3B0,0x35B,0x00E70B,0x00A5,35,41,B1,OK
0x58A3,0x30A3,0B,40,3,0x00E3B0,0x35C,0x00E70C,0x00A4,35,0A,79,OK
0x58A2,0x30A2,0B,40,3,0x00E3B0,0x35D,0x00E70D,0x00A3,35,11,7F,OK
0x58A1,0x30A1,0B,40,3,0x00E3B0,0x35E,0x00E70E,0x00A2,35,0A,77,OK
0x58A0,0x30A0,0B,40,3,0x00E3B0,0x35F,0x00E70F,0x00A1,35,54,C0,OK
0x589F,0x309F,0B,40,3,0x00E3B0,0x360,0x00E710,0x00A0,35,55,C0,OK
0x589E,0x309E,0B,40,3,0x00E3B0,0x361,0x00E711,0x009F,35,06,70,OK
0x589D,0x309D,0B,40,3,0x00E3B0,0x362,0x00E712,0x009E,35,14,7D,OK
0x589C,0x309C,0B,40,3,0x00E3B0,0x363,0x00E713,0x009D,35,AA,12,OK
0x589B,0x309B,0B,40,3,0x00E3B0,0x364,0x00E714,0x009C,35,2A,91,OK
0x589A,0x309A,0B,40,3,0x00E3B0,0x365,0x00E715,0x009B,35,86,EC,OK
0x5899,0x3099,0B,40,3,0x00E3B0,0x366,0x00E716,0x009A,35,03,68,OK
0x5898,0x3098,0B,40,3,0x00E3B0,0x367,0x00E717,0x0099,35,88,EC,OK
0x5897,0x3097,0B,40,3,0x00E3B0,0x368,0x00E718,0x0098,35,8A,ED,OK
0x5896,0x3096,0B,40,3,0x00E3B0,0x369,0x00E719,0x0097,35,AA,0C,OK
0x5895,0x3095,0B,40,3,0x00E3B0,0x36A,0x00E71A,0x0096,35,A8,09,OK
0x5894,0x3094,0B,40,3,0x00E3B0,0x36B,0x00E71B,0x0095,35,09,69,OK
0x5893,0x3093,0B,40,3,0x00E3B0,0x36C,0x00E71C,0x0094,35,AA,09,OK
0x5892,0x3092,0B,40,3,0x00E3B0,0x36D,0x00E71D,0x0093,35,05,63,OK
0x5891,0x3091,0B,40,3,0x00E3B0,0x36E,0x00E71E,0x0092,35,0A,67,OK
0x5890,0x3090,0B,40,3,0x00E3B0,0x36F,0x00E71F,0x0091,35,04,60,OK
0x588F,0x308F,0B,40,3,0x00E3B0,0x370,0x00E720,0x0090,35,82,DD,OK
0x588E,0x308E,0B,40,3,0x00E3B0,0x371,0x00E721,0x008F,35,0A,64,OK
0x588D,0x308D,0B,40,3,0x00E3B0,0x372,0x00E722,0x008E,35,04,5D,OK
0x588C,0x308C,0B,40,3,0x00E3B0,0x373,0x00E723,0x008D,35,20,78,OK
0x588B,0x308B,0B,40,3,0x00E3B0,0x374,0x00E724,0x008C,35,A8,FF,OK
0x588A,0x308A,0B,40,3,0x00E3B0,0x375,0x00E725,0x008B,35,AA,00,OK
0x5889,0x3089,0B,40,3,0x00E3B0,0x376,0x00E726,0x008A,35,05,5A,OK
0x5888,0x3088,0B,40,3,0x00E3B0,0x377,0x00E727,0x0089,35,A2,F6,OK
0x5887,0x3087,0B,40,3,0x00E3B0,0x378,0x00E728,0x0088,35,8A,DD,OK
0x5886,0x3086,0B,40,3,0x00E3B0,0x379,0x00E729,0x0087,35,28,7A,OK
0x5885,0x3085,0B,40,3,0x00E3B0,0x37A,0x00E72A,0x0086,35,2A,7B,OK
0x5884,0x3084,0B,40,3,0x00E3B0,0x37B,0x00E72B,0x0085,35,05,55,OK
0x5883,0x3083,0B,40,3,0x00E3B0,0x37C,0x00E72C,0x0084,35,09,58,OK
0x5882,0x3082,0B,40,3,0x00E3B0,0x37D,0x00E72D,0x0083,35,28,76,OK
0x5881,0x3081,0B,40,3,0x00E3B0,0x37E,0x00E72E,0x0082,35,A8,F5,OK
0x5880,0x3080,0B,40,3,0x00E3B0,0x37F,0x00E72F,0x0081,35,AA,F6,OK
0x587F,0x307F,0B,40,3,0x00E3B0,0x380,0x00E730,0x0080,35,05,50,OK
0x587E,0x307E,0B,40,3,0x00E3B0,0x381,0x00E731,0x007F,35,0A,54,OK
0x587D,0x307D,0B,40,3,0x00E3B0,0x382,0x00E732,0x007E,35,04,4D,OK
0x587C,0x307C,0B,40,3,0x00E3B0,0x383,0x00E733,0x007D,35,2A,72,OK
0x587B,0x307B,0B,40,3,0x00E3B0,0x384,0x00E734,0x007C,35,88,CF,OK
0x587A,0x307A,0B,40,3,0x00E3B0,0x385,0x00E735,0x007B,35,0C,52,OK
0x5879,0x3079,0B,40,3,0x00E3B0,0x386,0x00E736,0x007A,35,2A,6F,OK
0x5878,0x3078,0B,40,3,0x00E3B0,0x387,0x00E737,0x0079,35,A8,EC,OK
0x5877,0x3077,0B,40,3,0x00E3B0,0x388,0x00E738,0x0078,35,0C,4F,OK
0x5876,0x3076,0B,40,3,0x00E3B0,0x389,0x00E739,0x0077,35,A2,E4,OK
0x5875,0x3075,0B,40,3,0x00E3B0,0x38A,0x00E73A,0x0076,35,0C,4D,OK
0x5874,0x3074,0B,40,3,0x00E3B0,0x38B,0x00E73B,0x0075,35,2A,6A,OK
0x5873,0x3073,0B,40,3,0x00E3B0,0x38C,0x00E73C,0x0074,35,22,61,OK
0x5872,0x3072,0B,40,3,0x00E3B0,0x38D,0x00E73D,0x0073,35,A0,DE,OK
0x5871,0x3071,0B,40,3,0x00E3B0,0x38E,0x00E73E,0x0072,35,22,5F,OK
0x5870,0x3070,0B,40,3,0x00E3B0,0x38F,0x00E73F,0x0071,35,2A,66,OK
0x586F,0x306F,0B,40,3,0x00E3B0,0x390,0x00E740,0x0070,35,22,5D,OK
0x586E,0x306E,0B,40,3,0x00E3B0,0x391,0x00E741,0x006F,35,02,3C,OK
0x586D,0x306D,0B,40,3,0x00E3B0,0x392,0x00E742,0x006E,35,05,3E,OK
0x586C,0x306C,0B,40,3,0x00E3B0,0x393,0x00E743,0x006D,35,28,60,OK
0x586B,0x306B,0B,40,3,0x00E3B0,0x394,0x00E744,0x006C,35,88,BF,OK
0x586A,0x306A,0B,40,3,0x00E3B0,0x395,0x00E745,0x006B,35,09,3F,OK
0x5869,0x3069,0B,40,3,0x00E3B0,0x396,0x00E746,0x006A,35,2A,5F,OK
0x5868,0x3068,0B,40,3,0x00E3B0,0x397,0x00E747,0x0069,35,A8,DC,OK
0x5867,0x3067,0B,40,3,0x00E3B0,0x398,0x00E748,0x0068,35,AA,DD,OK
0x5866,0x3066,0B,40,3,0x00E3B0,0x399,0x00E749,0x0067,35,8A,BC,OK
0x5865,0x3065,0B,40,3,0x00E3B0,0x39A,0x00E74A,0x0066,35,AA,DB,OK
0x5864,0x3064,0B,40,3,0x00E3B0,0x39B,0x00E74B,0x0065,35,06,36,OK
0x5863,0x3063,0B,40,3,0x00E3B0,0x39C,0x00E74C,0x0064,35,A2,D1,OK
0x5862,0x3062,0B,40,3,0x00E3B0,0x39D,0x00E74D,0x0063,35,2A,58,OK
0x5861,0x3061,0B,40,3,0x00E3B0,0x39E,0x00E74E,0x0062,35,AA,D7,OK
0x5860,0x3060,0B,40,3,0x00E3B0,0x39F,0x00E74F,0x0061,35,A2,CE,OK
0x585F,0x305F,0B,40,3,0x00E3B0,0x3A0,0x00E750,0x0060,35,AA,D5,OK
0x585E,0x305E,0B,40,3,0x00E3B0,0x3A1,0x00E751,0x005F,35,05,2F,OK
0x585D,0x305D,0B,40,3,0x00E3B0,0x3A2,0x00E752,0x005E,35,51,7A,OK
0x585C,0x305C,0B,40,3,0x00E3B0,0x3A3,0x00E753,0x005D,35,09,31,OK
0x585B,0x305B,0B,40,3,0x00E3B0,0x3A4,0x00E754,0x005C,35,44,6B,OK
0x585A,0x305A,0B,40,3,0x00E3B0,0x3A5,0x00E755,0x005B,35,55,7B,OK
0x5859,0x3059,0B,40,3,0x00E3B0,0x3A6,0x00E756,0x005A,35,51,76,OK
0x5858,0x3058,0B,40,3,0x00E3B0,0x3A7,0x00E757,0x0059,35,15,39,OK
0x5857,0x3057,0B,40,3,0x00E3B0,0x3A8,0x00E758,0x0058,35,10,33,OK
0x5856,0x3056,0B,40,3,0x00E3B0,0x3A9,0x00E759,0x0057,35,09,2B,OK
0x5855,0x3055,0B,40,3,0x00E3B0,0x3AA,0x00E75A,0x0056,35,50,71,OK
0x5854,0x3054,0B,40,3,0x00E3B0,0x3AB,0x00E75B,0x0055,35,55,75,OK
0x5853,0x3053,0B,40,3,0x00E3B0,0x3AC,0x00E75C,0x0054,35,45,64,OK
0x5852,0x3052,0B,40,3,0x00E3B0,0x3AD,0x00E75D,0x0053,35,55,73,OK
0x5851,0x3051,0B,40,3,0x00E3B0,0x3AE,0x00E75E,0x0052,35,54,71,OK
0x5850,0x3050,0B,40,3,0x00E3B0,0x3AF,0x00E75F,0x0051,35,55,71,OK
0x584F,0x304F,0B,40,3,0x00E3B0,0x3B0,0x00E760,0x0050,35,44,5F,OK
0x584E,0x304E,0B,40,3,0x00E3B0,0x3B1,0x00E761,0x004F,35,51,6B,OK
0x584D,0x304D,0B,40,3,0x00E3B0,0x3B2,0x00E762,0x004E,35,55,6E,OK
0x584C,0x304C,0B,40,3,0x00E3B0,0x3B3,0x00E763,0x004D,35,45,5D,OK
0x584B,0x304B,0B,40,3,0x00E3B0,0x3B4,0x00E764,0x004C,35,50,67,OK
0x584A,0x304A,0B,40,3,0x00E3B0,0x3B5,0x00E765,0x004B,35,51,67,OK
0x5849,0x3049,0B,40,3,0x00E3B0,0x3B6,0x00E766,0x004A,35,05,1A,OK
0x5848,0x3048,0B,40,3,0x00E3B0,0x3B7,0x00E767,0x0049,35,55,69,OK
0x5847,0x3047,0B,40,3,0x00E3B0,0x3B8,0x00E768,0x0048,35,05,18,OK
0x5846,0x3046,0B,40,3,0x00E3B0,0x3B9,0x00E769,0x0047,35,05,17,OK
0x5845,0x3045,0B,40,3,0x00E3B0,0x3BA,0x00E76A,0x0046,35,04,15,OK
0x5844,0x3044,0B,40,3,0x00E3B0,0x3BB,0x00E76B,0x0045,35,55,65,OK
0x5843,0x3043,0B,40,3,0x00E3B0,0x3BC,0x00E76C,0x0044,35,44,53,OK
0x5842,0x3042,0B,40,3,0x00E3B0,0x3BD,0x00E76D,0x0043,35,51,5F,OK
0x5841,0x3041,0B,40,3,0x00E3B0,0x3BE,0x00E76E,0x0042,35,55,62,OK
0x5840,0x3040,0B,40,3,0x00E3B0,0x3BF,0x00E76F,0x0041,35,45,51,OK
0x583F,0x303F,0B,40,3,0x00E3B0,0x3C0,0x00E770,0x0040,35,41,4C,OK
0x583E,0x303E,0B,40,3,0x00E3B0,0x3C1,0x00E771,0x003F,35,D1,DB,OK
0x583D,0x303D,0B,40,3,0x00E3B0,0x3C2,0x00E772,0x003E,35,15,1E,OK
0x583C,0x303C,0B,40,3,0x00E3B0,0x3C3,0x00E773,0x003D,35,54,5C,OK
0x583B,0x303B,0B,40,3,0x00E3B0,0x3C4,0x00E774,0x003C,35,05,0C,OK
0x583A,0x303A,0B,40,3,0x00E3B0,0x3C5,0x00E775,0x003B,35,51,57,OK
0x5839,0x3039,0B,40,3,0x00E3B0,0x3C6,0x00E776,0x003A,35,09,0E,OK
0x5838,0x3038,0B,40,3,0x00E3B0,0x3C7,0x00E777,0x0039,35,54,58,OK
0x5837,0x3037,0B,40,3,0x00E3B0,0x3C8,0x00E778,0x0038,35,15,18,OK
0x5836,0x3036,0B,40,3,0x00E3B0,0x3C9,0x00E779,0x0037,35,41,43,OK
0x5835,0x3035,0B,40,3,0x00E3B0,0x3CA,0x00E77A,0x0036,35,15,16,OK
0x5834,0x3034,0B,40,3,0x00E3B0,0x3CB,0x00E77B,0x0035,35,50,50,OK
0x5833,0x3033,0B,40,3,0x00E3B0,0x3CC,0x00E77C,0x0034,35,40,3F,OK
0x5832,0x3032,0B,40,3,0x00E3B0,0x3CD,0x00E77D,0x0033,35,55,53,OK
0x5831,0x3031,0B,40,3,0x00E3B0,0x3CE,0x00E77E,0x0032,35,06,03,OK
0x5830,0x3030,0B,40,3,0x00E3B0,0x3CF,0x00E77F,0x0031,35,15,11,OK
0x582F,0x302F,0B,40,3,0x00E3B0,0x3D0,0x00E780,0x0030,35,05,00,OK
0x582E,0x302E,0B,40,3,0x00E3B0,0x3D1,0x00E781,0x002F,35,04,FE,OK
0x582D,0x302D,0B,40,3,0x00E3B0,0x3D2,0x00E782,0x002E,35,11,0A,OK
0x582C,0x302C,0B,40,3,0x00E3B0,0x3D3,0x00E783,0x002D,35,45,3D,OK
0x582B,0x302B,0B,40,3,0x00E3B0,0x3D4,0x00E784,0x002C,35,55,4C,OK
0x582A,0x302A,0B,40,3,0x00E3B0,0x3D5,0x00E785,0x002B,35,05,FB,OK
0x5829,0x3029,0B,40,3,0x00E3B0,0x3D6,0x00E786,0x002A,35,44,39,OK
0x5828,0x3028,0B,40,3,0x00E3B0,0x3D7,0x00E787,0x0029,35,14,08,OK
0x5827,0x3027,0B,40,3,0x00E3B0,0x3D8,0x00E788,0x0028,35,11,04,OK
0x5826,0x3026,0B,40,3,0x00E3B0,0x3D9,0x00E789,0x0027,35,45,37,OK
0x5825,0x3025,0B,40,3,0x00E3B0,0x3DA,0x00E78A,0x0026,35,15,06,OK
0x5824,0x3024,0B,40,3,0x00E3B0,0x3DB,0x00E78B,0x0025,35,11,01,OK
0x5823,0x3023,0B,40,3,0x00E3B0,0x3DC,0x00E78C,0x0024,35,15,04,OK
0x5822,0x3022,0B,40,3,0x00E3B0,0x3DD,0x00E78D,0x0023,35,55,43,OK
0x5821,0x3021,0B,40,3,0x00E3B0,0x3DE,0x00E78E,0x0022,35,04,F1,OK
0x5820,0x3020,0B,40,3,0x00E3B0,0x3DF,0x00E78F,0x0021,35,04,F0,OK
0x581F,0x301F,0B,40,3,0x00E3B0,0x3E0,0x00E790,0x0020,35,15,00,OK
0x581E,0x301E,0B,40,3,0x00E3B0,0x3E1,0x00E791,0x001F,35,51,3B,OK
0x581D,0x301D,0B,40,3,0x00E3B0,0x3E2,0x00E792,0x001E,35,05,EE,OK
0x581C,0x301C,0B,40,3,0x00E3B0,0x3E3,0x00E793,0x001D,35,55,3D,OK
0x581B,0x301B,0B,40,3,0x00E3B0,0x3E4,0x00E794,0x001C,35,54,3B,OK
0x581A,0x301A,0B,40,3,0x00E3B0,0x3E5,0x00E795,0x001B,35,51,37,OK
0x5819,0x3019,0B,40,3,0x00E3B0,0x3E6,0x00E796,0x001A,35,09,EE,OK
0x5818,0x3018,0B,40,3,0x00E3B0,0x3E7,0x00E797,0x0019,35,45,29,OK
0x5817,0x3017,0B,40,3,0x00E3B0,0x3E8,0x00E798,0x0018,35,55,38,OK
0x5816,0x3016,0B,40,3,0x00E3B0,0x3E9,0x00E799,0x0017,35,54,36,OK
0x5815,0x3015,0B,40,3,0x00E3B0,0x3EA,0x00E79A,0x0016,35,0A,EB,OK
0x5814,0x3014,0B,40,3,0x00E3B0,0x3EB,0x00E79B,0x0015,35,04,E4,OK
0x5813,0x3013,0B,40,3,0x00E3B0,0x3EC,0x00E79C,0x0014,35,04,E3,OK
0x5812,0x3012,0B,40,3,0x00E3B0,0x3ED,0x00E79D,0x0013,35,15,F3,OK
0x5811,0x3011,0B,40,3,0x00E3B0,0x3EE,0x00E79E,0x0012,35,44,21,OK
0x5810,0x3010,0B,40,3,0x00E3B0,0x3EF,0x00E79F,0x0011,35,AA,86,OK
0x580F,0x300F,0B,40,3,0x00E3B0,0x3F0,0x00E7A0,0x0010,35,05,E0,OK
0x580E,0x300E,0B,40,3,0x00E3B0,0x3F1,0x00E7A1,0x000F,35,A0,7A,OK
0x580D,0x300D,0B,40,3,0x00E3B0,0x3F2,0x00E7A2,0x000E,35,AA,83,OK
0x580C,0x300C,0B,40,3,0x00E3B0,0x3F3,0x00E7A3,0x000D,35,2A,02,OK
0x580B,0x300B,0B,40,3,0x00E3B0,0x3F4,0x00E7A4,0x000C,35,A0,77,OK
0x580A,0x300A,0B,40,3,0x00E3B0,0x3F5,0x00E7A5,0x000B,35,A2,78,OK
0x5809,0x3009,0B,40,3,0x00E3B0,0x3F6,0x00E7A6,0x000A,35,AA,7F,OK
0x5808,0x3008,0B,40,3,0x00E3B0,0x3F7,0x00E7A7,0x0009,35,05,D9,OK
0x5807,0x3007,0B,40,3,0x00E3B0,0x3F8,0x00E7A8,0x0008,35,20,F3,OK
0x5806,0x3006,0B,40,3,0x00E3B0,0x3F9,0x00E7A9,0x0007,35,AA,7C,OK
0x5805,0x3005,0B,40,3,0x00E3B0,0x3FA,0x00E7AA,0x0006,35,22,F3,OK
0x5804,0x3004,0B,40,3,0x00E3B0,0x3FB,0x00E7AB,0x0005,35,AA,7A,OK
0x5803,0x3003,0B,40,3,0x00E3B0,0x3FC,0x00E7AC,0x0004,35,2A,F9,OK
0x5802,0x3002,0B,40,3,0x00E3B0,0x3FD,0x00E7AD,0x0003,35,AA,78,OK
0x5801,0x3001,0B,40,3,0x00E3B0,0x3FE,0x00E7AE,0x0002,35,08,D5,OK
0x5800,0x3000,0B,40,3,0x00E3B0,0x3FF,0x00E7AF,0x0001,35,04,D0,OK
0x5FFF,0x37FF,0B,40,4,0x00E7C0,0x000,0x00E7C0,0x0400,35,E0,AF,OK
0x5FFE,0x37FE,0B,40,4,0x00E7C0,0x001,0x00E7C1,0x03FF,35,38,05,OK
0x5FFD,0x37FD,0B,40,4,0x00E7C0,0x002,0x00E7C2,0x03FE,35,09,D5,OK
0x5FFC,0x37FC,0B,40,4,0x00E7C0,0x003,0x00E7C3,0x03FD,35,00,CB,OK
0x5FFB,0x37FB,0B,40,4,0x00E7C0,0x004,0x00E7C4,0x03FC,35,70,3A,OK
0x5FFA,0x37FA,0B,40,4,0x00E7C0,0x005,0x00E7C5,0x03FB,35,C0,89,OK
0x5FF9,0x37F9,0B,40,4,0x00E7C0,0x006,0x00E7C6,0x03FA,35,3F,07,OK
0x5FF8,0x37F8,0B,40,4,0x00E7C0,0x007,0x00E7C7,0x03F9,35,EE,B5,OK
0x5FF7,0x37F7,0B,40,4,0x00E7C0,0x008,0x00E7C8,0x03F8,35,1D,E3,OK
0x5FF6,0x37F6,0B,40,4,0x00E7C0,0x009,0x00E7C9,0x03F7,35,FE,C3,OK
0x5FF5,0x37F5,0B,40,4,0x00E7C0,0x00A,0x00E7CA,0x03F6,35,01,C5,OK
0x5FF4,0x37F4,0B,40,4,0x00E7C0,0x00B,0x00E7CB,0x03F5,35,1C,DF,OK
0x5FF3,0x37F3,0B,40,4,0x00E7C0,0x00C,0x00E7CC,0x03F4,35,FE,C0,OK
0x5FF2,0x37F2,0B,40,4,0x00E7C0,0x00D,0x00E7CD,0x03F3,35,81,42,OK
0x5FF1,0x37F1,0B,40,4,0x00E7C0,0x00E,0x00E7CE,0x03F2,35,03,C3,OK
0x5FF0,0x37F0,0B,40,4,0x00E7C0,0x00F,0x00E7CF,0x03F1,35,04,C3,OK
0x5FEF,0x37EF,0B,40,4,0x00E7C0,0x010,0x00E7D0,0x03F0,35,20,DE,OK
0x5FEE,0x37EE,0B,40,4,0x00E7C0,0x011,0x00E7D1,0x03EF,35,E2,9F,OK
0x5FED,0x37ED,0B,40,4,0x00E7C0,0x012,0x00E7D2,0x03EE,35,C1,7D,OK
0x5FEC,0x37EC,0B,40,4,0x00E7C0,0x013,0x00E7D3,0x03ED,35,C3,7E,OK
0x5FEB,0x37EB,0B,40,4,0x00E7C0,0x014,0x00E7D4,0x03EC,35,F1,AB,OK
0x5FEA,0x37EA,0B,40,4,0x00E7C0,0x015,0x00E7D5,0x03EB,35,1C,D5,OK
0x5FE9,0x37E9,0B,40,4,0x00E7C0,0x016,0x00E7D6,0x03EA,35,C9,81,OK
0x5FE8,0x37E8,0B,40,4,0x00E7C0,0x017,0x00E7D7,0x03E9,35,C3,7A,OK
0x5FE7,0x37E7,0B,40,4,0x00E7C0,0x018,0x00E7D8,0x03E8,35,61,17,OK
0x5FE6,0x37E6,0B,40,4,0x00E7C0,0x019,0x00E7D9,0x03E7,35,89,3E,OK
0x5FE5,0x37E5,0B,40,4,0x00E7C0,0x01A,0x00E7DA,0x03E6,35,AA,5E,OK
0x5FE4,0x37E4,0B,40,4,0x00E7C0,0x01B,0x00E7DB,0x03E5,35,03,B6,OK
0x5FE3,0x37E3,0B,40,4,0x00E7C0,0x01C,0x00E7DC,0x03E4,35,00,B2,OK
0x5FE2,0x37E2,0B,40,4,0x00E7C0,0x01D,0x00E7DD,0x03E3,35,87,38,OK
0x5FE1,0x37E1,0B,40,4,0x00E7C0,0x01E,0x00E7DE,0x03E2,35,C3,73,OK
0x5FE0,0x37E0,0B,40,4,0x00E7C0,0x01F,0x00E7DF,0x03E1,35,11,C0,OK
0x5FDF,0x37DF,0B,40,4,0x00E7C0,0x020,0x00E7E0,0x03E0,35,3E,EC,OK
0x5FDE,0x37DE,0B,40,4,0x00E7C0,0x021,0x00E7E1,0x03DF,35,00,AD,OK
0x5FDD,0x37DD,0B,40,4,0x00E7C0,0x022,0x00E7E2,0x03DE,35,1E,CA,OK
0x5FDC,0x37DC,0B,40,4,0x00E7C0,0x023,0x00E7E3,0x03DD,35,1F,CA,OK
0x5FDB,0x37DB,0B,40,4,0x00E7C0,0x024,0x00E7E4,0x03DC,35,08,B2,OK
0x5FDA,0x37DA,0B,40,4,0x00E7C0,0x025,0x00E7E5,0x03DB,35,04,AD,OK
0x5FD9,0x37D9,0B,40,4,0x00E7C0,0x026,0x00E7E6,0x03DA,35,00,A8,OK
0x5FD8,0x37D8,0B,40,4,0x00E7C0,0x027,0x00E7E7,0x03D9,35,70,17,OK
0x5FD7,0x37D7,0B,40,4,0x00E7C0,0x028,0x00E7E8,0x03D8,35,00,A6,OK
0x5FD6,0x37D6,0B,40,4,0x00E7C0,0x029,0x00E7E9,0x03D7,35,8E,33,OK
0x5FD5,0x37D5,0B,40,4,0x00E7C0,0x02A,0x00E7EA,0x03D6,35,1F,C3,OK
0x5FD4,0x37D4,0B,40,4,0x00E7C0,0x02B,0x00E7EB,0x03D5,35,87,2A,OK
0x5FD3,0x37D3,0B,40,4,0x00E7C0,0x02C,0x00E7EC,0x03D4,35,E3,85,OK
0x5FD2,0x37D2,0B,40,4,0x00E7C0,0x02D,0x00E7ED,0x03D3,35,E0,81,OK
0x5FD1,0x37D1,0B,40,4,0x00E7C0,0x02E,0x00E7EE,0x03D2,35,38,D8,OK
0x5FD0,0x37D0,0B,40,4,0x00E7C0,0x02F,0x00E7EF,0x03D1,35,1C,BB,OK
0x5FCF,0x37CF,0B,40,4,0x00E7C0,0x030,0x00E7F0,0x03D0,35,05,A3,OK
0x5FCE,0x37CE,0B,40,4,0x00E7C0,0x031,0x00E7F1,0x03CF,35,00,9D,OK
0x5FCD,0x37CD,0B,40,4,0x00E7C0,0x032,0x00E7F2,0x03CE,35,70,0C,OK
0x5FCC,0x37CC,0B,40,4,0x00E7C0,0x033,0x00E7F3,0x03CD,35,00,9B,OK
0x5FCB,0x37CB,0B,40,4,0x00E7C0,0x034,0x00E7F4,0x03CC,35,38,D2,OK
0x5FCA,0x37CA,0B,40,4,0x00E7C0,0x035,0x00E7F5,0x03CB,35,8E,27,OK
0x5FC9,0x37C9,0B,40,4,0x00E7C0,0x036,0x00E7F6,0x03CA,35,1F,B7,OK
0x5FC8,0x37C8,0B,40,4,0x00E7C0,0x037,0x00E7F7,0x03C9,35,C0,57,OK
0x5FC7,0x37C7,0B,40,4,0x00E7C0,0x038,0x00E7F8,0x03C8,35,01,97,OK
0x5FC6,0x37C6,0B,40,4,0x00E7C0,0x039,0x00E7F9,0x03C7,35,1C,B1,OK
0x5FC5,0x37C5,0B,40,4,0x00E7C0,0x03A,0x00E7FA,0x03C6,35,C0,54,OK
0x5FC4,0x37C4,0B,40,4,0x00E7C0,0x03B,0x00E7FB,0x03C5,35,81,14,OK
0x5FC3,0x37C3,0B,40,4,0x00E7C0,0x03C,0x00E7FC,0x03C4,35,03,95,OK
0x5FC2,0x37C2,0B,40,4,0x00E7C0,0x03D,0x00E7FD,0x03C3,35,04,95,OK
0x5FC1,0x37C1,0B,40,4,0x00E7C0,0x03E,0x00E7FE,0x03C2,35,09,99,OK
0x5FC0,0x37C0,0B,40,4,0x00E7C0,0x03F,0x00E7FF,0x03C1,35,41,D0,OK
0x5FBF,0x37BF,0B,40,4,0x00E7C0,0x040,0x00E800,0x03C0,35,00,8E,OK
0x5FBE,0x37BE,0B,40,4,0x00E7C0,0x041,0x00E801,0x03BF,35,40,CD,OK
0x5FBD,0x37BD,0B,40,4,0x00E7C0,0x042,0x00E802,0x03BE,35,00,8C,OK
0x5FBC,0x37BC,0B,40,4,0x00E7C0,0x043,0x00E803,0x03BD,35,40,CB,OK
0x5FBB,0x37BB,0B,40,4,0x00E7C0,0x044,0x00E804,0x03BC,35,09,93,OK
0x5FBA,0x37BA,0B,40,4,0x00E7C0,0x045,0x00E805,0x03BB,35,F0,79,OK
0x5FB9,0x37B9,0B,40,4,0x00E7C0,0x046,0x00E806,0x03BA,35,00,88,OK
0x5FB8,0x37B8,0B,40,4,0x00E7C0,0x047,0x00E807,0x03B9,35,87,0E,OK
0x5FB7,0x37B7,0B,40,4,0x00E7C0,0x048,0x00E808,0x03B8,35,C3,49,OK
0x5FB6,0x37B6,0B,40,4,0x00E7C0,0x049,0x00E809,0x03B7,35,11,96,OK
0x5FB5,0x37B5,0B,40,4,0x00E7C0,0x04A,0x00E80A,0x03B6,35,3E,C2,OK
0x5FB4,0x37B4,0B,40,4,0x00E7C0,0x04B,0x00E80B,0x03B5,35,00,83,OK
0x5FB3,0x37B3,0B,40,4,0x00E7C0,0x04C,0x00E80C,0x03B4,35,1E,A0,OK
0x5FB2,0x37B2,0B,40,4,0x00E7C0,0x04D,0x00E80D,0x03B3,35,1F,A0,OK
0x5FB1,0x37B1,0B,40,4,0x00E7C0,0x04E,0x00E80E,0x03B2,35,08,88,OK
0x5FB0,0x37B0,0B,40,4,0x00E7C0,0x04F,0x00E80F,0x03B1,35,04,83,OK
0x5FAF,0x37AF,0B,40,4,0x00E7C0,0x050,0x00E810,0x03B0,35,00,7E,OK
0x5FAE,0x37AE,0B,40,4,0x00E7C0,0x051,0x00E811,0x03AF,35,70,ED,OK
0x5FAD,0x37AD,0B,40,4,0x00E7C0,0x052,0x00E812,0x03AE,35,00,7C,OK
0x5FAC,0x37AC,0B,40,4,0x00E7C0,0x053,0x00E813,0x03AD,35,8E,09,OK
0x5FAB,0x37AB,0B,40,4,0x00E7C0,0x054,0x00E814,0x03AC,35,1F,99,OK
0x5FAA,0x37AA,0B,40,4,0x00E7C0,0x055,0x00E815,0x03AB,35,87,00,OK
0x5FA9,0x37A9,0B,40,4,0x00E7C0,0x056,0x00E816,0x03AA,35,E3,5B,OK
0x5FA8,0x37A8,0B,40,4,0x00E7C0,0x057,0x00E817,0x03A9,35,E0,57,OK
0x5FA7,0x37A7,0B,40,4,0x00E7C0,0x058,0x00E818,0x03A8,35,38,AE,OK
0x5FA6,0x37A6,0B,40,4,0x00E7C0,0x059,0x00E819,0x03A7,35,1C,91,OK
0x5FA5,0x37A5,0B,40,4,0x00E7C0,0x05A,0x00E81A,0x03A6,35,05,79,OK
0x5FA4,0x37A4,0B,40,4,0x00E7C0,0x05B,0x00E81B,0x03A5,35,00,73,OK
0x5FA3,0x37A3,0B,40,4,0x00E7C0,0x05C,0x00E81C,0x03A4,35,70,E2,OK
0x5FA2,0x37A2,0B,40,4,0x00E7C0,0x05D,0x00E81D,0x03A3,35,00,71,OK
0x5FA1,0x37A1,0B,40,4,0x00E7C0,0x05E,0x00E81E,0x03A2,35,38,A8,OK
0x5FA0,0x37A0,0B,40,4,0x00E7C0,0x05F,0x00E81F,0x03A1,35,8E,FD,OK
0x5F9F,0x379F,0B,40,4,0x00E7C0,0x060,0x00E820,0x03A0,35,1F,8D,OK
0x5F9E,0x379E,0B,40,4,0x00E7C0,0x061,0x00E821,0x039F,35,C0,2D,OK
0x5F9D,0x379D,0B,40,4,0x00E7C0,0x062,0x00E822,0x039E,35,01,6D,OK
0x5F9C,0x379C,0B,40,4,0x00E7C0,0x063,0x00E823,0x039D,35,1C,87,OK
0x5F9B,0x379B,0B,40,4,0x00E7C0,0x064,0x00E824,0x039C,35,C0,2A,OK
0x5F9A,0x379A,0B,40,4,0x00E7C0,0x065,0x00E825,0x039B,35,81,EA,OK
0x5F99,0x3799,0B,40,4,0x00E7C0,0x066,0x00E826,0x039A,35,03,6B,OK
0x5F98,0x3798,0B,40,4,0x00E7C0,0x067,0x00E827,0x0399,35,04,6B,OK
0x5F97,0x3797,0B,40,4,0x00E7C0,0x068,0x00E828,0x0398,35,09,6F,OK
0x5F96,0x3796,0B,40,4,0x00E7C0,0x069,0x00E829,0x0397,35,41,A6,OK
0x5F95,0x3795,0B,40,4,0x00E7C0,0x06A,0x00E82A,0x0396,35,00,64,OK
0x5F94,0x3794,0B,40,4,0x00E7C0,0x06B,0x00E82B,0x0395,35,40,A3,OK
0x5F93,0x3793,0B,40,4,0x00E7C0,0x06C,0x00E82C,0x0394,35,00,62,OK
0x5F92,0x3792,0B,40,4,0x00E7C0,0x06D,0x00E82D,0x0393,35,40,A1,OK
0x5F91,0x3791,0B,40,4,0x00E7C0,0x06E,0x00E82E,0x0392,35,09,69,OK
0x5F90,0x3790,0B,40,4,0x00E7C0,0x06F,0x00E82F,0x0391,35,F0,4F,OK
0x5F8F,0x378F,0B,40,4,0x00E7C0,0x070,0x00E830,0x0390,35,AA,08,OK
0x5F8E,0x378E,0B,40,4,0x00E7C0,0x071,0x00E831,0x038F,35,03,60,OK
0x5F8D,0x378D,0B,40,4,0x00E7C0,0x072,0x00E832,0x038E,35,8C,E8,OK
0x5F8C,0x378C,0B,40,4,0x00E7C0,0x073,0x00E833,0x038D,35,03,5E,OK
0x5F8B,0x378B,0B,40,4,0x00E7C0,0x074,0x00E834,0x038C,35,0E,68,OK
0x5F8A,0x378A,0B,40,4,0x00E7C0,0x075,0x00E835,0x038B,35,1E,77,OK
0x5F89,0x3789,0B,40,4,0x00E7C0,0x076,0x00E836,0x038A,35,87,DF,OK
0x5F88,0x3788,0B,40,4,0x00E7C0,0x077,0x00E837,0x0389,35,E3,3A,OK
0x5F87,0x3787,0B,40,4,0x00E7C0,0x078,0x00E838,0x0388,35,E0,36,OK
0x5F86,0x3786,0B,40,4,0x00E7C0,0x079,0x00E839,0x0387,35,38,8D,OK
0x5F85,0x3785,0B,40,4,0x00E7C0,0x07A,0x00E83A,0x0386,35,1C,70,OK
0x5F84,0x3784,0B,40,4,0x00E7C0,0x07B,0x00E83B,0x0385,35,05,58,OK
0x5F83,0x3783,0B,40,4,0x00E7C0,0x07C,0x00E83C,0x0384,35,00,52,OK
0x5F82,0x3782,0B,40,4,0x00E7C0,0x07D,0x00E83D,0x0383,35,70,C1,OK
0x5F81,0x3781,0B,40,4,0x00E7C0,0x07E,0x00E83E,0x0382,35,00,50,OK
0x5F80,0x3780,0B,40,4,0x00E7C0,0x07F,0x00E83F,0x0381,35,38,87,OK
0x5F7F,0x377F,0B,40,4,0x00E7C0,0x080,0x00E840,0x0380,35,0E,5C,OK
0x5F7E,0x377E,0B,40,4,0x00E7C0,0x081,0x00E841,0x037F,35,1E,6B,OK
0x5F7D,0x377D,0B,40,4,0x00E7C0,0x082,0x00E842,0x037E,35,C0,0C,OK
0x5F7C,0x377C,0B,40,4,0x00E7C0,0x083,0x00E843,0x037D,35,01,4C,OK
0x5F7B,0x377B,0B,40,4,0x00E7C0,0x084,0x00E844,0x037C,35,1C,66,OK
0x5F7A,0x377A,0B,40,4,0x00E7C0,0x085,0x00E845,0x037B,35,C0,09,OK
0x5F79,0x3779,0B,40,4,0x00E7C0,0x086,0x00E846,0x037A,35,81,C9,OK
0x5F78,0x3778,0B,40,4,0x00E7C0,0x087,0x00E847,0x0379,35,03,4A,OK
0x5F77,0x3777,0B,40,4,0x00E7C0,0x088,0x00E848,0x0378,35,04,4A,OK
0x5F76,0x3776,0B,40,4,0x00E7C0,0x089,0x00E849,0x0377,35,8A,CF,OK
0x5F75,0x3775,0B,40,4,0x00E7C0,0x08A,0x00E84A,0x0376,35,03,47,OK
0x5F74,0x3774,0B,40,4,0x00E7C0,0x08B,0x00E84B,0x0375,35,8C,CF,OK
0x5F73,0x3773,0B,40,4,0x00E7C0,0x08C,0x00E84C,0x0374,35,03,45,OK
0x5F72,0x3772,0B,40,4,0x00E7C0,0x08D,0x00E84D,0x0373,35,0E,4F,OK
0x5F71,0x3771,0B,40,4,0x00E7C0,0x08E,0x00E84E,0x0372,35,1E,5E,OK
0x5F70,0x3770,0B,40,4,0x00E7C0,0x08F,0x00E84F,0x0371,35,87,C6,OK
0x5F6F,0x376F,0B,40,4,0x00E7C0,0x090,0x00E850,0x0370,35,E3,21,OK
0x5F6E,0x376E,0B,40,4,0x00E7C0,0x091,0x00E851,0x036F,35,E0,1D,OK
0x5F6D,0x376D,0B,40,4,0x00E7C0,0x092,0x00E852,0x036E,35,38,74,OK
0x5F6C,0x376C,0B,40,4,0x00E7C0,0x093,0x00E853,0x036D,35,1C,57,OK
0x5F6B,0x376B,0B,40,4,0x00E7C0,0x094,0x00E854,0x036C,35,05,3F,OK
0x5F6A,0x376A,0B,40,4,0x00E7C0,0x095,0x00E855,0x036B,35,00,39,OK
0x5F69,0x3769,0B,40,4,0x00E7C0,0x096,0x00E856,0x036A,35,70,A8,OK
0x5F68,0x3768,0B,40,4,0x00E7C0,0x097,0x00E857,0x0369,35,00,37,OK
0x5F67,0x3767,0B,40,4,0x00E7C0,0x098,0x00E858,0x0368,35,38,6E,OK
0x5F66,0x3766,0B,40,4,0x00E7C0,0x099,0x00E859,0x0367,35,0E,43,OK
0x5F65,0x3765,0B,40,4,0x00E7C0,0x09A,0x00E85A,0x0366,35,1E,52,OK
0x5F64,0x3764,0B,40,4,0x00E7C0,0x09B,0x00E85B,0x0365,35,C0,F3,OK
0x5F63,0x3763,0B,40,4,0x00E7C0,0x09C,0x00E85C,0x0364,35,01,33,OK
0x5F62,0x3762,0B,40,4,0x00E7C0,0x09D,0x00E85D,0x0363,35,1C,4D,OK
0x5F61,0x3761,0B,40,4,0x00E7C0,0x09E,0x00E85E,0x0362,35,C0,F0,OK
0x5F60,0x3760,0B,40,4,0x00E7C0,0x09F,0x00E85F,0x0361,35,81,B0,OK
0x5F5F,0x375F,0B,40,4,0x00E7C0,0x0A0,0x00E860,0x0360,35,03,31,OK
0x5F5E,0x375E,0B,40,4,0x00E7C0,0x0A1,0x00E861,0x035F,35,04,31,OK
0x5F5D,0x375D,0B,40,4,0x00E7C0,0x0A2,0x00E862,0x035E,35,8A,B6,OK
0x5F5C,0x375C,0B,40,4,0x00E7C0,0x0A3,0x00E863,0x035D,35,03,2E,OK
0x5F5B,0x375B,0B,40,4,0x00E7C0,0x0A4,0x00E864,0x035C,35,AA,D4,OK
0x5F5A,0x375A,0B,40,4,0x00E7C0,0x0A5,0x00E865,0x035B,35,03,2C,OK
0x5F59,0x3759,0B,40,4,0x00E7C0,0x0A6,0x00E866,0x035A,35,8C,B4,OK
0x5F58,0x3758,0B,40,4,0x00E7C0,0x0A7,0x00E867,0x0359,35,03,2A,OK
0x5F57,0x3757,0B,40,4,0x00E7C0,0x0A8,0x00E868,0x0358,35,0E,34,OK
0x5F56,0x3756,0B,40,4,0x00E7C0,0x0A9,0x00E869,0x0357,35,1C,41,OK
0x5F55,0x3755,0B,40,4,0x00E7C0,0x0AA,0x00E86A,0x0356,35,FE,22,OK
0x5F54,0x3754,0B,40,4,0x00E7C0,0x0AB,0x00E86B,0x0355,35,81,A4,OK
0x5F53,0x3753,0B,40,4,0x00E7C0,0x0AC,0x00E86C,0x0354,35,FF,21,OK
0x5F52,0x3752,0B,40,4,0x00E7C0,0x0AD,0x00E86D,0x0353,35,F0,11,OK
0x5F51,0x3751,0B,40,4,0x00E7C0,0x0AE,0x00E86E,0x0352,35,0F,2F,OK
0x5F50,0x3750,0B,40,4,0x00E7C0,0x0AF,0x00E86F,0x0351,35,FF,1E,OK
0x5F4F,0x374F,0B,40,4,0x00E7C0,0x0B0,0x00E870,0x0350,35,00,1E,OK
0x5F4E,0x374E,0B,40,4,0x00E7C0,0x0B1,0x00E871,0x034F,35,FE,1B,OK
0x5F4D,0x374D,0B,40,4,0x00E7C0,0x0B2,0x00E872,0x034E,35,E3,FF,OK
0x5F4C,0x374C,0B,40,4,0x00E7C0,0x0B3,0x00E873,0x034D,35,3F,5A,OK
0x5F4B,0x374B,0B,40,4,0x00E7C0,0x0B4,0x00E874,0x034C,35,0E,28,OK
0x5F4A,0x374A,0B,40,4,0x00E7C0,0x0B5,0x00E875,0x034B,35,1C,35,OK
0x5F49,0x3749,0B,40,4,0x00E7C0,0x0B6,0x00E876,0x034A,35,FF,17,OK
0x5F48,0x3748,0B,40,4,0x00E7C0,0x0B7,0x00E877,0x0349,35,01,18,OK
0x5F47,0x3747,0B,40,4,0x00E7C0,0x0B8,0x00E878,0x0348,35,1C,32,OK
0x5F46,0x3746,0B,40,4,0x00E7C0,0x0B9,0x00E879,0x0347,35,FF,14,OK
0x5F45,0x3745,0B,40,4,0x00E7C0,0x0BA,0x00E87A,0x0346,35,F1,05,OK
0x5F44,0x3744,0B,40,4,0x00E7C0,0x0BB,0x00E87B,0x0345,35,1F,32,OK
0x5F43,0x3743,0B,40,4,0x00E7C0,0x0BC,0x00E87C,0x0344,35,8A,9C,OK
0x5F42,0x3742,0B,40,4,0x00E7C0,0x0BD,0x00E87D,0x0343,35,03,14,OK
0x5F41,0x3741,0B,40,4,0x00E7C0,0x0BE,0x00E87E,0x0342,35,8C,9C,OK
0x5F40,0x3740,0B,40,4,0x00E7C0,0x0BF,0x00E87F,0x0341,35,03,12,OK
0x5F3F,0x373F,0B,40,4,0x00E7C0,0x0C0,0x00E880,0x0340,35,0E,1C,OK
0x5F3E,0x373E,0B,40,4,0x00E7C0,0x0C1,0x00E881,0x033F,35,1C,29,OK
0x5F3D,0x373D,0B,40,4,0x00E7C0,0x0C2,0x00E882,0x033E,35,FE,0A,OK
0x5F3C,0x373C,0B,40,4,0x00E7C0,0x0C3,0x00E883,0x033D,35,81,8C,OK
0x5F3B,0x373B,0B,40,4,0x00E7C0,0x0C4,0x00E884,0x033C,35,FF,09,OK
0x5F3A,0x373A,0B,40,4,0x00E7C0,0x0C5,0x00E885,0x033B,35,F0,F9,OK
0x5F39,0x3739,0B,40,4,0x00E7C0,0x0C6,0x00E886,0x033A,35,0F,17,OK
0x5F38,0x3738,0B,40,4,0x00E7C0,0x0C7,0x00E887,0x0339,35,FF,06,OK
0x5F37,0x3737,0B,40,4,0x00E7C0,0x0C8,0x00E888,0x0338,35,00,06,OK
0x5F36,0x3736,0B,40,4,0x00E7C0,0x0C9,0x00E889,0x0337,35,FE,03,OK
0x5F35,0x3735,0B,40,4,0x00E7C0,0x0CA,0x00E88A,0x0336,35,E3,E7,OK
0x5F34,0x3734,0B,40,4,0x00E7C0,0x0CB,0x00E88B,0x0335,35,3F,42,OK
0x5F33,0x3733,0B,40,4,0x00E7C0,0x0CC,0x00E88C,0x0334,35,0E,10,OK
0x5F32,0x3732,0B,40,4,0x00E7C0,0x0CD,0x00E88D,0x0333,35,1C,1D,OK
0x5F31,0x3731,0B,40,4,0x00E7C0,0x0CE,0x00E88E,0x0332,35,FF,FF,OK
0x5F30,0x3730,0B,40,4,0x00E7C0,0x0CF,0x00E88F,0x0331,35,01,00,OK
0x5F2F,0x372F,0B,40,4,0x00E7C0,0x0D0,0x00E890,0x0330,35,1C,1A,OK
0x5F2E,0x372E,0B,40,4,0x00E7C0,0x0D1,0x00E891,0x032F,35,FF,FC,OK
0x5F2D,0x372D,0B,40,4,0x00E7C0,0x0D2,0x00E892,0x032E,35,F1,ED,OK
0x5F2C,0x372C,0B,40,4,0x00E7C0,0x0D3,0x00E893,0x032D,35,1F,1A,OK
0x5F2B,0x372B,0B,40,4,0x00E7C0,0x0D4,0x00E894,0x032C,35,8A,84,OK
0x5F2A,0x372A,0B,40,4,0x00E7C0,0x0D5,0x00E895,0x032B,35,03,FC,OK
0x5F29,0x3729,0B,40,4,0x00E7C0,0x0D6,0x00E896,0x032A,35,AA,A2,OK
0x5F28,0x3728,0B,40,4,0x00E7C0,0x0D7,0x00E897,0x0329,35,03,FA,OK
0x5F27,0x3727,0B,40,4,0x00E7C0,0x0D8,0x00E898,0x0328,35,AA,A0,OK
0x5F26,0x3726,0B,40,4,0x00E7C0,0x0D9,0x00E899,0x0327,35,03,F8,OK
0x5F25,0x3725,0B,40,4,0x00E7C0,0x0DA,0x00E89A,0x0326,35,AA,9E,OK
0x5F24,0x3724,0B,40,4,0x00E7C0,0x0DB,0x00E89B,0x0325,35,03,F6,OK
0x5F23,0x3723,0B,40,4,0x00E7C0,0x0DC,0x00E89C,0x0324,35,AA,9C,OK
0x5F22,0x3722,0B,40,4,0x00E7C0,0x0DD,0x00E89D,0x0323,35,03,F4,OK
0x5F21,0x3721,0B,40,4,0x00E7C0,0x0DE,0x00E89E,0x0322,35,AA,9A,OK
0x5F20,0x3720,0B,40,4,0x00E7C0,0x0DF,0x00E89F,0x0321,35,03,F2,OK
0x5F1F,0x371F,0B,40,4,0x00E7C0,0x0E0,0x00E8A0,0x0320,35,AA,98,OK
0x5F1E,0x371E,0B,40,4,0x00E7C0,0x0E1,0x00E8A1,0x031F,35,03,F0,OK
0x5F1D,0x371D,0B,40,4,0x00E7C0,0x0E2,0x00E8A2,0x031E,35,AA,96,OK
0x5F1C,0x371C,0B,40,4,0x00E7C0,0x0E3,0x00E8A3,0x031D,35,03,EE,OK
0x5F1B,0x371B,0B,40,4,0x00E7C0,0x0E4,0x00E8A4,0x031C,35,AA,94,OK
0x5F1A,0x371A,0B,40,4,0x00E7C0,0x0E5,0x00E8A5,0x031B,35,03,EC,OK
0x5F19,0x3719,0B,40,4,0x00E7C0,0x0E6,0x00E8A6,0x031A,35,AA,92,OK
0x5F18,0x3718,0B,40,4,0x00E7C0,0x0E7,0x00E8A7,0x0319,35,03,EA,OK
0x5F17,0x3717,0B,40,4,0x00E7C0,0x0E8,0x00E8A8,0x0318,35,AA,90,OK
0x5F16,0x3716,0B,40,4,0x00E7C0,0x0E9,0x00E8A9,0x0317,35,03,E8,OK
0x5F15,0x3715,0B,40,4,0x00E7C0,0x0EA,0x00E8AA,0x0316,35,AA,8E,OK
0x5F14,0x3714,0B,40,4,0x00E7C0,0x0EB,0x00E8AB,0x0315,35,03,E6,OK
0x5F13,0x3713,0B,40,4,0x00E7C0,0x0EC,0x00E8AC,0x0314,35,AA,8C,OK
0x5F12,0x3712,0B,40,4,0x00E7C0,0x0ED,0x00E8AD,0x0313,35,03,E4,OK
0x5F11,0x3711,0B,40,4,0x00E7C0,0x0EE,0x00E8AE,0x0312,35,AA,8A,OK
0x5F10,0x3710,0B,40,4,0x00E7C0,0x0EF,0x00E8AF,0x0311,35,03,E2,OK
0x5F0F,0x370F,0B,40,4,0x00E7C0,0x0F0,0x00E8B0,0x0310,35,90,6E,OK
0x5F0E,0x370E,0B,40,4,0x00E7C0,0x0F1,0x00E8B1,0x030F,35,03,E0,OK
0x5F0D,0x370D,0B,40,4,0x00E7C0,0x0F2,0x00E8B2,0x030E,35,80,5C,OK
0x5F0C,0x370C,0B,40,4,0x00E7C0,0x0F3,0x00E8B3,0x030D,35,B1,8C,OK
0x5F0B,0x370B,0B,40,4,0x00E7C0,0x0F4,0x00E8B4,0x030C,35,05,DF,OK
0x5F0A,0x370A,0B,40,4,0x00E7C0,0x0F5,0x00E8B5,0x030B,35,3F,18,OK
0x5F09,0x3709,0B,40,4,0x00E7C0,0x0F6,0x00E8B6,0x030A,35,06,DE,OK
0x5F08,0x3708,0B,40,4,0x00E7C0,0x0F7,0x00E8B7,0x0309,35,04,DB,OK
0x5F07,0x3707,0B,40,4,0x00E7C0,0x0F8,0x00E8B8,0x0308,35,00,D6,OK
0x5F06,0x3706,0B,40,4,0x00E7C0,0x0F9,0x00E8B9,0x0307,35,D8,AD,OK
0x5F05,0x3705,0B,40,4,0x00E7C0,0x0FA,0x00E8BA,0x0306,35,9F,73,OK
0x5F04,0x3704,0B,40,4,0x00E7C0,0x0FB,0x00E8BB,0x0305,35,CF,A2,OK
0x5F03,0x3703,0B,40,4,0x00E7C0,0x0FC,0x00E8BC,0x0304,35,18,EA,OK
0x5F02,0x3702,0B,40,4,0x00E7C0,0x0FD,0x00E8BD,0x0303,35,C0,91,OK
0x5F01,0x3701,0B,40,4,0x00E7C0,0x0FE,0x00E8BE,0x0302,35,18,E8,OK
0x5F00,0x3700,0B,40,4,0x00E7C0,0x0FF,0x00E8BF,0x0301,35,8E,5D,OK
0x5EFF,0x36FF,0B,40,4,0x00E7C0,0x100,0x00E8C0,0x0300,35,03,D1,OK
0x5EFE,0x36FE,0B,40,4,0x00E7C0,0x101,0x00E8C1,0x02FF,35,90,5C,OK
0x5EFD,0x36FD,0B,40,4,0x00E7C0,0x102,0x00E8C2,0x02FE,35,03,CE,OK
0x5EFC,0x36FC,0B,40,4,0x00E7C0,0x103,0x00E8C3,0x02FD,35,80,4A,OK
0x5EFB,0x36FB,0B,40,4,0x00E7C0,0x104,0x00E8C4,0x02FC,35,B1,7A,OK
0x5EFA,0x36FA,0B,40,4,0x00E7C0,0x105,0x00E8C5,0x02FB,35,05,CD,OK
0x5EF9,0x36F9,0B,40,4,0x00E7C0,0x106,0x00E8C6,0x02FA,35,3F,06,OK
0x5EF8,0x36F8,0B,40,4,0x00E7C0,0x107,0x00E8C7,0x02F9,35,06,CC,OK
0x5EF7,0x36F7,0B,40,4,0x00E7C0,0x108,0x00E8C8,0x02F8,35,04,C9,OK
0x5EF6,0x36F6,0B,40,4,0x00E7C0,0x109,0x00E8C9,0x02F7,35,00,C4,OK
0x5EF5,0x36F5,0B,40,4,0x00E7C0,0x10A,0x00E8CA,0x02F6,35,D8,9B,OK
0x5EF4,0x36F4,0B,40,4,0x00E7C0,0x10B,0x00E8CB,0x02F5,35,9F,61,OK
0x5EF3,0x36F3,0B,40,4,0x00E7C0,0x10C,0x00E8CC,0x02F4,35,CF,90,OK
0x5EF2,0x36F2,0B,40,4,0x00E7C0,0x10D,0x00E8CD,0x02F3,35,18,D8,OK
0x5EF1,0x36F1,0B,40,4,0x00E7C0,0x10E,0x00E8CE,0x02F2,35,C0,7F,OK
0x5EF0,0x36F0,0B,40,4,0x00E7C0,0x10F,0x00E8CF,0x02F1,35,18,D6,OK
0x5EEF,0x36EF,0B,40,4,0x00E7C0,0x110,0x00E8D0,0x02F0,35,8E,4B,OK
0x5EEE,0x36EE,0B,40,4,0x00E7C0,0x111,0x00E8D1,0x02EF,35,03,BF,OK
0x5EED,0x36ED,0B,40,4,0x00E7C0,0x112,0x00E8D2,0x02EE,35,AA,65,OK
0x5EEC,0x36EC,0B,40,4,0x00E7C0,0x113,0x00E8D3,0x02ED,35,03,BD,OK
0x5EEB,0x36EB,0B,40,4,0x00E7C0,0x114,0x00E8D4,0x02EC,35,90,49,OK
0x5EEA,0x36EA,0B,40,4,0x00E7C0,0x115,0x00E8D5,0x02EB,35,03,BB,OK
0x5EE9,0x36E9,0B,40,4,0x00E7C0,0x116,0x00E8D6,0x02EA,35,80,37,OK
0x5EE8,0x36E8,0B,40,4,0x00E7C0,0x117,0x00E8D7,0x02E9,35,B5,6B,OK
0x5EE7,0x36E7,0B,40,4,0x00E7C0,0x118,0x00E8D8,0x02E8,35,31,E6,OK
0x5EE6,0x36E6,0B,40,4,0x00E7C0,0x119,0x00E8D9,0x02E7,35,30,E4,OK
0x5EE5,0x36E5,0B,40,4,0x00E7C0,0x11A,0x00E8DA,0x02E6,35,06,B9,OK
0x5EE4,0x36E4,0B,40,4,0x00E7C0,0x11B,0x00E8DB,0x02E5,35,04,B6,OK
0x5EE3,0x36E3,0B,40,4,0x00E7C0,0x11C,0x00E8DC,0x02E4,35,00,B1,OK
0x5EE2,0x36E2,0B,40,4,0x00E7C0,0x11D,0x00E8DD,0x02E3,35,18,C8,OK
0x5EE1,0x36E1,0B,40,4,0x00E7C0,0x11E,0x00E8DE,0x02E2,35,09,B8,OK
0x5EE0,0x36E0,0B,40,4,0x00E7C0,0x11F,0x00E8DF,0x02E1,35,1D,CB,OK
0x5EDF,0x36DF,0B,40,4,0x00E7C0,0x120,0x00E8E0,0x02E0,35,C0,6D,OK
0x5EDE,0x36DE,0B,40,4,0x00E7C0,0x121,0x00E8E1,0x02DF,35,18,C4,OK
0x5EDD,0x36DD,0B,40,4,0x00E7C0,0x122,0x00E8E2,0x02DE,35,8E,39,OK
0x5EDC,0x36DC,0B,40,4,0x00E7C0,0x123,0x00E8E3,0x02DD,35,03,AD,OK
0x5EDB,0x36DB,0B,40,4,0x00E7C0,0x124,0x00E8E4,0x02DC,35,90,39,OK
0x5EDA,0x36DA,0B,40,4,0x00E7C0,0x125,0x00E8E5,0x02DB,35,03,AB,OK
0x5ED9,0x36D9,0B,40,4,0x00E7C0,0x126,0x00E8E6,0x02DA,35,80,27,OK
0x5ED8,0x36D8,0B,40,4,0x00E7C0,0x127,0x00E8E7,0x02D9,35,B5,5B,OK
0x5ED7,0x36D7,0B,40,4,0x00E7C0,0x128,0x00E8E8,0x02D8,35,31,D6,OK
0x5ED6,0x36D6,0B,40,4,0x00E7C0,0x129,0x00E8E9,0x02D7,35,30,D4,OK
0x5ED5,0x36D5,0B,40,4,0x00E7C0,0x12A,0x00E8EA,0x02D6,35,06,A9,OK
0x5ED4,0x36D4,0B,40,4,0x00E7C0,0x12B,0x00E8EB,0x02D5,35,04,A6,OK
0x5ED3,0x36D3,0B,40,4,0x00E7C0,0x12C,0x00E8EC,0x02D4,35,00,A1,OK
0x5ED2,0x36D2,0B,40,4,0x00E7C0,0x12D,0x00E8ED,0x02D3,35,18,B8,OK
0x5ED1,0x36D1,0B,40,4,0x00E7C0,0x12E,0x00E8EE,0x02D2,35,09,A8,OK
0x5ED0,0x36D0,0B,40,4,0x00E7C0,0x12F,0x00E8EF,0x02D1,35,1D,BB,OK
0x5ECF,0x36CF,0B,40,4,0x00E7C0,0x130,0x00E8F0,0x02D0,35,C0,5D,OK
0x5ECE,0x36CE,0B,40,4,0x00E7C0,0x131,0x00E8F1,0x02CF,35,18,B4,OK
0x5ECD,0x36CD,0B,40,4,0x00E7C0,0x132,0x00E8F2,0x02CE,35,8E,29,OK
0x5ECC,0x36CC,0B,40,4,0x00E7C0,0x133,0x00E8F3,0x02CD,35,03,9D,OK
0x5ECB,0x36CB,0B,40,4,0x00E7C0,0x134,0x00E8F4,0x02CC,35,AA,43,OK
0x5ECA,0x36CA,0B,40,4,0x00E7C0,0x135,0x00E8F5,0x02CB,35,03,9B,OK
0x5EC9,0x36C9,0B,40,4,0x00E7C0,0x136,0x00E8F6,0x02CA,35,90,27,OK
0x5EC8,0x36C8,0B,40,4,0x00E7C0,0x137,0x00E8F7,0x02C9,35,03,99,OK
0x5EC7,0x36C7,0B,40,4,0x00E7C0,0x138,0x00E8F8,0x02C8,35,80,15,OK
0x5EC6,0x36C6,0B,40,4,0x00E7C0,0x139,0x00E8F9,0x02C7,35,BF,53,OK
0x5EC5,0x36C5,0B,40,4,0x00E7C0,0x13A,0x00E8FA,0x02C6,35,3F,D2,OK
0x5EC4,0x36C4,0B,40,4,0x00E7C0,0x13B,0x00E8FB,0x02C5,35,30,C2,OK
0x5EC3,0x36C3,0B,40,4,0x00E7C0,0x13C,0x00E8FC,0x02C4,35,06,97,OK
0x5EC2,0x36C2,0B,40,4,0x00E7C0,0x13D,0x00E8FD,0x02C3,35,04,94,OK
0x5EC1,0x36C1,0B,40,4,0x00E7C0,0x13E,0x00E8FE,0x02C2,35,00,8F,OK
0x5EC0,0x36C0,0B,40,4,0x00E7C0,0x13F,0x00E8FF,0x02C1,35,18,A6,OK
0x5EBF,0x36BF,0B,40,4,0x00E7C0,0x140,0x00E900,0x02C0,35,09,96,OK
0x5EBE,0x36BE,0B,40,4,0x00E7C0,0x141,0x00E901,0x02BF,35,1F,AB,OK
0x5EBD,0x36BD,0B,40,4,0x00E7C0,0x142,0x00E902,0x02BE,35,C0,4B,OK
0x5EBC,0x36BC,0B,40,4,0x00E7C0,0x143,0x00E903,0x02BD,35,1F,A9,OK
0x5EBB,0x36BB,0B,40,4,0x00E7C0,0x144,0x00E904,0x02BC,35,8E,17,OK
0x5EBA,0x36BA,0B,40,4,0x00E7C0,0x145,0x00E905,0x02BB,35,03,8B,OK
0x5EB9,0x36B9,0B,40,4,0x00E7C0,0x146,0x00E906,0x02BA,35,90,17,OK
0x5EB8,0x36B8,0B,40,4,0x00E7C0,0x147,0x00E907,0x02B9,35,03,89,OK
0x5EB7,0x36B7,0B,40,4,0x00E7C0,0x148,0x00E908,0x02B8,35,80,05,OK
0x5EB6,0x36B6,0B,40,4,0x00E7C0,0x149,0x00E909,0x02B7,35,BF,43,OK
0x5EB5,0x36B5,0B,40,4,0x00E7C0,0x14A,0x00E90A,0x02B6,35,3F,C2,OK
0x5EB4,0x36B4,0B,40,4,0x00E7C0,0x14B,0x00E90B,0x02B5,35,30,B2,OK
0x5EB3,0x36B3,0B,40,4,0x00E7C0,0x14C,0x00E90C,0x02B4,35,06,87,OK
0x5EB2,0x36B2,0B,40,4,0x00E7C0,0x14D,0x00E90D,0x02B3,35,04,84,OK
0x5EB1,0x36B1,0B,40,4,0x00E7C0,0x14E,0x00E90E,0x02B2,35,00,7F,OK
0x5EB0,0x36B0,0B,40,4,0x00E7C0,0x14F,0x00E90F,0x02B1,35,18,96,OK
0x5EAF,0x36AF,0B,40,4,0x00E7C0,0x150,0x00E910,0x02B0,35,09,86,OK
0x5EAE,0x36AE,0B,40,4,0x00E7C0,0x151,0x00E911,0x02AF,35,1F,9B,OK
0x5EAD,0x36AD,0B,40,4,0x00E7C0,0x152,0x00E912,0x02AE,35,C0,3B,OK
0x5EAC,0x36AC,0B,40,4,0x00E7C0,0x153,0x00E913,0x02AD,35,1F,99,OK
0x5EAB,0x36AB,0B,40,4,0x00E7C0,0x154,0x00E914,0x02AC,35,8E,07,OK
0x5EAA,0x36AA,0B,40,4,0x00E7C0,0x155,0x00E915,0x02AB,35,03,7B,OK
0x5EA9,0x36A9,0B,40,4,0x00E7C0,0x156,0x00E916,0x02AA,35,AA,21,OK
0x5EA8,0x36A8,0B,40,4,0x00E7C0,0x157,0x00E917,0x02A9,35,03,79,OK
0x5EA7,0x36A7,0B,40,4,0x00E7C0,0x158,0x00E918,0x02A8,35,90,05,OK
0x5EA6,0x36A6,0B,40,4,0x00E7C0,0x159,0x00E919,0x02A7,35,03,77,OK
0x5EA5,0x36A5,0B,40,4,0x00E7C0,0x15A,0x00E91A,0x02A6,35,80,F3,OK
0x5EA4,0x36A4,0B,40,4,0x00E7C0,0x15B,0x00E91B,0x02A5,35,BF,31,OK
0x5EA3,0x36A3,0B,40,4,0x00E7C0,0x15C,0x00E91C,0x02A4,35,31,A2,OK
0x5EA2,0x36A2,0B,40,4,0x00E7C0,0x15D,0x00E91D,0x02A3,35,3E,AE,OK
0x5EA1,0x36A1,0B,40,4,0x00E7C0,0x15E,0x00E91E,0x02A2,35,06,75,OK
0x5EA0,0x36A0,0B,40,4,0x00E7C0,0x15F,0x00E91F,0x02A1,35,04,72,OK
0x5E9F,0x369F,0B,40,4,0x00E7C0,0x160,0x00E920,0x02A0,35,00,6D,OK
0x5E9E,0x369E,0B,40,4,0x00E7C0,0x161,0x00E921,0x029F,35,1F,8B,OK
0x5E9D,0x369D,0B,40,4,0x00E7C0,0x162,0x00E922,0x029E,35,D8,43,OK
0x5E9C,0x369C,0B,40,4,0x00E7C0,0x163,0x00E923,0x029D,35,05,6F,OK
0x5E9B,0x369B,0B,40,4,0x00E7C0,0x164,0x00E924,0x029C,35,1A,83,OK
0x5E9A,0x369A,0B,40,4,0x00E7C0,0x165,0x00E925,0x029B,35,C0,28,OK
0x5E99,0x3699,0B,40,4,0x00E7C0,0x166,0x00E926,0x029A,35,18,7F,OK
0x5E98,0x3698,0B,40,4,0x00E7C0,0x167,0x00E927,0x0299,35,8E,F4,OK
0x5E97,0x3697,0B,40,4,0x00E7C0,0x168,0x00E928,0x0298,35,03,68,OK
0x5E96,0x3696,0B,40,4,0x00E7C0,0x169,0x00E929,0x0297,35,90,F4,OK
0x5E95,0x3695,0B,40,4,0x00E7C0,0x16A,0x00E92A,0x0296,35,03,66,OK
0x5E94,0x3694,0B,40,4,0x00E7C0,0x16B,0x00E92B,0x0295,35,80,E2,OK
0x5E93,0x3693,0B,40,4,0x00E7C0,0x16C,0x00E92C,0x0294,35,BF,20,OK
0x5E92,0x3692,0B,40,4,0x00E7C0,0x16D,0x00E92D,0x0293,35,31,91,OK
0x5E91,0x3691,0B,40,4,0x00E7C0,0x16E,0x00E92E,0x0292,35,3E,9D,OK
0x5E90,0x3690,0B,40,4,0x00E7C0,0x16F,0x00E92F,0x0291,35,06,64,OK
0x5E8F,0x368F,0B,40,4,0x00E7C0,0x170,0x00E930,0x0290,35,04,61,OK
0x5E8E,0x368E,0B,40,4,0x00E7C0,0x171,0x00E931,0x028F,35,00,5C,OK
0x5E8D,0x368D,0B,40,4,0x00E7C0,0x172,0x00E932,0x028E,35,1F,7A,OK
0x5E8C,0x368C,0B,40,4,0x00E7C0,0x173,0x00E933,0x028D,35,D8,32,OK
0x5E8B,0x368B,0B,40,4,0x00E7C0,0x174,0x00E934,0x028C,35,05,5E,OK
0x5E8A,0x368A,0B,40,4,0x00E7C0,0x175,0x00E935,0x028B,35,1A,72,OK
0x5E89,0x3689,0B,40,4,0x00E7C0,0x176,0x00E936,0x028A,35,C0,17,OK
0x5E88,0x3688,0B,40,4,0x00E7C0,0x177,0x00E937,0x0289,35,18,6E,OK
0x5E87,0x3687,0B,40,4,0x00E7C0,0x178,0x00E938,0x0288,35,8E,E3,OK
0x5E86,0x3686,0B,40,4,0x00E7C0,0x179,0x00E939,0x0287,35,03,57,OK
0x5E85,0x3685,0B,40,4,0x00E7C0,0x17A,0x00E93A,0x0286,35,AA,FD,OK
0x5E84,0x3684,0B,40,4,0x00E7C0,0x17B,0x00E93B,0x0285,35,03,55,OK
0x5E83,0x3683,0B,40,4,0x00E7C0,0x17C,0x00E93C,0x0284,35,90,E1,OK
0x5E82,0x3682,0B,40,4,0x00E7C0,0x17D,0x00E93D,0x0283,35,03,53,OK
0x5E81,0x3681,0B,40,4,0x00E7C0,0x17E,0x00E93E,0x0282,35,80,CF,OK
0x5E80,0x3680,0B,40,4,0x00E7C0,0x17F,0x00E93F,0x0281,35,BB,09,OK
0x5E7F,0x367F,0B,40,4,0x00E7C0,0x180,0x00E940,0x0280,35,31,7E,OK
0x5E7E,0x367E,0B,40,4,0x00E7C0,0x181,0x00E941,0x027F,35,30,7C,OK
0x5E7D,0x367D,0B,40,4,0x00E7C0,0x182,0x00E942,0x027E,35,06,51,OK
0x5E7C,0x367C,0B,40,4,0x00E7C0,0x183,0x00E943,0x027D,35,04,4E,OK
0x5E7B,0x367B,0B,40,4,0x00E7C0,0x184,0x00E944,0x027C,35,00,49,OK
0x5E7A,0x367A,0B,40,4,0x00E7C0,0x185,0x00E945,0x027B,35,18,60,OK
0x5E79,0x3679,0B,40,4,0x00E7C0,0x186,0x00E946,0x027A,35,D8,1F,OK
0x5E78,0x3678,0B,40,4,0x00E7C0,0x187,0x00E947,0x0279,35,05,4B,OK
0x5E77,0x3677,0B,40,4,0x00E7C0,0x188,0x00E948,0x0278,35,18,5D,OK
0x5E76,0x3676,0B,40,4,0x00E7C0,0x189,0x00E949,0x0277,35,C0,04,OK
0x5E75,0x3675,0B,40,4,0x00E7C0,0x18A,0x00E94A,0x0276,35,18,5B,OK
0x5E74,0x3674,0B,40,4,0x00E7C0,0x18B,0x00E94B,0x0275,35,8E,D0,OK
0x5E73,0x3673,0B,40,4,0x00E7C0,0x18C,0x00E94C,0x0274,35,03,44,OK
0x5E72,0x3672,0B,40,4,0x00E7C0,0x18D,0x00E94D,0x0273,35,90,D0,OK
0x5E71,0x3671,0B,40,4,0x00E7C0,0x18E,0x00E94E,0x0272,35,03,42,OK
0x5E70,0x3670,0B,40,4,0x00E7C0,0x18F,0x00E94F,0x0271,35,80,BE,OK
0x5E6F,0x366F,0B,40,4,0x00E7C0,0x190,0x00E950,0x0270,35,BB,F8,OK
0x5E6E,0x366E,0B,40,4,0x00E7C0,0x191,0x00E951,0x026F,35,31,6D,OK
0x5E6D,0x366D,0B,40,4,0x00E7C0,0x192,0x00E952,0x026E,35,30,6B,OK
0x5E6C,0x366C,0B,40,4,0x00E7C0,0x193,0x00E953,0x026D,35,06,40,OK
0x5E6B,0x366B,0B,40,4,0x00E7C0,0x194,0x00E954,0x026C,35,04,3D,OK
0x5E6A,0x366A,0B,40,4,0x00E7C0,0x195,0x00E955,0x026B,35,00,38,OK
0x5E69,0x3669,0B,40,4,0x00E7C0,0x196,0x00E956,0x026A,35,18,4F,OK
0x5E68,0x3668,0B,40,4,0x00E7C0,0x197,0x00E957,0x0269,35,D8,0E,OK
0x5E67,0x3667,0B,40,4,0x00E7C0,0x198,0x00E958,0x0268,35,05,3A,OK
0x5E66,0x3666,0B,40,4,0x00E7C0,0x199,0x00E959,0x0267,35,18,4C,OK
0x5E65,0x3665,0B,40,4,0x00E7C0,0x19A,0x00E95A,0x0266,35,C0,F3,OK
0x5E64,0x3664,0B,40,4,0x00E7C0,0x19B,0x00E95B,0x0265,35,18,4A,OK
0x5E63,0x3663,0B,40,4,0x00E7C0,0x19C,0x00E95C,0x0264,35,8E,BF,OK
0x5E62,0x3662,0B,40,4,0x00E7C0,0x19D,0x00E95D,0x0263,35,03,33,OK
0x5E61,0x3661,0B,40,4,0x00E7C0,0x19E,0x00E95E,0x0262,35,AA,D9,OK
0x5E60,0x3660,0B,40,4,0x00E7C0,0x19F,0x00E95F,0x0261,35,03,31,OK
0x5E5F,0x365F,0B,40,4,0x00E7C0,0x1A0,0x00E960,0x0260,35,90,BD,OK
0x5E5E,0x365E,0B,40,4,0x00E7C0,0x1A1,0x00E961,0x025F,35,03,2F,OK
0x5E5D,0x365D,0B,40,4,0x00E7C0,0x1A2,0x00E962,0x025E,35,80,AB,OK
0x5E5C,0x365C,0B,40,4,0x00E7C0,0x1A3,0x00E963,0x025D,35,31,5B,OK
0x5E5B,0x365B,0B,40,4,0x00E7C0,0x1A4,0x00E964,0x025C,35,9F,C8,OK
0x5E5A,0x365A,0B,40,4,0x00E7C0,0x1A5,0x00E965,0x025B,35,BF,E7,OK
0x5E59,0x3659,0B,40,4,0x00E7C0,0x1A6,0x00E966,0x025A,35,1F,46,OK
0x5E58,0x3658,0B,40,4,0x00E7C0,0x1A7,0x00E967,0x0259,35,C0,E6,OK
0x5E57,0x3657,0B,40,4,0x00E7C0,0x1A8,0x00E968,0x0258,35,1F,44,OK
0x5E56,0x3656,0B,40,4,0x00E7C0,0x1A9,0x00E969,0x0257,35,98,BC,OK
0x5E55,0x3655,0B,40,4,0x00E7C0,0x1AA,0x00E96A,0x0256,35,CF,F2,OK
0x5E54,0x3654,0B,40,4,0x00E7C0,0x1AB,0x00E96B,0x0255,35,18,3A,OK
0x5E53,0x3653,0B,40,4,0x00E7C0,0x1AC,0x00E96C,0x0254,35,80,A1,OK
0x5E52,0x3652,0B,40,4,0x00E7C0,0x1AD,0x00E96D,0x0253,35,0F,2F,OK
0x5E51,0x3651,0B,40,4,0x00E7C0,0x1AE,0x00E96E,0x0252,35,8E,AD,OK
0x5E50,0x3650,0B,40,4,0x00E7C0,0x1AF,0x00E96F,0x0251,35,03,21,OK
0x5E4F,0x364F,0B,40,4,0x00E7C0,0x1B0,0x00E970,0x0250,35,90,AD,OK
0x5E4E,0x364E,0B,40,4,0x00E7C0,0x1B1,0x00E971,0x024F,35,03,1F,OK
0x5E4D,0x364D,0B,40,4,0x00E7C0,0x1B2,0x00E972,0x024E,35,80,9B,OK
0x5E4C,0x364C,0B,40,4,0x00E7C0,0x1B3,0x00E973,0x024D,35,31,4B,OK
0x5E4B,0x364B,0B,40,4,0x00E7C0,0x1B4,0x00E974,0x024C,35,9F,B8,OK
0x5E4A,0x364A,0B,40,4,0x00E7C0,0x1B5,0x00E975,0x024B,35,BF,D7,OK
0x5E49,0x3649,0B,40,4,0x00E7C0,0x1B6,0x00E976,0x024A,35,1F,36,OK
0x5E48,0x3648,0B,40,4,0x00E7C0,0x1B7,0x00E977,0x0249,35,C0,D6,OK
0x5E47,0x3647,0B,40,4,0x00E7C0,0x1B8,0x00E978,0x0248,35,1F,34,OK
0x5E46,0x3646,0B,40,4,0x00E7C0,0x1B9,0x00E979,0x0247,35,98,AC,OK
0x5E45,0x3645,0B,40,4,0x00E7C0,0x1BA,0x00E97A,0x0246,35,CF,E2,OK
0x5E44,0x3644,0B,40,4,0x00E7C0,0x1BB,0x00E97B,0x0245,35,18,2A,OK
0x5E43,0x3643,0B,40,4,0x00E7C0,0x1BC,0x00E97C,0x0244,35,80,91,OK
0x5E42,0x3642,0B,40,4,0x00E7C0,0x1BD,0x00E97D,0x0243,35,0F,1F,OK
0x5E41,0x3641,0B,40,4,0x00E7C0,0x1BE,0x00E97E,0x0242,35,8E,9D,OK
0x5E40,0x3640,0B,40,4,0x00E7C0,0x1BF,0x00E97F,0x0241,35,03,11,OK
0x5E3F,0x363F,0B,40,4,0x00E7C0,0x1C0,0x00E980,0x0240,35,AA,B7,OK
0x5E3E,0x363E,0B,40,4,0x00E7C0,0x1C1,0x00E981,0x023F,35,03,0F,OK
0x5E3D,0x363D,0B,40,4,0x00E7C0,0x1C2,0x00E982,0x023E,35,AA,B5,OK
0x5E3C,0x363C,0B,40,4,0x00E7C0,0x1C3,0x00E983,0x023D,35,03,0D,OK
0x5E3B,0x363B,0B,40,4,0x00E7C0,0x1C4,0x00E984,0x023C,35,AA,B3,OK
0x5E3A,0x363A,0B,40,4,0x00E7C0,0x1C5,0x00E985,0x023B,35,03,0B,OK
0x5E39,0x3639,0B,40,4,0x00E7C0,0x1C6,0x00E986,0x023A,35,AA,B1,OK
0x5E38,0x3638,0B,40,4,0x00E7C0,0x1C7,0x00E987,0x0239,35,03,09,OK
0x5E37,0x3637,0B,40,4,0x00E7C0,0x1C8,0x00E988,0x0238,35,92,97,OK
0x5E36,0x3636,0B,40,4,0x00E7C0,0x1C9,0x00E989,0x0237,35,03,07,OK
0x5E35,0x3635,0B,40,4,0x00E7C0,0x1CA,0x00E98A,0x0236,35,C0,C3,OK
0x5E34,0x3634,0B,40,4,0x00E7C0,0x1CB,0x00E98B,0x0235,35,03,05,OK
0x5E33,0x3633,0B,40,4,0x00E7C0,0x1CC,0x00E98C,0x0234,35,04,05,OK
0x5E32,0x3632,0B,40,4,0x00E7C0,0x1CD,0x00E98D,0x0233,35,96,96,OK
0x5E31,0x3631,0B,40,4,0x00E7C0,0x1CE,0x00E98E,0x0232,35,03,02,OK
0x5E30,0x3630,0B,40,4,0x00E7C0,0x1CF,0x00E98F,0x0231,35,92,90,OK
0x5E2F,0x362F,0B,40,4,0x00E7C0,0x1D0,0x00E990,0x0230,35,03,00,OK
0x5E2E,0x362E,0B,40,4,0x00E7C0,0x1D1,0x00E991,0x022F,35,C0,BC,OK
0x5E2D,0x362D,0B,40,4,0x00E7C0,0x1D2,0x00E992,0x022E,35,03,FE,OK
0x5E2C,0x362C,0B,40,4,0x00E7C0,0x1D3,0x00E993,0x022D,35,04,FE,OK
0x5E2B,0x362B,0B,40,4,0x00E7C0,0x1D4,0x00E994,0x022C,35,96,8F,OK
0x5E2A,0x362A,0B,40,4,0x00E7C0,0x1D5,0x00E995,0x022B,35,03,FB,OK
0x5E29,0x3629,0B,40,4,0x00E7C0,0x1D6,0x00E996,0x022A,35,AA,A1,OK
0x5E28,0x3628,0B,40,4,0x00E7C0,0x1D7,0x00E997,0x0229,35,03,F9,OK
0x5E27,0x3627,0B,40,4,0x00E7C0,0x1D8,0x00E998,0x0228,35,92,87,OK
0x5E26,0x3626,0B,40,4,0x00E7C0,0x1D9,0x00E999,0x0227,35,03,F7,OK
0x5E25,0x3625,0B,40,4,0x00E7C0,0x1DA,0x00E99A,0x0226,35,20,13,OK
0x5E24,0x3624,0B,40,4,0x00E7C0,0x1DB,0x00E99B,0x0225,35,E0,D2,OK
0x5E23,0x3623,0B,40,4,0x00E7C0,0x1DC,0x00E99C,0x0224,35,C1,B2,OK
0x5E22,0x3622,0B,40,4,0x00E7C0,0x1DD,0x00E99D,0x0223,35,C3,B3,OK
0x5E21,0x3621,0B,40,4,0x00E7C0,0x1DE,0x00E99E,0x0222,35,31,20,OK
0x5E20,0x3620,0B,40,4,0x00E7C0,0x1DF,0x00E99F,0x0221,35,3C,2A,OK
0x5E1F,0x361F,0B,40,4,0x00E7C0,0x1E0,0x00E9A0,0x0220,35,0F,FC,OK
0x5E1E,0x361E,0B,40,4,0x00E7C0,0x1E1,0x00E9A1,0x021F,35,C4,B0,OK
0x5E1D,0x361D,0B,40,4,0x00E7C0,0x1E2,0x00E9A2,0x021E,35,01,EC,OK
0x5E1C,0x361C,0B,40,4,0x00E7C0,0x1E3,0x00E9A3,0x021D,35,8F,79,OK
0x5E1B,0x361B,0B,40,4,0x00E7C0,0x1E4,0x00E9A4,0x021C,35,03,EC,OK
0x5E1A,0x361A,0B,40,4,0x00E7C0,0x1E5,0x00E9A5,0x021B,35,92,7A,OK
0x5E19,0x3619,0B,40,4,0x00E7C0,0x1E6,0x00E9A6,0x021A,35,03,EA,OK
0x5E18,0x3618,0B,40,4,0x00E7C0,0x1E7,0x00E9A7,0x0219,35,20,06,OK
0x5E17,0x3617,0B,40,4,0x00E7C0,0x1E8,0x00E9A8,0x0218,35,E0,C5,OK
0x5E16,0x3616,0B,40,4,0x00E7C0,0x1E9,0x00E9A9,0x0217,35,C1,A5,OK
0x5E15,0x3615,0B,40,4,0x00E7C0,0x1EA,0x00E9AA,0x0216,35,C3,A6,OK
0x5E14,0x3614,0B,40,4,0x00E7C0,0x1EB,0x00E9AB,0x0215,35,31,13,OK
0x5E13,0x3613,0B,40,4,0x00E7C0,0x1EC,0x00E9AC,0x0214,35,3C,1D,OK
0x5E12,0x3612,0B,40,4,0x00E7C0,0x1ED,0x00E9AD,0x0213,35,0F,EF,OK
0x5E11,0x3611,0B,40,4,0x00E7C0,0x1EE,0x00E9AE,0x0212,35,C4,A3,OK
0x5E10,0x3610,0B,40,4,0x00E7C0,0x1EF,0x00E9AF,0x0211,35,01,DF,OK
0x5E0F,0x360F,0B,40,4,0x00E7C0,0x1F0,0x00E9B0,0x0210,35,8F,6C,OK
0x5E0E,0x360E,0B,40,4,0x00E7C0,0x1F1,0x00E9B1,0x020F,35,03,DF,OK
0x5E0D,0x360D,0B,40,4,0x00E7C0,0x1F2,0x00E9B2,0x020E,35,AA,85,OK
0x5E0C,0x360C,0B,40,4,0x00E7C0,0x1F3,0x00E9B3,0x020D,35,03,DD,OK
0x5E0B,0x360B,0B,40,4,0x00E7C0,0x1F4,0x00E9B4,0x020C,35,92,6B,OK
0x5E0A,0x360A,0B,40,4,0x00E7C0,0x1F5,0x00E9B5,0x020B,35,03,DB,OK
0x5E09,0x3609,0B,40,4,0x00E7C0,0x1F6,0x00E9B6,0x020A,35,E0,B7,OK
0x5E08,0x3608,0B,40,4,0x00E7C0,0x1F7,0x00E9B7,0x0209,35,11,E7,OK
0x5E07,0x3607,0B,40,4,0x00E7C0,0x1F8,0x00E9B8,0x0208,35,41,16,OK
0x5E06,0x3606,0B,40,4,0x00E7C0,0x1F9,0x00E9B9,0x0207,35,04,D8,OK
0x5E05,0x3605,0B,40,4,0x00E7C0,0x1FA,0x00E9BA,0x0206,35,04,D7,OK
0x5E04,0x3604,0B,40,4,0x00E7C0,0x1FB,0x00E9BB,0x0205,35,42,14,OK
0x5E03,0x3603,0B,40,4,0x00E7C0,0x1FC,0x00E9BC,0x0204,35,44,15,OK
0x5E02,0x3602,0B,40,4,0x00E7C0,0x1FD,0x00E9BD,0x0203,35,10,E0,OK
0x5E01,0x3601,0B,40,4,0x00E7C0,0x1FE,0x00E9BE,0x0202,35,24,F3,OK
0x5E00,0x3600,0B,40,4,0x00E7C0,0x1FF,0x00E9BF,0x0201,35,02,D0,OK
0x5DFF,0x35FF,0B,40,4,0x00E7C0,0x200,0x00E9C0,0x0200,35,04,D1,OK
0x5DFE,0x35FE,0B,40,4,0x00E7C0,0x201,0x00E9C1,0x01FF,35,8F,5A,OK
0x5DFD,0x35FD,0B,40,4,0x00E7C0,0x202,0x00E9C2,0x01FE,35,03,CD,OK
0x5DFC,0x35FC,0B,40,4,0x00E7C0,0x203,0x00E9C3,0x01FD,35,92,5B,OK
0x5DFB,0x35FB,0B,40,4,0x00E7C0,0x204,0x00E9C4,0x01FC,35,03,CB,OK
0x5DFA,0x35FA,0B,40,4,0x00E7C0,0x205,0x00E9C5,0x01FB,35,E0,A7,OK
0x5DF9,0x35F9,0B,40,4,0x00E7C0,0x206,0x00E9C6,0x01FA,35,11,D7,OK
0x5DF8,0x35F8,0B,40,4,0x00E7C0,0x207,0x00E9C7,0x01F9,35,41,06,OK
0x5DF7,0x35F7,0B,40,4,0x00E7C0,0x208,0x00E9C8,0x01F8,35,04,C8,OK
0x5DF6,0x35F6,0B,40,4,0x00E7C0,0x209,0x00E9C9,0x01F7,35,04,C7,OK
0x5DF5,0x35F5,0B,40,4,0x00E7C0,0x20A,0x00E9CA,0x01F6,35,42,04,OK
0x5DF4,0x35F4,0B,40,4,0x00E7C0,0x20B,0x00E9CB,0x01F5,35,44,05,OK
0x5DF3,0x35F3,0B,40,4,0x00E7C0,0x20C,0x00E9CC,0x01F4,35,10,D0,OK
0x5DF2,0x35F2,0B,40,4,0x00E7C0,0x20D,0x00E9CD,0x01F3,35,24,E3,OK
0x5DF1,0x35F1,0B,40,4,0x00E7C0,0x20E,0x00E9CE,0x01F2,35,02,C0,OK
0x5DF0,0x35F0,0B,40,4,0x00E7C0,0x20F,0x00E9CF,0x01F1,35,04,C1,OK
0x5DEF,0x35EF,0B,40,4,0x00E7C0,0x210,0x00E9D0,0x01F0,35,8F,4B,OK
0x5DEE,0x35EE,0B,40,4,0x00E7C0,0x211,0x00E9D1,0x01EF,35,03,BE,OK
0x5DED,0x35ED,0B,40,4,0x00E7C0,0x212,0x00E9D2,0x01EE,35,AA,64,OK
0x5DEC,0x35EC,0B,40,4,0x00E7C0,0x213,0x00E9D3,0x01ED,35,03,BC,OK
0x5DEB,0x35EB,0B,40,4,0x00E7C0,0x214,0x00E9D4,0x01EC,35,92,4A,OK
0x5DEA,0x35EA,0B,40,4,0x00E7C0,0x215,0x00E9D5,0x01EB,35,03,BA,OK
0x5DE9,0x35E9,0B,40,4,0x00E7C0,0x216,0x00E9D6,0x01EA,35,20,D6,OK
0x5DE8,0x35E8,0B,40,4,0x00E7C0,0x217,0x00E9D7,0x01E9,35,12,C7,OK
0x5DE7,0x35E7,0B,40,4,0x00E7C0,0x218,0x00E9D8,0x01E8,35,41,F5,OK
0x5DE6,0x35E6,0B,40,4,0x00E7C0,0x219,0x00E9D9,0x01E7,35,E4,97,OK
0x5DE5,0x35E5,0B,40,4,0x00E7C0,0x21A,0x00E9DA,0x01E6,35,43,F5,OK
0x5DE4,0x35E4,0B,40,4,0x00E7C0,0x21B,0x00E9DB,0x01E5,35,44,F5,OK
0x5DE3,0x35E3,0B,40,4,0x00E7C0,0x21C,0x00E9DC,0x01E4,35,5F,0F,OK
0x5DE2,0x35E2,0B,40,4,0x00E7C0,0x21D,0x00E9DD,0x01E3,35,06,B5,OK
0x5DE1,0x35E1,0B,40,4,0x00E7C0,0x21E,0x00E9DE,0x01E2,35,04,B2,OK
0x5DE0,0x35E0,0B,40,4,0x00E7C0,0x21F,0x00E9DF,0x01E1,35,02,AF,OK
0x5DDF,0x35DF,0B,40,4,0x00E7C0,0x220,0x00E9E0,0x01E0,35,04,B0,OK
0x5DDE,0x35DE,0B,40,4,0x00E7C0,0x221,0x00E9E1,0x01DF,35,8F,3A,OK
0x5DDD,0x35DD,0B,40,4,0x00E7C0,0x222,0x00E9E2,0x01DE,35,03,AD,OK
0x5DDC,0x35DC,0B,40,4,0x00E7C0,0x223,0x00E9E3,0x01DD,35,92,3B,OK
0x5DDB,0x35DB,0B,40,4,0x00E7C0,0x224,0x00E9E4,0x01DC,35,03,AB,OK
0x5DDA,0x35DA,0B,40,4,0x00E7C0,0x225,0x00E9E5,0x01DB,35,20,C7,OK
0x5DD9,0x35D9,0B,40,4,0x00E7C0,0x226,0x00E9E6,0x01DA,35,12,B8,OK
0x5DD8,0x35D8,0B,40,4,0x00E7C0,0x227,0x00E9E7,0x01D9,35,41,E6,OK
0x5DD7,0x35D7,0B,40,4,0x00E7C0,0x228,0x00E9E8,0x01D8,35,E4,88,OK
0x5DD6,0x35D6,0B,40,4,0x00E7C0,0x229,0x00E9E9,0x01D7,35,43,E6,OK
0x5DD5,0x35D5,0B,40,4,0x00E7C0,0x22A,0x00E9EA,0x01D6,35,44,E6,OK
0x5DD4,0x35D4,0B,40,4,0x00E7C0,0x22B,0x00E9EB,0x01D5,35,5F,00,OK
0x5DD3,0x35D3,0B,40,4,0x00E7C0,0x22C,0x00E9EC,0x01D4,35,06,A6,OK
0x5DD2,0x35D2,0B,40,4,0x00E7C0,0x22D,0x00E9ED,0x01D3,35,04,A3,OK
0x5DD1,0x35D1,0B,40,4,0x00E7C0,0x22E,0x00E9EE,0x01D2,35,02,A0,OK
0x5DD0,0x35D0,0B,40,4,0x00E7C0,0x22F,0x00E9EF,0x01D1,35,04,A1,OK
0x5DCF,0x35CF,0B,40,4,0x00E7C0,0x230,0x00E9F0,0x01D0,35,8F,2B,OK
0x5DCE,0x35CE,0B,40,4,0x00E7C0,0x231,0x00E9F1,0x01CF,35,03,9E,OK
0x5DCD,0x35CD,0B,40,4,0x00E7C0,0x232,0x00E9F2,0x01CE,35,FF,99,OK
0x5DCC,0x35CC,0B,40,4,0x00E7C0,0x233,0x00E9F3,0x01CD,35,2A,C3,OK
0x5DCB,0x35CB,0B,40,4,0x00E7C0,0x234,0x00E9F4,0x01CC,35,03,9B,OK
0x5DCA,0x35CA,0B,40,4,0x00E7C0,0x235,0x00E9F5,0x01CB,35,00,97,OK
0x5DC9,0x35C9,0B,40,4,0x00E7C0,0x236,0x00E9F6,0x01CA,35,12,A8,OK
0x5DC8,0x35C8,0B,40,4,0x00E7C0,0x237,0x00E9F7,0x01C9,35,03,98,OK
0x5DC7,0x35C7,0B,40,4,0x00E7C0,0x238,0x00E9F8,0x01C8,35,20,B4,OK
0x5DC6,0x35C6,0B,40,4,0x00E7C0,0x239,0x00E9F9,0x01C7,35,E2,75,OK
0x5DC5,0x35C5,0B,40,4,0x00E7C0,0x23A,0x00E9FA,0x01C6,35,C1,53,OK
0x5DC4,0x35C4,0B,40,4,0x00E7C0,0x23B,0x00E9FB,0x01C5,35,C3,54,OK
0x5DC3,0x35C3,0B,40,4,0x00E7C0,0x23C,0x00E9FC,0x01C4,35,F1,81,OK
0x5DC2,0x35C2,0B,40,4,0x00E7C0,0x23D,0x00E9FD,0x01C3,35,38,C7,OK
0x5DC1,0x35C1,0B,40,4,0x00E7C0,0x23E,0x00E9FE,0x01C2,35,8E,1C,OK
0x5DC0,0x35C0,0B,40,4,0x00E7C0,0x23F,0x00E9FF,0x01C1,35,25,B2,OK
0x5DBF,0x35BF,0B,40,4,0x00E7C0,0x240,0x00EA00,0x01C0,35,02,8E,OK
0x5DBE,0x35BE,0B,40,4,0x00E7C0,0x241,0x00EA01,0x01BF,35,04,8F,OK
0x5DBD,0x35BD,0B,40,4,0x00E7C0,0x242,0x00EA02,0x01BE,35,00,8A,OK
0x5DBC,0x35BC,0B,40,4,0x00E7C0,0x243,0x00EA03,0x01BD,35,0F,98,OK
0x5DBB,0x35BB,0B,40,4,0x00E7C0,0x244,0x00EA04,0x01BC,35,03,8B,OK
0x5DBA,0x35BA,0B,40,4,0x00E7C0,0x245,0x00EA05,0x01BB,35,00,87,OK
0x5DB9,0x35B9,0B,40,4,0x00E7C0,0x246,0x00EA06,0x01BA,35,12,98,OK
0x5DB8,0x35B8,0B,40,4,0x00E7C0,0x247,0x00EA07,0x01B9,35,03,88,OK
0x5DB7,0x35B7,0B,40,4,0x00E7C0,0x248,0x00EA08,0x01B8,35,20,A4,OK
0x5DB6,0x35B6,0B,40,4,0x00E7C0,0x249,0x00EA09,0x01B7,35,E2,65,OK
0x5DB5,0x35B5,0B,40,4,0x00E7C0,0x24A,0x00EA0A,0x01B6,35,C1,43,OK
0x5DB4,0x35B4,0B,40,4,0x00E7C0,0x24B,0x00EA0B,0x01B5,35,C3,44,OK
0x5DB3,0x35B3,0B,40,4,0x00E7C0,0x24C,0x00EA0C,0x01B4,35,F1,71,OK
0x5DB2,0x35B2,0B,40,4,0x00E7C0,0x24D,0x00EA0D,0x01B3,35,38,B7,OK
0x5DB1,0x35B1,0B,40,4,0x00E7C0,0x24E,0x00EA0E,0x01B2,35,8E,0C,OK
0x5DB0,0x35B0,0B,40,4,0x00E7C0,0x24F,0x00EA0F,0x01B1,35,25,A2,OK
0x5DAF,0x35AF,0B,40,4,0x00E7C0,0x250,0x00EA10,0x01B0,35,02,7E,OK
0x5DAE,0x35AE,0B,40,4,0x00E7C0,0x251,0x00EA11,0x01AF,35,04,7F,OK
0x5DAD,0x35AD,0B,40,4,0x00E7C0,0x252,0x00EA12,0x01AE,35,00,7A,OK
0x5DAC,0x35AC,0B,40,4,0x00E7C0,0x253,0x00EA13,0x01AD,35,0F,88,OK
0x5DAB,0x35AB,0B,40,4,0x00E7C0,0x254,0x00EA14,0x01AC,35,03,7B,OK
0x5DAA,0x35AA,0B,40,4,0x00E7C0,0x255,0x00EA15,0x01AB,35,FF,76,OK
0x5DA9,0x35A9,0B,40,4,0x00E7C0,0x256,0x00EA16,0x01AA,35,2A,A0,OK
0x5DA8,0x35A8,0B,40,4,0x00E7C0,0x257,0x00EA17,0x01A9,35,03,78,OK
0x5DA7,0x35A7,0B,40,4,0x00E7C0,0x258,0x00EA18,0x01A8,35,00,74,OK
0x5DA6,0x35A6,0B,40,4,0x00E7C0,0x259,0x00EA19,0x01A7,35,14,87,OK
0x5DA5,0x35A5,0B,40,4,0x00E7C0,0x25A,0x00EA1A,0x01A6,35,03,75,OK
0x5DA4,0x35A4,0B,40,4,0x00E7C0,0x25B,0x00EA1B,0x01A5,35,41,B2,OK
0x5DA3,0x35A3,0B,40,4,0x00E7C0,0x25C,0x00EA1C,0x01A4,35,00,70,OK
0x5DA2,0x35A2,0B,40,4,0x00E7C0,0x25D,0x00EA1D,0x01A3,35,40,AF,OK
0x5DA1,0x35A1,0B,40,4,0x00E7C0,0x25E,0x00EA1E,0x01A2,35,00,6E,OK
0x5DA0,0x35A0,0B,40,4,0x00E7C0,0x25F,0x00EA1F,0x01A1,35,05,72,OK
0x5D9F,0x359F,0B,40,4,0x00E7C0,0x260,0x00EA20,0x01A0,35,C0,2C,OK
0x5D9E,0x359E,0B,40,4,0x00E7C0,0x261,0x00EA21,0x019F,35,01,6C,OK
0x5D9D,0x359D,0B,40,4,0x00E7C0,0x262,0x00EA22,0x019E,35,00,6A,OK
0x5D9C,0x359C,0B,40,4,0x00E7C0,0x263,0x00EA23,0x019D,35,0F,78,OK
0x5D9B,0x359B,0B,40,4,0x00E7C0,0x264,0x00EA24,0x019C,35,03,6B,OK
0x5D9A,0x359A,0B,40,4,0x00E7C0,0x265,0x00EA25,0x019B,35,00,67,OK
0x5D99,0x3599,0B,40,4,0x00E7C0,0x266,0x00EA26,0x019A,35,14,7A,OK
0x5D98,0x3598,0B,40,4,0x00E7C0,0x267,0x00EA27,0x0199,35,03,68,OK
0x5D97,0x3597,0B,40,4,0x00E7C0,0x268,0x00EA28,0x0198,35,41,A5,OK
0x5D96,0x3596,0B,40,4,0x00E7C0,0x269,0x00EA29,0x0197,35,00,63,OK
0x5D95,0x3595,0B,40,4,0x00E7C0,0x26A,0x00EA2A,0x0196,35,40,A2,OK
0x5D94,0x3594,0B,40,4,0x00E7C0,0x26B,0x00EA2B,0x0195,35,00,61,OK
0x5D93,0x3593,0B,40,4,0x00E7C0,0x26C,0x00EA2C,0x0194,35,05,65,OK
0x5D92,0x3592,0B,40,4,0x00E7C0,0x26D,0x00EA2D,0x0193,35,C0,1F,OK
0x5D91,0x3591,0B,40,4,0x00E7C0,0x26E,0x00EA2E,0x0192,35,01,5F,OK
0x5D90,0x3590,0B,40,4,0x00E7C0,0x26F,0x00EA2F,0x0191,35,00,5D,OK
0x5D8F,0x358F,0B,40,4,0x00E7C0,0x270,0x00EA30,0x0190,35,0F,6B,OK
0x5D8E,0x358E,0B,40,4,0x00E7C0,0x271,0x00EA31,0x018F,35,03,5E,OK
0x5D8D,0x358D,0B,40,4,0x00E7C0,0x272,0x00EA32,0x018E,35,09,63,OK
0x5D8C,0x358C,0B,40,4,0x00E7C0,0x273,0x00EA33,0x018D,35,45,9E,OK
0x5D8B,0x358B,0B,40,4,0x00E7C0,0x274,0x00EA34,0x018C,35,0A,62,OK
0x5D8A,0x358A,0B,40,4,0x00E7C0,0x275,0x00EA35,0x018B,35,51,A8,OK
0x5D89,0x3589,0B,40,4,0x00E7C0,0x276,0x00EA36,0x018A,35,09,5F,OK
0x5D88,0x3588,0B,40,4,0x00E7C0,0x277,0x00EA37,0x0189,35,45,9A,OK
0x5D87,0x3587,0B,40,4,0x00E7C0,0x278,0x00EA38,0x0188,35,55,A9,OK
0x5D86,0x3586,0B,40,4,0x00E7C0,0x279,0x00EA39,0x0187,35,06,59,OK
0x5D85,0x3585,0B,40,4,0x00E7C0,0x27A,0x00EA3A,0x0186,35,51,A3,OK
0x5D84,0x3584,0B,40,4,0x00E7C0,0x27B,0x00EA3B,0x0185,35,55,A6,OK
0x5D83,0x3583,0B,40,4,0x00E7C0,0x27C,0x00EA3C,0x0184,35,15,65,OK
0x5D82,0x3582,0B,40,4,0x00E7C0,0x27D,0x00EA3D,0x0183,35,11,60,OK
0x5D81,0x3581,0B,40,4,0x00E7C0,0x27E,0x00EA3E,0x0182,35,0C,5A,OK
0x5D80,0x3580,0B,40,4,0x00E7C0,0x27F,0x00EA3F,0x0181,35,54,A1,OK
0x5D7F,0x357F,0B,40,4,0x00E7C0,0x280,0x00EA40,0x0180,35,0B,57,OK
0x5D7E,0x357E,0B,40,4,0x00E7C0,0x281,0x00EA41,0x017F,35,40,8B,OK
0x5D7D,0x357D,0B,40,4,0x00E7C0,0x282,0x00EA42,0x017E,35,86,D0,OK
0x5D7C,0x357C,0B,40,4,0x00E7C0,0x283,0x00EA43,0x017D,35,03,4C,OK
0x5D7B,0x357B,0B,40,4,0x00E7C0,0x284,0x00EA44,0x017C,35,45,8D,OK
0x5D7A,0x357A,0B,40,4,0x00E7C0,0x285,0x00EA45,0x017B,35,15,5C,OK
0x5D79,0x3579,0B,40,4,0x00E7C0,0x286,0x00EA46,0x017A,35,54,9A,OK
0x5D78,0x3578,0B,40,4,0x00E7C0,0x287,0x00EA47,0x0179,35,09,4E,OK
0x5D77,0x3577,0B,40,4,0x00E7C0,0x288,0x00EA48,0x0178,35,01,45,OK
0x5D76,0x3576,0B,40,4,0x00E7C0,0x289,0x00EA49,0x0177,35,50,93,OK
0x5D75,0x3575,0B,40,4,0x00E7C0,0x28A,0x00EA4A,0x0176,35,10,52,OK
0x5D74,0x3574,0B,40,4,0x00E7C0,0x28B,0x00EA4B,0x0175,35,51,92,OK
0x5D73,0x3573,0B,40,4,0x00E7C0,0x28C,0x00EA4C,0x0174,35,01,41,OK
0x5D72,0x3572,0B,40,4,0x00E7C0,0x28D,0x00EA4D,0x0173,35,55,94,OK
0x5D71,0x3571,0B,40,4,0x00E7C0,0x28E,0x00EA4E,0x0172,35,15,53,OK
0x5D70,0x3570,0B,40,4,0x00E7C0,0x28F,0x00EA4F,0x0171,35,54,91,OK
0x5D6F,0x356F,0B,40,4,0x00E7C0,0x290,0x00EA50,0x0170,35,57,93,OK
0x5D6E,0x356E,0B,40,4,0x00E7C0,0x291,0x00EA51,0x016F,35,55,90,OK
0x5D6D,0x356D,0B,40,4,0x00E7C0,0x292,0x00EA52,0x016E,35,06,40,OK
0x5D6C,0x356C,0B,40,4,0x00E7C0,0x293,0x00EA53,0x016D,35,D5,0E,OK
0x5D6B,0x356B,0B,40,4,0x00E7C0,0x294,0x00EA54,0x016C,35,55,8D,OK
0x5D6A,0x356A,0B,40,4,0x00E7C0,0x295,0x00EA55,0x016B,35,05,3C,OK
0x5D69,0x3569,0B,40,4,0x00E7C0,0x296,0x00EA56,0x016A,35,10,46,OK
0x5D68,0x3568,0B,40,4,0x00E7C0,0x297,0x00EA57,0x0169,35,50,85,OK
0x5D67,0x3567,0B,40,4,0x00E7C0,0x298,0x00EA58,0x0168,35,15,49,OK
0x5D66,0x3566,0B,40,4,0x00E7C0,0x299,0x00EA59,0x0167,35,05,38,OK
0x5D65,0x3565,0B,40,4,0x00E7C0,0x29A,0x00EA5A,0x0166,35,05,37,OK
0x5D64,0x3564,0B,40,4,0x00E7C0,0x29B,0x00EA5B,0x0165,35,04,35,OK
0x5D63,0x3563,0B,40,4,0x00E7C0,0x29C,0x00EA5C,0x0164,35,55,85,OK
0x5D62,0x3562,0B,40,4,0x00E7C0,0x29D,0x00EA5D,0x0163,35,45,74,OK
0x5D61,0x3561,0B,40,4,0x00E7C0,0x29E,0x00EA5E,0x0162,35,0C,3A,OK
0x5D60,0x3560,0B,40,4,0x00E7C0,0x29F,0x00EA5F,0x0161,35,54,81,OK
0x5D5F,0x355F,0B,40,4,0x00E7C0,0x2A0,0x00EA60,0x0160,35,55,81,OK
0x5D5E,0x355E,0B,40,4,0x00E7C0,0x2A1,0x00EA61,0x015F,35,DF,0A,OK
0x5D5D,0x355D,0B,40,4,0x00E7C0,0x2A2,0x00EA62,0x015E,35,FF,29,OK
0x5D5C,0x355C,0B,40,4,0x00E7C0,0x2A3,0x00EA63,0x015D,35,F7,20,OK
0x5D5B,0x355B,0B,40,4,0x00E7C0,0x2A4,0x00EA64,0x015C,35,FF,27,OK
0x5D5A,0x355A,0B,40,4,0x00E7C0,0x2A5,0x00EA65,0x015B,35,E7,0E,OK
0x5D59,0x3559,0B,40,4,0x00E7C0,0x2A6,0x00EA66,0x015A,35,F9,1F,OK
0x5D58,0x3558,0B,40,4,0x00E7C0,0x2A7,0x00EA67,0x0159,35,FF,24,OK
0x5D57,0x3557,0B,40,4,0x00E7C0,0x2A8,0x00EA68,0x0158,35,05,29,OK
0x5D56,0x3556,0B,40,4,0x00E7C0,0x2A9,0x00EA69,0x0157,35,7F,A2,OK
0x5D55,0x3555,0B,40,4,0x00E7C0,0x2AA,0x00EA6A,0x0156,35,FF,21,OK
0x5D54,0x3554,0B,40,4,0x00E7C0,0x2AB,0x00EA6B,0x0155,35,77,98,OK
0x5D53,0x3553,0B,40,4,0x00E7C0,0x2AC,0x00EA6C,0x0154,35,FF,1F,OK
0x5D52,0x3552,0B,40,4,0x00E7C0,0x2AD,0x00EA6D,0x0153,35,AA,C9,OK
0x5D51,0x3551,0B,40,4,0x00E7C0,0x2AE,0x00EA6E,0x0152,35,A8,C6,OK
0x5D50,0x3550,0B,40,4,0x00E7C0,0x2AF,0x00EA6F,0x0151,35,05,22,OK
0x5D4F,0x354F,0B,40,4,0x00E7C0,0x2B0,0x00EA70,0x0150,35,A2,BE,OK
0x5D4E,0x354E,0B,40,4,0x00E7C0,0x2B1,0x00EA71,0x014F,35,0A,25,OK
0x5D4D,0x354D,0B,40,4,0x00E7C0,0x2B2,0x00EA72,0x014E,35,04,1E,OK
0x5D4C,0x354C,0B,40,4,0x00E7C0,0x2B3,0x00EA73,0x014D,35,AA,C3,OK
0x5D4B,0x354B,0B,40,4,0x00E7C0,0x2B4,0x00EA74,0x014C,35,82,9A,OK
0x5D4A,0x354A,0B,40,4,0x00E7C0,0x2B5,0x00EA75,0x014B,35,AA,C1,OK
0x5D49,0x3549,0B,40,4,0x00E7C0,0x2B6,0x00EA76,0x014A,35,06,1C,OK
0x5D48,0x3548,0B,40,4,0x00E7C0,0x2B7,0x00EA77,0x0149,35,03,18,OK
0x5D47,0x3547,0B,40,4,0x00E7C0,0x2B8,0x00EA78,0x0148,35,8A,9E,OK
0x5D46,0x3546,0B,40,4,0x00E7C0,0x2B9,0x00EA79,0x0147,35,AA,BD,OK
0x5D45,0x3545,0B,40,4,0x00E7C0,0x2BA,0x00EA7A,0x0146,35,05,17,OK
0x5D44,0x3544,0B,40,4,0x00E7C0,0x2BB,0x00EA7B,0x0145,35,A2,B3,OK
0x5D43,0x3543,0B,40,4,0x00E7C0,0x2BC,0x00EA7C,0x0144,35,A8,B8,OK
0x5D42,0x3542,0B,40,4,0x00E7C0,0x2BD,0x00EA7D,0x0143,35,28,37,OK
0x5D41,0x3541,0B,40,4,0x00E7C0,0x2BE,0x00EA7E,0x0142,35,AA,B8,OK
0x5D40,0x3540,0B,40,4,0x00E7C0,0x2BF,0x00EA7F,0x0141,35,06,13,OK
0x5D3F,0x353F,0B,40,4,0x00E7C0,0x2C0,0x00EA80,0x0140,35,8A,96,OK
0x5D3E,0x353E,0B,40,4,0x00E7C0,0x2C1,0x00EA81,0x013F,35,8B,96,OK
0x5D3D,0x353D,0B,40,4,0x00E7C0,0x2C2,0x00EA82,0x013E,35,03,0D,OK
0x5D3C,0x353C,0B,40,4,0x00E7C0,0x2C3,0x00EA83,0x013D,35,8A,93,OK
0x5D3B,0x353B,0B,40,4,0x00E7C0,0x2C4,0x00EA84,0x013C,35,AA,B2,OK
0x5D3A,0x353A,0B,40,4,0x00E7C0,0x2C5,0x00EA85,0x013B,35,06,0D,OK
0x5D39,0x3539,0B,40,4,0x00E7C0,0x2C6,0x00EA86,0x013A,35,2A,30,OK
0x5D38,0x3538,0B,40,4,0x00E7C0,0x2C7,0x00EA87,0x0139,35,28,2D,OK
0x5D37,0x3537,0B,40,4,0x00E7C0,0x2C8,0x00EA88,0x0138,35,0C,10,OK
0x5D36,0x3536,0B,40,4,0x00E7C0,0x2C9,0x00EA89,0x0137,35,0E,11,OK
0x5D35,0x3535,0B,40,4,0x00E7C0,0x2CA,0x00EA8A,0x0136,35,0B,0D,OK
0x5D34,0x3534,0B,40,4,0x00E7C0,0x2CB,0x00EA8B,0x0135,35,EE,EF,OK
0x5D33,0x3533,0B,40,4,0x00E7C0,0x2CC,0x00EA8C,0x0134,35,AE,AE,OK
0x5D32,0x3532,0B,40,4,0x00E7C0,0x2CD,0x00EA8D,0x0133,35,AA,A9,OK
0x5D31,0x3531,0B,40,4,0x00E7C0,0x2CE,0x00EA8E,0x0132,35,AE,AC,OK
0x5D30,0x3530,0B,40,4,0x00E7C0,0x2CF,0x00EA8F,0x0131,35,2A,27,OK
0x5D2F,0x352F,0B,40,4,0x00E7C0,0x2D0,0x00EA90,0x0130,35,A8,A4,OK
0x5D2E,0x352E,0B,40,4,0x00E7C0,0x2D1,0x00EA91,0x012F,35,AA,A5,OK
0x5D2D,0x352D,0B,40,4,0x00E7C0,0x2D2,0x00EA92,0x012E,35,8A,84,OK
0x5D2C,0x352C,0B,40,4,0x00E7C0,0x2D3,0x00EA93,0x012D,35,A8,A1,OK
0x5D2B,0x352B,0B,40,4,0x00E7C0,0x2D4,0x00EA94,0x012C,35,AA,A2,OK
0x5D2A,0x352A,0B,40,4,0x00E7C0,0x2D5,0x00EA95,0x012B,35,A8,9F,OK
0x5D29,0x3529,0B,40,4,0x00E7C0,0x2D6,0x00EA96,0x012A,35,87,7D,OK
0x5D28,0x3528,0B,40,4,0x00E7C0,0x2D7,0x00EA97,0x0129,35,03,F8,OK
0x5D27,0x3527,0B,40,4,0x00E7C0,0x2D8,0x00EA98,0x0128,35,AE,A2,OK
0x5D26,0x3526,0B,40,4,0x00E7C0,0x2D9,0x00EA99,0x0127,35,FB,EE,OK
0x5D25,0x3525,0B,40,4,0x00E7C0,0x2DA,0x00EA9A,0x0126,35,7F,71,OK
0x5D24,0x3524,0B,40,4,0x00E7C0,0x2DB,0x00EA9B,0x0125,35,D5,C6,OK
0x5D23,0x3523,0B,40,4,0x00E7C0,0x2DC,0x00EA9C,0x0124,35,BF,AF,OK
0x5D22,0x3522,0B,40,4,0x00E7C0,0x2DD,0x00EA9D,0x0123,35,EB,DA,OK
0x5D21,0x3521,0B,40,4,0x00E7C0,0x2DE,0x00EA9E,0x0122,35,FA,E8,OK
0x5D20,0x3520,0B,40,4,0x00E7C0,0x2DF,0x00EA9F,0x0121,35,57,44,OK
0x5D1F,0x351F,0B,40,4,0x00E7C0,0x2E0,0x00EAA0,0x0120,35,FC,E8,OK
0x5D1E,0x351E,0B,40,4,0x00E7C0,0x2E1,0x00EAA1,0x011F,35,FF,EA,OK
0x5D1D,0x351D,0B,40,4,0x00E7C0,0x2E2,0x00EAA2,0x011E,35,FB,E5,OK
0x5D1C,0x351C,0B,40,4,0x00E7C0,0x2E3,0x00EAA3,0x011D,35,FF,E8,OK
0x5D1B,0x351B,0B,40,4,0x00E7C0,0x2E4,0x00EAA4,0x011C,35,0A,F2,OK
0x5D1A,0x351A,0B,40,4,0x00E7C0,0x2E5,0x00EAA5,0x011B,35,15,FC,OK
0x5D19,0x3519,0B,40,4,0x00E7C0,0x2E6,0x00EAA6,0x011A,35,09,EF,OK
0x5D18,0x3518,0B,40,4,0x00E7C0,0x2E7,0x00EAA7,0x0119,35,D5,BA,OK
0x5D17,0x3517,0B,40,4,0x00E7C0,0x2E8,0x00EAA8,0x0118,35,75,59,OK
0x5D16,0x3516,0B,40,4,0x00E7C0,0x2E9,0x00EAA9,0x0117,35,55,38,OK
0x5D15,0x3515,0B,40,4,0x00E7C0,0x2EA,0x00EAAA,0x0116,35,06,E8,OK
0x5D14,0x3514,0B,40,4,0x00E7C0,0x2EB,0x00EAAB,0x0115,35,D4,B5,OK
0x5D13,0x3513,0B,40,4,0x00E7C0,0x2EC,0x00EAAC,0x0114,35,57,37,OK
0x5D12,0x3512,0B,40,4,0x00E7C0,0x2ED,0x00EAAD,0x0113,35,55,34,OK
0x5D11,0x3511,0B,40,4,0x00E7C0,0x2EE,0x00EAAE,0x0112,35,75,53,OK
0x5D10,0x3510,0B,40,4,0x00E7C0,0x2EF,0x00EAAF,0x0111,35,55,32,OK
0x5D0F,0x350F,0B,40,4,0x00E7C0,0x2F0,0x00EAB0,0x0110,35,50,2C,OK
0x5D0E,0x350E,0B,40,4,0x00E7C0,0x2F1,0x00EAB1,0x010F,35,55,30,OK
0x5D0D,0x350D,0B,40,4,0x00E7C0,0x2F2,0x00EAB2,0x010E,35,06,E0,OK
0x5D0C,0x350C,0B,40,4,0x00E7C0,0x2F3,0x00EAB3,0x010D,35,03,DC,OK
0x5D0B,0x350B,0B,40,4,0x00E7C0,0x2F4,0x00EAB4,0x010C,35,15,ED,OK
0x5D0A,0x350A,0B,40,4,0x00E7C0,0x2F5,0x00EAB5,0x010B,35,55,2C,OK
0x5D09,0x3509,0B,40,4,0x00E7C0,0x2F6,0x00EAB6,0x010A,35,15,EB,OK
0x5D08,0x3508,0B,40,4,0x00E7C0,0x2F7,0x00EAB7,0x0109,35,55,2A,OK
0x5D07,0x3507,0B,40,4,0x00E7C0,0x2F8,0x00EAB8,0x0108,35,15,E9,OK
0x5D06,0x3506,0B,40,4,0x00E7C0,0x2F9,0x00EAB9,0x0107,35,55,28,OK
0x5D05,0x3505,0B,40,4,0x00E7C0,0x2FA,0x00EABA,0x0106,35,06,D8,OK
0x5D04,0x3504,0B,40,4,0x00E7C0,0x2FB,0x00EABB,0x0105,35,03,D4,OK
0x5D03,0x3503,0B,40,4,0x00E7C0,0x2FC,0x00EABC,0x0104,35,51,21,OK
0x5D02,0x3502,0B,40,4,0x00E7C0,0x2FD,0x00EABD,0x0103,35,86,55,OK
0x5D01,0x3501,0B,40,4,0x00E7C0,0x2FE,0x00EABE,0x0102,35,03,D1,OK
0x5D00,0x3500,0B,40,4,0x00E7C0,0x2FF,0x00EABF,0x0101,35,54,21,OK
0x5CFF,0x34FF,0B,40,4,0x00E7C0,0x300,0x00EAC0,0x0100,35,55,21,OK
0x5CFE,0x34FE,0B,40,4,0x00E7C0,0x301,0x00EAC1,0x00FF,35,51,1B,OK
0x5CFD,0x34FD,0B,40,4,0x00E7C0,0x302,0x00EAC2,0x00FE,35,55,1E,OK
0x5CFC,0x34FC,0B,40,4,0x00E7C0,0x303,0x00EAC3,0x00FD,35,5D,25,OK
0x5CFB,0x34FB,0B,40,4,0x00E7C0,0x304,0x00EAC4,0x00FC,35,55,1C,OK
0x5CFA,0x34FA,0B,40,4,0x00E7C0,0x305,0x00EAC5,0x00FB,35,05,CB,OK
0x5CF9,0x34F9,0B,40,4,0x00E7C0,0x306,0x00EAC6,0x00FA,35,57,1C,OK
0x5CF8,0x34F8,0B,40,4,0x00E7C0,0x307,0x00EAC7,0x00F9,35,55,19,OK
0x5CF7,0x34F7,0B,40,4,0x00E7C0,0x308,0x00EAC8,0x00F8,35,7F,42,OK
0x5CF6,0x34F6,0B,40,4,0x00E7C0,0x309,0x00EAC9,0x00F7,35,57,19,OK
0x5CF5,0x34F5,0B,40,4,0x00E7C0,0x30A,0x00EACA,0x00F6,35,55,16,OK
0x5CF4,0x34F4,0B,40,4,0x00E7C0,0x30B,0x00EACB,0x00F5,35,57,17,OK
0x5CF3,0x34F3,0B,40,4,0x00E7C0,0x30C,0x00EACC,0x00F4,35,0A,C9,OK
0x5CF2,0x34F2,0B,40,4,0x00E7C0,0x30D,0x00EACD,0x00F3,35,51,0F,OK
0x5CF1,0x34F1,0B,40,4,0x00E7C0,0x30E,0x00EACE,0x00F2,35,55,12,OK
0x5CF0,0x34F0,0B,40,4,0x00E7C0,0x30F,0x00EACF,0x00F1,35,07,C3,OK
0x5CEF,0x34EF,0B,40,4,0x00E7C0,0x310,0x00EAD0,0x00F0,35,51,0C,OK
0x5CEE,0x34EE,0B,40,4,0x00E7C0,0x311,0x00EAD1,0x00EF,35,0C,C6,OK
0x5CED,0x34ED,0B,40,4,0x00E7C0,0x312,0x00EAD2,0x00EE,35,15,CE,OK
0x5CEC,0x34EC,0B,40,4,0x00E7C0,0x313,0x00EAD3,0x00ED,35,D7,8F,OK
0x5CEB,0x34EB,0B,40,4,0x00E7C0,0x314,0x00EAD4,0x00EC,35,AB,62,OK
0x5CEA,0x34EA,0B,40,4,0x00E7C0,0x315,0x00EAD5,0x00EB,35,AE,64,OK
0x5CE9,0x34E9,0B,40,4,0x00E7C0,0x316,0x00EAD6,0x00EA,35,EA,9F,OK
0x5CE8,0x34E8,0B,40,4,0x00E7C0,0x317,0x00EAD7,0x00E9,35,4A,FE,OK
0x5CE7,0x34E7,0B,40,4,0x00E7C0,0x318,0x00EAD8,0x00E8,35,0D,C0,OK
0x5CE6,0x34E6,0B,40,4,0x00E7C0,0x319,0x00EAD9,0x00E7,35,A2,54,OK
0x5CE5,0x34E5,0B,40,4,0x00E7C0,0x31A,0x00EADA,0x00E6,35,C6,77,OK
0x5CE4,0x34E4,0B,40,4,0x00E7C0,0x31B,0x00EADB,0x00E5,35,B7,67,OK
0x5CE3,0x34E3,0B,40,4,0x00E7C0,0x31C,0x00EADC,0x00E4,35,7F,2E,OK
0x5CE2,0x34E2,0B,40,4,0x00E7C0,0x31D,0x00EADD,0x00E3,35,FF,AD,OK
0x5CE1,0x34E1,0B,40,4,0x00E7C0,0x31E,0x00EADE,0x00E2,35,A8,55,OK
0x5CE0,0x34E0,0B,40,4,0x00E7C0,0x31F,0x00EADF,0x00E1,35,AA,56,OK
0x5CDF,0x34DF,0B,40,4,0x00E7C0,0x320,0x00EAE0,0x00E0,35,A0,4B,OK
0x5CDE,0x34DE,0B,40,4,0x00E7C0,0x321,0x00EAE1,0x00DF,35,AA,54,OK
0x5CDD,0x34DD,0B,40,4,0x00E7C0,0x322,0x00EAE2,0x00DE,35,05,AE,OK
0x5CDC,0x34DC,0B,40,4,0x00E7C0,0x323,0x00EAE3,0x00DD,35,8A,32,OK
0x5CDB,0x34DB,0B,40,4,0x00E7C0,0x324,0x00EAE4,0x00DC,35,AA,51,OK
0x5CDA,0x34DA,0B,40,4,0x00E7C0,0x325,0x00EAE5,0x00DB,35,EA,90,OK
0x5CD9,0x34D9,0B,40,4,0x00E7C0,0x326,0x00EAE6,0x00DA,35,EE,93,OK
0x5CD8,0x34D8,0B,40,4,0x00E7C0,0x327,0x00EAE7,0x00D9,35,AF,53,OK
0x5CD7,0x34D7,0B,40,4,0x00E7C0,0x328,0x00EAE8,0x00D8,35,FA,9D,OK
0x5CD6,0x34D6,0B,40,4,0x00E7C0,0x329,0x00EAE9,0x00D7,35,BA,5C,OK
0x5CD5,0x34D5,0B,40,4,0x00E7C0,0x32A,0x00EAEA,0x00D6,35,FA,9B,OK
0x5CD4,0x34D4,0B,40,4,0x00E7C0,0x32B,0x00EAEB,0x00D5,35,BA,5A,OK
0x5CD3,0x34D3,0B,40,4,0x00E7C0,0x32C,0x00EAEC,0x00D4,35,FA,99,OK
0x5CD2,0x34D2,0B,40,4,0x00E7C0,0x32D,0x00EAED,0x00D3,35,AE,4C,OK
0x5CD1,0x34D1,0B,40,4,0x00E7C0,0x32E,0x00EAEE,0x00D2,35,A6,43,OK
0x5CD0,0x34D0,0B,40,4,0x00E7C0,0x32F,0x00EAEF,0x00D1,35,EA,86,OK
0x5CCF,0x34CF,0B,40,4,0x00E7C0,0x330,0x00EAF0,0x00D0,35,8A,25,OK
0x5CCE,0x34CE,0B,40,4,0x00E7C0,0x331,0x00EAF1,0x00CF,35,AA,44,OK
0x5CCD,0x34CD,0B,40,4,0x00E7C0,0x332,0x00EAF2,0x00CE,35,8A,23,OK
0x5CCC,0x34CC,0B,40,4,0x00E7C0,0x333,0x00EAF3,0x00CD,35,AE,46,OK
0x5CCB,0x34CB,0B,40,4,0x00E7C0,0x334,0x00EAF4,0x00CC,35,AA,41,OK
0x5CCA,0x34CA,0B,40,4,0x00E7C0,0x335,0x00EAF5,0x00CB,35,8A,20,OK
0x5CC9,0x34C9,0B,40,4,0x00E7C0,0x336,0x00EAF6,0x00CA,35,AA,3F,OK
0x5CC8,0x34C8,0B,40,4,0x00E7C0,0x337,0x00EAF7,0x00C9,35,06,9A,OK
0x5CC7,0x34C7,0B,40,4,0x00E7C0,0x338,0x00EAF8,0x00C8,35,A8,3B,OK
0x5CC6,0x34C6,0B,40,4,0x00E7C0,0x339,0x00EAF9,0x00C7,35,AA,3C,OK
0x5CC5,0x34C5,0B,40,4,0x00E7C0,0x33A,0x00EAFA,0x00C6,35,A8,39,OK
0x5CC4,0x34C4,0B,40,4,0x00E7C0,0x33B,0x00EAFB,0x00C5,35,AA,3A,OK
0x5CC3,0x34C3,0B,40,4,0x00E7C0,0x33C,0x00EAFC,0x00C4,35,0A,99,OK
0x5CC2,0x34C2,0B,40,4,0x00E7C0,0x33D,0x00EAFD,0x00C3,35,04,92,OK
0x5CC1,0x34C1,0B,40,4,0x00E7C0,0x33E,0x00EAFE,0x00C2,35,A8,35,OK
0x5CC0,0x34C0,0B,40,4,0x00E7C0,0x33F,0x00EAFF,0x00C1,35,AA,36,OK
0x5CBF,0x34BF,0B,40,4,0x00E7C0,0x340,0x00EB00,0x00C0,35,A2,2D,OK
0x5CBE,0x34BE,0B,40,4,0x00E7C0,0x341,0x00EB01,0x00BF,35,A8,32,OK
0x5CBD,0x34BD,0B,40,4,0x00E7C0,0x342,0x00EB02,0x00BE,35,AA,33,OK
0x5CBC,0x34BC,0B,40,4,0x00E7C0,0x343,0x00EB03,0x00BD,35,A2,2A,OK
0x5CBB,0x34BB,0B,40,4,0x00E7C0,0x344,0x00EB04,0x00BC,35,AA,31,OK
0x5CBA,0x34BA,0B,40,4,0x00E7C0,0x345,0x00EB05,0x00BB,35,07,8D,OK
0x5CB9,0x34B9,0B,40,4,0x00E7C0,0x346,0x00EB06,0x00BA,35,03,88,OK
0x5CB8,0x34B8,0B,40,4,0x00E7C0,0x347,0x00EB07,0x00B9,35,AE,32,OK
0x5CB7,0x34B7,0B,40,4,0x00E7C0,0x348,0x00EB08,0x00B8,35,29,AC,OK
0x5CB6,0x34B6,0B,40,4,0x00E7C0,0x349,0x00EB09,0x00B7,35,AF,31,OK
0x5CB5,0x34B5,0B,40,4,0x00E7C0,0x34A,0x00EB0A,0x00B6,35,AE,2F,OK
0x5CB4,0x34B4,0B,40,4,0x00E7C0,0x34B,0x00EB0B,0x00B5,35,AA,2A,OK
0x5CB3,0x34B3,0B,40,4,0x00E7C0,0x34C,0x00EB0C,0x00B4,35,FB,7A,OK
0x5CB2,0x34B2,0B,40,4,0x00E7C0,0x34D,0x00EB0D,0x00B3,35,BE,3C,OK
0x5CB1,0x34B1,0B,40,4,0x00E7C0,0x34E,0x00EB0E,0x00B2,35,AB,28,OK
0x5CB0,0x34B0,0B,40,4,0x00E7C0,0x34F,0x00EB0F,0x00B1,35,AA,26,OK
0x5CAF,0x34AF,0B,40,4,0x00E7C0,0x350,0x00EB10,0x00B0,35,07,82,OK
0x5CAE,0x34AE,0B,40,4,0x00E7C0,0x351,0x00EB11,0x00AF,35,03,7D,OK
0x5CAD,0x34AD,0B,40,4,0x00E7C0,0x352,0x00EB12,0x00AE,35,8A,03,OK
0x5CAC,0x34AC,0B,40,4,0x00E7C0,0x353,0x00EB13,0x00AD,35,AA,22,OK
0x5CAB,0x34AB,0B,40,4,0x00E7C0,0x354,0x00EB14,0x00AC,35,06,7D,OK
0x5CAA,0x34AA,0B,40,4,0x00E7C0,0x355,0x00EB15,0x00AB,35,A8,1E,OK
0x5CA9,0x34A9,0B,40,4,0x00E7C0,0x356,0x00EB16,0x00AA,35,0B,80,OK
0x5CA8,0x34A8,0B,40,4,0x00E7C0,0x357,0x00EB17,0x00A9,35,EA,5E,OK
0x5CA7,0x34A7,0B,40,4,0x00E7C0,0x358,0x00EB18,0x00A8,35,5E,D1,OK
0x5CA6,0x34A6,0B,40,4,0x00E7C0,0x359,0x00EB19,0x00A7,35,55,C7,OK
0x5CA5,0x34A5,0B,40,4,0x00E7C0,0x35A,0x00EB1A,0x00A6,35,05,76,OK
0x5CA4,0x34A4,0B,40,4,0x00E7C0,0x35B,0x00EB1B,0x00A5,35,F5,65,OK
0x5CA3,0x34A3,0B,40,4,0x00E7C0,0x35C,0x00EB1C,0x00A4,35,20,8F,OK
0x5CA2,0x34A2,0B,40,4,0x00E7C0,0x35D,0x00EB1D,0x00A3,35,01,6F,OK
0x5CA1,0x34A1,0B,40,4,0x00E7C0,0x35E,0x00EB1E,0x00A2,35,55,C2,OK
0x5CA0,0x34A0,0B,40,4,0x00E7C0,0x35F,0x00EB1F,0x00A1,35,7F,EB,OK
0x5C9F,0x349F,0B,40,4,0x00E7C0,0x360,0x00EB20,0x00A0,35,6E,D9,OK
0x5C9E,0x349E,0B,40,4,0x00E7C0,0x361,0x00EB21,0x009F,35,FF,69,OK
0x5C9D,0x349D,0B,40,4,0x00E7C0,0x362,0x00EB22,0x009E,35,55,BE,OK
0x5C9C,0x349C,0B,40,4,0x00E7C0,0x363,0x00EB23,0x009D,35,45,AD,OK
0x5C9B,0x349B,0B,40,4,0x00E7C0,0x364,0x00EB24,0x009C,35,55,BC,OK
0x5C9A,0x349A,0B,40,4,0x00E7C0,0x365,0x00EB25,0x009B,35,51,B7,OK
0x5C99,0x3499,0B,40,4,0x00E7C0,0x366,0x00EB26,0x009A,35,09,6E,OK
0x5C98,0x3498,0B,40,4,0x00E7C0,0x367,0x00EB27,0x0099,35,FF,63,OK
0x5C97,0x3497,0B,40,4,0x00E7C0,0x368,0x00EB28,0x0098,35,05,68,OK
0x5C96,0x3496,0B,40,4,0x00E7C0,0x369,0x00EB29,0x0097,35,7F,E1,OK
0x5C95,0x3495,0B,40,4,0x00E7C0,0x36A,0x00EB2A,0x0096,35,05,66,OK
0x5C94,0x3494,0B,40,4,0x00E7C0,0x36B,0x00EB2B,0x0095,35,D4,34,OK
0x5C93,0x3493,0B,40,4,0x00E7C0,0x36C,0x00EB2C,0x0094,35,FF,5E,OK
0x5C92,0x3492,0B,40,4,0x00E7C0,0x36D,0x00EB2D,0x0093,35,B7,15,OK
0x5C91,0x3491,0B,40,4,0x00E7C0,0x36E,0x00EB2E,0x0092,35,BF,1C,OK
0x5C90,0x3490,0B,40,4,0x00E7C0,0x36F,0x00EB2F,0x0091,35,F7,53,OK
0x5C8F,0x348F,0B,40,4,0x00E7C0,0x370,0x00EB30,0x0090,35,D7,32,OK
0x5C8E,0x348E,0B,40,4,0x00E7C0,0x371,0x00EB31,0x008F,35,55,AF,OK
0x5C8D,0x348D,0B,40,4,0x00E7C0,0x372,0x00EB32,0x008E,35,F7,50,OK
0x5C8C,0x348C,0B,40,4,0x00E7C0,0x373,0x00EB33,0x008D,35,FB,53,OK
0x5C8B,0x348B,0B,40,4,0x00E7C0,0x374,0x00EB34,0x008C,35,55,AC,OK
0x5C8A,0x348A,0B,40,4,0x00E7C0,0x375,0x00EB35,0x008B,35,4D,A3,OK
0x5C89,0x3489,0B,40,4,0x00E7C0,0x376,0x00EB36,0x008A,35,75,CA,OK
0x5C88,0x3488,0B,40,4,0x00E7C0,0x377,0x00EB37,0x0089,35,7D,D1,OK
0x5C87,0x3487,0B,40,4,0x00E7C0,0x378,0x00EB38,0x0088,35,09,5C,OK
0x5C86,0x3486,0B,40,4,0x00E7C0,0x379,0x00EB39,0x0087,35,14,66,OK
0x5C85,0x3485,0B,40,4,0x00E7C0,0x37A,0x00EB3A,0x0086,35,54,A5,OK
0x5C84,0x3484,0B,40,4,0x00E7C0,0x37B,0x00EB3B,0x0085,35,50,A0,OK
0x5C83,0x3483,0B,40,4,0x00E7C0,0x37C,0x00EB3C,0x0084,35,55,A4,OK
0x5C82,0x3482,0B,40,4,0x00E7C0,0x37D,0x00EB3D,0x0083,35,15,63,OK
0x5C81,0x3481,0B,40,4,0x00E7C0,0x37E,0x00EB3E,0x0082,35,41,8E,OK
0x5C80,0x3480,0B,40,4,0x00E7C0,0x37F,0x00EB3F,0x0081,35,09,55,OK
0x5C7F,0x347F,0B,40,4,0x00E7C0,0x380,0x00EB40,0x0080,35,54,9F,OK
0x5C7E,0x347E,0B,40,4,0x00E7C0,0x381,0x00EB41,0x007F,35,0A,54,OK
0x5C7D,0x347D,0B,40,4,0x00E7C0,0x382,0x00EB42,0x007E,35,51,9A,OK
0x5C7C,0x347C,0B,40,4,0x00E7C0,0x383,0x00EB43,0x007D,35,55,9D,OK
0x5C7B,0x347B,0B,40,4,0x00E7C0,0x384,0x00EB44,0x007C,35,06,4D,OK
0x5C7A,0x347A,0B,40,4,0x00E7C0,0x385,0x00EB45,0x007B,35,03,49,OK
0x5C79,0x3479,0B,40,4,0x00E7C0,0x386,0x00EB46,0x007A,35,45,8A,OK
0x5C78,0x3478,0B,40,4,0x00E7C0,0x387,0x00EB47,0x0079,35,57,9B,OK
0x5C77,0x3477,0B,40,4,0x00E7C0,0x388,0x00EB48,0x0078,35,FF,42,OK
0x5C76,0x3476,0B,40,4,0x00E7C0,0x389,0x00EB49,0x0077,35,DF,21,OK
0x5C75,0x3475,0B,40,4,0x00E7C0,0x38A,0x00EB4A,0x0076,35,F5,36,OK
0x5C74,0x3474,0B,40,4,0x00E7C0,0x38B,0x00EB4B,0x0075,35,5F,9F,OK
0x5C73,0x3473,0B,40,4,0x00E7C0,0x38C,0x00EB4C,0x0074,35,FD,3C,OK
0x5C72,0x3472,0B,40,4,0x00E7C0,0x38D,0x00EB4D,0x0073,35,57,95,OK
0x5C71,0x3471,0B,40,4,0x00E7C0,0x38E,0x00EB4E,0x0072,35,7F,BC,OK
0x5C70,0x3470,0B,40,4,0x00E7C0,0x38F,0x00EB4F,0x0071,35,F5,31,OK
0x5C6F,0x346F,0B,40,4,0x00E7C0,0x390,0x00EB50,0x0070,35,DF,1A,OK
0x5C6E,0x346E,0B,40,4,0x00E7C0,0x391,0x00EB51,0x006F,35,5F,99,OK
0x5C6D,0x346D,0B,40,4,0x00E7C0,0x392,0x00EB52,0x006E,35,0C,45,OK
0x5C6C,0x346C,0B,40,4,0x00E7C0,0x393,0x00EB53,0x006D,35,45,7D,OK
0x5C6B,0x346B,0B,40,4,0x00E7C0,0x394,0x00EB54,0x006C,35,55,8C,OK
0x5C6A,0x346A,0B,40,4,0x00E7C0,0x395,0x00EB55,0x006B,35,08,3E,OK
0x5C69,0x3469,0B,40,4,0x00E7C0,0x396,0x00EB56,0x006A,35,03,38,OK
0x5C68,0x3468,0B,40,4,0x00E7C0,0x397,0x00EB57,0x0069,35,B5,E9,OK
0x5C67,0x3467,0B,40,4,0x00E7C0,0x398,0x00EB58,0x0068,35,2A,5D,OK
0x5C66,0x3466,0B,40,4,0x00E7C0,0x399,0x00EB59,0x0067,35,4F,81,OK
0x5C65,0x3465,0B,40,4,0x00E7C0,0x39A,0x00EB5A,0x0066,35,55,86,OK
0x5C64,0x3464,0B,40,4,0x00E7C0,0x39B,0x00EB5B,0x0065,35,51,81,OK
0x5C63,0x3463,0B,40,4,0x00E7C0,0x39C,0x00EB5C,0x0064,35,A9,D8,OK
0x5C62,0x3462,0B,40,4,0x00E7C0,0x39D,0x00EB5D,0x0063,35,9B,C9,OK
0x5C61,0x3461,0B,40,4,0x00E7C0,0x39E,0x00EB5E,0x0062,35,AA,D7,OK
0x5C60,0x3460,0B,40,4,0x00E7C0,0x39F,0x00EB5F,0x0061,35,BA,E6,OK
0x5C5F,0x345F,0B,40,4,0x00E7C0,0x3A0,0x00EB60,0x0060,35,FA,25,OK
0x5C5E,0x345E,0B,40,4,0x00E7C0,0x3A1,0x00EB61,0x005F,35,AA,D4,OK
0x5C5D,0x345D,0B,40,4,0x00E7C0,0x3A2,0x00EB62,0x005E,35,07,30,OK
0x5C5C,0x345C,0B,40,4,0x00E7C0,0x3A3,0x00EB63,0x005D,35,2A,52,OK
0x5C5B,0x345B,0B,40,4,0x00E7C0,0x3A4,0x00EB64,0x005C,35,AA,D1,OK
0x5C5A,0x345A,0B,40,4,0x00E7C0,0x3A5,0x00EB65,0x005B,35,2E,54,OK
0x5C59,0x3459,0B,40,4,0x00E7C0,0x3A6,0x00EB66,0x005A,35,AB,D0,OK
0x5C58,0x3458,0B,40,4,0x00E7C0,0x3A7,0x00EB67,0x0059,35,FF,23,OK
0x5C57,0x3457,0B,40,4,0x00E7C0,0x3A8,0x00EB68,0x0058,35,07,2A,OK
0x5C56,0x3456,0B,40,4,0x00E7C0,0x3A9,0x00EB69,0x0057,35,5F,81,OK
0x5C55,0x3455,0B,40,4,0x00E7C0,0x3AA,0x00EB6A,0x0056,35,FD,1E,OK
0x5C54,0x3454,0B,40,4,0x00E7C0,0x3AB,0x00EB6B,0x0055,35,FF,1F,OK
0x5C53,0x3453,0B,40,4,0x00E7C0,0x3AC,0x00EB6C,0x0054,35,06,25,OK
0x5C52,0x3452,0B,40,4,0x00E7C0,0x3AD,0x00EB6D,0x0053,35,FD,1B,OK
0x5C51,0x3451,0B,40,4,0x00E7C0,0x3AE,0x00EB6E,0x0052,35,FF,1C,OK
0x5C50,0x3450,0B,40,4,0x00E7C0,0x3AF,0x00EB6F,0x0051,35,BA,D6,OK
0x5C4F,0x344F,0B,40,4,0x00E7C0,0x3B0,0x00EB70,0x0050,35,FB,16,OK
0x5C4E,0x344E,0B,40,4,0x00E7C0,0x3B1,0x00EB71,0x004F,35,9F,B9,OK
0x5C4D,0x344D,0B,40,4,0x00E7C0,0x3B2,0x00EB72,0x004E,35,8A,A3,OK
0x5C4C,0x344C,0B,40,4,0x00E7C0,0x3B3,0x00EB73,0x004D,35,AA,C2,OK
0x5C4B,0x344B,0B,40,4,0x00E7C0,0x3B4,0x00EB74,0x004C,35,8A,A1,OK
0x5C4A,0x344A,0B,40,4,0x00E7C0,0x3B5,0x00EB75,0x004B,35,AA,C0,OK
0x5C49,0x3449,0B,40,4,0x00E7C0,0x3B6,0x00EB76,0x004A,35,2A,3F,OK
0x5C48,0x3448,0B,40,4,0x00E7C0,0x3B7,0x00EB77,0x0049,35,8A,9E,OK
0x5C47,0x3447,0B,40,4,0x00E7C0,0x3B8,0x00EB78,0x0048,35,0A,1D,OK
0x5C46,0x3446,0B,40,4,0x00E7C0,0x3B9,0x00EB79,0x0047,35,A2,B4,OK
0x5C45,0x3445,0B,40,4,0x00E7C0,0x3BA,0x00EB7A,0x0046,35,AA,BB,OK
0x5C44,0x3444,0B,40,4,0x00E7C0,0x3BB,0x00EB7B,0x0045,35,0A,1A,OK
0x5C43,0x3443,0B,40,4,0x00E7C0,0x3BC,0x00EB7C,0x0044,35,03,12,OK
0x5C42,0x3442,0B,40,4,0x00E7C0,0x3BD,0x00EB7D,0x0043,35,6A,78,OK
0x5C41,0x3441,0B,40,4,0x00E7C0,0x3BE,0x00EB7E,0x0042,35,88,95,OK
0x5C40,0x3440,0B,40,4,0x00E7C0,0x3BF,0x00EB7F,0x0041,35,22,2E,OK
0x5C3F,0x343F,0B,40,4,0x00E7C0,0x3C0,0x00EB80,0x0040,35,FA,05,OK
0x5C3E,0x343E,0B,40,4,0x00E7C0,0x3C1,0x00EB81,0x003F,35,EA,F4,OK
0x5C3D,0x343D,0B,40,4,0x00E7C0,0x3C2,0x00EB82,0x003E,35,FF,08,OK
0x5C3C,0x343C,0B,40,4,0x00E7C0,0x3C3,0x00EB83,0x003D,35,BE,C6,OK
0x5C3B,0x343B,0B,40,4,0x00E7C0,0x3C4,0x00EB84,0x003C,35,09,10,OK
0x5C3A,0x343A,0B,40,4,0x00E7C0,0x3C5,0x00EB85,0x003B,35,BF,C5,OK
0x5C39,0x3439,0B,40,4,0x00E7C0,0x3C6,0x00EB86,0x003A,35,AF,B4,OK
0x5C38,0x3438,0B,40,4,0x00E7C0,0x3C7,0x00EB87,0x0039,35,AA,AE,OK
0x5C37,0x3437,0B,40,4,0x00E7C0,0x3C8,0x00EB88,0x0038,35,FA,FD,OK
0x5C36,0x3436,0B,40,4,0x00E7C0,0x3C9,0x00EB89,0x0037,35,FF,01,OK
0x5C35,0x3435,0B,40,4,0x00E7C0,0x3CA,0x00EB8A,0x0036,35,AE,AF,OK
0x5C34,0x3434,0B,40,4,0x00E7C0,0x3CB,0x00EB8B,0x0035,35,AA,AA,OK
0x5C33,0x3433,0B,40,4,0x00E7C0,0x3CC,0x00EB8C,0x0034,35,05,04,OK
0x5C32,0x3432,0B,40,4,0x00E7C0,0x3CD,0x00EB8D,0x0033,35,2A,28,OK
0x5C31,0x3431,0B,40,4,0x00E7C0,0x3CE,0x00EB8E,0x0032,35,0A,07,OK
0x5C30,0x3430,0B,40,4,0x00E7C0,0x3CF,0x00EB8F,0x0031,35,A2,9E,OK
0x5C2F,0x342F,0B,40,4,0x00E7C0,0x3D0,0x00EB90,0x0030,35,09,04,OK
0x5C2E,0x342E,0B,40,4,0x00E7C0,0x3D1,0x00EB91,0x002F,35,A8,A2,OK
0x5C2D,0x342D,0B,40,4,0x00E7C0,0x3D2,0x00EB92,0x002E,35,AA,A3,OK
0x5C2C,0x342C,0B,40,4,0x00E7C0,0x3D3,0x00EB93,0x002D,35,06,FE,OK
0x5C2B,0x342B,0B,40,4,0x00E7C0,0x3D4,0x00EB94,0x002C,35,CA,C1,OK
0x5C2A,0x342A,0B,40,4,0x00E7C0,0x3D5,0x00EB95,0x002B,35,15,0B,OK
0x5C29,0x3429,0B,40,4,0x00E7C0,0x3D6,0x00EB96,0x002A,35,A2,97,OK
0x5C28,0x3428,0B,40,4,0x00E7C0,0x3D7,0x00EB97,0x0029,35,AA,9E,OK
0x5C27,0x3427,0B,40,4,0x00E7C0,0x3D8,0x00EB98,0x0028,35,05,F8,OK
0x5C26,0x3426,0B,40,4,0x00E7C0,0x3D9,0x00EB99,0x0027,35,9A,8C,OK
0x5C25,0x3425,0B,40,4,0x00E7C0,0x3DA,0x00EB9A,0x0026,35,BA,AB,OK
0x5C24,0x3424,0B,40,4,0x00E7C0,0x3DB,0x00EB9B,0x0025,35,56,46,OK
0x5C23,0x3423,0B,40,4,0x00E7C0,0x3DC,0x00EB9C,0x0024,35,51,40,OK
0x5C22,0x3422,0B,40,4,0x00E7C0,0x3DD,0x00EB9D,0x0023,35,1D,0B,OK
0x5C21,0x3421,0B,40,4,0x00E7C0,0x3DE,0x00EB9E,0x0022,35,86,73,OK
0x5C20,0x3420,0B,40,4,0x00E7C0,0x3DF,0x00EB9F,0x0021,35,03,EF,OK
0x5C1F,0x341F,0B,40,4,0x00E7C0,0x3E0,0x00EBA0,0x0020,35,5D,48,OK
0x5C1E,0x341E,0B,40,4,0x00E7C0,0x3E1,0x00EBA1,0x001F,35,E7,D1,OK
0x5C1D,0x341D,0B,40,4,0x00E7C0,0x3E2,0x00EBA2,0x001E,35,65,4E,OK
0x5C1C,0x341C,0B,40,4,0x00E7C0,0x3E3,0x00EBA3,0x001D,35,EE,D6,OK
0x5C1B,0x341B,0B,40,4,0x00E7C0,0x3E4,0x00EBA4,0x001C,35,FD,E4,OK
0x5C1A,0x341A,0B,40,4,0x00E7C0,0x3E5,0x00EBA5,0x001B,35,FF,E5,OK
0x5C19,0x3419,0B,40,4,0x00E7C0,0x3E6,0x00EBA6,0x001A,35,AC,91,OK
0x5C18,0x3418,0B,40,4,0x00E7C0,0x3E7,0x00EBA7,0x0019,35,EA,CE,OK
0x5C17,0x3417,0B,40,4,0x00E7C0,0x3E8,0x00EBA8,0x0018,35,BA,9D,OK
0x5C16,0x3416,0B,40,4,0x00E7C0,0x3E9,0x00EBA9,0x0017,35,BB,9D,OK
0x5C15,0x3415,0B,40,4,0x00E7C0,0x3EA,0x00EBAA,0x0016,35,F7,D8,OK
0x5C14,0x3414,0B,40,4,0x00E7C0,0x3EB,0x00EBAB,0x0015,35,FF,DF,OK
0x5C13,0x3413,0B,40,4,0x00E7C0,0x3EC,0x00EBAC,0x0014,35,08,E7,OK
0x5C12,0x3412,0B,40,4,0x00E7C0,0x3ED,0x00EBAD,0x0013,35,FD,DB,OK
0x5C11,0x3411,0B,40,4,0x00E7C0,0x3EE,0x00EBAE,0x0012,35,7D,5A,OK
0x5C10,0x3410,0B,40,4,0x00E7C0,0x3EF,0x00EBAF,0x0011,35,55,31,OK
0x5C0F,0x340F,0B,40,4,0x00E7C0,0x3F0,0x00EBB0,0x0010,35,14,EF,OK
0x5C0E,0x340E,0B,40,4,0x00E7C0,0x3F1,0x00EBB1,0x000F,35,51,2B,OK
0x5C0D,0x340D,0B,40,4,0x00E7C0,0x3F2,0x00EBB2,0x000E,35,45,1E,OK
0x5C0C,0x340C,0B,40,4,0x00E7C0,0x3F3,0x00EBB3,0x000D,35,09,E1,OK
0x5C0B,0x340B,0B,40,4,0x00E7C0,0x3F4,0x00EBB4,0x000C,35,15,EC,OK
0x5C0A,0x340A,0B,40,4,0x00E7C0,0x3F5,0x00EBB5,0x000B,35,0B,E1,OK
0x5C09,0x3409,0B,40,4,0x00E7C0,0x3F6,0x00EBB6,0x000A,35,54,29,OK
0x5C08,0x3408,0B,40,4,0x00E7C0,0x3F7,0x00EBB7,0x0009,35,55,29,OK
0x5C07,0x3407,0B,40,4,0x00E7C0,0x3F8,0x00EBB8,0x0008,35,40,13,OK
0x5C06,0x3406,0B,40,4,0x00E7C0,0x3F9,0x00EBB9,0x0007,35,15,E7,OK
0x5C05,0x3405,0B,40,4,0x00E7C0,0x3FA,0x00EBBA,0x0006,35,09,DA,OK
0x5C04,0x3404,0B,40,4,0x00E7C0,0x3FB,0x00EBBB,0x0005,35,75,45,OK
0x5C03,0x3403,0B,40,4,0x00E7C0,0x3FC,0x00EBBC,0x0004,35,55,24,OK
0x5C02,0x3402,0B,40,4,0x00E7C0,0x3FD,0x00EBBD,0x0003,35,73,41,OK
0x5C01,0x3401,0B,40,4,0x00E7C0,0x3FE,0x00EBBE,0x0002,35,71,3E,OK
0x5C00,0x3400,0B,40,4,0x00E7C0,0x3FF,0x00EBBF,0x0001,35,77,43,OK
0x6159,0x3959,0B,40,5,0x00EBD0,0x2A6,0x00EE76,0x015A,35,AA,D0,OK
0x6158,0x3958,0B,40,5,0x00EBD0,0x2A7,0x00EE77,0x0159,35,03,28,OK
0x6157,0x3957,0B,40,5,0x00EBD0,0x2A8,0x00EE78,0x0158,35,08,2C,OK
0x6156,0x3956,0B,40,5,0x00EBD0,0x2A9,0x00EE79,0x0157,35,04,27,OK
0x6155,0x3955,0B,40,5,0x00EBD0,0x2AA,0x00EE7A,0x0156,35,87,A9,OK
0x6154,0x3954,0B,40,5,0x00EBD0,0x2AB,0x00EE7B,0x0155,35,C3,E4,OK
0x6153,0x3953,0B,40,5,0x00EBD0,0x2AC,0x00EE7C,0x0154,35,11,31,OK
0x6152,0x3952,0B,40,5,0x00EBD0,0x2AD,0x00EE7D,0x0153,35,3E,5D,OK
0x6151,0x3951,0B,40,5,0x00EBD0,0x2AE,0x00EE7E,0x0152,35,10,2E,OK
0x6150,0x3950,0B,40,5,0x00EBD0,0x2AF,0x00EE7F,0x0151,35,1E,3B,OK
0x614F,0x394F,0B,40,5,0x00EBD0,0x2B0,0x00EE80,0x0150,35,84,A0,OK
0x614E,0x394E,0B,40,5,0x00EBD0,0x2B1,0x00EE81,0x014F,35,CF,EA,OK
0x614D,0x394D,0B,40,5,0x00EBD0,0x2B2,0x00EE82,0x014E,35,E4,FE,OK
0x614C,0x394C,0B,40,5,0x00EBD0,0x2B3,0x00EE83,0x014D,35,70,89,OK
0x614B,0x394B,0B,40,5,0x00EBD0,0x2B4,0x00EE84,0x014C,35,00,18,OK
0x614A,0x394A,0B,40,5,0x00EBD0,0x2B5,0x00EE85,0x014B,35,0E,25,OK
0x6149,0x3949,0B,40,5,0x00EBD0,0x2B6,0x00EE86,0x014A,35,1C,32,OK
0x6148,0x3948,0B,40,5,0x00EBD0,0x2B7,0x00EE87,0x0149,35,87,9C,OK
0x6147,0x3947,0B,40,5,0x00EBD0,0x2B8,0x00EE88,0x0148,35,03,17,OK
0x6146,0x3946,0B,40,5,0x00EBD0,0x2B9,0x00EE89,0x0147,35,04,17,OK
0x6145,0x3945,0B,40,5,0x00EBD0,0x2BA,0x00EE8A,0x0146,35,E0,F2,OK
0x6144,0x3944,0B,40,5,0x00EBD0,0x2BB,0x00EE8B,0x0145,35,38,49,OK
0x6143,0x3943,0B,40,5,0x00EBD0,0x2BC,0x00EE8C,0x0144,35,1C,2C,OK
0x6142,0x3942,0B,40,5,0x00EBD0,0x2BD,0x00EE8D,0x0143,35,F8,07,OK
0x6141,0x3941,0B,40,5,0x00EBD0,0x2BE,0x00EE8E,0x0142,35,01,0F,OK
0x6140,0x3940,0B,40,5,0x00EBD0,0x2BF,0x00EE8F,0x0141,35,70,7D,OK
0x613F,0x393F,0B,40,5,0x00EBD0,0x2C0,0x00EE90,0x0140,35,E0,EC,OK
0x613E,0x393E,0B,40,5,0x00EBD0,0x2C1,0x00EE91,0x013F,35,3F,4A,OK
0x613D,0x393D,0B,40,5,0x00EBD0,0x2C2,0x00EE92,0x013E,35,0E,18,OK
0x613C,0x393C,0B,40,5,0x00EBD0,0x2C3,0x00EE93,0x013D,35,1C,25,OK
0x613B,0x393B,0B,40,5,0x00EBD0,0x2C4,0x00EE94,0x013C,35,FF,07,OK
0x613A,0x393A,0B,40,5,0x00EBD0,0x2C5,0x00EE95,0x013B,35,F1,F8,OK
0x6139,0x3939,0B,40,5,0x00EBD0,0x2C6,0x00EE96,0x013A,35,1F,25,OK
0x6138,0x3938,0B,40,5,0x00EBD0,0x2C7,0x00EE97,0x0139,35,FF,04,OK
0x6137,0x3937,0B,40,5,0x00EBD0,0x2C8,0x00EE98,0x0138,35,81,85,OK
0x6136,0x3936,0B,40,5,0x00EBD0,0x2C9,0x00EE99,0x0137,35,03,06,OK
0x6135,0x3935,0B,40,5,0x00EBD0,0x2CA,0x00EE9A,0x0136,35,04,06,OK
0x6134,0x3934,0B,40,5,0x00EBD0,0x2CB,0x00EE9B,0x0135,35,20,21,OK
0x6133,0x3933,0B,40,5,0x00EBD0,0x2CC,0x00EE9C,0x0134,35,E0,E0,OK
0x6132,0x3932,0B,40,5,0x00EBD0,0x2CD,0x00EE9D,0x0133,35,C1,C0,OK
0x6131,0x3931,0B,40,5,0x00EBD0,0x2CE,0x00EE9E,0x0132,35,C3,C1,OK
0x6130,0x3930,0B,40,5,0x00EBD0,0x2CF,0x00EE9F,0x0131,35,31,2E,OK
0x612F,0x392F,0B,40,5,0x00EBD0,0x2D0,0x00EEA0,0x0130,35,1C,18,OK
0x612E,0x392E,0B,40,5,0x00EBD0,0x2D1,0x00EEA1,0x012F,35,C7,C2,OK
0x612D,0x392D,0B,40,5,0x00EBD0,0x2D2,0x00EEA2,0x012E,35,C3,BD,OK
0x612C,0x392C,0B,40,5,0x00EBD0,0x2D3,0x00EEA3,0x012D,35,01,FA,OK
0x612B,0x392B,0B,40,5,0x00EBD0,0x2D4,0x00EEA4,0x012C,35,81,79,OK
0x612A,0x392A,0B,40,5,0x00EBD0,0x2D5,0x00EEA5,0x012B,35,08,FF,OK
0x6129,0x3929,0B,40,5,0x00EBD0,0x2D6,0x00EEA6,0x012A,35,04,FA,OK
0x6128,0x3928,0B,40,5,0x00EBD0,0x2D7,0x00EEA7,0x0129,35,87,7C,OK
0x6127,0x3927,0B,40,5,0x00EBD0,0x2D8,0x00EEA8,0x0128,35,C3,B7,OK
0x6126,0x3926,0B,40,5,0x00EBD0,0x2D9,0x00EEA9,0x0127,35,11,04,OK
0x6125,0x3925,0B,40,5,0x00EBD0,0x2DA,0x00EEAA,0x0126,35,3E,30,OK
0x6124,0x3924,0B,40,5,0x00EBD0,0x2DB,0x00EEAB,0x0125,35,10,01,OK
0x6123,0x3923,0B,40,5,0x00EBD0,0x2DC,0x00EEAC,0x0124,35,1E,0E,OK
0x6122,0x3922,0B,40,5,0x00EBD0,0x2DD,0x00EEAD,0x0123,35,84,73,OK
0x6121,0x3921,0B,40,5,0x00EBD0,0x2DE,0x00EEAE,0x0122,35,CF,BD,OK
0x6120,0x3920,0B,40,5,0x00EBD0,0x2DF,0x00EEAF,0x0121,35,E4,D1,OK
0x611F,0x391F,0B,40,5,0x00EBD0,0x2E0,0x00EEB0,0x0120,35,70,5C,OK
0x611E,0x391E,0B,40,5,0x00EBD0,0x2E1,0x00EEB1,0x011F,35,00,EB,OK
0x611D,0x391D,0B,40,5,0x00EBD0,0x2E2,0x00EEB2,0x011E,35,0E,F8,OK
0x611C,0x391C,0B,40,5,0x00EBD0,0x2E3,0x00EEB3,0x011D,35,1C,05,OK
0x611B,0x391B,0B,40,5,0x00EBD0,0x2E4,0x00EEB4,0x011C,35,87,6F,OK
0x611A,0x391A,0B,40,5,0x00EBD0,0x2E5,0x00EEB5,0x011B,35,03,EA,OK
0x6119,0x3919,0B,40,5,0x00EBD0,0x2E6,0x00EEB6,0x011A,35,04,EA,OK
0x6118,0x3918,0B,40,5,0x00EBD0,0x2E7,0x00EEB7,0x0119,35,E0,C5,OK
0x6117,0x3917,0B,40,5,0x00EBD0,0x2E8,0x00EEB8,0x0118,35,38,1C,OK
0x6116,0x3916,0B,40,5,0x00EBD0,0x2E9,0x00EEB9,0x0117,35,1C,FF,OK
0x6115,0x3915,0B,40,5,0x00EBD0,0x2EA,0x00EEBA,0x0116,35,F8,DA,OK
0x6114,0x3914,0B,40,5,0x00EBD0,0x2EB,0x00EEBB,0x0115,35,01,E2,OK
0x6113,0x3913,0B,40,5,0x00EBD0,0x2EC,0x00EEBC,0x0114,35,70,50,OK
0x6112,0x3912,0B,40,5,0x00EBD0,0x2ED,0x00EEBD,0x0113,35,E0,BF,OK
0x6111,0x3911,0B,40,5,0x00EBD0,0x2EE,0x00EEBE,0x0112,35,3F,1D,OK
0x6110,0x3910,0B,40,5,0x00EBD0,0x2EF,0x00EEBF,0x0111,35,0E,EB,OK
0x610F,0x390F,0B,40,5,0x00EBD0,0x2F0,0x00EEC0,0x0110,35,1C,F8,OK
0x610E,0x390E,0B,40,5,0x00EBD0,0x2F1,0x00EEC1,0x010F,35,FF,DA,OK
0x610D,0x390D,0B,40,5,0x00EBD0,0x2F2,0x00EEC2,0x010E,35,F1,CB,OK
0x610C,0x390C,0B,40,5,0x00EBD0,0x2F3,0x00EEC3,0x010D,35,1F,F8,OK
0x610B,0x390B,0B,40,5,0x00EBD0,0x2F4,0x00EEC4,0x010C,35,FF,D7,OK
0x610A,0x390A,0B,40,5,0x00EBD0,0x2F5,0x00EEC5,0x010B,35,81,58,OK
0x6109,0x3909,0B,40,5,0x00EBD0,0x2F6,0x00EEC6,0x010A,35,03,D9,OK
0x6108,0x3908,0B,40,5,0x00EBD0,0x2F7,0x00EEC7,0x0109,35,04,D9,OK
0x6107,0x3907,0B,40,5,0x00EBD0,0x2F8,0x00EEC8,0x0108,35,20,F4,OK
0x6106,0x3906,0B,40,5,0x00EBD0,0x2F9,0x00EEC9,0x0107,35,E0,B3,OK
0x6105,0x3905,0B,40,5,0x00EBD0,0x2FA,0x00EECA,0x0106,35,C1,93,OK
0x6104,0x3904,0B,40,5,0x00EBD0,0x2FB,0x00EECB,0x0105,35,C3,94,OK
0x6103,0x3903,0B,40,5,0x00EBD0,0x2FC,0x00EECC,0x0104,35,31,01,OK
0x6102,0x3902,0B,40,5,0x00EBD0,0x2FD,0x00EECD,0x0103,35,1C,EB,OK
0x6101,0x3901,0B,40,5,0x00EBD0,0x2FE,0x00EECE,0x0102,35,C7,95,OK
0x6100,0x3900,0B,40,5,0x00EBD0,0x2FF,0x00EECF,0x0101,35,C3,90,OK
0x60FF,0x38FF,0B,40,5,0x00EBD0,0x300,0x00EED0,0x0100,35,01,CD,OK
0x60FE,0x38FE,0B,40,5,0x00EBD0,0x301,0x00EED1,0x00FF,35,81,4B,OK
0x60FD,0x38FD,0B,40,5,0x00EBD0,0x302,0x00EED2,0x00FE,35,AA,73,OK
0x60FC,0x38FC,0B,40,5,0x00EBD0,0x303,0x00EED3,0x00FD,35,03,CB,OK
0x60FB,0x38FB,0B,40,5,0x00EBD0,0x304,0x00EED4,0x00FC,35,80,47,OK
0x60FA,0x38FA,0B,40,5,0x00EBD0,0x305,0x00EED5,0x00FB,35,48,0E,OK
0x60F9,0x38F9,0B,40,5,0x00EBD0,0x306,0x00EED6,0x00FA,35,24,E9,OK
0x60F8,0x38F8,0B,40,5,0x00EBD0,0x307,0x00EED7,0x00F9,35,10,D4,OK
0x60F7,0x38F7,0B,40,5,0x00EBD0,0x308,0x00EED8,0x00F8,35,5D,20,OK
0x60F6,0x38F6,0B,40,5,0x00EBD0,0x309,0x00EED9,0x00F7,35,00,C2,OK
0x60F5,0x38F5,0B,40,5,0x00EBD0,0x30A,0x00EEDA,0x00F6,35,11,D2,OK
0x60F4,0x38F4,0B,40,5,0x00EBD0,0x30B,0x00EEDB,0x00F5,35,04,C4,OK
0x60F3,0x38F3,0B,40,5,0x00EBD0,0x30C,0x00EEDC,0x00F4,35,04,C3,OK
0x60F2,0x38F2,0B,40,5,0x00EBD0,0x30D,0x00EEDD,0x00F3,35,08,C6,OK
0x60F1,0x38F1,0B,40,5,0x00EBD0,0x30E,0x00EEDE,0x00F2,35,04,C1,OK
0x60F0,0x38F0,0B,40,5,0x00EBD0,0x30F,0x00EEDF,0x00F1,35,10,CC,OK
0x60EF,0x38EF,0B,40,5,0x00EBD0,0x310,0x00EEE0,0x00F0,35,89,44,OK
0x60EE,0x38EE,0B,40,5,0x00EBD0,0x311,0x00EEE1,0x00EF,35,00,BA,OK
0x60ED,0x38ED,0B,40,5,0x00EBD0,0x312,0x00EEE2,0x00EE,35,1E,D7,OK
0x60EC,0x38EC,0B,40,5,0x00EBD0,0x313,0x00EEE3,0x00ED,35,1C,D4,OK
0x60EB,0x38EB,0B,40,5,0x00EBD0,0x314,0x00EEE4,0x00EC,35,87,3E,OK
0x60EA,0x38EA,0B,40,5,0x00EBD0,0x315,0x00EEE5,0x00EB,35,03,B9,OK
0x60E9,0x38E9,0B,40,5,0x00EBD0,0x316,0x00EEE6,0x00EA,35,04,B9,OK
0x60E8,0x38E8,0B,40,5,0x00EBD0,0x317,0x00EEE7,0x00E9,35,E0,94,OK
0x60E7,0x38E7,0B,40,5,0x00EBD0,0x318,0x00EEE8,0x00E8,35,38,EB,OK
0x60E6,0x38E6,0B,40,5,0x00EBD0,0x319,0x00EEE9,0x00E7,35,09,BB,OK
0x60E5,0x38E5,0B,40,5,0x00EBD0,0x31A,0x00EEEA,0x00E6,35,07,B8,OK
0x60E4,0x38E4,0B,40,5,0x00EBD0,0x31B,0x00EEEB,0x00E5,35,04,B4,OK
0x60E3,0x38E3,0B,40,5,0x00EBD0,0x31C,0x00EEEC,0x00E4,35,70,1F,OK
0x60E2,0x38E2,0B,40,5,0x00EBD0,0x31D,0x00EEED,0x00E3,35,00,AE,OK
0x60E1,0x38E1,0B,40,5,0x00EBD0,0x31E,0x00EEEE,0x00E2,35,38,E5,OK
0x60E0,0x38E0,0B,40,5,0x00EBD0,0x31F,0x00EEEF,0x00E1,35,1E,CA,OK
0x60DF,0x38DF,0B,40,5,0x00EBD0,0x320,0x00EEF0,0x00E0,35,1C,C7,OK
0x60DE,0x38DE,0B,40,5,0x00EBD0,0x321,0x00EEF1,0x00DF,35,C0,6A,OK
0x60DD,0x38DD,0B,40,5,0x00EBD0,0x322,0x00EEF2,0x00DE,35,01,AA,OK
0x60DC,0x38DC,0B,40,5,0x00EBD0,0x323,0x00EEF3,0x00DD,35,1C,C4,OK
0x60DB,0x38DB,0B,40,5,0x00EBD0,0x324,0x00EEF4,0x00DC,35,C0,67,OK
0x60DA,0x38DA,0B,40,5,0x00EBD0,0x325,0x00EEF5,0x00DB,35,81,27,OK
0x60D9,0x38D9,0B,40,5,0x00EBD0,0x326,0x00EEF6,0x00DA,35,03,A8,OK
0x60D8,0x38D8,0B,40,5,0x00EBD0,0x327,0x00EEF7,0x00D9,35,04,A8,OK
0x60D7,0x38D7,0B,40,5,0x00EBD0,0x328,0x00EEF8,0x00D8,35,E0,83,OK
0x60D6,0x38D6,0B,40,5,0x00EBD0,0x329,0x00EEF9,0x00D7,35,11,B3,OK
0x60D5,0x38D5,0B,40,5,0x00EBD0,0x32A,0x00EEFA,0x00D6,35,41,E2,OK
0x60D4,0x38D4,0B,40,5,0x00EBD0,0x32B,0x00EEFB,0x00D5,35,04,A4,OK
0x60D3,0x38D3,0B,40,5,0x00EBD0,0x32C,0x00EEFC,0x00D4,35,04,A3,OK
0x60D2,0x38D2,0B,40,5,0x00EBD0,0x32D,0x00EEFD,0x00D3,35,42,E0,OK
0x60D1,0x38D1,0B,40,5,0x00EBD0,0x32E,0x00EEFE,0x00D2,35,20,BD,OK
0x60D0,0x38D0,0B,40,5,0x00EBD0,0x32F,0x00EEFF,0x00D1,35,49,E5,OK
0x60CF,0x38CF,0B,40,5,0x00EBD0,0x330,0x00EF00,0x00D0,35,24,BF,OK
0x60CE,0x38CE,0B,40,5,0x00EBD0,0x331,0x00EF01,0x00CF,35,02,9C,OK
0x60CD,0x38CD,0B,40,5,0x00EBD0,0x332,0x00EF02,0x00CE,35,04,9D,OK
0x60CC,0x38CC,0B,40,5,0x00EBD0,0x333,0x00EF03,0x00CD,35,81,19,OK
0x60CB,0x38CB,0B,40,5,0x00EBD0,0x334,0x00EF04,0x00CC,35,80,17,OK
0x60CA,0x38CA,0B,40,5,0x00EBD0,0x335,0x00EF05,0x00CB,35,48,DE,OK
0x60C9,0x38C9,0B,40,5,0x00EBD0,0x336,0x00EF06,0x00CA,35,24,B9,OK
0x60C8,0x38C8,0B,40,5,0x00EBD0,0x337,0x00EF07,0x00C9,35,10,A4,OK
0x60C7,0x38C7,0B,40,5,0x00EBD0,0x338,0x00EF08,0x00C8,35,5D,F0,OK
0x60C6,0x38C6,0B,40,5,0x00EBD0,0x339,0x00EF09,0x00C7,35,00,92,OK
0x60C5,0x38C5,0B,40,5,0x00EBD0,0x33A,0x00EF0A,0x00C6,35,11,A2,OK
0x60C4,0x38C4,0B,40,5,0x00EBD0,0x33B,0x00EF0B,0x00C5,35,04,94,OK
0x60C3,0x38C3,0B,40,5,0x00EBD0,0x33C,0x00EF0C,0x00C4,35,04,93,OK
0x60C2,0x38C2,0B,40,5,0x00EBD0,0x33D,0x00EF0D,0x00C3,35,08,96,OK
0x60C1,0x38C1,0B,40,5,0x00EBD0,0x33E,0x00EF0E,0x00C2,35,04,91,OK
0x60C0,0x38C0,0B,40,5,0x00EBD0,0x33F,0x00EF0F,0x00C1,35,10,9C,OK
0x60BF,0x38BF,0B,40,5,0x00EBD0,0x340,0x00EF10,0x00C0,35,89,14,OK
0x60BE,0x38BE,0B,40,5,0x00EBD0,0x341,0x00EF11,0x00BF,35,00,8A,OK
0x60BD,0x38BD,0B,40,5,0x00EBD0,0x342,0x00EF12,0x00BE,35,1E,A7,OK
0x60BC,0x38BC,0B,40,5,0x00EBD0,0x343,0x00EF13,0x00BD,35,1C,A4,OK
0x60BB,0x38BB,0B,40,5,0x00EBD0,0x344,0x00EF14,0x00BC,35,87,0E,OK
0x60BA,0x38BA,0B,40,5,0x00EBD0,0x345,0x00EF15,0x00BB,35,03,89,OK
0x60B9,0x38B9,0B,40,5,0x00EBD0,0x346,0x00EF16,0x00BA,35,04,89,OK
0x60B8,0x38B8,0B,40,5,0x00EBD0,0x347,0x00EF17,0x00B9,35,E0,64,OK
0x60B7,0x38B7,0B,40,5,0x00EBD0,0x348,0x00EF18,0x00B8,35,38,BB,OK
0x60B6,0x38B6,0B,40,5,0x00EBD0,0x349,0x00EF19,0x00B7,35,09,8B,OK
0x60B5,0x38B5,0B,40,5,0x00EBD0,0x34A,0x00EF1A,0x00B6,35,07,88,OK
0x60B4,0x38B4,0B,40,5,0x00EBD0,0x34B,0x00EF1B,0x00B5,35,04,84,OK
0x60B3,0x38B3,0B,40,5,0x00EBD0,0x34C,0x00EF1C,0x00B4,35,70,EF,OK
0x60B2,0x38B2,0B,40,5,0x00EBD0,0x34D,0x00EF1D,0x00B3,35,00,7E,OK
0x60B1,0x38B1,0B,40,5,0x00EBD0,0x34E,0x00EF1E,0x00B2,35,38,B5,OK
0x60B0,0x38B0,0B,40,5,0x00EBD0,0x34F,0x00EF1F,0x00B1,35,1E,9A,OK
0x60AF,0x38AF,0B,40,5,0x00EBD0,0x350,0x00EF20,0x00B0,35,1C,97,OK
0x60AE,0x38AE,0B,40,5,0x00EBD0,0x351,0x00EF21,0x00AF,35,C0,3A,OK
0x60AD,0x38AD,0B,40,5,0x00EBD0,0x352,0x00EF22,0x00AE,35,01,7A,OK
0x60AC,0x38AC,0B,40,5,0x00EBD0,0x353,0x00EF23,0x00AD,35,1C,94,OK
0x60AB,0x38AB,0B,40,5,0x00EBD0,0x354,0x00EF24,0x00AC,35,C0,37,OK
0x60AA,0x38AA,0B,40,5,0x00EBD0,0x355,0x00EF25,0x00AB,35,81,F7,OK
0x60A9,0x38A9,0B,40,5,0x00EBD0,0x356,0x00EF26,0x00AA,35,03,78,OK
0x60A8,0x38A8,0B,40,5,0x00EBD0,0x357,0x00EF27,0x00A9,35,04,78,OK
0x60A7,0x38A7,0B,40,5,0x00EBD0,0x358,0x00EF28,0x00A8,35,E0,53,OK
0x60A6,0x38A6,0B,40,5,0x00EBD0,0x359,0x00EF29,0x00A7,35,11,83,OK
0x60A5,0x38A5,0B,40,5,0x00EBD0,0x35A,0x00EF2A,0x00A6,35,41,B2,OK
0x60A4,0x38A4,0B,40,5,0x00EBD0,0x35B,0x00EF2B,0x00A5,35,04,74,OK
0x60A3,0x38A3,0B,40,5,0x00EBD0,0x35C,0x00EF2C,0x00A4,35,04,73,OK
0x60A2,0x38A2,0B,40,5,0x00EBD0,0x35D,0x00EF2D,0x00A3,35,42,B0,OK
0x60A1,0x38A1,0B,40,5,0x00EBD0,0x35E,0x00EF2E,0x00A2,35,20,8D,OK
0x60A0,0x38A0,0B,40,5,0x00EBD0,0x35F,0x00EF2F,0x00A1,35,49,B5,OK
0x609F,0x389F,0B,40,5,0x00EBD0,0x360,0x00EF30,0x00A0,35,24,8F,OK
0x609E,0x389E,0B,40,5,0x00EBD0,0x361,0x00EF31,0x009F,35,02,6C,OK
0x609D,0x389D,0B,40,5,0x00EBD0,0x362,0x00EF32,0x009E,35,04,6D,OK
0x609C,0x389C,0B,40,5,0x00EBD0,0x363,0x00EF33,0x009D,35,81,E9,OK
0x609B,0x389B,0B,40,5,0x00EBD0,0x364,0x00EF34,0x009C,35,AA,11,OK
0x609A,0x389A,0B,40,5,0x00EBD0,0x365,0x00EF35,0x009B,35,03,69,OK
0x6099,0x3899,0B,40,5,0x00EBD0,0x366,0x00EF36,0x009A,35,00,65,OK
0x6098,0x3898,0B,40,5,0x00EBD0,0x367,0x00EF37,0x0099,35,8F,F3,OK
0x6097,0x3897,0B,40,5,0x00EBD0,0x368,0x00EF38,0x0098,35,E3,46,OK
0x6096,0x3896,0B,40,5,0x00EBD0,0x369,0x00EF39,0x0097,35,11,73,OK
0x6095,0x3895,0B,40,5,0x00EBD0,0x36A,0x00EF3A,0x0096,35,71,D2,OK
0x6094,0x3894,0B,40,5,0x00EBD0,0x36B,0x00EF3B,0x0095,35,00,60,OK
0x6093,0x3893,0B,40,5,0x00EBD0,0x36C,0x00EF3C,0x0094,35,11,70,OK
0x6092,0x3892,0B,40,5,0x00EBD0,0x36D,0x00EF3D,0x0093,35,04,62,OK
0x6091,0x3891,0B,40,5,0x00EBD0,0x36E,0x00EF3E,0x0092,35,04,61,OK
0x6090,0x3890,0B,40,5,0x00EBD0,0x36F,0x00EF3F,0x0091,35,08,64,OK
0x608F,0x388F,0B,40,5,0x00EBD0,0x370,0x00EF40,0x0090,35,04,5F,OK
0x608E,0x388E,0B,40,5,0x00EBD0,0x371,0x00EF41,0x008F,35,10,6A,OK
0x608D,0x388D,0B,40,5,0x00EBD0,0x372,0x00EF42,0x008E,35,81,DA,OK
0x608C,0x388C,0B,40,5,0x00EBD0,0x373,0x00EF43,0x008D,35,00,58,OK
0x608B,0x388B,0B,40,5,0x00EBD0,0x374,0x00EF44,0x008C,35,7E,D5,OK
0x608A,0x388A,0B,40,5,0x00EBD0,0x375,0x00EF45,0x008B,35,1C,72,OK
0x6089,0x3889,0B,40,5,0x00EBD0,0x376,0x00EF46,0x008A,35,FF,54,OK
0x6088,0x3888,0B,40,5,0x00EBD0,0x377,0x00EF47,0x0089,35,83,D7,OK
0x6087,0x3887,0B,40,5,0x00EBD0,0x378,0x00EF48,0x0088,35,FF,52,OK
0x6086,0x3886,0B,40,5,0x00EBD0,0x379,0x00EF49,0x0087,35,F8,4A,OK
0x6085,0x3885,0B,40,5,0x00EBD0,0x37A,0x00EF4A,0x0086,35,1F,70,OK
0x6084,0x3884,0B,40,5,0x00EBD0,0x37B,0x00EF4B,0x0085,35,1C,6C,OK
0x6083,0x3883,0B,40,5,0x00EBD0,0x37C,0x00EF4C,0x0084,35,00,4F,OK
0x6082,0x3882,0B,40,5,0x00EBD0,0x37D,0x00EF4D,0x0083,35,70,BE,OK
0x6081,0x3881,0B,40,5,0x00EBD0,0x37E,0x00EF4E,0x0082,35,00,4D,OK
0x6080,0x3880,0B,40,5,0x00EBD0,0x37F,0x00EF4F,0x0081,35,38,84,OK
0x607F,0x387F,0B,40,5,0x00EBD0,0x380,0x00EF50,0x0080,35,7E,C9,OK
0x607E,0x387E,0B,40,5,0x00EBD0,0x381,0x00EF51,0x007F,35,1C,66,OK
0x607D,0x387D,0B,40,5,0x00EBD0,0x382,0x00EF52,0x007E,35,C0,09,OK
0x607C,0x387C,0B,40,5,0x00EBD0,0x383,0x00EF53,0x007D,35,01,49,OK
0x607B,0x387B,0B,40,5,0x00EBD0,0x384,0x00EF54,0x007C,35,1C,63,OK
0x607A,0x387A,0B,40,5,0x00EBD0,0x385,0x00EF55,0x007B,35,C0,06,OK
0x6079,0x3879,0B,40,5,0x00EBD0,0x386,0x00EF56,0x007A,35,81,C6,OK
0x6078,0x3878,0B,40,5,0x00EBD0,0x387,0x00EF57,0x0079,35,03,47,OK
0x6077,0x3877,0B,40,5,0x00EBD0,0x388,0x00EF58,0x0078,35,04,47,OK
0x6076,0x3876,0B,40,5,0x00EBD0,0x389,0x00EF59,0x0077,35,20,62,OK
0x6075,0x3875,0B,40,5,0x00EBD0,0x38A,0x00EF5A,0x0076,35,12,53,OK
0x6074,0x3874,0B,40,5,0x00EBD0,0x38B,0x00EF5B,0x0075,35,41,81,OK
0x6073,0x3873,0B,40,5,0x00EBD0,0x38C,0x00EF5C,0x0074,35,E4,23,OK
0x6072,0x3872,0B,40,5,0x00EBD0,0x38D,0x00EF5D,0x0073,35,43,81,OK
0x6071,0x3871,0B,40,5,0x00EBD0,0x38E,0x00EF5E,0x0072,35,20,5D,OK
0x6070,0x3870,0B,40,5,0x00EBD0,0x38F,0x00EF5F,0x0071,35,49,85,OK
0x606F,0x386F,0B,40,5,0x00EBD0,0x390,0x00EF60,0x0070,35,24,5F,OK
0x606E,0x386E,0B,40,5,0x00EBD0,0x391,0x00EF61,0x006F,35,92,CC,OK
0x606D,0x386D,0B,40,5,0x00EBD0,0x392,0x00EF62,0x006E,35,F1,2A,OK
0x606C,0x386C,0B,40,5,0x00EBD0,0x393,0x00EF63,0x006D,35,00,38,OK
0x606B,0x386B,0B,40,5,0x00EBD0,0x394,0x00EF64,0x006C,35,8F,C6,OK
0x606A,0x386A,0B,40,5,0x00EBD0,0x395,0x00EF65,0x006B,35,E3,19,OK
0x6069,0x3869,0B,40,5,0x00EBD0,0x396,0x00EF66,0x006A,35,11,46,OK
0x6068,0x3868,0B,40,5,0x00EBD0,0x397,0x00EF67,0x0069,35,71,A5,OK
0x6067,0x3867,0B,40,5,0x00EBD0,0x398,0x00EF68,0x0068,35,00,33,OK
0x6066,0x3866,0B,40,5,0x00EBD0,0x399,0x00EF69,0x0067,35,11,43,OK
0x6065,0x3865,0B,40,5,0x00EBD0,0x39A,0x00EF6A,0x0066,35,04,35,OK
0x6064,0x3864,0B,40,5,0x00EBD0,0x39B,0x00EF6B,0x0065,35,04,34,OK
0x6063,0x3863,0B,40,5,0x00EBD0,0x39C,0x00EF6C,0x0064,35,08,37,OK
0x6062,0x3862,0B,40,5,0x00EBD0,0x39D,0x00EF6D,0x0063,35,04,32,OK
0x6061,0x3861,0B,40,5,0x00EBD0,0x39E,0x00EF6E,0x0062,35,10,3D,OK
0x6060,0x3860,0B,40,5,0x00EBD0,0x39F,0x00EF6F,0x0061,35,81,AD,OK
0x605F,0x385F,0B,40,5,0x00EBD0,0x3A0,0x00EF70,0x0060,35,00,2B,OK
0x605E,0x385E,0B,40,5,0x00EBD0,0x3A1,0x00EF71,0x005F,35,7E,A8,OK
0x605D,0x385D,0B,40,5,0x00EBD0,0x3A2,0x00EF72,0x005E,35,1C,45,OK
0x605C,0x385C,0B,40,5,0x00EBD0,0x3A3,0x00EF73,0x005D,35,FF,27,OK
0x605B,0x385B,0B,40,5,0x00EBD0,0x3A4,0x00EF74,0x005C,35,83,AA,OK
0x605A,0x385A,0B,40,5,0x00EBD0,0x3A5,0x00EF75,0x005B,35,FF,25,OK
0x6059,0x3859,0B,40,5,0x00EBD0,0x3A6,0x00EF76,0x005A,35,F8,1D,OK
0x6058,0x3858,0B,40,5,0x00EBD0,0x3A7,0x00EF77,0x0059,35,1F,43,OK
0x6057,0x3857,0B,40,5,0x00EBD0,0x3A8,0x00EF78,0x0058,35,1C,3F,OK
0x6056,0x3856,0B,40,5,0x00EBD0,0x3A9,0x00EF79,0x0057,35,00,22,OK
0x6055,0x3855,0B,40,5,0x00EBD0,0x3AA,0x00EF7A,0x0056,35,70,91,OK
0x6054,0x3854,0B,40,5,0x00EBD0,0x3AB,0x00EF7B,0x0055,35,00,20,OK
0x6053,0x3853,0B,40,5,0x00EBD0,0x3AC,0x00EF7C,0x0054,35,38,57,OK
0x6052,0x3852,0B,40,5,0x00EBD0,0x3AD,0x00EF7D,0x0053,35,7E,9C,OK
0x6051,0x3851,0B,40,5,0x00EBD0,0x3AE,0x00EF7E,0x0052,35,1C,39,OK
0x6050,0x3850,0B,40,5,0x00EBD0,0x3AF,0x00EF7F,0x0051,35,C0,DC,OK
0x604F,0x384F,0B,40,5,0x00EBD0,0x3B0,0x00EF80,0x0050,35,01,1C,OK
0x604E,0x384E,0B,40,5,0x00EBD0,0x3B1,0x00EF81,0x004F,35,1C,36,OK
0x604D,0x384D,0B,40,5,0x00EBD0,0x3B2,0x00EF82,0x004E,35,C0,D9,OK
0x604C,0x384C,0B,40,5,0x00EBD0,0x3B3,0x00EF83,0x004D,35,81,99,OK
0x604B,0x384B,0B,40,5,0x00EBD0,0x3B4,0x00EF84,0x004C,35,03,1A,OK
0x604A,0x384A,0B,40,5,0x00EBD0,0x3B5,0x00EF85,0x004B,35,04,1A,OK
0x6049,0x3849,0B,40,5,0x00EBD0,0x3B6,0x00EF86,0x004A,35,20,35,OK
0x6048,0x3848,0B,40,5,0x00EBD0,0x3B7,0x00EF87,0x0049,35,12,26,OK
0x6047,0x3847,0B,40,5,0x00EBD0,0x3B8,0x00EF88,0x0048,35,41,54,OK
0x6046,0x3846,0B,40,5,0x00EBD0,0x3B9,0x00EF89,0x0047,35,E4,F6,OK
0x6045,0x3845,0B,40,5,0x00EBD0,0x3BA,0x00EF8A,0x0046,35,43,54,OK
0x6044,0x3844,0B,40,5,0x00EBD0,0x3BB,0x00EF8B,0x0045,35,20,30,OK
0x6043,0x3843,0B,40,5,0x00EBD0,0x3BC,0x00EF8C,0x0044,35,49,58,OK
0x6042,0x3842,0B,40,5,0x00EBD0,0x3BD,0x00EF8D,0x0043,35,24,32,OK
0x6041,0x3841,0B,40,5,0x00EBD0,0x3BE,0x00EF8E,0x0042,35,92,9F,OK
0x6040,0x3840,0B,40,5,0x00EBD0,0x3BF,0x00EF8F,0x0041,35,F1,FD,OK
0x603F,0x383F,0B,40,5,0x00EBD0,0x3C0,0x00EF90,0x0040,35,AA,B5,OK
0x603E,0x383E,0B,40,5,0x00EBD0,0x3C1,0x00EF91,0x003F,35,03,0D,OK
0x603D,0x383D,0B,40,5,0x00EBD0,0x3C2,0x00EF92,0x003E,35,00,09,OK
0x603C,0x383C,0B,40,5,0x00EBD0,0x3C3,0x00EF93,0x003D,35,48,50,OK
0x603B,0x383B,0B,40,5,0x00EBD0,0x3C4,0x00EF94,0x003C,35,24,2B,OK
0x603A,0x383A,0B,40,5,0x00EBD0,0x3C5,0x00EF95,0x003B,35,32,38,OK
0x6039,0x3839,0B,40,5,0x00EBD0,0x3C6,0x00EF96,0x003A,35,5D,62,OK
0x6038,0x3838,0B,40,5,0x00EBD0,0x3C7,0x00EF97,0x0039,35,00,04,OK
0x6037,0x3837,0B,40,5,0x00EBD0,0x3C8,0x00EF98,0x0038,35,11,14,OK
0x6036,0x3836,0B,40,5,0x00EBD0,0x3C9,0x00EF99,0x0037,35,04,06,OK
0x6035,0x3835,0B,40,5,0x00EBD0,0x3CA,0x00EF9A,0x0036,35,04,05,OK
0x6034,0x3834,0B,40,5,0x00EBD0,0x3CB,0x00EF9B,0x0035,35,08,08,OK
0x6033,0x3833,0B,40,5,0x00EBD0,0x3CC,0x00EF9C,0x0034,35,04,03,OK
0x6032,0x3832,0B,40,5,0x00EBD0,0x3CD,0x00EF9D,0x0033,35,E0,DE,OK
0x6031,0x3831,0B,40,5,0x00EBD0,0x3CE,0x00EF9E,0x0032,35,88,85,OK
0x6030,0x3830,0B,40,5,0x00EBD0,0x3CF,0x00EF9F,0x0031,35,00,FC,OK
0x602F,0x382F,0B,40,5,0x00EBD0,0x3D0,0x00EFA0,0x0030,35,EE,E9,OK
0x602E,0x382E,0B,40,5,0x00EBD0,0x3D1,0x00EFA1,0x002F,35,1D,17,OK
0x602D,0x382D,0B,40,5,0x00EBD0,0x3D2,0x00EFA2,0x002E,35,87,80,OK
0x602C,0x382C,0B,40,5,0x00EBD0,0x3D3,0x00EFA3,0x002D,35,E3,DB,OK
0x602B,0x382B,0B,40,5,0x00EBD0,0x3D4,0x00EFA4,0x002C,35,E0,D7,OK
0x602A,0x382A,0B,40,5,0x00EBD0,0x3D5,0x00EFA5,0x002B,35,38,2E,OK
0x6029,0x3829,0B,40,5,0x00EBD0,0x3D6,0x00EFA6,0x002A,35,09,FE,OK
0x6028,0x3828,0B,40,5,0x00EBD0,0x3D7,0x00EFA7,0x0029,35,00,F4,OK
0x6027,0x3827,0B,40,5,0x00EBD0,0x3D8,0x00EFA8,0x0028,35,70,63,OK
0x6026,0x3826,0B,40,5,0x00EBD0,0x3D9,0x00EFA9,0x0027,35,C0,B2,OK
0x6025,0x3825,0B,40,5,0x00EBD0,0x3DA,0x00EFAA,0x0026,35,3F,30,OK
0x6024,0x3824,0B,40,5,0x00EBD0,0x3DB,0x00EFAB,0x0025,35,EE,DE,OK
0x6023,0x3823,0B,40,5,0x00EBD0,0x3DC,0x00EFAC,0x0024,35,1D,0C,OK
0x6022,0x3822,0B,40,5,0x00EBD0,0x3DD,0x00EFAD,0x0023,35,FE,EC,OK
0x6021,0x3821,0B,40,5,0x00EBD0,0x3DE,0x00EFAE,0x0022,35,01,EE,OK
0x6020,0x3820,0B,40,5,0x00EBD0,0x3DF,0x00EFAF,0x0021,35,1C,08,OK
0x601F,0x381F,0B,40,5,0x00EBD0,0x3E0,0x00EFB0,0x0020,35,FE,E9,OK
0x601E,0x381E,0B,40,5,0x00EBD0,0x3E1,0x00EFB1,0x001F,35,81,6B,OK
0x601D,0x381D,0B,40,5,0x00EBD0,0x3E2,0x00EFB2,0x001E,35,03,EC,OK
0x601C,0x381C,0B,40,5,0x00EBD0,0x3E3,0x00EFB3,0x001D,35,04,EC,OK
0x601B,0x381B,0B,40,5,0x00EBD0,0x3E4,0x00EFB4,0x001C,35,20,07,OK
0x601A,0x381A,0B,40,5,0x00EBD0,0x3E5,0x00EFB5,0x001B,35,E2,C8,OK
0x6019,0x3819,0B,40,5,0x00EBD0,0x3E6,0x00EFB6,0x001A,35,C1,A6,OK
0x6018,0x3818,0B,40,5,0x00EBD0,0x3E7,0x00EFB7,0x0019,35,C3,A7,OK
0x6017,0x3817,0B,40,5,0x00EBD0,0x3E8,0x00EFB8,0x0018,35,F1,D4,OK
0x6016,0x3816,0B,40,5,0x00EBD0,0x3E9,0x00EFB9,0x0017,35,1C,FE,OK
0x6015,0x3815,0B,40,5,0x00EBD0,0x3EA,0x00EFBA,0x0016,35,C9,AA,OK
0x6014,0x3814,0B,40,5,0x00EBD0,0x3EB,0x00EFBB,0x0015,35,C3,A3,OK
0x6013,0x3813,0B,40,5,0x00EBD0,0x3EC,0x00EFBC,0x0014,35,61,40,OK
0x6012,0x3812,0B,40,5,0x00EBD0,0x3ED,0x00EFBD,0x0013,35,89,67,OK
0x6011,0x3811,0B,40,5,0x00EBD0,0x3EE,0x00EFBE,0x0012,35,00,DD,OK
0x6010,0x3810,0B,40,5,0x00EBD0,0x3EF,0x00EFBF,0x0011,35,48,24,OK
0x600F,0x380F,0B,40,5,0x00EBD0,0x3F0,0x00EFC0,0x0010,35,24,FF,OK
0x600E,0x380E,0B,40,5,0x00EBD0,0x3F1,0x00EFC1,0x000F,35,32,0C,OK
0x600D,0x380D,0B,40,5,0x00EBD0,0x3F2,0x00EFC2,0x000E,35,5D,36,OK
0x600C,0x380C,0B,40,5,0x00EBD0,0x3F3,0x00EFC3,0x000D,35,00,D8,OK
0x600B,0x380B,0B,40,5,0x00EBD0,0x3F4,0x00EFC4,0x000C,35,11,E8,OK
0x600A,0x380A,0B,40,5,0x00EBD0,0x3F5,0x00EFC5,0x000B,35,04,DA,OK
0x6009,0x3809,0B,40,5,0x00EBD0,0x3F6,0x00EFC6,0x000A,35,04,D9,OK
0x6008,0x3808,0B,40,5,0x00EBD0,0x3F7,0x00EFC7,0x0009,35,08,DC,OK
0x6007,0x3807,0B,40,5,0x00EBD0,0x3F8,0x00EFC8,0x0008,35,04,D7,OK
0x6006,0x3806,0B,40,5,0x00EBD0,0x3F9,0x00EFC9,0x0007,35,E0,B2,OK
0x6005,0x3805,0B,40,5,0x00EBD0,0x3FA,0x00EFCA,0x0006,35,88,59,OK
0x6004,0x3804,0B,40,5,0x00EBD0,0x3FB,0x00EFCB,0x0005,35,00,D0,OK
0x6003,0x3803,0B,40,5,0x00EBD0,0x3FC,0x00EFCC,0x0004,35,EE,BD,OK
0x6002,0x3802,0B,40,5,0x00EBD0,0x3FD,0x00EFCD,0x0003,35,1D,EB,OK
0x6001,0x3801,0B,40,5,0x00EBD0,0x3FE,0x00EFCE,0x0002,35,87,54,OK
0x6000,0x3800,0B,40,5,0x00EBD0,0x3FF,0x00EFCF,0x0001,35,E3,AF,OK
