ram_addr,new_stored,raw_file_offset,old_raw,new_raw,d88_c,d88_h,d88_r,raw_index
0x2BFF,,0x0B2F0,D6,CC,09,40,1,0x000
0x2BFE,01,0x00B2F1,CA,0A,09,40,1,0x001
0x2BFD,00,0x00B2F2,D9,D5,09,40,1,0x002
0x2BFC,07,0x00B2F3,6A,89,09,40,1,0x003
0x2BFB,0C,0x00B2F4,CB,D1,09,40,1,0x004
0x2BFA,FF,0x00B2F5,52,CA,09,40,1,0x005
0x2BF9,3F,0x00B2F6,C9,CA,09,40,1,0x006
0x2BF8,87,0x00B2F7,85,D0,09,40,1,0x007
0x2BF7,03,0x00B2F8,C3,C2,09,40,1,0x008
0x2BF6,C0,0x00B2F9,C9,CF,09,40,1,0x009
0x2BF5,09,0x00B2FA,C3,41,09,40,1,0x00A
0x2BF4,0B,0x00B2FB,4A,48,09,40,1,0x00B
0x2BF2,FF,0x00B2FD,7F,AF,09,40,1,0x00D
0x2BF1,01,0x00B2FE,CA,BD,09,40,1,0x00E
0x2BF0,93,0x00B2FF,BE,C2,09,40,1,0x00F
0x2BEF,03,0x00B300,BC,C7,09,40,1,0x010
0x2BEE,92,0x00B301,C0,B3,09,40,1,0x011
0x2BED,03,0x00B302,B8,B9,09,40,1,0x012
0x2BEC,FE,0x00B303,C2,C8,09,40,1,0x013
0x2BEB,FF,0x00B304,F7,4C,09,40,1,0x014
0x2BEA,07,0x00B305,B7,BA,09,40,1,0x015
0x2BE9,04,0x00B306,BE,47,09,40,1,0x016
0x2BE8,0C,0x00B307,B1,B8,09,40,1,0x017
0x2BE7,C0,0x00B308,B3,94,09,40,1,0x018
0x2BE6,09,0x00B309,B3,B2,09,40,1,0x019
0x2BE5,01,0x00B30A,A2,31,09,40,1,0x01A
0x2BE4,93,0x00B30B,BA,BD,09,40,1,0x01B
0x2BE3,03,0x00B30C,B1,A8,09,40,1,0x01C
0x2BE2,FC,0x00B30D,8F,AE,09,40,1,0x01D
0x2BE1,,0x0B30E,AD,ED,09,40,1,0x01E
0x2BE0,07,0x00B30F,B6,40,09,40,1,0x01F
0x2BDE,9C,0x00B311,EA,A3,09,40,1,0x021
0x2BDD,03,0x00B312,B4,A9,09,40,1,0x022
0x2BDC,95,0x00B313,A8,E8,09,40,1,0x023
0x2BDB,03,0x00B314,C7,46,09,40,1,0x024
0x2BDA,FC,0x00B315,35,AA,09,40,1,0x025
0x2BD9,FF,0x00B316,A9,3B,09,40,1,0x026
0x2BD8,1F,0x00B317,39,A8,09,40,1,0x027
0x2BD7,0C,0x00B318,A7,A0,09,40,1,0x028
0x2BD6,E0,0x00B319,9F,A2,09,40,1,0x029
0x2BD5,,0x0B31A,A1,C1,09,40,1,0x02A
0x2BD4,05,0x00B31B,2A,AC,09,40,1,0x02B
0x2BD3,01,0x00B31C,A3,60,09,40,1,0x02C
0x2BD2,00,0x00B31D,9D,A8,09,40,1,0x02D
0x2BD1,07,0x00B31E,9D,A1,09,40,1,0x02E
0x2BD0,0C,0x00B31F,AC,A1,09,40,1,0x02F
0x2BCF,FF,0x00B320,22,A7,09,40,1,0x030
0x2BCE,,0x0B321,9E,99,09,40,1,0x031
0x2BCD,04,0x00B322,98,99,09,40,1,0x032
0x2BCC,87,0x00B323,98,A1,09,40,1,0x033
0x2BCB,03,0x00B324,9D,9F,09,40,1,0x034
0x2BCA,C0,0x00B325,98,9B,09,40,1,0x035
0x2BC9,FF,0x00B326,96,1D,09,40,1,0x036
0x2BC8,05,0x00B327,94,98,09,40,1,0x037
0x2BC7,0B,0x00B328,9B,84,09,40,1,0x038
0x2BC6,FE,0x00B329,97,92,09,40,1,0x039
0x2BC5,FF,0x00B32A,33,11,09,40,1,0x03A
0x2BC4,94,0x00B32B,94,9C,09,40,1,0x03B
0x2BC3,03,0x00B32C,1C,8C,09,40,1,0x03C
0x2BC2,92,0x00B32D,92,8E,09,40,1,0x03D
0x2BC1,03,0x00B32E,8C,95,09,40,1,0x03E
0x2BC0,FE,0x00B32F,8C,91,09,40,1,0x03F
0x2BBF,FF,0x00B330,8F,20,09,40,1,0x040
0x2BBE,07,0x00B331,8F,8E,09,40,1,0x041
0x2BBD,04,0x00B332,14,1B,09,40,1,0x042
0x2BBA,09,0x00B335,93,86,09,40,1,0x045
0x2BB9,,0x0B336,87,05,09,40,1,0x046
0x2BB8,93,0x00B337,85,91,09,40,1,0x047
0x2BB7,03,0x00B338,04,7C,09,40,1,0x048
0x2BB6,FC,0x00B339,8D,82,09,40,1,0x049
0x2BB4,07,0x00B33B,81,14,09,40,1,0x04B
0x2BB3,04,0x00B33C,88,83,09,40,1,0x04C
0x2BB2,9C,0x00B33D,7D,6F,09,40,1,0x04D
0x2BB0,95,0x00B33F,7D,BC,09,40,1,0x04F
0x2BAF,03,0x00B340,74,1A,09,40,1,0x050
0x2BAE,FC,0x00B341,84,7E,09,40,1,0x051
0x2BAD,FF,0x00B342,7D,0F,09,40,1,0x052
0x2BAC,0F,0x00B343,7D,7C,09,40,1,0x053
0x2BAB,0C,0x00B344,58,74,09,40,1,0x054
0x2BAA,E0,0x00B345,FF,76,09,40,1,0x055
0x2BA9,FF,0x00B346,79,85,09,40,1,0x056
0x2BA8,05,0x00B347,F4,80,09,40,1,0x057
0x2BA7,,0x0B348,7F,34,09,40,1,0x058
0x2BA6,80,0x00B349,63,7C,09,40,1,0x059
0x2BA5,0C,0x00B34A,91,73,09,40,1,0x05A
0x2BA4,7F,0x00B34B,FF,7C,09,40,1,0x05B
0x2BA3,88,0x00B34C,73,7C,09,40,1,0x05C
0x2BA2,03,0x00B34D,03,6E,09,40,1,0x05D
0x2BA1,E0,0x00B34E,71,F6,09,40,1,0x05E
0x2BA0,FF,0x00B34F,69,70,09,40,1,0x05F
0x2B9F,05,0x00B350,6D,64,09,40,1,0x060
0x2B9E,00,0x00B351,F4,6A,09,40,1,0x061
0x2B9D,07,0x00B352,6D,E9,09,40,1,0x062
0x2B9C,FF,0x00B353,67,74,09,40,1,0x063
0x2B9B,05,0x00B354,6B,64,09,40,1,0x064
0x2B9A,94,0x00B355,6B,66,09,40,1,0x065
0x2B99,03,0x00B356,ED,6D,09,40,1,0x066
0x2B98,92,0x00B357,68,69,09,40,1,0x067
0x2B97,03,0x00B358,62,F8,09,40,1,0x068
0x2B96,FE,0x00B359,62,66,09,40,1,0x069
0x2B95,FF,0x00B35A,E1,F3,09,40,1,0x06A
0x2B94,03,0x00B35B,6A,64,09,40,1,0x06B
0x2B93,04,0x00B35C,5E,40,09,40,1,0x06C
0x2B92,0C,0x00B35D,62,5E,09,40,1,0x06D
0x2B91,80,0x00B35E,62,9D,09,40,1,0x06E
0x2B90,FF,0x00B35F,5D,69,09,40,1,0x06F
0x2B8F,05,0x00B360,66,4C,09,40,1,0x070
0x2B8E,94,0x00B361,5E,5A,09,40,1,0x071
0x2B8D,03,0x00B362,D6,79,09,40,1,0x072
0x2B8C,FC,0x00B363,EF,EC,09,40,1,0x073
0x2B8A,03,0x00B365,E3,47,09,40,1,0x075
0x2B89,04,0x00B366,59,55,09,40,1,0x076
0x2B88,9C,0x00B367,15,74,09,40,1,0x077
0x2B87,03,0x00B368,5B,F2,09,40,1,0x078
0x2B86,95,0x00B369,57,56,09,40,1,0x079
0x2B85,03,0x00B36A,DD,E7,09,40,1,0x07A
0x2B83,FF,0x00B36C,40,4E,09,40,1,0x07C
0x2B82,0F,0x00B36D,5B,4E,09,40,1,0x07D
0x2B81,0C,0x00B36E,4F,5D,09,40,1,0x07E
0x2B80,F0,0x00B36F,4D,58,09,40,1,0x07F
0x2B7F,FF,0x00B370,0C,2C,09,40,1,0x080
0x2B7E,7F,0x00B371,55,4A,09,40,1,0x081
0x2B7D,0B,0x00B372,69,4F,09,40,1,0x082
0x2B7C,80,0x00B373,54,55,09,40,1,0x083
0x2B7B,FF,0x00B374,C8,47,09,40,1,0x084
0x2B7A,08,0x00B375,50,4F,09,40,1,0x085
0x2B79,0F,0x00B376,47,65,09,40,1,0x086
0x2B78,88,0x00B377,41,CD,09,40,1,0x087
0x2B77,03,0x00B378,4D,47,09,40,1,0x088
0x2B76,E0,0x00B379,46,3B,09,40,1,0x089
0x2B75,FF,0x00B37A,46,41,09,40,1,0x08A
0x2B74,7F,0x00B37B,21,C0,09,40,1,0x08B
0x2B73,00,0x00B37C,3F,4B,09,40,1,0x08C
0x2B72,07,0x00B37D,45,3D,09,40,1,0x08D
0x2B71,FF,0x00B37E,41,3D,09,40,1,0x08E
0x2B70,7F,0x00B37F,C0,40,09,40,1,0x08F
0x2B6F,94,0x00B380,3B,40,09,40,1,0x090
0x2B6E,03,0x00B381,BA,CF,09,40,1,0x091
0x2B6D,92,0x00B382,45,3D,09,40,1,0x092
0x2B6C,03,0x00B383,19,CA,09,40,1,0x093
0x2B6B,FC,0x00B384,47,3B,09,40,1,0x094
0x2B6A,FF,0x00B385,C5,F7,09,40,1,0x095
0x2B69,01,0x00B386,39,35,09,40,1,0x096
0x2B68,86,0x00B387,D4,54,09,40,1,0x097
0x2B67,,0x0B388,37,40,09,40,1,0x098
0x2B66,FF,0x00B389,B1,13,09,40,1,0x099
0x2B65,05,0x00B38A,BA,31,09,40,1,0x09A
0x2B64,94,0x00B38B,34,50,09,40,1,0x09B
0x2B63,03,0x00B38C,2E,C3,09,40,1,0x09C
0x2B62,F8,0x00B38D,2E,32,09,40,1,0x09D
0x2B61,FF,0x00B38E,3D,0E,09,40,1,0x09E
0x2B60,03,0x00B38F,36,2C,09,40,1,0x09F
0x2B5F,04,0x00B390,2A,4B,09,40,1,0x0A0
0x2B5E,9C,0x00B391,2E,C9,09,40,1,0x0A1
0x2B5D,03,0x00B392,2E,2D,09,40,1,0x0A2
0x2B5B,15,0x00B394,31,3D,09,40,1,0x0A4
0x2B59,09,0x00B396,16,2F,09,40,1,0x0A6
0x2B58,07,0x00B397,34,2C,09,40,1,0x0A7
0x2B57,04,0x00B398,BA,28,09,40,1,0x0A8
0x2B56,0C,0x00B399,26,2E,09,40,1,0x0A9
0x2B55,F0,0x00B39A,BB,02,09,40,1,0x0AA
0x2B54,FF,0x00B39B,24,20,09,40,1,0x0AB
0x2B53,7F,0x00B39C,18,25,09,40,1,0x0AC
0x2B52,0B,0x00B39D,1E,1F,09,40,1,0x0AD
0x2B50,FF,0x00B39F,1E,1C,09,40,1,0x0AF
0x2B4F,08,0x00B3A0,1C,24,09,40,1,0x0B0
0x2B4E,89,0x00B3A1,DB,1C,09,40,1,0x0B1
0x2B4D,03,0x00B3A2,24,A2,09,40,1,0x0B2
0x2B4C,F0,0x00B3A3,28,1C,09,40,1,0x0B3
0x2B4B,FF,0x00B3A4,23,14,09,40,1,0x0B4
0x2B4A,7F,0x00B3A5,07,16,09,40,1,0x0B5
0x2B49,0A,0x00B3A6,1F,55,09,40,1,0x0B6
0x2B48,80,0x00B3A7,16,20,09,40,1,0x0B7
0x2B47,FF,0x00B3A8,10,12,09,40,1,0x0B8
0x2B46,7F,0x00B3A9,1C,12,09,40,1,0x0B9
0x2B45,94,0x00B3AA,19,15,09,40,1,0x0BA
0x2B43,92,0x00B3AC,00,A4,09,40,1,0x0BC
0x2B42,03,0x00B3AD,0E,12,09,40,1,0x0BD
0x2B41,F8,0x00B3AE,16,9F,09,40,1,0x0BE
0x2B40,FF,0x00B3AF,1C,10,09,40,1,0x0BF
0x2B3F,87,0x00B3B0,FC,8C,09,40,1,0x0C0
0x2B3D,FF,0x00B3B2,49,19,09,40,1,0x0C2
0x2B3C,DF,0x00B3B3,9D,15,09,40,1,0x0C3
0x2B3B,94,0x00B3B4,0B,E8,09,40,1,0x0C4
0x2B3A,03,0x00B3B5,A6,06,09,40,1,0x0C5
0x2B39,FE,0x00B3B6,09,21,09,40,1,0x0C6
0x2B38,FF,0x00B3B7,07,98,09,40,1,0x0C7
0x2B37,9D,0x00B3B8,08,07,09,40,1,0x0C8
0x2B36,03,0x00B3B9,8B,FB,09,40,1,0x0C9
0x2B35,00,0x00B3BA,05,01,09,40,1,0x0CA
0x2B34,15,0x00B3BB,FD,0C,09,40,1,0x0CB
0x2B33,03,0x00B3BC,FF,04,09,40,1,0x0CC
0x2B32,09,0x00B3BD,0E,9D,09,40,1,0x0CD
0x2B31,03,0x00B3BE,07,01,09,40,1,0x0CE
0x2B30,04,0x00B3BF,FB,FD,09,40,1,0x0CF
0x2B2F,0C,0x00B3C0,03,11,09,40,1,0x0D0
0x2B2E,F8,0x00B3C1,FF,FE,09,40,1,0x0D1
0x2B2D,FF,0x00B3C2,FA,03,09,40,1,0x0D2
0x2B2C,3F,0x00B3C3,01,FC,09,40,1,0x0D3
0x2B2B,0B,0x00B3C4,FB,FC,09,40,1,0x0D4
0x2B2A,,0x0B3C5,77,02,09,40,1,0x0D5
0x2B29,FF,0x00B3C6,75,E6,09,40,1,0x0D6
0x2B28,07,0x00B3C7,8C,F4,09,40,1,0x0D7
0x2B27,1F,0x00B3C8,F7,73,09,40,1,0x0D8
0x2B26,89,0x00B3C9,8C,F3,09,40,1,0x0D9
0x2B25,,0x0B3CA,F5,FA,09,40,1,0x0DA
0x2B24,F0,0x00B3CB,ED,F0,09,40,1,0x0DB
0x2B23,,0x0B3CC,EF,F7,09,40,1,0x0DC
0x2B22,7F,0x00B3CD,F7,2E,09,40,1,0x0DD
0x2B21,0A,0x00B3CE,EF,77,09,40,1,0x0DE
0x2B20,80,0x00B3CF,ED,F0,09,40,1,0x0DF
0x2B1F,FF,0x00B3D0,CC,E8,09,40,1,0x0E0
0x2B1E,3F,0x00B3D1,F5,EA,09,40,1,0x0E1
0x2B1D,94,0x00B3D2,ED,29,09,40,1,0x0E2
0x2B1C,03,0x00B3D3,ED,E9,09,40,1,0x0E3
0x2B1B,92,0x00B3D4,F3,EF,09,40,1,0x0E4
0x2B1A,03,0x00B3D5,D7,F0,09,40,1,0x0E5
0x2B19,E0,0x00B3D6,EF,E7,09,40,1,0x0E6
0x2B18,7F,0x00B3D7,E6,79,09,40,1,0x0E7
0x2B17,87,0x00B3D8,DC,E7,09,40,1,0x0E8
0x2B16,03,0x00B3D9,EC,75,09,40,1,0x0E9
0x2B15,FE,0x00B3DA,F1,E5,09,40,1,0x0EA
0x2B14,4F,0x00B3DB,D1,DF,09,40,1,0x0EB
0x2B13,94,0x00B3DC,DF,E7,09,40,1,0x0EC
0x2B12,03,0x00B3DD,E6,E3,09,40,1,0x0ED
0x2B11,FC,0x00B3DE,5D,EA,09,40,1,0x0EE
0x2B10,7F,0x00B3DF,5D,9D,09,40,1,0x0EF
0x2B0F,9D,0x00B3E0,E5,DB,09,40,1,0x0F0
0x2B0E,03,0x00B3E1,EA,E4,09,40,1,0x0F1
0x2B0D,,0x0B3E2,6E,DE,09,40,1,0x0F2
0x2B0C,,0x0B3E3,DC,6C,09,40,1,0x0F3
0x2B0B,80,0x00B3E4,80,DB,09,40,1,0x0F4
0x2B0A,09,0x00B3E5,DA,C7,09,40,1,0x0F5
0x2B09,03,0x00B3E6,CE,D5,09,40,1,0x0F6
0x2B08,04,0x00B3E7,D4,E0,09,40,1,0x0F7
0x2B07,0C,0x00B3E8,F3,D8,09,40,1,0x0F8
0x2B06,FC,0x00B3E9,DC,71,09,40,1,0x0F9
0x2B05,FF,0x00B3EA,D0,D5,09,40,1,0x0FA
0x2B04,3F,0x00B3EB,E0,65,09,40,1,0x0FB
0x2B03,0B,0x00B3EC,D0,D3,09,40,1,0x0FC
0x2B02,C0,0x00B3ED,D6,4F,09,40,1,0x0FD
0x2B01,FF,0x00B3EE,D1,D7,09,40,1,0x0FE
0x2B00,07,0x00B3EF,45,D0,09,40,1,0x0FF
0x2AFF,03,0x00B3F0,CA,D0,09,40,1,0x100
0x2AFE,04,0x00B3F1,09,D5,09,40,1,0x101
0x2AFD,89,0x00B3F2,D2,C1,09,40,1,0x102
0x2AFC,03,0x00B3F3,CE,C7,09,40,1,0x103
0x2AFB,F0,0x00B3F4,CB,46,09,40,1,0x104
0x2AFA,FF,0x00B3F5,5A,D1,09,40,1,0x105
0x2AF9,3F,0x00B3F6,C8,45,09,40,1,0x106
0x2AF8,0A,0x00B3F7,C4,C3,09,40,1,0x107
0x2AF7,C0,0x00B3F8,DC,CA,09,40,1,0x108
0x2AF6,FF,0x00B3F9,C5,C9,09,40,1,0x109
0x2AF5,3F,0x00B3FA,BF,C5,09,40,1,0x10A
0x2AF4,94,0x00B3FB,BF,49,09,40,1,0x10B
0x2AF3,03,0x00B3FC,C5,C2,09,40,1,0x10C
0x2AF2,92,0x00B3FD,3D,BC,09,40,1,0x10D
0x2AF1,03,0x00B3FE,C7,BC,09,40,1,0x10E
0x2AF0,C0,0x00B3FF,AC,DB,09,40,1,0x10F
0x2AEF,3F,0x00B400,C5,BB,09,40,1,0x110
0x2AEE,87,0x00B401,BD,C1,09,40,1,0x111
0x2AED,03,0x00B402,BD,C2,09,40,1,0x112
0x2AEC,F8,0x00B403,C3,B9,09,40,1,0x113
0x2AEB,4F,0x00B404,97,4B,09,40,1,0x114
0x2AEA,94,0x00B405,BF,B9,09,40,1,0x115
0x2AE9,03,0x00B406,B6,47,09,40,1,0x116
0x2AE8,,0x0B407,A4,B7,09,40,1,0x117
0x2AE7,7F,0x00B408,BC,AF,09,40,1,0x118
0x2AE6,01,0x00B409,D1,B5,09,40,1,0x119
0x2AE5,9C,0x00B40A,91,B5,09,40,1,0x11A
0x2AE4,03,0x00B40B,AF,36,09,40,1,0x11B
0x2AE3,94,0x00B40C,B5,B2,09,40,1,0x11C
0x2AE2,03,0x00B40D,35,AD,09,40,1,0x11D
0x2AE1,C0,0x00B40E,AE,B6,09,40,1,0x11E
0x2AE0,09,0x00B40F,6C,B0,09,40,1,0x11F
0x2ADF,01,0x00B410,B4,3E,09,40,1,0x120
0x2ADE,0C,0x00B411,AB,AD,09,40,1,0x121
0x2ADD,FC,0x00B412,3D,69,09,40,1,0x122
0x2ADC,FF,0x00B413,AB,A7,09,40,1,0x123
0x2ADB,3F,0x00B414,4F,AA,09,40,1,0x124
0x2ADA,0B,0x00B415,A9,AA,09,40,1,0x125
0x2AD9,,0x0B416,65,43,09,40,1,0x126
0x2AD8,0A,0x00B417,E3,A7,09,40,1,0x127
0x2AD7,3F,0x00B418,AD,37,09,40,1,0x128
0x2AD6,8A,0x00B419,A0,A5,09,40,1,0x129
0x2AD5,03,0x00B41A,C0,61,09,40,1,0x12A
0x2AD4,F8,0x00B41B,26,A9,09,40,1,0x12B
0x2AD3,FF,0x00B41C,A2,A0,09,40,1,0x12C
0x2AD2,3F,0x00B41D,1E,A9,09,40,1,0x12D
0x2AD1,0A,0x00B41E,9C,95,09,40,1,0x12E
0x2AD0,C0,0x00B41F,A1,9B,09,40,1,0x12F
0x2ACF,FF,0x00B420,A5,1A,09,40,1,0x130
0x2ACE,3F,0x00B421,D6,A5,09,40,1,0x131
0x2ACD,,0x0B422,2D,19,09,40,1,0x132
0x2ACC,,0x0B423,9B,A2,09,40,1,0x133
0x2ACB,93,0x00B424,97,16,09,40,1,0x134
0x2ACA,03,0x00B425,AF,20,09,40,1,0x135
0x2AC6,F0,0x00B429,98,B1,09,40,1,0x139
0x2AC5,07,0x00B42A,92,9B,09,40,1,0x13A
0x2AC4,04,0x00B42B,9A,10,09,40,1,0x13B
0x2AC3,94,0x00B42C,8B,8E,09,40,1,0x13C
0x2AC2,03,0x00B42D,98,93,09,40,1,0x13D
0x2AC1,C0,0x00B42E,90,22,09,40,1,0x13E
0x2AC0,3F,0x00B42F,90,8F,09,40,1,0x13F
0x2ABF,9D,0x00B430,96,1D,09,40,1,0x140
0x2ABE,03,0x00B431,6A,8D,09,40,1,0x141
0x2ABD,94,0x00B432,92,79,09,40,1,0x142
0x2ABC,03,0x00B433,89,0F,09,40,1,0x143
0x2ABB,C0,0x00B434,67,8A,09,40,1,0x144
0x2ABA,FF,0x00B435,8F,84,09,40,1,0x145
0x2AB9,05,0x00B436,C4,1A,09,40,1,0x146
0x2AB8,86,0x00B437,64,87,09,40,1,0x147
0x2AB6,FE,0x00B439,87,83,09,40,1,0x149
0x2AB5,FF,0x00B43A,00,1F,09,40,1,0x14A
0x2AB4,1F,0x00B43B,80,83,09,40,1,0x14B
0x2AB3,0B,0x00B43C,84,13,09,40,1,0x14C
0x2AB2,C0,0x00B43D,88,81,09,40,1,0x14D
0x2AB1,FF,0x00B43E,80,3D,09,40,1,0x14E
0x2AB0,06,0x00B43F,80,7B,09,40,1,0x14F
0x2AAF,07,0x00B440,0F,80,09,40,1,0x150
0x2AAE,04,0x00B441,7D,86,09,40,1,0x151
0x2AAD,8A,0x00B442,26,75,09,40,1,0x152
0x2AAC,,0x0B443,7B,77,09,40,1,0x153
0x2AAB,,0x0B444,6F,B6,09,40,1,0x154
0x2AAA,FF,0x00B445,77,81,09,40,1,0x155
0x2AA9,1F,0x00B446,FB,F5,09,40,1,0x156
0x2AA8,0A,0x00B447,77,73,09,40,1,0x157
0x2AA7,E0,0x00B448,6F,79,09,40,1,0x158
0x2AA6,,0x0B449,71,81,09,40,1,0x159
0x2AA5,1F,0x00B44A,76,71,09,40,1,0x15A
0x2AA3,03,0x00B44C,67,72,09,40,1,0x15C
0x2AA2,00,0x00B44D,02,77,09,40,1,0x15D
0x2AA1,1B,0x00B44E,70,8C,09,40,1,0x15E
0x2AA0,03,0x00B44F,04,76,09,40,1,0x15F
0x2A9F,80,0x00B450,6E,EB,09,40,1,0x160
0x2A9E,01,0x00B451,EA,69,09,40,1,0x161
0x2A9D,00,0x00B452,68,6E,09,40,1,0x162
0x2A9C,15,0x00B453,6E,FD,09,40,1,0x163
0x2A9B,03,0x00B454,A6,6A,09,40,1,0x164
0x2A99,00,0x00B456,6C,7F,09,40,1,0x166
0x2A98,1D,0x00B457,62,67,09,40,1,0x167
0x2A97,03,0x00B458,6D,93,09,40,1,0x168
0x2A96,94,0x00B459,63,62,09,40,1,0x169
0x2A95,03,0x00B45A,6C,76,09,40,1,0x16A
0x2A94,E0,0x00B45B,20,63,09,40,1,0x16B
0x2A93,FF,0x00B45C,68,5B,09,40,1,0x16C
0x2A92,05,0x00B45D,61,5E,09,40,1,0x16D
0x2A91,86,0x00B45E,61,7C,09,40,1,0x16E
0x2A90,03,0x00B45F,3C,5F,09,40,1,0x16F
0x2A8F,FE,0x00B460,64,EF,09,40,1,0x170
0x2A8E,FF,0x00B461,D9,5D,09,40,1,0x171
0x2A8A,FF,0x00B465,59,62,09,40,1,0x175
0x2A89,06,0x00B466,59,51,09,40,1,0x176
0x2A88,8B,0x00B467,54,53,09,40,1,0x177
0x2A87,03,0x00B468,58,72,09,40,1,0x178
0x2A86,FC,0x00B469,5C,5D,09,40,1,0x179
0x2A85,FF,0x00B46A,58,D1,09,40,1,0x17A
0x2A84,1F,0x00B46B,54,4F,09,40,1,0x17B
0x2A83,0A,0x00B46C,E3,55,09,40,1,0x17C
0x2A82,E0,0x00B46D,51,4F,09,40,1,0x17D
0x2A81,FF,0x00B46E,02,4D,09,40,1,0x17E
0x2A80,1F,0x00B46F,4F,56,09,40,1,0x17F
0x2A7F,94,0x00B470,54,4E,09,40,1,0x180
0x2A7E,03,0x00B471,C9,53,09,40,1,0x181
0x2A7D,00,0x00B472,53,58,09,40,1,0x182
0x2A7C,50,0x00B473,44,52,09,40,1,0x183
0x2A7B,03,0x00B474,DB,C7,09,40,1,0x184
0x2A7A,94,0x00B475,49,45,09,40,1,0x185
0x2A79,03,0x00B476,DD,C4,09,40,1,0x186
0x2A78,F0,0x00B477,47,D9,09,40,1,0x187
0x2A77,FF,0x00B478,23,46,09,40,1,0x188
0x2A76,7F,0x00B479,41,42,09,40,1,0x189
0x2A75,0C,0x00B47A,47,91,09,40,1,0x18A
0x2A74,00,0x00B47B,4F,43,09,40,1,0x18B
0x2A73,09,0x00B47C,3F,D3,09,40,1,0x18C
0x2A72,0F,0x00B47D,45,41,09,40,1,0x18D
0x2A71,0B,0x00B47E,3B,2D,09,40,1,0x18E
0x2A70,C0,0x00B47F,46,3B,09,40,1,0x18F
0x2A6F,09,0x00B480,3C,BA,09,40,1,0x190
0x2A6E,9F,0x00B481,45,46,09,40,1,0x191
0x2A6D,1F,0x00B482,B9,37,09,40,1,0x192
0x2A6C,8A,0x00B483,41,37,09,40,1,0x193
0x2A6B,03,0x00B484,3E,56,09,40,1,0x194
0x2A6A,FC,0x00B485,3A,41,09,40,1,0x195
0x2A69,FF,0x00B486,F5,B5,09,40,1,0x196
0x2A67,0A,0x00B488,B2,72,09,40,1,0x198
0x2A66,E0,0x00B489,F2,37,09,40,1,0x199
0x2A65,,0x0B48A,30,BA,09,40,1,0x19A
0x2A64,0F,0x00B48B,37,33,09,40,1,0x19B
0x2A63,94,0x00B48C,33,AF,09,40,1,0x19C
0x2A61,94,0x00B48E,AD,3C,09,40,1,0x19E
0x2A5F,07,0x00B490,2E,EB,09,40,1,0x1A0
0x2A5E,,0x0B491,2E,29,09,40,1,0x1A1
0x2A5D,00,0x00B492,BD,A8,09,40,1,0x1A2
0x2A5C,C0,0x00B493,2B,BD,09,40,1,0x1A3
0x2A5B,0C,0x00B494,DC,2A,09,40,1,0x1A4
0x2A5A,FF,0x00B495,29,BA,09,40,1,0x1A5
0x2A59,,0x0B496,2E,28,09,40,1,0x1A6
0x2A58,F8,0x00B497,63,2B,09,40,1,0x1A7
0x2A57,0B,0x00B498,2D,27,09,40,1,0x1A8
0x2A56,3F,0x00B499,9A,22,09,40,1,0x1A9
0x2A55,09,0x00B49A,B5,E1,09,40,1,0x1AA
0x2A54,02,0x00B49B,23,2C,09,40,1,0x1AB
0x2A53,04,0x00B49C,B7,20,09,40,1,0x1AC
0x2A52,FC,0x00B49D,21,1E,09,40,1,0x1AD
0x2A51,8A,0x00B49E,FD,0D,09,40,1,0x1AE
0x2A50,03,0x00B49F,1B,27,09,40,1,0x1AF
0x2A4F,01,0x00B4A0,20,9A,09,40,1,0x1B0
0x2A4E,00,0x00B4A1,99,23,09,40,1,0x1B1
0x2A4D,F0,0x00B4A2,24,1D,09,40,1,0x1B2
0x2A4C,0A,0x00B4A3,98,1C,09,40,1,0x1B3
0x2A4B,0F,0x00B4A4,22,0F,09,40,1,0x1B4
0x2A4A,00,0x00B4A5,19,9F,09,40,1,0x1B5
0x2A49,F0,0x00B4A6,19,18,09,40,1,0x1B6
0x2A48,94,0x00B4A7,1F,93,09,40,1,0x1B7
0x2A47,03,0x00B4A8,93,1C,09,40,1,0x1B8
0x2A46,94,0x00B4A9,1B,0A,09,40,1,0x1B9
0x2A45,03,0x00B4AA,20,1B,09,40,1,0x1BA
0x2A44,F8,0x00B4AB,D0,4F,09,40,1,0x1BB
0x2A43,FF,0x00B4AC,19,0F,09,40,1,0x1BC
0x2A42,3F,0x00B4AD,0F,8E,09,40,1,0x1BD
0x2A41,0C,0x00B4AE,0C,A2,09,40,1,0x1BE
0x2A40,00,0x00B4AF,16,0F,09,40,1,0x1BF
0x2A3F,09,0x00B4B0,CB,9F,09,40,1,0x1C0
0x2A3E,07,0x00B4B1,14,0D,09,40,1,0x1C1
0x2A3D,04,0x00B4B2,10,01,09,40,1,0x1C2
0x2A3C,0B,0x00B4B3,0C,07,09,40,1,0x1C3
0x2A3B,C0,0x00B4B4,9B,46,09,40,1,0x1C4
0x2A3A,09,0x00B4B5,09,12,09,40,1,0x1C5
0x2A39,FD,0x00B4B6,05,03,09,40,1,0x1C6
0x2A38,03,0x00B4B7,39,03,09,40,1,0x1C7
0x2A37,04,0x00B4B8,06,12,09,40,1,0x1C8
0x2A36,8A,0x00B4B9,0B,0D,09,40,1,0x1C9
0x2A35,03,0x00B4BA,40,81,09,40,1,0x1CA
0x2A34,FE,0x00B4BB,00,09,09,40,1,0x1CB
0x2A33,FF,0x00B4BC,17,FA,09,40,1,0x1CC
0x2A32,0F,0x00B4BD,01,05,09,40,1,0x1CD
0x2A31,0A,0x00B4BE,FD,01,09,40,1,0x1CE
0x2A30,F0,0x00B4BF,14,85,09,40,1,0x1CF
0x2A2E,0F,0x00B4C1,EA,7A,09,40,1,0x1D1
0x2A2D,94,0x00B4C2,F8,02,09,40,1,0x1D2
0x2A2C,03,0x00B4C3,FD,FF,09,40,1,0x1D3
0x2A2B,94,0x00B4C4,FE,FB,09,40,1,0x1D4
0x2A2A,03,0x00B4C5,FA,00,09,40,1,0x1D5
0x2A29,03,0x00B4C6,00,B5,09,40,1,0x1D6
0x2A28,04,0x00B4C7,74,F3,09,40,1,0x1D7
0x2A27,00,0x00B4C8,FE,72,09,40,1,0x1D8
0x2A26,C0,0x00B4C9,F5,87,09,40,1,0x1D9
0x2A25,0C,0x00B4CA,F5,F4,09,40,1,0x1DA
0x2A24,7F,0x00B4CB,FC,84,09,40,1,0x1DB
0x2A23,,0x0B4CC,F8,F2,09,40,1,0x1DC
0x2A22,F8,0x00B4CD,0D,F1,09,40,1,0x1DD
0x2A21,0B,0x00B4CE,AD,F1,09,40,1,0x1DE
0x2A20,3F,0x00B4CF,F6,EC,09,40,1,0x1DF
0x2A1F,00,0x00B4D0,EE,AB,09,40,1,0x1E0
0x2A1E,05,0x00B4D1,EE,E9,09,40,1,0x1E1
0x2A1D,80,0x00B4D2,F4,F1,09,40,1,0x1E2
0x2A1C,8B,0x00B4D3,A8,F1,09,40,1,0x1E3
0x2A1B,03,0x00B4D4,F1,D7,09,40,1,0x1E4
0x2A1A,01,0x00B4D5,F5,F1,09,40,1,0x1E5
0x2A19,00,0x00B4D6,79,64,09,40,1,0x1E6
0x2A18,F0,0x00B4D7,E7,E4,09,40,1,0x1E7
0x2A17,0A,0x00B4D8,E3,E9,09,40,1,0x1E8
0x2A16,0F,0x00B4D9,17,6C,09,40,1,0x1E9
0x2A14,F8,0x00B4DB,DE,1F,09,40,1,0x1EB
0x2A13,94,0x00B4DC,DE,E8,09,40,1,0x1EC
0x2A12,03,0x00B4DD,5D,D6,09,40,1,0x1ED
0x2A11,94,0x00B4DE,DD,E7,09,40,1,0x1EE
0x2A10,03,0x00B4DF,F4,1B,09,40,1,0x1EF
0x2A0F,FC,0x00B4E0,DE,DB,09,40,1,0x1F0
0x2A0E,FF,0x00B4E1,DA,9A,09,40,1,0x1F1
0x2A0D,3F,0x00B4E2,F1,6E,09,40,1,0x1F2
0x2A0B,80,0x00B4E4,D5,6B,09,40,1,0x1F4
0x2A0A,09,0x00B4E5,D5,D9,09,40,1,0x1F5
0x2A09,07,0x00B4E6,F4,D1,09,40,1,0x1F6
0x2A08,04,0x00B4E7,E0,D3,09,40,1,0x1F7
0x2A07,0B,0x00B4E8,93,12,09,40,1,0x1F8
0x2A06,C0,0x00B4E9,DD,D2,09,40,1,0x1F9
0x2A05,FF,0x00B4EA,D4,D9,09,40,1,0x1FA
0x2A04,05,0x00B4EB,D4,D9,09,40,1,0x1FB
0x2A03,7F,0x00B4EC,DB,DE,09,40,1,0x1FC
0x2A02,8B,0x00B4ED,D7,D9,09,40,1,0x1FD
0x2A01,03,0x00B4EE,4C,4D,09,40,1,0x1FE
0x2A00,FE,0x00B4EF,8C,CB,09,40,1,0x1FF
0x29FF,FF,0x00B4F0,D5,D1,09,40,1,0x200
0x29FE,0F,0x00B4F1,E8,53,09,40,1,0x201
0x29FD,0A,0x00B4F2,D3,CB,09,40,1,0x202
0x29FC,F0,0x00B4F3,47,87,09,40,1,0x203
0x29FB,FF,0x00B4F4,D0,CF,09,40,1,0x204
0x29FA,07,0x00B4F5,E4,CC,09,40,1,0x205
0x29F9,04,0x00B4F6,58,C8,09,40,1,0x206
0x29F8,94,0x00B4F7,C6,CD,09,40,1,0x207
0x29F7,03,0x00B4F8,59,82,09,40,1,0x208
0x29F6,94,0x00B4F9,C4,C0,09,40,1,0x209
0x29F5,03,0x00B4FA,DF,FF,09,40,1,0x20A
0x29F4,03,0x00B4FB,BF,54,09,40,1,0x20B
0x29F3,04,0x00B4FC,C3,C1,09,40,1,0x20C
0x29F2,00,0x00B4FD,BB,51,09,40,1,0x20D
0x29F1,E0,0x00B4FE,C8,BF,09,40,1,0x20E
0x29F0,0C,0x00B4FF,CA,BE,09,40,1,0x20F
0x29EF,7F,0x00B500,BA,BE,09,40,1,0x210
0x29EE,09,0x00B501,C0,B9,09,40,1,0x211
0x29ED,FC,0x00B502,B0,98,09,40,1,0x212
0x29EC,0B,0x00B503,C3,B6,09,40,1,0x213
0x29EB,3F,0x00B504,B7,BE,09,40,1,0x214
0x29E9,05,0x00B506,33,AC,09,40,1,0x216
0x29E8,F8,0x00B507,BD,BE,09,40,1,0x217
0x29E7,FF,0x00B508,72,31,09,40,1,0x218
0x29E6,,0x0B509,BC,B1,09,40,1,0x219
0x29E5,03,0x00B50A,2F,B5,09,40,1,0x21A
0x29E4,09,0x00B50B,BA,9F,09,40,1,0x21B
0x29E3,F8,0x00B50C,42,38,09,40,1,0x21C
0x29E1,3F,0x00B50E,43,EB,09,40,1,0x21E
0x29E0,00,0x00B50F,AE,B4,09,40,1,0x21F
0x29DF,F8,0x00B510,8A,A6,09,40,1,0x220
0x29DE,94,0x00B511,A8,B3,09,40,1,0x221
0x29DD,03,0x00B512,AD,27,09,40,1,0x222
0x29DC,94,0x00B513,A8,A7,09,40,1,0x223
0x29DB,03,0x00B514,B2,66,09,40,1,0x224
0x29DA,FC,0x00B515,95,3A,09,40,1,0x225
0x29D9,,0x0B516,A3,A7,09,40,1,0x226
0x29D8,1F,0x00B517,AA,37,09,40,1,0x227
0x29D7,0C,0x00B518,A9,A5,09,40,1,0x228
0x29D6,80,0x00B519,A5,9D,09,40,1,0x229
0x29D5,09,0x00B51A,AC,9F,09,40,1,0x22A
0x29D4,03,0x00B51B,9D,BE,09,40,1,0x22B
0x29D3,04,0x00B51C,A7,9E,09,40,1,0x22C
0x29D2,0B,0x00B51D,1D,A5,09,40,1,0x22D
0x29D1,C0,0x00B51E,A6,A5,09,40,1,0x22E
0x29D0,FF,0x00B51F,DA,A2,09,40,1,0x22F
0x29CF,05,0x00B520,A5,9E,09,40,1,0x230
0x29CE,07,0x00B521,19,A4,09,40,1,0x231
0x29CD,04,0x00B522,A3,18,09,40,1,0x232
0x29CC,00,0x00B523,2B,96,09,40,1,0x233
0x29CB,0B,0x00B524,99,9B,09,40,1,0x234
0x29CA,03,0x00B525,2C,A4,09,40,1,0x235
0x29C9,09,0x00B526,97,1E,09,40,1,0x236
0x29C8,,0x0B527,9A,96,09,40,1,0x237
0x29C7,,0x0B528,96,52,09,40,1,0x238
0x29C6,0A,0x00B529,91,9A,09,40,1,0x239
0x29C5,C0,0x00B52A,10,93,09,40,1,0x23A
0x29C4,,0x0B52B,8E,93,09,40,1,0x23B
0x29C3,07,0x00B52C,94,98,09,40,1,0x23C
0x29C2,04,0x00B52D,90,0D,09,40,1,0x23D
0x29C1,94,0x00B52E,93,8B,09,40,1,0x23E
0x29C0,03,0x00B52F,8F,CA,09,40,1,0x23F
0x29BF,94,0x00B530,8A,1F,09,40,1,0x240
0x29BE,03,0x00B531,90,8C,09,40,1,0x241
0x29BD,01,0x00B532,80,1C,09,40,1,0x242
0x29BC,00,0x00B533,93,8A,09,40,1,0x243
0x29BA,0C,0x00B535,8E,85,09,40,1,0x245
0x29B9,,0x0B536,C3,74,09,40,1,0x246
0x29B8,09,0x00B537,8D,8E,09,40,1,0x247
0x29B7,FC,0x00B538,42,01,09,40,1,0x248
0x29B6,0B,0x00B539,80,8A,09,40,1,0x249
0x29B5,7F,0x00B53A,88,78,09,40,1,0x24A
0x29B4,00,0x00B53B,8A,8B,09,40,1,0x24B
0x29B3,C0,0x00B53C,7A,7E,09,40,1,0x24C
0x29B2,FF,0x00B53D,10,FD,09,40,1,0x24D
0x29B1,0C,0x00B53E,7F,07,09,40,1,0x24E
0x29B0,03,0x00B53F,12,7E,09,40,1,0x24F
0x29AF,09,0x00B540,7D,99,09,40,1,0x250
0x29AE,,0x0B541,71,82,09,40,1,0x251
0x29AD,0B,0x00B542,77,74,09,40,1,0x252
0x29AC,00,0x00B543,F6,82,09,40,1,0x253
0x29AB,FC,0x00B544,76,79,09,40,1,0x254
0x29AA,94,0x00B545,7B,79,09,40,1,0x255
0x29A9,,0x0B546,77,54,09,40,1,0x256
0x29A8,94,0x00B547,6B,08,09,40,1,0x257
0x29A7,03,0x00B548,71,75,09,40,1,0x258
0x29A6,FE,0x00B549,78,05,09,40,1,0x259
0x29A5,FF,0x00B54A,77,73,09,40,1,0x25A
0x29A4,0F,0x00B54B,73,6D,09,40,1,0x25B
0x29A3,,0x0B54C,7A,6D,09,40,1,0x25C
0x29A2,C0,0x00B54D,6B,7C,09,40,1,0x25D
0x29A1,,0x0B54E,75,77,09,40,1,0x25E
0x29A0,03,0x00B54F,2B,EB,09,40,1,0x25F
0x299F,04,0x00B550,74,73,09,40,1,0x260
0x299E,0B,0x00B551,A8,70,09,40,1,0x261
0x299D,80,0x00B552,68,6C,09,40,1,0x262
0x299C,FF,0x00B553,6F,73,09,40,1,0x263
0x299B,3F,0x00B554,71,65,09,40,1,0x264
0x299A,00,0x00B555,68,E4,09,40,1,0x265
0x2999,0C,0x00B556,68,EF,09,40,1,0x266
0x2998,03,0x00B557,F6,66,09,40,1,0x267
0x2997,09,0x00B558,65,42,09,40,1,0x268
0x2996,07,0x00B559,F8,6A,09,40,1,0x269
0x2994,0B,0x00B55B,62,63,09,40,1,0x26B
0x2993,FF,0x00B55C,62,69,09,40,1,0x26C
0x2992,03,0x00B55D,5D,59,09,40,1,0x26D
0x2991,04,0x00B55E,5B,7B,09,40,1,0x26E
0x2990,94,0x00B55F,62,F0,09,40,1,0x26F
0x298E,FF,0x00B561,5A,58,09,40,1,0x271
0x298D,14,0x00B562,58,6C,09,40,1,0x272
0x298C,03,0x00B563,5D,5A,09,40,1,0x273
0x298B,09,0x00B564,46,5F,09,40,1,0x274
0x298A,F0,0x00B565,DB,45,09,40,1,0x275
0x2989,0C,0x00B566,57,5F,09,40,1,0x276
0x2988,1F,0x00B567,54,92,09,40,1,0x277
0x2986,FE,0x00B569,CD,4D,09,40,1,0x279
0x2985,0C,0x00B56A,5B,5C,09,40,1,0x27A
0x2984,03,0x00B56B,4E,56,09,40,1,0x27B
0x2983,04,0x00B56C,56,52,09,40,1,0x27C
0x2982,8C,0x00B56D,58,4B,09,40,1,0x27D
0x2981,03,0x00B56E,3C,D7,09,40,1,0x27E
0x2980,7F,0x00B56F,DE,4E,09,40,1,0x27F
0x297F,09,0x00B570,4D,69,09,40,1,0x280
0x297E,FC,0x00B571,E0,52,09,40,1,0x281
0x297D,0B,0x00B572,4B,46,09,40,1,0x282
0x297C,07,0x00B573,43,52,09,40,1,0x283
0x297B,04,0x00B574,45,65,09,40,1,0x284
0x297A,FE,0x00B575,45,35,09,40,1,0x285
0x2979,94,0x00B576,4B,D9,09,40,1,0x286
0x2977,00,0x00B578,40,42,09,40,1,0x288
0x2976,14,0x00B579,40,55,09,40,1,0x289
0x2975,03,0x00B57A,46,43,09,40,1,0x28A
0x2974,09,0x00B57B,4E,48,09,40,1,0x28B
0x2973,0F,0x00B57C,C4,4D,09,40,1,0x28C
0x2972,0C,0x00B57D,40,48,09,40,1,0x28D
0x2971,E0,0x00B57E,3A,FC,09,40,1,0x28E
0x296F,01,0x00B580,BD,3D,09,40,1,0x290
0x296E,0C,0x00B581,44,3D,09,40,1,0x291
0x296D,FC,0x00B582,38,44,09,40,1,0x292
0x296C,8C,0x00B583,3F,2F,09,40,1,0x293
0x296B,03,0x00B584,41,37,09,40,1,0x294
0x296A,80,0x00B585,44,C0,09,40,1,0x295
0x2969,09,0x00B586,C7,37,09,40,1,0x296
0x2968,,0x0B587,36,13,09,40,1,0x297
0x2967,04,0x00B588,C9,3B,09,40,1,0x298
0x2966,0B,0x00B589,34,32,09,40,1,0x299
0x2965,F8,0x00B58A,33,3B,09,40,1,0x29A
0x2964,01,0x00B58B,33,0F,09,40,1,0x29B
0x2963,94,0x00B58C,2C,3D,09,40,1,0x29C
0x2962,03,0x00B58D,B3,C2,09,40,1,0x29D
0x2960,14,0x00B58F,AA,2A,09,40,1,0x29F
0x295F,03,0x00B590,2A,3E,09,40,1,0x2A0
0x295E,09,0x00B591,2F,2C,09,40,1,0x2A1
0x295D,F8,0x00B592,24,31,09,40,1,0x2A2
0x295C,0C,0x00B593,AE,1F,09,40,1,0x2A3
0x295B,1F,0x00B594,29,31,09,40,1,0x2A4
0x295A,00,0x00B595,26,64,09,40,1,0x2A5
0x2958,FE,0x00B597,9B,1F,09,40,1,0x2A7
0x2957,92,0x00B598,2D,B4,09,40,1,0x2A8
0x2956,03,0x00B599,19,24,09,40,1,0x2A9
0x2955,7F,0x00B59A,2A,3F,09,40,1,0x2AA
0x2954,09,0x00B59B,9E,28,09,40,1,0x2AB
0x2953,FC,0x00B59C,2A,1C,09,40,1,0x2AC
0x2952,0B,0x00B59D,1B,29,09,40,1,0x2AD
0x2951,BF,0x00B59E,AE,1A,09,40,1,0x2AE
0x2950,95,0x00B59F,1E,B0,09,40,1,0x2AF
0x294F,03,0x00B5A0,B1,1D,09,40,1,0x2B0
0x294E,00,0x00B5A1,1C,19,09,40,1,0x2B1
0x294D,14,0x00B5A2,14,2C,09,40,1,0x2B2
0x294C,03,0x00B5A3,18,1A,09,40,1,0x2B3
0x294B,09,0x00B5A4,9C,1F,09,40,1,0x2B4
0x294A,07,0x00B5A5,18,1C,09,40,1,0x2B5
0x2949,04,0x00B5A6,94,18,09,40,1,0x2B6
0x2948,0C,0x00B5A7,12,1E,09,40,1,0x2B7
0x2947,E0,0x00B5A8,18,D2,09,40,1,0x2B8
0x2946,FF,0x00B5A9,14,1A,09,40,1,0x2B9
0x2945,05,0x00B5AA,14,13,09,40,1,0x2BA
0x2944,01,0x00B5AB,96,13,09,40,1,0x2BB
0x2943,92,0x00B5AC,11,A0,09,40,1,0x2BC
0x2942,03,0x00B5AD,0B,10,09,40,1,0x2BD
0x2941,80,0x00B5AE,15,EC,09,40,1,0x2BE
0x2940,09,0x00B5AF,92,14,09,40,1,0x2BF
0x293F,03,0x00B5B0,15,0B,09,40,1,0x2C0
0x293E,04,0x00B5B1,10,15,09,40,1,0x2C1
0x293D,0B,0x00B5B2,0C,09,09,40,1,0x2C2
0x293C,40,0x00B5B3,11,9C,09,40,1,0x2C3
0x293B,95,0x00B5B4,86,09,09,40,1,0x2C4
0x293A,03,0x00B5B5,11,98,09,40,1,0x2C5
0x2939,93,0x00B5B6,05,07,09,40,1,0x2C6
0x2938,03,0x00B5B7,95,82,09,40,1,0x2C7
0x2937,7F,0x00B5B8,05,0B,09,40,1,0x2C8
0x2936,09,0x00B5B9,A0,FD,09,40,1,0x2C9
0x2935,FC,0x00B5BA,03,0B,09,40,1,0x2CA
0x2934,0C,0x00B5BB,0E,1E,09,40,1,0x2CB
0x2933,0F,0x00B5BC,FE,07,09,40,1,0x2CC
0x2932,00,0x00B5BD,02,FB,09,40,1,0x2CD
0x2931,05,0x00B5BE,7C,8E,09,40,1,0x2CE
0x2930,93,0x00B5BF,83,FE,09,40,1,0x2CF
0x292F,,0x0B5C0,FD,19,09,40,1,0x2D0
0x292E,7F,0x00B5C1,FA,02,09,40,1,0x2D1
0x292D,,0x0B5C2,01,94,09,40,1,0x2D2
0x292C,FE,0x00B5C3,F3,FA,09,40,1,0x2D3
0x292B,9A,0x00B5C4,01,89,09,40,1,0x2D4
0x292A,03,0x00B5C5,E5,F8,09,40,1,0x2D5
0x2929,93,0x00B5C6,FE,74,09,40,1,0x2D6
0x2928,03,0x00B5C7,72,FC,09,40,1,0x2D7
0x2927,80,0x00B5C8,FE,F5,09,40,1,0x2D8
0x2926,09,0x00B5C9,ED,F5,09,40,1,0x2D9
0x2925,03,0x00B5CA,82,FB,09,40,1,0x2DA
0x2924,04,0x00B5CB,F2,CF,09,40,1,0x2DB
0x2923,0C,0x00B5CC,8D,F7,09,40,1,0x2DC
0x2922,F0,0x00B5CD,F0,EE,09,40,1,0x2DD
0x2921,FF,0x00B5CE,DC,7E,09,40,1,0x2DE
0x2920,05,0x00B5CF,EA,EE,09,40,1,0x2DF
0x291F,93,0x00B5D0,EF,CA,09,40,1,0x2E0
0x291E,03,0x00B5D1,68,F2,09,40,1,0x2E1
0x291D,80,0x00B5D2,70,84,09,40,1,0x2E2
0x291B,01,0x00B5D4,E4,79,09,40,1,0x2E4
0x291A,9A,0x00B5D5,EE,E8,09,40,1,0x2E5
0x2919,,0x0B5D6,E7,63,09,40,1,0x2E6
0x2918,93,0x00B5D7,E7,EC,09,40,1,0x2E7
0x2917,03,0x00B5D8,ED,E0,09,40,1,0x2E8
0x2916,7F,0x00B5D9,F0,EC,09,40,1,0x2E9
0x2915,09,0x00B5DA,EA,FF,09,40,1,0x2EA
0x2914,FE,0x00B5DB,5F,DF,09,40,1,0x2EB
0x2913,,0x0B5DC,EA,E3,09,40,1,0x2EC
0x2912,0F,0x00B5DD,E0,70,09,40,1,0x2ED
0x2911,00,0x00B5DE,E0,DF,09,40,1,0x2EE
0x2910,80,0x00B5DF,6D,FA,09,40,1,0x2EF
0x290F,94,0x00B5E0,DD,DA,09,40,1,0x2F0
0x290E,03,0x00B5E1,78,DE,09,40,1,0x2F1
0x290D,09,0x00B5E2,DB,74,09,40,1,0x2F2
0x290B,9A,0x00B5E4,DA,69,09,40,1,0x2F4
0x290A,03,0x00B5E5,D5,D8,09,40,1,0x2F5
0x2909,93,0x00B5E6,D9,54,09,40,1,0x2F6
0x2908,03,0x00B5E7,CF,DC,09,40,1,0x2F7
0x2907,80,0x00B5E8,5A,D3,09,40,1,0x2F8
0x2906,09,0x00B5E9,D4,DC,09,40,1,0x2F9
0x2905,01,0x00B5EA,D3,B0,09,40,1,0x2FA
0x2904,0C,0x00B5EB,D3,CE,09,40,1,0x2FB
0x2903,F0,0x00B5EC,CE,D3,09,40,1,0x2FC
0x2902,FF,0x00B5ED,D2,60,09,40,1,0x2FD
0x2901,7F,0x00B5EE,44,CF,09,40,1,0x2FE
0x2900,94,0x00B5EF,CB,AB,09,40,1,0x2FF
0x28FF,03,0x00B5F0,D1,C9,09,40,1,0x300
0x28FE,09,0x00B5F1,B8,CD,09,40,1,0x301
0x28FD,01,0x00B5F2,D1,63,09,40,1,0x302
0x28FC,9A,0x00B5F3,45,C9,09,40,1,0x303
0x28FB,03,0x00B5F4,D1,58,09,40,1,0x304
0x28FA,93,0x00B5F5,44,C7,09,40,1,0x305
0x28F9,03,0x00B5F6,55,42,09,40,1,0x306
0x28F8,7F,0x00B5F7,C5,C2,09,40,1,0x307
0x28F7,00,0x00B5F8,60,C6,09,40,1,0x308
0x28F6,05,0x00B5F9,C3,BE,09,40,1,0x309
0x28F5,FE,0x00B5FA,BB,CA,09,40,1,0x30A
0x28F4,0C,0x00B5FB,BD,DD,09,40,1,0x30B
0x28F3,0F,0x00B5FC,C2,BD,09,40,1,0x30C
0x28F2,00,0x00B5FD,BF,C1,09,40,1,0x30D
0x28F1,80,0x00B5FE,BF,4E,09,40,1,0x30E
0x28F0,94,0x00B5FF,42,BD,09,40,1,0x30F
0x28EF,,0x0B600,BC,F8,09,40,1,0x310
0x28EE,09,0x00B601,B4,B8,09,40,1,0x311
0x28ED,FE,0x00B602,B6,BC,09,40,1,0x312
0x28EC,9A,0x00B603,BB,52,09,40,1,0x313
0x28EB,03,0x00B604,3C,B8,09,40,1,0x314
0x28EA,93,0x00B605,B3,47,09,40,1,0x315
0x28E9,03,0x00B606,BA,B6,09,40,1,0x316
0x28E8,80,0x00B607,C1,32,09,40,1,0x317
0x28E7,FF,0x00B608,BB,B0,09,40,1,0x318
0x28E6,05,0x00B609,30,B5,09,40,1,0x319
0x28E5,01,0x00B60A,BB,B0,09,40,1,0x31A
0x28E4,0C,0x00B60B,2D,B9,09,40,1,0x31B
0x28E3,F0,0x00B60C,3F,8D,09,40,1,0x31C
0x28E2,FF,0x00B60D,AF,AB,09,40,1,0x31D
0x28E1,7F,0x00B60E,4A,B0,09,40,1,0x31E
0x28E0,94,0x00B60F,AD,3D,09,40,1,0x31F
0x28DE,09,0x00B611,AC,68,09,40,1,0x321
0x28DD,01,0x00B612,67,A6,09,40,1,0x322
0x28DC,9A,0x00B613,30,AB,09,40,1,0x323
0x28DB,,0x0B614,A8,41,09,40,1,0x324
0x28DA,93,0x00B615,AB,A7,09,40,1,0x325
0x28D9,03,0x00B616,A7,36,09,40,1,0x326
0x28D8,7F,0x00B617,A2,A5,09,40,1,0x327
0x28D7,00,0x00B618,A6,20,09,40,1,0x328
0x28D6,05,0x00B619,10,A0,09,40,1,0x329
0x28D5,86,0x00B61A,9F,A4,09,40,1,0x32A
0x28D4,03,0x00B61B,A5,AA,09,40,1,0x32B
0x28D3,1F,0x00B61C,8D,DC,09,40,1,0x32C
0x28D2,00,0x00B61D,A6,9C,09,40,1,0x32D
0x28D1,C0,0x00B61E,1A,1B,09,40,1,0x32E
0x28D0,FF,0x00B61F,20,2D,09,40,1,0x32F
0x28CE,03,0x00B621,90,D7,09,40,1,0x331
0x28CD,00,0x00B622,28,97,09,40,1,0x332
0x28CC,05,0x00B623,99,16,09,40,1,0x333
0x28CB,9B,0x00B624,34,31,09,40,1,0x334
0x28C9,93,0x00B626,8F,26,09,40,1,0x336
0x28C8,03,0x00B627,D1,95,09,40,1,0x337
0x28C7,80,0x00B628,1B,11,09,40,1,0x338
0x28C6,FF,0x00B629,93,8F,09,40,1,0x339
0x28C5,05,0x00B62A,87,94,09,40,1,0x33A
0x28C4,86,0x00B62B,8D,9A,09,40,1,0x33B
0x28C3,03,0x00B62C,92,4D,09,40,1,0x33C
0x28C2,E0,0x00B62D,1B,8B,09,40,1,0x33D
0x28C1,,0x0B62E,8A,0A,09,40,1,0x33E
0x28C0,3F,0x00B62F,91,1D,09,40,1,0x33F
0x28BF,00,0x00B630,98,8C,09,40,1,0x340
0x28BE,14,0x00B631,92,48,09,40,1,0x341
0x28BD,03,0x00B632,07,86,09,40,1,0x342
0x28BC,FF,0x00B633,0C,05,09,40,1,0x343
0x28BB,05,0x00B634,88,21,09,40,1,0x344
0x28BA,9B,0x00B635,8B,87,09,40,1,0x345
0x28B9,03,0x00B636,87,17,09,40,1,0x346
0x28B8,94,0x00B637,13,85,09,40,1,0x347
0x28B7,,0x0B638,84,81,09,40,1,0x348
0x28B6,00,0x00B639,1F,00,09,40,1,0x349
0x28B5,80,0x00B63A,82,8B,09,40,1,0x34A
0x28B4,86,0x00B63B,01,FD,09,40,1,0x34B
0x28B3,03,0x00B63C,08,7D,09,40,1,0x34C
0x28B2,3F,0x00B63D,7F,FC,09,40,1,0x34D
0x28B1,00,0x00B63E,9A,0E,09,40,1,0x34E
0x28B0,C0,0x00B63F,6A,7D,09,40,1,0x34F
0x28AF,94,0x00B640,98,F8,09,40,1,0x350
0x28AE,03,0x00B641,E8,78,09,40,1,0x351
0x28AD,01,0x00B642,77,F7,09,40,1,0x352
0x28AC,00,0x00B643,7B,12,09,40,1,0x353
0x28AB,9B,0x00B644,35,78,09,40,1,0x354
0x28AA,03,0x00B645,B1,08,09,40,1,0x355
0x28A9,94,0x00B646,71,76,09,40,1,0x356
0x28A8,03,0x00B647,7C,71,09,40,1,0x357
0x28A6,7F,0x00B649,F6,7C,09,40,1,0x359
0x28A5,86,0x00B64A,72,EF,09,40,1,0x35A
0x28A4,03,0x00B64B,2E,6D,09,40,1,0x35B
0x28A3,C0,0x00B64C,FE,EC,09,40,1,0x35C
0x28A2,FF,0x00B64D,6F,FF,09,40,1,0x35D
0x28A1,3F,0x00B64E,0A,6E,09,40,1,0x35E
0x28A0,94,0x00B64F,6D,EA,09,40,1,0x35F
0x289F,03,0x00B650,E5,68,09,40,1,0x360
0x289E,FE,0x00B651,F3,E7,09,40,1,0x361
0x289D,FF,0x00B652,6A,03,09,40,1,0x362
0x289C,9B,0x00B653,46,69,09,40,1,0x363
0x289B,03,0x00B654,74,F9,09,40,1,0x364
0x289A,94,0x00B655,44,67,09,40,1,0x365
0x2899,03,0x00B656,F2,64,09,40,1,0x366
0x2898,01,0x00B657,61,22,09,40,1,0x367
0x2897,C0,0x00B658,66,6D,09,40,1,0x368
0x2896,86,0x00B659,9F,DF,09,40,1,0x369
0x2895,03,0x00B65A,21,5F,09,40,1,0x36A
0x2894,3F,0x00B65B,5F,EE,09,40,1,0x36B
0x2893,00,0x00B65C,67,F0,09,40,1,0x36C
0x2892,C8,0x00B65D,DC,5F,09,40,1,0x36D
0x2891,93,0x00B65E,E1,7A,09,40,1,0x36E
0x2890,,0x0B65F,5D,5A,09,40,1,0x36F
0x288F,7F,0x00B660,98,29,09,40,1,0x370
0x288E,00,0x00B661,E9,F4,09,40,1,0x371
0x288C,9B,0x00B663,04,EA,09,40,1,0x373
0x288A,94,0x00B665,D3,52,09,40,1,0x375
0x2889,03,0x00B666,53,92,09,40,1,0x376
0x2888,FE,0x00B667,42,5E,09,40,1,0x377
0x2887,3F,0x00B668,D8,D1,09,40,1,0x378
0x2886,86,0x00B669,53,4F,09,40,1,0x379
0x2885,03,0x00B66A,4F,BE,09,40,1,0x37A
0x2884,C0,0x00B66B,55,E1,09,40,1,0x37B
0x2882,37,0x00B66D,DD,2C,09,40,1,0x37D
0x2881,93,0x00B66E,4E,4A,09,40,1,0x37E
0x2880,03,0x00B66F,F8,79,09,40,1,0x37F
0x287F,80,0x00B670,4C,E5,09,40,1,0x380
0x287E,FF,0x00B671,C8,4B,09,40,1,0x381
0x287D,3F,0x00B672,46,DB,09,40,1,0x382
0x287C,9B,0x00B673,55,49,09,40,1,0x383
0x287B,03,0x00B674,CC,4C,09,40,1,0x384
0x287A,94,0x00B675,47,48,09,40,1,0x385
0x2879,03,0x00B676,42,23,09,40,1,0x386
0x2878,,0x0B677,49,C8,09,40,1,0x387
0x2876,E0,0x00B679,D1,40,09,40,1,0x389
0x2875,86,0x00B67A,42,17,09,40,1,0x38A
0x2874,03,0x00B67B,ED,D1,09,40,1,0x38B
0x2872,00,0x00B67D,2C,7B,09,40,1,0x38D
0x2871,EC,0x00B67E,C3,3B,09,40,1,0x38E
0x2870,94,0x00B67F,3D,0A,09,40,1,0x38F
0x286F,03,0x00B680,39,D5,09,40,1,0x390
0x286E,00,0x00B681,3F,3B,09,40,1,0x391
0x286D,E0,0x00B682,3A,CB,09,40,1,0x392
0x286C,9B,0x00B683,C7,39,09,40,1,0x393
0x286B,,0x0B684,38,2D,09,40,1,0x394
0x286A,94,0x00B685,E3,53,09,40,1,0x395
0x2869,,0x0B686,36,B9,09,40,1,0x396
0x2868,F8,0x00B687,41,35,09,40,1,0x397
0x2867,1F,0x00B688,B9,30,09,40,1,0x398
0x2866,86,0x00B689,33,57,09,40,1,0x399
0x2865,03,0x00B68A,2E,C2,09,40,1,0x39A
0x2864,80,0x00B68B,35,31,09,40,1,0x39B
0x2863,FF,0x00B68C,30,ED,09,40,1,0x39C
0x2862,13,0x00B68D,BD,2B,09,40,1,0x39D
0x2861,94,0x00B68E,2E,5A,09,40,1,0x39E
0x2860,03,0x00B68F,E2,C6,09,40,1,0x39F
0x285E,1F,0x00B691,28,BC,09,40,1,0x3A1
0x285D,9B,0x00B692,2D,2A,09,40,1,0x3A2
0x285C,,0x0B693,29,35,09,40,1,0x3A3
0x285B,94,0x00B694,A5,15,09,40,1,0x3A4
0x285A,03,0x00B695,B5,AA,09,40,1,0x3A5
0x2858,F0,0x00B697,DA,25,09,40,1,0x3A7
0x2857,87,0x00B698,24,25,09,40,1,0x3A8
0x2856,03,0x00B699,1F,F8,09,40,1,0x3A9
0x2855,01,0x00B69A,25,B3,09,40,1,0x3AA
0x2853,94,0x00B69C,9C,1D,09,40,1,0x3AC
0x2852,03,0x00B69D,AD,0C,09,40,1,0x3AD
0x2851,,0x0B69E,1E,B7,09,40,1,0x3AE
0x2850,04,0x00B69F,D2,1D,09,40,1,0x3AF
0x284F,A0,0x00B6A0,1C,AD,09,40,1,0x3B0
0x284E,9B,0x00B6A1,18,1B,09,40,1,0x3B1
0x284D,03,0x00B6A2,1F,07,09,40,1,0x3B2
0x284C,94,0x00B6A3,14,25,09,40,1,0x3B3
0x284B,03,0x00B6A4,A7,9B,09,40,1,0x3B4
0x2849,0F,0x00B6A6,CB,0F,09,40,1,0x3B6
0x2848,87,0x00B6A7,15,39,09,40,1,0x3B7
0x2847,03,0x00B6A8,10,A5,09,40,1,0x3B8
0x2846,FE,0x00B6A9,18,13,09,40,1,0x3B9
0x2845,13,0x00B6AA,10,0E,09,40,1,0x3BA
0x2844,94,0x00B6AB,A0,1D,09,40,1,0x3BB
0x2843,,0x0B6AC,10,A9,09,40,1,0x3BC
0x2842,FC,0x00B6AD,C4,0F,09,40,1,0x3BD
0x2841,5F,0x00B6AE,0E,0A,09,40,1,0x3BE
0x2840,9B,0x00B6AF,0B,1E,09,40,1,0x3BF
0x283F,03,0x00B6B0,09,0C,09,40,1,0x3C0
0x283E,FF,0x00B6B1,0D,47,09,40,1,0x3C1
0x283D,14,0x00B6B2,C7,03,09,40,1,0x3C2
0x283C,03,0x00B6B3,9A,05,09,40,1,0x3C3
0x283B,3F,0x00B6B4,08,0B,09,40,1,0x3C4
0x283A,FC,0x00B6B5,BC,07,09,40,1,0x3C5
0x2839,FF,0x00B6B6,06,0A,09,40,1,0x3C6
0x2838,07,0x00B6B7,00,06,09,40,1,0x3C7
0x2837,03,0x00B6B8,00,FD,09,40,1,0x3C8
0x2836,03,0x00B6B9,05,FF,09,40,1,0x3C9
0x2835,04,0x00B6BA,3E,13,09,40,1,0x3CA
0x2834,FE,0x00B6BB,92,01,09,40,1,0x3CB
0x2832,14,0x00B6BD,B4,00,09,40,1,0x3CD
0x2831,,0x0B6BE,FE,F3,09,40,1,0x3CE
0x2830,0F,0x00B6BF,FD,F9,09,40,1,0x3CF
0x282F,F0,0x00B6C0,FD,15,09,40,1,0x3D0
0x282E,FF,0x00B6C1,F8,FB,09,40,1,0x3D1
0x282D,1B,0x00B6C2,FC,F7,09,40,1,0x3D2
0x282C,03,0x00B6C3,8B,0A,09,40,1,0x3D3
0x282A,14,0x00B6C5,AC,B4,09,40,1,0x3D5
0x2828,C0,0x00B6C7,EE,F6,09,40,1,0x3D7
0x2827,03,0x00B6C8,F0,F1,09,40,1,0x3D8
0x2826,04,0x00B6C9,F5,F6,09,40,1,0x3D9
0x2825,00,0x00B6CA,84,F2,09,40,1,0x3DA
0x2824,07,0x00B6CB,F1,E6,09,40,1,0x3DB
0x2823,03,0x00B6CC,EC,F0,09,40,1,0x3DC
0x2822,FC,0x00B6CD,24,F0,09,40,1,0x3DD
0x2821,01,0x00B6CE,EE,EB,09,40,1,0x3DE
0x2820,00,0x00B6CF,ED,FE,09,40,1,0x3DF
0x281F,14,0x00B6D0,ED,EC,09,40,1,0x3E0
0x281E,03,0x00B6D1,E8,E4,09,40,1,0x3E1
0x281D,F0,0x00B6D2,E5,EE,09,40,1,0x3E2
0x281C,0F,0x00B6D3,E5,EA,09,40,1,0x3E3
0x281B,00,0x00B6D4,FA,E5,09,40,1,0x3E4
0x281A,1B,0x00B6D5,E7,00,09,40,1,0x3E5
0x2819,03,0x00B6D6,E3,E6,09,40,1,0x3E6
0x2818,FF,0x00B6D7,1A,E1,09,40,1,0x3E7
0x2817,1D,0x00B6D8,E4,FD,09,40,1,0x3E8
0x2816,03,0x00B6D9,DC,E3,09,40,1,0x3E9
0x2815,9F,0x00B6DA,DE,1E,09,40,1,0x3EA
0x2814,FF,0x00B6DB,DF,DD,09,40,1,0x3EB
0x2813,15,0x00B6DC,DD,F2,09,40,1,0x3EC
0x2812,03,0x00B6DD,F1,DF,09,40,1,0x3ED
0x2811,3F,0x00B6DE,DE,EA,09,40,1,0x3EE
0x2810,F8,0x00B6DF,D9,D6,09,40,1,0x3EF
0x280F,FF,0x00B6E0,11,D8,09,40,1,0x3F0
0x280E,1B,0x00B6E1,DB,F4,09,40,1,0x3F1
0x280D,03,0x00B6E2,DE,DA,09,40,1,0x3F2
0x280C,00,0x00B6E3,DA,D6,09,40,1,0x3F3
0x280B,1D,0x00B6E4,C5,F1,09,40,1,0x3F4
0x280A,03,0x00B6E5,D3,D7,09,40,1,0x3F5
0x2809,60,0x00B6E6,E9,93,09,40,1,0x3F6
0x2808,00,0x00B6E7,D5,D2,09,40,1,0x3F7
0x2807,15,0x00B6E8,D1,E6,09,40,1,0x3F8
0x2806,03,0x00B6E9,08,D3,09,40,1,0x3F9
0x2805,C0,0x00B6EA,D2,BF,09,40,1,0x3FA
0x2804,07,0x00B6EB,C6,D1,09,40,1,0x3FB
0x2803,04,0x00B6EC,DC,D1,09,40,1,0x3FC
0x2801,1B,0x00B6EE,E1,E7,09,40,1,0x3FE
0x2FFF,06,0x00B700,D7,D3,09,40,2,0x000
0x2FFE,00,0x00B701,CC,EA,09,40,2,0x001
0x2FFD,E0,0x00B702,D5,CA,09,40,2,0x002
0x2FFB,1F,0x00B704,D2,C7,09,40,2,0x004
0x2FFA,8D,0x00B705,06,D6,09,40,2,0x005
0x2FF9,03,0x00B706,55,53,09,40,2,0x006
0x2FF7,03,0x00B708,4C,58,09,40,2,0x008
0x2FF5,BF,0x00B70A,42,BE,09,40,2,0x00A
0x2FF4,0C,0x00B70B,CC,D0,09,40,2,0x00B
0x2FF3,80,0x00B70C,FF,CB,09,40,2,0x00C
0x2FF2,09,0x00B70D,BF,AF,09,40,2,0x00D
0x2FF1,07,0x00B70E,C9,BD,09,40,2,0x00E
0x2FF0,04,0x00B70F,C0,C2,09,40,2,0x00F
0x2FEF,0B,0x00B710,C5,C7,09,40,2,0x010
0x2FEE,FC,0x00B711,CA,3B,09,40,2,0x011
0x2FED,FF,0x00B712,C5,C3,09,40,2,0x012
0x2FEC,01,0x00B713,B7,BC,09,40,2,0x013
0x2FEB,FF,0x00B714,C1,BC,09,40,2,0x014
0x2FEA,03,0x00B715,BE,B5,09,40,2,0x015
0x2FE9,,0x0B716,BA,BD,09,40,2,0x016
0x2FE8,,0x0B717,B5,B9,09,40,2,0x017
0x2FE7,F8,0x00B718,BC,B4,09,40,2,0x018
0x2FE6,00,0x00B719,B1,C3,09,40,2,0x019
0x2FE5,08,0x00B71A,C1,39,09,40,2,0x01A
0x2FE4,03,0x00B71B,71,B4,09,40,2,0x01B
0x2FE3,FB,0x00B71C,B9,90,09,40,2,0x01C
0x2FE2,FF,0x00B71D,AF,AD,09,40,2,0x01D
0x2FE1,03,0x00B71E,8E,ED,09,40,2,0x01E
0x2FE0,04,0x00B71F,AC,B8,09,40,2,0x01F
0x2FDF,0A,0x00B720,B2,AA,09,40,2,0x020
0x2FDE,F8,0x00B721,AE,AA,09,40,2,0x021
0x2FDD,FF,0x00B722,AE,AD,09,40,2,0x022
0x2FDC,07,0x00B723,A9,AD,09,40,2,0x023
0x2FDB,04,0x00B724,AE,3E,09,40,2,0x024
0x2FDA,95,0x00B725,A6,AA,09,40,2,0x025
0x2FD9,03,0x00B726,AE,36,09,40,2,0x026
0x2FD7,03,0x00B728,A8,AF,09,40,2,0x028
0x2FD6,0B,0x00B729,36,A6,09,40,2,0x029
0x2FD5,,0x0B72A,A5,A6,09,40,2,0x02A
0x2FD4,04,0x00B72B,2E,E1,09,40,2,0x02B
0x2FD3,40,0x00B72C,A3,60,09,40,2,0x02C
0x2FD2,,0x0B72D,5F,A8,09,40,2,0x02D
0x2FD1,09,0x00B72E,A8,9F,09,40,2,0x02E
0x2FD0,01,0x00B72F,AC,A7,09,40,2,0x02F
0x2FCF,0B,0x00B730,8C,5C,09,40,2,0x030
0x2FCE,E0,0x00B731,9A,A4,09,40,2,0x031
0x2FCD,09,0x00B732,A0,9D,09,40,2,0x032
0x2FCC,01,0x00B733,9C,9D,09,40,2,0x033
0x2FCB,0A,0x00B734,A1,A2,09,40,2,0x034
0x2FCA,FE,0x00B735,87,93,09,40,2,0x035
0x2FC9,00,0x00B736,A1,97,09,40,2,0x036
0x2FC8,FC,0x00B737,96,8D,09,40,2,0x037
0x2FC7,FF,0x00B738,9D,93,09,40,2,0x038
0x2FC6,07,0x00B739,83,A2,09,40,2,0x039
0x2FC5,04,0x00B73A,9C,92,09,40,2,0x03A
0x2FC4,80,0x00B73B,D0,90,09,40,2,0x03B
0x2FC2,0A,0x00B73D,9A,95,09,40,2,0x03D
0x2FC1,F0,0x00B73E,91,97,09,40,2,0x03E
0x2FC0,FF,0x00B73F,89,AC,09,40,2,0x03F
0x2FBF,05,0x00B740,8B,8D,09,40,2,0x040
0x2FBE,04,0x00B741,91,8B,09,40,2,0x041
0x2FBD,04,0x00B742,8A,7A,09,40,2,0x042
0x2FBC,00,0x00B743,91,88,09,40,2,0x043
0x2FBB,E0,0x00B744,84,07,09,40,2,0x044
0x2FBA,FF,0x00B745,91,92,09,40,2,0x045
0x2FB9,7F,0x00B746,95,6E,09,40,2,0x046
0x2FB8,0B,0x00B747,14,84,09,40,2,0x047
0x2FB7,FE,0x00B748,87,8A,09,40,2,0x048
0x2FB6,FF,0x00B749,0B,86,09,40,2,0x049
0x2FB5,05,0x00B74A,85,86,09,40,2,0x04A
0x2FB4,1F,0x00B74B,41,81,09,40,2,0x04B
0x2FB3,00,0x00B74C,8B,78,09,40,2,0x04C
0x2FB2,E0,0x00B74D,9E,7E,09,40,2,0x04D
0x2FB1,FF,0x00B74E,08,8D,09,40,2,0x04E
0x2FB0,1F,0x00B74F,80,0A,09,40,2,0x04F
0x2FAF,8D,0x00B750,FC,7F,09,40,2,0x050
0x2FAE,03,0x00B751,84,0F,09,40,2,0x051
0x2FAD,94,0x00B752,81,7D,09,40,2,0x052
0x2FAC,03,0x00B753,7D,59,09,40,2,0x053
0x2FAB,E0,0x00B754,78,7F,09,40,2,0x054
0x2FAA,5F,0x00B755,7E,7B,09,40,2,0x055
0x2FA9,0C,0x00B756,74,81,09,40,2,0x056
0x2FA8,80,0x00B757,74,65,09,40,2,0x057
0x2FA7,09,0x00B758,79,73,09,40,2,0x058
0x2FA6,07,0x00B759,76,78,09,40,2,0x059
0x2FA5,,0x0B75A,76,7D,09,40,2,0x05A
0x2FA4,,0x0B75B,7C,F1,09,40,2,0x05B
0x2FA3,FC,0x00B75C,F0,6F,09,40,2,0x05C
0x2FA2,,0x0B75D,6E,76,09,40,2,0x05D
0x2FA1,06,0x00B75E,75,71,09,40,2,0x05E
0x2F9F,00,0x00B760,2C,F5,09,40,2,0x060
0x2F9E,0C,0x00B761,74,6E,09,40,2,0x061
0x2F9D,04,0x00B762,6A,26,09,40,2,0x062
0x2F9C,00,0x00B763,49,68,09,40,2,0x063
0x2F9B,08,0x00B764,67,87,09,40,2,0x064
0x2F9A,03,0x00B765,6D,67,09,40,2,0x065
0x2F99,09,0x00B766,66,6D,09,40,2,0x066
0x2F98,03,0x00B767,6C,6E,09,40,2,0x067
0x2F97,04,0x00B768,63,65,09,40,2,0x068
0x2F96,0A,0x00B769,6B,F9,09,40,2,0x069
0x2F95,F8,0x00B76A,63,65,09,40,2,0x06A
0x2F94,FF,0x00B76B,F4,F1,09,40,2,0x06B
0x2F92,04,0x00B76D,EC,5B,09,40,2,0x06D
0x2F91,95,0x00B76E,61,68,09,40,2,0x06E
0x2F90,03,0x00B76F,3D,7C,09,40,2,0x06F
0x2F8F,90,0x00B770,66,7C,09,40,2,0x070
0x2F8E,03,0x00B771,E2,3B,09,40,2,0x071
0x2F8D,FC,0x00B772,E0,59,09,40,2,0x072
0x2F8C,0A,0x00B773,5C,5E,09,40,2,0x073
0x2F8B,1F,0x00B774,D7,63,09,40,2,0x074
0x2F8A,20,0x00B775,60,17,09,40,2,0x075
0x2F89,E0,0x00B776,4E,5F,09,40,2,0x076
0x2F88,,0x0B777,54,56,09,40,2,0x077
0x2F87,05,0x00B778,5B,54,09,40,2,0x078
0x2F86,0C,0x00B779,54,5B,09,40,2,0x079
0x2F85,E0,0x00B77A,5B,4E,09,40,2,0x07A
0x2F84,FF,0x00B77B,41,50,09,40,2,0x07B
0x2F83,05,0x00B77C,5A,57,09,40,2,0x07C
0x2F82,0C,0x00B77D,6E,53,09,40,2,0x07D
0x2F81,,0x0B77E,4E,0E,09,40,2,0x07E
0x2F80,FE,0x00B77F,58,4C,09,40,2,0x07F
0x2F7E,03,0x00B781,4A,4F,09,40,2,0x081
0x2F7D,04,0x00B782,51,4A,09,40,2,0x082
0x2F7C,E0,0x00B783,49,C9,09,40,2,0x083
0x2F7B,FF,0x00B784,50,47,09,40,2,0x084
0x2F7A,01,0x00B785,45,4C,09,40,2,0x085
0x2F79,09,0x00B786,50,89,09,40,2,0x086
0x2F78,F0,0x00B787,54,4E,09,40,2,0x087
0x2F77,FF,0x00B788,D3,34,09,40,2,0x088
0x2F76,1F,0x00B789,46,42,09,40,2,0x089
0x2F75,09,0x00B78A,CA,81,09,40,2,0x08A
0x2F74,E0,0x00B78B,44,4C,09,40,2,0x08B
0x2F73,FF,0x00B78C,20,38,09,40,2,0x08C
0x2F71,0B,0x00B78E,45,43,09,40,2,0x08E
0x2F70,FF,0x00B78F,4C,7C,09,40,2,0x08F
0x2F6F,06,0x00B790,C6,45,09,40,2,0x090
0x2F6E,,0x0B791,3E,33,09,40,2,0x091
0x2F6D,04,0x00B792,BA,39,09,40,2,0x092
0x2F6C,00,0x00B793,42,48,09,40,2,0x093
0x2F6B,C0,0x00B794,3B,C5,09,40,2,0x094
0x2F6A,FF,0x00B795,3B,3A,09,40,2,0x095
0x2F69,1F,0x00B796,36,CA,09,40,2,0x096
0x2F68,8D,0x00B797,3C,38,09,40,2,0x097
0x2F67,03,0x00B798,33,B4,09,40,2,0x098
0x2F66,94,0x00B799,39,36,09,40,2,0x099
0x2F65,03,0x00B79A,33,36,09,40,2,0x09A
0x2F63,2F,0x00B79C,10,20,09,40,2,0x09C
0x2F61,80,0x00B79E,35,AD,09,40,2,0x09E
0x2F60,09,0x00B79F,31,38,09,40,2,0x09F
0x2F5F,03,0x00B7A0,1C,EC,09,40,2,0x0A0
0x2F5E,04,0x00B7A1,34,2A,09,40,2,0x0A1
0x2F5D,0B,0x00B7A2,2B,31,09,40,2,0x0A2
0x2F5C,FE,0x00B7A3,09,B3,09,40,2,0x0A3
0x2F5B,,0x0B7A4,31,2B,09,40,2,0x0A4
0x2F5A,7F,0x00B7A5,46,25,09,40,2,0x0A5
0x2F59,09,0x00B7A6,30,25,09,40,2,0x0A6
0x2F58,01,0x00B7A7,A5,44,09,40,2,0x0A7
0x2F57,87,0x00B7A8,23,24,09,40,2,0x0A8
0x2F55,80,0x00B7AA,A1,2B,09,40,2,0x0AA
0x2F54,09,0x00B7AB,B5,22,09,40,2,0x0AB
0x2F53,,0x0B7AC,23,B6,09,40,2,0x0AC
0x2F52,04,0x00B7AD,AC,22,09,40,2,0x0AD
0x2F51,0A,0x00B7AE,21,AE,09,40,2,0x0AE
0x2F50,FC,0x00B7AF,0D,20,09,40,2,0x0AF
0x2F4F,FF,0x00B7B0,26,0C,09,40,2,0x0B0
0x2F4E,03,0x00B7B1,FC,25,09,40,2,0x0B1
0x2F4D,04,0x00B7B2,A0,99,09,40,2,0x0B2
0x2F4C,95,0x00B7B3,1C,29,09,40,2,0x0B3
0x2F4B,03,0x00B7B4,97,F8,09,40,2,0x0B4
0x2F4A,90,0x00B7B5,20,16,09,40,2,0x0B5
0x2F49,03,0x00B7B6,12,1B,09,40,2,0x0B6
0x2F48,F0,0x00B7B7,14,20,09,40,2,0x0B7
0x2F47,0A,0x00B7B8,1B,F4,09,40,2,0x0B8
0x2F46,7F,0x00B7B9,1D,1C,09,40,2,0x0B9
0x2F45,10,0x00B7BA,F2,13,09,40,2,0x0BA
0x2F44,E0,0x00B7BB,1B,11,09,40,2,0x0BB
0x2F43,FF,0x00B7BC,2F,18,09,40,2,0x0BC
0x2F42,05,0x00B7BD,99,0E,09,40,2,0x0BD
0x2F41,0C,0x00B7BE,11,13,09,40,2,0x0BE
0x2F40,F0,0x00B7BF,ED,0E,09,40,2,0x0BF
0x2F3F,FF,0x00B7C0,16,04,09,40,2,0x0C0
0x2F3E,05,0x00B7C1,8A,0A,09,40,2,0x0C1
0x2F3D,0C,0x00B7C2,0A,11,09,40,2,0x0C2
0x2F3C,80,0x00B7C3,10,0D,09,40,2,0x0C3
0x2F3B,FF,0x00B7C4,88,08,09,40,2,0x0C4
0x2F3A,05,0x00B7C5,12,87,09,40,2,0x0C5
0x2F39,00,0x00B7C6,15,05,09,40,2,0x0C6
0x2F38,FC,0x00B7C7,94,0A,09,40,2,0x0C7
0x2F37,FF,0x00B7C8,07,0E,09,40,2,0x0C8
0x2F36,03,0x00B7C9,8B,FB,09,40,2,0x0C9
0x2F35,04,0x00B7CA,05,01,09,40,2,0x0CA
0x2F34,09,0x00B7CB,E1,40,09,40,2,0x0CB
0x2F33,F0,0x00B7CC,FF,0B,09,40,2,0x0CC
0x2F32,FF,0x00B7CD,06,FB,09,40,2,0x0CD
0x2F31,07,0x00B7CE,FF,FD,09,40,2,0x0CE
0x2F30,04,0x00B7CF,87,F8,09,40,2,0x0CF
0x2F2F,09,0x00B7D0,FF,03,09,40,2,0x0D0
0x2F2E,E0,0x00B7D1,BB,FF,09,40,2,0x0D1
0x2F2C,3F,0x00B7D3,FA,F1,09,40,2,0x0D3
0x2F2B,00,0x00B7D4,02,F7,09,40,2,0x0D4
0x2F2A,07,0x00B7D5,77,06,09,40,2,0x0D5
0x2F29,FF,0x00B7D6,FF,83,09,40,2,0x0D6
0x2F28,05,0x00B7D7,74,F8,09,40,2,0x0D7
0x2F27,7F,0x00B7D8,00,89,09,40,2,0x0D8
0x2F26,09,0x00B7D9,E3,F6,09,40,2,0x0D9
0x2F25,C0,0x00B7DA,F1,F4,09,40,2,0x0DA
0x2F24,FF,0x00B7DB,F4,F5,09,40,2,0x0DB
0x2F23,1F,0x00B7DC,F4,FB,09,40,2,0x0DC
0x2F22,8D,0x00B7DD,DF,E7,09,40,2,0x0DD
0x2F21,03,0x00B7DE,F7,ED,09,40,2,0x0DE
0x2F20,95,0x00B7DF,EE,2C,09,40,2,0x0DF
0x2F1F,03,0x00B7E0,CC,F7,09,40,2,0x0E0
0x2F1E,36,0x00B7E1,EA,AB,09,40,2,0x0E1
0x2F1D,0C,0x00B7E2,EF,F4,09,40,2,0x0E2
0x2F1C,C0,0x00B7E3,F0,28,09,40,2,0x0E3
0x2F1B,09,0x00B7E4,EC,72,09,40,2,0x0E4
0x2F1A,01,0x00B7E5,F1,EA,09,40,2,0x0E5
0x2F19,0B,0x00B7E6,A6,E4,09,40,2,0x0E6
0x2F17,09,0x00B7E8,EB,03,09,40,2,0x0E8
0x2F16,1F,0x00B7E9,78,ED,09,40,2,0x0E9
0x2F15,8A,0x00B7EA,E5,62,09,40,2,0x0EA
0x2F14,03,0x00B7EB,6E,E0,09,40,2,0x0EB
0x2F13,80,0x00B7EC,E3,E5,09,40,2,0x0EC
0x2F12,09,0x00B7ED,D7,76,09,40,2,0x0ED
0x2F11,01,0x00B7EE,68,E1,09,40,2,0x0EE
0x2F10,0A,0x00B7EF,E0,6D,09,40,2,0x0EF
0x2F0F,FC,0x00B7F0,1B,DF,09,40,2,0x0F0
0x2F0E,FF,0x00B7F1,E4,9B,09,40,2,0x0F1
0x2F0D,01,0x00B7F2,D8,E5,09,40,2,0x0F2
0x2F0C,95,0x00B7F3,E3,E2,09,40,2,0x0F3
0x2F0B,03,0x00B7F4,57,DC,09,40,2,0x0F4
0x2F0A,90,0x00B7F5,E1,C7,09,40,2,0x0F5
0x2F09,03,0x00B7F6,C6,D5,09,40,2,0x0F6
0x2F08,C0,0x00B7F7,DF,54,09,40,2,0x0F7
0x2F07,0B,0x00B7F8,E3,DF,09,40,2,0x0F8
0x2F06,09,0x00B7F9,D3,B3,09,40,2,0x0F9
0x2F05,04,0x00B7FA,DC,D1,09,40,2,0x0FA
0x2F04,F0,0x00B7FB,D4,D6,09,40,2,0x0FB
0x2F03,FF,0x00B7FC,C8,DC,09,40,2,0x0FC
0x2F02,7F,0x00B7FD,D9,8F,09,40,2,0x0FD
0x2F01,0C,0x00B7FE,0D,CD,09,40,2,0x0FE
0x2F00,F0,0x00B7FF,CD,D2,09,40,2,0x0FF
0x2EFF,FF,0x00B800,D3,CC,09,40,2,0x100
0x2EFE,7F,0x00B801,D6,C8,09,40,2,0x101
0x2EFD,0C,0x00B802,D0,C8,09,40,2,0x102
0x2EFC,E0,0x00B803,CC,D7,09,40,2,0x103
0x2EFB,FF,0x00B804,56,D0,09,40,2,0x104
0x2EFA,7F,0x00B805,C9,C5,09,40,2,0x105
0x2EF9,00,0x00B806,4D,E4,09,40,2,0x106
0x2EF8,09,0x00B807,C7,CE,09,40,2,0x107
0x2EF7,07,0x00B808,83,BB,09,40,2,0x108
0x2EF5,09,0x00B80A,C7,E0,09,40,2,0x10A
0x2EF4,F0,0x00B80B,C1,CB,09,40,2,0x10B
0x2EF3,FF,0x00B80C,4B,BB,09,40,2,0x10C
0x2EF2,01,0x00B80D,C1,BD,09,40,2,0x10D
0x2EF1,09,0x00B80E,BC,38,09,40,2,0x10E
0x2EF0,F0,0x00B80F,C1,C6,09,40,2,0x10F
0x2EEF,FF,0x00B810,BC,B3,09,40,2,0x110
0x2EEE,3F,0x00B811,C4,B9,09,40,2,0x111
0x2EED,00,0x00B812,39,C8,09,40,2,0x112
0x2EEC,07,0x00B813,C1,45,09,40,2,0x113
0x2EEB,FF,0x00B814,F6,BA,09,40,2,0x114
0x2EEA,3F,0x00B815,B6,50,09,40,2,0x115
0x2EE9,07,0x00B816,BD,B8,09,40,2,0x116
0x2EE8,04,0x00B817,B0,AC,09,40,2,0x117
0x2EE6,C0,0x00B819,B2,F1,09,40,2,0x119
0x2EE5,FF,0x00B81A,A1,BC,09,40,2,0x11A
0x2EE4,1F,0x00B81B,B9,70,09,40,2,0x11B
0x2EE3,8D,0x00B81C,B0,B9,09,40,2,0x11C
0x2EE2,03,0x00B81D,8E,CD,09,40,2,0x11D
0x2EE1,95,0x00B81E,AC,AD,09,40,2,0x11E
0x2EE0,03,0x00B81F,B1,B6,09,40,2,0x11F
0x2EDF,18,0x00B820,B2,AE,09,40,2,0x120
0x2EDE,0C,0x00B821,AE,B3,09,40,2,0x121
0x2EDD,C0,0x00B822,B3,B8,09,40,2,0x122
0x2EDC,09,0x00B823,98,B2,09,40,2,0x123
0x2EDB,01,0x00B824,A6,27,09,40,2,0x124
0x2EDA,0B,0x00B825,AB,A5,09,40,2,0x125
0x2ED9,FE,0x00B826,E4,AA,09,40,2,0x126
0x2ED8,09,0x00B827,3A,3B,09,40,2,0x127
0x2ED6,8A,0x00B829,A2,33,09,40,2,0x129
0x2ED5,03,0x00B82A,AE,A4,09,40,2,0x12A
0x2ED4,C0,0x00B82B,A3,AB,09,40,2,0x12B
0x2ED3,09,0x00B82C,9D,A6,09,40,2,0x12C
0x2ED2,01,0x00B82D,29,A2,09,40,2,0x12D
0x2ED1,0A,0x00B82E,A0,95,09,40,2,0x12E
0x2ED0,FE,0x00B82F,9C,9B,09,40,2,0x12F
0x2ECF,FF,0x00B830,A0,DA,09,40,2,0x130
0x2ECE,01,0x00B831,98,A5,09,40,2,0x131
0x2ECD,95,0x00B832,A3,89,09,40,2,0x132
0x2ECC,03,0x00B833,17,97,09,40,2,0x133
0x2ECB,91,0x00B834,A1,9C,09,40,2,0x134
0x2ECA,03,0x00B835,8E,A2,09,40,2,0x135
0x2EC9,0B,0x00B836,9F,75,09,40,2,0x136
0x2EC8,,0x0B837,9B,93,09,40,2,0x137
0x2EC7,,0x0B838,97,D2,09,40,2,0x138
0x2EC6,F8,0x00B839,92,52,09,40,2,0x139
0x2EC5,FF,0x00B83A,9B,9A,09,40,2,0x13A
0x2EC4,3F,0x00B83B,93,9F,09,40,2,0x13B
0x2EC3,0C,0x00B83C,87,98,09,40,2,0x13C
0x2EC2,F8,0x00B83D,98,8C,09,40,2,0x13D
0x2EC1,FF,0x00B83E,9C,90,09,40,2,0x13E
0x2EC0,7F,0x00B83F,8C,90,09,40,2,0x13F
0x2EBF,0C,0x00B840,91,95,09,40,2,0x140
0x2EBE,F0,0x00B841,10,86,09,40,2,0x141
0x2EBD,FF,0x00B842,8C,88,09,40,2,0x142
0x2EBC,1F,0x00B843,97,A7,09,40,2,0x143
0x2EBB,E0,0x00B844,16,92,09,40,2,0x144
0x2EBA,09,0x00B845,89,84,09,40,2,0x145
0x2EB9,07,0x00B846,0E,84,09,40,2,0x146
0x2EB8,04,0x00B847,87,85,09,40,2,0x147
0x2EB7,09,0x00B848,81,8D,09,40,2,0x148
0x2EB6,E0,0x00B849,81,72,09,40,2,0x149
0x2EB5,3F,0x00B84A,84,80,09,40,2,0x14A
0x2EB4,0A,0x00B84B,84,8F,09,40,2,0x14B
0x2EB1,1F,0x00B84E,7C,17,09,40,2,0x14E
0x2EB0,0A,0x00B84F,81,7F,09,40,2,0x14F
0x2EAF,80,0x00B850,86,77,09,40,2,0x150
0x2EAE,FF,0x00B851,3A,79,09,40,2,0x151
0x2EAD,3F,0x00B852,82,98,09,40,2,0x152
0x2EAC,0A,0x00B853,B7,83,09,40,2,0x153
0x2EAB,C0,0x00B854,77,37,09,40,2,0x154
0x2EAA,FF,0x00B855,7E,80,09,40,2,0x155
0x2EA9,1F,0x00B856,73,7C,09,40,2,0x156
0x2EA8,8D,0x00B857,73,78,09,40,2,0x157
0x2EA6,9B,0x00B859,6A,7C,09,40,2,0x159
0x2EA5,03,0x00B85A,7A,74,09,40,2,0x15A
0x2EA4,E0,0x00B85B,73,79,09,40,2,0x15B
0x2EA3,09,0x00B85C,73,7E,09,40,2,0x15C
0x2EA2,0C,0x00B85D,4E,78,09,40,2,0x15D
0x2EA1,FE,0x00B85E,AC,2D,09,40,2,0x15E
0x2EA0,FF,0x00B85F,4C,6B,09,40,2,0x15F
0x2E9F,05,0x00B860,72,EA,09,40,2,0x160
0x2E9E,03,0x00B861,6E,01,09,40,2,0x161
0x2E9D,04,0x00B862,73,6C,09,40,2,0x162
0x2E9C,8A,0x00B863,48,F9,09,40,2,0x163
0x2E9B,03,0x00B864,66,6A,09,40,2,0x164
0x2E9A,C0,0x00B865,E5,62,09,40,2,0x165
0x2E99,09,0x00B866,FC,6F,09,40,2,0x166
0x2E98,01,0x00B867,67,73,09,40,2,0x167
0x2E97,0A,0x00B868,63,5B,09,40,2,0x168
0x2E96,FE,0x00B869,6F,61,09,40,2,0x169
0x2E95,FF,0x00B86A,64,A0,09,40,2,0x16A
0x2E94,96,0x00B86B,EC,6B,09,40,2,0x16B
0x2E93,,0x0B86C,62,4F,09,40,2,0x16C
0x2E92,91,0x00B86D,5E,5D,09,40,2,0x16D
0x2E91,03,0x00B86E,62,DC,09,40,2,0x16E
0x2E90,FC,0x00B86F,67,68,09,40,2,0x16F
0x2E8F,0A,0x00B870,9A,53,09,40,2,0x170
0x2E8E,0F,0x00B871,64,59,09,40,2,0x171
0x2E8D,,0x0B872,51,78,09,40,2,0x172
0x2E8C,FF,0x00B873,62,48,09,40,2,0x173
0x2E8B,3F,0x00B874,5A,60,09,40,2,0x174
0x2E8A,0C,0x00B875,5A,75,09,40,2,0x175
0x2E89,F8,0x00B876,DD,5E,09,40,2,0x176
0x2E88,FF,0x00B877,57,4C,09,40,2,0x177
0x2E87,3F,0x00B878,13,5E,09,40,2,0x178
0x2E86,00,0x00B879,71,4E,09,40,2,0x179
0x2E85,08,0x00B87A,49,50,09,40,2,0x17A
0x2E84,FC,0x00B87B,5A,6F,09,40,2,0x17B
0x2E83,FF,0x00B87C,6E,5A,09,40,2,0x17C
0x2E82,0F,0x00B87D,4E,4C,09,40,2,0x17D
0x2E81,F8,0x00B87E,52,4C,09,40,2,0x17E
0x2E80,09,0x00B87F,44,4D,09,40,2,0x17F
0x2E7F,0F,0x00B880,D1,55,09,40,2,0x180
0x2E7E,09,0x00B881,4D,3A,09,40,2,0x181
0x2E7D,80,0x00B882,50,48,09,40,2,0x182
0x2E7C,0F,0x00B883,4C,57,09,40,2,0x183
0x2E7B,0A,0x00B884,D6,D4,09,40,2,0x184
0x2E79,FF,0x00B886,CE,DF,09,40,2,0x186
0x2E77,0A,0x00B888,03,41,09,40,2,0x188
0x2E76,80,0x00B889,49,41,09,40,2,0x189
0x2E75,FF,0x00B88A,45,60,09,40,2,0x18A
0x2E74,3F,0x00B88B,40,4B,09,40,2,0x18B
0x2E73,0A,0x00B88C,4D,1F,09,40,2,0x18C
0x2E72,C0,0x00B88D,41,3D,09,40,2,0x18D
0x2E71,FF,0x00B88E,3B,43,09,40,2,0x18E
0x2E70,1F,0x00B88F,7B,3F,09,40,2,0x18F
0x2E6F,8D,0x00B890,46,3F,09,40,2,0x190
0x2E6E,03,0x00B891,FA,C3,09,40,2,0x191
0x2E6D,9B,0x00B892,42,3C,09,40,2,0x192
0x2E6C,03,0x00B893,57,B8,09,40,2,0x193
0x2E6B,F0,0x00B894,42,40,09,40,2,0x194
0x2E6A,FF,0x00B895,B6,3D,09,40,2,0x195
0x2E69,05,0x00B896,3E,39,09,40,2,0x196
0x2E68,0C,0x00B897,35,3E,09,40,2,0x197
0x2E67,FF,0x00B898,2F,F3,09,40,2,0x198
0x2E66,06,0x00B899,3B,31,09,40,2,0x199
0x2E65,01,0x00B89A,34,B0,09,40,2,0x19A
0x2E64,8A,0x00B89B,34,C7,09,40,2,0x19B
0x2E63,03,0x00B89C,0F,32,09,40,2,0x19C
0x2E62,C0,0x00B89D,3D,BF,09,40,2,0x19D
0x2E61,FF,0x00B89E,0D,30,09,40,2,0x19E
0x2E60,05,0x00B89F,33,1C,09,40,2,0x19F
0x2E5F,00,0x00B8A0,2F,35,09,40,2,0x1A0
0x2E5E,07,0x00B8A1,34,39,09,40,2,0x1A1
0x2E5D,FF,0x00B8A2,A9,25,09,40,2,0x1A2
0x2E5C,05,0x00B8A3,17,27,09,40,2,0x1A3
0x2E5B,96,0x00B8A4,28,46,09,40,2,0x1A4
0x2E5A,03,0x00B8A5,BD,31,09,40,2,0x1A5
0x2E59,91,0x00B8A6,28,15,09,40,2,0x1A6
0x2E58,03,0x00B8A7,B0,23,09,40,2,0x1A7
0x2E57,F0,0x00B8A8,26,A2,09,40,2,0x1A8
0x2E56,0A,0x00B8A9,A2,22,09,40,2,0x1A9
0x2E55,0F,0x00B8AA,20,29,09,40,2,0x1AA
0x2E54,FC,0x00B8AB,2C,1C,09,40,2,0x1AB
0x2E53,FF,0x00B8AC,22,1E,09,40,2,0x1AC
0x2E52,1F,0x00B8AD,1F,25,09,40,2,0x1AD
0x2E51,0C,0x00B8AE,DD,21,09,40,2,0x1AE
0x2E50,F8,0x00B8AF,27,1A,09,40,2,0x1AF
0x2E4F,FF,0x00B8B0,5A,24,09,40,2,0x1B0
0x2E4E,3F,0x00B8B1,1A,39,09,40,2,0x1B1
0x2E4D,00,0x00B8B2,1F,A0,09,40,2,0x1B2
0x2E4C,08,0x00B8B3,14,1B,09,40,2,0x1B3
0x2E4B,FE,0x00B8B4,21,15,09,40,2,0x1B4
0x2E4A,FF,0x00B8B5,17,15,09,40,2,0x1B5
0x2E49,03,0x00B8B6,9D,24,09,40,2,0x1B6
0x2E48,04,0x00B8B7,17,14,09,40,2,0x1B7
0x2E47,0A,0x00B8B8,03,1A,09,40,2,0x1B8
0x2E46,0F,0x00B8B9,31,1B,09,40,2,0x1B9
0x2E45,87,0x00B8BA,09,12,09,40,2,0x1BA
0x2E43,F8,0x00B8BC,2E,FF,09,40,2,0x1BC
0x2E42,FF,0x00B8BD,0E,0D,09,40,2,0x1BD
0x2E41,0F,0x00B8BE,0B,1C,09,40,2,0x1BE
0x2E40,0A,0x00B8BF,93,99,09,40,2,0x1BF
0x2E3E,FF,0x00B8C1,11,A4,09,40,2,0x1C1
0x2E3D,1F,0x00B8C2,0D,0C,09,40,2,0x1C2
0x2E3C,0A,0x00B8C3,97,06,09,40,2,0x1C3
0x2E3B,C0,0x00B8C4,0A,06,09,40,2,0x1C4
0x2E3A,FF,0x00B8C5,06,25,09,40,2,0x1C5
0x2E39,1F,0x00B8C6,1E,10,09,40,2,0x1C6
0x2E38,8D,0x00B8C7,07,E4,09,40,2,0x1C7
0x2E37,03,0x00B8C8,01,02,09,40,2,0x1C8
0x2E36,9B,0x00B8C9,41,08,09,40,2,0x1C9
0x2E35,03,0x00B8CA,0C,8B,09,40,2,0x1CA
0x2E34,F0,0x00B8CB,E0,03,09,40,2,0x1CB
0x2E33,FF,0x00B8CC,08,7F,09,40,2,0x1CC
0x2E32,05,0x00B8CD,0D,07,09,40,2,0x1CD
0x2E31,0C,0x00B8CE,08,04,09,40,2,0x1CE
0x2E30,09,0x00B8CF,EC,00,09,40,2,0x1CF
0x2E2F,7F,0x00B8D0,04,05,09,40,2,0x1D0
0x2E2E,8B,0x00B8D1,FB,DA,09,40,2,0x1D1
0x2E2D,03,0x00B8D2,F5,F8,09,40,2,0x1D2
0x2E2C,E0,0x00B8D3,01,37,09,40,2,0x1D3
0x2E2B,FF,0x00B8D4,FE,8E,09,40,2,0x1D4
0x2E2A,05,0x00B8D5,FA,F9,09,40,2,0x1D5
0x2E29,00,0x00B8D6,E5,86,09,40,2,0x1D6
0x2E27,FF,0x00B8D8,F7,B3,09,40,2,0x1D8
0x2E26,05,0x00B8D9,E2,FC,09,40,2,0x1D9
0x2E25,96,0x00B8DA,F8,00,09,40,2,0x1DA
0x2E24,03,0x00B8DB,F4,EE,09,40,2,0x1DB
0x2E23,91,0x00B8DC,F9,EE,09,40,2,0x1DC
0x2E22,03,0x00B8DD,DE,FD,09,40,2,0x1DD
0x2E21,C0,0x00B8DE,FC,F8,09,40,2,0x1DE
0x2E20,0A,0x00B8DF,84,E4,09,40,2,0x1DF
0x2E1F,0F,0x00B8E0,EE,EA,09,40,2,0x1E0
0x2E1E,FE,0x00B8E1,76,69,09,40,2,0x1E1
0x2E1D,FF,0x00B8E2,EC,E9,09,40,2,0x1E2
0x2E1C,0F,0x00B8E3,A8,F0,09,40,2,0x1E3
0x2E1A,FC,0x00B8E5,F2,EB,09,40,2,0x1E5
0x2E19,FF,0x00B8E6,E8,A8,09,40,2,0x1E6
0x2E18,3F,0x00B8E7,E5,EE,09,40,2,0x1E7
0x2E17,0B,0x00B8E8,A3,02,09,40,2,0x1E8
0x2E16,80,0x00B8E9,ED,69,09,40,2,0x1E9
0x2E15,FF,0x00B8EA,00,E4,09,40,2,0x1EA
0x2E14,05,0x00B8EB,E0,DE,09,40,2,0x1EB
0x2E13,E1,0x00B8EC,E5,DE,09,40,2,0x1EC
0x2E12,0A,0x00B8ED,DD,ED,09,40,2,0x1ED
0x2E11,0F,0x00B8EE,E4,DD,09,40,2,0x1EE
0x2E10,87,0x00B8EF,DD,E3,09,40,2,0x1EF
0x2E0F,03,0x00B8F0,DB,DA,09,40,2,0x1F0
0x2E0E,F8,0x00B8F1,E2,DF,09,40,2,0x1F1
0x2E0D,FF,0x00B8F2,DC,E4,09,40,2,0x1F2
0x2E0C,0F,0x00B8F3,D4,C8,09,40,2,0x1F3
0x2E0B,0A,0x00B8F4,E6,D6,09,40,2,0x1F4
0x2E0A,C0,0x00B8F5,CE,E5,09,40,2,0x1F5
0x2E09,FF,0x00B8F6,DF,62,09,40,2,0x1F6
0x2E08,1F,0x00B8F7,E3,D7,09,40,2,0x1F7
0x2E07,0A,0x00B8F8,C3,D3,09,40,2,0x1F8
0x2E06,C0,0x00B8F9,5A,EC,09,40,2,0x1F9
0x2E04,1F,0x00B8FB,DF,D9,09,40,2,0x1FB
0x2E03,8D,0x00B8FC,5E,DE,09,40,2,0x1FC
0x2E02,,0x0B8FD,D1,D9,09,40,2,0x1FD
0x2E01,9B,0x00B8FE,CD,AD,09,40,2,0x1FE
0x2E00,03,0x00B8FF,E3,D5,09,40,2,0x1FF
0x2DFF,F8,0x00B900,CE,4A,09,40,2,0x200
0x2DFE,FF,0x00B901,C1,53,09,40,2,0x201
0x2DFD,7F,0x00B902,48,CB,09,40,2,0x202
0x2DFC,0C,0x00B903,C6,87,09,40,2,0x203
0x2DFB,09,0x00B904,05,CF,09,40,2,0x204
0x2DFA,3F,0x00B905,D0,CC,09,40,2,0x205
0x2DF9,8B,0x00B906,A4,C8,09,40,2,0x206
0x2DF8,03,0x00B907,CC,CD,09,40,2,0x207
0x2DF7,E0,0x00B908,C5,A2,09,40,2,0x208
0x2DF6,FF,0x00B909,C5,C0,09,40,2,0x209
0x2DF5,7F,0x00B90A,CB,FF,09,40,2,0x20A
0x2DF4,0A,0x00B90B,AF,56,09,40,2,0x20B
0x2DF3,80,0x00B90C,C7,C1,09,40,2,0x20C
0x2DF2,FF,0x00B90D,BE,4F,09,40,2,0x20D
0x2DF1,7F,0x00B90E,B4,BF,09,40,2,0x20E
0x2DF0,96,0x00B90F,BA,C5,09,40,2,0x20F
0x2DEF,03,0x00B910,BF,C9,09,40,2,0x210
0x2DEE,92,0x00B911,C8,B7,09,40,2,0x211
0x2DED,03,0x00B912,A8,B7,09,40,2,0x212
0x2DEC,0A,0x00B913,B8,C6,09,40,2,0x213
0x2DEB,0F,0x00B914,AE,C1,09,40,2,0x214
0x2DEA,FE,0x00B915,C4,AD,09,40,2,0x215
0x2DE9,FF,0x00B916,BE,B3,09,40,2,0x216
0x2DE8,0F,0x00B917,A3,F2,09,40,2,0x217
0x2DE7,0C,0x00B918,B5,BD,09,40,2,0x218
0x2DE6,FC,0x00B919,B5,31,09,40,2,0x219
0x2DE5,FF,0x00B91A,48,B9,09,40,2,0x21A
0x2DE4,1F,0x00B91B,B2,A7,09,40,2,0x21B
0x2DE3,0B,0x00B91C,3A,B8,09,40,2,0x21C
0x2DE2,C0,0x00B91D,B0,EC,09,40,2,0x21D
0x2DE1,FF,0x00B91E,6C,33,09,40,2,0x21E
0x2DE0,7F,0x00B91F,AA,AE,09,40,2,0x21F
0x2DDF,FC,0x00B920,B4,A8,09,40,2,0x220
0x2DDE,0A,0x00B921,AC,A8,09,40,2,0x221
0x2DDB,03,0x00B924,25,B0,09,40,2,0x224
0x2DDA,FC,0x00B925,A5,25,09,40,2,0x225
0x2DD9,FF,0x00B926,64,A3,09,40,2,0x226
0x2DD8,0F,0x00B927,AE,A8,09,40,2,0x227
0x2DD7,0A,0x00B928,C1,AD,09,40,2,0x228
0x2DD6,E0,0x00B929,AA,91,09,40,2,0x229
0x2DD5,FF,0x00B92A,20,9F,09,40,2,0x22A
0x2DD4,0F,0x00B92B,9E,AE,09,40,2,0x22B
0x2DD3,0A,0x00B92C,A5,2B,09,40,2,0x22C
0x2DD2,C0,0x00B92D,9D,A0,09,40,2,0x22D
0x2DD1,FF,0x00B92E,A5,9C,09,40,2,0x22E
0x2DD0,3F,0x00B92F,9E,B5,09,40,2,0x22F
0x2DCF,8D,0x00B930,98,9D,09,40,2,0x230
0x2DCE,03,0x00B931,A0,A2,09,40,2,0x231
0x2DCD,9B,0x00B932,9C,9F,09,40,2,0x232
0x2DCC,03,0x00B933,87,9B,09,40,2,0x233
0x2DCB,F8,0x00B934,A0,A1,09,40,2,0x234
0x2DCA,FF,0x00B935,A4,75,09,40,2,0x235
0x2DC9,3F,0x00B936,90,9D,09,40,2,0x236
0x2DC8,0C,0x00B937,1B,D2,09,40,2,0x237
0x2DC7,09,0x00B938,95,1C,09,40,2,0x238
0x2DC6,1F,0x00B939,A0,94,09,40,2,0x239
0x2DC5,8B,0x00B93A,1F,50,09,40,2,0x23A
0x2DC4,,0x0B93B,92,98,09,40,2,0x23B
0x2DC3,F0,0x00B93C,8E,91,09,40,2,0x23C
0x2DC2,FF,0x00B93D,A3,91,09,40,2,0x23D
0x2DC1,7F,0x00B93E,8F,96,09,40,2,0x23E
0x2DC0,0A,0x00B93F,87,6B,09,40,2,0x23F
0x2DBE,FF,0x00B941,58,A8,09,40,2,0x241
0x2DBD,7F,0x00B942,87,1F,09,40,2,0x242
0x2DBC,96,0x00B943,A6,8A,09,40,2,0x243
0x2DBB,03,0x00B944,91,18,09,40,2,0x244
0x2DBA,92,0x00B945,65,88,09,40,2,0x245
0x2DB9,03,0x00B946,8D,80,09,40,2,0x246
0x2DB8,FC,0x00B947,86,8C,09,40,2,0x247
0x2DB7,09,0x00B948,86,89,09,40,2,0x248
0x2DB6,07,0x00B949,8C,85,09,40,2,0x249
0x2DB5,04,0x00B94A,60,89,09,40,2,0x24A
0x2DB4,,0x0B94B,88,86,09,40,2,0x24B
0x2DB3,07,0x00B94C,7F,82,09,40,2,0x24C
0x2DB2,04,0x00B94D,6D,88,09,40,2,0x24D
0x2DB1,0C,0x00B94E,7B,78,09,40,2,0x24E
0x2DB0,FE,0x00B94F,80,7A,09,40,2,0x24F
0x2DAF,FF,0x00B950,99,B9,09,40,2,0x250
0x2DAE,1F,0x00B951,D9,84,09,40,2,0x251
0x2DAD,0B,0x00B952,78,38,09,40,2,0x252
0x2DAC,E0,0x00B953,73,76,09,40,2,0x253
0x2DAB,FF,0x00B954,85,F5,09,40,2,0x254
0x2DAA,BF,0x00B955,12,80,09,40,2,0x255
0x2DA9,0B,0x00B956,77,B3,09,40,2,0x256
0x2DA8,1F,0x00B957,FF,73,09,40,2,0x257
0x2DA7,87,0x00B958,75,79,09,40,2,0x258
0x2DA6,03,0x00B959,51,74,09,40,2,0x259
0x2DA5,FC,0x00B95A,6F,79,09,40,2,0x25A
0x2DA4,FF,0x00B95B,78,76,09,40,2,0x25B
0x2DA3,07,0x00B95C,71,72,09,40,2,0x25C
0x2DA2,04,0x00B95D,70,77,09,40,2,0x25D
0x2DA1,0A,0x00B95E,70,EC,09,40,2,0x25E
0x2DA0,E0,0x00B95F,6B,6A,09,40,2,0x25F
0x2D9F,FF,0x00B960,9A,E9,09,40,2,0x260
0x2D9E,0F,0x00B961,69,74,09,40,2,0x261
0x2D9D,0A,0x00B962,48,58,09,40,2,0x262
0x2D9C,C0,0x00B963,72,66,09,40,2,0x263
0x2D9A,3F,0x00B965,6E,F2,09,40,2,0x265
0x2D99,8D,0x00B966,24,67,09,40,2,0x266
0x2D98,03,0x00B967,6D,F5,09,40,2,0x267
0x2D97,9B,0x00B968,E1,65,09,40,2,0x268
0x2D96,03,0x00B969,E9,65,09,40,2,0x269
0x2D95,FC,0x00B96A,63,64,09,40,2,0x26A
0x2D94,FF,0x00B96B,DF,E5,09,40,2,0x26B
0x2D93,3F,0x00B96C,5D,61,09,40,2,0x26C
0x2D92,0C,0x00B96D,60,DD,09,40,2,0x26D
0x2D91,09,0x00B96E,60,65,09,40,2,0x26E
0x2D90,07,0x00B96F,4B,62,09,40,2,0x26F
0x2D8F,04,0x00B970,E7,5E,09,40,2,0x270
0x2D8E,8B,0x00B971,5C,64,09,40,2,0x271
0x2D8D,03,0x00B972,77,38,09,40,2,0x272
0x2D8C,F0,0x00B973,E6,60,09,40,2,0x273
0x2D8B,FF,0x00B974,59,65,09,40,2,0x274
0x2D8A,3F,0x00B975,55,DF,09,40,2,0x275
0x2D89,0A,0x00B976,6A,57,09,40,2,0x276
0x2D88,80,0x00B977,56,33,09,40,2,0x277
0x2D87,FF,0x00B978,50,5B,09,40,2,0x278
0x2D86,3F,0x00B979,50,54,09,40,2,0x279
0x2D85,96,0x00B97A,56,54,09,40,2,0x27A
0x2D84,03,0x00B97B,50,59,09,40,2,0x27B
0x2D83,92,0x00B97C,59,3E,09,40,2,0x27C
0x2D82,03,0x00B97D,2D,4C,09,40,2,0x27D
0x2D81,F8,0x00B97E,55,6B,09,40,2,0x27E
0x2D80,09,0x00B97F,4E,E2,09,40,2,0x27F
0x2D7F,87,0x00B980,4E,4D,09,40,2,0x280
0x2D7E,09,0x00B981,54,DB,09,40,2,0x281
0x2D7D,03,0x00B982,28,4B,09,40,2,0x282
0x2D7C,04,0x00B983,50,3F,09,40,2,0x283
0x2D7B,0C,0x00B984,47,4F,09,40,2,0x284
0x2D7A,FE,0x00B985,25,CC,09,40,2,0x285
0x2D79,FF,0x00B986,83,4D,09,40,2,0x286
0x2D78,0F,0x00B987,33,46,09,40,2,0x287
0x2D77,0B,0x00B988,81,46,09,40,2,0x288
0x2D76,F8,0x00B989,4A,4C,09,40,2,0x289
0x2D75,86,0x00B98A,3E,3C,09,40,2,0x28A
0x2D74,03,0x00B98B,5E,3E,09,40,2,0x28B
0x2D73,1F,0x00B98C,DB,5D,09,40,2,0x28C
0x2D72,87,0x00B98D,40,48,09,40,2,0x28D
0x2D71,03,0x00B98E,C8,2C,09,40,2,0x28E
0x2D70,FE,0x00B98F,3E,C1,09,40,2,0x28F
0x2D6F,FF,0x00B990,36,3D,09,40,2,0x290
0x2D6E,07,0x00B991,38,78,09,40,2,0x291
0x2D6D,04,0x00B992,40,38,09,40,2,0x292
0x2D6C,0A,0x00B993,3A,3E,09,40,2,0x293
0x2D6B,F0,0x00B994,37,39,09,40,2,0x294
0x2D6A,FF,0x00B995,40,3E,09,40,2,0x295
0x2D69,07,0x00B996,2C,3B,09,40,2,0x296
0x2D68,04,0x00B997,3E,37,09,40,2,0x297
0x2D67,0A,0x00B998,51,3C,09,40,2,0x298
0x2D66,C0,0x00B999,3A,F1,09,40,2,0x299
0x2D65,FF,0x00B99A,10,2F,09,40,2,0x29A
0x2D64,1F,0x00B99B,39,AE,09,40,2,0x29B
0x2D63,8D,0x00B99C,6D,39,09,40,2,0x29C
0x2D62,03,0x00B99D,39,1D,09,40,2,0x29D
0x2D61,92,0x00B99E,EC,2B,09,40,2,0x29E
0x2D5F,20,0x00B9A0,2A,B7,09,40,2,0x2A0
0x2D5E,88,0x00B9A1,09,2C,09,40,2,0x2A1
0x2D5D,03,0x00B9A2,27,BA,09,40,2,0x2A2
0x2D5C,FC,0x00B9A3,28,2A,09,40,2,0x2A3
0x2D5B,FF,0x00B9A4,06,64,09,40,2,0x2A4
0x2D5A,1F,0x00B9A5,B2,AB,09,40,2,0x2A5
0x2D58,09,0x00B9A7,A2,A3,09,40,2,0x2A7
0x2D57,07,0x00B9A8,B1,2B,09,40,2,0x2A8
0x2D55,8B,0x00B9AA,B5,24,09,40,2,0x2AA
0x2D54,,0x0B9AB,22,2A,09,40,2,0x2AB
0x2D53,F8,0x00B9AC,9E,FE,09,40,2,0x2AC
0x2D52,,0x0B9AD,1C,26,09,40,2,0x2AD
0x2D51,3F,0x00B9AE,22,2A,09,40,2,0x2AE
0x2D50,0A,0x00B9AF,5A,A5,09,40,2,0x2AF
0x2D4F,C0,0x00B9B0,26,1D,09,40,2,0x2B0
0x2D4B,03,0x00B9B4,21,20,09,40,2,0x2B4
0x2D4A,92,0x00B9B5,D5,05,09,40,2,0x2B5
0x2D49,03,0x00B9B6,1D,13,09,40,2,0x2B6
0x2D48,C0,0x00B9B7,16,32,09,40,2,0x2B7
0x2D47,09,0x00B9B8,16,A9,09,40,2,0x2B8
0x2D46,83,0x00B9B9,F1,14,09,40,2,0x2B9
0x2D45,09,0x00B9BA,2F,A2,09,40,2,0x2BA
0x2D44,03,0x00B9BB,EF,12,09,40,2,0x2BB
0x2D43,04,0x00B9BC,8D,CE,09,40,2,0x2BC
0x2D41,08,0x00B9BE,0A,8F,09,40,2,0x2BE
0x2D40,09,0x00B9BF,0E,14,09,40,2,0x2BF
0x2D3F,0F,0x00B9C0,0E,0D,09,40,2,0x2C0
0x2D3E,0B,0x00B9C1,A6,0D,09,40,2,0x2C1
0x2D3D,F8,0x00B9C2,0B,13,09,40,2,0x2C2
0x2D3C,86,0x00B9C3,07,05,09,40,2,0x2C3
0x2D3B,03,0x00B9C4,12,05,09,40,2,0x2C4
0x2D3A,1F,0x00B9C5,08,24,09,40,2,0x2C5
0x2D39,87,0x00B9C6,02,0F,09,40,2,0x2C6
0x2D38,03,0x00B9C7,02,F3,09,40,2,0x2C7
0x2D37,FE,0x00B9C8,08,88,09,40,2,0x2C8
0x2D35,07,0x00B9CA,7F,3F,09,40,2,0x2CA
0x2D32,F0,0x00B9CD,F5,7D,09,40,2,0x2CD
0x2D31,FF,0x00B9CE,07,05,09,40,2,0x2CE
0x2D30,07,0x00B9CF,1A,FE,09,40,2,0x2CF
0x2D2F,04,0x00B9D0,03,FE,09,40,2,0x2D0
0x2D2E,0A,0x00B9D1,D9,03,09,40,2,0x2D1
0x2D2D,80,0x00B9D2,02,B8,09,40,2,0x2D2
0x2D2C,FF,0x00B9D3,16,F6,09,40,2,0x2D3
0x2D2B,1F,0x00B9D4,02,35,09,40,2,0x2D4
0x2D2A,8D,0x00B9D5,D5,00,09,40,2,0x2D5
0x2D29,03,0x00B9D6,13,E4,09,40,2,0x2D6
0x2D28,92,0x00B9D7,F3,F2,09,40,2,0x2D7
0x2D27,03,0x00B9D8,EA,01,09,40,2,0x2D8
0x2D26,F0,0x00B9D9,F0,7E,09,40,2,0x2D9
0x2D25,88,0x00B9DA,F1,F3,09,40,2,0x2DA
0x2D24,03,0x00B9DB,CF,EF,09,40,2,0x2DB
0x2D23,FE,0x00B9DC,7B,00,09,40,2,0x2DC
0x2D21,1F,0x00B9DE,6B,EB,09,40,2,0x2DE
0x2D20,0C,0x00B9DF,7A,71,09,40,2,0x2DF
0x2D1E,03,0x00B9E1,7E,A9,09,40,2,0x2E1
0x2D1D,04,0x00B9E2,EB,F1,09,40,2,0x2E2
0x2D1C,8B,0x00B9E3,C7,EA,09,40,2,0x2E3
0x2D1B,03,0x00B9E4,E5,EA,09,40,2,0x2E4
0x2D1A,F8,0x00B9E5,EB,F0,09,40,2,0x2E5
0x2D19,FF,0x00B9E6,F3,C4,09,40,2,0x2E6
0x2D18,3F,0x00B9E7,EF,E2,09,40,2,0x2E7
0x2D17,0A,0x00B9E8,D2,E7,09,40,2,0x2E8
0x2D16,C0,0x00B9E9,EA,E8,09,40,2,0x2E9
0x2D15,FF,0x00B9EA,E1,E4,09,40,2,0x2EA
0x2D14,1F,0x00B9EB,EA,69,09,40,2,0x2EB
0x2D13,96,0x00B9EC,5E,E1,09,40,2,0x2EC
0x2D12,03,0x00B9ED,E6,CD,09,40,2,0x2ED
0x2D11,93,0x00B9EE,E3,E5,09,40,2,0x2EE
0x2D10,03,0x00B9EF,DF,DC,09,40,2,0x2EF
0x2D0F,09,0x00B9F0,9A,E4,09,40,2,0x2F0
0x2D0E,C1,0x00B9F1,E8,C9,09,40,2,0x2F1
0x2D0D,09,0x00B9F2,B8,D7,09,40,2,0x2F2
0x2D0C,01,0x00B9F3,56,E6,09,40,2,0x2F3
0x2D0B,00,0x00B9F4,DF,6D,09,40,2,0x2F4
0x2D0A,08,0x00B9F5,DC,D8,09,40,2,0x2F5
0x2D09,09,0x00B9F6,D8,67,09,40,2,0x2F6
0x2D08,07,0x00B9F7,71,D6,09,40,2,0x2F7
0x2D07,04,0x00B9F8,D5,DB,09,40,2,0x2F8
0x2D06,0B,0x00B9F9,D1,92,09,40,2,0x2F9
0x2D05,FC,0x00B9FA,DC,D9,09,40,2,0x2FA
0x2D04,86,0x00B9FB,D2,D0,09,40,2,0x2FB
0x2D03,03,0x00B9FC,CD,D9,09,40,2,0x2FC
0x2D02,1F,0x00B9FD,D4,CB,09,40,2,0x2FD
0x2D01,87,0x00B9FE,CF,CB,09,40,2,0x2FE
0x2CFF,09,0x00BA00,50,D5,09,40,2,0x300
0x2CFE,,0x0BA01,CB,C0,09,40,2,0x301
0x2CFD,04,0x00BA02,C3,4D,09,40,2,0x302
0x2CFC,0A,0x00BA03,D1,C9,09,40,2,0x303
0x2CFB,F8,0x00BA04,D4,04,09,40,2,0x304
0x2CFA,FF,0x00BA05,CD,4A,09,40,2,0x305
0x2CF9,07,0x00BA06,A3,C6,09,40,2,0x306
0x2CF8,04,0x00BA07,CC,42,09,40,2,0x307
0x2CF7,0A,0x00BA08,D0,CA,09,40,2,0x308
0x2CF6,80,0x00BA09,C0,C3,09,40,2,0x309
0x2CF5,FF,0x00BA0A,C7,C3,09,40,2,0x30A
0x2CF4,1F,0x00BA0B,AE,C8,09,40,2,0x30B
0x2CF3,8D,0x00BA0C,DC,9D,09,40,2,0x30C
0x2CF2,03,0x00BA0D,BC,BB,09,40,2,0x30D
0x2CF1,92,0x00BA0E,C4,FA,09,40,2,0x30E
0x2CF0,03,0x00BA0F,BA,C5,09,40,2,0x30F
0x2CEE,07,0x00BA11,46,B7,09,40,2,0x311
0x2CED,04,0x00BA12,BA,C6,09,40,2,0x312
0x2CEC,00,0x00BA13,B7,43,09,40,2,0x313
0x2CEB,07,0x00BA14,43,B8,09,40,2,0x314
0x2CEA,,0x0BA15,B7,B4,09,40,2,0x315
0x2CE9,FE,0x00BA16,48,C5,09,40,2,0x316
0x2CE7,0F,0x00BA18,91,B0,09,40,2,0x318
0x2CE6,0C,0x00BA19,AF,B7,09,40,2,0x319
0x2CE5,FF,0x00BA1A,B4,B3,09,40,2,0x31A
0x2CE4,05,0x00BA1B,2D,BA,09,40,2,0x31B
0x2CE3,01,0x00BA1C,33,6D,09,40,2,0x31C
0x2CE2,8B,0x00BA1D,AF,B5,09,40,2,0x31D
0x2CE1,03,0x00BA1E,A3,AC,09,40,2,0x31E
0x2CE0,FC,0x00BA1F,B3,B5,09,40,2,0x31F
0x2CDF,FF,0x00BA20,AC,89,09,40,2,0x320
0x2CDE,1F,0x00BA21,AC,A7,09,40,2,0x321
0x2CDD,,0x0BA22,B2,AC,09,40,2,0x322
0x2CDC,FF,0x00BA23,26,A9,09,40,2,0x323
0x2CDB,1F,0x00BA24,AE,A9,09,40,2,0x324
0x2CDA,96,0x00BA25,B3,2E,09,40,2,0x325
0x2CD9,03,0x00BA26,63,A6,09,40,2,0x326
0x2CD8,93,0x00BA27,A3,92,09,40,2,0x327
0x2CD7,03,0x00BA28,91,A0,09,40,2,0x328
0x2CD6,F8,0x00BA29,DF,A5,09,40,2,0x329
0x2CD5,FF,0x00BA2A,40,AA,09,40,2,0x32A
0x2CD4,C1,0x00BA2B,A1,7E,09,40,2,0x32B
0x2CD3,FF,0x00BA2C,28,9C,09,40,2,0x32C
0x2CD2,05,0x00BA2D,9F,AB,09,40,2,0x32D
0x2CD1,0C,0x00BA2E,1B,32,09,40,2,0x32E
0x2CD0,80,0x00BA2F,99,9D,09,40,2,0x32F
0x2CCF,09,0x00BA30,9F,2C,09,40,2,0x330
0x2CCD,04,0x00BA32,16,8F,09,40,2,0x332
0x2CCC,0B,0x00BA33,1D,95,09,40,2,0x333
0x2CCB,FE,0x00BA34,98,56,09,40,2,0x334
0x2CCA,86,0x00BA35,92,93,09,40,2,0x335
0x2CC9,03,0x00BA36,9E,98,09,40,2,0x336
0x2CC8,1F,0x00BA37,99,92,09,40,2,0x337
0x2CC7,00,0x00BA38,95,99,09,40,2,0x338
0x2CC5,03,0x00BA3A,7F,9E,09,40,2,0x33A
0x2CC4,09,0x00BA3B,98,99,09,40,2,0x33B
0x2CC3,03,0x00BA3C,94,89,09,40,2,0x33C
0x2CC2,,0x0BA3D,90,12,09,40,2,0x33D
0x2CC1,0A,0x00BA3E,8B,8E,09,40,2,0x33E
0x2CC0,F8,0x00BA3F,92,C9,09,40,2,0x33F
0x2CBF,FF,0x00BA40,87,0F,09,40,2,0x340
0x2CBE,03,0x00BA41,97,8B,09,40,2,0x341
0x2CBB,80,0x00BA44,85,86,09,40,2,0x344
0x2CBA,FF,0x00BA45,64,8E,09,40,2,0x345
0x2CB9,1F,0x00BA46,11,63,09,40,2,0x346
0x2CB8,8D,0x00BA47,85,81,09,40,2,0x347
0x2CB7,,0x0BA48,84,A0,09,40,2,0x348
0x2CB6,92,0x00BA49,84,8B,09,40,2,0x349
0x2CB5,03,0x00BA4A,0D,5F,09,40,2,0x34A
0x2CB4,F8,0x00BA4B,81,7D,09,40,2,0x34B
0x2CB3,1F,0x00BA4C,7D,8C,09,40,2,0x34C
0x2CB2,00,0x00BA4D,91,09,09,40,2,0x34D
0x2CB0,03,0x00BA4F,6A,0B,09,40,2,0x34F
0x2CAF,09,0x00BA50,78,7C,09,40,2,0x350
0x2CAE,0F,0x00BA51,7D,F8,09,40,2,0x351
0x2CAD,0C,0x00BA52,7E,76,09,40,2,0x352
0x2CAC,FE,0x00BA53,7A,95,09,40,2,0x353
0x2CAB,FF,0x00BA54,FB,81,09,40,2,0x354
0x2CAA,8C,0x00BA55,77,54,09,40,2,0x355
0x2CA9,03,0x00BA56,6B,7C,09,40,2,0x356
0x2CA8,FC,0x00BA57,7B,73,09,40,2,0x357
0x2CA7,FF,0x00BA58,74,7C,09,40,2,0x358
0x2CA6,1F,0x00BA59,74,30,09,40,2,0x359
0x2CA5,0B,0x00BA5A,7B,6E,09,40,2,0x35A
0x2CA4,FC,0x00BA5B,77,8D,09,40,2,0x35B
0x2CA3,0F,0x00BA5C,8C,F8,09,40,2,0x35C
0x2CA2,96,0x00BA5D,AC,6F,09,40,2,0x35D
0x2CA1,03,0x00BA5E,6B,63,09,40,2,0x35E
0x2CA0,93,0x00BA5F,62,69,09,40,2,0x35F
0x2C9F,03,0x00BA60,A8,6E,09,40,2,0x360
0x2C9E,E0,0x00BA61,09,74,09,40,2,0x361
0x2C9D,FF,0x00BA62,6A,66,09,40,2,0x362
0x2C9C,E0,0x00BA63,F1,6D,09,40,2,0x363
0x2C9B,FF,0x00BA64,68,69,09,40,2,0x364
0x2C9A,05,0x00BA65,24,FB,09,40,2,0x365
0x2C99,0C,0x00BA66,62,66,09,40,2,0x366
0x2C98,80,0x00BA67,6A,F5,09,40,2,0x367
0x2C97,09,0x00BA68,80,64,09,40,2,0x368
0x2C96,03,0x00BA69,60,40,09,40,2,0x369
0x2C95,04,0x00BA6A,67,5E,09,40,2,0x36A
0x2C94,0B,0x00BA6B,61,3E,09,40,2,0x36B
0x2C93,,0x0BA6C,5B,5C,09,40,2,0x36C
0x2C92,86,0x00BA6D,67,61,09,40,2,0x36D
0x2C91,03,0x00BA6E,62,5B,09,40,2,0x36E
0x2C90,1F,0x00BA6F,5E,62,09,40,2,0x36F
0x2C8E,07,0x00BA71,48,5F,09,40,2,0x371
0x2C8D,03,0x00BA72,56,5B,09,40,2,0x372
0x2C8C,09,0x00BA73,5C,61,09,40,2,0x373
0x2C8B,,0x0BA74,58,51,09,40,2,0x374
0x2C8A,,0x0BA75,58,DA,09,40,2,0x375
0x2C89,0A,0x00BA76,5E,56,09,40,2,0x376
0x2C88,FC,0x00BA77,D2,91,09,40,2,0x377
0x2C87,,0x0BA78,50,D7,09,40,2,0x378
0x2C86,03,0x00BA79,57,53,09,40,2,0x379
0x2C85,,0x0BA7A,53,0F,09,40,2,0x37A
0x2C84,0A,0x00BA7B,0E,57,09,40,2,0x37B
0x2C83,80,0x00BA7C,56,4E,09,40,2,0x37C
0x2C82,FF,0x00BA7D,4C,56,09,40,2,0x37D
0x2C81,0F,0x00BA7E,2B,3B,09,40,2,0x37E
0x2C80,8D,0x00BA7F,D8,49,09,40,2,0x37F
0x2C7F,,0x0BA80,4C,68,09,40,2,0x380
0x2C7E,92,0x00BA81,49,53,09,40,2,0x381
0x2C7D,03,0x00BA82,D5,27,09,40,2,0x382
0x2C7C,FC,0x00BA83,49,45,09,40,2,0x383
0x2C7B,FF,0x00BA84,45,4C,09,40,2,0x384
0x2C7A,86,0x00BA85,59,48,09,40,2,0x385
0x2C79,,0x0BA86,46,D0,09,40,2,0x386
0x2C78,80,0x00BA87,40,45,09,40,2,0x387
0x2C77,09,0x00BA88,40,D2,09,40,2,0x388
0x2C76,07,0x00BA89,5F,43,09,40,2,0x389
0x2C75,04,0x00BA8A,C6,FF,09,40,2,0x38A
0x2C74,0C,0x00BA8B,41,47,09,40,2,0x38B
0x2C73,F0,0x00BA8C,39,49,09,40,2,0x38C
0x2C72,03,0x00BA8D,45,2C,09,40,2,0x38D
0x2C71,04,0x00BA8E,3E,3A,09,40,2,0x38E
0x2C70,8C,0x00BA8F,3E,3F,09,40,2,0x38F
0x2C6F,03,0x00BA90,45,BF,09,40,2,0x390
0x2C6E,FE,0x00BA91,41,3B,09,40,2,0x391
0x2C6D,FF,0x00BA92,B6,B5,09,40,2,0x392
0x2C6C,0F,0x00BA93,3F,C2,09,40,2,0x393
0x2C6B,0B,0x00BA94,2D,38,09,40,2,0x394
0x2C6A,E0,0x00BA95,43,2C,09,40,2,0x395
0x2C69,07,0x00BA96,D4,32,09,40,2,0x396
0x2C68,04,0x00BA97,35,B1,09,40,2,0x397
0x2C67,96,0x00BA98,BC,3D,09,40,2,0x398
0x2C66,,0x0BA99,33,28,09,40,2,0x399
0x2C65,94,0x00BA9A,0F,32,09,40,2,0x39A
0x2C64,03,0x00BA9B,2D,32,09,40,2,0x39B
0x2C63,3F,0x00BA9C,35,C4,09,40,2,0x39C
0x2C62,F0,0x00BA9D,2D,2F,09,40,2,0x39D
0x2C61,FF,0x00BA9E,2B,BF,09,40,2,0x39E
0x2C60,7F,0x00BA9F,32,2D,09,40,2,0x39F
0x2C5F,0C,0x00BAA0,2C,68,09,40,2,0x3A0
0x2C5E,C0,0x00BAA1,34,18,09,40,2,0x3A1
0x2C5D,09,0x00BAA2,2A,26,09,40,2,0x3A2
0x2C5C,03,0x00BAA3,2A,A5,09,40,2,0x3A3
0x2C5B,04,0x00BAA4,2E,30,09,40,2,0x3A4
0x2C5A,0B,0x00BAA5,1C,A4,09,40,2,0x3A5
0x2C59,FE,0x00BAA6,22,2C,09,40,2,0x3A6
0x2C58,0C,0x00BAA7,28,29,09,40,2,0x3A7
0x2C57,FF,0x00BAA8,22,25,09,40,2,0x3A8
0x2C55,86,0x00BAAA,FF,1B,09,40,2,0x3AA
0x2C54,03,0x00BAAB,1D,2A,09,40,2,0x3AB
0x2C53,80,0x00BAAC,24,1C,09,40,2,0x3AC
0x2C52,09,0x00BAAD,20,5B,09,40,2,0x3AD
0x2C51,01,0x00BAAE,0B,A1,09,40,2,0x3AE
0x2C50,0A,0x00BAAF,23,1D,09,40,2,0x3AF
0x2C4F,FC,0x00BAB0,1A,F9,09,40,2,0x3B0
0x2C4E,FF,0x00BAB1,F8,21,09,40,2,0x3B1
0x2C4D,01,0x00BAB2,A5,18,09,40,2,0x3B2
0x2C4C,0B,0x00BAB3,19,20,09,40,2,0x3B3
0x2C4B,FF,0x00BAB4,18,05,09,40,2,0x3B4
0x2C4A,07,0x00BAB5,18,13,09,40,2,0x3B5
0x2C49,04,0x00BAB6,A1,22,09,40,2,0x3B6
0x2C48,8D,0x00BAB7,15,1D,09,40,2,0x3B7
0x2C47,03,0x00BAB8,A5,D1,09,40,2,0x3B8
0x2C46,92,0x00BAB9,13,0F,09,40,2,0x3B9
0x2C45,03,0x00BABA,EF,12,09,40,2,0x3BA
0x2C44,FC,0x00BABB,0D,12,09,40,2,0x3BB
0x2C43,FF,0x00BABC,12,9A,09,40,2,0x3BC
0x2C42,1F,0x00BABD,0D,0F,09,40,2,0x3BD
0x2C41,0C,0x00BABE,92,9C,09,40,2,0x3BE
0x2C3F,09,0x00BAC0,05,C9,09,40,2,0x3C0
0x2C3C,93,0x00BAC3,09,07,09,40,2,0x3C3
0x2C3B,03,0x00BAC4,09,10,09,40,2,0x3C4
0x2C3A,FE,0x00BAC5,10,F4,09,40,2,0x3C5
0x2C39,FF,0x00BAC6,01,02,09,40,2,0x3C6
0x2C38,0F,0x00BAC7,0B,07,09,40,2,0x3C7
0x2C37,0C,0x00BAC8,0A,94,09,40,2,0x3C8
0x2C36,01,0x00BAC9,FC,03,09,40,2,0x3C9
0x2C35,96,0x00BACA,0E,F7,09,40,2,0x3CA
0x2C34,03,0x00BACB,9F,FD,09,40,2,0x3CB
0x2C33,95,0x00BACC,00,7C,09,40,2,0x3CC
0x2C32,03,0x00BACD,87,08,09,40,2,0x3CD
0x2C31,F0,0x00BACE,FE,3B,09,40,2,0x3CE
0x2C30,FF,0x00BACF,DA,92,09,40,2,0x3CF
0x2C2F,3F,0x00BAD0,F8,FC,09,40,2,0x3D0
0x2C2E,0C,0x00BAD1,FF,8D,09,40,2,0x3D1
0x2C2D,C0,0x00BAD2,F8,FA,09,40,2,0x3D2
0x2C2C,09,0x00BAD3,7E,E6,09,40,2,0x3D3
0x2C2B,01,0x00BAD4,F8,F4,09,40,2,0x3D4
0x2C2A,0B,0x00BAD5,74,33,09,40,2,0x3D5
0x2C29,FF,0x00BAD6,FF,FE,09,40,2,0x3D6
0x2C28,07,0x00BAD7,F5,72,09,40,2,0x3D7
0x2C27,03,0x00BAD8,F5,FA,09,40,2,0x3D8
0x2C26,0F,0x00BAD9,F0,F3,09,40,2,0x3D9
0x2C25,86,0x00BADA,F4,F3,09,40,2,0x3DA
0x2C24,03,0x00BADB,EA,F9,09,40,2,0x3DB
0x2C23,80,0x00BADC,F6,EB,09,40,2,0x3DC
0x2C22,09,0x00BADD,6B,F8,09,40,2,0x3DD
0x2C21,01,0x00BADE,F7,EA,09,40,2,0x3DE
0x2C20,0A,0x00BADF,DA,09,09,40,2,0x3DF
0x2C1F,FC,0x00BAE0,E8,6F,09,40,2,0x3E0
0x2C1D,01,0x00BAE2,EB,C7,09,40,2,0x3E2
0x2C1C,0B,0x00BAE3,D6,E5,09,40,2,0x3E3
0x2C1B,3C,0x00BAE4,EE,EA,09,40,2,0x3E4
0x2C1A,8E,0x00BAE5,E5,EF,09,40,2,0x3E5
0x2C19,03,0x00BAE6,C3,DB,09,40,2,0x3E6
0x2C17,03,0x00BAE8,EC,F0,09,40,2,0x3E8
0x2C16,FE,0x00BAE9,E3,EC,09,40,2,0x3E9
0x2C15,FF,0x00BAEA,E0,FE,09,40,2,0x3EA
0x2C14,0F,0x00BAEB,BA,6C,09,40,2,0x3EB
0x2C13,0C,0x00BAEC,DC,E0,09,40,2,0x3EC
0x2C12,C0,0x00BAED,E3,6D,09,40,2,0x3ED
0x2C11,09,0x00BAEE,DF,DE,09,40,2,0x3EE
0x2C10,03,0x00BAEF,68,BA,09,40,2,0x3EF
0x2C0F,04,0x00BAF0,DC,D8,09,40,2,0x3F0
0x2C0E,93,0x00BAF1,6C,DD,09,40,2,0x3F1
0x2C0D,,0x0BAF2,DA,E3,09,40,2,0x3F2
0x2C09,04,0x00BAF6,5B,66,09,40,2,0x3F6
0x2C07,03,0x00BAF8,CF,C9,09,40,2,0x3F8
0x2C05,03,0x00BAFA,D4,0E,09,40,2,0x3FA
0x2C04,F8,0x00BAFB,CF,6C,09,40,2,0x3FB
0x2C03,FF,0x00BAFC,D9,D0,09,40,2,0x3FC
0x2C02,3F,0x00BAFD,CA,61,09,40,2,0x3FD
0x2C01,0C,0x00BAFE,CA,CE,09,40,2,0x3FE
0x2C00,E0,0x00BAFF,CF,C2,09,40,2,0x3FF
0x33FF,F8,0x00BB10,AD,CE,09,40,3,0x000
0x33FE,,0x0BB11,CA,51,09,40,3,0x001
0x33FD,09,0x00BB12,D1,CD,09,40,3,0x002
0x33FC,70,0x00BB13,5B,89,09,40,3,0x003
0x33FB,0A,0x00BB14,CB,C5,09,40,3,0x004
0x33FA,C0,0x00BB15,56,C6,09,40,3,0x005
0x33F9,FF,0x00BB16,C9,D5,09,40,3,0x006
0x33F8,7F,0x00BB17,C1,CF,09,40,3,0x007
0x33F7,89,0x00BB18,CD,A4,09,40,3,0x008
0x33F6,03,0x00BB19,E2,CC,09,40,3,0x009
0x33F5,FC,0x00BB1A,C2,41,09,40,3,0x00A
0x33F4,FF,0x00BB1B,C9,C1,09,40,3,0x00B
0x33F3,05,0x00BB1C,B8,C7,09,40,3,0x00C
0x33F2,01,0x00BB1D,BE,BD,09,40,3,0x00D
0x33F1,09,0x00BB1E,C5,BD,09,40,3,0x00E
0x33F0,0F,0x00BB1F,C1,DC,09,40,3,0x00F
0x33EF,90,0x00BB20,BC,C5,09,40,3,0x010
0x33EE,03,0x00BB21,3B,CA,09,40,3,0x011
0x33ED,00,0x00BB22,C5,BA,09,40,3,0x012
0x33EC,10,0x00BB23,D8,C1,09,40,3,0x013
0x33EB,03,0x00BB24,C3,B6,09,40,3,0x014
0x33EA,01,0x00BB25,37,C2,09,40,3,0x015
0x33E9,86,0x00BB26,B5,D5,09,40,3,0x016
0x33E8,03,0x00BB27,C4,C0,09,40,3,0x017
0x33E7,C0,0x00BB28,AC,84,09,40,3,0x018
0x33E5,FF,0x00BB2A,B9,D1,09,40,3,0x01A
0x33E4,0F,0x00BB2B,B4,B1,09,40,3,0x01B
0x33E3,0B,0x00BB2C,B4,AC,09,40,3,0x01C
0x33E1,09,0x00BB2E,2E,B1,09,40,3,0x01E
0x33E0,3F,0x00BB2F,AC,B1,09,40,3,0x01F
0x33DF,00,0x00BB30,CB,39,09,40,3,0x020
0x33DE,07,0x00BB31,AB,AE,09,40,3,0x021
0x33DD,09,0x00BB32,A6,38,09,40,3,0x022
0x33DC,8F,0x00BB33,B2,AC,09,40,3,0x023
0x33DB,09,0x00BB34,C7,A4,09,40,3,0x024
0x33DA,07,0x00BB35,A7,B6,09,40,3,0x025
0x33D9,04,0x00BB36,AE,A2,09,40,3,0x026
0x33D8,0C,0x00BB37,A8,A4,09,40,3,0x027
0x33D7,F0,0x00BB38,24,C3,09,40,3,0x028
0x33D6,0B,0x00BB39,A2,A7,09,40,3,0x029
0x33D5,1F,0x00BB3A,B1,A6,09,40,3,0x02A
0x33D4,0B,0x00BB3B,2D,99,09,40,3,0x02B
0x33D3,FE,0x00BB3C,A3,9F,09,40,3,0x02C
0x33D2,FF,0x00BB3D,9F,DE,09,40,3,0x02D
0x33D0,F0,0x00BB3F,A0,95,09,40,3,0x02F
0x33CF,09,0x00BB40,9A,9B,09,40,3,0x030
0x33CE,07,0x00BB41,A4,1A,09,40,3,0x031
0x33CD,04,0x00BB42,B9,A6,09,40,3,0x032
0x33CC,8D,0x00BB43,A3,59,09,40,3,0x033
0x33CB,03,0x00BB44,88,97,09,40,3,0x034
0x33CA,8E,0x00BB45,A1,16,09,40,3,0x035
0x33C9,,0x0BB46,99,9F,09,40,3,0x036
0x33C8,C0,0x00BB47,99,A5,09,40,3,0x037
0x33C7,0F,0x00BB48,9E,9D,09,40,3,0x038
0x33C6,,0x0BB49,8F,73,09,40,3,0x039
0x33C3,80,0x00BB4C,9B,90,09,40,3,0x03C
0x33C2,09,0x00BB4D,7F,99,09,40,3,0x03D
0x33C1,03,0x00BB4E,97,91,09,40,3,0x03E
0x33C0,04,0x00BB4F,0C,8C,09,40,3,0x03F
0x33BF,0B,0x00BB50,17,91,09,40,3,0x040
0x33BE,C0,0x00BB51,8E,89,09,40,3,0x041
0x33BD,09,0x00BB52,82,8B,09,40,3,0x042
0x33BC,03,0x00BB53,88,92,09,40,3,0x043
0x33BB,04,0x00BB54,89,C6,09,40,3,0x044
0x33BA,00,0x00BB55,47,18,09,40,3,0x045
0x33B9,08,0x00BB56,87,89,09,40,3,0x046
0x33B8,FE,0x00BB57,90,14,09,40,3,0x047
0x33B7,7F,0x00BB58,74,87,09,40,3,0x048
0x33B6,09,0x00BB59,8D,73,09,40,3,0x049
0x33B5,08,0x00BB5A,01,85,09,40,3,0x04A
0x33B4,04,0x00BB5B,13,85,09,40,3,0x04B
0x33B3,0A,0x00BB5C,83,06,09,40,3,0x04C
0x33B2,C0,0x00BB5D,0E,82,09,40,3,0x04D
0x33B1,FF,0x00BB5E,81,5E,09,40,3,0x04E
0x33B0,1F,0x00BB5F,79,7B,09,40,3,0x04F
0x33AF,89,0x00BB60,85,7B,09,40,3,0x050
0x33AD,FC,0x00BB62,7A,84,09,40,3,0x052
0x33AC,FF,0x00BB63,81,59,09,40,3,0x053
0x33AB,05,0x00BB64,74,81,09,40,3,0x054
0x33AA,0A,0x00BB65,76,96,09,40,3,0x055
0x33A9,01,0x00BB66,79,76,09,40,3,0x056
0x33A8,90,0x00BB67,79,7C,09,40,3,0x057
0x33A7,03,0x00BB68,74,7D,09,40,3,0x058
0x33A6,8F,0x00BB69,33,62,09,40,3,0x059
0x33A5,03,0x00BB6A,7D,7B,09,40,3,0x05A
0x33A3,03,0x00BB6C,70,7B,09,40,3,0x05C
0x33A2,04,0x00BB6D,76,EF,09,40,3,0x05D
0x33A1,86,0x00BB6E,66,7A,09,40,3,0x05E
0x33A0,03,0x00BB6F,6C,8C,09,40,3,0x05F
0x339F,E0,0x00BB70,7B,77,09,40,3,0x060
0x339E,FE,0x00BB71,67,53,09,40,3,0x061
0x339C,0F,0x00BB73,6F,88,09,40,3,0x063
0x339B,0B,0x00BB74,87,28,09,40,3,0x064
0x339A,F0,0x00BB75,72,71,09,40,3,0x065
0x3399,FF,0x00BB76,64,69,09,40,3,0x066
0x3398,05,0x00BB77,A4,69,09,40,3,0x067
0x3397,0F,0x00BB78,64,F1,09,40,3,0x068
0x3396,0A,0x00BB79,61,66,09,40,3,0x069
0x3395,80,0x00BB7A,6B,F0,09,40,3,0x06A
0x3394,09,0x00BB7B,70,64,09,40,3,0x06B
0x3393,F7,0x00BB7C,E7,50,09,40,3,0x06C
0x3392,09,0x00BB7D,62,66,09,40,3,0x06D
0x3391,07,0x00BB7E,DE,62,09,40,3,0x06E
0x3390,04,0x00BB7F,66,4D,09,40,3,0x06F
0x338F,00,0x00BB80,6B,5B,09,40,3,0x070
0x338E,08,0x00BB81,E7,DA,09,40,3,0x071
0x338D,FC,0x00BB82,5D,5C,09,40,3,0x072
0x338C,0B,0x00BB83,E3,5D,09,40,3,0x073
0x338B,0F,0x00BB84,5B,54,09,40,3,0x074
0x338A,00,0x00BB85,17,56,09,40,3,0x075
0x3389,07,0x00BB86,60,75,09,40,3,0x076
0x3388,FD,0x00BB87,74,60,09,40,3,0x077
0x3387,FF,0x00BB88,5E,4C,09,40,3,0x078
0x3386,00,0x00BB89,43,52,09,40,3,0x079
0x3385,FE,0x00BB8A,51,91,09,40,3,0x07A
0x3384,09,0x00BB8B,57,5D,09,40,3,0x07B
0x3383,07,0x00BB8C,51,40,09,40,3,0x07C
0x3382,04,0x00BB8D,59,4E,09,40,3,0x07D
0x3381,8D,0x00BB8E,4C,8D,09,40,3,0x07E
0x3380,03,0x00BB8F,4C,56,09,40,3,0x07F
0x337F,8F,0x00BB90,8B,50,09,40,3,0x080
0x337E,03,0x00BB91,56,4F,09,40,3,0x081
0x337D,07,0x00BB92,46,53,09,40,3,0x082
0x337C,04,0x00BB93,52,09,09,40,3,0x083
0x337B,F0,0x00BB94,C7,47,09,40,3,0x084
0x337A,09,0x00BB95,D2,4E,09,40,3,0x085
0x3379,27,0x00BB96,49,4A,09,40,3,0x086
0x3378,C0,0x00BB97,3D,45,09,40,3,0x087
0x3377,09,0x00BB98,43,4E,09,40,3,0x088
0x3376,01,0x00BB99,62,46,09,40,3,0x089
0x3375,0B,0x00BB9A,32,41,09,40,3,0x08A
0x3374,C0,0x00BB9B,42,46,09,40,3,0x08B
0x3373,09,0x00BB9C,4B,5E,09,40,3,0x08C
0x3372,01,0x00BB9D,37,49,09,40,3,0x08D
0x3371,0B,0x00BB9E,48,4C,09,40,3,0x08E
0x3370,80,0x00BB9F,7C,CE,09,40,3,0x08F
0x336F,FF,0x00BBA0,CE,3F,09,40,3,0x090
0x336E,3F,0x00BBA1,3E,CA,09,40,3,0x091
0x336D,09,0x00BBA2,C9,3D,09,40,3,0x092
0x336C,02,0x00BBA3,3C,31,09,40,3,0x093
0x336B,04,0x00BBA4,34,47,09,40,3,0x094
0x336A,0A,0x00BBA5,40,BD,09,40,3,0x095
0x3369,C0,0x00BBA6,45,39,09,40,3,0x096
0x3368,FF,0x00BBA7,40,65,09,40,3,0x097
0x3367,07,0x00BBA8,14,32,09,40,3,0x098
0x3366,04,0x00BBA9,3C,32,09,40,3,0x099
0x3365,89,0x00BBAA,33,39,09,40,3,0x09A
0x3364,03,0x00BBAB,31,35,09,40,3,0x09B
0x3363,FC,0x00BBAC,F0,3A,09,40,3,0x09C
0x3362,FF,0x00BBAD,3A,1F,09,40,3,0x09D
0x3361,1C,0x00BBAE,31,2D,09,40,3,0x09E
0x3360,94,0x00BBAF,31,32,09,40,3,0x09F
0x335F,03,0x00BBB0,2C,33,09,40,3,0x0A0
0x335E,8F,0x00BBB1,32,2F,09,40,3,0x0A1
0x335D,03,0x00BBB2,26,34,09,40,3,0x0A2
0x335C,F8,0x00BBB3,28,A9,09,40,3,0x0A3
0x335B,0F,0x00BBB4,2F,31,09,40,3,0x0A4
0x335A,86,0x00BBB5,2B,22,09,40,3,0x0A5
0x3359,03,0x00BBB6,22,2F,09,40,3,0x0A6
0x3358,30,0x00BBB7,24,2C,09,40,3,0x0A7
0x3357,FE,0x00BBB8,29,28,09,40,3,0x0A8
0x3356,FF,0x00BBB9,32,2E,09,40,3,0x0A9
0x3355,07,0x00BBBA,2E,02,09,40,3,0x0AA
0x3354,04,0x00BBBB,01,2D,09,40,3,0x0AB
0x3352,F8,0x00BBBD,9F,2A,09,40,3,0x0AD
0x3351,FF,0x00BBBE,28,06,09,40,3,0x0AE
0x3350,05,0x00BBBF,24,1C,09,40,3,0x0AF
0x334F,03,0x00BBC0,20,2B,09,40,3,0x0B0
0x334E,04,0x00BBC1,1B,0B,09,40,3,0x0B1
0x334D,0A,0x00BBC2,21,24,09,40,3,0x0B2
0x334B,09,0x00BBC4,F8,1C,09,40,3,0x0B4
0x334A,FD,0x00BBC5,16,A4,09,40,3,0x0B5
0x3349,FF,0x00BBC6,1B,19,09,40,3,0x0B6
0x3348,05,0x00BBC7,18,A3,09,40,3,0x0B7
0x3347,03,0x00BBC8,18,17,09,40,3,0x0B8
0x3346,04,0x00BBC9,9F,D3,09,40,3,0x0B9
0x3344,08,0x00BBCB,9B,15,09,40,3,0x0BB
0x3343,0C,0x00BBCC,13,90,09,40,3,0x0BC
0x3342,0F,0x00BBCD,CF,18,09,40,3,0x0BD
0x3341,00,0x00BBCE,18,0F,09,40,3,0x0BE
0x3340,07,0x00BBCF,1C,0B,09,40,3,0x0BF
0x333F,FF,0x00BBD0,16,0B,09,40,3,0x0C0
0x333E,05,0x00BBD1,03,1A,09,40,3,0x0C1
0x333D,80,0x00BBD2,09,15,09,40,3,0x0C2
0x333C,0A,0x00BBD3,0F,05,09,40,3,0x0C3
0x333B,07,0x00BBD4,13,07,09,40,3,0x0C4
0x333A,04,0x00BBD5,03,46,09,40,3,0x0C5
0x3339,8D,0x00BBD6,05,12,09,40,3,0x0C6
0x3338,03,0x00BBD7,14,FD,09,40,3,0x0C7
0x3337,90,0x00BBD8,0F,03,09,40,3,0x0C8
0x3336,03,0x00BBD9,FF,12,09,40,3,0x0C9
0x3335,80,0x00BBDA,0B,0E,09,40,3,0x0CA
0x3334,09,0x00BBDB,40,81,09,40,3,0x0CB
0x3333,1F,0x00BBDC,00,FF,09,40,3,0x0CC
0x3332,E0,0x00BBDD,0A,89,09,40,3,0x0CD
0x3330,05,0x00BBDF,F9,7D,09,40,3,0x0CF
0x332E,E0,0x00BBE1,01,7A,09,40,3,0x0D1
0x332D,09,0x00BBE2,FA,90,09,40,3,0x0D2
0x332C,01,0x00BBE3,01,FC,09,40,3,0x0D3
0x332B,0B,0x00BBE4,F4,87,09,40,3,0x0D4
0x332A,C0,0x00BBE5,01,FA,09,40,3,0x0D5
0x3329,FF,0x00BBE6,05,F2,09,40,3,0x0D6
0x3328,1F,0x00BBE7,87,74,09,40,3,0x0D7
0x3327,86,0x00BBE8,F7,7A,09,40,3,0x0D8
0x3326,03,0x00BBE9,82,F6,09,40,3,0x0D9
0x3325,80,0x00BBEA,F5,0A,09,40,3,0x0DA
0x3324,FF,0x00BBEB,EF,FA,09,40,3,0x0DB
0x3323,8A,0x00BBEC,F9,F3,09,40,3,0x0DC
0x3322,03,0x00BBED,F6,F3,09,40,3,0x0DD
0x3321,FE,0x00BBEE,F2,F8,09,40,3,0x0DE
0x3320,FF,0x00BBEF,ED,DD,09,40,3,0x0DF
0x331F,95,0x00BBF0,F3,EB,09,40,3,0x0E0
0x331E,03,0x00BBF1,E3,F0,09,40,3,0x0E1
0x331D,8F,0x00BBF2,F3,F5,09,40,3,0x0E2
0x331C,,0x0BBF3,EC,A9,09,40,3,0x0E3
0x331B,FC,0x00BBF4,EC,E7,09,40,3,0x0E4
0x331A,7F,0x00BBF5,E7,EF,09,40,3,0x0E5
0x3319,86,0x00BBF6,D6,E9,09,40,3,0x0E6
0x3318,03,0x00BBF7,F0,E9,09,40,3,0x0E7
0x3317,18,0x00BBF8,E7,EF,09,40,3,0x0E8
0x3316,09,0x00BBF9,E7,DB,09,40,3,0x0E9
0x3315,03,0x00BBFA,E2,EE,09,40,3,0x0EA
0x3314,04,0x00BBFB,E7,F0,09,40,3,0x0EB
0x3313,0B,0x00BBFC,60,EB,09,40,3,0x0EC
0x3312,F8,0x00BBFD,E8,D3,09,40,3,0x0ED
0x3311,FF,0x00BBFE,E5,DD,09,40,3,0x0EE
0x3310,7F,0x00BBFF,E1,E4,09,40,3,0x0EF
0x330F,0B,0x00BC00,D4,E0,09,40,3,0x0F0
0x330E,E0,0x00BC01,DA,D9,09,40,3,0x0F1
0x330D,FF,0x00BC02,19,E4,09,40,3,0x0F2
0x330C,08,0x00BC03,61,DC,09,40,3,0x0F3
0x330B,01,0x00BC04,DB,DC,09,40,3,0x0F4
0x330A,0B,0x00BC05,97,64,09,40,3,0x0F5
0x3309,80,0x00BC06,E0,D9,09,40,3,0x0F6
0x3308,0C,0x00BC07,DC,64,09,40,3,0x0F7
0x3307,0F,0x00BC08,D8,D7,09,40,3,0x0F8
0x3306,0A,0x00BC09,D3,D6,09,40,3,0x0F9
0x3305,80,0x00BC0A,D9,D6,09,40,3,0x0FA
0x3304,FE,0x00BC0B,D4,D1,09,40,3,0x0FB
0x3303,7F,0x00BC0C,CC,CE,09,40,3,0x0FC
0x3301,0A,0x00BC0E,D3,D1,09,40,3,0x0FE
0x3300,07,0x00BC0F,5A,D1,09,40,3,0x0FF
0x32FF,04,0x00BC10,CF,CA,09,40,3,0x100
0x32FE,8D,0x00BC11,54,C9,09,40,3,0x101
0x32FD,,0x0BC12,CC,D8,09,40,3,0x102
0x32FC,91,0x00BC13,A8,D3,09,40,3,0x103
0x32FB,03,0x00BC14,D1,C3,09,40,3,0x104
0x32FA,FE,0x00BC15,4D,C5,09,40,3,0x105
0x32F9,FF,0x00BC16,CF,E4,09,40,3,0x106
0x32F8,3F,0x00BC17,C0,C4,09,40,3,0x107
0x32F7,E0,0x00BC18,CC,CB,09,40,3,0x108
0x32F6,FF,0x00BC19,41,C0,09,40,3,0x109
0x32F5,05,0x00BC1A,C1,C0,09,40,3,0x10A
0x32F3,E0,0x00BC1C,C8,C3,09,40,3,0x10C
0x32F2,09,0x00BC1D,CD,44,09,40,3,0x10D
0x32F1,0C,0x00BC1E,BD,C0,09,40,3,0x10E
0x32F0,F0,0x00BC1F,C3,FA,09,40,3,0x10F
0x32EF,FF,0x00BC20,B9,45,09,40,3,0x110
0x32EE,0F,0x00BC21,C3,BD,09,40,3,0x111
0x32ED,87,0x00BC22,D8,39,09,40,3,0x112
0x32EC,03,0x00BC23,B8,B7,09,40,3,0x113
0x32EB,3E,0x00BC24,C2,36,09,40,3,0x114
0x32EA,8A,0x00BC25,B9,4C,09,40,3,0x115
0x32E9,03,0x00BC26,B4,B8,09,40,3,0x116
0x32E8,FE,0x00BC27,BB,43,09,40,3,0x117
0x32E7,FF,0x00BC28,B3,B6,09,40,3,0x118
0x32E6,95,0x00BC29,BA,AE,09,40,3,0x119
0x32E5,03,0x00BC2A,AF,B0,09,40,3,0x11A
0x32E4,8F,0x00BC2B,BA,B1,09,40,3,0x11B
0x32E3,03,0x00BC2C,BE,BB,09,40,3,0x11C
0x32E2,FC,0x00BC2D,40,3A,09,40,3,0x11D
0x32E1,FF,0x00BC2E,B0,B6,09,40,3,0x11E
0x32E0,01,0x00BC2F,AC,AF,09,40,3,0x11F
0x32DF,0C,0x00BC30,BA,AF,09,40,3,0x120
0x32DE,8C,0x00BC31,AD,B4,09,40,3,0x121
0x32DD,09,0x00BC32,B3,A1,09,40,3,0x122
0x32DC,,0x0BC33,AB,A7,09,40,3,0x123
0x32DB,,0x0BC34,AB,26,09,40,3,0x124
0x32DA,0B,0x00BC35,A6,B1,09,40,3,0x125
0x32D9,FC,0x00BC36,AC,85,09,40,3,0x126
0x32D7,3F,0x00BC38,A9,AB,09,40,3,0x128
0x32D6,0B,0x00BC39,AB,A2,09,40,3,0x129
0x32D5,,0x0BC3A,91,A9,09,40,3,0x12A
0x32D4,0B,0x00BC3B,9F,9C,09,40,3,0x12B
0x32D3,7F,0x00BC3C,A6,AB,09,40,3,0x12C
0x32D2,0C,0x00BC3D,9F,A5,09,40,3,0x12D
0x32D1,E0,0x00BC3E,9D,A1,09,40,3,0x12E
0x32D0,0C,0x00BC3F,A2,A7,09,40,3,0x12F
0x32CF,07,0x00BC40,8B,97,09,40,3,0x130
0x32CE,04,0x00BC41,A3,99,09,40,3,0x131
0x32CD,0A,0x00BC42,9C,20,09,40,3,0x132
0x32CC,80,0x00BC43,9C,A3,09,40,3,0x133
0x32CB,FF,0x00BC44,97,9A,09,40,3,0x134
0x32CA,7F,0x00BC45,95,9A,09,40,3,0x135
0x32C9,F8,0x00BC46,1E,22,09,40,3,0x136
0x32C7,0F,0x00BC48,73,24,09,40,3,0x138
0x32C6,8D,0x00BC49,9C,95,09,40,3,0x139
0x32C5,03,0x00BC4A,98,89,09,40,3,0x13A
0x32C4,91,0x00BC4B,94,8F,09,40,3,0x13B
0x32C3,03,0x00BC4C,8F,92,09,40,3,0x13C
0x32C2,F8,0x00BC4D,94,92,09,40,3,0x13D
0x32C1,FF,0x00BC4E,90,96,09,40,3,0x13E
0x32C0,3F,0x00BC4F,7C,93,09,40,3,0x13F
0x32BF,F0,0x00BC50,94,8F,09,40,3,0x140
0x32BE,FF,0x00BC51,C9,95,09,40,3,0x141
0x32BD,7F,0x00BC52,16,85,09,40,3,0x142
0x32BC,0C,0x00BC53,8B,87,09,40,3,0x143
0x32BB,E0,0x00BC54,11,A6,09,40,3,0x144
0x32BA,FF,0x00BC55,89,86,09,40,3,0x145
0x32B9,05,0x00BC56,75,8D,09,40,3,0x146
0x32B8,0C,0x00BC57,8E,83,09,40,3,0x147
0x32B7,F8,0x00BC58,64,88,09,40,3,0x148
0x32B6,FF,0x00BC59,8C,83,09,40,3,0x149
0x32B5,07,0x00BC5A,7D,12,09,40,3,0x14A
0x32B4,04,0x00BC5B,89,83,09,40,3,0x14B
0x32B3,00,0x00BC5C,FE,3F,09,40,3,0x14C
0x32B2,12,0x00BC5D,7E,7D,09,40,3,0x14D
0x32B1,03,0x00BC5E,84,FC,09,40,3,0x14E
0x32B0,FF,0x00BC5F,85,12,09,40,3,0x14F
0x32AF,7F,0x00BC60,8A,7E,09,40,3,0x150
0x32AE,95,0x00BC61,7A,09,09,40,3,0x151
0x32AD,03,0x00BC62,80,7C,09,40,3,0x152
0x32AC,8F,0x00BC63,77,76,09,40,3,0x153
0x32AB,03,0x00BC64,7D,76,09,40,3,0x154
0x32AA,FE,0x00BC65,95,7D,09,40,3,0x155
0x32A9,FF,0x00BC66,FF,79,09,40,3,0x156
0x32A8,07,0x00BC67,77,74,09,40,3,0x157
0x32A7,04,0x00BC68,53,7B,09,40,3,0x158
0x32A6,00,0x00BC69,7C,38,09,40,3,0x159
0x32A5,08,0x00BC6A,F0,70,09,40,3,0x15A
0x32A4,C6,0x00BC6B,70,75,09,40,3,0x15B
0x32A3,FF,0x00BC6C,76,70,09,40,3,0x15C
0x32A2,05,0x00BC6D,EE,78,09,40,3,0x15D
0x32A1,01,0x00BC6E,78,65,09,40,3,0x15E
0x32A0,0B,0x00BC6F,7B,6B,09,40,3,0x15F
0x329F,FC,0x00BC70,FD,AA,09,40,3,0x160
0x329E,FF,0x00BC71,6D,75,09,40,3,0x161
0x329D,1F,0x00BC72,69,59,09,40,3,0x162
0x329C,0B,0x00BC73,77,73,09,40,3,0x163
0x329B,F8,0x00BC74,6A,E6,09,40,3,0x164
0x329A,0B,0x00BC75,70,66,09,40,3,0x165
0x3299,3F,0x00BC76,68,6D,09,40,3,0x166
0x3298,0C,0x00BC77,68,63,09,40,3,0x167
0x3297,F8,0x00BC78,63,6A,09,40,3,0x168
0x3296,FF,0x00BC79,68,60,09,40,3,0x169
0x3295,06,0x00BC7A,41,60,09,40,3,0x16A
0x3294,FD,0x00BC7B,5F,67,09,40,3,0x16B
0x3293,FF,0x00BC7C,65,63,09,40,3,0x16C
0x3292,07,0x00BC7D,67,69,09,40,3,0x16D
0x3291,04,0x00BC7E,4D,57,09,40,3,0x16E
0x328F,40,0x00BC80,62,3E,09,40,3,0x170
0x328E,FF,0x00BC81,5A,65,09,40,3,0x171
0x328D,3F,0x00BC82,5F,5C,09,40,3,0x172
0x328C,0B,0x00BC83,D8,5C,09,40,3,0x173
0x328B,0F,0x00BC84,61,E4,09,40,3,0x174
0x328A,8D,0x00BC85,5D,59,09,40,3,0x175
0x3289,03,0x00BC86,59,E6,09,40,3,0x176
0x3288,91,0x00BC87,DF,57,09,40,3,0x177
0x3287,,0x0BC88,56,13,09,40,3,0x178
0x3286,C0,0x00BC89,42,51,09,40,3,0x179
0x3285,,0x0BC8A,50,D4,09,40,3,0x17A
0x3284,3F,0x00BC8B,56,59,09,40,3,0x17B
0x3281,3F,0x00BC8E,4D,58,09,40,3,0x17E
0x3280,0C,0x00BC8F,52,4A,09,40,3,0x17F
0x327F,F0,0x00BC90,4E,4A,09,40,3,0x180
0x327E,,0x0BC91,49,69,09,40,3,0x181
0x327D,05,0x00BC92,4F,54,09,40,3,0x182
0x327C,00,0x00BC93,67,08,09,40,3,0x183
0x327B,08,0x00BC94,D4,46,09,40,3,0x184
0x327A,FE,0x00BC95,49,4B,09,40,3,0x185
0x3279,FF,0x00BC96,CF,D7,09,40,3,0x186
0x3277,04,0x00BC98,3B,03,09,40,3,0x188
0x3276,00,0x00BC99,4C,41,09,40,3,0x189
0x3275,12,0x00BC9A,C0,80,09,40,3,0x18A
0x3274,03,0x00BC9B,4A,D6,09,40,3,0x18B
0x3273,FF,0x00BC9C,3B,42,09,40,3,0x18C
0x3272,7F,0x00BC9D,47,CD,09,40,3,0x18D
0x3271,95,0x00BC9E,7C,40,09,40,3,0x18E
0x3270,03,0x00BC9F,46,45,09,40,3,0x18F
0x326F,8F,0x00BCA0,BB,7A,09,40,3,0x190
0x326E,03,0x00BCA1,43,3A,09,40,3,0x191
0x326D,09,0x00BCA2,3C,41,09,40,3,0x192
0x326C,3F,0x00BCA3,3C,1B,09,40,3,0x193
0x326B,00,0x00BCA4,41,36,09,40,3,0x194
0x326A,08,0x00BCA5,B6,3B,09,40,3,0x195
0x3269,E3,0x00BCA6,34,40,09,40,3,0x196
0x3268,FF,0x00BCA7,3A,2C,09,40,3,0x197
0x3267,05,0x00BCA8,36,32,09,40,3,0x198
0x3266,0C,0x00BCA9,36,71,09,40,3,0x199
0x3265,FC,0x00BCAA,31,3C,09,40,3,0x19A
0x3264,FF,0x00BCAB,3A,28,09,40,3,0x19B
0x3263,1F,0x00BCAC,32,3A,09,40,3,0x19C
0x3262,0B,0x00BCAD,26,4D,09,40,3,0x19D
0x3261,FC,0x00BCAE,37,38,09,40,3,0x19E
0x3260,0B,0x00BCAF,6B,EC,09,40,3,0x19F
0x325F,0F,0x00BCB0,2B,2A,09,40,3,0x1A0
0x325E,00,0x00BCB1,31,30,09,40,3,0x1A1
0x325D,08,0x00BCB2,35,68,09,40,3,0x1A2
0x325C,FC,0x00BCB3,2F,31,09,40,3,0x1A3
0x325B,09,0x00BCB4,2B,2E,09,40,3,0x1A4
0x325A,7F,0x00BCB5,B8,2A,09,40,3,0x1A5
0x3259,FC,0x00BCB6,28,25,09,40,3,0x1A6
0x3258,FF,0x00BCB7,B2,2B,09,40,3,0x1A7
0x3257,,0x0BCB8,26,2C,09,40,3,0x1A8
0x3256,04,0x00BCB9,A2,1F,09,40,3,0x1A9
0x3255,,0x0BCBA,2B,2C,09,40,3,0x1AA
0x3254,C0,0x00BCBB,23,27,09,40,3,0x1AB
0x3252,03,0x00BCBD,1E,AB,09,40,3,0x1AD
0x3251,0F,0x00BCBE,23,20,09,40,3,0x1AE
0x3250,8D,0x00BCBF,18,AE,09,40,3,0x1AF
0x324F,03,0x00BCC0,24,1E,09,40,3,0x1B0
0x324E,92,0x00BCC1,99,19,09,40,3,0x1B1
0x324D,03,0x00BCC2,22,9C,09,40,3,0x1B2
0x324C,FF,0x00BCC3,14,21,09,40,3,0x1B3
0x324B,3F,0x00BCC4,21,1A,09,40,3,0x1B4
0x324A,F8,0x00BCC5,95,1A,09,40,3,0x1B5
0x3249,FF,0x00BCC6,15,20,09,40,3,0x1B6
0x3248,3F,0x00BCC7,1A,12,09,40,3,0x1B7
0x3247,0C,0x00BCC8,0F,12,09,40,3,0x1B8
0x3246,F0,0x00BCC9,1C,21,09,40,3,0x1B9
0x3245,FF,0x00BCCA,14,1C,09,40,3,0x1BA
0x3244,7F,0x00BCCB,14,F0,09,40,3,0x1BB
0x3243,00,0x00BCCC,9A,0E,09,40,3,0x1BC
0x3242,08,0x00BCCD,11,4D,09,40,3,0x1BD
0x3241,FF,0x00BCCE,05,0F,09,40,3,0x1BE
0x3240,05,0x00BCCF,0B,10,09,40,3,0x1BF
0x323F,01,0x00BCD0,11,0B,09,40,3,0x1C0
0x323E,,0x0BCD1,0A,17,09,40,3,0x1C1
0x323D,0D,0x00BCD2,0F,0C,09,40,3,0x1C2
0x323C,,0x0BCD3,0B,09,09,40,3,0x1C3
0x323B,24,0x00BCD4,F7,11,09,40,3,0x1C4
0x323A,0A,0x00BCD5,05,E6,09,40,3,0x1C5
0x3239,80,0x00BCD6,0B,04,09,40,3,0x1C6
0x3238,FF,0x00BCD7,07,43,09,40,3,0x1C7
0x3237,3F,0x00BCD8,07,99,09,40,3,0x1C8
0x3236,95,0x00BCD9,8F,05,09,40,3,0x1C9
0x3235,,0x0BCDA,04,01,09,40,3,0x1CA
0x3234,,0x0BCDB,00,0F,09,40,3,0x1CB
0x3233,0F,0x00BCDC,09,02,09,40,3,0x1CC
0x3232,,0x0BCDD,01,08,09,40,3,0x1CD
0x3231,0A,0x00BCDE,FB,08,09,40,3,0x1CE
0x3230,0B,0x00BCDF,06,7C,09,40,3,0x1CF
0x322F,80,0x00BCE0,3A,DC,09,40,3,0x1D0
0x322E,E1,0x00BCE1,04,F9,09,40,3,0x1D1
0x322D,FF,0x00BCE2,F7,78,09,40,3,0x1D2
0x322C,7F,0x00BCE3,01,03,09,40,3,0x1D3
0x322B,0C,0x00BCE4,36,F3,09,40,3,0x1D4
0x322A,FE,0x00BCE5,00,F5,09,40,3,0x1D5
0x3229,FF,0x00BCE6,B5,14,09,40,3,0x1D6
0x3228,0F,0x00BCE7,FD,FF,09,40,3,0x1D7
0x3227,00,0x00BCE8,F6,EF,09,40,3,0x1D8
0x3226,07,0x00BCE9,F6,FD,09,40,3,0x1D9
0x3225,FE,0x00BCEA,FB,F8,09,40,3,0x1DA
0x3224,FF,0x00BCEB,B0,F4,09,40,3,0x1DB
0x3223,07,0x00BCEC,F8,FA,09,40,3,0x1DC
0x3222,03,0x00BCED,F5,CE,09,40,3,0x1DD
0x3221,,0x0BCEE,F1,EC,09,40,3,0x1DE
0x3220,,0x0BCEF,EC,F2,09,40,3,0x1DF
0x321F,08,0x00BCF0,F6,F9,09,40,3,0x1E0
0x321E,FF,0x00BCF1,ED,F3,09,40,3,0x1E1
0x321D,06,0x00BCF2,E1,EC,09,40,3,0x1E2
0x321C,1B,0x00BCF3,F2,EC,09,40,3,0x1E3
0x321B,FE,0x00BCF4,F6,E7,09,40,3,0x1E4
0x321A,FF,0x00BCF5,F0,ED,09,40,3,0x1E5
0x3219,03,0x00BCF6,65,E2,09,40,3,0x1E6
0x3218,04,0x00BCF7,F0,6A,09,40,3,0x1E7
0x3217,0A,0x00BCF8,F2,E6,09,40,3,0x1E8
0x3216,A0,0x00BCF9,74,E9,09,40,3,0x1E9
0x3215,86,0x00BCFA,E4,E5,09,40,3,0x1EA
0x3214,03,0x00BCFB,6E,6D,09,40,3,0x1EB
0x3212,8D,0x00BCFD,9E,70,09,40,3,0x1ED
0x3211,03,0x00BCFE,E7,E0,09,40,3,0x1EE
0x3210,92,0x00BCFF,DD,D4,09,40,3,0x1EF
0x320F,03,0x00BD00,E4,9C,09,40,3,0x1F0
0x320E,F8,0x00BD01,9A,E3,09,40,3,0x1F1
0x320D,1F,0x00BD02,E3,DA,09,40,3,0x1F2
0x320C,FC,0x00BD03,17,D8,09,40,3,0x1F3
0x320B,FF,0x00BD04,E0,DE,09,40,3,0x1F4
0x320A,1F,0x00BD05,D2,DF,09,40,3,0x1F5
0x3209,0C,0x00BD06,DF,E4,09,40,3,0x1F6
0x3208,F8,0x00BD07,13,DF,09,40,3,0x1F7
0x3207,FF,0x00BD08,DC,C3,09,40,3,0x1F8
0x3206,7F,0x00BD09,CA,D1,09,40,3,0x1F9
0x3205,,0x0BD0A,DC,B0,09,40,3,0x1FA
0x3203,FF,0x00BD0C,5A,5B,09,40,3,0x1FC
0x3201,00,0x00BD0E,C9,0D,09,40,3,0x1FE
0x3200,0E,0x00BD0F,D5,D7,09,40,3,0x1FF
0x31FF,03,0x00BD10,4A,AB,09,40,3,0x200
0x31FE,19,0x00BD11,C9,C8,09,40,3,0x201
0x31FD,0A,0x00BD12,CE,E7,09,40,3,0x202
0x31FC,80,0x00BD13,CA,5D,09,40,3,0x203
0x31FB,FF,0x00BD14,D0,C9,09,40,3,0x204
0x31FA,3F,0x00BD15,44,54,09,40,3,0x205
0x31F9,95,0x00BD16,52,C7,09,40,3,0x206
0x31F8,,0x0BD17,C6,CD,09,40,3,0x207
0x31F7,8F,0x00BD18,C2,C9,09,40,3,0x208
0x31F6,03,0x00BD19,CB,C5,09,40,3,0x209
0x31F5,0A,0x00BD1A,C3,CA,09,40,3,0x20A
0x31F4,07,0x00BD1B,CA,7F,09,40,3,0x20B
0x31F3,04,0x00BD1C,FD,AE,09,40,3,0x20C
0x31F2,,0x0BD1D,C7,BC,09,40,3,0x20D
0x31F1,C0,0x00BD1E,BA,3B,09,40,3,0x20E
0x31F0,F0,0x00BD1F,BA,C6,09,40,3,0x20F
0x31EF,FF,0x00BD20,BF,B6,09,40,3,0x210
0x31EE,7F,0x00BD21,C8,B8,09,40,3,0x211
0x31ED,0C,0x00BD22,C2,D7,09,40,3,0x212
0x31EC,FE,0x00BD23,77,B7,09,40,3,0x213
0x31EB,FF,0x00BD24,BF,BD,09,40,3,0x214
0x31EA,0F,0x00BD25,B6,B3,09,40,3,0x215
0x31E9,00,0x00BD26,BE,B3,09,40,3,0x216
0x31E8,07,0x00BD27,93,BA,09,40,3,0x217
0x31E7,FF,0x00BD28,BB,B3,09,40,3,0x218
0x31E6,08,0x00BD29,B8,BC,09,40,3,0x219
0x31E5,0C,0x00BD2A,B4,A8,09,40,3,0x21A
0x31E4,80,0x00BD2B,38,B8,09,40,3,0x21B
0x31E3,FF,0x00BD2C,B1,6D,09,40,3,0x21C
0x31E2,06,0x00BD2D,6D,B0,09,40,3,0x21D
0x31E1,06,0x00BD2E,CB,B0,09,40,3,0x21E
0x31E0,04,0x00BD2F,A3,B4,09,40,3,0x21F
0x31DF,FE,0x00BD30,B4,AD,09,40,3,0x220
0x31DE,FF,0x00BD31,C8,AD,09,40,3,0x221
0x31DC,04,0x00BD33,67,27,09,40,3,0x223
0x31DB,0A,0x00BD34,A5,A4,09,40,3,0x224
0x31DA,E0,0x00BD35,AD,2B,09,40,3,0x225
0x31D8,03,0x00BD37,A7,AA,09,40,3,0x227
0x31D7,0F,0x00BD38,34,A6,09,40,3,0x228
0x31D6,8D,0x00BD39,A4,2E,09,40,3,0x229
0x31D5,03,0x00BD3A,2E,A3,09,40,3,0x22A
0x31D4,92,0x00BD3B,A2,31,09,40,3,0x22B
0x31D3,03,0x00BD3C,5E,A1,09,40,3,0x22C
0x31D2,E0,0x00BD3D,A7,7D,09,40,3,0x22D
0x31D1,1F,0x00BD3E,9D,7D,09,40,3,0x22E
0x31D0,FE,0x00BD3F,9B,9A,09,40,3,0x22F
0x31CE,0F,0x00BD41,89,99,09,40,3,0x231
0x31CD,0C,0x00BD42,A2,A0,09,40,3,0x232
0x31CC,F8,0x00BD43,D6,A0,09,40,3,0x233
0x31CB,FF,0x00BD44,9F,9D,09,40,3,0x234
0x31CA,3F,0x00BD45,93,99,09,40,3,0x235
0x31C9,0B,0x00BD46,9E,9F,09,40,3,0x236
0x31C8,E0,0x00BD47,B2,8F,09,40,3,0x237
0x31C7,FF,0x00BD48,9B,91,09,40,3,0x238
0x31C6,7F,0x00BD49,89,96,09,40,3,0x239
0x31C5,8D,0x00BD4A,9B,90,09,40,3,0x23A
0x31C4,03,0x00BD4B,90,9C,09,40,3,0x23B
0x31C3,40,0x00BD4C,19,91,09,40,3,0x23C
0x31C2,1E,0x00BD4D,90,9D,09,40,3,0x23D
0x31C1,0A,0x00BD4E,8A,8D,09,40,3,0x23E
0x31C0,C0,0x00BD4F,94,95,09,40,3,0x23F
0x31BF,FF,0x00BD50,C9,7A,09,40,3,0x240
0x31BE,1F,0x00BD51,89,88,09,40,3,0x241
0x31BD,95,0x00BD52,90,A7,09,40,3,0x242
0x31BC,03,0x00BD53,73,1D,09,40,3,0x243
0x31BB,8E,0x00BD54,90,89,09,40,3,0x244
0x31BA,03,0x00BD55,C4,13,09,40,3,0x245
0x31B9,80,0x00BD56,12,87,09,40,3,0x246
0x31B8,0A,0x00BD57,86,03,09,40,3,0x247
0x31B7,1F,0x00BD58,0B,8C,09,40,3,0x248
0x31B6,0A,0x00BD59,84,A0,09,40,3,0x249
0x31B5,60,0x00BD5A,00,8A,09,40,3,0x24A
0x31B4,F8,0x00BD5B,8A,DF,09,40,3,0x24B
0x31B3,FF,0x00BD5C,8D,76,09,40,3,0x24C
0x31B2,3F,0x00BD5D,7D,7C,09,40,3,0x24D
0x31B1,0C,0x00BD5E,82,BB,09,40,3,0x24E
0x31B0,09,0x00BD5F,7A,86,09,40,3,0x24F
0x31AF,0F,0x00BD60,80,78,09,40,3,0x250
0x31AE,0A,0x00BD61,7C,78,09,40,3,0x251
0x31AD,80,0x00BD62,7C,97,09,40,3,0x252
0x31AC,0B,0x00BD63,81,77,09,40,3,0x253
0x31AB,7F,0x00BD64,66,7D,09,40,3,0x254
0x31AA,0C,0x00BD65,7E,74,09,40,3,0x255
0x31A9,E0,0x00BD66,75,7C,09,40,3,0x256
0x31A8,09,0x00BD67,7D,73,09,40,3,0x257
0x31A7,BF,0x00BD68,52,7A,09,40,3,0x258
0x31A6,01,0x00BD69,7A,6F,09,40,3,0x259
0x31A5,09,0x00BD6A,8F,6F,09,40,3,0x25A
0x31A4,01,0x00BD6B,F8,74,09,40,3,0x25B
0x31A3,0A,0x00BD6C,71,5D,09,40,3,0x25C
0x31A2,D0,0x00BD6D,5D,ED,09,40,3,0x25D
0x31A1,86,0x00BD6E,8B,75,09,40,3,0x25E
0x31A0,03,0x00BD6F,63,6C,09,40,3,0x25F
0x319E,8D,0x00BD71,88,E9,09,40,3,0x261
0x319D,03,0x00BD72,72,66,09,40,3,0x262
0x319C,92,0x00BD73,47,ED,09,40,3,0x263
0x319B,03,0x00BD74,65,69,09,40,3,0x264
0x319A,C0,0x00BD75,6D,6C,09,40,3,0x265
0x3199,0F,0x00BD76,F7,68,09,40,3,0x266
0x3198,FE,0x00BD77,66,F0,09,40,3,0x267
0x3197,FF,0x00BD78,F0,65,09,40,3,0x268
0x3196,0F,0x00BD79,64,F3,09,40,3,0x269
0x3195,0C,0x00BD7A,50,63,09,40,3,0x26A
0x3194,FC,0x00BD7B,5E,1F,09,40,3,0x26B
0x3193,FF,0x00BD7C,64,3E,09,40,3,0x26C
0x3192,3F,0x00BD7D,5D,5C,09,40,3,0x26D
0x3191,0B,0x00BD7E,62,61,09,40,3,0x26E
0x3190,E0,0x00BD7F,57,66,09,40,3,0x26F
0x318F,FF,0x00BD80,64,DA,09,40,3,0x270
0x318E,3F,0x00BD81,68,62,09,40,3,0x271
0x318D,0B,0x00BD82,61,5F,09,40,3,0x272
0x318C,60,0x00BD83,55,5B,09,40,3,0x273
0x318B,88,0x00BD84,60,61,09,40,3,0x274
0x318A,03,0x00BD85,74,51,09,40,3,0x275
0x3189,90,0x00BD86,5D,53,09,40,3,0x276
0x3188,1F,0x00BD87,33,D2,09,40,3,0x277
0x3187,0A,0x00BD88,5D,52,09,40,3,0x278
0x3186,C0,0x00BD89,52,5E,09,40,3,0x279
0x3185,FF,0x00BD8A,50,53,09,40,3,0x27A
0x3184,1F,0x00BD8B,5A,13,09,40,3,0x27B
0x3183,95,0x00BD8C,51,59,09,40,3,0x27C
0x3182,03,0x00BD8D,57,3D,09,40,3,0x27D
0x3181,8F,0x00BD8E,6B,4B,09,40,3,0x27E
0x3180,03,0x00BD8F,4B,5A,09,40,3,0x27F
0x317F,0A,0x00BD90,52,E0,09,40,3,0x280
0x317E,3F,0x00BD91,54,4C,09,40,3,0x281
0x317D,0A,0x00BD92,67,D7,09,40,3,0x282
0x317C,30,0x00BD93,D5,4A,09,40,3,0x283
0x317B,FC,0x00BD94,49,50,09,40,3,0x284
0x317A,FF,0x00BD95,CE,84,09,40,3,0x285
0x3179,3F,0x00BD96,47,4E,09,40,3,0x286
0x3178,00,0x00BD97,03,73,09,40,3,0x287
0x3177,08,0x00BD98,4D,3E,09,40,3,0x288
0x3176,09,0x00BD99,50,40,09,40,3,0x289
0x3175,07,0x00BD9A,40,7F,09,40,3,0x28A
0x3174,04,0x00BD9B,45,4A,09,40,3,0x28B
0x3173,0A,0x00BD9C,3D,3C,09,40,3,0x28C
0x3172,C0,0x00BD9D,42,3C,09,40,3,0x28D
0x3171,0B,0x00BD9E,5B,4B,09,40,3,0x28E
0x3170,1F,0x00BD9F,46,45,09,40,3,0x28F
0x316F,0C,0x00BDA0,2A,BA,09,40,3,0x290
0x316E,F0,0x00BDA1,38,44,09,40,3,0x291
0x316D,09,0x00BDA2,3D,77,09,40,3,0x292
0x316C,6F,0x00BDA3,42,37,09,40,3,0x293
0x316B,00,0x00BDA4,26,3E,09,40,3,0x294
0x316A,,0x0BDA5,3E,34,09,40,3,0x295
0x3169,01,0x00BDA6,73,3A,09,40,3,0x296
0x3168,0A,0x00BDA7,33,6E,09,40,3,0x297
0x3167,F0,0x00BDA8,3B,B2,09,40,3,0x298
0x3166,86,0x00BDA9,34,3A,09,40,3,0x299
0x3165,03,0x00BDAA,2C,31,09,40,3,0x29A
0x3164,,0x0BDAB,3E,39,09,40,3,0x29B
0x3163,8D,0x00BDAC,26,6E,09,40,3,0x29C
0x3162,03,0x00BDAD,37,B4,09,40,3,0x29D
0x3161,93,0x00BDAE,3B,2F,09,40,3,0x29E
0x3160,03,0x00BDAF,35,32,09,40,3,0x29F
0x315F,07,0x00BDB0,0A,2E,09,40,3,0x2A0
0x315E,04,0x00BDB1,34,B6,09,40,3,0x2A1
0x315D,09,0x00BDB2,67,2B,09,40,3,0x2A2
0x315A,0C,0x00BDB5,B3,15,09,40,3,0x2A5
0x3159,FC,0x00BDB6,27,23,09,40,3,0x2A6
0x3158,FF,0x00BDB7,13,A2,09,40,3,0x2A7
0x3157,1F,0x00BDB8,21,2D,09,40,3,0x2A8
0x3156,0B,0x00BDB9,27,A1,09,40,3,0x2A9
0x3154,FF,0x00BDBB,FF,22,09,40,3,0x2AB
0x3153,1F,0x00BDBC,29,22,09,40,3,0x2AC
0x3152,0B,0x00BDBD,2C,28,09,40,3,0x2AD
0x3151,78,0x00BDBE,1C,1A,09,40,3,0x2AE
0x3150,00,0x00BDBF,20,1A,09,40,3,0x2AF
0x314F,08,0x00BDC0,25,59,09,40,3,0x2B0
0x314E,03,0x00BDC1,28,A5,09,40,3,0x2B1
0x314D,E4,0x00BDC2,21,1B,09,40,3,0x2B2
0x314C,0F,0x00BDC3,D7,97,09,40,3,0x2B3
0x314B,0A,0x00BDC4,21,07,09,40,3,0x2B4
0x314A,E0,0x00BDC5,16,20,09,40,3,0x2B5
0x3149,FF,0x00BDC6,14,0C,09,40,3,0x2B6
0x3148,1F,0x00BDC7,1E,12,09,40,3,0x2B7
0x3147,95,0x00BDC8,15,21,09,40,3,0x2B8
0x3146,03,0x00BDC9,1B,A7,09,40,3,0x2B9
0x3145,8F,0x00BDCA,2F,13,09,40,3,0x2BA
0x3144,03,0x00BDCB,1A,9E,09,40,3,0x2BB
0x3143,FE,0x00BDCC,CE,11,09,40,3,0x2BC
0x3142,0A,0x00BDCD,18,0B,09,40,3,0x2BD
0x3141,0A,0x00BDCE,13,16,09,40,3,0x2BE
0x3140,18,0x00BDCF,0F,15,09,40,3,0x2BF
0x313F,FC,0x00BDD0,98,22,09,40,3,0x2C0
0x313E,FF,0x00BDD1,0C,05,09,40,3,0x2C1
0x313D,1F,0x00BDD2,91,07,09,40,3,0x2C2
0x313C,00,0x00BDD3,0A,26,09,40,3,0x2C3
0x313B,08,0x00BDD4,C6,11,09,40,3,0x2C4
0x313A,09,0x00BDD5,10,03,09,40,3,0x2C5
0x3139,,0x0BDD6,0B,03,09,40,3,0x2C6
0x3138,,0x0BDD7,07,12,09,40,3,0x2C7
0x3137,0A,0x00BDD8,0B,0C,09,40,3,0x2C8
0x3136,E0,0x00BDD9,81,C1,09,40,3,0x2C9
0x3135,0B,0x00BDDA,FF,0B,09,40,3,0x2CA
0x3134,07,0x00BDDB,04,0E,09,40,3,0x2CB
0x3133,04,0x00BDDC,05,09,09,40,3,0x2CC
0x3132,00,0x00BDDD,01,BD,09,40,3,0x2CD
0x3131,08,0x00BDDE,07,05,09,40,3,0x2CE
0x3130,FC,0x00BDDF,F3,7A,09,40,3,0x2CF
0x312F,,0x0BDE0,F9,08,09,40,3,0x2D0
0x312E,,0x0BDE1,FE,B9,09,40,3,0x2D1
0x312D,1B,0x00BDE2,03,01,09,40,3,0x2D2
0x312C,00,0x00BDE3,E7,F8,09,40,3,0x2D3
0x312B,,0x0BDE4,FF,00,09,40,3,0x2D4
0x312A,01,0x00BDE5,34,35,09,40,3,0x2D5
0x3129,0A,0x00BDE6,F4,7B,09,40,3,0x2D6
0x3128,E8,0x00BDE7,FC,F6,09,40,3,0x2D7
0x3127,86,0x00BDE8,F5,F9,09,40,3,0x2D8
0x3126,03,0x00BDE9,EF,F5,09,40,3,0x2D9
0x3125,1F,0x00BDEA,F7,7D,09,40,3,0x2DA
0x3124,8D,0x00BDEB,F3,F2,09,40,3,0x2DB
0x3123,03,0x00BDEC,DE,81,09,40,3,0x2DC
0x3122,93,0x00BDED,F7,F0,09,40,3,0x2DD
0x3121,03,0x00BDEE,FB,DC,09,40,3,0x2DE
0x3120,04,0x00BDEF,F5,EA,09,40,3,0x2DF
0x311F,04,0x00BDF0,DA,29,09,40,3,0x2E0
0x311D,03,0x00BDF2,27,A8,09,40,3,0x2E2
0x311C,04,0x00BDF3,7A,F0,09,40,3,0x2E3
0x311A,FE,0x00BDF5,73,E9,09,40,3,0x2E5
0x3119,FF,0x00BDF6,E7,EF,09,40,3,0x2E6
0x3118,1F,0x00BDF7,DB,EC,09,40,3,0x2E7
0x3117,0B,0x00BDF8,EB,01,09,40,3,0x2E8
0x3116,F8,0x00BDF9,60,EC,09,40,3,0x2E9
0x3115,FF,0x00BDFA,E0,E8,09,40,3,0x2EA
0x3114,0F,0x00BDFB,E4,E3,09,40,3,0x2EB
0x3113,00,0x00BDFC,D6,65,09,40,3,0x2EC
0x3112,07,0x00BDFD,E8,E0,09,40,3,0x2ED
0x3111,7C,0x00BDFE,E3,3C,09,40,3,0x2EE
0x3110,00,0x00BDFF,DF,59,09,40,3,0x2EF
0x310F,08,0x00BE00,DA,E5,09,40,3,0x2F0
0x310E,03,0x00BE01,DE,D1,09,40,3,0x2F1
0x310D,FB,0x00BE02,E3,D7,09,40,3,0x2F2
0x310C,,0x0BE03,E6,DE,09,40,3,0x2F3
0x310B,0A,0x00BE04,DF,DA,09,40,3,0x2F4
0x310A,E0,0x00BE05,95,E1,09,40,3,0x2F5
0x3109,FF,0x00BE06,DF,54,09,40,3,0x2F6
0x3108,0F,0x00BE07,D4,D6,09,40,3,0x2F7
0x3107,00,0x00BE08,5C,D6,09,40,3,0x2F8
0x3106,08,0x00BE09,D4,60,09,40,3,0x2F9
0x3105,1C,0x00BE0A,50,D3,09,40,3,0x2FA
0x3104,8F,0x00BE0B,D9,5E,09,40,3,0x2FB
0x3103,03,0x00BE0C,DD,D1,09,40,3,0x2FC
0x3102,8F,0x00BE0D,D8,C9,09,40,3,0x2FD
0x3101,03,0x00BE0E,8C,D6,09,40,3,0x2FE
0x3100,FC,0x00BE0F,D6,CE,09,40,3,0x2FF
0x30FF,0A,0x00BE10,CD,CE,09,40,3,0x300
0x30FE,03,0x00BE11,CC,D1,09,40,3,0x301
0x30FD,04,0x00BE12,55,D3,09,40,3,0x302
0x30FC,09,0x00BE13,C9,CA,09,40,3,0x303
0x30FB,0C,0x00BE14,4E,C3,09,40,3,0x304
0x30FA,04,0x00BE15,C7,C3,09,40,3,0x305
0x30F9,FE,0x00BE16,A3,D2,09,40,3,0x306
0x30F8,FF,0x00BE17,CD,C2,09,40,3,0x307
0x30F6,0B,0x00BE19,C4,C9,09,40,3,0x309
0x30F5,80,0x00BE1A,C8,C6,09,40,3,0x30A
0x30F4,09,0x00BE1B,3E,C2,09,40,3,0x30B
0x30F3,03,0x00BE1C,BC,C7,09,40,3,0x30C
0x30F2,04,0x00BE1D,BF,9C,09,40,3,0x30D
0x30F1,0A,0x00BE1E,BF,C6,09,40,3,0x30E
0x30F0,F0,0x00BE1F,C6,C1,09,40,3,0x30F
0x30EF,FF,0x00BE20,B1,BD,09,40,3,0x310
0x30EE,07,0x00BE21,B7,C3,09,40,3,0x311
0x30ED,03,0x00BE22,F6,97,09,40,3,0x312
0x30EC,04,0x00BE23,C1,BF,09,40,3,0x313
0x30EB,00,0x00BE24,AD,54,09,40,3,0x314
0x30EA,08,0x00BE25,BD,B5,09,40,3,0x315
0x30E9,FE,0x00BE26,D2,73,09,40,3,0x316
0x30E8,FF,0x00BE27,3A,B1,09,40,3,0x317
0x30E7,05,0x00BE28,B4,B6,09,40,3,0x318
0x30E6,04,0x00BE29,30,BB,09,40,3,0x319
0x30E5,04,0x00BE2A,AE,4F,09,40,3,0x31A
0x30E4,80,0x00BE2B,B1,B9,09,40,3,0x31B
0x30E3,FF,0x00BE2C,B1,2C,09,40,3,0x31C
0x30E2,05,0x00BE2D,9C,A4,09,40,3,0x31D
0x30E1,0B,0x00BE2E,B5,AA,09,40,3,0x31E
0x30E0,F8,0x00BE2F,E9,B9,09,40,3,0x31F
0x30DF,FF,0x00BE30,B3,36,09,40,3,0x320
0x30DE,07,0x00BE31,A0,AB,09,40,3,0x321
0x30DD,E3,0x00BE32,B2,3A,09,40,3,0x322
0x30DC,FF,0x00BE33,E5,A9,09,40,3,0x323
0x30DB,1F,0x00BE34,38,95,09,40,3,0x324
0x30DA,8D,0x00BE35,A7,A3,09,40,3,0x325
0x30D9,03,0x00BE36,31,E2,09,40,3,0x326
0x30D8,93,0x00BE37,A5,AD,09,40,3,0x327
0x30D7,03,0x00BE38,99,61,09,40,3,0x328
0x30D5,FF,0x00BE3A,1E,A0,09,40,3,0x32A
0x30D3,01,0x00BE3C,A2,A4,09,40,3,0x32C
0x30D2,,0x0BE3D,A8,A5,09,40,3,0x32D
0x30D1,FE,0x00BE3E,A2,AA,09,40,3,0x32E
0x30D0,FF,0x00BE3F,9E,9A,09,40,3,0x32F
0x30CF,0F,0x00BE40,99,D9,09,40,3,0x330
0x30CE,0B,0x00BE41,58,98,09,40,3,0x331
0x30CD,F8,0x00BE42,A2,9C,09,40,3,0x332
0x30CC,FF,0x00BE43,9D,A4,09,40,3,0x333
0x30CB,07,0x00BE44,99,95,09,40,3,0x334
0x30CA,04,0x00BE45,9D,9B,09,40,3,0x335
0x30C9,00,0x00BE46,73,96,09,40,3,0x336
0x30C8,20,0x00BE47,91,2A,09,40,3,0x337
0x30C7,00,0x00BE48,98,10,09,40,3,0x338
0x30C6,05,0x00BE49,1B,9B,09,40,3,0x339
0x30C5,7F,0x00BE4A,92,8B,09,40,3,0x33A
0x30C4,87,0x00BE4B,4E,8D,09,40,3,0x33B
0x30C3,03,0x00BE4C,97,94,09,40,3,0x33C
0x30C2,C0,0x00BE4D,93,90,09,40,3,0x33D
0x30C1,FE,0x00BE4E,8F,8B,09,40,3,0x33E
0x30C0,0F,0x00BE4F,95,92,09,40,3,0x33F
0x30BF,0A,0x00BE50,49,79,09,40,3,0x340
0x30BE,F0,0x00BE51,87,89,09,40,3,0x341
0x30BD,FF,0x00BE52,8E,16,09,40,3,0x342
0x30BC,0F,0x00BE53,87,89,09,40,3,0x343
0x30BB,0B,0x00BE54,13,14,09,40,3,0x344
0x30B9,1F,0x00BE56,0C,7B,09,40,3,0x346
0x30B8,8F,0x00BE57,85,8C,09,40,3,0x347
0x30B7,03,0x00BE58,7D,90,09,40,3,0x348
0x30B6,8F,0x00BE59,7F,80,09,40,3,0x349
0x30B5,03,0x00BE5A,86,84,09,40,3,0x34A
0x30B4,F8,0x00BE5B,81,84,09,40,3,0x34B
0x30B1,00,0x00BE5E,3B,82,09,40,3,0x34E
0x30B0,05,0x00BE5F,7B,7E,09,40,3,0x34F
0x30AF,06,0x00BE60,FF,79,09,40,3,0x350
0x30AE,04,0x00BE61,7B,7F,09,40,3,0x351
0x30AD,09,0x00BE62,73,80,09,40,3,0x352
0x30AC,07,0x00BE63,75,7D,09,40,3,0x353
0x30AB,04,0x00BE64,B4,79,09,40,3,0x354
0x30AA,,0x0BE65,7F,7E,09,40,3,0x355
0x30A9,80,0x00BE66,6F,63,09,40,3,0x356
0x30A8,,0x0BE67,7B,71,09,40,3,0x357
0x30A7,03,0x00BE68,90,30,09,40,3,0x358
0x30A6,04,0x00BE69,7C,6F,09,40,3,0x359
0x30A5,0A,0x00BE6A,2F,74,09,40,3,0x35A
0x30A4,F8,0x00BE6B,7D,6F,09,40,3,0x35B
0x30A3,FF,0x00BE6C,6D,78,09,40,3,0x35C
0x30A2,DF,0x00BE6D,4C,64,09,40,3,0x35D
0x30A0,05,0x00BE6F,6B,6F,09,40,3,0x35F
0x309F,0C,0x00BE70,49,D0,09,40,3,0x360
0x309E,80,0x00BE71,72,68,09,40,3,0x361
0x309D,09,0x00BE72,76,47,09,40,3,0x362
0x309C,3F,0x00BE73,70,65,09,40,3,0x363
0x309B,01,0x00BE74,61,6A,09,40,3,0x364
0x3099,FF,0x00BE76,82,43,09,40,3,0x366
0x3098,05,0x00BE77,F5,61,09,40,3,0x367
0x3097,0B,0x00BE78,64,68,09,40,3,0x368
0x3096,F4,0x00BE79,60,6F,09,40,3,0x369
0x3095,0A,0x00BE7A,6D,57,09,40,3,0x36A
0x3094,7F,0x00BE7B,61,5D,09,40,3,0x36B
0x3093,E0,0x00BE7C,59,6C,09,40,3,0x36C
0x3092,FF,0x00BE7D,65,E9,09,40,3,0x36D
0x3091,1F,0x00BE7E,9A,5E,09,40,3,0x36E
0x3090,8D,0x00BE7F,5A,ED,09,40,3,0x36F
0x308F,03,0x00BE80,19,5C,09,40,3,0x370
0x308E,93,0x00BE81,64,18,09,40,3,0x371
0x308D,,0x0BE82,5A,56,09,40,3,0x372
0x308C,C0,0x00BE83,5A,75,09,40,3,0x373
0x308B,FF,0x00BE84,55,60,09,40,3,0x374
0x308A,05,0x00BE85,14,34,09,40,3,0x375
0x3089,0C,0x00BE86,5E,5C,09,40,3,0x376
0x3088,00,0x00BE87,55,53,09,40,3,0x377
0x3087,09,0x00BE88,55,51,09,40,3,0x378
0x3086,0F,0x00BE89,59,57,09,40,3,0x379
0x3085,0B,0x00BE8A,2F,58,09,40,3,0x37A
0x3084,F8,0x00BE8B,4D,55,09,40,3,0x37B
0x3083,FF,0x00BE8C,54,51,09,40,3,0x37C
0x3082,03,0x00BE8D,D7,4C,09,40,3,0x37D
0x3081,04,0x00BE8E,4E,87,09,40,3,0x37E
0x3080,00,0x00BE8F,3A,4A,09,40,3,0x37F
0x307F,1E,0x00BE90,53,4E,09,40,3,0x380
0x307E,00,0x00BE91,4B,57,09,40,3,0x381
0x307D,80,0x00BE92,4B,47,09,40,3,0x382
0x307C,7F,0x00BE93,51,4D,09,40,3,0x383
0x307B,87,0x00BE94,25,48,09,40,3,0x384
0x307A,03,0x00BE95,43,2A,09,40,3,0x385
0x3079,B0,0x00BE96,4A,C2,09,40,3,0x386
0x3078,FF,0x00BE97,D1,4D,09,40,3,0x387
0x3077,07,0x00BE98,44,3D,09,40,3,0x388
0x3076,04,0x00BE99,40,3F,09,40,3,0x389
0x3075,0A,0x00BE9A,48,42,09,40,3,0x38A
0x3074,F0,0x00BE9B,41,42,09,40,3,0x38B
0x3073,FF,0x00BE9C,3B,49,09,40,3,0x38C
0x3071,04,0x00BE9E,42,CB,09,40,3,0x38E
0x3070,0B,0x00BE9F,3B,3D,09,40,3,0x38F
0x306F,F8,0x00BEA0,C3,C8,09,40,3,0x390
0x306D,8F,0x00BEA2,33,27,09,40,3,0x392
0x306C,03,0x00BEA3,35,40,09,40,3,0x393
0x306B,8F,0x00BEA4,54,74,09,40,3,0x394
0x306A,03,0x00BEA5,3F,34,09,40,3,0x395
0x3069,F0,0x00BEA6,2F,38,09,40,3,0x396
0x3068,0A,0x00BEA7,3B,B3,09,40,3,0x397
0x3067,3F,0x00BEA8,50,3A,09,40,3,0x398
0x3066,00,0x00BEA9,3C,33,09,40,3,0x399
0x3065,05,0x00BEAA,0F,33,09,40,3,0x39A
0x3064,81,0x00BEAB,4D,38,09,40,3,0x39B
0x3063,09,0x00BEAC,2D,AD,09,40,3,0x39C
0x3062,03,0x00BEAD,24,35,09,40,3,0x39D
0x3061,04,0x00BEAE,2A,2E,09,40,3,0x39E
0x3060,0B,0x00BEAF,2B,2E,09,40,3,0x39F
0x305F,C0,0x00BEB0,09,33,09,40,3,0x3A0
0x305E,09,0x00BEB1,32,20,09,40,3,0x3A1
0x305D,01,0x00BEB2,2E,26,09,40,3,0x3A2
0x305C,0A,0x00BEB3,2A,E9,09,40,3,0x3A3
0x305B,FC,0x00BEB4,2F,24,09,40,3,0x3A4
0x305A,FF,0x00BEB5,22,29,09,40,3,0x3A5
0x3059,E1,0x00BEB6,2E,2F,09,40,3,0x3A6
0x3058,FF,0x00BEB7,31,1E,09,40,3,0x3A7
0x3057,7F,0x00BEB8,B4,20,09,40,3,0x3A8
0x3056,0C,0x00BEB9,23,25,09,40,3,0x3A9
0x3055,C0,0x00BEBA,1F,38,09,40,3,0x3AA
0x3054,09,0x00BEBB,2C,1E,09,40,3,0x3AB
0x3053,4F,0x00BEBC,20,FD,09,40,3,0x3AC
0x3052,00,0x00BEBD,1A,1B,09,40,3,0x3AD
0x3051,C0,0x00BEBE,24,9A,09,40,3,0x3AE
0x3050,FF,0x00BEBF,39,25,09,40,3,0x3AF
0x304F,7F,0x00BEC0,19,E9,09,40,3,0x3B0
0x304E,0B,0x00BEC1,16,17,09,40,3,0x3B1
0x304D,FC,0x00BEC2,23,1E,09,40,3,0x3B2
0x304C,FF,0x00BEC3,19,16,09,40,3,0x3B3
0x304B,06,0x00BEC4,19,0D,09,40,3,0x3B4
0x304A,07,0x00BEC5,14,13,09,40,3,0x3B5
0x3049,04,0x00BEC6,F3,22,09,40,3,0x3B6
0x3048,E0,0x00BEC7,1D,9F,09,40,3,0x3B7
0x3046,1F,0x00BEC9,14,A4,09,40,3,0x3B9
0x3045,8D,0x00BECA,18,12,09,40,3,0x3BA
0x3044,03,0x00BECB,EE,0D,09,40,3,0x3BB
0x3043,94,0x00BECC,17,1C,09,40,3,0x3BC
0x3042,03,0x00BECD,8B,17,09,40,3,0x3BD
0x3041,FF,0x00BECE,96,EB,09,40,3,0x3BE
0x3040,7F,0x00BECF,0D,13,09,40,3,0x3BF
0x303F,0C,0x00BED0,01,14,09,40,3,0x3C0
0x303E,00,0x00BED1,12,88,09,40,3,0x3C1
0x303D,09,0x00BED2,08,10,09,40,3,0x3C2
0x303C,07,0x00BED3,11,09,09,40,3,0x3C3
0x303B,04,0x00BED4,F5,09,09,40,3,0x3C4
0x303A,0B,0x00BED5,0E,E4,09,40,3,0x3C5
0x3039,FC,0x00BED6,82,22,09,40,3,0x3C6
0x3038,FF,0x00BED7,91,02,09,40,3,0x3C7
0x3037,01,0x00BED8,04,C1,09,40,3,0x3C8
0x3036,F0,0x00BED9,00,07,09,40,3,0x3C9
0x3035,0F,0x00BEDA,08,03,09,40,3,0x3CA
0x3034,00,0x00BEDB,01,84,09,40,3,0x3CB
0x3033,E0,0x00BEDC,08,00,09,40,3,0x3CC
0x3032,,0x0BEDD,3B,7C,09,40,3,0x3CD
0x3031,87,0x00BEDE,FB,F6,09,40,3,0x3CE
0x3030,03,0x00BEDF,05,39,09,40,3,0x3CF
0x302F,EC,0x00BEE0,FC,04,09,40,3,0x3D0
0x302C,04,0x00BEE3,15,F9,09,40,3,0x3D3
0x302B,0A,0x00BEE4,00,F9,09,40,3,0x3D4
0x302A,F0,0x00BEE5,F0,FF,09,40,3,0x3D5
0x3029,FF,0x00BEE6,FC,B3,09,40,3,0x3D6
0x3028,07,0x00BEE7,01,F9,09,40,3,0x3D7
0x3027,04,0x00BEE8,F1,F5,09,40,3,0x3D8
0x3026,0B,0x00BEE9,F8,80,09,40,3,0x3D9
0x3025,,0x0BEEA,DF,F2,09,40,3,0x3DA
0x3024,90,0x00BEEB,0D,7D,09,40,3,0x3DB
0x3023,03,0x00BEEC,ED,F0,09,40,3,0x3DC
0x3022,8F,0x00BEED,F5,AC,09,40,3,0x3DD
0x3021,03,0x00BEEE,EB,F6,09,40,3,0x3DE
0x3020,C0,0x00BEEF,CA,EA,09,40,3,0x3DF
0x301F,0B,0x00BEF0,F3,69,09,40,3,0x3E0
0x301E,00,0x00BEF1,EF,ED,09,40,3,0x3E1
0x301D,80,0x00BEF2,EB,F0,09,40,3,0x3E2
0x301C,05,0x00BEF3,F0,E9,09,40,3,0x3E3
0x301B,09,0x00BEF4,E3,E9,09,40,3,0x3E4
0x301A,03,0x00BEF5,EF,EE,09,40,3,0x3E5
0x3019,04,0x00BEF6,EA,63,09,40,3,0x3E6
0x3018,0B,0x00BEF7,E6,EB,09,40,3,0x3E7
0x3017,C0,0x00BEF8,74,E4,09,40,3,0x3E8
0x3016,09,0x00BEF9,E3,E4,09,40,3,0x3E9
0x3015,01,0x00BEFA,6C,E9,09,40,3,0x3EA
0x3014,0A,0x00BEFB,E1,DA,09,40,3,0x3EB
0x3013,FE,0x00BEFC,9D,FC,09,40,3,0x3EC
0x3012,0F,0x00BEFD,E6,BC,09,40,3,0x3ED
0x3011,F0,0x00BEFE,FA,DA,09,40,3,0x3EE
0x3010,FF,0x00BEFF,DA,19,09,40,3,0x3EF
0x300F,1F,0x00BF00,D8,D9,09,40,3,0x3F0
0x300E,00,0x00BF01,DE,E6,09,40,3,0x3F1
0x300D,07,0x00BF02,DA,D7,09,40,3,0x3F2
0x300C,04,0x00BF03,D7,DC,09,40,3,0x3F3
0x300B,0A,0x00BF04,D5,D3,09,40,3,0x3F4
0x300A,,0x0BF05,B4,D3,09,40,3,0x3F5
0x3009,FF,0x00BF06,DE,52,09,40,3,0x3F6
0x3008,05,0x00BF07,D5,D6,09,40,3,0x3F7
0x3006,00,0x00BF09,D9,D0,09,40,3,0x3F9
0x3005,C0,0x00BF0A,BF,AF,09,40,3,0x3FA
0x3004,FF,0x00BF0B,D8,CD,09,40,3,0x3FB
0x3002,0B,0x00BF0D,57,D7,09,40,3,0x3FD
0x3001,FA,0x00BF0E,CE,BB,09,40,3,0x3FE
0x3000,FF,0x00BF0F,C2,C9,09,40,3,0x3FF
0x37FF,F8,0x00BF20,AD,D9,09,40,4,0x000
0x37FE,09,0x00BF21,D2,CB,09,40,4,0x001
0x37FD,03,0x00BF22,CE,AD,09,40,4,0x002
0x37FC,04,0x00BF23,D3,C8,09,40,4,0x003
0x37FB,C0,0x00BF24,48,CD,09,40,4,0x004
0x37FA,0C,0x00BF25,C6,D2,09,40,4,0x005
0x37F9,03,0x00BF26,CC,C4,09,40,4,0x006
0x37F8,04,0x00BF27,C6,C4,09,40,4,0x007
0x37F7,C0,0x00BF28,5D,E3,09,40,4,0x008
0x37F6,BF,0x00BF29,C6,4A,09,40,4,0x009
0x37F5,8E,0x00BF2A,52,C5,09,40,4,0x00A
0x37F4,,0x0BF2B,C4,A1,09,40,4,0x00B
0x37F3,00,0x00BF2C,B8,FF,09,40,4,0x00C
0x37F2,0E,0x00BF2D,C9,CB,09,40,4,0x00D
0x37F1,03,0x00BF2E,CD,BE,09,40,4,0x00E
0x37F0,F8,0x00BF2F,46,C9,09,40,4,0x00F
0x37EF,07,0x00BF30,BF,BB,09,40,4,0x010
0x37EE,04,0x00BF31,B9,45,09,40,4,0x011
0x37ED,0C,0x00BF32,B9,BD,09,40,4,0x012
0x37EC,30,0x00BF33,C1,79,09,40,4,0x013
0x37EB,FE,0x00BF34,B9,B7,09,40,4,0x014
0x37EA,FF,0x00BF35,3D,47,09,40,4,0x015
0x37E8,0B,0x00BF37,A5,41,09,40,4,0x017
0x37E7,F0,0x00BF38,B3,B7,09,40,4,0x018
0x37E6,FF,0x00BF39,D2,73,09,40,4,0x019
0x37E5,05,0x00BF3A,AA,B1,09,40,4,0x01A
0x37E4,00,0x00BF3B,B0,B8,09,40,4,0x01B
0x37E3,07,0x00BF3C,2F,B4,09,40,4,0x01C
0x37E2,03,0x00BF3D,9F,BA,09,40,4,0x01D
0x37E1,F0,0x00BF3E,2D,CE,09,40,4,0x01E
0x37E0,1F,0x00BF3F,B7,B9,09,40,4,0x01F
0x37DF,86,0x00BF40,2C,A4,09,40,4,0x020
0x37DD,80,0x00BF42,B1,C9,09,40,4,0x022
0x37DC,FF,0x00BF43,B0,B3,09,40,4,0x023
0x37DB,08,0x00BF44,AC,A0,09,40,4,0x024
0x37DA,01,0x00BF45,3B,A6,09,40,4,0x025
0x37D9,89,0x00BF46,A9,E5,09,40,4,0x026
0x37D8,03,0x00BF47,31,A5,09,40,4,0x027
0x37D7,FE,0x00BF48,A7,9C,09,40,4,0x028
0x37D6,1F,0x00BF49,83,AC,09,40,4,0x029
0x37D5,8F,0x00BF4A,AB,C1,09,40,4,0x02A
0x37D4,03,0x00BF4B,E0,61,09,40,4,0x02B
0x37D3,8C,0x00BF4C,AC,A9,09,40,4,0x02C
0x37D2,03,0x00BF4D,5F,A2,09,40,4,0x02D
0x37D1,C0,0x00BF4E,9D,A2,09,40,4,0x02E
0x37D0,FF,0x00BF4F,AC,9D,09,40,4,0x02F
0x37CF,07,0x00BF50,9C,A5,09,40,4,0x030
0x37CE,04,0x00BF51,A0,9E,09,40,4,0x031
0x37CD,0B,0x00BF52,99,A4,09,40,4,0x032
0x37CC,20,0x00BF53,A0,9C,09,40,4,0x033
0x37CB,0C,0x00BF54,98,9C,09,40,4,0x034
0x37CA,F8,0x00BF55,9D,17,09,40,4,0x035
0x37C9,FF,0x00BF56,99,A2,09,40,4,0x036
0x37C8,1F,0x00BF57,8D,D4,09,40,4,0x037
0x37C7,0B,0x00BF58,D3,94,09,40,4,0x038
0x37C6,FC,0x00BF59,83,8B,09,40,4,0x039
0x37C5,FF,0x00BF5A,9D,F1,09,40,4,0x03A
0x37C4,1F,0x00BF5B,98,1F,09,40,4,0x03B
0x37C3,00,0x00BF5C,94,93,09,40,4,0x03C
0x37C2,FC,0x00BF5D,98,1B,09,40,4,0x03D
0x37C0,05,0x00BF5F,91,0D,09,40,4,0x03F
0x37BF,0F,0x00BF60,8C,95,09,40,4,0x040
0x37BE,E0,0x00BF61,92,8C,09,40,4,0x041
0x37BD,FF,0x00BF62,93,95,09,40,4,0x042
0x37BC,05,0x00BF63,08,09,09,40,4,0x043
0x37BB,01,0x00BF64,22,79,09,40,4,0x044
0x37BA,00,0x00BF65,8A,86,09,40,4,0x045
0x37B9,09,0x00BF66,16,05,09,40,4,0x046
0x37B8,,0x0BF67,88,90,09,40,4,0x047
0x37B7,FE,0x00BF68,7C,82,09,40,4,0x048
0x37B6,09,0x00BF69,8D,82,09,40,4,0x049
0x37B5,01,0x00BF6A,89,91,09,40,4,0x04A
0x37B4,E0,0x00BF6B,85,81,09,40,4,0x04B
0x37B3,0C,0x00BF6C,80,87,09,40,4,0x04C
0x37B2,01,0x00BF6D,88,82,09,40,4,0x04D
0x37B1,E0,0x00BF6E,81,7A,09,40,4,0x04E
0x37B0,BF,0x00BF6F,89,9C,09,40,4,0x04F
0x37AF,8E,0x00BF70,FB,88,09,40,4,0x050
0x37AE,03,0x00BF71,02,3B,09,40,4,0x051
0x37AD,8D,0x00BF72,7D,79,09,40,4,0x052
0x37AC,03,0x00BF73,71,7F,09,40,4,0x053
0x37AB,F8,0x00BF74,77,37,09,40,4,0x054
0x37AA,FF,0x00BF75,86,76,09,40,4,0x055
0x37A9,1F,0x00BF76,72,F5,09,40,4,0x056
0x37A8,0C,0x00BF77,74,FF,09,40,4,0x057
0x37A7,18,0x00BF78,83,77,09,40,4,0x058
0x37A6,09,0x00BF79,6F,53,09,40,4,0x059
0x37A4,04,0x00BF7B,7B,01,09,40,4,0x05B
0x37A3,0B,0x00BF7C,30,73,09,40,4,0x05C
0x37A2,F0,0x00BF7D,6E,6F,09,40,4,0x05D
0x37A1,FF,0x00BF7E,75,81,09,40,4,0x05E
0x37A0,7F,0x00BF7F,02,70,09,40,4,0x05F
0x379F,00,0x00BF80,6F,74,09,40,4,0x060
0x379E,07,0x00BF81,F7,6F,09,40,4,0x061
0x379D,,0x0BF82,6D,76,09,40,4,0x062
0x379C,FE,0x00BF83,61,65,09,40,4,0x063
0x379B,0F,0x00BF84,71,67,09,40,4,0x064
0x379A,86,0x00BF85,A6,76,09,40,4,0x065
0x3799,03,0x00BF86,72,70,09,40,4,0x066
0x3798,,0x0BF87,45,61,09,40,4,0x067
0x3796,06,0x00BF89,6A,82,09,40,4,0x069
0x3795,F7,0x00BF8A,66,62,09,40,4,0x06A
0x3794,FF,0x00BF8B,61,5F,09,40,4,0x06B
0x3793,00,0x00BF8C,E0,5F,09,40,4,0x06C
0x3792,0A,0x00BF8D,5E,64,09,40,4,0x06D
0x3791,03,0x00BF8E,65,61,09,40,4,0x06E
0x3790,FF,0x00BF8F,5D,61,09,40,4,0x06F
0x378F,1F,0x00BF90,62,3C,09,40,4,0x070
0x378E,8F,0x00BF91,5E,5A,09,40,4,0x071
0x378D,03,0x00BF92,58,5F,09,40,4,0x072
0x378C,00,0x00BF93,78,5A,09,40,4,0x073
0x378B,13,0x00BF94,50,E0,09,40,4,0x074
0x378A,03,0x00BF95,56,5A,09,40,4,0x075
0x3789,08,0x00BF96,5D,D6,09,40,4,0x076
0x3788,04,0x00BF97,58,5F,09,40,4,0x077
0x3787,0C,0x00BF98,58,57,09,40,4,0x078
0x3786,FC,0x00BF99,53,57,09,40,4,0x079
0x3785,FF,0x00BF9A,59,12,09,40,4,0x07A
0x3784,,0x0BF9B,60,5D,09,40,4,0x07B
0x3783,0B,0x00BF9C,50,6F,09,40,4,0x07C
0x3782,FE,0x00BF9D,CF,4F,09,40,4,0x07D
0x3781,FF,0x00BF9E,57,4A,09,40,4,0x07E
0x3780,0F,0x00BF9F,8C,AC,09,40,4,0x07F
0x377F,,0x0BFA0,4C,DA,09,40,4,0x080
0x377E,FF,0x00BFA1,54,4E,09,40,4,0x081
0x377D,06,0x00BFA2,4D,D6,09,40,4,0x082
0x377C,01,0x00BFA3,41,4C,09,40,4,0x083
0x377B,F0,0x00BFA4,4F,08,09,40,4,0x084
0x377A,FF,0x00BFA5,4B,50,09,40,4,0x085
0x3779,05,0x00BFA6,D5,55,09,40,4,0x086
0x3778,00,0x00BFA7,48,50,09,40,4,0x087
0x3777,0A,0x00BFA8,D4,04,09,40,4,0x088
0x3776,,0x0BFA9,46,3B,09,40,4,0x089
0x3775,0A,0x00BFAA,3E,41,09,40,4,0x08A
0x3774,01,0x00BFAB,40,80,09,40,4,0x08B
0x3773,F0,0x00BFAC,46,4B,09,40,4,0x08C
0x3772,FF,0x00BFAD,40,3D,09,40,4,0x08D
0x3771,08,0x00BFAE,3E,3D,09,40,4,0x08E
0x3770,00,0x00BFAF,46,4C,09,40,4,0x08F
0x376F,E0,0x00BFB0,3F,3C,09,40,4,0x090
0x376E,3F,0x00BFB1,47,42,09,40,4,0x091
0x376D,01,0x00BFB2,59,3D,09,40,4,0x092
0x376C,8D,0x00BFB3,C0,38,09,40,4,0x093
0x376B,,0x0BFB4,3B,47,09,40,4,0x094
0x376A,8D,0x00BFB5,33,43,09,40,4,0x095
0x3769,03,0x00BFB6,35,26,09,40,4,0x096
0x3768,FC,0x00BFB7,3C,34,09,40,4,0x097
0x3767,09,0x00BFB8,38,3A,09,40,4,0x098
0x3766,0C,0x00BFB9,32,02,09,40,4,0x099
0x3765,8C,0x00BFBA,37,31,09,40,4,0x09A
0x3764,09,0x00BFBB,B1,50,09,40,4,0x09B
0x3763,03,0x00BFBC,2F,3B,09,40,4,0x09C
0x3762,04,0x00BFBD,AE,6F,09,40,4,0x09D
0x3761,0B,0x00BFBE,38,3A,09,40,4,0x09E
0x3760,F0,0x00BFBF,ED,1D,09,40,4,0x09F
0x375F,FF,0x00BFC0,36,2B,09,40,4,0x0A0
0x375E,,0x0BFC1,AA,2C,09,40,4,0x0A1
0x375D,0C,0x00BFC2,BF,B9,09,40,4,0x0A2
0x375B,80,0x00BFC4,B4,28,09,40,4,0x0A4
0x375A,FF,0x00BFC5,2A,3A,09,40,4,0x0A5
0x3759,07,0x00BFC6,22,29,09,40,4,0x0A6
0x3758,04,0x00BFC7,2E,28,09,40,4,0x0A7
0x3757,86,0x00BFC8,43,28,09,40,4,0x0A8
0x3754,FF,0x00BFCB,19,1F,09,40,4,0x0AB
0x3750,,0x0BFCF,1D,27,09,40,4,0x0AF
0x374F,0A,0x00BFD0,9C,18,09,40,4,0x0B0
0x374E,03,0x00BFD1,25,1A,09,40,4,0x0B1
0x374D,FF,0x00BFD2,99,39,09,40,4,0x0B2
0x374C,0F,0x00BFD3,25,99,09,40,4,0x0B3
0x374B,8F,0x00BFD4,98,17,09,40,4,0x0B4
0x374A,03,0x00BFD5,16,1D,09,40,4,0x0B5
0x3749,00,0x00BFD6,25,16,09,40,4,0x0B6
0x3748,13,0x00BFD7,0D,05,09,40,4,0x0B7
0x3746,03,0x00BFD9,1A,18,09,40,4,0x0B9
0x3745,04,0x00BFDA,13,9B,09,40,4,0x0BA
0x3744,00,0x00BFDB,1B,14,09,40,4,0x0BB
0x3743,08,0x00BFDC,08,F0,09,40,4,0x0BC
0x3742,FE,0x00BFDD,1E,19,09,40,4,0x0BD
0x3741,FF,0x00BFDE,0E,0F,09,40,4,0x0BE
0x373F,04,0x00BFE0,15,18,09,40,4,0x0C0
0x373E,0B,0x00BFE1,2A,1A,09,40,4,0x0C1
0x373C,FF,0x00BFE3,11,05,09,40,4,0x0C3
0x373B,0F,0x00BFE4,0B,E7,09,40,4,0x0C4
0x373A,C0,0x00BFE5,87,95,09,40,4,0x0C5
0x3739,,0x0BFE6,05,09,09,40,4,0x0C6
0x3738,05,0x00BFE7,14,91,09,40,4,0x0C7
0x3737,7F,0x00BFE8,93,07,09,40,4,0x0C8
0x3736,00,0x00BFE9,06,C3,09,40,4,0x0C9
0x3735,F8,0x00BFEA,92,0B,09,40,4,0x0CA
0x3734,FF,0x00BFEB,04,40,09,40,4,0x0CB
0x3733,7F,0x00BFEC,FC,0B,09,40,4,0x0CC
0x3732,89,0x00BFED,FE,5F,09,40,4,0x0CD
0x3731,03,0x00BFEE,04,F6,09,40,4,0x0CE
0x3730,C0,0x00BFEF,86,FC,09,40,4,0x0CF
0x372F,0A,0x00BFF0,FF,1B,09,40,4,0x0D0
0x372E,01,0x00BFF1,7B,FB,09,40,4,0x0D1
0x372D,E0,0x00BFF2,06,01,09,40,4,0x0D2
0x372C,FF,0x00BFF3,00,02,09,40,4,0x0D3
0x372B,08,0x00BFF4,FC,FF,09,40,4,0x0D4
0x372A,00,0x00BFF5,7E,FB,09,40,4,0x0D5
0x3729,F0,0x00BFF6,F9,02,09,40,4,0x0D6
0x3728,7F,0x00BFF7,F3,F5,09,40,4,0x0D7
0x3727,01,0x00BFF8,F3,D4,09,40,4,0x0D8
0x3726,8D,0x00BFF9,BA,F2,09,40,4,0x0D9
0x3725,03,0x00BFFA,F1,F9,09,40,4,0x0DA
0x3724,8D,0x00BFFB,F8,F5,09,40,4,0x0DB
0x3723,03,0x00BFFC,F4,F0,09,40,4,0x0DC
0x3722,FC,0x00BFFD,DF,F7,09,40,4,0x0DD
0x3721,09,0x00BFFE,ED,E6,09,40,4,0x0DE
0x3720,03,0x00BFFF,6C,F6,09,40,4,0x0DF
0x371F,04,0x00C000,F6,AB,09,40,4,0x0E0
0x371E,00,0x00C001,CB,AE,09,40,4,0x0E1
0x371D,07,0x00C002,F4,E9,09,40,4,0x0E2
0x371C,86,0x00C003,08,F0,09,40,4,0x0E3
0x371B,09,0x00C004,7D,EC,09,40,4,0x0E4
0x371A,01,0x00C005,EA,71,09,40,4,0x0E5
0x3719,0B,0x00C006,72,E9,09,40,4,0x0E6
0x3718,F8,0x00C007,E8,D5,09,40,4,0x0E7
0x3717,FF,0x00C008,E0,E3,09,40,4,0x0E8
0x3716,3F,0x00C009,EC,E4,09,40,4,0x0E9
0x3715,0C,0x00C00A,F1,71,09,40,4,0x0EA
0x3714,,0x0C00B,E1,E4,09,40,4,0x0EB
0x3713,F0,0x00C00C,E8,72,09,40,4,0x0EC
0x3712,FF,0x00C00D,DB,E2,09,40,4,0x0ED
0x3711,03,0x00C00E,DD,1E,09,40,4,0x0EE
0x3710,04,0x00C00F,E0,E9,09,40,4,0x0EF
0x370F,0C,0x00C010,E0,DC,09,40,4,0x0F0
0x370E,,0x0C011,DB,E4,09,40,4,0x0F1
0x370D,FC,0x00C012,9A,E1,09,40,4,0x0F2
0x370C,09,0x00C013,E3,DD,09,40,4,0x0F3
0x370B,6F,0x00C014,17,E2,09,40,4,0x0F4
0x370A,F8,0x00C015,E3,D5,09,40,4,0x0F5
0x3709,0F,0x00C016,CE,D5,09,40,4,0x0F6
0x3708,89,0x00C017,D4,E4,09,40,4,0x0F7
0x3707,03,0x00C018,E3,C4,09,40,4,0x0F8
0x3706,80,0x00C019,CF,D2,09,40,4,0x0F9
0x3705,,0x0C01A,D1,D7,09,40,4,0x0FA
0x3704,0F,0x00C01B,D7,F0,09,40,4,0x0FB
0x3703,8F,0x00C01C,EF,D0,09,40,4,0x0FC
0x3702,03,0x00C01D,DA,C7,09,40,4,0x0FD
0x3701,92,0x00C01E,CC,CD,09,40,4,0x0FE
0x3700,,0x0C01F,D0,4C,09,40,4,0x0FF
0x36FF,40,0x00C020,D0,55,09,40,4,0x100
0x36FE,0C,0x00C021,CA,CD,09,40,4,0x101
0x36FD,00,0x00C022,49,C1,09,40,4,0x102
0x36FC,,0x0C023,D1,D2,09,40,4,0x103
0x36FB,07,0x00C024,D6,C8,09,40,4,0x104
0x36FA,04,0x00C025,4D,86,09,40,4,0x105
0x36F9,00,0x00C026,C8,D1,09,40,4,0x106
0x36F8,07,0x00C027,44,D3,09,40,4,0x107
0x36F7,,0x0C028,CC,C3,09,40,4,0x108
0x36F6,07,0x00C029,D1,C0,09,40,4,0x109
0x36F5,04,0x00C02A,50,A0,09,40,4,0x10A
0x36F4,F8,0x00C02B,C3,4E,09,40,4,0x10B
0x36F3,FF,0x00C02C,4F,C2,09,40,4,0x10C
0x36F2,05,0x00C02D,C1,4A,09,40,4,0x10D
0x36F1,0F,0x00C02E,BB,C0,09,40,4,0x10E
0x36F0,00,0x00C02F,C5,7C,09,40,4,0x10F
0x36EF,FC,0x00C030,FA,C5,09,40,4,0x110
0x36EE,FF,0x00C031,43,BB,09,40,4,0x111
0x36ED,3F,0x00C032,BC,C3,09,40,4,0x112
0x36EC,89,0x00C033,78,E8,09,40,4,0x113
0x36EB,03,0x00C034,C3,B3,09,40,4,0x114
0x36EA,F0,0x00C035,B9,B5,09,40,4,0x115
0x36E9,0A,0x00C036,B9,D4,09,40,4,0x116
0x36E6,0B,0x00C039,B5,BB,09,40,4,0x119
0x36E5,7F,0x00C03A,BA,B8,09,40,4,0x11A
0x36E4,00,0x00C03B,77,B4,09,40,4,0x11B
0x36E3,F0,0x00C03C,AE,AF,09,40,4,0x11C
0x36E2,7F,0x00C03D,AE,B6,09,40,4,0x11D
0x36E1,01,0x00C03E,A9,DD,09,40,4,0x11E
0x36E0,8D,0x00C03F,AB,A4,09,40,4,0x11F
0x36DF,03,0x00C040,2A,AA,09,40,4,0x120
0x36DE,8D,0x00C041,B4,AD,09,40,4,0x121
0x36DD,03,0x00C042,99,AD,09,40,4,0x122
0x36DC,FC,0x00C043,B2,A8,09,40,4,0x123
0x36DB,09,0x00C044,AA,AF,09,40,4,0x124
0x36DA,1F,0x00C045,AA,A4,09,40,4,0x125
0x36D9,00,0x00C046,3A,AE,09,40,4,0x126
0x36D8,07,0x00C047,A7,93,09,40,4,0x127
0x36D7,C3,0x00C048,2F,63,09,40,4,0x128
0x36D6,09,0x00C049,A5,A1,09,40,4,0x129
0x36D5,01,0x00C04A,9D,A2,09,40,4,0x12A
0x36D4,0B,0x00C04B,A9,27,09,40,4,0x12B
0x36D3,F8,0x00C04C,AE,A2,09,40,4,0x12C
0x36D2,FF,0x00C04D,A9,1E,09,40,4,0x12D
0x36D1,3F,0x00C04E,7D,9E,09,40,4,0x12E
0x36D0,00,0x00C04F,A5,9C,09,40,4,0x12F
0x36CF,08,0x00C050,9C,93,09,40,4,0x130
0x36CE,18,0x00C051,9A,99,09,40,4,0x131
0x36CD,FC,0x00C052,59,9A,09,40,4,0x132
0x36CC,FF,0x00C053,A2,27,09,40,4,0x133
0x36CB,01,0x00C054,B6,9A,09,40,4,0x134
0x36CA,0C,0x00C055,96,28,09,40,4,0x135
0x36C9,00,0x00C056,9D,98,09,40,4,0x136
0x36C8,FE,0x00C057,90,A4,09,40,4,0x137
0x36C7,,0x0C058,92,9F,09,40,4,0x138
0x36C6,05,0x00C059,99,12,09,40,4,0x139
0x36C5,1B,0x00C05A,95,9A,09,40,4,0x13A
0x36C4,F8,0x00C05B,8C,93,09,40,4,0x13B
0x36C3,07,0x00C05C,8E,93,09,40,4,0x13C
0x36C2,04,0x00C05D,93,98,09,40,4,0x13D
0x36C1,00,0x00C05E,9C,8B,09,40,4,0x13E
0x36C0,07,0x00C05F,98,8B,09,40,4,0x13F
0x36BF,03,0x00C060,AB,9A,09,40,4,0x140
0x36BE,18,0x00C061,93,86,09,40,4,0x141
0x36BD,00,0x00C062,09,88,09,40,4,0x142
0x36BC,C0,0x00C063,91,57,09,40,4,0x143
0x36B8,03,0x00C067,8B,80,09,40,4,0x147
0x36B7,92,0x00C068,86,82,09,40,4,0x148
0x36B6,03,0x00C069,62,01,09,40,4,0x149
0x36B5,10,0x00C06A,80,81,09,40,4,0x14A
0x36B4,0C,0x00C06B,85,89,09,40,4,0x14B
0x36B2,09,0x00C06D,82,7C,09,40,4,0x14D
0x36B1,03,0x00C06E,0C,87,09,40,4,0x14E
0x36B0,04,0x00C06F,7F,7D,09,40,4,0x14F
0x36AF,00,0x00C070,0B,5B,09,40,4,0x150
0x36AE,07,0x00C071,7D,83,09,40,4,0x151
0x36AD,09,0x00C072,77,F8,09,40,4,0x152
0x36AC,07,0x00C073,81,76,09,40,4,0x153
0x36AB,04,0x00C074,96,76,09,40,4,0x154
0x36AA,FE,0x00C075,FF,7D,09,40,4,0x155
0x36A9,FF,0x00C076,78,79,09,40,4,0x156
0x36A8,E7,0x00C077,54,74,09,40,4,0x157
0x36A7,03,0x00C078,72,71,09,40,4,0x158
0x36A6,04,0x00C079,7A,71,09,40,4,0x159
0x36A5,00,0x00C07A,72,FF,09,40,4,0x15A
0x36A4,FE,0x00C07B,70,73,09,40,4,0x15B
0x36A3,FF,0x00C07C,76,FB,09,40,4,0x15C
0x36A1,89,0x00C07E,76,4D,09,40,4,0x15E
0x36A0,03,0x00C07F,EF,76,09,40,4,0x15F
0x369F,F8,0x00C080,8A,72,09,40,4,0x160
0x369E,FF,0x00C081,2A,6E,09,40,4,0x161
0x369D,06,0x00C082,72,73,09,40,4,0x162
0x369C,00,0x00C083,E7,80,09,40,4,0x163
0x369B,F0,0x00C084,71,65,09,40,4,0x164
0x369A,FF,0x00C085,56,65,09,40,4,0x165
0x3699,05,0x00C086,64,74,09,40,4,0x166
0x3698,E7,0x00C087,6A,6E,09,40,4,0x167
0x3697,FF,0x00C088,66,E3,09,40,4,0x168
0x3696,3F,0x00C089,66,6B,09,40,4,0x169
0x3695,00,0x00C08A,F6,68,09,40,4,0x16A
0x3694,F0,0x00C08B,63,64,09,40,4,0x16B
0x3693,7F,0x00C08C,EB,5F,09,40,4,0x16C
0x3692,01,0x00C08D,61,66,09,40,4,0x16D
0x3691,8D,0x00C08E,5B,6B,09,40,4,0x16E
0x3690,03,0x00C08F,65,5B,09,40,4,0x16F
0x368F,8D,0x00C090,62,60,09,40,4,0x170
0x368E,03,0x00C091,5E,5B,09,40,4,0x171
0x368D,FE,0x00C092,59,64,09,40,4,0x172
0x368C,09,0x00C093,5F,D8,09,40,4,0x173
0x368B,7F,0x00C094,4F,56,09,40,4,0x174
0x368A,0A,0x00C095,5F,5C,09,40,4,0x175
0x3689,80,0x00C096,58,90,09,40,4,0x176
0x3688,E1,0x00C097,58,34,09,40,4,0x177
0x3687,FF,0x00C098,53,52,09,40,4,0x178
0x3686,05,0x00C099,42,52,09,40,4,0x179
0x3685,0C,0x00C09A,5B,59,09,40,4,0x17A
0x3684,FC,0x00C09B,6F,53,09,40,4,0x17B
0x3683,FF,0x00C09C,4F,3F,09,40,4,0x17C
0x3682,3F,0x00C09D,56,50,09,40,4,0x17D
0x3681,00,0x00C09E,56,51,09,40,4,0x17E
0x3680,08,0x00C09F,53,4C,09,40,4,0x17F
0x367F,87,0x00C0A0,4F,47,09,40,4,0x180
0x367E,FF,0x00C0A1,42,49,09,40,4,0x181
0x367D,05,0x00C0A2,48,4A,09,40,4,0x182
0x367C,86,0x00C0A3,87,D7,09,40,4,0x183
0x367B,03,0x00C0A4,D0,4A,09,40,4,0x184
0x367A,80,0x00C0A5,49,46,09,40,4,0x185
0x3679,FF,0x00C0A6,C5,57,09,40,4,0x186
0x3678,06,0x00C0A7,4D,47,09,40,4,0x187
0x3677,06,0x00C0A8,4A,47,09,40,4,0x188
0x3675,FC,0x00C0AA,41,4D,09,40,4,0x18A
0x3674,01,0x00C0AB,47,00,09,40,4,0x18B
0x3673,00,0x00C0AC,42,48,09,40,4,0x18C
0x3672,07,0x00C0AD,3A,41,09,40,4,0x18D
0x3671,03,0x00C0AE,3C,41,09,40,4,0x18E
0x3670,1E,0x00C0AF,41,46,09,40,4,0x18F
0x366F,00,0x00C0B0,CB,44,09,40,4,0x190
0x366E,C0,0x00C0B1,3D,49,09,40,4,0x191
0x366D,FF,0x00C0B2,C9,38,09,40,4,0x192
0x366C,0F,0x00C0B3,3B,3D,09,40,4,0x193
0x366B,8F,0x00C0B4,41,28,09,40,4,0x194
0x366A,03,0x00C0B5,45,36,09,40,4,0x195
0x3669,00,0x00C0B6,BE,3A,09,40,4,0x196
0x3668,12,0x00C0B7,37,32,09,40,4,0x197
0x3667,03,0x00C0B8,13,32,09,40,4,0x198
0x3666,04,0x00C0B9,31,71,09,40,4,0x199
0x3665,04,0x00C0BA,39,31,09,40,4,0x19A
0x3664,0C,0x00C0BB,B7,39,09,40,4,0x19B
0x3662,09,0x00C0BD,0E,2D,09,40,4,0x19D
0x3661,03,0x00C0BE,2C,34,09,40,4,0x19E
0x3660,04,0x00C0BF,31,2C,09,40,4,0x19F
0x365F,0A,0x00C0C0,2C,1B,09,40,4,0x1A0
0x365E,80,0x00C0C1,2A,29,09,40,4,0x1A1
0x365D,09,0x00C0C2,27,2E,09,40,4,0x1A2
0x365C,87,0x00C0C3,31,37,09,40,4,0x1A3
0x365B,FF,0x00C0C4,A6,24,09,40,4,0x1A4
0x365A,05,0x00C0C5,30,25,09,40,4,0x1A5
0x3659,78,0x00C0C6,21,28,09,40,4,0x1A6
0x3658,00,0x00C0C7,23,28,09,40,4,0x1A7
0x3657,05,0x00C0C8,29,23,09,40,4,0x1A8
0x3656,09,0x00C0C9,23,20,09,40,4,0x1A9
0x3655,1F,0x00C0CA,B6,20,09,40,4,0x1AA
0x3654,00,0x00C0CB,23,AE,09,40,4,0x1AB
0x3653,09,0x00C0CC,1F,22,09,40,4,0x1AC
0x3652,03,0x00C0CD,2A,AA,09,40,4,0x1AD
0x3650,FF,0x00C0CF,26,DC,09,40,4,0x1AF
0x364F,06,0x00C0D0,1E,25,09,40,4,0x1B0
0x364E,00,0x00C0D1,1E,29,09,40,4,0x1B1
0x364D,F8,0x00C0D2,19,23,09,40,4,0x1B2
0x364C,FF,0x00C0D3,1F,24,09,40,4,0x1B3
0x364B,05,0x00C0D4,16,1B,09,40,4,0x1B4
0x364A,E1,0x00C0D5,1C,1F,09,40,4,0x1B5
0x3649,FF,0x00C0D6,1E,24,09,40,4,0x1B6
0x3648,3F,0x00C0D7,04,1E,09,40,4,0x1B7
0x3647,00,0x00C0D8,52,93,09,40,4,0x1B8
0x3646,F0,0x00C0D9,0A,1B,09,40,4,0x1B9
0x3645,7F,0x00C0DA,10,14,09,40,4,0x1BA
0x3644,03,0x00C0DB,1F,14,09,40,4,0x1BB
0x3641,03,0x00C0DE,16,D0,09,40,4,0x1BE
0x3640,8D,0x00C0DF,0F,0B,09,40,4,0x1BF
0x363F,03,0x00C0E0,0F,10,09,40,4,0x1C0
0x363E,FC,0x00C0E1,0A,16,09,40,4,0x1C1
0x363D,0A,0x00C0E2,08,C9,09,40,4,0x1C2
0x363C,0A,0x00C0E3,92,07,09,40,4,0x1C3
0x363B,C0,0x00C0E4,0A,0D,09,40,4,0x1C4
0x363A,F0,0x00C0E5,86,14,09,40,4,0x1C5
0x3639,FF,0x00C0E6,0E,E5,09,40,4,0x1C6
0x3638,05,0x00C0E7,0B,43,09,40,4,0x1C7
0x3637,0C,0x00C0E8,07,03,09,40,4,0x1C8
0x3636,FC,0x00C0E9,02,0A,09,40,4,0x1C9
0x3635,FF,0x00C0EA,07,04,09,40,4,0x1CA
0x3634,1F,0x00C0EB,03,FC,09,40,4,0x1CB
0x3633,0B,0x00C0EC,EF,08,09,40,4,0x1CC
0x3632,C0,0x00C0ED,07,FA,09,40,4,0x1CD
0x3631,E1,0x00C0EE,3C,FC,09,40,4,0x1CE
0x3630,FF,0x00C0EF,8C,FD,09,40,4,0x1CF
0x362F,7F,0x00C0F0,FE,8A,09,40,4,0x1D0
0x362E,86,0x00C0F1,FA,FD,09,40,4,0x1D1
0x362D,03,0x00C0F2,09,F9,09,40,4,0x1D2
0x362C,C0,0x00C0F3,FB,0A,09,40,4,0x1D3
0x362B,09,0x00C0F4,01,FA,09,40,4,0x1D4
0x362A,BF,0x00C0F5,FD,F7,09,40,4,0x1D5
0x3629,01,0x00C0F6,F9,01,09,40,4,0x1D6
0x3628,FC,0x00C0F7,7A,D4,09,40,4,0x1D7
0x3627,87,0x00C0F8,F6,FC,09,40,4,0x1D8
0x3626,03,0x00C0F9,B2,F3,09,40,4,0x1D9
0x3625,80,0x00C0FA,F8,F1,09,40,4,0x1DA
0x3624,2F,0x00C0FB,F4,F6,09,40,4,0x1DB
0x3623,,0x0C0FC,EF,F8,09,40,4,0x1DC
0x3622,E0,0x00C0FD,DE,B5,09,40,4,0x1DD
0x3621,FF,0x00C0FE,F8,EC,09,40,4,0x1DE
0x361F,8F,0x00C100,72,27,09,40,4,0x1E0
0x361E,,0x0C101,ED,EA,09,40,4,0x1E1
0x361D,00,0x00C102,D9,EE,09,40,4,0x1E2
0x361B,03,0x00C104,E8,06,09,40,4,0x1E4
0x361A,01,0x00C105,DE,6E,09,40,4,0x1E5
0x3619,0C,0x00C106,EF,E8,09,40,4,0x1E6
0x3618,E0,0x00C107,63,A4,09,40,4,0x1E7
0x3617,09,0x00C108,E3,E2,09,40,4,0x1E8
0x3616,01,0x00C109,E8,E9,09,40,4,0x1E9
0x3615,0A,0x00C10A,DF,E1,09,40,4,0x1EA
0x3614,80,0x00C10B,E9,D0,09,40,4,0x1EB
0x3613,09,0x00C10C,1E,DE,09,40,4,0x1EC
0x3612,E3,0x00C10D,74,E3,09,40,4,0x1ED
0x3610,3F,0x00C10F,DC,E0,09,40,4,0x1EF
0x360F,1E,0x00C110,E7,E4,09,40,4,0x1F0
0x360D,80,0x00C112,E3,DD,09,40,4,0x1F2
0x360C,09,0x00C113,DB,D8,09,40,4,0x1F3
0x360B,0F,0x00C114,DB,D5,09,40,4,0x1F4
0x360A,00,0x00C115,E0,D5,09,40,4,0x1F5
0x3609,09,0x00C116,B5,63,09,40,4,0x1F6
0x3608,03,0x00C117,D3,D7,09,40,4,0x1F7
0x3607,0A,0x00C118,D9,5F,09,40,4,0x1F8
0x3606,7F,0x00C119,DB,D5,09,40,4,0x1F9
0x3605,00,0x00C11A,C1,51,09,40,4,0x1FA
0x3604,FC,0x00C11B,DF,DA,09,40,4,0x1FB
0x3603,FF,0x00C11C,C7,0E,09,40,4,0x1FC
0x3602,7F,0x00C11D,CD,CE,09,40,4,0x1FD
0x3601,D0,0x00C11E,DC,D3,09,40,4,0x1FE
0x3600,FF,0x00C11F,D7,D2,09,40,4,0x1FF
0x35FF,1F,0x00C120,8B,CF,09,40,4,0x200
0x35FB,03,0x00C124,52,D0,09,40,4,0x204
0x35FA,04,0x00C125,C8,45,09,40,4,0x205
0x35F9,8D,0x00C126,44,CD,09,40,4,0x206
0x35F8,03,0x00C127,C2,C6,09,40,4,0x207
0x35F7,8D,0x00C128,C7,C6,09,40,4,0x208
0x35F6,,0x0C129,C4,CC,09,40,4,0x209
0x35F5,F8,0x00C12A,C4,A0,09,40,4,0x20A
0x35F4,0A,0x00C12B,BF,AF,09,40,4,0x20B
0x35F3,03,0x00C12C,C4,BD,09,40,4,0x20C
0x35F2,04,0x00C12D,C0,3C,09,40,4,0x20D
0x35F1,09,0x00C12E,BB,C8,09,40,4,0x20E
0x35F0,60,0x00C12F,C1,AB,09,40,4,0x20F
0x35EF,F0,0x00C130,D9,C3,09,40,4,0x210
0x35EE,FF,0x00C131,49,58,09,40,4,0x211
0x35EC,0C,0x00C133,B7,BB,09,40,4,0x213
0x35EB,FC,0x00C134,C6,A6,09,40,4,0x214
0x35EA,FF,0x00C135,B8,C4,09,40,4,0x215
0x35E9,1F,0x00C136,BE,3B,09,40,4,0x216
0x35E8,00,0x00C137,B4,B6,09,40,4,0x217
0x35E7,07,0x00C138,38,32,09,40,4,0x218
0x35E6,70,0x00C139,B4,30,09,40,4,0x219
0x35E5,F8,0x00C13A,A0,B1,09,40,4,0x21A
0x35E4,FF,0x00C13B,B6,AF,09,40,4,0x21B
0x35E3,3F,0x00C13C,B2,AC,09,40,4,0x21C
0x35E2,86,0x00C13D,AD,AC,09,40,4,0x21D
0x35E1,03,0x00C13E,9C,AD,09,40,4,0x21E
0x35E0,F0,0x00C13F,B6,3A,09,40,4,0x21F
0x35DF,09,0x00C140,E9,AD,09,40,4,0x220
0x35DE,6F,0x00C141,30,3A,09,40,4,0x221
0x35DC,3C,0x00C143,97,E7,09,40,4,0x223
0x35DB,00,0x00C144,A5,2C,09,40,4,0x224
0x35DA,07,0x00C145,24,A8,09,40,4,0x225
0x35D9,03,0x00C146,64,94,09,40,4,0x226
0x35D8,F0,0x00C147,AE,A2,09,40,4,0x227
0x35D7,0F,0x00C148,21,A7,09,40,4,0x228
0x35D5,E0,0x00C14A,A6,A7,09,40,4,0x22A
0x35D4,FF,0x00C14B,9D,AA,09,40,4,0x22B
0x35D3,0F,0x00C14C,A7,BD,09,40,4,0x22C
0x35D2,8F,0x00C14D,DC,AC,09,40,4,0x22D
0x35D1,03,0x00C14E,32,9C,09,40,4,0x22E
0x35D0,91,0x00C14F,9E,1B,09,40,4,0x22F
0x35CF,03,0x00C150,25,A3,09,40,4,0x230
0x35CE,40,0x00C151,9C,A8,09,40,4,0x231
0x35CD,86,0x00C152,18,20,09,40,4,0x232
0x35CC,03,0x00C153,A1,9A,09,40,4,0x233
0x35CB,F0,0x00C154,99,86,09,40,4,0x234
0x35CA,FF,0x00C155,99,9F,09,40,4,0x235
0x35C9,05,0x00C156,94,13,09,40,4,0x236
0x35C8,0B,0x00C157,99,93,09,40,4,0x237
0x35C7,80,0x00C158,8E,8A,09,40,4,0x238
0x35C6,FF,0x00C159,9A,90,09,40,4,0x239
0x35C4,8F,0x00C15B,98,0F,09,40,4,0x23B
0x35C3,07,0x00C15C,8A,8C,09,40,4,0x23C
0x35C2,04,0x00C15D,90,8C,09,40,4,0x23D
0x35C1,00,0x00C15E,90,8D,09,40,4,0x23E
0x35C0,C0,0x00C15F,83,8B,09,40,4,0x23F
0x35BF,09,0x00C160,89,88,09,40,4,0x240
0x35BE,,0x0C161,90,88,09,40,4,0x241
0x35BD,,0x0C162,8C,89,09,40,4,0x242
0x35BC,88,0x00C163,92,14,09,40,4,0x243
0x35BB,03,0x00C164,66,89,09,40,4,0x244
0x35BA,C0,0x00C165,8E,12,09,40,4,0x245
0x35B8,7F,0x00C167,87,82,09,40,4,0x247
0x35B7,00,0x00C168,0E,89,09,40,4,0x248
0x35B6,FC,0x00C169,84,81,09,40,4,0x249
0x35B5,FF,0x00C16A,00,86,09,40,4,0x24A
0x35B4,0F,0x00C16B,7E,02,09,40,4,0x24B
0x35B3,F0,0x00C16C,83,87,09,40,4,0x24C
0x35B2,FF,0x00C16D,7D,80,09,40,4,0x24D
0x35B1,1F,0x00C16E,82,80,09,40,4,0x24E
0x35B0,00,0x00C16F,7E,85,09,40,4,0x24F
0x35AF,,0x0C170,6A,3A,09,40,4,0x250
0x35AE,,0x0C171,78,82,09,40,4,0x251
0x35AD,03,0x00C172,7E,79,09,40,4,0x252
0x35AC,04,0x00C173,7A,77,09,40,4,0x253
0x35AB,8D,0x00C174,7A,7D,09,40,4,0x254
0x35AA,03,0x00C175,05,AD,09,40,4,0x255
0x35A9,8D,0x00C176,77,72,09,40,4,0x256
0x35A8,03,0x00C177,02,72,09,40,4,0x257
0x35A7,F0,0x00C178,75,B1,09,40,4,0x258
0x35A6,FF,0x00C179,F1,7D,09,40,4,0x259
0x35A5,06,0x00C17A,6F,68,09,40,4,0x25A
0x35A4,07,0x00C17B,75,6E,09,40,4,0x25B
0x35A3,04,0x00C17C,6F,73,09,40,4,0x25C
0x35A2,09,0x00C17D,6D,D4,09,40,4,0x25D
0x35A1,30,0x00C17E,72,6C,09,40,4,0x25E
0x35A0,F8,0x00C17F,6E,5B,09,40,4,0x25F
0x359F,FF,0x00C180,66,6D,09,40,4,0x260
0x359E,3F,0x00C181,70,6D,09,40,4,0x261
0x359D,0C,0x00C182,6C,68,09,40,4,0x262
0x359C,FE,0x00C183,67,6E,09,40,4,0x263
0x359B,FF,0x00C184,5E,69,09,40,4,0x264
0x359A,0F,0x00C185,70,55,09,40,4,0x265
0x3599,00,0x00C186,83,A3,09,40,4,0x266
0x3598,07,0x00C187,63,6C,09,40,4,0x267
0x3597,1C,0x00C188,69,60,09,40,4,0x268
0x3596,09,0x00C189,64,60,09,40,4,0x269
0x3595,1F,0x00C18A,5C,63,09,40,4,0x26A
0x3594,86,0x00C18B,E6,63,09,40,4,0x26B
0x3593,,0x0C18C,61,ED,09,40,4,0x26C
0x3592,F8,0x00C18D,DC,60,09,40,4,0x26D
0x3591,FF,0x00C18E,65,5C,09,40,4,0x26E
0x3590,05,0x00C18F,DB,6C,09,40,4,0x26F
0x358F,13,0x00C190,64,5D,09,40,4,0x270
0x358E,00,0x00C191,78,61,09,40,4,0x271
0x358D,0E,0x00C192,EE,5C,09,40,4,0x272
0x358C,00,0x00C193,5A,DD,09,40,4,0x273
0x358B,07,0x00C194,E1,59,09,40,4,0x274
0x358A,,0x0C195,58,4D,09,40,4,0x275
0x3589,FE,0x00C196,14,53,09,40,4,0x276
0x3588,17,0x00C197,5D,58,09,40,4,0x277
0x3587,00,0x00C198,53,5C,09,40,4,0x278
0x3586,80,0x00C199,51,D1,09,40,4,0x279
0x3585,FF,0x00C19A,56,4F,09,40,4,0x27A
0x3584,0F,0x00C19B,59,56,09,40,4,0x27B
0x3583,8F,0x00C19C,8D,15,09,40,4,0x27C
0x3582,03,0x00C19D,56,4E,09,40,4,0x27D
0x3581,00,0x00C19E,48,4C,09,40,4,0x27E
0x3580,11,0x00C19F,4B,0B,09,40,4,0x27F
0x357F,03,0x00C1A0,48,53,09,40,4,0x280
0x357E,08,0x00C1A1,48,50,09,40,4,0x281
0x357D,04,0x00C1A2,4B,4C,09,40,4,0x282
0x357C,86,0x00C1A3,4B,27,09,40,4,0x283
0x357B,03,0x00C1A4,51,47,09,40,4,0x284
0x357A,F8,0x00C1A5,35,51,09,40,4,0x285
0x3579,FF,0x00C1A6,4D,44,09,40,4,0x286
0x3578,05,0x00C1A7,44,3F,09,40,4,0x287
0x3577,0B,0x00C1A8,CF,4C,09,40,4,0x288
0x3576,C0,0x00C1A9,44,C0,09,40,4,0x289
0x3575,,0x0C1AA,3F,40,09,40,4,0x28A
0x3574,07,0x00C1AB,BE,37,09,40,4,0x28B
0x3573,E3,0x00C1AC,3E,3D,09,40,4,0x28C
0x3572,09,0x00C1AD,43,4C,09,40,4,0x28D
0x3571,E0,0x00C1AE,3F,FC,09,40,4,0x28E
0x3570,FF,0x00C1AF,45,3A,09,40,4,0x28F
0x356F,05,0x00C1B0,B9,3F,09,40,4,0x290
0x356E,03,0x00C1B1,CA,42,09,40,4,0x291
0x356D,04,0x00C1B2,3B,34,09,40,4,0x292
0x356C,F0,0x00C1B3,C6,36,09,40,4,0x293
0x356B,87,0x00C1B4,39,37,09,40,4,0x294
0x356A,03,0x00C1B5,B5,C2,09,40,4,0x295
0x3569,F0,0x00C1B6,33,37,09,40,4,0x296
0x3568,0A,0x00C1B7,39,C0,09,40,4,0x297
0x3567,3F,0x00C1B8,32,35,09,40,4,0x298
0x3566,00,0x00C1B9,38,2F,09,40,4,0x299
0x3565,FC,0x00C1BA,33,3A,09,40,4,0x29A
0x3564,,0x0C1BB,2E,30,09,40,4,0x29B
0x3563,,0x0C1BC,2F,2E,09,40,4,0x29C
0x3562,E8,0x00C1BD,2D,AD,09,40,4,0x29D
0x3561,FF,0x00C1BE,28,ED,09,40,4,0x29E
0x3560,0F,0x00C1BF,36,34,09,40,4,0x29F
0x355F,00,0x00C1C0,39,2B,09,40,4,0x2A0
0x355E,F0,0x00C1C1,35,33,09,40,4,0x2A1
0x355D,FF,0x00C1C2,20,E8,09,40,4,0x2A2
0x355C,03,0x00C1C3,27,30,09,40,4,0x2A3
0x355B,04,0x00C1C4,24,27,09,40,4,0x2A4
0x355A,8D,0x00C1C5,AD,25,09,40,4,0x2A5
0x3559,,0x0C1C6,27,2B,09,40,4,0x2A6
0x3558,8D,0x00C1C7,2C,B2,09,40,4,0x2A7
0x3557,03,0x00C1C8,A2,11,09,40,4,0x2A8
0x3556,E0,0x00C1C9,2B,20,09,40,4,0x2A9
0x3555,0A,0x00C1CA,2F,3F,09,40,4,0x2AA
0x3554,3D,0x00C1CB,B5,1F,09,40,4,0x2AB
0x3553,09,0x00C1CC,21,26,09,40,4,0x2AC
0x3552,18,0x00C1CD,A8,1B,09,40,4,0x2AD
0x3551,FC,0x00C1CE,1F,1B,09,40,4,0x2AE
0x3550,FF,0x00C1CF,DB,20,09,40,4,0x2AF
0x354F,1F,0x00C1D0,24,33,09,40,4,0x2B0
0x354E,0C,0x00C1D1,1A,19,09,40,4,0x2B1
0x354D,FE,0x00C1D2,21,10,09,40,4,0x2B2
0x354C,FF,0x00C1D3,97,18,09,40,4,0x2B3
0x354B,0F,0x00C1D4,20,16,09,40,4,0x2B4
0x354A,0A,0x00C1D5,54,1C,09,40,4,0x2B5
0x3549,80,0x00C1D6,1D,17,09,40,4,0x2B6
0x3548,C7,0x00C1D7,21,0F,09,40,4,0x2B7
0x3547,7F,0x00C1D8,12,D1,09,40,4,0x2B8
0x3545,0F,0x00C1DA,13,0E,09,40,4,0x2BA
0x3544,0C,0x00C1DB,13,0E,09,40,4,0x2BB
0x3543,00,0x00C1DC,19,11,09,40,4,0x2BC
0x3542,FE,0x00C1DD,05,11,09,40,4,0x2BD
0x3541,FF,0x00C1DE,15,9B,09,40,4,0x2BE
0x3540,05,0x00C1DF,0C,0E,09,40,4,0x2BF
0x353F,04,0x00C1E0,97,9B,09,40,4,0x2C0
0x353D,00,0x00C1E2,07,0A,09,40,4,0x2C2
0x353C,06,0x00C1E3,46,0B,09,40,4,0x2C3
0x353B,04,0x00C1E4,06,8C,09,40,4,0x2C4
0x353A,86,0x00C1E5,0D,08,09,40,4,0x2C5
0x3539,03,0x00C1E6,F0,00,09,40,4,0x2C6
0x3538,80,0x00C1E7,0D,02,09,40,4,0x2C7
0x3537,FF,0x00C1E8,41,81,09,40,4,0x2C8
0x3536,07,0x00C1E9,92,0B,09,40,4,0x2C9
0x3535,04,0x00C1EA,03,80,09,40,4,0x2CA
0x3534,00,0x00C1EB,8E,FE,09,40,4,0x2CB
0x3533,80,0x00C1EC,01,05,09,40,4,0x2CC
0x3532,FF,0x00C1ED,BD,6D,09,40,4,0x2CD
0x3530,8F,0x00C1EF,7A,DB,09,40,4,0x2CF
0x352F,03,0x00C1F0,80,F9,09,40,4,0x2D0
0x352E,91,0x00C1F1,FC,FE,09,40,4,0x2D1
0x352D,03,0x00C1F2,E8,FB,09,40,4,0x2D2
0x352C,02,0x00C1F3,F6,FB,09,40,4,0x2D3
0x352B,04,0x00C1F4,FF,F2,09,40,4,0x2D4
0x352A,86,0x00C1F5,F1,F8,09,40,4,0x2D5
0x3529,03,0x00C1F6,FF,F8,09,40,4,0x2D6
0x3528,FC,0x00C1F7,FA,FF,09,40,4,0x2D7
0x3527,FF,0x00C1F8,F6,F2,09,40,4,0x2D8
0x3526,7F,0x00C1F9,F1,EF,09,40,4,0x2D9
0x3525,0B,0x00C1FA,F8,FA,09,40,4,0x2DA
0x3524,C0,0x00C1FB,ED,6E,09,40,4,0x2DB
0x3523,0A,0x00C1FC,6E,EE,09,40,4,0x2DC
0x3522,7F,0x00C1FD,76,E5,09,40,4,0x2DD
0x3521,38,0x00C1FE,EF,EB,09,40,4,0x2DE
0x3520,,0x0C1FF,F4,EE,09,40,4,0x2DF
0x351F,F0,0x00C200,AA,EE,09,40,4,0x2E0
0x351E,FF,0x00C201,F3,29,09,40,4,0x2E1
0x351D,05,0x00C202,EF,E7,09,40,4,0x2E2
0x351C,01,0x00C203,EB,EC,09,40,4,0x2E3
0x351B,FE,0x00C204,7C,EF,09,40,4,0x2E4
0x351A,01,0x00C205,E8,E1,09,40,4,0x2E5
0x3519,0C,0x00C206,6F,E3,09,40,4,0x2E6
0x3518,00,0x00C207,E6,E4,09,40,4,0x2E7
0x3517,F8,0x00C208,D2,6F,09,40,4,0x2E8
0x3516,0A,0x00C209,E0,E4,09,40,4,0x2E9
0x3515,3F,0x00C20A,E6,6D,09,40,4,0x2EA
0x3514,00,0x00C20B,E9,E2,09,40,4,0x2EB
0x3513,FC,0x00C20C,5E,DA,09,40,4,0x2EC
0x3512,7F,0x00C20D,E7,E6,09,40,4,0x2ED
0x3511,00,0x00C20E,EB,5B,09,40,4,0x2EE
0x3510,F8,0x00C20F,E4,EA,09,40,4,0x2EF
0x350F,FF,0x00C210,E0,DA,09,40,4,0x2F0
0x350E,07,0x00C211,DD,19,09,40,4,0x2F1
0x350D,04,0x00C212,98,B8,09,40,4,0x2F2
0x350C,00,0x00C213,E0,D6,09,40,4,0x2F3
0x350B,F0,0x00C214,D7,DB,09,40,4,0x2F4
0x350A,FF,0x00C215,D5,E0,09,40,4,0x2F5
0x3509,03,0x00C216,DB,B4,09,40,4,0x2F6
0x3508,04,0x00C217,CF,DC,09,40,4,0x2F7
0x3507,8D,0x00C218,DB,DD,09,40,4,0x2F8
0x3506,03,0x00C219,D2,91,09,40,4,0x2F9
0x3505,,0x0C21A,5D,B3,09,40,4,0x2FA
0x3504,,0x0C21B,D2,BF,09,40,4,0x2FB
0x3503,C0,0x00C21C,CA,CD,09,40,4,0x2FC
0x3502,09,0x00C21D,EC,DC,09,40,4,0x2FD
0x34FF,09,0x00C220,D5,D3,09,40,4,0x300
0x34FE,04,0x00C221,E7,47,09,40,4,0x301
0x34FD,04,0x00C222,58,CD,09,40,4,0x302
0x34FC,FE,0x00C223,C9,CA,09,40,4,0x303
0x34FB,FF,0x00C224,54,C5,09,40,4,0x304
0x34FA,0F,0x00C225,C7,3C,09,40,4,0x305
0x34F9,00,0x00C226,A3,49,09,40,4,0x306
0x34F8,08,0x00C227,CB,C5,09,40,4,0x307
0x34F7,09,0x00C228,40,C5,09,40,4,0x308
0x34F6,07,0x00C229,C0,C4,09,40,4,0x309
0x34F5,04,0x00C22A,C5,3F,09,40,4,0x30A
0x34F4,0A,0x00C22B,C1,BD,09,40,4,0x30B
0x34F3,E0,0x00C22C,B5,DC,09,40,4,0x30C
0x34F2,F1,0x00C22D,FB,C5,09,40,4,0x30D
0x34F1,87,0x00C22E,C4,B9,09,40,4,0x30E
0x34F0,FF,0x00C22F,B8,B9,09,40,4,0x30F
0x34EF,07,0x00C230,B8,BC,09,40,4,0x310
0x34EE,04,0x00C231,BF,BC,09,40,4,0x311
0x34ED,0C,0x00C232,BA,46,09,40,4,0x312
0x34EC,00,0x00C233,BA,B9,09,40,4,0x313
0x34EB,09,0x00C234,B5,45,09,40,4,0x314
0x34EA,3F,0x00C235,BC,B7,09,40,4,0x315
0x34E9,01,0x00C236,31,33,09,40,4,0x316
0x34E8,00,0x00C237,72,B2,09,40,4,0x317
0x34E7,01,0x00C238,3A,B8,09,40,4,0x318
0x34E5,00,0x00C23A,B2,AD,09,40,4,0x31A
0x34E4,E0,0x00C23B,B2,AD,09,40,4,0x31B
0x34E3,FF,0x00C23C,AD,EC,09,40,4,0x31C
0x34E2,0B,0x00C23D,8C,B6,09,40,4,0x31D
0x34E1,04,0x00C23E,AA,6B,09,40,4,0x31E
0x34E0,00,0x00C23F,B0,B4,09,40,4,0x31F
0x34DF,80,0x00C240,AC,E8,09,40,4,0x320
0x34DE,FF,0x00C241,AC,C4,09,40,4,0x321
0x34DD,0F,0x00C242,3D,B0,09,40,4,0x322
0x34DC,8F,0x00C243,A9,96,09,40,4,0x323
0x34DB,03,0x00C244,30,A4,09,40,4,0x324
0x34DA,90,0x00C245,A7,A9,09,40,4,0x325
0x34D9,03,0x00C246,93,A3,09,40,4,0x326
0x34D7,00,0x00C248,A7,A8,09,40,4,0x328
0x34D6,07,0x00C249,AA,A4,09,40,4,0x329
0x34D5,03,0x00C24A,5F,AB,09,40,4,0x32A
0x34D4,FE,0x00C24B,A8,1E,09,40,4,0x32B
0x34D3,FF,0x00C24C,AC,A8,09,40,4,0x32C
0x34D2,3F,0x00C24D,A6,DB,09,40,4,0x32D
0x34D1,0B,0x00C24E,7B,9B,09,40,4,0x32E
0x34D0,E0,0x00C24F,99,92,09,40,4,0x32F
0x34CF,0A,0x00C250,9E,18,09,40,4,0x330
0x34CD,0E,0x00C252,9F,77,09,40,4,0x332
0x34CC,09,0x00C253,A0,95,09,40,4,0x333
0x34CB,F8,0x00C254,96,14,09,40,4,0x334
0x34CA,FF,0x00C255,21,94,09,40,4,0x335
0x34C9,7F,0x00C256,96,98,09,40,4,0x336
0x34C7,FF,0x00C258,B0,90,09,40,4,0x338
0x34C6,03,0x00C259,9B,91,09,40,4,0x339
0x34C5,04,0x00C25A,4F,1C,09,40,4,0x33A
0x34C4,0C,0x00C25B,99,91,09,40,4,0x33B
0x34C3,00,0x00C25C,94,1A,09,40,4,0x33C
0x34C2,FE,0x00C25D,90,8F,09,40,4,0x33D
0x34C1,0A,0x00C25E,1C,7B,09,40,4,0x33E
0x34C0,3F,0x00C25F,8D,89,09,40,4,0x33F
0x34BF,00,0x00C260,18,8F,09,40,4,0x340
0x34BE,FC,0x00C261,8B,C7,09,40,4,0x341
0x34BD,1F,0x00C262,67,87,09,40,4,0x342
0x34BC,00,0x00C263,8F,A6,09,40,4,0x343
0x34BB,F4,0x00C264,C4,65,09,40,4,0x344
0x34BA,FF,0x00C265,84,83,09,40,4,0x345
0x34B9,07,0x00C266,89,88,09,40,4,0x346
0x34B8,04,0x00C267,85,8D,09,40,4,0x347
0x34B7,00,0x00C268,80,61,09,40,4,0x348
0x34B6,F0,0x00C269,9F,7F,09,40,4,0x349
0x34B5,FF,0x00C26A,7F,84,09,40,4,0x34A
0x34B4,03,0x00C26B,83,89,09,40,4,0x34B
0x34B3,04,0x00C26C,7C,6D,09,40,4,0x34C
0x34B2,8D,0x00C26D,84,81,09,40,4,0x34D
0x34B1,03,0x00C26E,87,7F,09,40,4,0x34E
0x34B0,8E,0x00C26F,FA,72,09,40,4,0x34F
0x34AF,03,0x00C270,B8,78,09,40,4,0x350
0x34AE,0B,0x00C271,68,7F,09,40,4,0x351
0x34AD,03,0x00C272,00,7B,09,40,4,0x352
0x34AC,04,0x00C273,79,81,09,40,4,0x353
0x34AB,00,0x00C274,78,F5,09,40,4,0x354
0x34AA,02,0x00C275,78,7D,09,40,4,0x355
0x34A9,04,0x00C276,73,92,09,40,4,0x356
0x34A8,FE,0x00C277,62,73,09,40,4,0x357
0x34A7,,0x0C278,70,71,09,40,4,0x358
0x34A6,0F,0x00C279,76,88,09,40,4,0x359
0x34A5,00,0x00C27A,70,F5,09,40,4,0x35A
0x34A4,08,0x00C27B,04,71,09,40,4,0x35B
0x34A3,09,0x00C27C,70,89,09,40,4,0x35C
0x34A2,07,0x00C27D,F7,5C,09,40,4,0x35D
0x34A1,04,0x00C27E,6E,6A,09,40,4,0x35E
0x34A0,0A,0x00C27F,62,C9,09,40,4,0x35F
0x349E,3E,0x00C281,E7,66,09,40,4,0x361
0x349D,C0,0x00C282,71,66,09,40,4,0x362
0x349C,FF,0x00C283,26,67,09,40,4,0x363
0x349B,03,0x00C284,6F,F4,09,40,4,0x364
0x349A,04,0x00C285,6B,67,09,40,4,0x365
0x3499,0C,0x00C286,67,63,09,40,4,0x366
0x3498,80,0x00C287,6C,7A,09,40,4,0x367
0x3497,FF,0x00C288,51,64,09,40,4,0x368
0x3496,05,0x00C289,5F,69,09,40,4,0x369
0x3495,4F,0x00C28A,64,9E,09,40,4,0x36A
0x3494,00,0x00C28B,69,68,09,40,4,0x36B
0x3493,09,0x00C28C,DD,1D,09,40,4,0x36C
0x3492,03,0x00C28D,66,5B,09,40,4,0x36D
0x3491,FC,0x00C28E,5C,61,09,40,4,0x36E
0x3490,FF,0x00C28F,E4,69,09,40,4,0x36F
0x348F,,0x0C290,5C,5B,09,40,4,0x370
0x348E,04,0x00C291,D8,5C,09,40,4,0x371
0x348B,FF,0x00C294,64,54,09,40,4,0x374
0x348A,07,0x00C295,5F,D3,09,40,4,0x375
0x3489,04,0x00C296,13,33,09,40,4,0x376
0x3488,8F,0x00C297,5D,51,09,40,4,0x377
0x3487,,0x0C298,54,58,09,40,4,0x378
0x3485,18,0x00C29A,E0,5B,09,40,4,0x37A
0x3484,,0x0C29B,51,2E,09,40,4,0x37B
0x3483,09,0x00C29C,DC,58,09,40,4,0x37C
0x3482,3F,0x00C29D,4F,8B,09,40,4,0x37D
0x3481,0B,0x00C29E,2B,4B,09,40,4,0x37E
0x3480,E0,0x00C29F,53,2A,09,40,4,0x37F
0x347F,FF,0x00C2A0,88,58,09,40,4,0x380
0x347E,06,0x00C2A1,54,48,09,40,4,0x381
0x347D,07,0x00C2A2,07,E7,09,40,4,0x382
0x347B,01,0x00C2A4,54,C4,09,40,4,0x384
0x3478,FF,0x00C2A7,4D,40,09,40,4,0x387
0x3477,3F,0x00C2A8,C0,40,09,40,4,0x388
0x3476,F0,0x00C2A9,40,41,09,40,4,0x389
0x3475,FF,0x00C2AA,47,CC,09,40,4,0x38A
0x3474,03,0x00C2AB,36,41,09,40,4,0x38B
0x3473,04,0x00C2AC,7C,CA,09,40,4,0x38C
0x3472,0C,0x00C2AD,2C,3F,09,40,4,0x38D
0x3471,80,0x00C2AE,3A,FB,09,40,4,0x38E
0x3470,0B,0x00C2AF,40,45,09,40,4,0x38F
0x346F,1F,0x00C2B0,3C,39,09,40,4,0x390
0x346E,00,0x00C2B1,3F,48,09,40,4,0x391
0x346D,F8,0x00C2B2,3B,27,09,40,4,0x392
0x346C,03,0x00C2B3,3F,35,09,40,4,0x393
0x346B,04,0x00C2B4,3C,B4,09,40,4,0x394
0x346A,00,0x00C2B5,38,3F,09,40,4,0x395
0x3469,FC,0x00C2B6,33,23,09,40,4,0x396
0x3468,FF,0x00C2B7,2A,31,09,40,4,0x397
0x3467,03,0x00C2B8,3A,36,09,40,4,0x398
0x3466,04,0x00C2B9,AF,3B,09,40,4,0x399
0x3465,00,0x00C2BA,C6,AB,09,40,4,0x39A
0x3464,F8,0x00C2BB,31,2E,09,40,4,0x39B
0x3463,FF,0x00C2BC,B8,2B,09,40,4,0x39C
0x3462,07,0x00C2BD,2F,2B,09,40,4,0x39D
0x3461,04,0x00C2BE,23,2E,09,40,4,0x39E
0x3460,8D,0x00C2BF,33,2E,09,40,4,0x39F
0x345F,03,0x00C2C0,A8,34,09,40,4,0x3A0
0x345E,8E,0x00C2C1,32,E8,09,40,4,0x3A1
0x345D,03,0x00C2C2,E7,26,09,40,4,0x3A2
0x345C,FC,0x00C2C3,30,2B,09,40,4,0x3A3
0x345B,0A,0x00C2C4,2C,6C,09,40,4,0x3A4
0x345A,0F,0x00C2C5,28,2D,09,40,4,0x3A5
0x3459,00,0x00C2C6,2D,27,09,40,4,0x3A6
0x3458,01,0x00C2C7,1A,26,09,40,4,0x3A7
0x3457,09,0x00C2C8,20,A7,09,40,4,0x3A8
0x3456,07,0x00C2C9,9F,23,09,40,4,0x3A9
0x3455,04,0x00C2CA,2A,19,09,40,4,0x3AA
0x3454,0B,0x00C2CB,DE,1D,09,40,4,0x3AB
0x3453,80,0x00C2CC,1C,22,09,40,4,0x3AC
0x3452,09,0x00C2CD,22,4B,09,40,4,0x3AD
0x3451,07,0x00C2CE,A6,24,09,40,4,0x3AE
0x3450,04,0x00C2CF,1D,18,09,40,4,0x3AF
0x344F,0A,0x00C2D0,D9,38,09,40,4,0x3B0
0x344E,B8,0x00C2D1,37,A8,09,40,4,0x3B1
0x344D,03,0x00C2D2,17,1A,09,40,4,0x3B2
0x344C,04,0x00C2D3,06,AD,09,40,4,0x3B3
0x344B,F0,0x00C2D4,1C,18,09,40,4,0x3B4
0x344A,FF,0x00C2D5,18,94,09,40,4,0x3B5
0x3449,01,0x00C2D6,1E,0E,09,40,4,0x3B6
0x3448,00,0x00C2D7,D2,11,09,40,4,0x3B7
0x3447,E0,0x00C2D8,10,30,09,40,4,0x3B8
0x3446,01,0x00C2D9,17,1A,09,40,4,0x3B9
0x3445,09,0x00C2DA,10,CF,09,40,4,0x3BA
0x3444,C0,0x00C2DB,9F,0D,09,40,4,0x3BB
0x3443,FF,0x00C2DC,10,13,09,40,4,0x3BC
0x3442,05,0x00C2DD,9B,8F,09,40,4,0x3BD
0x3441,13,0x00C2DE,0E,15,09,40,4,0x3BE
0x3440,88,0x00C2DF,02,06,09,40,4,0x3BF
0x343F,03,0x00C2E0,12,08,09,40,4,0x3C0
0x343D,09,0x00C2E2,13,FF,09,40,4,0x3C2
0x343C,05,0x00C2E3,E6,05,09,40,4,0x3C3
0x343B,04,0x00C2E4,04,14,09,40,4,0x3C4
0x343A,00,0x00C2E5,0B,04,09,40,4,0x3C5
0x3439,80,0x00C2E6,07,0B,09,40,4,0x3C6
0x3438,FF,0x00C2E7,02,FA,09,40,4,0x3C7
0x3437,90,0x00C2E8,81,0C,09,40,4,0x3C8
0x3436,03,0x00C2E9,0B,1F,09,40,4,0x3C9
0x3435,97,0x00C2EA,3E,0A,09,40,4,0x3CA
0x3434,03,0x00C2EB,FE,CE,09,40,4,0x3CB
0x3433,80,0x00C2EC,05,FC,09,40,4,0x3CC
0x3432,FB,0x00C2ED,FA,3B,09,40,4,0x3CD
0x3431,FF,0x00C2EE,1A,FB,09,40,4,0x3CE
0x3430,1F,0x00C2EF,F2,DA,09,40,4,0x3CF
0x342F,0B,0x00C2F0,F8,02,09,40,4,0x3D0
0x342E,E0,0x00C2F1,00,F9,09,40,4,0x3D1
0x342D,FF,0x00C2F2,F8,84,09,40,4,0x3D2
0x342C,06,0x00C2F3,F8,F9,09,40,4,0x3D3
0x342B,41,0x00C2F4,F9,83,09,40,4,0x3D4
0x342A,00,0x00C2F5,D4,F7,09,40,4,0x3D5
0x3428,FE,0x00C2F7,01,F7,09,40,4,0x3D7
0x3427,FF,0x00C2F8,F1,EF,09,40,4,0x3D8
0x3426,1F,0x00C2F9,EC,EF,09,40,4,0x3D9
0x3425,FC,0x00C2FA,F8,F6,09,40,4,0x3DA
0x3424,FF,0x00C2FB,2D,F2,09,40,4,0x3DB
0x3423,07,0x00C2FC,ED,F5,09,40,4,0x3DC
0x3422,04,0x00C2FD,F5,F0,09,40,4,0x3DD
0x3421,0C,0x00C2FE,EE,E3,09,40,4,0x3DE
0x3420,E0,0x00C2FF,E2,E9,09,40,4,0x3DF
0x341F,0B,0x00C300,F0,28,09,40,4,0x3E0
0x341E,1F,0x00C301,EC,F3,09,40,4,0x3E1
0x341D,0B,0x00C302,73,D7,09,40,4,0x3E2
0x341C,FA,0x00C303,E9,E5,09,40,4,0x3E3
0x341B,FF,0x00C304,E5,64,09,40,4,0x3E4
0x341A,03,0x00C305,EF,F0,09,40,4,0x3E5
0x3419,04,0x00C306,E6,E3,09,40,4,0x3E6
0x3418,00,0x00C307,DE,E1,09,40,4,0x3E7
0x3417,,0x0C308,EA,E6,09,40,4,0x3E8
0x3416,07,0x00C309,1F,E1,09,40,4,0x3E9
0x3415,04,0x00C30A,E9,DF,09,40,4,0x3EA
0x3413,03,0x00C30C,E7,E6,09,40,4,0x3EC
0x3412,8E,0x00C30D,DF,BC,09,40,4,0x3ED
0x3411,03,0x00C30E,DF,DA,09,40,4,0x3EE
0x3410,F0,0x00C30F,E4,DF,09,40,4,0x3EF
0x340F,FF,0x00C310,D1,E9,09,40,4,0x3F0
0x340E,FE,0x00C311,D7,61,09,40,4,0x3F1
0x340D,FF,0x00C312,56,DA,09,40,4,0x3F2
0x340C,7F,0x00C313,E1,D4,09,40,4,0x3F3
0x340B,80,0x00C314,B5,D4,09,40,4,0x3F4
0x340A,05,0x00C315,D3,D9,09,40,4,0x3F5
0x3409,09,0x00C316,D9,E2,09,40,4,0x3F6
0x3408,03,0x00C317,5D,DB,09,40,4,0x3F7
0x3407,04,0x00C318,D4,CF,09,40,4,0x3F8
0x3406,0B,0x00C319,C0,D3,09,40,4,0x3F9
0x3405,80,0x00C31A,4E,D3,09,40,4,0x3FA
0x3404,09,0x00C31B,CE,5E,09,40,4,0x3FB
0x3403,03,0x00C31C,AD,D0,09,40,4,0x3FC
0x3402,04,0x00C31D,CF,CC,09,40,4,0x3FD
0x3401,00,0x00C31E,CF,DB,09,40,4,0x3FE
0x3400,08,0x00C31F,D5,CD,09,40,4,0x3FF
0x3BFF,,0x0C330,D6,D4,09,40,5,0x000
0x3BFE,C0,0x00C331,CE,C7,09,40,5,0x001
0x3BFD,FF,0x00C332,CB,D5,09,40,5,0x002
0x3BFC,0F,0x00C333,C9,CC,09,40,5,0x003
0x3BFB,03,0x00C334,CF,CC,09,40,5,0x004
0x3BFA,8F,0x00C335,C5,4F,09,40,5,0x005
0x3BF9,03,0x00C336,54,C9,09,40,5,0x006
0x3BF8,80,0x00C337,C8,45,09,40,5,0x007
0x3BF7,0C,0x00C338,4F,CD,09,40,5,0x008
0x3BF6,FF,0x00C339,C6,C4,09,40,5,0x009
0x3BF5,01,0x00C33A,B2,C2,09,40,5,0x00A
0x3BF4,00,0x00C33B,CD,C8,09,40,5,0x00B
0x3BF3,0C,0x00C33C,C0,BC,09,40,5,0x00C
0x3BF2,04,0x00C33D,C6,C8,09,40,5,0x00D
0x3BF1,00,0x00C33E,C9,C5,09,40,5,0x00E
0x3BF0,08,0x00C33F,3C,C1,09,40,5,0x00F
0x3BEF,03,0x00C340,45,4B,09,40,5,0x010
0x3BED,07,0x00C342,B2,B9,09,40,5,0x012
0x3BEC,04,0x00C343,B8,C8,09,40,5,0x013
0x3BEB,00,0x00C344,BF,BB,09,40,5,0x014
0x3BEA,07,0x00C345,C6,BE,09,40,5,0x015
0x3BE9,FE,0x00C346,3D,BA,09,40,5,0x016
0x3BE8,0B,0x00C347,B8,C1,09,40,5,0x017
0x3BE7,01,0x00C348,B0,94,09,40,5,0x018
0x3BE5,03,0x00C34A,D1,B7,09,40,5,0x01A
0x3BE4,80,0x00C34B,B1,AD,09,40,5,0x01B
0x3BE3,FF,0x00C34C,B9,AF,09,40,5,0x01C
0x3BE2,05,0x00C34D,B2,B6,09,40,5,0x01D
0x3BE1,0B,0x00C34E,AC,B1,09,40,5,0x01E
0x3BE0,C0,0x00C34F,AC,AE,09,40,5,0x01F
0x3BDF,09,0x00C350,B3,AC,09,40,5,0x020
0x3BDE,3F,0x00C351,AC,9B,09,40,5,0x021
0x3BDD,8F,0x00C352,38,A9,09,40,5,0x022
0x3BDC,,0x0C353,AC,B0,09,40,5,0x023
0x3BDB,FF,0x00C354,33,B4,09,40,5,0x024
0x3BDA,0F,0x00C355,AA,A3,09,40,5,0x025
0x3BD9,03,0x00C356,E5,A5,09,40,5,0x026
0x3BD8,07,0x00C357,B1,AD,09,40,5,0x027
0x3BD7,04,0x00C358,A0,A7,09,40,5,0x028
0x3BD6,0C,0x00C359,A2,E2,09,40,5,0x029
0x3BD5,E0,0x00C35A,A7,AB,09,40,5,0x02A
0x3BD4,FF,0x00C35B,B0,AC,09,40,5,0x02B
0x3BD3,05,0x00C35C,A0,1F,09,40,5,0x02C
0x3BD2,FC,0x00C35D,A6,A9,09,40,5,0x02D
0x3BCF,03,0x00C360,A5,AB,09,40,5,0x030
0x3BCD,F8,0x00C362,9B,9A,09,40,5,0x032
0x3BCC,FF,0x00C363,99,A8,09,40,5,0x033
0x3BCB,06,0x00C364,9F,9B,09,40,5,0x034
0x3BCA,7F,0x00C365,95,8F,09,40,5,0x035
0x3BC8,FE,0x00C367,9C,9D,09,40,5,0x037
0x3BC7,88,0x00C368,97,B3,09,40,5,0x038
0x3BC6,03,0x00C369,9C,93,09,40,5,0x039
0x3BC5,7F,0x00C36A,82,97,09,40,5,0x03A
0x3BC4,00,0x00C36B,90,94,09,40,5,0x03B
0x3BC3,80,0x00C36C,98,94,09,40,5,0x03C
0x3BC2,FF,0x00C36D,92,16,09,40,5,0x03D
0x3BC1,07,0x00C36E,9D,91,09,40,5,0x03E
0x3BC0,07,0x00C36F,98,8B,09,40,5,0x03F
0x3BBF,04,0x00C370,0C,8B,09,40,5,0x040
0x3BBE,09,0x00C371,1A,9A,09,40,5,0x041
0x3BBD,C0,0x00C372,8D,8A,09,40,5,0x042
0x3BBC,FF,0x00C373,14,90,09,40,5,0x043
0x3BBB,0F,0x00C374,8B,87,09,40,5,0x044
0x3BBA,03,0x00C375,47,8F,09,40,5,0x045
0x3BB9,00,0x00C376,92,89,09,40,5,0x046
0x3BB8,0F,0x00C377,88,89,09,40,5,0x047
0x3BB7,03,0x00C378,88,0C,09,40,5,0x048
0x3BB6,F8,0x00C379,83,86,09,40,5,0x049
0x3BB5,FF,0x00C37A,87,42,09,40,5,0x04A
0x3BB4,08,0x00C37B,71,8A,09,40,5,0x04B
0x3BB3,1F,0x00C37C,7F,8B,09,40,5,0x04C
0x3BB2,00,0x00C37D,86,FF,09,40,5,0x04D
0x3BB1,05,0x00C37E,8D,88,09,40,5,0x04E
0x3BB0,03,0x00C37F,7D,8C,09,40,5,0x04F
0x3BAF,04,0x00C380,85,0B,09,40,5,0x050
0x3BAD,03,0x00C382,78,10,09,40,5,0x052
0x3BAC,09,0x00C383,78,7C,09,40,5,0x053
0x3BAB,,0x0C384,7F,F8,09,40,5,0x054
0x3BAA,04,0x00C385,78,36,09,40,5,0x055
0x3BA9,0A,0x00C386,76,75,09,40,5,0x056
0x3BA8,80,0x00C387,7C,76,09,40,5,0x057
0x3BA7,FF,0x00C388,77,74,09,40,5,0x058
0x3BA6,08,0x00C389,7C,79,09,40,5,0x059
0x3BA5,01,0x00C38A,81,7B,09,40,5,0x05A
0x3BA4,88,0x00C38B,71,78,09,40,5,0x05B
0x3BA3,03,0x00C38C,78,74,09,40,5,0x05C
0x3BA2,80,0x00C38D,72,78,09,40,5,0x05D
0x3BA0,7F,0x00C38F,78,AC,09,40,5,0x05F
0x3B9F,00,0x00C390,EB,6C,09,40,5,0x060
0x3B9E,07,0x00C391,FA,67,09,40,5,0x061
0x3B9D,F8,0x00C392,6D,E9,09,40,5,0x062
0x3B9C,09,0x00C393,F5,69,09,40,5,0x063
0x3B9B,3F,0x00C394,6B,72,09,40,5,0x064
0x3B9A,8F,0x00C395,73,6A,09,40,5,0x065
0x3B98,97,0x00C397,64,6E,09,40,5,0x067
0x3B97,03,0x00C398,69,E3,09,40,5,0x068
0x3B95,FF,0x00C39A,6A,68,09,40,5,0x06A
0x3B94,1F,0x00C39B,5F,6C,09,40,5,0x06B
0x3B93,0B,0x00C39C,5F,63,09,40,5,0x06C
0x3B92,F8,0x00C39D,68,63,09,40,5,0x06D
0x3B91,FF,0x00C39E,61,F1,09,40,5,0x06E
0x3B90,3F,0x00C39F,68,60,09,40,5,0x06F
0x3B8F,09,0x00C3A0,DC,5C,09,40,5,0x070
0x3B8E,F8,0x00C3A1,5A,6A,09,40,5,0x071
0x3B8D,FF,0x00C3A2,62,5D,09,40,5,0x072
0x3B8C,01,0x00C3A3,5C,65,09,40,5,0x073
0x3B8B,E0,0x00C3A4,59,57,09,40,5,0x074
0x3B8A,3F,0x00C3A5,57,58,09,40,5,0x075
0x3B89,00,0x00C3A6,4E,56,09,40,5,0x076
0x3B88,0B,0x00C3A7,54,95,09,40,5,0x077
0x3B87,03,0x00C3A8,5C,DC,09,40,5,0x078
0x3B85,07,0x00C3AA,55,4F,09,40,5,0x07A
0x3B84,,0x0C3AB,55,50,09,40,5,0x07B
0x3B83,,0x0C3AC,50,5F,09,40,5,0x07C
0x3B82,80,0x00C3AD,56,59,09,40,5,0x07D
0x3B81,FF,0x00C3AE,46,CE,09,40,5,0x07E
0x3B80,07,0x00C3AF,DC,4C,09,40,5,0x07F
0x3B7F,01,0x00C3B0,4F,54,09,40,5,0x080
0x3B7E,92,0x00C3B1,D7,4C,09,40,5,0x081
0x3B7D,,0x0C3B2,4D,D2,09,40,5,0x082
0x3B7C,00,0x00C3B3,55,4C,09,40,5,0x083
0x3B7B,0F,0x00C3B4,4F,08,09,40,5,0x084
0x3B7A,03,0x00C3B5,4B,46,09,40,5,0x085
0x3B79,0C,0x00C3B6,46,4B,09,40,5,0x086
0x3B78,FF,0x00C3B7,4A,50,09,40,5,0x087
0x3B77,01,0x00C3B8,43,24,09,40,5,0x088
0x3B76,00,0x00C3B9,4B,4D,09,40,5,0x089
0x3B75,40,0x00C3BA,43,51,09,40,5,0x08A
0x3B74,88,0x00C3BB,41,D0,09,40,5,0x08B
0x3B73,03,0x00C3BC,49,43,09,40,5,0x08C
0x3B72,80,0x00C3BD,42,D5,09,40,5,0x08D
0x3B71,FE,0x00C3BE,49,41,09,40,5,0x08E
0x3B70,FF,0x00C3BF,BC,FD,09,40,5,0x08F
0x3B6F,07,0x00C3C0,3C,23,09,40,5,0x090
0x3B6E,04,0x00C3C1,43,3A,09,40,5,0x091
0x3B6D,0A,0x00C3C2,3D,3B,09,40,5,0x092
0x3B6C,C0,0x00C3C3,37,42,09,40,5,0x093
0x3B6B,,0x0C3C4,37,B8,09,40,5,0x094
0x3B6A,08,0x00C3C5,3E,40,09,40,5,0x095
0x3B69,89,0x00C3C6,3A,39,09,40,5,0x096
0x3B68,03,0x00C3C7,35,39,09,40,5,0x097
0x3B67,C0,0x00C3C8,3C,3D,09,40,5,0x098
0x3B66,FF,0x00C3C9,36,2B,09,40,5,0x099
0x3B65,7F,0x00C3CA,2E,39,09,40,5,0x09A
0x3B64,00,0x00C3CB,30,35,09,40,5,0x09B
0x3B63,,0x0C3CC,37,30,09,40,5,0x09C
0x3B62,FE,0x00C3CD,36,2D,09,40,5,0x09D
0x3B61,09,0x00C3CE,32,4D,09,40,5,0x09E
0x3B60,3F,0x00C3CF,BC,2D,09,40,5,0x09F
0x3B5F,8F,0x00C3D0,2F,36,09,40,5,0x0A0
0x3B5E,03,0x00C3D1,B7,2E,09,40,5,0x0A1
0x3B5D,97,0x00C3D2,2D,28,09,40,5,0x0A2
0x3B5C,,0x0C3D3,2C,32,09,40,5,0x0A3
0x3B5B,E4,0x00C3D4,2C,A7,09,40,5,0x0A4
0x3B5A,FF,0x00C3D5,32,27,09,40,5,0x0A5
0x3B59,1F,0x00C3D6,06,2C,09,40,5,0x0A6
0x3B57,FC,0x00C3D8,A3,2B,09,40,5,0x0A8
0x3B56,FF,0x00C3D9,2E,26,09,40,5,0x0A9
0x3B55,1F,0x00C3DA,A2,26,09,40,5,0x0AA
0x3B54,09,0x00C3DB,20,B4,09,40,5,0x0AB
0x3B53,FC,0x00C3DC,29,23,09,40,5,0x0AC
0x3B52,3F,0x00C3DD,22,1F,09,40,5,0x0AD
0x3B51,00,0x00C3DE,3D,2C,09,40,5,0x0AE
0x3B50,F0,0x00C3DF,28,20,09,40,5,0x0AF
0x3B4D,03,0x00C3E2,21,22,09,40,5,0x0B2
0x3B4C,C0,0x00C3E3,1C,58,09,40,5,0x0B3
0x3B4B,0A,0x00C3E4,FF,18,09,40,5,0x0B4
0x3B4A,03,0x00C3E5,20,1C,09,40,5,0x0B5
0x3B49,04,0x00C3E6,12,2E,09,40,5,0x0B6
0x3B48,00,0x00C3E7,14,9D,09,40,5,0x0B7
0x3B47,80,0x00C3E8,1B,17,09,40,5,0x0B8
0x3B46,0A,0x00C3E9,16,11,09,40,5,0x0B9
0x3B45,7F,0x00C3EA,31,11,09,40,5,0x0BA
0x3B44,93,0x00C3EB,11,18,09,40,5,0x0BB
0x3B43,03,0x00C3EC,18,14,09,40,5,0x0BC
0x3B42,00,0x00C3ED,0D,19,09,40,5,0x0BD
0x3B41,0E,0x00C3EE,9D,EE,09,40,5,0x0BE
0x3B40,,0x0C3EF,10,18,09,40,5,0x0BF
0x3B3F,E0,0x00C3F0,98,8B,09,40,5,0x0C0
0x3B3E,FF,0x00C3F1,0E,94,09,40,5,0x0C1
0x3B3D,08,0x00C3F2,06,0D,09,40,5,0x0C2
0x3B3C,3F,0x00C3F3,14,C9,09,40,5,0x0C3
0x3B3B,00,0x00C3F4,27,07,09,40,5,0x0C4
0x3B3A,05,0x00C3F5,07,0C,09,40,5,0x0C5
0x3B39,18,0x00C3F6,86,06,09,40,5,0x0C6
0x3B38,00,0x00C3F7,10,0C,09,40,5,0x0C7
0x3B37,09,0x00C3F8,83,00,09,40,5,0x0C8
0x3B36,03,0x00C3F9,03,0D,09,40,5,0x0C9
0x3B35,,0x0C3FA,0B,21,09,40,5,0x0CA
0x3B34,,0x0C3FB,04,90,09,40,5,0x0CB
0x3B33,04,0x00C3FC,E0,03,09,40,5,0x0CC
0x3B32,0A,0x00C3FD,0A,95,09,40,5,0x0CD
0x3B31,F0,0x00C3FE,1D,01,09,40,5,0x0CE
0x3B30,0B,0x00C3FF,FD,DD,09,40,5,0x0CF
0x3B2F,3F,0x00C400,03,F5,09,40,5,0x0D0
0x3B2E,89,0x00C401,FE,FA,09,40,5,0x0D1
0x3B2D,03,0x00C402,12,04,09,40,5,0x0D2
0x3B2C,C0,0x00C403,02,79,09,40,5,0x0D3
0x3B2B,FF,0x00C404,FB,01,09,40,5,0x0D4
0x3B2A,7F,0x00C405,FB,FA,09,40,5,0x0D5
0x3B29,0A,0x00C406,F6,FA,09,40,5,0x0D6
0x3B28,80,0x00C407,FC,F6,09,40,5,0x0D7
0x3B27,0A,0x00C408,F7,F4,09,40,5,0x0D8
0x3B26,7F,0x00C409,D3,E3,09,40,5,0x0D9
0x3B25,8F,0x00C40A,F1,F3,09,40,5,0x0DA
0x3B24,03,0x00C40B,F9,F1,09,40,5,0x0DB
0x3B23,00,0x00C40C,F1,EF,09,40,5,0x0DC
0x3B22,17,0x00C40D,7E,F6,09,40,5,0x0DD
0x3B21,,0x0C40E,F1,F2,09,40,5,0x0DE
0x3B20,F8,0x00C40F,79,76,09,40,5,0x0DF
0x3B1E,0F,0x00C411,F2,6B,09,40,5,0x0E1
0x3B1D,0B,0x00C412,EE,F4,09,40,5,0x0E2
0x3B1C,FC,0x00C413,F4,68,09,40,5,0x0E3
0x3B1B,FF,0x00C414,C8,F1,09,40,5,0x0E4
0x3B1A,1F,0x00C415,E6,67,09,40,5,0x0E5
0x3B19,09,0x00C416,F2,E5,09,40,5,0x0E6
0x3B18,9C,0x00C417,C5,84,09,40,5,0x0E7
0x3B16,00,0x00C419,EC,E8,09,40,5,0x0E9
0x3B15,F8,0x00C41A,E5,76,09,40,5,0x0EA
0x3B14,03,0x00C41B,E1,E4,09,40,5,0x0EB
0x3B13,04,0x00C41C,E8,E0,09,40,5,0x0EC
0x3B12,8A,0x00C41D,CF,ED,09,40,5,0x0ED
0x3B11,03,0x00C41E,64,E1,09,40,5,0x0EE
0x3B10,E0,0x00C41F,E0,D9,09,40,5,0x0EF
0x3B0F,0A,0x00C420,1B,DB,09,40,5,0x0F0
0x3B0E,03,0x00C421,E5,E3,09,40,5,0x0F1
0x3B0D,04,0x00C422,D6,DD,09,40,5,0x0F2
0x3B0C,00,0x00C423,D8,DD,09,40,5,0x0F3
0x3B0B,C0,0x00C424,DF,D8,09,40,5,0x0F4
0x3B0A,FF,0x00C425,DA,DC,09,40,5,0x0F5
0x3B09,9F,0x00C426,D9,DC,09,40,5,0x0F6
0x3B07,1F,0x00C428,DF,5C,09,40,5,0x0F8
0x3B06,93,0x00C429,93,D6,09,40,5,0x0F9
0x3B05,03,0x00C42A,62,D0,09,40,5,0x0FA
0x3B04,00,0x00C42B,D4,D0,09,40,5,0x0FB
0x3B03,0E,0x00C42C,5C,D7,09,40,5,0x0FC
0x3B02,,0x0C42D,D2,D3,09,40,5,0x0FD
0x3B01,FC,0x00C42E,C6,D8,09,40,5,0x0FE
0x3B00,FF,0x00C42F,D8,C5,09,40,5,0x0FF
0x3AFF,08,0x00C430,EB,D7,09,40,5,0x100
0x3AFE,03,0x00C431,CA,09,09,40,5,0x101
0x3AFD,04,0x00C432,D5,52,09,40,5,0x102
0x3AFC,00,0x00C433,E7,CB,09,40,5,0x103
0x3AFB,05,0x00C434,C7,A7,09,40,5,0x104
0x3AFA,06,0x00C435,CF,C5,09,40,5,0x105
0x3AF9,04,0x00C436,C8,44,09,40,5,0x106
0x3AF8,00,0x00C437,C3,C4,09,40,5,0x107
0x3AF7,09,0x00C438,CB,CA,09,40,5,0x108
0x3AF6,03,0x00C439,D1,CD,09,40,5,0x109
0x3AF5,09,0x00C43A,47,E0,09,40,5,0x10A
0x3AF4,,0x0C43B,C3,4F,09,40,5,0x10B
0x3AF3,04,0x00C43C,7F,C2,09,40,5,0x10C
0x3AF2,00,0x00C43D,C8,54,09,40,5,0x10D
0x3AF0,FC,0x00C43F,C0,2C,09,40,5,0x10F
0x3AEF,0B,0x00C440,BB,B9,09,40,5,0x110
0x3AEE,1F,0x00C441,C1,B9,09,40,5,0x111
0x3AED,89,0x00C442,BC,C3,09,40,5,0x112
0x3AEC,03,0x00C443,B4,78,09,40,5,0x113
0x3AEB,E0,0x00C444,C2,C0,09,40,5,0x114
0x3AEA,FF,0x00C445,F5,79,09,40,5,0x115
0x3AE9,3F,0x00C446,45,BE,09,40,5,0x116
0x3AE8,0A,0x00C447,B7,F0,09,40,5,0x117
0x3AE7,E0,0x00C448,B2,B3,09,40,5,0x118
0x3AE6,0A,0x00C449,BE,32,09,40,5,0x119
0x3AE5,7F,0x00C44A,B4,B0,09,40,5,0x11A
0x3AE4,8F,0x00C44B,CF,B3,09,40,5,0x11B
0x3AE3,03,0x00C44C,BA,B3,09,40,5,0x11C
0x3AE2,00,0x00C44D,2E,37,09,40,5,0x11D
0x3AE1,17,0x00C44E,EC,B0,09,40,5,0x11E
0x3AE0,03,0x00C44F,B8,6C,09,40,5,0x11F
0x3ADF,FE,0x00C450,9B,B5,09,40,5,0x120
0x3ADE,,0x0C451,A9,E9,09,40,5,0x121
0x3ADD,0F,0x00C452,B1,B2,09,40,5,0x122
0x3ADC,0B,0x00C453,AB,28,09,40,5,0x123
0x3ADB,FE,0x00C454,AA,A6,09,40,5,0x124
0x3ADA,FF,0x00C455,AA,E9,09,40,5,0x125
0x3AD9,1F,0x00C456,B1,A4,09,40,5,0x126
0x3AD8,09,0x00C457,A2,C3,09,40,5,0x127
0x3AD7,E2,0x00C458,A2,37,09,40,5,0x128
0x3AD6,01,0x00C459,A8,A5,09,40,5,0x129
0x3AD5,00,0x00C45A,A4,2E,09,40,5,0x12A
0x3AD4,FC,0x00C45B,AF,A3,09,40,5,0x12B
0x3AD3,01,0x00C45C,A9,1F,09,40,5,0x12C
0x3AD1,03,0x00C45E,A4,A5,09,40,5,0x12E
0x3AD0,F8,0x00C45F,9F,DB,09,40,5,0x12F
0x3ACF,0A,0x00C460,DA,A4,09,40,5,0x130
0x3ACE,03,0x00C461,A6,1A,09,40,5,0x131
0x3ACD,04,0x00C462,89,9A,09,40,5,0x132
0x3ACC,00,0x00C463,97,98,09,40,5,0x133
0x3ACB,C0,0x00C464,A7,9F,09,40,5,0x134
0x3AC9,87,0x00C466,21,9E,09,40,5,0x136
0x3AC7,03,0x00C468,73,97,09,40,5,0x138
0x3AC6,04,0x00C469,9D,92,09,40,5,0x139
0x3AC5,93,0x00C46A,10,97,09,40,5,0x13A
0x3AC4,03,0x00C46B,50,8C,09,40,5,0x13B
0x3AC3,8D,0x00C46C,9B,9A,09,40,5,0x13C
0x3AC2,03,0x00C46D,9D,AD,09,40,5,0x13D
0x3AC1,80,0x00C46E,8D,16,09,40,5,0x13E
0x3AC0,FF,0x00C46F,94,8F,09,40,5,0x13F
0x3ABF,08,0x00C470,8E,6B,09,40,5,0x140
0x3ABE,3F,0x00C471,86,89,09,40,5,0x141
0x3ABD,09,0x00C472,88,08,09,40,5,0x142
0x3ABC,80,0x00C473,90,92,09,40,5,0x143
0x3ABB,,0x0C474,88,67,09,40,5,0x144
0x3ABA,88,0x00C475,86,91,09,40,5,0x145
0x3AB9,03,0x00C476,8B,A4,09,40,5,0x146
0x3AB8,80,0x00C477,87,13,09,40,5,0x147
0x3AB7,09,0x00C478,73,86,09,40,5,0x148
0x3AB6,01,0x00C479,81,18,09,40,5,0x149
0x3AB5,00,0x00C47A,87,84,09,40,5,0x14A
0x3AB4,06,0x00C47B,80,18,09,40,5,0x14B
0x3AB3,FE,0x00C47C,86,7E,09,40,5,0x14C
0x3AB2,0B,0x00C47D,81,FD,09,40,5,0x14D
0x3AB1,0F,0x00C47E,3D,87,09,40,5,0x14E
0x3AB0,89,0x00C47F,88,3C,09,40,5,0x14F
0x3AAF,03,0x00C480,8A,84,09,40,5,0x150
0x3AAE,E0,0x00C481,0A,6B,09,40,5,0x151
0x3AAD,FF,0x00C482,7C,82,09,40,5,0x152
0x3AAC,3F,0x00C483,77,84,09,40,5,0x153
0x3AAB,00,0x00C484,83,7B,09,40,5,0x154
0x3AAA,06,0x00C485,79,76,09,40,5,0x155
0x3AA9,FC,0x00C486,F4,35,09,40,5,0x156
0x3AA8,0A,0x00C487,80,73,09,40,5,0x157
0x3AA7,7F,0x00C488,76,FD,09,40,5,0x158
0x3AA6,8F,0x00C489,76,75,09,40,5,0x159
0x3AA5,03,0x00C48A,7D,61,09,40,5,0x15A
0x3AA4,96,0x00C48B,6C,7A,09,40,5,0x15B
0x3AA3,03,0x00C48C,F6,AE,09,40,5,0x15C
0x3AA2,80,0x00C48D,71,77,09,40,5,0x15D
0x3AA1,09,0x00C48E,EC,ED,09,40,5,0x15E
0x3AA0,07,0x00C48F,78,6B,09,40,5,0x15F
0x3A9F,04,0x00C490,EB,2B,09,40,5,0x160
0x3A9C,FF,0x00C493,6B,6C,09,40,5,0x163
0x3A9B,0F,0x00C494,6A,FB,09,40,5,0x164
0x3A9A,09,0x00C495,6A,69,09,40,5,0x165
0x3A99,78,0x00C496,6F,65,09,40,5,0x166
0x3A98,00,0x00C497,63,71,09,40,5,0x167
0x3A97,05,0x00C498,6A,66,09,40,5,0x168
0x3A96,7E,0x00C499,65,52,09,40,5,0x169
0x3A95,00,0x00C49A,68,60,09,40,5,0x16A
0x3A94,0B,0x00C49B,64,68,09,40,5,0x16B
0x3A93,03,0x00C49C,6B,62,09,40,5,0x16C
0x3A92,FC,0x00C49D,5C,62,09,40,5,0x16D
0x3A91,0A,0x00C49E,5C,66,09,40,5,0x16E
0x3A90,01,0x00C49F,6C,BC,09,40,5,0x16F
0x3A8F,00,0x00C4A0,5E,5B,09,40,5,0x170
0x3A8E,C0,0x00C4A1,E6,63,09,40,5,0x171
0x3A8C,41,0x00C4A3,D8,61,09,40,5,0x173
0x3A8B,FF,0x00C4A4,63,5A,09,40,5,0x174
0x3A8A,94,0x00C4A5,52,5A,09,40,5,0x175
0x3A89,03,0x00C4A6,54,55,09,40,5,0x176
0x3A88,00,0x00C4A7,5C,5A,09,40,5,0x177
0x3A87,0D,0x00C4A8,56,5F,09,40,5,0x178
0x3A86,03,0x00C4A9,56,61,09,40,5,0x179
0x3A85,F0,0x00C4AA,D8,DA,09,40,5,0x17A
0x3A83,08,0x00C4AC,CF,2F,09,40,5,0x17C
0x3A82,03,0x00C4AD,5A,4D,09,40,5,0x17D
0x3A7F,60,0x00C4B0,52,51,09,40,5,0x180
0x3A7E,89,0x00C4B1,4D,42,09,40,5,0x181
0x3A7D,03,0x00C4B2,45,54,09,40,5,0x182
0x3A7C,80,0x00C4B3,47,67,09,40,5,0x183
0x3A7B,09,0x00C4B4,4D,D6,09,40,5,0x184
0x3A7A,01,0x00C4B5,46,49,09,40,5,0x185
0x3A79,09,0x00C4B6,4C,DB,09,40,5,0x186
0x3A77,0C,0x00C4B8,3B,37,09,40,5,0x188
0x3A75,04,0x00C4BA,49,80,09,40,5,0x18A
0x3A74,89,0x00C4BB,41,4A,09,40,5,0x18B
0x3A73,03,0x00C4BC,CF,FF,09,40,5,0x18C
0x3A72,E0,0x00C4BD,41,47,09,40,5,0x18D
0x3A71,FF,0x00C4BE,CF,BC,09,40,5,0x18E
0x3A70,3F,0x00C4BF,3F,47,09,40,5,0x18F
0x3A6F,00,0x00C4C0,3D,1B,09,40,5,0x190
0x3A6E,06,0x00C4C1,3E,B9,09,40,5,0x191
0x3A6C,7F,0x00C4C3,40,42,09,40,5,0x193
0x3A6A,03,0x00C4C5,35,32,09,40,5,0x195
0x3A69,96,0x00C4C6,3D,3F,09,40,5,0x196
0x3A67,C0,0x00C4C8,BA,3C,09,40,5,0x198
0x3A66,09,0x00C4C9,35,F2,09,40,5,0x199
0x3A65,03,0x00C4CA,2D,50,09,40,5,0x19A
0x3A64,04,0x00C4CB,2F,D0,09,40,5,0x19B
0x3A63,0B,0x00C4CC,36,2E,09,40,5,0x19C
0x3A62,FE,0x00C4CD,32,C3,09,40,5,0x19D
0x3A61,,0x0C4CE,2C,30,09,40,5,0x19E
0x3A60,3F,0x00C4CF,31,2C,09,40,5,0x19F
0x3A5F,09,0x00C4D0,B1,38,09,40,5,0x1A0
0x3A5D,00,0x00C4D2,E9,25,09,40,5,0x1A2
0x3A5C,05,0x00C4D3,32,27,09,40,5,0x1A3
0x3A5B,3F,0x00C4D4,A6,2E,09,40,5,0x1A4
0x3A5A,00,0x00C4D5,BE,A5,09,40,5,0x1A5
0x3A59,0B,0x00C4D6,28,25,09,40,5,0x1A6
0x3A58,03,0x00C4D7,B1,2A,09,40,5,0x1A7
0x3A57,0B,0x00C4D8,26,2B,09,40,5,0x1A8
0x3A56,01,0x00C4D9,20,26,09,40,5,0x1A9
0x3A55,00,0x00C4DA,2C,A9,09,40,5,0x1AA
0x3A54,E0,0x00C4DB,11,23,09,40,5,0x1AB
0x3A53,3F,0x00C4DC,1E,9F,09,40,5,0x1AC
0x3A52,C0,0x00C4DD,26,27,09,40,5,0x1AD
0x3A51,3F,0x00C4DE,1D,20,09,40,5,0x1AE
0x3A50,94,0x00C4DF,24,20,09,40,5,0x1AF
0x3A4F,,0x0C4E0,1E,24,09,40,5,0x1B0
0x3A4C,03,0x00C4E3,37,1F,09,40,5,0x1B3
0x3A4B,FC,0x00C4E4,17,1B,09,40,5,0x1B4
0x3A4A,FF,0x00C4E5,1C,9F,09,40,5,0x1B5
0x3A48,7F,0x00C4E7,94,04,09,40,5,0x1B7
0x3A47,00,0x00C4E8,1D,12,09,40,5,0x1B8
0x3A46,06,0x00C4E9,91,51,09,40,5,0x1B9
0x3A43,89,0x00C4EC,12,1B,09,40,5,0x1BC
0x3A42,03,0x00C4ED,CE,1D,09,40,5,0x1BD
0x3A41,C0,0x00C4EE,0C,9C,09,40,5,0x1BE
0x3A40,09,0x00C4EF,12,0F,09,40,5,0x1BF
0x3A3F,01,0x00C4F0,0E,0B,09,40,5,0x1C0
0x3A3E,09,0x00C4F1,9B,20,09,40,5,0x1C1
0x3A3C,0C,0x00C4F3,95,04,09,40,5,0x1C3
0x3A3B,,0x0C4F4,0A,06,09,40,5,0x1C4
0x3A3A,,0x0C4F5,0A,45,09,40,5,0x1C5
0x3A39,89,0x00C4F6,09,0F,09,40,5,0x1C6
0x3A38,03,0x00C4F7,90,E4,09,40,5,0x1C7
0x3A37,F0,0x00C4F8,06,0C,09,40,5,0x1C8
0x3A36,FF,0x00C4F9,82,81,09,40,5,0x1C9
0x3A35,1F,0x00C4FA,00,0C,09,40,5,0x1CA
0x3A34,09,0x00C4FB,08,F0,09,40,5,0x1CB
0x3A33,C0,0x00C4FC,00,1E,09,40,5,0x1CC
0x3A32,0B,0x00C4FD,85,FE,09,40,5,0x1CD
0x3A31,7F,0x00C4FE,00,07,09,40,5,0x1CE
0x3A30,8F,0x00C4FF,FA,FF,09,40,5,0x1CF
0x3A2F,03,0x00C500,FA,06,09,40,5,0x1D0
0x3A2E,96,0x00C501,C1,19,09,40,5,0x1D1
0x3A2D,03,0x00C502,F8,02,09,40,5,0x1D2
0x3A2C,E0,0x00C503,FF,B8,09,40,5,0x1D3
0x3A2B,09,0x00C504,FB,FA,09,40,5,0x1D4
0x3A2A,03,0x00C505,7C,FA,09,40,5,0x1D5
0x3A29,04,0x00C506,F8,E5,09,40,5,0x1D6
0x3A28,00,0x00C507,D4,33,09,40,5,0x1D7
0x3A27,07,0x00C508,FD,88,09,40,5,0x1D8
0x3A26,09,0x00C509,11,F5,09,40,5,0x1D9
0x3A25,3F,0x00C50A,89,7D,09,40,5,0x1DA
0x3A23,03,0x00C50C,7C,6F,09,40,5,0x1DC
0x3A22,04,0x00C50D,F1,ED,09,40,5,0x1DD
0x3A21,00,0x00C50E,E5,F5,09,40,5,0x1DE
0x3A20,80,0x00C50F,EB,F3,09,40,5,0x1DF
0x3A1F,0F,0x00C510,F4,EF,09,40,5,0x1E0
0x3A1E,8A,0x00C511,ED,EA,09,40,5,0x1E1
0x3A1D,03,0x00C512,F8,EF,09,40,5,0x1E2
0x3A1C,C0,0x00C513,E8,EB,09,40,5,0x1E3
0x3A1B,0B,0x00C514,EF,EB,09,40,5,0x1E4
0x3A1A,09,0x00C515,E9,6E,09,40,5,0x1E5
0x3A19,E0,0x00C516,E3,E8,09,40,5,0x1E6
0x3A18,07,0x00C517,E3,64,09,40,5,0x1E7
0x3A17,04,0x00C518,EB,EC,09,40,5,0x1E8
0x3A16,A0,0x00C519,E9,E3,09,40,5,0x1E9
0x3A15,07,0x00C51A,E5,EA,09,40,5,0x1EA
0x3A14,04,0x00C51B,E0,C0,09,40,5,0x1EB
0x3A13,94,0x00C51C,E5,EB,09,40,5,0x1EC
0x3A11,8C,0x00C51E,CD,E1,09,40,5,0x1EE
0x3A10,03,0x00C51F,E6,65,09,40,5,0x1EF
0x3A0F,80,0x00C520,1A,DE,09,40,5,0x1F0
0x3A0E,FF,0x00C521,DA,CA,09,40,5,0x1F1
0x3A0D,08,0x00C522,DF,D8,09,40,5,0x1F2
0x3A0C,07,0x00C523,DB,17,09,40,5,0x1F3
0x3A0B,04,0x00C524,D3,E0,09,40,5,0x1F4
0x3A0A,00,0x00C525,D5,96,09,40,5,0x1F5
0x3A09,06,0x00C526,DD,E1,09,40,5,0x1F6
0x3A08,03,0x00C527,F3,E3,09,40,5,0x1F7
0x3A07,04,0x00C528,64,62,09,40,5,0x1F8
0x3A05,03,0x00C52A,5E,D1,09,40,5,0x1FA
0x3A04,C0,0x00C52B,D3,E6,09,40,5,0x1FB
0x3A03,FF,0x00C52C,0D,D2,09,40,5,0x1FC
0x3A02,05,0x00C52D,5A,D7,09,40,5,0x1FD
0x3A01,0A,0x00C52E,D0,EC,09,40,5,0x1FE
0x3A00,F0,0x00C52F,8C,D6,09,40,5,0x1FF
0x39FF,,0x0C530,CA,AB,09,40,5,0x200
0x39FE,08,0x00C531,D0,D2,09,40,5,0x201
0x39FC,89,0x00C533,C7,D2,09,40,5,0x203
0x39FB,03,0x00C534,CE,BE,09,40,5,0x204
0x39FA,F0,0x00C535,C8,CC,09,40,5,0x205
0x39F9,FF,0x00C536,CD,C8,09,40,5,0x206
0x39F8,1F,0x00C537,8A,4C,09,40,5,0x207
0x39F7,00,0x00C538,C1,C5,09,40,5,0x208
0x39F6,05,0x00C539,48,41,09,40,5,0x209
0x39F5,F8,0x00C53A,C3,CB,09,40,5,0x20A
0x39F4,0B,0x00C53B,AF,DE,09,40,5,0x20B
0x39F3,3F,0x00C53C,C8,C7,09,40,5,0x20C
0x39F2,8F,0x00C53D,C0,9D,09,40,5,0x20D
0x39F1,03,0x00C53E,C0,BC,09,40,5,0x20E
0x39F0,96,0x00C53F,53,8B,09,40,5,0x20F
0x39EF,,0x0C540,BD,C1,09,40,5,0x210
0x39EE,F0,0x00C541,46,BD,09,40,5,0x211
0x39ED,09,0x00C542,BB,4D,09,40,5,0x212
0x39EC,01,0x00C543,77,BA,09,40,5,0x213
0x39EB,00,0x00C544,B5,42,09,40,5,0x214
0x39EA,07,0x00C545,BE,B8,09,40,5,0x215
0x39E9,09,0x00C546,B7,74,09,40,5,0x216
0x39E8,1F,0x00C547,B6,BE,09,40,5,0x217
0x39E7,0B,0x00C548,B6,31,09,40,5,0x218
0x39E6,C0,0x00C549,B1,BB,09,40,5,0x219
0x39E5,03,0x00C54A,B7,70,09,40,5,0x21A
0x39E4,04,0x00C54B,B2,38,09,40,5,0x21B
0x39E3,8A,0x00C54C,6E,B1,09,40,5,0x21C
0x39E2,03,0x00C54D,AC,6D,09,40,5,0x21D
0x39E1,E0,0x00C54E,B2,B5,09,40,5,0x21E
0x39E0,FF,0x00C54F,AE,AC,09,40,5,0x21F
0x39DF,07,0x00C550,AB,B3,09,40,5,0x220
0x39DE,09,0x00C551,B5,A1,09,40,5,0x221
0x39DD,F0,0x00C552,28,A7,09,40,5,0x222
0x39DC,01,0x00C553,B2,AF,09,40,5,0x223
0x39DB,E0,0x00C554,C5,A7,09,40,5,0x224
0x39DA,01,0x00C555,B1,2E,09,40,5,0x225
0x39D9,94,0x00C556,84,A7,09,40,5,0x226
0x39D8,03,0x00C557,A2,9B,09,40,5,0x227
0x39D7,8C,0x00C558,A8,A1,09,40,5,0x228
0x39D6,,0x0C559,A4,C0,09,40,5,0x229
0x39D5,C0,0x00C55A,A1,A0,09,40,5,0x22A
0x39D4,0B,0x00C55B,30,A4,09,40,5,0x22B
0x39D3,7F,0x00C55C,A1,96,09,40,5,0x22C
0x39D2,0A,0x00C55D,2A,9C,09,40,5,0x22D
0x39D1,C0,0x00C55E,9F,A4,09,40,5,0x22E
0x39D0,8A,0x00C55F,99,9E,09,40,5,0x22F
0x39CF,,0x0C560,9D,9E,09,40,5,0x230
0x39CE,E0,0x00C561,9D,28,09,40,5,0x231
0x39CD,FF,0x00C562,23,9B,09,40,5,0x232
0x39CC,05,0x00C563,9A,2C,09,40,5,0x233
0x39CB,00,0x00C564,76,99,09,40,5,0x234
0x39CA,06,0x00C565,94,15,09,40,5,0x235
0x39C9,FC,0x00C566,9B,9D,09,40,5,0x236
0x39C8,FF,0x00C567,93,A2,09,40,5,0x237
0x39C7,08,0x00C568,9B,9C,09,40,5,0x238
0x39C6,8A,0x00C569,94,81,09,40,5,0x239
0x39C4,F0,0x00C56B,12,CE,09,40,5,0x23B
0x39C3,FF,0x00C56C,AD,99,09,40,5,0x23C
0x39C2,0F,0x00C56D,14,89,09,40,5,0x23D
0x39C1,00,0x00C56E,8F,8D,09,40,5,0x23E
0x39C0,05,0x00C56F,7B,14,09,40,5,0x23F
0x39BF,FE,0x00C570,89,8D,09,40,5,0x240
0x39BE,0B,0x00C571,8F,69,09,40,5,0x241
0x39BD,1F,0x00C572,8B,93,09,40,5,0x242
0x39BC,8F,0x00C573,8B,96,09,40,5,0x243
0x39BB,03,0x00C574,1E,91,09,40,5,0x244
0x39BA,96,0x00C575,88,7D,09,40,5,0x245
0x39B9,03,0x00C576,12,85,09,40,5,0x246
0x39B8,F8,0x00C577,86,18,09,40,5,0x247
0x39B7,FF,0x00C578,7E,85,09,40,5,0x248
0x39B6,05,0x00C579,08,0D,09,40,5,0x249
0x39B4,80,0x00C57B,BE,6F,09,40,5,0x24B
0x39B3,09,0x00C57C,7E,7D,09,40,5,0x24C
0x39B2,1F,0x00C57D,85,84,09,40,5,0x24D
0x39B1,0B,0x00C57E,7F,8B,09,40,5,0x24E
0x39B0,E0,0x00C57F,01,85,09,40,5,0x24F
0x39AF,00,0x00C580,7D,AA,09,40,5,0x250
0x39AE,0B,0x00C581,F8,84,09,40,5,0x251
0x39AD,03,0x00C582,FE,38,09,40,5,0x252
0x39AC,F8,0x00C583,7A,96,09,40,5,0x253
0x39AB,FF,0x00C584,6E,80,09,40,5,0x254
0x39AA,07,0x00C585,80,35,09,40,5,0x255
0x39A9,09,0x00C586,93,7D,09,40,5,0x256
0x39A8,70,0x00C587,7F,73,09,40,5,0x257
0x39A7,00,0x00C588,62,78,09,40,5,0x258
0x39A6,50,0x00C589,7D,6F,09,40,5,0x259
0x39A5,00,0x00C58A,EF,6F,09,40,5,0x25A
0x39A4,08,0x00C58B,01,77,09,40,5,0x25B
0x39A3,08,0x00C58C,71,F8,09,40,5,0x25C
0x39A2,04,0x00C58D,FA,70,09,40,5,0x25D
0x39A1,8F,0x00C58E,6F,64,09,40,5,0x25E
0x399E,03,0x00C591,F4,69,09,40,5,0x261
0x399D,F0,0x00C592,6B,6D,09,40,5,0x262
0x399C,FF,0x00C593,47,65,09,40,5,0x263
0x399B,07,0x00C594,70,65,09,40,5,0x264
0x399A,0F,0x00C595,84,6D,09,40,5,0x265
0x3999,0A,0x00C596,EC,F4,09,40,5,0x266
0x3997,0B,0x00C598,42,F7,09,40,5,0x268
0x3996,C0,0x00C599,60,64,09,40,5,0x269
0x3995,1F,0x00C59A,65,20,09,40,5,0x26A
0x3994,0B,0x00C59B,60,68,09,40,5,0x26B
0x3993,E0,0x00C59C,5E,6D,09,40,5,0x26C
0x3992,FF,0x00C59D,63,67,09,40,5,0x26D
0x3991,7F,0x00C59E,60,4C,09,40,5,0x26E
0x3990,00,0x00C59F,E1,64,09,40,5,0x26F
0x398F,06,0x00C5A0,5D,79,09,40,5,0x270
0x398E,0C,0x00C5A1,55,59,09,40,5,0x271
0x398D,7F,0x00C5A2,57,5F,09,40,5,0x272
0x398C,8A,0x00C5A3,5D,55,09,40,5,0x273
0x398B,03,0x00C5A4,57,56,09,40,5,0x274
0x398A,F8,0x00C5A5,ED,5F,09,40,5,0x275
0x3988,0F,0x00C5A7,E1,4B,09,40,5,0x277
0x3987,00,0x00C5A8,55,5D,09,40,5,0x278
0x3986,80,0x00C5A9,31,60,09,40,5,0x279
0x3985,FF,0x00C5AA,D7,5B,09,40,5,0x27A
0x3984,08,0x00C5AB,52,B7,09,40,5,0x27B
0x3983,07,0x00C5AC,5D,5A,09,40,5,0x27C
0x3982,04,0x00C5AD,D4,8D,09,40,5,0x27D
0x3981,8F,0x00C5AE,4F,DC,09,40,5,0x27E
0x3980,03,0x00C5AF,2B,4E,09,40,5,0x27F
0x397F,96,0x00C5B0,D0,D6,09,40,5,0x280
0x397D,FC,0x00C5B2,67,38,09,40,5,0x282
0x397C,FF,0x00C5B3,CD,46,09,40,5,0x283
0x397B,05,0x00C5B4,49,4D,09,40,5,0x284
0x397A,0B,0x00C5B5,3D,45,09,40,5,0x285
0x3979,80,0x00C5B6,4F,4B,09,40,5,0x286
0x3978,09,0x00C5B7,52,47,09,40,5,0x287
0x3977,0F,0x00C5B8,4E,46,09,40,5,0x288
0x3976,0B,0x00C5B9,3D,41,09,40,5,0x289
0x3975,70,0x00C5BA,3F,47,09,40,5,0x28A
0x3974,00,0x00C5BB,47,37,09,40,5,0x28B
0x3973,0B,0x00C5BC,4D,BD,09,40,5,0x28C
0x3972,03,0x00C5BD,CF,47,09,40,5,0x28D
0x3971,FE,0x00C5BE,3F,1C,09,40,5,0x28E
0x3970,0A,0x00C5BF,3B,3A,09,40,5,0x28F
0x396F,7F,0x00C5C0,47,3F,09,40,5,0x290
0x396E,0B,0x00C5C1,3C,39,09,40,5,0x291
0x396D,10,0x00C5C2,37,3E,09,40,5,0x292
0x396C,00,0x00C5C3,B6,43,09,40,5,0x293
0x396B,08,0x00C5C4,BE,B5,09,40,5,0x294
0x396A,1E,0x00C5C5,38,BF,09,40,5,0x295
0x3969,8F,0x00C5C6,F4,37,09,40,5,0x296
0x3968,03,0x00C5C7,3A,2B,09,40,5,0x297
0x3967,8C,0x00C5C8,36,31,09,40,5,0x298
0x3966,03,0x00C5C9,31,50,09,40,5,0x299
0x3965,,0x0C5CA,20,30,09,40,5,0x29A
0x3964,FF,0x00C5CB,39,AF,09,40,5,0x29B
0x3963,07,0x00C5CC,4D,3A,09,40,5,0x29C
0x3962,00,0x00C5CD,B5,6C,09,40,5,0x29D
0x3961,07,0x00C5CE,2F,BC,09,40,5,0x29E
0x3960,04,0x00C5CF,1B,2E,09,40,5,0x29F
0x395F,04,0x00C5D0,33,BF,09,40,5,0x2A0
0x395E,00,0x00C5D1,2A,2C,09,40,5,0x2A1
0x395D,07,0x00C5D2,20,08,09,40,5,0x2A2
0x395C,F8,0x00C5D3,2A,25,09,40,5,0x2A3
0x395B,7F,0x00C5D4,2A,25,09,40,5,0x2A4
0x395A,0B,0x00C5D5,25,2C,09,40,5,0x2A5
0x3959,F0,0x00C5D6,1C,28,09,40,5,0x2A6
0x3958,FF,0x00C5D7,23,2D,09,40,5,0x2A7
0x3957,7F,0x00C5D8,29,12,09,40,5,0x2A8
0x3956,09,0x00C5D9,1F,2A,09,40,5,0x2A9
0x3955,80,0x00C5DA,29,3F,09,40,5,0x2AA
0x3954,0C,0x00C5DB,5E,1F,09,40,5,0x2AB
0x3953,3F,0x00C5DC,B7,25,09,40,5,0x2AC
0x3952,8A,0x00C5DD,20,5C,09,40,5,0x2AD
0x3951,03,0x00C5DE,AA,1C,09,40,5,0x2AE
0x3950,F8,0x00C5DF,1E,21,09,40,5,0x2AF
0x394F,FF,0x00C5E0,9A,20,09,40,5,0x2B0
0x394E,0F,0x00C5E1,18,1D,09,40,5,0x2B1
0x394D,00,0x00C5E2,1F,24,09,40,5,0x2B2
0x394C,E0,0x00C5E3,1A,17,09,40,5,0x2B3
0x394B,FF,0x00C5E4,19,14,09,40,5,0x2B4
0x394A,08,0x00C5E5,19,20,09,40,5,0x2B5
0x3949,01,0x00C5E6,9B,1B,09,40,5,0x2B6
0x3948,8F,0x00C5E7,16,17,09,40,5,0x2B7
0x3947,03,0x00C5E8,F2,1D,09,40,5,0x2B8
0x3946,00,0x00C5E9,97,45,09,40,5,0x2B9
0x3945,16,0x00C5EA,13,1C,09,40,5,0x2BA
0x3944,03,0x00C5EB,1E,87,09,40,5,0x2BB
0x3943,EE,0x00C5EC,0E,9E,09,40,5,0x2BC
0x3942,FF,0x00C5ED,13,10,09,40,5,0x2BD
0x3941,7F,0x00C5EE,0F,98,09,40,5,0x2BE
0x3940,0B,0x00C5EF,07,0E,09,40,5,0x2BF
0x393F,80,0x00C5F0,09,02,09,40,5,0x2C0
0x393E,09,0x00C5F1,10,08,09,40,5,0x2C1
0x393D,0F,0x00C5F2,0C,0E,09,40,5,0x2C2
0x393C,0B,0x00C5F3,10,16,09,40,5,0x2C3
0x393B,18,0x00C5F4,15,06,09,40,5,0x2C4
0x393A,00,0x00C5F5,11,0C,09,40,5,0x2C5
0x3939,06,0x00C5F6,02,05,09,40,5,0x2C6
0x3938,03,0x00C5F7,02,03,09,40,5,0x2C7
0x3937,04,0x00C5F8,0A,09,09,40,5,0x2C8
0x3936,86,0x00C5F9,02,FF,09,40,5,0x2C9
0x3935,03,0x00C5FA,92,7F,09,40,5,0x2CA
0x3934,80,0x00C5FB,02,09,09,40,5,0x2CB
0x3933,0B,0x00C5FC,FE,DE,09,40,5,0x2CC
0x3932,7F,0x00C5FD,0A,FC,09,40,5,0x2CD
0x3931,0B,0x00C5FE,FF,01,09,40,5,0x2CE
0x392F,04,0x00C600,FB,BA,09,40,5,0x2D0
0x392E,0B,0x00C601,80,F8,09,40,5,0x2D1
0x392D,C0,0x00C602,FB,FE,09,40,5,0x2D2
0x392C,1F,0x00C603,E7,F0,09,40,5,0x2D3
0x392B,8F,0x00C604,FD,F5,09,40,5,0x2D4
0x392A,03,0x00C605,F9,34,09,40,5,0x2D5
0x3928,03,0x00C607,E3,FD,09,40,5,0x2D7
0x3927,F8,0x00C608,FC,F5,09,40,5,0x2D8
0x3926,FF,0x00C609,10,ED,09,40,5,0x2D9
0x3925,06,0x00C60A,78,EF,09,40,5,0x2DA
0x3924,0F,0x00C60B,F2,FE,09,40,5,0x2DB
0x3923,00,0x00C60C,DE,EE,09,40,5,0x2DC
0x3922,07,0x00C60D,EC,AD,09,40,5,0x2DD
0x3921,01,0x00C60E,6B,F8,09,40,5,0x2DE
0x3920,00,0x00C60F,AB,F2,09,40,5,0x2DF
0x391F,07,0x00C610,E9,EE,09,40,5,0x2E0
0x391E,FE,0x00C611,F2,E9,09,40,5,0x2E1
0x391D,7F,0x00C612,24,EB,09,40,5,0x2E2
0x391C,0B,0x00C613,E7,EB,09,40,5,0x2E3
0x391B,F0,0x00C614,ED,74,09,40,5,0x2E4
0x391A,FF,0x00C615,E3,E8,09,40,5,0x2E5
0x3919,7F,0x00C616,ED,79,09,40,5,0x2E6
0x3918,09,0x00C617,22,E6,09,40,5,0x2E7
0x3917,E0,0x00C618,7B,52,09,40,5,0x2E8
0x3916,FF,0x00C619,E4,EA,09,40,5,0x2E9
0x3915,06,0x00C61A,6F,E3,09,40,5,0x2EA
0x3914,FC,0x00C61B,E2,E3,09,40,5,0x2EB
0x3913,FF,0x00C61C,DC,E8,09,40,5,0x2EC
0x3912,1F,0x00C61D,DC,D5,09,40,5,0x2ED
0x3911,00,0x00C61E,E2,E5,09,40,5,0x2EE
0x3910,0A,0x00C61F,DE,EA,09,40,5,0x2EF
0x390F,03,0x00C620,62,E4,09,40,5,0x2F0
0x390E,F8,0x00C621,DC,59,09,40,5,0x2F1
0x390D,FF,0x00C622,B8,E7,09,40,5,0x2F2
0x390C,07,0x00C623,D6,E0,09,40,5,0x2F3
0x390B,04,0x00C624,DC,56,09,40,5,0x2F4
0x3909,F0,0x00C626,D7,D8,09,40,5,0x2F6
0x3908,0B,0x00C627,D7,DF,09,40,5,0x2F7
0x3907,3F,0x00C628,D2,52,09,40,5,0x2F8
0x3906,00,0x00C629,D7,DD,09,40,5,0x2F9
0x3905,0C,0x00C62A,D3,D7,09,40,5,0x2FA
0x3904,04,0x00C62B,D8,D3,09,40,5,0x2FB
0x3903,8E,0x00C62C,91,D9,09,40,5,0x2FC
0x3902,03,0x00C62D,D6,D1,09,40,5,0x2FD
0x3901,00,0x00C62E,D3,D0,09,40,5,0x2FE
0x3900,16,0x00C62F,CF,CB,09,40,5,0x2FF
0x38FF,03,0x00C630,D6,D2,09,40,5,0x300
0x38FE,F7,0x00C631,D4,C6,09,40,5,0x301
0x38FD,FF,0x00C632,46,57,09,40,5,0x302
0x38FC,3F,0x00C633,59,C9,09,40,5,0x303
0x38FB,0B,0x00C634,C8,51,09,40,5,0x304
0x38FA,C0,0x00C635,50,C7,09,40,5,0x305
0x38F9,09,0x00C636,C6,BB,09,40,5,0x306
0x38F8,07,0x00C637,42,C1,09,40,5,0x307
0x38F7,04,0x00C638,CA,C7,09,40,5,0x308
0x38F6,0B,0x00C639,C7,C1,09,40,5,0x309
0x38F5,,0x0C63A,C3,C9,09,40,5,0x30A
0x38F4,04,0x00C63B,BE,1E,09,40,5,0x30B
0x38F3,09,0x00C63C,C4,C8,09,40,5,0x30C
0x38F2,C0,0x00C63D,BF,3C,09,40,5,0x30D
0x38F1,01,0x00C63E,B7,BA,09,40,5,0x30E
0x38F0,86,0x00C63F,C1,F9,09,40,5,0x30F
0x38EF,03,0x00C640,BD,C3,09,40,5,0x310
0x38EE,C0,0x00C641,B8,A8,09,40,5,0x311
0x38ED,0B,0x00C642,AF,B6,09,40,5,0x312
0x38EC,7F,0x00C643,C0,35,09,40,5,0x313
0x38EB,89,0x00C644,C4,B5,09,40,5,0x314
0x38EA,03,0x00C645,B4,B9,09,40,5,0x315
0x38E9,F0,0x00C646,BB,A3,09,40,5,0x316
0x38E8,1F,0x00C647,B5,BB,09,40,5,0x317
0x38E7,8F,0x00C648,AD,30,09,40,5,0x318
0x38E6,03,0x00C649,BA,AC,09,40,5,0x319
0x38E5,8C,0x00C64A,2E,AE,09,40,5,0x31A
0x38E4,03,0x00C64B,B7,CD,09,40,5,0x31B
0x38E3,F8,0x00C64C,CB,AD,09,40,5,0x31C
0x38E1,06,0x00C64E,2B,AE,09,40,5,0x31E
0x38E0,01,0x00C64F,B4,B3,09,40,5,0x31F
0x38DF,0A,0x00C650,C8,B8,09,40,5,0x320
0x38DE,60,0x00C651,41,A8,09,40,5,0x321
0x38DD,0B,0x00C652,AA,97,09,40,5,0x322
0x38DC,80,0x00C653,35,A5,09,40,5,0x323
0x38DB,FF,0x00C654,A8,AD,09,40,5,0x324
0x38DA,3F,0x00C655,9C,A5,09,40,5,0x325
0x38D9,0B,0x00C656,AF,23,09,40,5,0x326
0x38D8,F8,0x00C657,C1,B9,09,40,5,0x327
0x38D7,FF,0x00C658,29,2F,09,40,5,0x328
0x38D5,00,0x00C65A,8F,34,09,40,5,0x32A
0x38D4,05,0x00C65B,9D,A1,09,40,5,0x32B
0x38D3,F8,0x00C65C,A3,55,09,40,5,0x32C
0x38D2,09,0x00C65D,9F,A5,09,40,5,0x32D
0x38D1,3F,0x00C65E,9C,9E,09,40,5,0x32E
0x38D0,FE,0x00C65F,A6,9E,09,40,5,0x32F
0x38CF,FF,0x00C660,19,A3,09,40,5,0x330
0x38CE,0F,0x00C661,A1,90,09,40,5,0x331
0x38CD,00,0x00C662,78,96,09,40,5,0x332
0x38CC,0A,0x00C663,9F,9B,09,40,5,0x333
0x38CB,03,0x00C664,96,9C,09,40,5,0x334
0x38CA,FE,0x00C665,94,98,09,40,5,0x335
0x38C9,FF,0x00C666,9B,9D,09,40,5,0x336
0x38C8,07,0x00C667,9E,52,09,40,5,0x337
0x38C7,04,0x00C668,B0,94,09,40,5,0x338
0x38C6,00,0x00C669,23,94,09,40,5,0x339
0x38C5,FC,0x00C66A,92,8F,09,40,5,0x33A
0x38C4,0B,0x00C66B,1A,93,09,40,5,0x33B
0x38C3,0F,0x00C66C,90,7D,09,40,5,0x33C
0x38C2,00,0x00C66D,0C,8D,09,40,5,0x33D
0x38C1,1E,0x00C66E,94,97,09,40,5,0x33E
0x38C0,8E,0x00C66F,A9,6A,09,40,5,0x33F
0x38BF,03,0x00C670,89,95,09,40,5,0x340
0x38BD,,0x0C672,8A,8B,09,40,5,0x342
0x38BC,80,0x00C673,85,91,09,40,5,0x343
0x38BB,FB,0x00C674,86,87,09,40,5,0x344
0x38BA,FF,0x00C675,84,88,09,40,5,0x345
0x38B9,3F,0x00C676,7F,83,09,40,5,0x346
0x38B8,0B,0x00C677,8C,8A,09,40,5,0x347
0x38B7,C0,0x00C678,90,80,09,40,5,0x348
0x38B6,09,0x00C679,06,10,09,40,5,0x349
0x38B4,04,0x00C67B,76,0A,09,40,5,0x34B
0x38B3,,0x0C67C,7D,80,09,40,5,0x34C
0x38B2,07,0x00C67D,7A,6C,09,40,5,0x34D
0x38B1,03,0x00C67E,85,7A,09,40,5,0x34E
0x38B0,F8,0x00C67F,B9,7F,09,40,5,0x34F
0x38AF,87,0x00C680,79,B8,09,40,5,0x350
0x38AE,03,0x00C681,7D,78,09,40,5,0x351
0x38AD,F0,0x00C682,86,7E,09,40,5,0x352
0x38AC,0B,0x00C683,80,8E,09,40,5,0x353
0x38AB,3F,0x00C684,F5,80,09,40,5,0x354
0x38AA,89,0x00C685,7E,34,09,40,5,0x355
0x38A9,03,0x00C686,82,72,09,40,5,0x356
0x38A8,F8,0x00C687,0B,B1,09,40,5,0x357
0x38A7,1F,0x00C688,74,7B,09,40,5,0x358
0x38A6,,0x0C689,FF,60,09,40,5,0x359
0x38A5,,0x0C68A,72,6E,09,40,5,0x35A
0x38A4,8C,0x00C68B,4E,ED,09,40,5,0x35B
0x38A3,03,0x00C68C,79,6D,09,40,5,0x35C
0x38A2,F0,0x00C68D,7B,71,09,40,5,0x35D
0x38A1,FF,0x00C68E,F3,67,09,40,5,0x35E
0x38A0,05,0x00C68F,6D,69,09,40,5,0x35F
0x389F,3F,0x00C690,59,6E,09,40,5,0x360
0x389E,00,0x00C691,74,77,09,40,5,0x361
0x389D,07,0x00C692,E6,65,09,40,5,0x362
0x389C,18,0x00C693,EC,65,09,40,5,0x363
0x389B,0B,0x00C694,68,84,09,40,5,0x364
0x389A,,0x0C695,24,ED,09,40,5,0x365
0x3899,,0x0C696,62,66,09,40,5,0x366
0x3898,3F,0x00C697,67,22,09,40,5,0x367
0x3897,0B,0x00C698,51,6A,09,40,5,0x368
0x3896,F8,0x00C699,69,67,09,40,5,0x369
0x3895,FF,0x00C69A,60,63,09,40,5,0x36A
0x3893,00,0x00C69C,65,59,09,40,5,0x36C
0x3890,FF,0x00C69F,5D,5A,09,40,5,0x36F
0x388F,05,0x00C6A0,5D,19,09,40,5,0x370
0x388E,07,0x00C6A1,EB,5F,09,40,5,0x371
0x388D,04,0x00C6A2,5A,5B,09,40,5,0x372
0x388C,09,0x00C6A3,E2,E4,09,40,5,0x373
0x388A,89,0x00C6A5,14,E9,09,40,5,0x375
0x3889,03,0x00C6A6,5C,56,09,40,5,0x376
0x3888,80,0x00C6A7,91,DE,09,40,5,0x377
0x3887,09,0x00C6A8,D7,5A,09,40,5,0x378
0x3886,07,0x00C6A9,53,51,09,40,5,0x379
0x3885,04,0x00C6AA,3F,59,09,40,5,0x37A
0x3884,00,0x00C6AB,4D,4A,09,40,5,0x37B
0x3883,0C,0x00C6AC,56,4C,09,40,5,0x37C
0x3882,07,0x00C6AD,48,51,09,40,5,0x37D
0x3881,04,0x00C6AE,55,4C,09,40,5,0x37E
0x3880,00,0x00C6AF,51,54,09,40,5,0x37F
0x387F,5F,0x00C6B0,4D,A9,09,40,5,0x380
0x387C,95,0x00C6B3,49,42,09,40,5,0x383
0x387B,03,0x00C6B4,43,CB,09,40,5,0x384
0x387A,C0,0x00C6B5,C4,47,09,40,5,0x385
0x3879,F8,0x00C6B6,4E,3B,09,40,5,0x386
0x3878,FF,0x00C6B7,61,4E,09,40,5,0x387
0x3877,1F,0x00C6B8,41,44,09,40,5,0x388
0x3876,0B,0x00C6B9,45,44,09,40,5,0x389
0x3875,E0,0x00C6BA,4E,C8,09,40,5,0x38A
0x3874,09,0x00C6BB,48,41,09,40,5,0x38B
0x3873,03,0x00C6BC,FD,BD,09,40,5,0x38C
0x3872,04,0x00C6BD,46,3B,09,40,5,0x38D
0x3871,00,0x00C6BE,42,CB,09,40,5,0x38E
0x3870,07,0x00C6BF,3E,3D,09,40,5,0x38F
0x386F,03,0x00C6C0,D2,C5,09,40,5,0x390
0x386D,00,0x00C6C2,C6,27,09,40,5,0x392
0x386C,07,0x00C6C3,39,35,09,40,5,0x393
0x386B,03,0x00C6C4,F5,3A,09,40,5,0x394
0x386A,FC,0x00C6C5,33,37,09,40,5,0x395
0x3869,0B,0x00C6C6,3B,37,09,40,5,0x396
0x3868,1F,0x00C6C7,33,32,09,40,5,0x397
0x3867,89,0x00C6C8,B9,38,09,40,5,0x398
0x3866,,0x0C6C9,33,36,09,40,5,0x399
0x3865,FC,0x00C6CA,27,33,09,40,5,0x39A
0x3864,1F,0x00C6CB,3A,39,09,40,5,0x39B
0x3863,8F,0x00C6CC,3C,0D,09,40,5,0x39C
0x3862,03,0x00C6CD,B2,2B,09,40,5,0x39D
0x3861,8C,0x00C6CE,2E,6A,09,40,5,0x39E
0x3860,03,0x00C6CF,0A,34,09,40,5,0x39F
0x385F,F0,0x00C6D0,28,21,09,40,5,0x3A0
0x385E,FF,0x00C6D1,2D,27,09,40,5,0x3A1
0x385D,05,0x00C6D2,17,66,09,40,5,0x3A2
0x385C,03,0x00C6D3,25,26,09,40,5,0x3A3
0x385B,04,0x00C6D4,2A,A5,09,40,5,0x3A4
0x385A,00,0x00C6D5,25,23,09,40,5,0x3A5
0x3859,07,0x00C6D6,2E,29,09,40,5,0x3A6
0x3858,06,0x00C6D7,A2,25,09,40,5,0x3A7
0x3857,04,0x00C6D8,20,25,09,40,5,0x3A8
0x3856,0B,0x00C6D9,28,29,09,40,5,0x3A9
0x3855,E0,0x00C6DA,20,2E,09,40,5,0x3AA
0x3854,FF,0x00C6DB,B1,A7,09,40,5,0x3AB
0x3852,0B,0x00C6DD,A8,0C,09,40,5,0x3AD
0x3851,FC,0x00C6DE,1E,24,09,40,5,0x3AE
0x3850,FF,0x00C6DF,FA,21,09,40,5,0x3AF
0x384F,1F,0x00C6E0,22,1D,09,40,5,0x3B0
0x384E,00,0x00C6E1,97,18,09,40,5,0x3B1
0x384D,C0,0x00C6E2,17,15,09,40,5,0x3B2
0x384C,FF,0x00C6E3,1C,21,09,40,5,0x3B3
0x384B,06,0x00C6E4,18,94,09,40,5,0x3B4
0x384A,81,0x00C6E5,0C,14,09,40,5,0x3B5
0x3849,09,0x00C6E6,52,F3,09,40,5,0x3B6
0x3848,07,0x00C6E7,1B,41,09,40,5,0x3B7
0x3847,04,0x00C6E8,0F,9F,09,40,5,0x3B8
0x3846,89,0x00C6E9,1A,13,09,40,5,0x3B9
0x3845,,0x0C6EA,12,0F,09,40,5,0x3BA
0x3844,E0,0x00C6EB,12,23,09,40,5,0x3BB
0x3843,09,0x00C6EC,0D,10,09,40,5,0x3BC
0x3842,03,0x00C6ED,12,D2,09,40,5,0x3BD
0x3841,04,0x00C6EE,0E,0A,09,40,5,0x3BE
0x3840,80,0x00C6EF,88,0F,09,40,5,0x3BF
0x383F,0C,0x00C6F0,C9,14,09,40,5,0x3C0
0x383E,03,0x00C6F1,13,04,09,40,5,0x3C1
0x383D,04,0x00C6F2,26,06,09,40,5,0x3C2
0x383C,80,0x00C6F3,06,45,09,40,5,0x3C3
0x383B,3F,0x00C6F4,C5,10,09,40,5,0x3C4
0x383A,8E,0x00C6F5,0B,14,09,40,5,0x3C5
0x3839,03,0x00C6F6,07,0C,09,40,5,0x3C6
0x3838,00,0x00C6F7,0C,82,09,40,5,0x3C7
0x3837,0E,0x00C6F8,C1,80,09,40,5,0x3C8
0x3836,03,0x00C6F9,FF,0C,09,40,5,0x3C9
0x3835,80,0x00C6FA,05,FF,09,40,5,0x3CA
0x3834,01,0x00C6FB,01,FC,09,40,5,0x3CB
0x3833,0C,0x00C6FC,01,FC,09,40,5,0x3CC
0x3832,60,0x00C6FD,95,04,09,40,5,0x3CD
0x3830,FF,0x00C6FF,8A,FE,09,40,5,0x3CF
0x382F,0F,0x00C700,FC,82,09,40,5,0x3D0
0x382E,0B,0x00C701,F6,FB,09,40,5,0x3D1
0x382D,E0,0x00C702,F6,77,09,40,5,0x3D2
0x382C,FF,0x00C703,FD,F5,09,40,5,0x3D3
0x382B,05,0x00C704,7E,85,09,40,5,0x3D4
0x3829,86,0x00C706,EF,7F,09,40,5,0x3D6
0x3828,03,0x00C707,F1,F5,09,40,5,0x3D7
0x3827,C0,0x00C708,F9,D1,09,40,5,0x3D8
0x3826,3F,0x00C709,F7,EF,09,40,5,0x3D9
0x3825,00,0x00C70A,F3,6E,09,40,5,0x3DA
0x3824,07,0x00C70B,74,F9,09,40,5,0x3DB
0x3823,,0x0C70C,F0,6D,09,40,5,0x3DC
0x3822,FE,0x00C70D,CC,F8,09,40,5,0x3DD
0x3821,0B,0x00C70E,EA,DB,09,40,5,0x3DE
0x3820,07,0x00C70F,29,E9,09,40,5,0x3DF
0x381F,04,0x00C710,E1,08,09,40,5,0x3E0
0x381E,89,0x00C711,E7,F2,09,40,5,0x3E1
0x381D,03,0x00C712,EC,DF,09,40,5,0x3E2
0x381C,FC,0x00C713,A6,E5,09,40,5,0x3E3
0x381A,8F,0x00C715,EE,E4,09,40,5,0x3E5
0x3819,03,0x00C716,A3,C3,09,40,5,0x3E6
0x3818,8C,0x00C717,ED,EB,09,40,5,0x3E7
0x3816,E0,0x00C719,74,60,09,40,5,0x3E9
0x3815,FF,0x00C71A,E2,E8,09,40,5,0x3EA
0x3814,7F,0x00C71B,6A,E5,09,40,5,0x3EB
0x3813,0B,0x00C71C,E0,E1,09,40,5,0x3EC
0x3812,80,0x00C71D,BC,DC,09,40,5,0x3ED
0x3810,F0,0x00C71F,19,DD,09,40,5,0x3EF
0x380F,FF,0x00C720,D9,D5,09,40,5,0x3F0
0x380E,1F,0x00C721,DE,E1,09,40,5,0x3F1
0x380D,0B,0x00C722,DA,DE,09,40,5,0x3F2
0x380C,FC,0x00C723,D5,DA,09,40,5,0x3F3
0x380B,FF,0x00C724,F4,D5,09,40,5,0x3F4
0x380A,1F,0x00C725,D4,E0,09,40,5,0x3F5
0x3809,00,0x00C726,D8,52,09,40,5,0x3F6
0x3808,F0,0x00C727,DD,D2,09,40,5,0x3F7
0x3807,09,0x00C728,D2,C1,09,40,5,0x3F8
0x3806,3F,0x00C729,DC,DF,09,40,5,0x3F9
0x3805,C0,0x00C72A,4F,5D,09,40,5,0x3FA
0x3804,09,0x00C72B,0D,D1,09,40,5,0x3FB
0x3803,03,0x00C72C,BD,CD,09,40,5,0x3FC
0x3802,04,0x00C72D,D7,DA,09,40,5,0x3FD
0x3801,89,0x00C72E,DA,CE,09,40,5,0x3FE
0x3800,03,0x00C72F,CA,42,09,40,5,0x3FF
0x3FFF,FF,0x00C740,CF,D1,0A,40,1,0x000
0x3FFE,07,0x00C741,D6,CB,0A,40,1,0x001
0x3FFD,04,0x00C742,4B,E4,0A,40,1,0x002
0x3FFC,92,0x00C743,C9,CD,0A,40,1,0x003
0x3FFB,03,0x00C744,D6,D0,0A,40,1,0x004
0x3FFA,80,0x00C745,CB,CC,0A,40,1,0x005
0x3FF9,FF,0x00C746,CA,D1,0A,40,1,0x006
0x3FF8,7F,0x00C747,CA,A6,0A,40,1,0x007
0x3FF7,96,0x00C748,C5,CF,0A,40,1,0x008
0x3FF6,03,0x00C749,A4,D3,0A,40,1,0x009
0x3FF5,,0x0C74A,C2,C3,0A,40,1,0x00A
0x3FF4,19,0x00C74B,CD,A2,0A,40,1,0x00B
0x3FF3,,0x0C74C,C4,C0,0A,40,1,0x00C
0x3FF2,07,0x00C74D,DF,D3,0A,40,1,0x00D
0x3FF1,04,0x00C74E,BF,C2,0A,40,1,0x00E
0x3FF0,0A,0x00C74F,C4,C7,0A,40,1,0x00F
0x3FEF,E0,0x00C750,43,BB,0A,40,1,0x010
0x3FEE,0B,0x00C751,BF,52,0A,40,1,0x011
0x3FED,07,0x00C752,3A,BE,0A,40,1,0x012
0x3FEC,04,0x00C753,7A,BA,0A,40,1,0x013
0x3FEB,00,0x00C754,B8,D2,0A,40,1,0x014
0x3FEA,F0,0x00C755,C5,BB,0A,40,1,0x015
0x3FE9,92,0x00C756,BA,AF,0A,40,1,0x016
0x3FE8,03,0x00C757,BF,C0,0A,40,1,0x017
0x3FE7,7F,0x00C758,95,D4,0A,40,1,0x018
0x3FE6,00,0x00C759,3E,BE,0A,40,1,0x019
0x3FE5,80,0x00C75A,B6,A3,0A,40,1,0x01A
0x3FE4,96,0x00C75B,B2,B1,0A,40,1,0x01B
0x3FE3,03,0x00C75C,BB,D0,0A,40,1,0x01C
0x3FE2,00,0x00C75D,B3,B0,0A,40,1,0x01D
0x3FE1,19,0x00C75E,AD,C2,0A,40,1,0x01E
0x3FE0,03,0x00C75F,B8,B1,0A,40,1,0x01F
0x3FDF,F8,0x00C760,2C,B6,0A,40,1,0x020
0x3FDE,0A,0x00C761,AC,AD,0A,40,1,0x021
0x3FDD,1F,0x00C762,B8,41,0A,40,1,0x022
0x3FDB,F8,0x00C764,A5,A8,0A,40,1,0x024
0x3FDA,,0x0C765,A7,C1,0A,40,1,0x025
0x3FD9,0F,0x00C766,C6,AA,0A,40,1,0x026
0x3FD8,92,0x00C767,A6,B1,0A,40,1,0x027
0x3FD7,03,0x00C768,B0,85,0A,40,1,0x028
0x3FD6,80,0x00C769,A7,AE,0A,40,1,0x029
0x3FD5,FF,0x00C76A,83,AA,0A,40,1,0x02A
0x3FD4,7F,0x00C76B,A1,A6,0A,40,1,0x02B
0x3FD3,96,0x00C76C,A7,A1,0A,40,1,0x02C
0x3FD2,03,0x00C76D,26,80,0A,40,1,0x02D
0x3FD1,FF,0x00C76E,A2,31,0A,40,1,0x02E
0x3FD0,19,0x00C76F,1E,A1,0A,40,1,0x02F
0x3FCF,03,0x00C770,DC,1C,0A,40,1,0x030
0x3FCE,0B,0x00C771,9C,A5,0A,40,1,0x031
0x3FCD,E0,0x00C772,A8,99,0A,40,1,0x032
0x3FCC,0B,0x00C773,9D,30,0A,40,1,0x033
0x3FCB,03,0x00C774,A2,9C,0A,40,1,0x034
0x3FCA,04,0x00C775,B7,98,0A,40,1,0x035
0x3FC9,00,0x00C776,21,B0,0A,40,1,0x036
0x3FC7,92,0x00C778,94,A0,0A,40,1,0x038
0x3FC6,03,0x00C779,9E,B3,0A,40,1,0x039
0x3FC5,7F,0x00C77A,96,9D,0A,40,1,0x03A
0x3FC4,00,0x00C77B,9E,8A,0A,40,1,0x03B
0x3FC2,96,0x00C77D,9D,AF,0A,40,1,0x03D
0x3FC1,,0x0C77E,92,21,0A,40,1,0x03E
0x3FC0,00,0x00C77F,97,91,0A,40,1,0x03F
0x3FBF,19,0x00C780,7D,0D,0A,40,1,0x040
0x3FBE,03,0x00C781,8B,95,0A,40,1,0x041
0x3FBD,,0x0C782,96,8C,0A,40,1,0x042
0x3FBC,1F,0x00C783,8D,20,0A,40,1,0x043
0x3FBB,0B,0x00C784,8A,8C,0A,40,1,0x044
0x3FBA,FC,0x00C785,88,87,0A,40,1,0x045
0x3FB9,FF,0x00C786,8C,9F,0A,40,1,0x046
0x3FB8,0F,0x00C787,76,89,0A,40,1,0x047
0x3FB7,92,0x00C788,84,94,0A,40,1,0x048
0x3FB6,03,0x00C789,8A,8F,0A,40,1,0x049
0x3FB5,80,0x00C78A,86,63,0A,40,1,0x04A
0x3FB4,FF,0x00C78B,85,8C,0A,40,1,0x04B
0x3FB3,7F,0x00C78C,85,88,0A,40,1,0x04C
0x3FB2,96,0x00C78D,00,84,0A,40,1,0x04D
0x3FB1,03,0x00C78E,7E,7F,0A,40,1,0x04E
0x3FB0,FF,0x00C78F,8A,5E,0A,40,1,0x04F
0x3FAF,18,0x00C790,80,0F,0A,40,1,0x050
0x3FAE,03,0x00C791,8B,7F,0A,40,1,0x051
0x3FAD,0F,0x00C792,7B,FA,0A,40,1,0x052
0x3FAC,0B,0x00C793,7F,83,0A,40,1,0x053
0x3FAB,E0,0x00C794,75,10,0A,40,1,0x054
0x3FAA,0B,0x00C795,02,7B,0A,40,1,0x055
0x3FA9,,0x0C796,7A,77,0A,40,1,0x056
0x3FA8,04,0x00C797,76,8E,0A,40,1,0x057
0x3FA7,00,0x00C798,7F,78,0A,40,1,0x058
0x3FA6,F0,0x00C799,77,64,0A,40,1,0x059
0x3FA5,92,0x00C79A,7F,7E,0A,40,1,0x05A
0x3FA4,03,0x00C79B,72,91,0A,40,1,0x05B
0x3FA3,3F,0x00C79C,7E,7B,0A,40,1,0x05C
0x3FA2,00,0x00C79D,73,68,0A,40,1,0x05D
0x3FA1,80,0x00C79E,78,6E,0A,40,1,0x05E
0x3FA0,96,0x00C79F,7D,8D,0A,40,1,0x05F
0x3F9F,03,0x00C7A0,6D,FF,0A,40,1,0x060
0x3F9E,00,0x00C7A1,77,6F,0A,40,1,0x061
0x3F9D,18,0x00C7A2,6E,EB,0A,40,1,0x062
0x3F9C,03,0x00C7A3,68,73,0A,40,1,0x063
0x3F9B,F0,0x00C7A4,68,00,0A,40,1,0x064
0x3F9A,0B,0x00C7A5,6D,6B,0A,40,1,0x065
0x3F99,1F,0x00C7A6,76,66,0A,40,1,0x066
0x3F98,0B,0x00C7A7,66,7E,0A,40,1,0x067
0x3F97,FC,0x00C7A8,6B,68,0A,40,1,0x068
0x3F96,FF,0x00C7A9,67,70,0A,40,1,0x069
0x3F95,0F,0x00C7AA,5F,53,0A,40,1,0x06A
0x3F94,92,0x00C7AB,E1,6C,0A,40,1,0x06B
0x3F93,03,0x00C7AC,61,68,0A,40,1,0x06C
0x3F92,C0,0x00C7AD,6C,64,0A,40,1,0x06D
0x3F91,FF,0x00C7AE,62,5F,0A,40,1,0x06E
0x3F8F,96,0x00C7B0,5C,EF,0A,40,1,0x070
0x3F8E,03,0x00C7B1,61,5F,0A,40,1,0x071
0x3F8D,FF,0x00C7B2,5E,9A,0A,40,1,0x072
0x3F8C,18,0x00C7B3,5E,63,0A,40,1,0x073
0x3F8B,03,0x00C7B4,E3,F0,0A,40,1,0x074
0x3F89,F0,0x00C7B6,E0,57,0A,40,1,0x076
0x3F88,0B,0x00C7B7,59,6E,0A,40,1,0x077
0x3F87,03,0x00C7B8,74,58,0A,40,1,0x078
0x3F85,00,0x00C7BA,52,62,0A,40,1,0x07A
0x3F84,F8,0x00C7BB,5E,5C,0A,40,1,0x07B
0x3F83,92,0x00C7BC,54,49,0A,40,1,0x07C
0x3F82,03,0x00C7BD,5F,4F,0A,40,1,0x07D
0x3F81,3F,0x00C7BE,4F,5E,0A,40,1,0x07E
0x3F80,00,0x00C7BF,53,E0,0A,40,1,0x07F
0x3F7F,80,0x00C7C0,4B,50,0A,40,1,0x080
0x3F7E,96,0x00C7C1,4B,0C,0A,40,1,0x081
0x3F7D,03,0x00C7C2,55,54,0A,40,1,0x082
0x3F7C,00,0x00C7C3,4D,E1,0A,40,1,0x083
0x3F7B,18,0x00C7C4,68,4C,0A,40,1,0x084
0x3F7A,03,0x00C7C5,48,47,0A,40,1,0x085
0x3F79,0C,0x00C7C6,4D,5E,0A,40,1,0x086
0x3F78,0F,0x00C7C7,42,49,0A,40,1,0x087
0x3F77,0B,0x00C7C8,44,64,0A,40,1,0x088
0x3F76,FC,0x00C7C9,4A,50,0A,40,1,0x089
0x3F75,FF,0x00C7CA,46,33,0A,40,1,0x08A
0x3F74,07,0x00C7CB,43,4C,0A,40,1,0x08B
0x3F73,04,0x00C7CC,01,44,0A,40,1,0x08C
0x3F72,92,0x00C7CD,3F,44,0A,40,1,0x08D
0x3F71,03,0x00C7CE,4B,3F,0A,40,1,0x08E
0x3F70,C0,0x00C7CF,41,2E,0A,40,1,0x08F
0x3F6F,FF,0x00C7D0,40,CF,0A,40,1,0x090
0x3F6E,7F,0x00C7D1,40,3F,0A,40,1,0x091
0x3F6D,96,0x00C7D2,3B,7A,0A,40,1,0x092
0x3F6C,03,0x00C7D3,3F,3A,0A,40,1,0x093
0x3F6B,FF,0x00C7D4,C4,3E,0A,40,1,0x094
0x3F6A,17,0x00C7D5,3B,CF,0A,40,1,0x095
0x3F69,03,0x00C7D6,C0,3A,0A,40,1,0x096
0x3F68,1F,0x00C7D7,39,36,0A,40,1,0x097
0x3F67,0C,0x00C7D8,15,4C,0A,40,1,0x098
0x3F66,F0,0x00C7D9,40,37,0A,40,1,0x099
0x3F65,0B,0x00C7DA,33,13,0A,40,1,0x09A
0x3F63,00,0x00C7DC,34,40,0A,40,1,0x09C
0x3F62,F8,0x00C7DD,20,3A,0A,40,1,0x09D
0x3F61,92,0x00C7DE,2E,2B,0A,40,1,0x09E
0x3F60,03,0x00C7DF,33,2D,0A,40,1,0x09F
0x3F5F,3F,0x00C7E0,2E,3C,0A,40,1,0x0A0
0x3F5E,,0x0C7E1,2C,BE,0A,40,1,0x0A1
0x3F5D,C0,0x00C7E2,35,2E,0A,40,1,0x0A2
0x3F5C,96,0x00C7E3,2D,EA,0A,40,1,0x0A3
0x3F5B,03,0x00C7E4,09,28,0A,40,1,0x0A4
0x3F5A,00,0x00C7E5,27,2D,0A,40,1,0x0A5
0x3F59,17,0x00C7E6,2D,BE,0A,40,1,0x0A6
0x3F57,E0,0x00C7E8,29,24,0A,40,1,0x0A8
0x3F56,0C,0x00C7E9,24,3B,0A,40,1,0x0A9
0x3F55,0F,0x00C7EA,29,26,0A,40,1,0x0AA
0x3F54,0B,0x00C7EB,25,23,0A,40,1,0x0AB
0x3F53,,0x0C7EC,1F,21,0A,40,1,0x0AC
0x3F52,FF,0x00C7ED,5F,28,0A,40,1,0x0AD
0x3F51,07,0x00C7EE,1F,17,0A,40,1,0x0AE
0x3F50,04,0x00C7EF,2A,28,0A,40,1,0x0AF
0x3F4E,03,0x00C7F1,18,20,0A,40,1,0x0B1
0x3F4D,C0,0x00C7F2,1A,1B,0A,40,1,0x0B2
0x3F4C,FF,0x00C7F3,1F,0A,0A,40,1,0x0B3
0x3F4B,3F,0x00C7F4,A4,AB,0A,40,1,0x0B4
0x3F49,03,0x00C7F6,A0,56,0A,40,1,0x0B6
0x3F48,FF,0x00C7F7,19,16,0A,40,1,0x0B7
0x3F47,17,0x00C7F8,1C,1A,0A,40,1,0x0B8
0x3F46,03,0x00C7F9,18,AB,0A,40,1,0x0B9
0x3F45,01,0x00C7FA,1F,16,0A,40,1,0x0BA
0x3F44,00,0x00C7FB,10,12,0A,40,1,0x0BB
0x3F43,08,0x00C7FC,10,28,0A,40,1,0x0BC
0x3F42,F8,0x00C7FD,1B,13,0A,40,1,0x0BD
0x3F41,0B,0x00C7FE,12,0D,0A,40,1,0x0BE
0x3F40,01,0x00C7FF,0E,0D,0A,40,1,0x0BF
0x3F3F,00,0x00C800,13,15,0A,40,1,0x0C0
0x3F3E,F8,0x00C801,0B,13,0A,40,1,0x0C1
0x3F3D,92,0x00C802,16,0F,0A,40,1,0x0C2
0x3F3C,,0x0C803,0D,14,0A,40,1,0x0C3
0x3F3B,1F,0x00C804,0A,05,0A,40,1,0x0C4
0x3F3A,00,0x00C805,11,07,0A,40,1,0x0C5
0x3F39,,0x0C806,C7,16,0A,40,1,0x0C6
0x3F38,96,0x00C807,05,98,0A,40,1,0x0C7
0x3F37,03,0x00C808,0B,08,0A,40,1,0x0C8
0x3F36,00,0x00C809,07,C4,0A,40,1,0x0C9
0x3F35,17,0x00C80A,0A,02,0A,40,1,0x0CA
0x3F34,03,0x00C80B,06,07,0A,40,1,0x0CB
0x3F33,FE,0x00C80C,01,98,0A,40,1,0x0CC
0x3F32,FF,0x00C80D,F0,03,0A,40,1,0x0CD
0x3F30,07,0x00C80F,09,14,0A,40,1,0x0CF
0x3F2E,0B,0x00C811,7B,3B,0A,40,1,0x0D1
0x3F2D,FE,0x00C812,04,07,0A,40,1,0x0D2
0x3F2C,FF,0x00C813,7A,FA,0A,40,1,0x0D3
0x3F2B,07,0x00C814,84,F7,0A,40,1,0x0D4
0x3F2A,04,0x00C815,FB,02,0A,40,1,0x0D5
0x3F29,92,0x00C816,80,F8,0A,40,1,0x0D6
0x3F28,,0x0C817,F9,F6,0A,40,1,0x0D7
0x3F27,E0,0x00C818,ED,E5,0A,40,1,0x0D8
0x3F26,FF,0x00C819,00,86,0A,40,1,0x0D9
0x3F25,3F,0x00C81A,F4,F6,0A,40,1,0x0DA
0x3F24,96,0x00C81B,F2,11,0A,40,1,0x0DB
0x3F23,03,0x00C81C,FC,F1,0A,40,1,0x0DC
0x3F22,FF,0x00C81D,F3,70,0A,40,1,0x0DD
0x3F21,16,0x00C81E,EE,86,0A,40,1,0x0DE
0x3F20,03,0x00C81F,F4,F1,0A,40,1,0x0DF
0x3F1E,0C,0x00C821,F7,02,0A,40,1,0x0E1
0x3F1C,,0x0C823,E8,AA,0A,40,1,0x0E3
0x3F1B,FF,0x00C824,F2,F5,0A,40,1,0x0E4
0x3F1A,07,0x00C825,27,E7,0A,40,1,0x0E5
0x3F19,09,0x00C826,E7,E8,0A,40,1,0x0E6
0x3F18,F8,0x00C827,EC,F0,0A,40,1,0x0E7
0x3F17,92,0x00C828,E8,E3,0A,40,1,0x0E8
0x3F16,03,0x00C829,DC,E3,0A,40,1,0x0E9
0x3F15,1F,0x00C82A,E2,F2,0A,40,1,0x0EA
0x3F14,00,0x00C82B,F1,74,0A,40,1,0x0EB
0x3F13,C0,0x00C82C,E1,E4,0A,40,1,0x0EC
0x3F12,96,0x00C82D,EB,C0,0A,40,1,0x0ED
0x3F11,,0x0C82E,E2,DE,0A,40,1,0x0EE
0x3F10,00,0x00C82F,5E,5D,0A,40,1,0x0EF
0x3F0F,16,0x00C830,E6,74,0A,40,1,0x0F0
0x3F0E,03,0x00C831,5B,DF,0A,40,1,0x0F1
0x3F0D,C0,0x00C832,66,DA,0A,40,1,0x0F2
0x3F0C,0C,0x00C833,DD,F0,0A,40,1,0x0F3
0x3F0B,FF,0x00C834,62,DC,0A,40,1,0x0F4
0x3F09,00,0x00C836,D8,DB,0A,40,1,0x0F6
0x3F07,09,0x00C838,D1,95,0A,40,1,0x0F8
0x3F06,07,0x00C839,D3,DF,0A,40,1,0x0F9
0x3F05,04,0x00C83A,DD,D4,0A,40,1,0x0FA
0x3F04,92,0x00C83B,D5,D2,0A,40,1,0x0FB
0x3F03,03,0x00C83C,D8,C9,0A,40,1,0x0FC
0x3F02,E0,0x00C83D,D4,62,0A,40,1,0x0FD
0x3F01,FF,0x00C83E,D8,D2,0A,40,1,0x0FE
0x3F00,3F,0x00C83F,BE,ED,0A,40,1,0x0FF
0x3EFF,96,0x00C840,CC,CD,0A,40,1,0x100
0x3EFE,03,0x00C841,D5,4B,0A,40,1,0x101
0x3EFD,FF,0x00C842,CD,61,0A,40,1,0x102
0x3EFC,16,0x00C843,E8,CC,0A,40,1,0x103
0x3EFA,03,0x00C845,CD,DD,0A,40,1,0x105
0x3EF9,04,0x00C846,B6,C9,0A,40,1,0x106
0x3EF8,0C,0x00C847,C4,C1,0A,40,1,0x107
0x3EF7,C0,0x00C848,CA,D0,0A,40,1,0x108
0x3EF6,FF,0x00C849,C6,02,0A,40,1,0x109
0x3EF5,08,0x00C84A,C2,CD,0A,40,1,0x10A
0x3EF4,09,0x00C84B,C6,BF,0A,40,1,0x10B
0x3EF3,FC,0x00C84C,BE,BF,0A,40,1,0x10C
0x3EF2,92,0x00C84D,BE,C6,0A,40,1,0x10D
0x3EF1,03,0x00C84E,C9,C2,0A,40,1,0x10E
0x3EF0,0F,0x00C84F,C0,4F,0A,40,1,0x10F
0x3EEF,00,0x00C850,C3,BF,0A,40,1,0x110
0x3EEE,E0,0x00C851,BF,9B,0A,40,1,0x111
0x3EED,96,0x00C852,BA,B9,0A,40,1,0x112
0x3EEC,03,0x00C853,BE,38,0A,40,1,0x113
0x3EEB,00,0x00C854,A8,4F,0A,40,1,0x114
0x3EEA,16,0x00C855,42,BA,0A,40,1,0x115
0x3EE9,,0x0C856,B9,4B,0A,40,1,0x116
0x3EE8,FC,0x00C857,3E,B8,0A,40,1,0x117
0x3EE7,0C,0x00C858,B7,33,0A,40,1,0x118
0x3EE6,3F,0x00C859,B1,BF,0A,40,1,0x119
0x3EE5,00,0x00C85A,BE,B2,0A,40,1,0x11A
0x3EE4,08,0x00C85B,B4,A9,0A,40,1,0x11B
0x3EE3,09,0x00C85C,B4,AF,0A,40,1,0x11C
0x3EE2,03,0x00C85D,AF,B6,0A,40,1,0x11D
0x3EE1,04,0x00C85E,B8,B7,0A,40,1,0x11E
0x3EE0,92,0x00C85F,B0,A5,0A,40,1,0x11F
0x3EDF,03,0x00C860,A4,3E,0A,40,1,0x120
0x3EDE,F0,0x00C861,B4,AE,0A,40,1,0x121
0x3EDB,96,0x00C864,B2,68,0A,40,1,0x124
0x3EDA,,0x0C865,AA,3E,0A,40,1,0x125
0x3ED9,95,0x00C866,86,A9,0A,40,1,0x126
0x3ED8,03,0x00C867,A4,3A,0A,40,1,0x127
0x3ED7,7F,0x00C868,AA,A7,0A,40,1,0x128
0x3ED6,0C,0x00C869,B2,23,0A,40,1,0x129
0x3ED5,,0x0C86A,A2,AE,0A,40,1,0x12A
0x3ED4,F8,0x00C86B,A7,A0,0A,40,1,0x12B
0x3ED3,0B,0x00C86C,A3,A7,0A,40,1,0x12C
0x3ED2,7F,0x00C86D,9E,A3,0A,40,1,0x12D
0x3ED1,09,0x00C86E,A3,9E,0A,40,1,0x12E
0x3ED0,FC,0x00C86F,9E,A4,0A,40,1,0x12F
0x3ECF,92,0x00C870,9C,A5,0A,40,1,0x130
0x3ECE,03,0x00C871,A6,A2,0A,40,1,0x131
0x3ECD,0F,0x00C872,9D,9E,0A,40,1,0x132
0x3ECC,00,0x00C873,91,2B,0A,40,1,0x133
0x3ECB,E0,0x00C874,97,9B,0A,40,1,0x134
0x3ECA,96,0x00C875,9C,87,0A,40,1,0x135
0x3EC9,03,0x00C876,A5,95,0A,40,1,0x136
0x3EC8,95,0x00C877,20,D4,0A,40,1,0x137
0x3EC7,,0x0C878,97,2B,0A,40,1,0x138
0x3EC6,80,0x00C879,1C,96,0A,40,1,0x139
0x3EC5,0C,0x00C87A,95,91,0A,40,1,0x13A
0x3EC4,FF,0x00C87B,92,A6,0A,40,1,0x13B
0x3EC3,07,0x00C87C,9C,93,0A,40,1,0x13C
0x3EC2,04,0x00C87D,87,9E,0A,40,1,0x13D
0x3EC1,0B,0x00C87E,8D,9A,0A,40,1,0x13E
0x3EC0,80,0x00C87F,97,8D,0A,40,1,0x13F
0x3EBF,09,0x00C880,8F,8A,0A,40,1,0x140
0x3EBE,03,0x00C881,8B,8A,0A,40,1,0x141
0x3EBD,04,0x00C882,90,91,0A,40,1,0x142
0x3EBC,92,0x00C883,85,92,0A,40,1,0x143
0x3EBB,03,0x00C884,87,80,0A,40,1,0x144
0x3EBA,F0,0x00C885,91,19,0A,40,1,0x145
0x3EB8,1F,0x00C887,88,94,0A,40,1,0x147
0x3EB7,96,0x00C888,88,84,0A,40,1,0x148
0x3EB6,03,0x00C889,83,43,0A,40,1,0x149
0x3EB5,FF,0x00C88A,88,19,0A,40,1,0x14A
0x3EB4,15,0x00C88B,80,84,0A,40,1,0x14B
0x3EB3,03,0x00C88C,86,80,0A,40,1,0x14C
0x3EB2,0F,0x00C88D,82,94,0A,40,1,0x14D
0x3EB1,0C,0x00C88E,8D,81,0A,40,1,0x14E
0x3EB0,,0x0C88F,7D,6D,0A,40,1,0x14F
0x3EAF,FE,0x00C890,FC,88,0A,40,1,0x150
0x3EAE,0B,0x00C891,06,7A,0A,40,1,0x151
0x3EAD,7F,0x00C892,7D,7B,0A,40,1,0x152
0x3EAC,09,0x00C893,F8,79,0A,40,1,0x153
0x3EAB,FC,0x00C894,78,7F,0A,40,1,0x154
0x3EAA,92,0x00C895,7D,80,0A,40,1,0x155
0x3EA9,03,0x00C896,74,7D,0A,40,1,0x156
0x3EA8,0F,0x00C897,00,79,0A,40,1,0x157
0x3EA7,00,0x00C898,77,06,0A,40,1,0x158
0x3EA6,E0,0x00C899,FC,76,0A,40,1,0x159
0x3EA5,96,0x00C89A,75,62,0A,40,1,0x15A
0x3EA4,03,0x00C89B,6F,70,0A,40,1,0x15B
0x3EA3,00,0x00C89C,7C,AF,0A,40,1,0x15C
0x3EA2,15,0x00C89D,76,06,0A,40,1,0x15D
0x3EA1,03,0x00C89E,72,71,0A,40,1,0x15E
0x3EA0,F0,0x00C89F,6D,6C,0A,40,1,0x15F
0x3E9F,0C,0x00C8A0,76,81,0A,40,1,0x160
0x3E9D,01,0x00C8A2,69,76,0A,40,1,0x162
0x3E9C,0B,0x00C8A3,6F,69,0A,40,1,0x163
0x3E9B,80,0x00C8A4,6B,28,0A,40,1,0x164
0x3E9A,09,0x00C8A5,6B,72,0A,40,1,0x165
0x3E99,03,0x00C8A6,66,E5,0A,40,1,0x166
0x3E98,04,0x00C8A7,6F,6E,0A,40,1,0x167
0x3E97,92,0x00C8A8,67,60,0A,40,1,0x168
0x3E96,03,0x00C8A9,5F,6F,0A,40,1,0x169
0x3E94,FF,0x00C8AB,67,51,0A,40,1,0x16B
0x3E93,1F,0x00C8AC,60,EB,0A,40,1,0x16C
0x3E92,96,0x00C8AD,65,62,0A,40,1,0x16D
0x3E91,,0x0C8AE,61,6D,0A,40,1,0x16E
0x3E90,FF,0x00C8AF,4D,5D,0A,40,1,0x16F
0x3E8F,15,0x00C8B0,5B,1C,0A,40,1,0x170
0x3E8E,03,0x00C8B1,DA,F2,0A,40,1,0x171
0x3E8D,0C,0x00C8B2,E5,5D,0A,40,1,0x172
0x3E8C,00,0x00C8B3,5C,59,0A,40,1,0x173
0x3E8B,C0,0x00C8B4,D8,6D,0A,40,1,0x174
0x3E8A,0C,0x00C8B5,56,5A,0A,40,1,0x175
0x3E89,3F,0x00C8B6,5C,62,0A,40,1,0x176
0x3E88,00,0x00C8B7,56,54,0A,40,1,0x177
0x3E87,05,0x00C8B8,DF,93,0A,40,1,0x178
0x3E86,FE,0x00C8B9,56,5E,0A,40,1,0x179
0x3E85,0C,0x00C8BA,DB,D2,0A,40,1,0x17A
0x3E84,7F,0x00C8BB,54,5A,0A,40,1,0x17B
0x3E80,07,0x00C8BF,2D,4D,0A,40,1,0x17F
0x3E7F,04,0x00C8C0,4B,5B,0A,40,1,0x180
0x3E7E,00,0x00C8C1,54,D6,0A,40,1,0x181
0x3E7C,96,0x00C8C3,4C,39,0A,40,1,0x183
0x3E7B,03,0x00C8C4,4C,47,0A,40,1,0x184
0x3E7A,,0x0C8C5,47,86,0A,40,1,0x185
0x3E79,15,0x00C8C6,4C,DD,0A,40,1,0x186
0x3E78,03,0x00C8C7,CF,48,0A,40,1,0x187
0x3E77,0C,0x00C8C8,47,43,0A,40,1,0x188
0x3E76,FF,0x00C8C9,C2,57,0A,40,1,0x189
0x3E75,3F,0x00C8CA,42,45,0A,40,1,0x18A
0x3E74,0C,0x00C8CB,47,60,0A,40,1,0x18B
0x3E73,,0x0C8CC,00,4C,0A,40,1,0x18C
0x3E72,FF,0x00C8CD,4B,3F,0A,40,1,0x18D
0x3E71,05,0x00C8CE,BD,2E,0A,40,1,0x18E
0x3E70,01,0x00C8CF,46,48,0A,40,1,0x18F
0x3E6F,0C,0x00C8D0,1C,BB,0A,40,1,0x190
0x3E6E,80,0x00C8D1,3A,44,0A,40,1,0x191
0x3E6D,07,0x00C8D2,45,36,0A,40,1,0x192
0x3E6C,04,0x00C8D3,3C,45,0A,40,1,0x193
0x3E6B,8B,0x00C8D4,57,77,0A,40,1,0x194
0x3E6A,03,0x00C8D5,40,F7,0A,40,1,0x195
0x3E69,F8,0x00C8D6,B6,C1,0A,40,1,0x196
0x3E68,FF,0x00C8D7,C1,38,0A,40,1,0x197
0x3E67,0F,0x00C8D8,37,3B,0A,40,1,0x198
0x3E66,96,0x00C8D9,BC,37,0A,40,1,0x199
0x3E65,,0x0C8DA,35,32,0A,40,1,0x19A
0x3E64,FF,0x00C8DB,2D,11,0A,40,1,0x19B
0x3E63,14,0x00C8DC,3C,C7,0A,40,1,0x19C
0x3E62,03,0x00C8DD,4E,32,0A,40,1,0x19D
0x3E60,0C,0x00C8DF,36,41,0A,40,1,0x19F
0x3E5E,F0,0x00C8E1,27,0B,0A,40,1,0x1A1
0x3E5D,0C,0x00C8E2,29,36,0A,40,1,0x1A2
0x3E5C,3F,0x00C8E3,2F,28,0A,40,1,0x1A3
0x3E5B,00,0x00C8E4,B2,37,0A,40,1,0x1A4
0x3E5A,05,0x00C8E5,2A,32,0A,40,1,0x1A5
0x3E58,0C,0x00C8E7,24,2E,0A,40,1,0x1A7
0x3E57,1F,0x00C8E8,2A,27,0A,40,1,0x1A8
0x3E56,E0,0x00C8E9,62,27,0A,40,1,0x1A9
0x3E54,03,0x00C8EB,A1,E1,0A,40,1,0x1AB
0x3E53,07,0x00C8EC,29,5F,0A,40,1,0x1AC
0x3E52,04,0x00C8ED,3E,AA,0A,40,1,0x1AD
0x3E51,,0x0C8EE,1E,21,0A,40,1,0x1AE
0x3E50,F0,0x00C8EF,28,15,0A,40,1,0x1AF
0x3E4F,96,0x00C8F0,1F,1B,0A,40,1,0x1B0
0x3E4E,03,0x00C8F1,FB,3A,0A,40,1,0x1B1
0x3E4D,00,0x00C8F2,23,B1,0A,40,1,0x1B2
0x3E4C,14,0x00C8F3,98,1C,0A,40,1,0x1B3
0x3E4B,03,0x00C8F4,A4,17,0A,40,1,0x1B4
0x3E4A,E0,0x00C8F5,1A,2B,0A,40,1,0x1B5
0x3E49,0C,0x00C8F6,9F,19,0A,40,1,0x1B6
0x3E47,,0x0C8F8,23,18,0A,40,1,0x1B8
0x3E46,,0x0C8F9,1F,13,0A,40,1,0x1B9
0x3E45,C0,0x00C8FA,F2,1A,0A,40,1,0x1BA
0x3E44,FF,0x00C8FB,99,91,0A,40,1,0x1BB
0x3E43,05,0x00C8FC,13,0C,0A,40,1,0x1BC
0x3E42,01,0x00C8FD,8E,1A,0A,40,1,0x1BD
0x3E41,0C,0x00C8FE,18,4D,0A,40,1,0x1BE
0x3E40,E0,0x00C8FF,FD,0D,0A,40,1,0x1BF
0x3E3F,1F,0x00C900,0B,11,0A,40,1,0x1C0
0x3E3E,8B,0x00C901,15,08,0A,40,1,0x1C1
0x3E3D,,0x0C902,0D,16,0A,40,1,0x1C2
0x3E3C,F8,0x00C903,18,10,0A,40,1,0x1C3
0x3E3B,FF,0x00C904,08,0C,0A,40,1,0x1C4
0x3E3A,0F,0x00C905,0D,07,0A,40,1,0x1C5
0x3E39,96,0x00C906,02,91,0A,40,1,0x1C6
0x3E38,03,0x00C907,04,08,0A,40,1,0x1C7
0x3E37,FF,0x00C908,0C,0B,0A,40,1,0x1C8
0x3E36,14,0x00C909,04,07,0A,40,1,0x1C9
0x3E34,03,0x00C90B,06,E1,0A,40,1,0x1CB
0x3E33,04,0x00C90C,F8,97,0A,40,1,0x1CC
0x3E32,00,0x00C90D,FE,02,0A,40,1,0x1CD
0x3E31,08,0x00C90E,09,FE,0A,40,1,0x1CE
0x3E30,80,0x00C90F,00,11,0A,40,1,0x1CF
0x3E2F,FC,0x00C910,FD,FF,0A,40,1,0x1D0
0x3E2E,0C,0x00C911,04,F7,0A,40,1,0x1D1
0x3E2D,1F,0x00C912,BA,F9,0A,40,1,0x1D2
0x3E2C,00,0x00C913,85,01,0A,40,1,0x1D3
0x3E2B,80,0x00C914,FB,77,0A,40,1,0x1D4
0x3E2A,FE,0x00C915,80,FA,0A,40,1,0x1D5
0x3E29,FF,0x00C916,F9,FA,0A,40,1,0x1D6
0x3E28,08,0x00C917,E5,00,0A,40,1,0x1D7
0x3E27,03,0x00C918,00,B4,0A,40,1,0x1D8
0x3E26,04,0x00C919,12,F2,0A,40,1,0x1D9
0x3E25,80,0x00C91A,7A,F7,0A,40,1,0x1DA
0x3E24,8B,0x00C91B,F4,F3,0A,40,1,0x1DB
0x3E23,03,0x00C91C,70,F4,0A,40,1,0x1DC
0x3E22,07,0x00C91D,F9,FB,0A,40,1,0x1DD
0x3E21,04,0x00C91E,FD,E6,0A,40,1,0x1DE
0x3E20,,0x0C91F,ED,EC,0A,40,1,0x1DF
0x3E1F,F8,0x00C920,F6,77,0A,40,1,0x1E0
0x3E1D,03,0x00C922,DA,E2,0A,40,1,0x1E2
0x3E1B,14,0x00C924,EE,07,0A,40,1,0x1E4
0x3E1A,,0x0C925,EA,7E,0A,40,1,0x1E5
0x3E19,FC,0x00C926,EA,E9,0A,40,1,0x1E6
0x3E18,FF,0x00C927,E5,78,0A,40,1,0x1E7
0x3E17,,0x0C928,EC,E7,0A,40,1,0x1E8
0x3E16,7F,0x00C929,E1,62,0A,40,1,0x1E9
0x3E15,03,0x00C92A,E1,EE,0A,40,1,0x1EA
0x3E14,04,0x00C92B,E6,E1,0A,40,1,0x1EB
0x3E13,0C,0x00C92C,E7,F8,0A,40,1,0x1EC
0x3E12,E0,0x00C92D,E3,EB,0A,40,1,0x1ED
0x3E11,FF,0x00C92E,DE,1D,0A,40,1,0x1EE
0x3E10,7F,0x00C92F,E8,DD,0A,40,1,0x1EF
0x3E0F,01,0x00C930,DF,E1,0A,40,1,0x1F0
0x3E0E,00,0x00C931,D9,E7,0A,40,1,0x1F1
0x3E0D,08,0x00C932,E3,D9,0A,40,1,0x1F2
0x3E0C,FC,0x00C933,18,DA,0A,40,1,0x1F3
0x3E0B,7F,0x00C934,64,D8,0A,40,1,0x1F4
0x3E0A,8B,0x00C935,DA,D5,0A,40,1,0x1F5
0x3E09,03,0x00C936,5F,60,0A,40,1,0x1F6
0x3E07,FF,0x00C938,F3,D7,0A,40,1,0x1F8
0x3E06,07,0x00C939,DF,D7,0A,40,1,0x1F9
0x3E05,04,0x00C93A,52,D2,0A,40,1,0x1FA
0x3E04,96,0x00C93B,D0,C1,0A,40,1,0x1FB
0x3E03,03,0x00C93C,D8,67,0A,40,1,0x1FC
0x3E01,03,0x00C93E,D5,61,0A,40,1,0x1FE
0x3E00,7F,0x00C93F,D1,D0,0A,40,1,0x1FF
0x3DFF,0C,0x00C940,CC,4C,0A,40,1,0x200
0x3DFE,00,0x00C941,D0,D6,0A,40,1,0x201
0x3DFD,18,0x00C942,C7,C8,0A,40,1,0x202
0x3DFC,86,0x00C943,C7,AF,0A,40,1,0x203
0x3DFB,03,0x00C944,D1,D3,0A,40,1,0x204
0x3DFA,1F,0x00C945,C9,86,0A,40,1,0x205
0x3DF9,00,0x00C946,CF,C4,0A,40,1,0x206
0x3DF8,80,0x00C947,84,C9,0A,40,1,0x207
0x3DF7,0C,0x00C948,49,CF,0A,40,1,0x208
0x3DF6,FF,0x00C949,C5,C2,0A,40,1,0x209
0x3DF5,09,0x00C94A,C1,BF,0A,40,1,0x20A
0x3DF4,8B,0x00C94B,C6,BF,0A,40,1,0x20B
0x3DF3,03,0x00C94C,BE,C0,0A,40,1,0x20C
0x3DF2,03,0x00C94D,C9,48,0A,40,1,0x20D
0x3DF0,00,0x00C94F,DB,B8,0A,40,1,0x20F
0x3DEF,F8,0x00C950,BB,BA,0A,40,1,0x210
0x3DEE,96,0x00C951,C0,C9,0A,40,1,0x211
0x3DED,03,0x00C952,B1,50,0A,40,1,0x212
0x3DEC,93,0x00C953,44,BB,0A,40,1,0x213
0x3DEB,,0x0C954,BA,B6,0A,40,1,0x214
0x3DEA,80,0x00C955,3F,C9,0A,40,1,0x215
0x3DE8,FF,0x00C957,94,BB,0A,40,1,0x217
0x3DE7,E7,0x00C958,BF,B7,0A,40,1,0x218
0x3DE6,86,0x00C959,31,B2,0A,40,1,0x219
0x3DE5,03,0x00C95A,B1,B9,0A,40,1,0x21A
0x3DE4,E0,0x00C95B,B8,30,0A,40,1,0x21B
0x3DE3,FF,0x00C95C,B2,96,0A,40,1,0x21C
0x3DE2,7F,0x00C95D,A6,BA,0A,40,1,0x21D
0x3DE1,0C,0x00C95E,AC,CC,0A,40,1,0x21E
0x3DE0,00,0x00C95F,B2,AC,0A,40,1,0x21F
0x3DDF,09,0x00C960,AC,2B,0A,40,1,0x220
0x3DDE,8B,0x00C961,AA,B6,0A,40,1,0x221
0x3DDD,03,0x00C962,B3,A8,0A,40,1,0x222
0x3DDC,FC,0x00C963,AB,B1,0A,40,1,0x223
0x3DDB,FF,0x00C964,B1,A3,0A,40,1,0x224
0x3DDA,07,0x00C965,E5,30,0A,40,1,0x225
0x3DD9,04,0x00C966,2B,A8,0A,40,1,0x226
0x3DD7,03,0x00C968,A2,A7,0A,40,1,0x228
0x3DD6,FF,0x00C969,A8,A2,0A,40,1,0x229
0x3DD5,13,0x00C96A,A1,91,0A,40,1,0x22A
0x3DD4,03,0x00C96B,AB,37,0A,40,1,0x22B
0x3DD2,04,0x00C96D,7E,9E,0A,40,1,0x22D
0x3DD1,00,0x00C96E,9C,B0,0A,40,1,0x22E
0x3DD0,08,0x00C96F,A2,9F,0A,40,1,0x22F
0x3DCF,80,0x00C970,A2,93,0A,40,1,0x230
0x3DCE,E7,0x00C971,9E,99,0A,40,1,0x231
0x3DCD,86,0x00C972,25,A1,0A,40,1,0x232
0x3DCC,,0x0C973,9B,17,0A,40,1,0x233
0x3DCB,0F,0x00C974,20,AF,0A,40,1,0x234
0x3DCA,00,0x00C975,99,A2,0A,40,1,0x235
0x3DC9,C0,0x00C976,14,75,0A,40,1,0x236
0x3DC8,0C,0x00C977,1A,93,0A,40,1,0x237
0x3DC7,7F,0x00C978,96,12,0A,40,1,0x238
0x3DC6,09,0x00C979,91,9E,0A,40,1,0x239
0x3DC5,FE,0x00C97A,99,91,0A,40,1,0x23A
0x3DC4,8A,0x00C97B,93,99,0A,40,1,0x23B
0x3DC3,03,0x00C97C,90,92,0A,40,1,0x23C
0x3DC2,03,0x00C97D,8E,92,0A,40,1,0x23D
0x3DC1,04,0x00C97E,93,17,0A,40,1,0x23E
0x3DC0,00,0x00C97F,8B,8F,0A,40,1,0x23F
0x3DBF,F8,0x00C980,95,87,0A,40,1,0x240
0x3DBE,96,0x00C981,8D,89,0A,40,1,0x241
0x3DBD,03,0x00C982,A8,98,0A,40,1,0x242
0x3DBC,,0x0C983,88,1F,0A,40,1,0x243
0x3DBB,13,0x00C984,8D,8A,0A,40,1,0x244
0x3DBA,03,0x00C985,66,85,0A,40,1,0x245
0x3DB9,F8,0x00C986,91,98,0A,40,1,0x246
0x3DB8,FF,0x00C987,03,87,0A,40,1,0x247
0x3DB7,08,0x00C988,8C,8F,0A,40,1,0x248
0x3DB6,7F,0x00C989,02,82,0A,40,1,0x249
0x3DB5,18,0x00C98A,80,79,0A,40,1,0x24A
0x3DB4,86,0x00C98B,8B,79,0A,40,1,0x24B
0x3DB3,,0x0C98C,82,8B,0A,40,1,0x24C
0x3DB2,F0,0x00C98D,7E,9D,0A,40,1,0x24D
0x3DB1,FF,0x00C98E,84,7D,0A,40,1,0x24E
0x3DB0,3F,0x00C98F,09,FC,0A,40,1,0x24F
0x3DAF,0C,0x00C990,7E,79,0A,40,1,0x250
0x3DAE,80,0x00C991,03,85,0A,40,1,0x251
0x3DAD,09,0x00C992,7C,B8,0A,40,1,0x252
0x3DAC,01,0x00C993,F8,81,0A,40,1,0x253
0x3DAB,8A,0x00C994,FD,6F,0A,40,1,0x254
0x3DAA,,0x0C995,79,00,0A,40,1,0x255
0x3DA9,FC,0x00C996,75,78,0A,40,1,0x256
0x3DA8,FF,0x00C997,7C,77,0A,40,1,0x257
0x3DA7,07,0x00C998,76,77,0A,40,1,0x258
0x3DA6,04,0x00C999,70,72,0A,40,1,0x259
0x3DA5,96,0x00C99A,70,61,0A,40,1,0x25A
0x3DA4,03,0x00C99B,76,07,0A,40,1,0x25B
0x3DA3,FF,0x00C99C,6F,72,0A,40,1,0x25C
0x3DA2,13,0x00C99D,78,6E,0A,40,1,0x25D
0x3DA1,,0x0C99E,70,80,0A,40,1,0x25E
0x3DA0,0C,0x00C99F,4C,6F,0A,40,1,0x25F
0x3D9F,00,0x00C9A0,6A,77,0A,40,1,0x260
0x3D9E,F8,0x00C9A1,70,69,0A,40,1,0x261
0x3D9D,F9,0x00C9A2,88,70,0A,40,1,0x262
0x3D9C,86,0x00C9A3,74,6C,0A,40,1,0x263
0x3D9B,03,0x00C9A4,E7,6D,0A,40,1,0x264
0x3D9A,0F,0x00C9A5,6F,6A,0A,40,1,0x265
0x3D99,00,0x00C9A6,E4,71,0A,40,1,0x266
0x3D98,40,0x00C9A7,64,44,0A,40,1,0x267
0x3D97,0C,0x00C9A8,6E,62,0A,40,1,0x268
0x3D96,1F,0x00C9A9,65,E1,0A,40,1,0x269
0x3D95,09,0x00C9AA,60,62,0A,40,1,0x26A
0x3D94,FC,0x00C9AB,67,6B,0A,40,1,0x26B
0x3D93,8A,0x00C9AC,EC,1F,0A,40,1,0x26C
0x3D92,,0x0C9AD,61,67,0A,40,1,0x26D
0x3D91,03,0x00C9AE,E7,64,0A,40,1,0x26E
0x3D90,04,0x00C9AF,5F,60,0A,40,1,0x26F
0x3D8F,00,0x00C9B0,5C,E5,0A,40,1,0x270
0x3D8E,FC,0x00C9B1,66,5D,0A,40,1,0x271
0x3D8D,96,0x00C9B2,57,55,0A,40,1,0x272
0x3D8B,00,0x00C9B4,5D,66,0A,40,1,0x274
0x3D8A,13,0x00C9B5,59,ED,0A,40,1,0x275
0x3D89,03,0x00C9B6,74,58,0A,40,1,0x276
0x3D88,0C,0x00C9B7,5E,53,0A,40,1,0x277
0x3D87,FF,0x00C9B8,13,65,0A,40,1,0x278
0x3D86,07,0x00C9B9,51,55,0A,40,1,0x279
0x3D85,04,0x00C9BA,5B,60,0A,40,1,0x27A
0x3D84,06,0x00C9BB,53,5C,0A,40,1,0x27B
0x3D83,04,0x00C9BC,50,CF,0A,40,1,0x27C
0x3D82,86,0x00C9BD,4E,CD,0A,40,1,0x27D
0x3D81,03,0x00C9BE,53,4B,0A,40,1,0x27E
0x3D80,F0,0x00C9BF,48,58,0A,40,1,0x27F
0x3D7F,,0x0C9C0,4A,5A,0A,40,1,0x280
0x3D7E,BF,0x00C9C1,50,4A,0A,40,1,0x281
0x3D7D,0C,0x00C9C2,4C,C9,0A,40,1,0x282
0x3D7C,E0,0x00C9C3,51,54,0A,40,1,0x283
0x3D7B,09,0x00C9C4,27,56,0A,40,1,0x284
0x3D7A,03,0x00C9C5,45,4F,0A,40,1,0x285
0x3D79,04,0x00C9C6,4F,25,0A,40,1,0x286
0x3D78,8A,0x00C9C7,47,CE,0A,40,1,0x287
0x3D77,03,0x00C9C8,62,46,0A,40,1,0x288
0x3D76,FC,0x00C9C9,4C,43,0A,40,1,0x289
0x3D75,FF,0x00C9CA,C1,41,0A,40,1,0x28A
0x3D74,03,0x00C9CB,CD,38,0A,40,1,0x28B
0x3D73,04,0x00C9CC,42,D6,0A,40,1,0x28C
0x3D72,96,0x00C9CD,C8,41,0A,40,1,0x28D
0x3D71,,0x0C9CE,40,3D,0A,40,1,0x28E
0x3D70,FF,0x00C9CF,3A,4E,0A,40,1,0x28F
0x3D6F,12,0x00C9D0,47,3E,0A,40,1,0x290
0x3D6E,03,0x00C9D1,3B,2A,0A,40,1,0x291
0x3D6D,0F,0x00C9D2,39,45,0A,40,1,0x292
0x3D6C,0C,0x00C9D3,3E,B7,0A,40,1,0x293
0x3D6B,80,0x00C9D4,3A,B7,0A,40,1,0x294
0x3D6A,7F,0x00C9D5,16,37,0A,40,1,0x295
0x3D69,FE,0x00C9D6,3F,41,0A,40,1,0x296
0x3D68,86,0x00C9D7,73,24,0A,40,1,0x297
0x3D67,03,0x00C9D8,33,32,0A,40,1,0x298
0x3D66,07,0x00C9D9,3C,B1,0A,40,1,0x299
0x3D65,04,0x00C9DA,34,3D,0A,40,1,0x29A
0x3D64,00,0x00C9DB,2E,20,0A,40,1,0x29B
0x3D63,C0,0x00C9DC,2E,38,0A,40,1,0x29C
0x3D62,FF,0x00C9DD,34,4D,0A,40,1,0x29D
0x3D61,08,0x00C9DE,30,B7,0A,40,1,0x29E
0x3D60,07,0x00C9DF,30,2F,0A,40,1,0x29F
0x3D5F,04,0x00C9E0,2B,29,0A,40,1,0x2A0
0x3D5E,09,0x00C9E1,30,29,0A,40,1,0x2A1
0x3D5D,F0,0x00C9E2,2C,30,0A,40,1,0x2A2
0x3D5C,8A,0x00C9E3,31,2C,0A,40,1,0x2A3
0x3D5B,03,0x00C9E4,46,BE,0A,40,1,0x2A4
0x3D5A,01,0x00C9E5,26,29,0A,40,1,0x2A5
0x3D59,00,0x00C9E6,2F,24,0A,40,1,0x2A6
0x3D58,FC,0x00C9E7,27,36,0A,40,1,0x2A7
0x3D57,96,0x00C9E8,03,26,0A,40,1,0x2A8
0x3D56,03,0x00C9E9,2C,2E,0A,40,1,0x2A9
0x3D55,00,0x00C9EA,A0,21,0A,40,1,0x2AA
0x3D54,12,0x00C9EB,AD,10,0A,40,1,0x2AB
0x3D53,,0x0C9EC,22,BE,0A,40,1,0x2AC
0x3D52,F0,0x00C9ED,A8,A4,0A,40,1,0x2AD
0x3D50,7F,0x00C9EF,1F,2B,0A,40,1,0x2AF
0x3D4F,80,0x00C9F0,1F,1B,0A,40,1,0x2B0
0x3D4E,01,0x00C9F1,26,DA,0A,40,1,0x2B1
0x3D4D,86,0x00C9F2,15,18,0A,40,1,0x2B2
0x3D4C,03,0x00C9F3,17,20,0A,40,1,0x2B3
0x3D4B,F8,0x00C9F4,1D,1A,0A,40,1,0x2B4
0x3D4A,FF,0x00C9F5,19,1A,0A,40,1,0x2B5
0x3D49,3F,0x00C9F6,18,1E,0A,40,1,0x2B6
0x3D48,00,0x00C9F7,18,D4,0A,40,1,0x2B7
0x3D47,08,0x00C9F8,13,9D,0A,40,1,0x2B8
0x3D46,F8,0x00C9F9,18,15,0A,40,1,0x2B9
0x3D45,09,0x00C9FA,09,12,0A,40,1,0x2BA
0x3D44,0F,0x00C9FB,0F,10,0A,40,1,0x2BB
0x3D43,8A,0x00C9FC,18,07,0A,40,1,0x2BC
0x3D42,,0x0C9FD,11,1A,0A,40,1,0x2BD
0x3D41,FE,0x00C9FE,1C,0C,0A,40,1,0x2BE
0x3D40,FF,0x00C9FF,16,ED,0A,40,1,0x2BF
0x3D3F,03,0x00CA00,8B,9B,0A,40,1,0x2C0
0x3D3E,04,0x00CA01,90,0D,0A,40,1,0x2C1
0x3D3D,96,0x00CA02,0C,09,0A,40,1,0x2C2
0x3D3C,03,0x00CA03,87,1A,0A,40,1,0x2C3
0x3D3B,FF,0x00CA04,10,0A,0A,40,1,0x2C4
0x3D3A,12,0x00CA05,FE,12,0A,40,1,0x2C5
0x3D38,0C,0x00CA07,0E,13,0A,40,1,0x2C7
0x3D37,00,0x00CA08,06,63,0A,40,1,0x2C8
0x3D36,F0,0x00CA09,02,88,0A,40,1,0x2C9
0x3D35,9F,0x00CA0A,08,04,0A,40,1,0x2CA
0x3D34,87,0x00CA0B,F8,F0,0A,40,1,0x2CB
0x3D33,03,0x00CA0C,8C,FE,0A,40,1,0x2CC
0x3D32,07,0x00CA0D,01,3D,0A,40,1,0x2CD
0x3D31,04,0x00CA0E,87,FD,0A,40,1,0x2CE
0x3D30,00,0x00CA0F,FF,04,0A,40,1,0x2CF
0x3D2E,FF,0x00CA11,06,03,0A,40,1,0x2D1
0x3D2D,08,0x00CA12,FC,38,0A,40,1,0x2D2
0x3D2C,01,0x00CA13,FC,82,0A,40,1,0x2D3
0x3D2B,09,0x00CA14,F7,FA,0A,40,1,0x2D4
0x3D2A,E0,0x00CA15,FC,F4,0A,40,1,0x2D5
0x3D29,8A,0x00CA16,F8,F4,0A,40,1,0x2D6
0x3D28,03,0x00CA17,F0,FB,0A,40,1,0x2D7
0x3D27,01,0x00CA18,F2,F7,0A,40,1,0x2D8
0x3D26,00,0x00CA19,F8,FE,0A,40,1,0x2D9
0x3D25,FC,0x00CA1A,F8,F1,0A,40,1,0x2DA
0x3D24,FF,0x00CA1B,F4,0E,0A,40,1,0x2DB
0x3D23,08,0x00CA1C,EF,7F,0A,40,1,0x2DC
0x3D22,8F,0x00CA1D,F7,F1,0A,40,1,0x2DD
0x3D21,90,0x00CA1E,F0,EC,0A,40,1,0x2DE
0x3D20,03,0x00CA1F,DC,FD,0A,40,1,0x2DF
0x3D1F,00,0x00CA20,F5,EE,0A,40,1,0x2E0
0x3D1E,12,0x00CA21,69,F9,0A,40,1,0x2E1
0x3D1D,03,0x00CA22,6F,F5,0A,40,1,0x2E2
0x3D1C,0C,0x00CA23,EB,E8,0A,40,1,0x2E3
0x3D1B,FF,0x00CA24,67,E6,0A,40,1,0x2E4
0x3D1A,0F,0x00CA25,EF,CD,0A,40,1,0x2E5
0x3D19,60,0x00CA26,EC,6B,0A,40,1,0x2E6
0x3D18,87,0x00CA27,E8,E7,0A,40,1,0x2E7
0x3D17,03,0x00CA28,E3,EA,0A,40,1,0x2E8
0x3D16,F8,0x00CA29,EC,E6,0A,40,1,0x2E9
0x3D15,FF,0x00CA2A,E4,E1,0A,40,1,0x2EA
0x3D14,1F,0x00CA2B,DF,A0,0A,40,1,0x2EB
0x3D13,00,0x00CA2C,E6,DE,0A,40,1,0x2EC
0x3D12,08,0x00CA2D,E5,E6,0A,40,1,0x2ED
0x3D11,FE,0x00CA2E,E1,E7,0A,40,1,0x2EE
0x3D10,09,0x00CA2F,69,5C,0A,40,1,0x2EF
0x3D0F,1F,0x00CA30,DE,65,0A,40,1,0x2F0
0x3D0E,,0x0CA31,64,DD,0A,40,1,0x2F1
0x3D0D,,0x0CA32,DC,E2,0A,40,1,0x2F2
0x3D0C,FE,0x00CA33,E7,D4,0A,40,1,0x2F3
0x3D0B,FF,0x00CA34,E3,D6,0A,40,1,0x2F4
0x3D0A,03,0x00CA35,C6,DE,0A,40,1,0x2F5
0x3D09,04,0x00CA36,D4,F4,0A,40,1,0x2F6
0x3D08,00,0x00CA37,DC,54,0A,40,1,0x2F7
0x3D07,08,0x00CA38,52,63,0A,40,1,0x2F8
0x3D06,70,0x00CA39,D2,D5,0A,40,1,0x2F9
0x3D05,90,0x00CA3A,D8,D1,0A,40,1,0x2FA
0x3D04,03,0x00CA3B,CE,E1,0A,40,1,0x2FB
0x3D03,,0x0CA3C,CE,D2,0A,40,1,0x2FC
0x3D02,11,0x00CA3D,D7,BE,0A,40,1,0x2FD
0x3D01,,0x0CA3E,D0,D9,0A,40,1,0x2FE
0x3D00,0F,0x00CA3F,CF,CB,0A,40,1,0x2FF
0x3CFF,0C,0x00CA40,CF,CB,0A,40,1,0x300
0x3CFE,00,0x00CA41,D3,E1,0A,40,1,0x301
0x3CFD,FF,0x00CA42,B8,4E,0A,40,1,0x302
0x3CFC,E7,0x00CA43,4D,CA,0A,40,1,0x303
0x3CFB,87,0x00CA44,C9,BE,0A,40,1,0x304
0x3CFA,03,0x00CA45,04,C4,0A,40,1,0x305
0x3CF9,03,0x00CA46,C4,03,0A,40,1,0x306
0x3CF8,04,0x00CA47,C8,C3,0A,40,1,0x307
0x3CF7,00,0x00CA48,C0,CA,0A,40,1,0x308
0x3CF6,E0,0x00CA49,C0,CB,0A,40,1,0x309
0x3CF5,0B,0x00CA4A,C9,3F,0A,40,1,0x30A
0x3CF4,7F,0x00CA4B,C2,49,0A,40,1,0x30B
0x3CF3,0A,0x00CA4C,FD,C1,0A,40,1,0x30C
0x3CF2,C0,0x00CA4D,BD,C6,0A,40,1,0x30D
0x3CF1,8A,0x00CA4E,C3,BF,0A,40,1,0x30E
0x3CF0,03,0x00CA4F,B9,BF,0A,40,1,0x30F
0x3CEF,09,0x00CA50,47,BA,0A,40,1,0x310
0x3CEE,FE,0x00CA51,BC,C1,0A,40,1,0x311
0x3CED,FF,0x00CA52,42,98,0A,40,1,0x312
0x3CEC,08,0x00CA53,BA,36,0A,40,1,0x313
0x3CEB,00,0x00CA54,A6,46,0A,40,1,0x314
0x3CEA,FC,0x00CA55,C1,B8,0A,40,1,0x315
0x3CE9,8F,0x00CA56,C3,B3,0A,40,1,0x316
0x3CE8,03,0x00CA57,B3,C4,0A,40,1,0x317
0x3CE7,00,0x00CA58,BA,B5,0A,40,1,0x318
0x3CE6,11,0x00CA59,31,B2,0A,40,1,0x319
0x3CE5,03,0x00CA5A,AF,B0,0A,40,1,0x31A
0x3CE4,F0,0x00CA5B,B6,B7,0A,40,1,0x31B
0x3CE3,0C,0x00CA5C,AF,9E,0A,40,1,0x31C
0x3CE2,FF,0x00CA5D,AD,AC,0A,40,1,0x31D
0x3CE1,00,0x00CA5E,B5,A8,0A,40,1,0x31E
0x3CE0,18,0x00CA5F,AE,31,0A,40,1,0x31F
0x3CDF,87,0x00CA60,A6,AD,0A,40,1,0x320
0x3CDE,03,0x00CA61,B3,B0,0A,40,1,0x321
0x3CDD,FC,0x00CA62,B7,AC,0A,40,1,0x322
0x3CDC,FF,0x00CA63,2D,A7,0A,40,1,0x323
0x3CDB,1F,0x00CA64,A9,66,0A,40,1,0x324
0x3CDA,0B,0x00CA65,65,B0,0A,40,1,0x325
0x3CD9,80,0x00CA66,A3,23,0A,40,1,0x326
0x3CD8,0A,0x00CA67,A8,AE,0A,40,1,0x327
0x3CD7,3F,0x00CA68,A3,A1,0A,40,1,0x328
0x3CD6,8A,0x00CA69,A1,AB,0A,40,1,0x329
0x3CD5,03,0x00CA6A,A9,A3,0A,40,1,0x32A
0x3CD4,09,0x00CA6B,A2,A8,0A,40,1,0x32B
0x3CD3,01,0x00CA6C,5E,9A,0A,40,1,0x32C
0x3CD1,08,0x00CA6E,A3,A4,0A,40,1,0x32E
0x3CD0,FF,0x00CA6F,9C,9E,0A,40,1,0x32F
0x3CCF,03,0x00CA70,27,9E,0A,40,1,0x330
0x3CCE,04,0x00CA71,9C,99,0A,40,1,0x331
0x3CCD,8F,0x00CA72,22,96,0A,40,1,0x332
0x3CCC,,0x0CA73,9A,26,0A,40,1,0x333
0x3CCB,FF,0x00CA74,D5,99,0A,40,1,0x334
0x3CCA,11,0x00CA75,A1,95,0A,40,1,0x335
0x3CC9,03,0x00CA76,74,A5,0A,40,1,0x336
0x3CC8,01,0x00CA77,92,96,0A,40,1,0x337
0x3CC7,00,0x00CA78,9A,90,0A,40,1,0x338
0x3CC6,08,0x00CA79,98,90,0A,40,1,0x339
0x3CC5,F0,0x00CA7A,94,98,0A,40,1,0x33A
0x3CC4,FF,0x00CA7B,99,9E,0A,40,1,0x33B
0x3CC3,FC,0x00CA7C,0E,8E,0A,40,1,0x33C
0x3CC2,87,0x00CA7D,8C,90,0A,40,1,0x33D
0x3CC1,03,0x00CA7E,95,90,0A,40,1,0x33E
0x3CC0,,0x0CA7F,8E,11,0A,40,1,0x33F
0x3CBF,04,0x00CA80,C9,8D,0A,40,1,0x340
0x3CBE,,0x0CA81,89,81,0A,40,1,0x341
0x3CBD,E0,0x00CA82,8F,87,0A,40,1,0x342
0x3CBC,0B,0x00CA83,83,C6,0A,40,1,0x343
0x3CBB,3F,0x00CA84,0C,91,0A,40,1,0x344
0x3CBA,0A,0x00CA85,88,05,0A,40,1,0x345
0x3CB9,80,0x00CA86,C3,8F,0A,40,1,0x346
0x3CB7,0A,0x00CA88,87,8C,0A,40,1,0x348
0x3CB6,03,0x00CA89,7F,84,0A,40,1,0x349
0x3CB5,09,0x00CA8A,7F,89,0A,40,1,0x34A
0x3CB4,FE,0x00CA8B,88,82,0A,40,1,0x34B
0x3CB3,0B,0x00CA8C,81,82,0A,40,1,0x34C
0x3CB2,1F,0x00CA8D,7E,7D,0A,40,1,0x34D
0x3CB1,00,0x00CA8E,86,84,0A,40,1,0x34E
0x3CB0,F8,0x00CA8F,3B,77,0A,40,1,0x34F
0x3CAF,8F,0x00CA90,08,79,0A,40,1,0x350
0x3CAE,,0x0CA91,7C,7A,0A,40,1,0x351
0x3CAD,00,0x00CA92,02,07,0A,40,1,0x352
0x3CAB,03,0x00CA94,36,75,0A,40,1,0x354
0x3CAA,FE,0x00CA95,81,85,0A,40,1,0x355
0x3CA9,FF,0x00CA96,93,77,0A,40,1,0x356
0x3CA8,08,0x00CA97,73,B2,0A,40,1,0x357
0x3CA7,0F,0x00CA98,7A,7E,0A,40,1,0x358
0x3CA6,00,0x00CA99,69,71,0A,40,1,0x359
0x3CA5,03,0x00CA9A,7A,6F,0A,40,1,0x35A
0x3CA4,04,0x00CA9B,EE,AE,0A,40,1,0x35B
0x3CA3,87,0x00CA9C,6E,F5,0A,40,1,0x35C
0x3CA2,03,0x00CA9D,76,70,0A,40,1,0x35D
0x3CA0,FF,0x00CA9F,2B,6F,0A,40,1,0x35F
0x3C9F,1F,0x00CAA0,69,6A,0A,40,1,0x360
0x3C9E,0B,0x00CAA1,70,49,0A,40,1,0x361
0x3C9D,C0,0x00CAA2,6B,73,0A,40,1,0x362
0x3C9C,0A,0x00CAA3,6B,86,0A,40,1,0x363
0x3C9B,7F,0x00CAA4,EC,71,0A,40,1,0x364
0x3C9A,00,0x00CAA5,68,64,0A,40,1,0x365
0x3C99,0A,0x00CAA6,24,6E,0A,40,1,0x366
0x3C98,03,0x00CAA7,62,66,0A,40,1,0x367
0x3C97,09,0x00CAA8,67,6B,0A,40,1,0x368
0x3C96,,0x0CAA9,62,5D,0A,40,1,0x369
0x3C95,0B,0x00CAAA,60,6B,0A,40,1,0x36A
0x3C94,E0,0x00CAAB,68,DE,0A,40,1,0x36B
0x3C93,FF,0x00CAAC,61,67,0A,40,1,0x36C
0x3C92,07,0x00CAAD,5B,59,0A,40,1,0x36D
0x3C91,04,0x00CAAE,66,EB,0A,40,1,0x36E
0x3C90,8F,0x00CAAF,9A,5E,0A,40,1,0x36F
0x3C8F,03,0x00CAB0,E8,5A,0A,40,1,0x370
0x3C8E,FF,0x00CAB1,5C,69,0A,40,1,0x371
0x3C8D,10,0x00CAB2,E2,5B,0A,40,1,0x372
0x3C8C,,0x0CAB3,5A,17,0A,40,1,0x373
0x3C8B,3F,0x00CAB4,D5,62,0A,40,1,0x374
0x3C8A,,0x0CAB5,61,54,0A,40,1,0x375
0x3C89,00,0x00CAB6,14,54,0A,40,1,0x376
0x3C88,FF,0x00CAB7,5E,13,0A,40,1,0x377
0x3C87,3F,0x00CAB8,D1,D9,0A,40,1,0x378
0x3C86,88,0x00CAB9,51,54,0A,40,1,0x379
0x3C85,03,0x00CABA,57,4C,0A,40,1,0x37A
0x3C84,01,0x00CABB,0F,4E,0A,40,1,0x37B
0x3C83,00,0x00CABC,4D,6D,0A,40,1,0x37C
0x3C82,F0,0x00CABD,56,58,0A,40,1,0x37D
0x3C81,0B,0x00CABE,4F,2C,0A,40,1,0x37E
0x3C80,0F,0x00CABF,52,56,0A,40,1,0x37F
0x3C7F,0A,0x00CAC0,4E,4A,0A,40,1,0x380
0x3C7E,80,0x00CAC1,49,53,0A,40,1,0x381
0x3C7D,FF,0x00CAC2,4F,4B,0A,40,1,0x382
0x3C7C,0A,0x00CAC3,CE,50,0A,40,1,0x383
0x3C7A,09,0x00CAC5,54,49,0A,40,1,0x385
0x3C79,FF,0x00CAC6,44,4F,0A,40,1,0x386
0x3C77,07,0x00CAC8,CB,4B,0A,40,1,0x388
0x3C75,00,0x00CACA,BF,44,0A,40,1,0x38A
0x3C74,F0,0x00CACB,4A,CE,0A,40,1,0x38B
0x3C73,8F,0x00CACC,1E,41,0A,40,1,0x38C
0x3C72,03,0x00CACD,CB,3C,0A,40,1,0x38D
0x3C71,00,0x00CACE,3F,4C,0A,40,1,0x38E
0x3C70,10,0x00CACF,C5,3E,0A,40,1,0x38F
0x3C6E,C0,0x00CAD1,B9,3D,0A,40,1,0x391
0x3C6D,,0x0CAD2,44,38,0A,40,1,0x392
0x3C6C,FF,0x00CAD3,76,3F,0A,40,1,0x393
0x3C6B,00,0x00CAD4,41,16,0A,40,1,0x394
0x3C6A,C0,0x00CAD5,B5,34,0A,40,1,0x395
0x3C69,88,0x00CAD6,33,03,0A,40,1,0x396
0x3C68,03,0x00CAD7,3A,BA,0A,40,1,0x397
0x3C67,FE,0x00CAD8,71,35,0A,40,1,0x398
0x3C66,FF,0x00CAD9,31,34,0A,40,1,0x399
0x3C65,0F,0x00CADA,39,34,0A,40,1,0x39A
0x3C64,0B,0x00CADB,32,2F,0A,40,1,0x39B
0x3C63,F0,0x00CADC,26,0E,0A,40,1,0x39C
0x3C62,0A,0x00CADD,2C,38,0A,40,1,0x39D
0x3C60,00,0x00CADF,B2,2F,0A,40,1,0x39F
0x3C5F,0A,0x00CAE0,2D,35,0A,40,1,0x3A0
0x3C5E,03,0x00CAE1,19,27,0A,40,1,0x3A1
0x3C5D,09,0x00CAE2,27,B0,0A,40,1,0x3A2
0x3C5C,00,0x00CAE3,A6,2A,0A,40,1,0x3A3
0x3C5B,08,0x00CAE4,AF,A5,0A,40,1,0x3A4
0x3C5A,F8,0x00CAE5,28,2E,0A,40,1,0x3A5
0x3C59,FF,0x00CAE6,A4,22,0A,40,1,0x3A6
0x3C58,0F,0x00CAE7,2E,22,0A,40,1,0x3A7
0x3C57,8F,0x00CAE8,41,29,0A,40,1,0x3A8
0x3C56,03,0x00CAE9,AF,30,0A,40,1,0x3A9
0x3C55,FF,0x00CAEA,23,29,0A,40,1,0x3AA
0x3C54,10,0x00CAEB,AA,17,0A,40,1,0x3AB
0x3C53,,0x0CAEC,21,AD,0A,40,1,0x3AC
0x3C52,03,0x00CAED,1E,20,0A,40,1,0x3AD
0x3C51,04,0x00CAEE,27,1C,0A,40,1,0x3AE
0x3C50,00,0x00CAEF,9B,2B,0A,40,1,0x3AF
0x3C4F,08,0x00CAF0,19,1D,0A,40,1,0x3B0
0x3C4E,E0,0x00CAF1,20,15,0A,40,1,0x3B1
0x3C4D,FF,0x00CAF2,27,17,0A,40,1,0x3B2
0x3C4C,CF,0x00CAF3,17,1F,0A,40,1,0x3B3
0x3C4B,88,0x00CAF4,1D,35,0A,40,1,0x3B4
0x3C4A,03,0x00CAF5,11,15,0A,40,1,0x3B5
0x3C49,01,0x00CAF6,9C,44,0A,40,1,0x3B6
0x3C48,00,0x00CAF7,16,9A,0A,40,1,0x3B7
0x3C47,F0,0x00CAF8,91,15,0A,40,1,0x3B8
0x3C46,FF,0x00CAF9,1C,0D,0A,40,1,0x3B9
0x3C45,07,0x00CAFA,F0,0F,0A,40,1,0x3BA
0x3C44,03,0x00CAFB,96,2E,0A,40,1,0x3BB
0x3C43,04,0x00CAFC,11,19,0A,40,1,0x3BC
0x3C42,0B,0x00CAFD,14,05,0A,40,1,0x3BD
0x3C41,89,0x00CAFE,10,17,0A,40,1,0x3BE
0x3C40,03,0x00CAFF,0B,0C,0A,40,1,0x3BF
0x3C3F,7F,0x00CB00,EA,92,0A,40,1,0x3C0
0x3C3E,00,0x00CB01,08,0C,0A,40,1,0x3C1
0x3C3D,05,0x00CB02,11,88,0A,40,1,0x3C2
0x3C3C,FF,0x00CB03,0A,10,0A,40,1,0x3C3
0x3C3B,08,0x00CB04,0D,07,0A,40,1,0x3C4
0x3C3A,09,0x00CB05,09,05,0A,40,1,0x3C5
0x3C39,E0,0x00CB06,04,0B,0A,40,1,0x3C6
0x3C38,8F,0x00CB07,0A,F3,0A,40,1,0x3C7
0x3C37,03,0x00CB08,00,0B,0A,40,1,0x3C8
0x3C36,00,0x00CB09,8F,08,0A,40,1,0x3C9
0x3C35,10,0x00CB0A,03,04,0A,40,1,0x3CA
0x3C34,03,0x00CB0B,8A,8E,0A,40,1,0x3CB
0x3C32,FF,0x00CB0D,FB,FC,0A,40,1,0x3CD
0x3C31,08,0x00CB0E,07,0B,0A,40,1,0x3CE
0x3C30,1F,0x00CB0F,7A,FE,0A,40,1,0x3CF
0x3C2F,,0x0CB10,FA,79,0A,40,1,0x3D0
0x3C2E,30,0x00CB11,00,7F,0A,40,1,0x3D1
0x3C2D,88,0x00CB12,E8,FB,0A,40,1,0x3D2
0x3C2C,03,0x00CB13,F6,F5,0A,40,1,0x3D3
0x3C2B,FE,0x00CB14,FD,F5,0A,40,1,0x3D4
0x3C2A,FF,0x00CB15,F8,E8,0A,40,1,0x3D5
0x3C29,0F,0x00CB16,F8,F3,0A,40,1,0x3D6
0x3C28,00,0x00CB17,7B,FA,0A,40,1,0x3D7
0x3C26,FC,0x00CB19,71,F2,0A,40,1,0x3D9
0x3C25,,0x0CB1A,FB,F0,0A,40,1,0x3DA
0x3C24,89,0x00CB1B,0E,DF,0A,40,1,0x3DB
0x3C23,03,0x00CB1C,75,ED,0A,40,1,0x3DC
0x3C22,80,0x00CB1D,F0,F4,0A,40,1,0x3DD
0x3C21,FF,0x00CB1E,E4,EF,0A,40,1,0x3DE
0x3C20,05,0x00CB1F,EA,EF,0A,40,1,0x3DF
0x3C1F,00,0x00CB20,09,F5,0A,40,1,0x3E0
0x3C1E,08,0x00CB21,E9,E5,0A,40,1,0x3E1
0x3C1D,,0x0CB22,F1,E7,0A,40,1,0x3E2
0x3C1C,1F,0x00CB23,EA,EF,0A,40,1,0x3E3
0x3C1B,8F,0x00CB24,DE,E9,0A,40,1,0x3E4
0x3C1A,03,0x00CB25,E4,64,0A,40,1,0x3E5
0x3C19,FF,0x00CB26,EB,ED,0A,40,1,0x3E6
0x3C18,0F,0x00CB27,E4,E1,0A,40,1,0x3E7
0x3C17,03,0x00CB28,70,E1,0A,40,1,0x3E8
0x3C16,7F,0x00CB29,E4,E8,0A,40,1,0x3E9
0x3C15,86,0x00CB2A,6B,E3,0A,40,1,0x3EA
0x3C14,,0x0CB2B,E2,E3,0A,40,1,0x3EB
0x3C13,FE,0x00CB2C,ED,E7,0A,40,1,0x3EC
0x3C12,FF,0x00CB2D,E9,D5,0A,40,1,0x3ED
0x3C10,FF,0x00CB2F,E2,EA,0A,40,1,0x3EF
0x3C0F,08,0x00CB30,E5,DD,0A,40,1,0x3F0
0x3C0E,03,0x00CB31,59,68,0A,40,1,0x3F1
0x3C0D,09,0x00CB32,61,DB,0A,40,1,0x3F2
0x3C0C,F8,0x00CB33,DA,57,0A,40,1,0x3F3
0x3C0B,FF,0x00CB34,DD,E2,0A,40,1,0x3F4
0x3C0A,07,0x00CB35,D9,D4,0A,40,1,0x3F5
0x3C09,01,0x00CB36,D4,D5,0A,40,1,0x3F6
0x3C08,0B,0x00CB37,DA,D3,0A,40,1,0x3F7
0x3C07,FE,0x00CB38,C2,DE,0A,40,1,0x3F8
0x3C06,88,0x00CB39,58,D5,0A,40,1,0x3F9
0x3C05,,0x0CB3A,D3,57,0A,40,1,0x3FA
0x3C03,00,0x00CB3C,D2,CC,0A,40,1,0x3FC
0x3C02,05,0x00CB3D,CD,CC,0A,40,1,0x3FD
0x3C01,0B,0x00CB3E,AC,DB,0A,40,1,0x3FE
0x3C00,3F,0x00CB3F,CA,CB,0A,40,1,0x3FF
0x43FE,01,0x00CB51,D8,CD,0A,40,2,0x001
0x43FA,01,0x00CB55,D4,C9,0A,40,2,0x005
0x43F6,01,0x00CB59,D0,C5,0A,40,2,0x009
0x43F2,01,0x00CB5D,CC,C1,0A,40,2,0x00D
0x43EE,01,0x00CB61,C8,BD,0A,40,2,0x011
0x43EA,01,0x00CB65,C4,B9,0A,40,2,0x015
0x43E6,01,0x00CB69,C0,B5,0A,40,2,0x019
0x4364,00,0x00CBEB,F2,32,0A,40,2,0x09B
0x4363,00,0x00CBEC,F1,31,0A,40,2,0x09C
0x4362,0C,0x00CBED,F0,3C,0A,40,2,0x09D
0x4361,05,0x00CBEE,2F,34,0A,40,2,0x09E
0x435E,0C,0x00CBF1,30,38,0A,40,2,0x0A1
0x435C,00,0x00CBF3,26,2A,0A,40,2,0x0A3
0x435B,00,0x00CBF4,25,29,0A,40,2,0x0A4
0x435A,0C,0x00CBF5,24,34,0A,40,2,0x0A5
0x4359,05,0x00CBF6,27,2C,0A,40,2,0x0A6
0x4356,0C,0x00CBF9,28,30,0A,40,2,0x0A9
0x4354,00,0x00CBFB,21,22,0A,40,2,0x0AB
0x4353,00,0x00CBFC,20,21,0A,40,2,0x0AC
0x4352,0C,0x00CBFD,1F,2C,0A,40,2,0x0AD
0x4351,05,0x00CBFE,1F,24,0A,40,2,0x0AE
0x434E,0C,0x00CC01,20,28,0A,40,2,0x0B1
0x434C,00,0x00CC03,19,1A,0A,40,2,0x0B3
0x434B,00,0x00CC04,18,19,0A,40,2,0x0B4
0x434A,0C,0x00CC05,17,24,0A,40,2,0x0B5
0x4349,05,0x00CC06,17,1C,0A,40,2,0x0B6
0x4346,06,0x00CC09,18,1A,0A,40,2,0x0B9
0x4344,FC,0x00CC0B,11,0E,0A,40,2,0x0BB
0x4343,FC,0x00CC0C,10,0D,0A,40,2,0x0BC
0x4342,00,0x00CC0D,0F,10,0A,40,2,0x0BD
0x4341,00,0x00CC0E,8F,0F,0A,40,2,0x0BE
0x4340,05,0x00CC0F,8E,13,0A,40,2,0x0BF
0x433F,05,0x00CC10,8D,12,0A,40,2,0x0C0
0x433E,7E,0x00CC11,10,8A,0A,40,2,0x0C1
0x433D,7E,0x00CC12,10,89,0A,40,2,0x0C2
0x433C,06,0x00CC13,09,10,0A,40,2,0x0C3
0x433B,05,0x00CC14,08,0E,0A,40,2,0x0C4
0x433A,7F,0x00CC15,07,87,0A,40,2,0x0C5
0x4339,7F,0x00CC16,87,86,0A,40,2,0x0C6
0x4338,7E,0x00CC17,86,84,0A,40,2,0x0C7
0x4337,7E,0x00CC18,85,83,0A,40,2,0x0C8
0x4336,05,0x00CC19,08,09,0A,40,2,0x0C9
0x4334,00,0x00CC1B,01,02,0A,40,2,0x0CB
0x4333,00,0x00CC1C,00,01,0A,40,2,0x0CC
0x4332,02,0x00CC1D,FF,02,0A,40,2,0x0CD
0x4331,05,0x00CC1E,1E,04,0A,40,2,0x0CE
0x4330,00,0x00CC1F,1D,FE,0A,40,2,0x0CF
0x432F,F0,0x00CC20,1C,ED,0A,40,2,0x0D0
0x432E,FC,0x00CC21,00,F8,0A,40,2,0x0D1
0x432D,E0,0x00CC22,00,DB,0A,40,2,0x0D2
0x432C,00,0x00CC23,F9,FA,0A,40,2,0x0D3
0x432B,00,0x00CC24,F8,F9,0A,40,2,0x0D4
0x432A,08,0x00CC25,F7,00,0A,40,2,0x0D5
0x4329,05,0x00CC26,16,FC,0A,40,2,0x0D6
0x4328,00,0x00CC27,15,F6,0A,40,2,0x0D7
0x4327,00,0x00CC28,14,F5,0A,40,2,0x0D8
0x4326,02,0x00CC29,F8,F6,0A,40,2,0x0D9
0x4324,00,0x00CC2B,F1,F2,0A,40,2,0x0DB
0x4323,03,0x00CC2C,F0,F4,0A,40,2,0x0DC
0x4322,0F,0x00CC2D,EF,FF,0A,40,2,0x0DD
0x4321,3F,0x00CC2E,EF,2E,0A,40,2,0x0DE
0x4320,FF,0x00CC2F,EE,ED,0A,40,2,0x0DF
0x431F,FC,0x00CC30,ED,E9,0A,40,2,0x0E0
0x431E,F8,0x00CC31,F0,E4,0A,40,2,0x0E1
0x431D,E0,0x00CC32,F0,CB,0A,40,2,0x0E2
0x431C,C0,0x00CC33,E9,AA,0A,40,2,0x0E3
0x431B,C0,0x00CC34,E8,A9,0A,40,2,0x0E4
0x431A,80,0x00CC35,E7,68,0A,40,2,0x0E5
0x4319,80,0x00CC36,E7,67,0A,40,2,0x0E6
0x4318,04,0x00CC37,E6,EA,0A,40,2,0x0E7
0x4317,05,0x00CC38,E5,EA,0A,40,2,0x0E8
0x4316,80,0x00CC39,E8,64,0A,40,2,0x0E9
0x4315,00,0x00CC3A,E8,E3,0A,40,2,0x0EA
0x4314,00,0x00CC3B,01,E2,0A,40,2,0x0EB
0x4313,00,0x00CC3C,00,E1,0A,40,2,0x0EC
0x4312,03,0x00CC3D,FF,E3,0A,40,2,0x0ED
0x4311,05,0x00CC3E,DF,E4,0A,40,2,0x0EE
0x430F,80,0x00CC40,DD,5D,0A,40,2,0x0F0
0x430E,E0,0x00CC41,E0,BC,0A,40,2,0x0F1
0x430D,F1,0x00CC42,E0,CC,0A,40,2,0x0F2
0x430C,FB,0x00CC43,D9,D5,0A,40,2,0x0F3
0x430A,7F,0x00CC45,D7,57,0A,40,2,0x0F5
0x4309,7F,0x00CC46,D7,56,0A,40,2,0x0F6
0x4308,3F,0x00CC47,D6,15,0A,40,2,0x0F7
0x4307,3F,0x00CC48,D5,14,0A,40,2,0x0F8
0x4304,3F,0x00CC4B,D2,11,0A,40,2,0x0FB
0x4302,00,0x00CC4D,50,D0,0A,40,2,0x0FD
0x4301,00,0x00CC4E,8F,CF,0A,40,2,0x0FE
0x4300,02,0x00CC4F,AE,D0,0A,40,2,0x0FF
0x42FF,05,0x00CC50,4D,D2,0A,40,2,0x100
0x42FD,F8,0x00CC52,CA,C2,0A,40,2,0x102
0x42FC,FE,0x00CC53,CC,C7,0A,40,2,0x103
0x42FB,FF,0x00CC54,CD,C7,0A,40,2,0x104
0x42FA,1F,0x00CC55,C8,E6,0A,40,2,0x105
0x42F9,07,0x00CC56,C7,CD,0A,40,2,0x106
0x42F8,03,0x00CC57,46,C8,0A,40,2,0x107
0x42F7,00,0x00CC58,44,C4,0A,40,2,0x108
0x42F6,00,0x00CC59,43,C3,0A,40,2,0x109
0x42F5,06,0x00CC5A,C2,C8,0A,40,2,0x10A
0x42F4,05,0x00CC5B,C1,C6,0A,40,2,0x10B
0x42F2,C0,0x00CC5D,C2,7F,0A,40,2,0x10D
0x42F1,C0,0x00CC5E,C3,7E,0A,40,2,0x10E
0x42F0,00,0x00CC5F,CB,BD,0A,40,2,0x10F
0x42EF,00,0x00CC60,FB,BC,0A,40,2,0x110
0x42EE,00,0x00CC61,BA,BB,0A,40,2,0x111
0x42ED,01,0x00CC62,B9,BB,0A,40,2,0x112
0x42EC,07,0x00CC63,A0,C0,0A,40,2,0x113
0x42EB,00,0x00CC64,7B,B8,0A,40,2,0x114
0x42EA,00,0x00CC65,37,B7,0A,40,2,0x115
0x42E9,08,0x00CC66,36,BE,0A,40,2,0x116
0x42E8,05,0x00CC67,95,BA,0A,40,2,0x117
0x42E7,00,0x00CC68,A4,B4,0A,40,2,0x118
0x42E6,FF,0x00CC69,AB,B2,0A,40,2,0x119
0x42E5,FF,0x00CC6A,B0,B1,0A,40,2,0x11A
0x42E4,00,0x00CC6B,29,B1,0A,40,2,0x11B
0x42E2,02,0x00CC6D,AE,B1,0A,40,2,0x11D
0x42E1,05,0x00CC6E,AD,B3,0A,40,2,0x11E
0x42E0,3F,0x00CC6F,AC,EC,0A,40,2,0x11F
0x42DF,3F,0x00CC70,AC,EB,0A,40,2,0x120
0x42DE,04,0x00CC71,E3,AF,0A,40,2,0x121
0x42DD,05,0x00CC72,28,AF,0A,40,2,0x122
0x42DC,3F,0x00CC73,A5,E8,0A,40,2,0x123
0x42DB,FF,0x00CC74,A0,A7,0A,40,2,0x124
0x42DA,FF,0x00CC75,17,A6,0A,40,2,0x125
0x42D9,FF,0x00CC76,A6,A5,0A,40,2,0x126
0x42D8,3F,0x00CC77,A5,E4,0A,40,2,0x127
0x42D7,3F,0x00CC78,A4,E3,0A,40,2,0x128
0x42D6,03,0x00CC79,23,A6,0A,40,2,0x129
0x42D5,05,0x00CC7A,83,A7,0A,40,2,0x12A
0x42D4,FF,0x00CC7B,9C,A0,0A,40,2,0x12B
0x42D2,00,0x00CC7D,DE,9F,0A,40,2,0x12D
0x42D1,00,0x00CC7E,BD,9E,0A,40,2,0x12E
0x42D0,04,0x00CC7F,DC,A1,0A,40,2,0x12F
0x42CF,05,0x00CC80,DB,A1,0A,40,2,0x130
0x42CE,C0,0x00CC81,DA,5B,0A,40,2,0x131
0x42CD,F0,0x00CC82,16,8A,0A,40,2,0x132
0x42CC,00,0x00CC83,15,99,0A,40,2,0x133
0x42CB,00,0x00CC84,14,98,0A,40,2,0x134
0x42CA,00,0x00CC85,96,97,0A,40,2,0x135
0x42C7,FF,0x00CC88,10,93,0A,40,2,0x138
0x42C6,00,0x00CC89,0F,93,0A,40,2,0x139
0x42C5,00,0x00CC8A,94,92,0A,40,2,0x13A
0x42C4,80,0x00CC8B,96,11,0A,40,2,0x13B
0x42C3,80,0x00CC8C,0D,10,0A,40,2,0x13C
0x42C2,02,0x00CC8D,0B,91,0A,40,2,0x13D
0x42C1,05,0x00CC8E,0A,93,0A,40,2,0x13E
0x42C0,FF,0x00CC8F,8D,8C,0A,40,2,0x13F
0x42BF,FF,0x00CC90,C8,8B,0A,40,2,0x140
0x42BE,00,0x00CC91,0A,8B,0A,40,2,0x141
0x42BD,00,0x00CC92,A9,8A,0A,40,2,0x142
0x42BC,04,0x00CC93,88,8D,0A,40,2,0x143
0x42BB,05,0x00CC94,80,8D,0A,40,2,0x144
0x42BA,0F,0x00CC95,87,96,0A,40,2,0x145
0x42B9,7F,0x00CC96,66,05,0A,40,2,0x146
0x42B8,FF,0x00CC97,65,84,0A,40,2,0x147
0x42B7,F8,0x00CC98,64,7C,0A,40,2,0x148
0x42B6,E0,0x00CC99,86,63,0A,40,2,0x149
0x42B5,C0,0x00CC9A,87,42,0A,40,2,0x14A
0x42B4,80,0x00CC9B,68,01,0A,40,2,0x14B
0x42B3,00,0x00CC9C,67,80,0A,40,2,0x14C
0x42B2,00,0x00CC9D,66,7F,0A,40,2,0x14D
0x42B1,00,0x00CC9E,5E,7E,0A,40,2,0x14E
0x42B0,FF,0x00CC9F,3D,7C,0A,40,2,0x14F
0x42AF,FF,0x00CCA0,5C,7B,0A,40,2,0x150
0x42AE,02,0x00CCA1,6B,7D,0A,40,2,0x151
0x42AD,05,0x00CCA2,72,7F,0A,40,2,0x152
0x42AC,FF,0x00CCA3,75,78,0A,40,2,0x153
0x42AB,FF,0x00CCA4,E8,77,0A,40,2,0x154
0x42AA,F8,0x00CCA5,37,6F,0A,40,2,0x155
0x42A9,F8,0x00CCA6,36,6E,0A,40,2,0x156
0x42A8,03,0x00CCA7,77,78,0A,40,2,0x157
0x42A6,00,0x00CCA9,72,73,0A,40,2,0x159
0x42A5,00,0x00CCAA,71,72,0A,40,2,0x15A
0x42A4,00,0x00CCAB,31,71,0A,40,2,0x15B
0x42A3,80,0x00CCAC,31,F0,0A,40,2,0x15C
0x42A2,E1,0x00CCAD,6E,50,0A,40,2,0x15D
0x42A1,F7,0x00CCAE,6D,65,0A,40,2,0x15E
0x42A0,FF,0x00CCAF,2E,6C,0A,40,2,0x15F
0x429F,FF,0x00CCB0,2D,6B,0A,40,2,0x160
0x429D,7F,0x00CCB2,69,E9,0A,40,2,0x162
0x429C,7F,0x00CCB3,2A,E8,0A,40,2,0x163
0x429B,7F,0x00CCB4,29,E7,0A,40,2,0x164
0x4298,02,0x00CCB7,34,67,0A,40,2,0x167
0x4297,05,0x00CCB8,5B,69,0A,40,2,0x168
0x4296,03,0x00CCB9,46,66,0A,40,2,0x169
0x4295,03,0x00CCBA,23,65,0A,40,2,0x16A
0x4294,04,0x00CCBB,E1,65,0A,40,2,0x16B
0x4293,05,0x00CCBC,60,65,0A,40,2,0x16C
0x4292,00,0x00CCBD,62,5F,0A,40,2,0x16D
0x4291,E0,0x00CCBE,61,3E,0A,40,2,0x16E
0x4290,FC,0x00CCBF,5F,59,0A,40,2,0x16F
0x428F,FF,0x00CCC0,61,5B,0A,40,2,0x170
0x428E,3F,0x00CCC1,5A,9A,0A,40,2,0x171
0x428D,0F,0x00CCC2,59,69,0A,40,2,0x172
0x428B,00,0x00CCC4,DB,58,0A,40,2,0x174
0x428A,00,0x00CCC5,56,57,0A,40,2,0x175
0x4289,02,0x00CCC6,55,58,0A,40,2,0x176
0x4288,05,0x00CCC7,D8,5A,0A,40,2,0x177
0x4287,00,0x00CCC8,D7,54,0A,40,2,0x178
0x4284,02,0x00CCCB,D4,53,0A,40,2,0x17B
0x4283,05,0x00CCCC,D3,55,0A,40,2,0x17C
0x4282,00,0x00CCCD,4E,4F,0A,40,2,0x17D
0x4281,00,0x00CCCE,4D,4E,0A,40,2,0x17E
0x4280,04,0x00CCCF,2E,51,0A,40,2,0x17F
0x427F,05,0x00CCD0,3F,51,0A,40,2,0x180
0x427E,00,0x00CCD1,32,4B,0A,40,2,0x181
0x427D,01,0x00CCD2,19,4B,0A,40,2,0x182
0x427C,07,0x00CCD3,E8,50,0A,40,2,0x183
0x427B,03,0x00CCD4,4F,4B,0A,40,2,0x184
0x4279,E0,0x00CCD6,46,26,0A,40,2,0x186
0x4278,E0,0x00CCD7,47,25,0A,40,2,0x187
0x4277,E0,0x00CCD8,49,24,0A,40,2,0x188
0x4276,00,0x00CCD9,82,43,0A,40,2,0x189
0x4275,00,0x00CCDA,81,42,0A,40,2,0x18A
0x4274,04,0x00CCDB,41,45,0A,40,2,0x18B
0x4273,05,0x00CCDC,47,45,0A,40,2,0x18C
0x4272,FC,0x00CCDD,46,3B,0A,40,2,0x18D
0x4271,FC,0x00CCDE,45,3A,0A,40,2,0x18E
0x4270,00,0x00CCDF,42,3D,0A,40,2,0x18F
0x426F,00,0x00CCE0,41,3C,0A,40,2,0x190
0x426E,00,0x00CCE1,3C,3B,0A,40,2,0x191
0x426D,F0,0x00CCE2,3D,2A,0A,40,2,0x192
0x426C,F0,0x00CCE3,40,29,0A,40,2,0x193
0x426B,04,0x00CCE4,47,3C,0A,40,2,0x194
0x426A,05,0x00CCE5,3A,3C,0A,40,2,0x195
0x4269,FF,0x00CCE6,36,35,0A,40,2,0x196
0x4268,FF,0x00CCE7,15,34,0A,40,2,0x197
0x4267,FF,0x00CCE8,2C,33,0A,40,2,0x198
0x4266,F0,0x00CCE9,2F,23,0A,40,2,0x199
0x4265,F0,0x00CCEA,AE,22,0A,40,2,0x19A
0x4264,04,0x00CCEB,6F,35,0A,40,2,0x19B
0x4263,05,0x00CCEC,6E,35,0A,40,2,0x19C
0x4262,FF,0x00CCED,6D,2E,0A,40,2,0x19D
0x4261,FF,0x00CCEE,4D,2D,0A,40,2,0x19E
0x4260,00,0x00CCEF,4C,2D,0A,40,2,0x19F
0x425F,00,0x00CCF0,32,2C,0A,40,2,0x1A0
0x425E,00,0x00CCF1,30,2B,0A,40,2,0x1A1
0x425D,03,0x00CCF2,29,2D,0A,40,2,0x1A2
0x425C,03,0x00CCF3,28,2C,0A,40,2,0x1A3
0x425B,F3,0x00CCF4,27,1B,0A,40,2,0x1A4
0x425A,F3,0x00CCF5,27,1A,0A,40,2,0x1A5
0x4259,03,0x00CCF6,26,29,0A,40,2,0x1A6
0x4258,03,0x00CCF7,64,28,0A,40,2,0x1A7
0x4257,02,0x00CCF8,A3,26,0A,40,2,0x1A8
0x4256,05,0x00CCF9,22,28,0A,40,2,0x1A9
0x4255,83,0x00CCFA,22,A5,0A,40,2,0x1AA
0x4254,83,0x00CCFB,21,A4,0A,40,2,0x1AB
0x4253,03,0x00CCFC,28,23,0A,40,2,0x1AC
0x4252,03,0x00CCFD,24,22,0A,40,2,0x1AD
0x4251,03,0x00CCFE,1D,21,0A,40,2,0x1AE
0x4250,C3,0x00CCFF,1C,E0,0A,40,2,0x1AF
0x424F,C3,0x00CD00,1B,DF,0A,40,2,0x1B0
0x424E,C3,0x00CD01,1B,DE,0A,40,2,0x1B1
0x424D,03,0x00CD02,1A,1D,0A,40,2,0x1B2
0x424C,03,0x00CD03,79,1C,0A,40,2,0x1B3
0x424B,03,0x00CD04,90,1B,0A,40,2,0x1B4
0x424A,FF,0x00CD05,13,16,0A,40,2,0x1B5
0x4249,FF,0x00CD06,0E,15,0A,40,2,0x1B6
0x4248,00,0x00CD07,05,15,0A,40,2,0x1B7
0x4247,00,0x00CD08,04,14,0A,40,2,0x1B8
0x4246,02,0x00CD09,F3,15,0A,40,2,0x1B9
0x4245,05,0x00CD0A,D2,17,0A,40,2,0x1BA
0x4244,00,0x00CD0B,91,11,0A,40,2,0x1BB
0x4243,FF,0x00CD0C,10,0F,0A,40,2,0x1BC
0x4242,FF,0x00CD0D,0F,0E,0A,40,2,0x1BD
0x4241,00,0x00CD0E,10,0E,0A,40,2,0x1BE
0x4240,00,0x00CD0F,12,0D,0A,40,2,0x1BF
0x423F,F8,0x00CD10,8C,04,0A,40,2,0x1C0
0x423E,FF,0x00CD11,FB,0A,0A,40,2,0x1C1
0x423D,1F,0x00CD12,EA,29,0A,40,2,0x1C2
0x423C,1F,0x00CD13,C9,28,0A,40,2,0x1C3
0x423B,FF,0x00CD14,08,07,0A,40,2,0x1C4
0x423A,FC,0x00CD15,07,03,0A,40,2,0x1C5
0x4239,00,0x00CD16,05,06,0A,40,2,0x1C6
0x4236,FF,0x00CD19,03,02,0A,40,2,0x1C9
0x4234,E0,0x00CD1B,01,E1,0A,40,2,0x1CB
0x4233,E0,0x00CD1C,00,E0,0A,40,2,0x1CC
0x4232,FF,0x00CD1D,7F,FE,0A,40,2,0x1CD
0x4230,80,0x00CD1F,FC,7D,0A,40,2,0x1CF
0x422F,80,0x00CD20,3B,7C,0A,40,2,0x1D0
0x422E,02,0x00CD21,02,FD,0A,40,2,0x1D1
0x422D,05,0x00CD22,09,FF,0A,40,2,0x1D2
0x422C,00,0x00CD23,C8,F9,0A,40,2,0x1D3
0x422B,FF,0x00CD24,DB,F7,0A,40,2,0x1D4
0x422A,FF,0x00CD25,EF,F6,0A,40,2,0x1D5
0x4229,FE,0x00CD26,F2,F4,0A,40,2,0x1D6
0x4228,FE,0x00CD27,74,F3,0A,40,2,0x1D7
0x4227,FF,0x00CD28,13,F3,0A,40,2,0x1D8
0x4226,FF,0x00CD29,02,F2,0A,40,2,0x1D9
0x4225,00,0x00CD2A,F9,F2,0A,40,2,0x1DA
0x4224,00,0x00CD2B,F2,F1,0A,40,2,0x1DB
0x4223,FF,0x00CD2C,F0,EF,0A,40,2,0x1DC
0x4222,FF,0x00CD2D,6F,EE,0A,40,2,0x1DD
0x4221,00,0x00CD2E,AE,EE,0A,40,2,0x1DE
0x4220,FF,0x00CD2F,CD,EC,0A,40,2,0x1DF
0x421F,FF,0x00CD30,E4,EB,0A,40,2,0x1E0
0x421E,FF,0x00CD31,DB,EA,0A,40,2,0x1E1
0x421D,00,0x00CD32,AA,EA,0A,40,2,0x1E2
0x421C,FF,0x00CD33,E9,E8,0A,40,2,0x1E3
0x421B,FF,0x00CD34,E8,E7,0A,40,2,0x1E4
0x421A,1F,0x00CD35,E6,06,0A,40,2,0x1E5
0x4219,1F,0x00CD36,E5,05,0A,40,2,0x1E6
0x4218,03,0x00CD37,E4,E8,0A,40,2,0x1E7
0x4217,05,0x00CD38,DC,E9,0A,40,2,0x1E8
0x4216,00,0x00CD39,61,E3,0A,40,2,0x1E9
0x4215,FF,0x00CD3A,21,E1,0A,40,2,0x1EA
0x4214,FF,0x00CD3B,F0,E0,0A,40,2,0x1EB
0x4213,00,0x00CD3C,E7,E0,0A,40,2,0x1EC
0x4212,00,0x00CD3D,EE,DF,0A,40,2,0x1ED
0x4211,1F,0x00CD3E,1D,FD,0A,40,2,0x1EE
0x4210,FF,0x00CD3F,DB,DC,0A,40,2,0x1EF
0x420E,F8,0x00CD41,CB,D3,0A,40,2,0x1F1
0x420D,FF,0x00CD42,D2,D9,0A,40,2,0x1F2
0x420C,3F,0x00CD43,55,18,0A,40,2,0x1F3
0x420B,00,0x00CD44,17,D8,0A,40,2,0x1F4
0x420A,FF,0x00CD45,F6,D6,0A,40,2,0x1F5
0x4209,FF,0x00CD46,E5,D5,0A,40,2,0x1F6
0x4208,FF,0x00CD47,DC,D4,0A,40,2,0x1F7
0x4207,00,0x00CD48,D7,D4,0A,40,2,0x1F8
0x4206,07,0x00CD49,D4,DA,0A,40,2,0x1F9
0x4205,07,0x00CD4A,D2,D9,0A,40,2,0x1FA
0x4203,00,0x00CD4C,EF,D0,0A,40,2,0x1FC
0x4202,03,0x00CD4D,0E,D2,0A,40,2,0x1FD
0x4201,05,0x00CD4E,0D,D3,0A,40,2,0x1FE
0x4200,00,0x00CD4F,D4,CD,0A,40,2,0x1FF
0x41FF,1F,0x00CD50,CD,EB,0A,40,2,0x200
0x41FE,1F,0x00CD51,CA,E9,0A,40,2,0x201
0x41FB,02,0x00CD54,CA,C9,0A,40,2,0x204
0x41F9,01,0x00CD56,C8,C6,0A,40,2,0x206
0x41F8,01,0x00CD57,E3,C5,0A,40,2,0x207
0x41F7,00,0x00CD58,E2,C3,0A,40,2,0x208
0x41F6,00,0x00CD59,D0,C2,0A,40,2,0x209
0x41F4,07,0x00CD5B,C0,C7,0A,40,2,0x20B
0x41F3,07,0x00CD5C,BF,C6,0A,40,2,0x20C
0x41F2,07,0x00CD5D,C1,C5,0A,40,2,0x20D
0x41F1,00,0x00CD5E,C2,BD,0A,40,2,0x20E
0x41EE,00,0x00CD61,BD,BA,0A,40,2,0x211
0x41ED,80,0x00CD62,BE,39,0A,40,2,0x212
0x41EC,C0,0x00CD63,34,78,0A,40,2,0x213
0x41EB,E0,0x00CD64,33,97,0A,40,2,0x214
0x41EA,C0,0x00CD65,B8,76,0A,40,2,0x215
0x41E9,80,0x00CD66,BA,35,0A,40,2,0x216
0x41E8,00,0x00CD67,B0,B4,0A,40,2,0x217
0x41E7,00,0x00CD68,AF,B3,0A,40,2,0x218
0x41E6,02,0x00CD69,B2,B4,0A,40,2,0x219
0x41E5,05,0x00CD6A,71,B6,0A,40,2,0x21A
0x41E4,FE,0x00CD6B,70,AE,0A,40,2,0x21B
0x41E3,FE,0x00CD6C,B2,AD,0A,40,2,0x21C
0x41E2,00,0x00CD6D,B3,AE,0A,40,2,0x21D
0x41E0,00,0x00CD6F,AA,AC,0A,40,2,0x21F
0x41DF,C0,0x00CD70,A9,6B,0A,40,2,0x220
0x41DE,C0,0x00CD71,AA,6A,0A,40,2,0x221
0x41DD,04,0x00CD72,A9,AD,0A,40,2,0x222
0x41DC,05,0x00CD73,A8,AD,0A,40,2,0x223
0x41DB,C0,0x00CD74,A7,67,0A,40,2,0x224
0x41DA,FE,0x00CD75,A8,A4,0A,40,2,0x225
0x41D9,FF,0x00CD76,AA,A4,0A,40,2,0x226
0x41D8,0F,0x00CD77,64,B3,0A,40,2,0x227
0x41D7,07,0x00CD78,93,AA,0A,40,2,0x228
0x41D6,0F,0x00CD79,9E,B1,0A,40,2,0x229
0x41D5,1F,0x00CD7A,9F,C0,0A,40,2,0x22A
0x41D3,F0,0x00CD7C,9F,8F,0A,40,2,0x22C
0x41D2,00,0x00CD7D,9D,9E,0A,40,2,0x22D
0x41D1,00,0x00CD7E,9C,9D,0A,40,2,0x22E
0x41D0,FF,0x00CD7F,9C,9B,0A,40,2,0x22F
0x41CE,00,0x00CD81,99,9A,0A,40,2,0x231
0x41CD,00,0x00CD82,9C,99,0A,40,2,0x232
0x41CC,00,0x00CD83,9B,98,0A,40,2,0x233
0x41C9,FF,0x00CD86,55,94,0A,40,2,0x236
0x41C8,1F,0x00CD87,93,B3,0A,40,2,0x237
0x41C7,1F,0x00CD88,92,B2,0A,40,2,0x238
0x41C6,1F,0x00CD89,52,B1,0A,40,2,0x239
0x41C5,FF,0x00CD8A,51,90,0A,40,2,0x23A
0x41C4,FF,0x00CD8B,90,8F,0A,40,2,0x23B
0x41C3,FF,0x00CD8C,0F,8E,0A,40,2,0x23C
0x41C2,FF,0x00CD8D,86,8D,0A,40,2,0x23D
0x41C0,00,0x00CD8F,0B,8C,0A,40,2,0x23F
0x41BF,00,0x00CD90,9A,8B,0A,40,2,0x240
0x41BE,02,0x00CD91,8B,8C,0A,40,2,0x241
0x41BD,05,0x00CD92,88,8E,0A,40,2,0x242
0x41BB,FF,0x00CD94,87,86,0A,40,2,0x244
0x41BA,00,0x00CD95,85,86,0A,40,2,0x245
0x41B9,00,0x00CD96,84,85,0A,40,2,0x246
0x41B8,FF,0x00CD97,84,83,0A,40,2,0x247
0x41B6,E0,0x00CD99,81,62,0A,40,2,0x249
0x41B5,E0,0x00CD9A,9F,61,0A,40,2,0x24A
0x41B4,E0,0x00CD9B,9E,60,0A,40,2,0x24B
0x41B1,FF,0x00CD9E,84,7C,0A,40,2,0x24E
0x41B0,00,0x00CD9F,7B,7C,0A,40,2,0x24F
0x41AF,00,0x00CDA0,7A,7B,0A,40,2,0x250
0x41AE,00,0x00CDA1,81,7A,0A,40,2,0x251
0x41AD,FF,0x00CDA2,80,78,0A,40,2,0x252
0x41AC,FF,0x00CDA3,68,77,0A,40,2,0x253
0x41A9,FF,0x00CDA6,94,74,0A,40,2,0x256
0x41A8,00,0x00CDA7,B3,74,0A,40,2,0x257
0x41A7,00,0x00CDA8,F1,73,0A,40,2,0x258
0x41A6,02,0x00CDA9,6E,74,0A,40,2,0x259
0x41A5,05,0x00CDAA,70,76,0A,40,2,0x25A
0x41A3,FF,0x00CDAC,AE,6E,0A,40,2,0x25C
0x41A2,00,0x00CDAD,6D,6E,0A,40,2,0x25D
0x41A1,00,0x00CDAE,6C,6D,0A,40,2,0x25E
0x41A0,FF,0x00CDAF,6C,6B,0A,40,2,0x25F
0x419E,0F,0x00CDB1,69,79,0A,40,2,0x261
0x419D,0F,0x00CDB2,49,78,0A,40,2,0x262
0x419C,0F,0x00CDB3,48,77,0A,40,2,0x263
0x4199,FF,0x00CDB6,25,64,0A,40,2,0x266
0x4198,00,0x00CDB7,63,64,0A,40,2,0x267
0x4197,00,0x00CDB8,62,63,0A,40,2,0x268
0x4196,00,0x00CDB9,22,62,0A,40,2,0x269
0x4195,FF,0x00CDBA,21,60,0A,40,2,0x26A
0x4194,FF,0x00CDBB,67,5F,0A,40,2,0x26B
0x4193,FF,0x00CDBC,7E,5E,0A,40,2,0x26C
0x4192,7F,0x00CDBD,5E,DD,0A,40,2,0x26D
0x4191,FF,0x00CDBE,5D,5C,0A,40,2,0x26E
0x418F,C0,0x00CDC0,59,1B,0A,40,2,0x270
0x418E,E0,0x00CDC1,99,3A,0A,40,2,0x271
0x418D,F0,0x00CDC2,60,49,0A,40,2,0x272
0x418C,FF,0x00CDC3,58,57,0A,40,2,0x273
0x418B,1F,0x00CDC4,57,76,0A,40,2,0x274
0x418A,00,0x00CDC5,55,56,0A,40,2,0x275
0x4189,00,0x00CDC6,54,55,0A,40,2,0x276
0x4188,FF,0x00CDC7,54,53,0A,40,2,0x277
0x4186,00,0x00CDC9,51,52,0A,40,2,0x279
0x4185,00,0x00CDCA,52,51,0A,40,2,0x27A
0x4184,00,0x00CDCB,51,50,0A,40,2,0x27B
0x4181,FF,0x00CDCE,54,4C,0A,40,2,0x27E
0x4180,F0,0x00CDCF,4B,3C,0A,40,2,0x27F
0x417F,F0,0x00CDD0,4A,3B,0A,40,2,0x280
0x417E,F0,0x00CDD1,51,3A,0A,40,2,0x281
0x417D,FF,0x00CDD2,50,48,0A,40,2,0x282
0x417C,FF,0x00CDD3,48,47,0A,40,2,0x283
0x417B,FF,0x00CDD4,47,46,0A,40,2,0x284
0x417A,00,0x00CDD5,48,46,0A,40,2,0x285
0x4179,03,0x00CDD6,4A,48,0A,40,2,0x286
0x4178,07,0x00CDD7,45,4B,0A,40,2,0x287
0x4177,0F,0x00CDD8,46,52,0A,40,2,0x288
0x4176,07,0x00CDD9,3A,49,0A,40,2,0x289
0x4175,03,0x00CDDA,39,44,0A,40,2,0x28A
0x4174,00,0x00CDDB,42,40,0A,40,2,0x28B
0x4173,00,0x00CDDC,44,3F,0A,40,2,0x28C
0x4172,02,0x00CDDD,3D,40,0A,40,2,0x28D
0x4171,05,0x00CDDE,3C,42,0A,40,2,0x28E
0x4170,FF,0x00CDDF,3C,3B,0A,40,2,0x28F
0x416F,FF,0x00CDE0,4A,3A,0A,40,2,0x290
0x416E,00,0x00CDE1,49,3A,0A,40,2,0x291
0x416D,00,0x00CDE2,3C,39,0A,40,2,0x292
0x416C,00,0x00CDE3,3D,38,0A,40,2,0x293
0x416B,03,0x00CDE4,37,3A,0A,40,2,0x294
0x416A,03,0x00CDE5,35,39,0A,40,2,0x295
0x4169,04,0x00CDE6,34,39,0A,40,2,0x296
0x4168,05,0x00CDE7,34,39,0A,40,2,0x297
0x4167,03,0x00CDE8,33,36,0A,40,2,0x298
0x4165,1D,0x00CDEA,3E,50,0A,40,2,0x29A
0x4163,FF,0x00CDEC,B0,2E,0A,40,2,0x29C
0x4162,01,0x00CDED,2D,2F,0A,40,2,0x29D
0x4161,03,0x00CDEE,4D,30,0A,40,2,0x29E
0x4160,FF,0x00CDEF,2F,2B,0A,40,2,0x29F
0x415F,01,0x00CDF0,4A,2C,0A,40,2,0x2A0
0x415E,03,0x00CDF1,2A,2D,0A,40,2,0x2A1
0x415D,FF,0x00CDF2,19,28,0A,40,2,0x2A2
0x415C,01,0x00CDF3,C7,29,0A,40,2,0x2A3
0x415A,FF,0x00CDF5,26,AD,0A,40,2,0x2A5
0x4159,01,0x00CDF6,32,26,0A,40,2,0x2A6
0x4157,FF,0x00CDF8,A1,22,0A,40,2,0x2A8
0x4156,01,0x00CDF9,22,23,0A,40,2,0x2A9
0x4155,03,0x00CDFA,41,24,0A,40,2,0x2AA
0x4154,FF,0x00CDFB,23,1F,0A,40,2,0x2AB
0x4153,01,0x00CDFC,FF,20,0A,40,2,0x2AC
0x4152,03,0x00CDFD,1D,21,0A,40,2,0x2AD
0x4151,C3,0x00CDFE,2C,1C,0A,40,2,0x2AE
0x4150,01,0x00CDFF,BB,1D,0A,40,2,0x2AF
0x414D,01,0x00CE02,26,1A,0A,40,2,0x2B2
0x414B,FF,0x00CE04,17,16,0A,40,2,0x2B4
0x414A,01,0x00CE05,15,17,0A,40,2,0x2B5
0x4149,03,0x00CE06,35,18,0A,40,2,0x2B6
0x4148,FF,0x00CE07,17,13,0A,40,2,0x2B7
0x4147,01,0x00CE08,16,14,0A,40,2,0x2B8
0x4146,03,0x00CE09,16,15,0A,40,2,0x2B9
0x4145,FF,0x00CE0A,11,10,0A,40,2,0x2BA
0x4144,01,0x00CE0B,08,11,0A,40,2,0x2BB
0x4143,03,0x00CE0C,0E,12,0A,40,2,0x2BC
0x4142,FF,0x00CE0D,23,0D,0A,40,2,0x2BD
0x4141,01,0x00CE0E,10,0E,0A,40,2,0x2BE
0x4140,03,0x00CE0F,8D,0F,0A,40,2,0x2BF
0x413F,FF,0x00CE10,94,0A,0A,40,2,0x2C0
0x413E,01,0x00CE11,0D,0B,0A,40,2,0x2C1
0x413D,03,0x00CE12,09,0C,0A,40,2,0x2C2
0x413C,FF,0x00CE13,15,07,0A,40,2,0x2C3
0x413B,01,0x00CE14,0A,08,0A,40,2,0x2C4
0x413A,03,0x00CE15,05,09,0A,40,2,0x2C5
0x4139,FF,0x00CE16,05,04,0A,40,2,0x2C6
0x4138,01,0x00CE17,24,05,0A,40,2,0x2C7
0x4136,FF,0x00CE19,FE,01,0A,40,2,0x2C9
0x4135,01,0x00CE1A,00,02,0A,40,2,0x2CA
0x4134,03,0x00CE1B,07,03,0A,40,2,0x2CB
0x4133,FF,0x00CE1C,03,FE,0A,40,2,0x2CC
0x4132,01,0x00CE1D,FE,FF,0A,40,2,0x2CD
0x4131,03,0x00CE1E,12,00,0A,40,2,0x2CE
0x4130,FF,0x00CE1F,FF,FB,0A,40,2,0x2CF
0x412F,01,0x00CE20,79,FC,0A,40,2,0x2D0
0x412E,03,0x00CE21,83,FD,0A,40,2,0x2D1
0x412D,FF,0x00CE22,FC,F8,0A,40,2,0x2D2
0x412C,01,0x00CE23,F7,F9,0A,40,2,0x2D3
0x412B,03,0x00CE24,03,FA,0A,40,2,0x2D4
0x412A,FF,0x00CE25,F9,F5,0A,40,2,0x2D5
0x4129,01,0x00CE26,04,F6,0A,40,2,0x2D6
0x4128,03,0x00CE27,F4,F7,0A,40,2,0x2D7
0x4127,FF,0x00CE28,F1,F2,0A,40,2,0x2D8
0x4126,01,0x00CE29,F1,F3,0A,40,2,0x2D9
0x4125,03,0x00CE2A,01,F4,0A,40,2,0x2DA
0x4124,FF,0x00CE2B,F3,EF,0A,40,2,0x2DB
0x4123,01,0x00CE2C,D0,F0,0A,40,2,0x2DC
0x4122,03,0x00CE2D,7B,F1,0A,40,2,0x2DD
0x4121,FF,0x00CE2E,F0,EC,0A,40,2,0x2DE
0x4120,01,0x00CE2F,2B,ED,0A,40,2,0x2DF
0x411F,03,0x00CE30,EB,EE,0A,40,2,0x2E0
0x411E,FF,0x00CE31,EF,E9,0A,40,2,0x2E1
0x411D,01,0x00CE32,7E,EA,0A,40,2,0x2E2
0x411B,FF,0x00CE34,66,E6,0A,40,2,0x2E4
0x411A,01,0x00CE35,E6,E7,0A,40,2,0x2E5
0x4119,03,0x00CE36,6E,E8,0A,40,2,0x2E6
0x4118,FF,0x00CE37,E7,EB,0A,40,2,0x2E7
0x4117,01,0x00CE38,E3,E4,0A,40,2,0x2E8
0x4116,03,0x00CE39,EE,E5,0A,40,2,0x2E9
0x4115,FF,0x00CE3A,E4,DF,0A,40,2,0x2EA
0x4114,01,0x00CE3B,D0,E1,0A,40,2,0x2EB
0x4113,03,0x00CE3C,DE,E2,0A,40,2,0x2EC
0x4112,FF,0x00CE3D,DF,DD,0A,40,2,0x2ED
0x4111,01,0x00CE3E,DD,DE,0A,40,2,0x2EE
0x4110,03,0x00CE3F,EC,DF,0A,40,2,0x2EF
0x410F,83,0x00CE40,DE,DA,0A,40,2,0x2F0
0x410E,01,0x00CE41,F8,DB,0A,40,2,0x2F1
0x410D,03,0x00CE42,66,DC,0A,40,2,0x2F2
0x410C,FF,0x00CE43,DB,D7,0A,40,2,0x2F3
0x410B,01,0x00CE44,97,D8,0A,40,2,0x2F4
0x410A,03,0x00CE45,D5,D9,0A,40,2,0x2F5
0x4109,FF,0x00CE46,DA,D4,0A,40,2,0x2F6
0x4108,01,0x00CE47,69,D5,0A,40,2,0x2F7
0x4106,FF,0x00CE49,52,D1,0A,40,2,0x2F9
0x4105,01,0x00CE4A,D0,D2,0A,40,2,0x2FA
0x4104,03,0x00CE4B,59,D3,0A,40,2,0x2FB
0x4103,FF,0x00CE4C,D2,CE,0A,40,2,0x2FC
0x4102,01,0x00CE4D,CD,CF,0A,40,2,0x2FD
0x4101,03,0x00CE4E,D9,D0,0A,40,2,0x2FE
0x4100,FF,0x00CE4F,CF,CB,0A,40,2,0x2FF
0x40FF,01,0x00CE50,D4,CC,0A,40,2,0x300
0x40FE,03,0x00CE51,C5,CC,0A,40,2,0x301
0x40FD,FF,0x00CE52,57,C7,0A,40,2,0x302
0x40FC,01,0x00CE53,CA,C8,0A,40,2,0x303
0x40FB,03,0x00CE54,05,C9,0A,40,2,0x304
0x40FA,FF,0x00CE55,85,C4,0A,40,2,0x305
0x40F9,01,0x00CE56,C3,C5,0A,40,2,0x306
0x40F8,03,0x00CE57,D0,C6,0A,40,2,0x307
0x40F7,FF,0x00CE58,C5,C1,0A,40,2,0x308
0x40F6,01,0x00CE59,C8,C2,0A,40,2,0x309
0x40F5,03,0x00CE5A,C4,C3,0A,40,2,0x30A
0x40F4,FF,0x00CE5B,BF,BE,0A,40,2,0x30B
0x40F3,01,0x00CE5C,7E,BF,0A,40,2,0x30C
0x40F2,03,0x00CE5D,BC,C0,0A,40,2,0x30D
0x40F1,FF,0x00CE5E,D1,BB,0A,40,2,0x30E
0x40F0,01,0x00CE5F,BE,BC,0A,40,2,0x30F
0x40EF,03,0x00CE60,C9,BD,0A,40,2,0x310
0x40EE,FF,0x00CE61,B9,B8,0A,40,2,0x311
0x40ED,01,0x00CE62,41,B9,0A,40,2,0x312
0x40EB,FF,0x00CE64,B6,B5,0A,40,2,0x314
0x40EA,01,0x00CE65,C1,B6,0A,40,2,0x315
0x40E8,FF,0x00CE67,BC,B2,0A,40,2,0x317
0x40E7,01,0x00CE68,B5,B3,0A,40,2,0x318
0x40E6,03,0x00CE69,B5,B4,0A,40,2,0x319
0x40E5,FF,0x00CE6A,3F,AF,0A,40,2,0x31A
0x40E4,01,0x00CE6B,B2,B0,0A,40,2,0x31B
0x40E3,03,0x00CE6C,6E,B1,0A,40,2,0x31C
0x40E2,FF,0x00CE6D,EC,AC,0A,40,2,0x31D
0x40E1,01,0x00CE6E,AC,AD,0A,40,2,0x31E
0x40E0,03,0x00CE6F,B8,AE,0A,40,2,0x31F
0x40DF,FF,0x00CE70,AD,A9,0A,40,2,0x320
0x40DE,01,0x00CE71,A1,AA,0A,40,2,0x321
0x40DD,03,0x00CE72,A7,AB,0A,40,2,0x322
0x40DC,FF,0x00CE73,E6,A6,0A,40,2,0x323
0x40DB,01,0x00CE74,A6,A7,0A,40,2,0x324
0x40DA,03,0x00CE75,BA,A8,0A,40,2,0x325
0x40D9,FF,0x00CE76,A7,A3,0A,40,2,0x326
0x40D8,01,0x00CE77,93,A4,0A,40,2,0x327
0x40D7,03,0x00CE78,A1,A5,0A,40,2,0x328
0x40D6,FF,0x00CE79,2A,A0,0A,40,2,0x329
0x40D5,01,0x00CE7A,A3,A1,0A,40,2,0x32A
0x40D4,03,0x00CE7B,2A,A2,0A,40,2,0x32B
0x40D3,FF,0x00CE7C,A1,9D,0A,40,2,0x32C
0x40D2,01,0x00CE7D,DC,A1,0A,40,2,0x32D
0x40D1,03,0x00CE7E,A5,3E,0A,40,2,0x32E
0x40D0,FF,0x00CE7F,93,9E,0A,40,2,0x32F
0x40CF,01,0x00CE80,99,12,0A,40,2,0x330
0x40CE,03,0x00CE81,A8,99,0A,40,2,0x331
0x40CD,FF,0x00CE82,9B,AD,0A,40,2,0x332
0x40CC,04,0x00CE83,9E,9A,0A,40,2,0x333
0x40CB,00,0x00CE84,9A,8E,0A,40,2,0x334
0x40CA,23,0x00CE85,55,96,0A,40,2,0x335
0x40C9,03,0x00CE86,93,2A,0A,40,2,0x336
0x40C8,3C,0x00CE87,A0,96,0A,40,2,0x337
0x40C7,00,0x00CE88,95,91,0A,40,2,0x338
0x40C6,15,0x00CE89,92,AD,0A,40,2,0x339
0x40C5,03,0x00CE8A,90,93,0A,40,2,0x33A
0x40C4,7C,0x00CE8B,7F,90,0A,40,2,0x33B
0x40C3,96,0x00CE8C,8D,7E,0A,40,2,0x33C
0x40C2,03,0x00CE8D,A2,8C,0A,40,2,0x33D
0x40C1,FF,0x00CE8E,8F,93,0A,40,2,0x33E
0x40C0,1C,0x00CE8F,8C,8E,0A,40,2,0x33F
0x40BF,03,0x00CE90,4A,8E,0A,40,2,0x340
0x40BE,01,0x00CE91,12,87,0A,40,2,0x341
0x40BD,F0,0x00CE92,8B,1B,0A,40,2,0x342
0x40BC,FF,0x00CE93,12,8A,0A,40,2,0x343
0x40BB,08,0x00CE94,89,A5,0A,40,2,0x344
0x40BA,01,0x00CE95,45,85,0A,40,2,0x345
0x40B9,FF,0x00CE96,8D,82,0A,40,2,0x346
0x40B8,14,0x00CE97,8A,19,0A,40,2,0x347
0x40B7,03,0x00CE98,86,85,0A,40,2,0x348
0x40B5,80,0x00CE9A,8F,9C,0A,40,2,0x34A
0x40B3,03,0x00CE9C,76,7C,0A,40,2,0x34C
0x40B2,00,0x00CE9D,BC,8C,0A,40,2,0x34D
0x40B0,03,0x00CE9F,88,82,0A,40,2,0x34F
0x40AF,FE,0x00CEA0,7D,76,0A,40,2,0x350
0x40AE,0F,0x00CEA1,77,7A,0A,40,2,0x351
0x40AD,00,0x00CEA2,77,0B,0A,40,2,0x352
0x40AC,08,0x00CEA3,86,7A,0A,40,2,0x353
0x40AB,FE,0x00CEA4,76,56,0A,40,2,0x354
0x40AA,00,0x00CEA5,8A,74,0A,40,2,0x355
0x40A9,14,0x00CEA6,77,75,0A,40,2,0x356
0x40A8,03,0x00CEA7,71,09,0A,40,2,0x357
0x40A7,F0,0x00CEA8,B1,75,0A,40,2,0x358
0x40A6,7F,0x00CEA9,FA,70,0A,40,2,0x359
0x40A5,96,0x00CEAA,73,8B,0A,40,2,0x35A
0x40A4,03,0x00CEAB,6E,72,0A,40,2,0x35B
0x40A3,FF,0x00CEAC,79,AD,0A,40,2,0x35C
0x40A2,1B,0x00CEAD,70,6D,0A,40,2,0x35D
0x40A1,03,0x00CEAE,8B,4C,0A,40,2,0x35E
0x40A0,3F,0x00CEAF,74,6A,0A,40,2,0x35F
0x409F,00,0x00CEB0,5A,71,0A,40,2,0x360
0x409E,E0,0x00CEB1,68,69,0A,40,2,0x361
0x409D,0B,0x00CEB2,77,64,0A,40,2,0x362
0x409C,7F,0x00CEB3,6A,FA,0A,40,2,0x363
0x409B,,0x0CEB4,66,69,0A,40,2,0x364
0x409A,FE,0x00CEB5,45,66,0A,40,2,0x365
0x4099,,0x0CEB6,63,64,0A,40,2,0x366
0x4098,13,0x00CEB7,6F,61,0A,40,2,0x367
0x4097,,0x0CEB8,65,F8,0A,40,2,0x368
0x4096,00,0x00CEB9,62,64,0A,40,2,0x369
0x4094,96,0x00CEBB,64,7A,0A,40,2,0x36B
0x4093,03,0x00CEBC,5D,61,0A,40,2,0x36C
0x4092,00,0x00CEBD,72,1D,0A,40,2,0x36D
0x4091,1B,0x00CEBE,5F,5B,0A,40,2,0x36E
0x4090,03,0x00CEBF,9A,7A,0A,40,2,0x36F
0x408E,FF,0x00CEC1,51,60,0A,40,2,0x371
0x408D,1F,0x00CEC2,E1,57,0A,40,2,0x372
0x408B,80,0x00CEC4,56,5A,0A,40,2,0x374
0x408A,FF,0x00CEC5,60,E8,0A,40,2,0x375
0x4088,00,0x00CEC7,33,51,0A,40,2,0x377
0x4087,13,0x00CEC8,5B,51,0A,40,2,0x378
0x4086,03,0x00CEC9,60,52,0A,40,2,0x379
0x4085,FF,0x00CECA,50,E6,0A,40,2,0x37A
0x4084,7F,0x00CECB,5E,52,0A,40,2,0x37B
0x4083,96,0x00CECC,51,4D,0A,40,2,0x37C
0x4082,03,0x00CECD,4C,68,0A,40,2,0x37D
0x4081,FF,0x00CECE,6B,4F,0A,40,2,0x37E
0x4080,1B,0x00CECF,4B,52,0A,40,2,0x37F
0x407F,03,0x00CED0,56,4E,0A,40,2,0x380
0x407E,07,0x00CED1,4C,49,0A,40,2,0x381
0x407D,04,0x00CED2,46,28,0A,40,2,0x382
0x407C,00,0x00CED3,46,51,0A,40,2,0x383
0x407B,E0,0x00CED4,4B,C5,0A,40,2,0x384
0x4079,3F,0x00CED6,59,3C,0A,40,2,0x386
0x4078,00,0x00CED7,46,D6,0A,40,2,0x387
0x4077,FC,0x00CED8,02,45,0A,40,2,0x388
0x4076,92,0x00CED9,40,4A,0A,40,2,0x389
0x4075,03,0x00CEDA,47,3E,0A,40,2,0x38A
0x4074,7F,0x00CEDB,43,D5,0A,40,2,0x38B
0x4073,00,0x00CEDC,C7,41,0A,40,2,0x38C
0x4072,80,0x00CEDD,40,3D,0A,40,2,0x38D
0x4071,96,0x00CEDE,3B,57,0A,40,2,0x38E
0x4070,03,0x00CEDF,46,3E,0A,40,2,0x38F
0x406F,00,0x00CEE0,3D,32,0A,40,2,0x390
0x406E,1B,0x00CEE1,43,38,0A,40,2,0x391
0x406D,03,0x00CEE2,18,57,0A,40,2,0x392
0x406C,F8,0x00CEE3,36,41,0A,40,2,0x393
0x406B,FF,0x00CEE4,44,B6,0A,40,2,0x394
0x406A,1F,0x00CEE5,38,34,0A,40,2,0x395
0x4069,0B,0x00CEE6,43,3B,0A,40,2,0x396
0x4068,C0,0x00CEE7,33,37,0A,40,2,0x397
0x4067,FF,0x00CEE8,2E,C5,0A,40,2,0x398
0x4066,03,0x00CEE9,30,34,0A,40,2,0x399
0x4065,04,0x00CEEA,3B,39,0A,40,2,0x39A
0x4064,92,0x00CEEB,32,30,0A,40,2,0x39B
0x4063,03,0x00CEEC,6D,C4,0A,40,2,0x39C
0x4062,80,0x00CEED,36,30,0A,40,2,0x39D
0x4061,FF,0x00CEEE,EC,2B,0A,40,2,0x39E
0x4060,7F,0x00CEEF,2A,45,0A,40,2,0x39F
0x405F,96,0x00CEF0,3F,2D,0A,40,2,0x3A0
0x405E,,0x0CEF1,2C,A8,0A,40,2,0x3A1
0x405D,FF,0x00CEF2,2B,31,0A,40,2,0x3A2
0x405C,1A,0x00CEF3,2B,07,0A,40,2,0x3A3
0x405B,03,0x00CEF4,26,30,0A,40,2,0x3A4
0x405A,7F,0x00CEF5,21,64,0A,40,2,0x3A5
0x4059,09,0x00CEF6,AD,24,0A,40,2,0x3A6
0x4058,E0,0x00CEF7,26,13,0A,40,2,0x3A7
0x4057,0B,0x00CEF8,22,B5,0A,40,2,0x3A8
0x4056,1F,0x00CEF9,2C,24,0A,40,2,0x3A9
0x4055,00,0x00CEFA,23,29,0A,40,2,0x3AA
0x4054,F8,0x00CEFB,29,1D,0A,40,2,0x3AB
0x4053,92,0x00CEFC,3D,B4,0A,40,2,0x3AC
0x4052,03,0x00CEFD,1D,20,0A,40,2,0x3AD
0x4051,7F,0x00CEFE,2A,1C,0A,40,2,0x3AE
0x4050,00,0x00CEFF,1E,35,0A,40,2,0x3AF
0x404F,80,0x00CF00,0A,1D,0A,40,2,0x3B0
0x404E,96,0x00CF01,18,99,0A,40,2,0x3B1
0x404D,,0x0CF02,1B,21,0A,40,2,0x3B2
0x404C,00,0x00CF03,1B,36,0A,40,2,0x3B3
0x404B,1A,0x00CF04,16,20,0A,40,2,0x3B4
0x404A,03,0x00CF05,20,D5,0A,40,2,0x3B5
0x4049,80,0x00CF06,17,13,0A,40,2,0x3B6
0x4048,09,0x00CF07,D3,22,0A,40,2,0x3B7
0x4047,1F,0x00CF08,1B,A5,0A,40,2,0x3B8
0x4046,0B,0x00CF09,50,14,0A,40,2,0x3B9
0x4045,E0,0x00CF0A,10,19,0A,40,2,0x3BA
0x4044,FF,0x00CF0B,24,10,0A,40,2,0x3BB
0x4043,07,0x00CF0C,11,A4,0A,40,2,0x3BC
0x4042,04,0x00CF0D,09,10,0A,40,2,0x3BD
0x4040,,0x0CF0F,0E,25,0A,40,2,0x3BF
0x403F,80,0x00CF10,0E,0D,0A,40,2,0x3C0
0x403E,FF,0x00CF11,92,10,0A,40,2,0x3C1
0x403D,7F,0x00CF12,0B,0C,0A,40,2,0x3C2
0x403C,96,0x00CF13,91,10,0A,40,2,0x3C3
0x403B,,0x0CF14,09,E6,0A,40,2,0x3C4
0x403A,FF,0x00CF15,14,0F,0A,40,2,0x3C5
0x4039,1A,0x00CF16,0E,43,0A,40,2,0x3C6
0x4038,03,0x00CF17,C3,03,0A,40,2,0x3C7
0x4037,07,0x00CF18,01,F2,0A,40,2,0x3C8
0x4036,04,0x00CF19,0F,94,0A,40,2,0x3C9
0x4034,E0,0x00CF1B,FF,00,0A,40,2,0x3CB
0x4033,0B,0x00CF1C,7E,FE,0A,40,2,0x3CC
0x4032,1F,0x00CF1D,FC,FB,0A,40,2,0x3CD
0x4031,00,0x00CF1E,08,92,0A,40,2,0x3CE
0x402F,FF,0x00CF20,FB,FA,0A,40,2,0x3D0
0x402E,13,0x00CF21,F9,13,0A,40,2,0x3D1
0x402D,03,0x00CF22,FD,FB,0A,40,2,0x3D2
0x402C,00,0x00CF23,E7,EF,0A,40,2,0x3D3
0x402B,80,0x00CF24,F5,FF,0A,40,2,0x3D4
0x402A,96,0x00CF25,FB,14,0A,40,2,0x3D5
0x4029,,0x0CF26,F7,FE,0A,40,2,0x3D6
0x4028,00,0x00CF27,D4,B3,0A,40,2,0x3D7
0x4026,03,0x00CF29,FE,00,0A,40,2,0x3D9
0x4025,F8,0x00CF2A,F3,83,0A,40,2,0x3DA
0x4024,09,0x00CF2B,0E,F2,0A,40,2,0x3DB
0x4023,1F,0x00CF2C,EE,EC,0A,40,2,0x3DC
0x4022,0B,0x00CF2D,6D,EC,0A,40,2,0x3DD
0x4021,E0,0x00CF2E,76,ED,0A,40,2,0x3DE
0x4020,FF,0x00CF2F,EE,81,0A,40,2,0x3DF
0x401F,07,0x00CF30,74,ED,0A,40,2,0x3E0
0x401E,04,0x00CF31,EC,82,0A,40,2,0x3E1
0x401D,00,0x00CF32,D8,EB,0A,40,2,0x3E2
0x401C,13,0x00CF33,F1,66,0A,40,2,0x3E3
0x401B,03,0x00CF34,25,F0,0A,40,2,0x3E4
0x401A,FF,0x00CF35,E5,C5,0A,40,2,0x3E5
0x4019,7F,0x00CF36,F2,EE,0A,40,2,0x3E6
0x4018,96,0x00CF37,E6,02,0A,40,2,0x3E7
0x4017,03,0x00CF38,E1,E2,0A,40,2,0x3E8
0x4016,99,0x00CF39,60,D1,0A,40,2,0x3E9
0x4015,03,0x00CF3A,E0,DF,0A,40,2,0x3EA
0x4014,7F,0x00CF3B,EB,F2,0A,40,2,0x3EB
0x4012,E0,0x00CF3D,DB,E6,0A,40,2,0x3ED
0x4011,0B,0x00CF3E,DB,DA,0A,40,2,0x3EE
0x4010,0F,0x00CF3F,E0,71,0A,40,2,0x3EF
0x400F,00,0x00CF40,E9,DD,0A,40,2,0x3F0
0x400E,F8,0x00CF41,D9,72,0A,40,2,0x3F1
0x400D,92,0x00CF42,DE,DB,0A,40,2,0x3F2
0x400C,,0x0CF43,DA,57,0A,40,2,0x3F3
0x400B,7F,0x00CF44,F4,E0,0A,40,2,0x3F4
0x400A,,0x0CF45,D5,F4,0A,40,2,0x3F5
0x4009,80,0x00CF46,E1,DE,0A,40,2,0x3F6
0x4008,96,0x00CF47,D6,B3,0A,40,2,0x3F7
0x4007,03,0x00CF48,B2,D1,0A,40,2,0x3F8
0x4006,99,0x00CF49,D0,E0,0A,40,2,0x3F9
0x4005,03,0x00CF4A,4F,D0,0A,40,2,0x3FA
0x4004,80,0x00CF4B,59,E2,0A,40,2,0x3FB
0x4002,1F,0x00CF4D,CC,D6,0A,40,2,0x3FD
0x4001,0B,0x00CF4E,D6,CD,0A,40,2,0x3FE
0x4000,F0,0x00CF4F,CE,61,0A,40,2,0x3FF
0x47E2,FF,0x00CF7D,2F,AF,0A,40,3,0x01D
0x47E1,01,0x00CF7E,BA,B0,0A,40,3,0x01E
0x47E0,03,0x00CF7F,A3,B1,0A,40,3,0x01F
0x47DF,AB,0x00CF80,AC,58,0A,40,3,0x020
0x47DE,01,0x00CF81,A1,AD,0A,40,3,0x021
0x47DD,03,0x00CF82,AA,AE,0A,40,3,0x022
0x47DC,FF,0x00CF83,AF,A9,0A,40,3,0x023
0x47DB,01,0x00CF84,28,AA,0A,40,3,0x024
0x47DA,03,0x00CF85,A5,AB,0A,40,3,0x025
0x47D8,01,0x00CF87,05,A7,0A,40,3,0x027
0x47D7,03,0x00CF88,7A,A8,0A,40,3,0x028
0x47D6,FF,0x00CF89,83,A3,0A,40,3,0x029
0x47D5,01,0x00CF8A,A2,A4,0A,40,3,0x02A
0x47D4,03,0x00CF8B,A8,A5,0A,40,3,0x02B
0x47D3,FF,0x00CF8C,A4,A0,0A,40,3,0x02C
0x47D2,01,0x00CF8D,FF,A1,0A,40,3,0x02D
0x47D1,03,0x00CF8E,9C,A2,0A,40,3,0x02E
0x47D0,BF,0x00CF8F,9D,5D,0A,40,3,0x02F
0x47CF,01,0x00CF90,DD,9E,0A,40,3,0x030
0x47CE,03,0x00CF91,A7,9F,0A,40,3,0x031
0x47CD,AA,0x00CF92,B0,45,0A,40,3,0x032
0x47CC,01,0x00CF93,9A,9B,0A,40,3,0x033
0x47CB,03,0x00CF94,9D,9C,0A,40,3,0x034
0x47CA,AA,0x00CF95,9C,42,0A,40,3,0x035
0x47C9,01,0x00CF96,97,98,0A,40,3,0x036
0x47C8,03,0x00CF97,9B,99,0A,40,3,0x037
0x47C7,AA,0x00CF98,D5,3F,0A,40,3,0x038
0x47C5,03,0x00CF9A,93,96,0A,40,3,0x03A
0x47C4,AA,0x00CF9B,D2,3C,0A,40,3,0x03B
0x47C3,01,0x00CF9C,A6,92,0A,40,3,0x03C
0x47C2,03,0x00CF9D,D0,93,0A,40,3,0x03D
0x47C1,FE,0x00CF9E,8F,8D,0A,40,3,0x03E
0x47C0,01,0x00CF9F,94,8F,0A,40,3,0x03F
0x47BE,FF,0x00CFA1,DC,8B,0A,40,3,0x041
0x47BD,01,0x00CFA2,90,8C,0A,40,3,0x042
0x47BC,03,0x00CFA3,8E,8D,0A,40,3,0x043
0x47BB,AB,0x00CFA4,89,34,0A,40,3,0x044
0x47BA,01,0x00CFA5,21,89,0A,40,3,0x045
0x47B8,AA,0x00CFA7,45,30,0A,40,3,0x047
0x47B7,01,0x00CFA8,2F,86,0A,40,3,0x048
0x47B6,03,0x00CFA9,8B,87,0A,40,3,0x049
0x47B5,AA,0x00CFAA,6D,2D,0A,40,3,0x04A
0x47B4,01,0x00CFAB,81,83,0A,40,3,0x04B
0x47B3,03,0x00CFAC,6B,84,0A,40,3,0x04C
0x47B2,AA,0x00CFAD,7F,2A,0A,40,3,0x04D
0x47B1,01,0x00CFAE,6A,80,0A,40,3,0x04E
0x47B0,03,0x00CFAF,3D,81,0A,40,3,0x04F
0x47AF,EA,0x00CFB0,7B,67,0A,40,3,0x050
0x47AE,01,0x00CFB1,7B,7D,0A,40,3,0x051
0x47AD,03,0x00CFB2,2A,7E,0A,40,3,0x052
0x47AC,FF,0x00CFB3,24,79,0A,40,3,0x053
0x47AB,01,0x00CFB4,28,7A,0A,40,3,0x054
0x47AA,03,0x00CFB5,77,7B,0A,40,3,0x055
0x47A9,FF,0x00CFB6,7C,76,0A,40,3,0x056
0x47A8,01,0x00CFB7,60,77,0A,40,3,0x057
0x47A7,03,0x00CFB8,74,78,0A,40,3,0x058
0x47A6,AF,0x00CFB9,7A,23,0A,40,3,0x059
0x47A5,01,0x00CFBA,1D,74,0A,40,3,0x05A
0x47A4,03,0x00CFBB,5C,75,0A,40,3,0x05B
0x47A3,AA,0x00CFBC,70,1B,0A,40,3,0x05C
0x47A2,01,0x00CFBD,F0,71,0A,40,3,0x05D
0x47A1,03,0x00CFBE,19,72,0A,40,3,0x05E
0x47A0,AA,0x00CFBF,75,18,0A,40,3,0x05F
0x479F,01,0x00CFC0,77,6E,0A,40,3,0x060
0x479E,03,0x00CFC1,70,6F,0A,40,3,0x061
0x479D,AA,0x00CFC2,6B,15,0A,40,3,0x062
0x479C,01,0x00CFC3,94,6B,0A,40,3,0x063
0x479B,03,0x00CFC4,69,6C,0A,40,3,0x064
0x479A,FF,0x00CFC5,90,67,0A,40,3,0x065
0x4799,01,0x00CFC6,E7,68,0A,40,3,0x066
0x4798,03,0x00CFC7,68,69,0A,40,3,0x067
0x4797,00,0x00CFC8,69,65,0A,40,3,0x068
0x4796,01,0x00CFC9,64,65,0A,40,3,0x069
0x4795,03,0x00CFCA,0B,66,0A,40,3,0x06A
0x4793,01,0x00CFCC,89,62,0A,40,3,0x06C
0x4792,03,0x00CFCD,60,63,0A,40,3,0x06D
0x4791,00,0x00CFCE,64,5F,0A,40,3,0x06E
0x4790,04,0x00CFCF,68,62,0A,40,3,0x06F
0x478F,03,0x00CFD0,61,60,0A,40,3,0x070
0x478E,80,0x00CFD1,65,DC,0A,40,3,0x071
0x478D,01,0x00CFD2,DB,5C,0A,40,3,0x072
0x478C,03,0x00CFD3,04,5D,0A,40,3,0x073
0x478B,AA,0x00CFD4,63,03,0A,40,3,0x074
0x4789,03,0x00CFD6,57,5A,0A,40,3,0x076
0x4788,02,0x00CFD7,EF,58,0A,40,3,0x077
0x4787,01,0x00CFD8,58,56,0A,40,3,0x078
0x4786,03,0x00CFD9,D3,57,0A,40,3,0x079
0x4785,00,0x00CFDA,A8,53,0A,40,3,0x07A
0x4784,01,0x00CFDB,59,53,0A,40,3,0x07B
0x4783,03,0x00CFDC,46,54,0A,40,3,0x07C
0x4782,A8,0x00CFDD,CF,F8,0A,40,3,0x07D
0x4781,01,0x00CFDE,A4,50,0A,40,3,0x07E
0x4780,03,0x00CFDF,CD,51,0A,40,3,0x07F
0x477F,AA,0x00CFE0,22,F7,0A,40,3,0x080
0x477E,06,0x00CFE1,CB,52,0A,40,3,0x081
0x477D,0A,0x00CFE2,48,55,0A,40,3,0x082
0x477C,04,0x00CFE3,49,4E,0A,40,3,0x083
0x477B,00,0x00CFE4,A0,49,0A,40,3,0x084
0x477A,05,0x00CFE5,9D,4D,0A,40,3,0x085
0x4779,A8,0x00CFE6,9E,EF,0A,40,3,0x086
0x4778,AA,0x00CFE7,C5,F0,0A,40,3,0x087
0x4777,05,0x00CFE8,9A,4A,0A,40,3,0x088
0x4776,2A,0x00CFE9,19,6E,0A,40,3,0x089
0x4775,00,0x00CFEA,42,43,0A,40,3,0x08A
0x4774,99,0x00CFEB,47,DB,0A,40,3,0x08B
0x4773,03,0x00CFEC,98,44,0A,40,3,0x08C
0x4772,FF,0x00CFED,95,3F,0A,40,3,0x08D
0x4771,D5,0x00CFEE,48,14,0A,40,3,0x08E
0x4770,0B,0x00CFEF,7E,49,0A,40,3,0x08F
0x476F,7F,0x00CFF0,92,BC,0A,40,3,0x090
0x476E,55,0x00CFF1,43,91,0A,40,3,0x091
0x476D,07,0x00CFF2,50,42,0A,40,3,0x092
0x476C,FD,0x00CFF3,3A,37,0A,40,3,0x093
0x476B,FF,0x00CFF4,8E,38,0A,40,3,0x094
0x476A,57,0x00CFF5,38,8F,0A,40,3,0x095
0x4768,06,0x00CFF7,76,3C,0A,40,3,0x097
0x4767,F5,0x00CFF8,36,2A,0A,40,3,0x098
0x4766,FF,0x00CFF9,34,33,0A,40,3,0x099
0x4765,7F,0x00CFFA,87,B2,0A,40,3,0x09A
0x4763,07,0x00CFFC,85,38,0A,40,3,0x09C
0x4762,FF,0x00CFFD,30,2F,0A,40,3,0x09D
0x4761,00,0x00CFFE,84,2F,0A,40,3,0x09E
0x4760,54,0x00CFFF,43,82,0A,40,3,0x09F
0x475F,0B,0x00D000,2D,38,0A,40,3,0x0A0
0x475E,40,0x00D001,31,6C,0A,40,3,0x0A1
0x475D,55,0x00D002,7B,80,0A,40,3,0x0A2
0x475C,07,0x00D003,7F,31,0A,40,3,0x0A3
0x475B,01,0x00D004,29,2A,0A,40,3,0x0A4
0x475A,00,0x00D005,2D,28,0A,40,3,0x0A5
0x4759,54,0x00D006,C0,7B,0A,40,3,0x0A6
0x4758,55,0x00D007,29,7B,0A,40,3,0x0A7
0x4757,06,0x00D008,2F,2B,0A,40,3,0x0A8
0x4756,15,0x00D009,0E,39,0A,40,3,0x0A9
0x4755,00,0x00D00A,2C,23,0A,40,3,0x0AA
0x4754,05,0x00D00B,E1,27,0A,40,3,0x0AB
0x4753,55,0x00D00C,CB,76,0A,40,3,0x0AC
0x4752,07,0x00D00D,DE,27,0A,40,3,0x0AD
0x4751,01,0x00D00E,09,20,0A,40,3,0x0AE
0x4750,99,0x00D00F,DD,B7,0A,40,3,0x0AF
0x474F,03,0x00D010,1B,20,0A,40,3,0x0B0
0x474C,88,0x00D013,19,A2,0A,40,3,0x0B3
0x474B,03,0x00D014,C8,1C,0A,40,3,0x0B4
0x474A,AF,0x00D015,C2,C7,0A,40,3,0x0B5
0x4749,FE,0x00D016,1C,15,0A,40,3,0x0B6
0x4748,0C,0x00D017,00,22,0A,40,3,0x0B7
0x4747,EA,0x00D018,14,FF,0A,40,3,0x0B8
0x4746,FF,0x00D019,19,13,0A,40,3,0x0B9
0x4745,05,0x00D01A,BD,18,0A,40,3,0x0BA
0x4744,FA,0x00D01B,FC,0C,0A,40,3,0x0BB
0x4743,09,0x00D01C,10,1A,0A,40,3,0x0BC
0x4742,BF,0x00D01D,15,CF,0A,40,3,0x0BD
0x4741,FE,0x00D01E,18,0D,0A,40,3,0x0BE
0x4740,00,0x00D01F,8E,0E,0A,40,3,0x0BF
0x473F,2A,0x00D020,17,37,0A,40,3,0x0C0
0x473E,88,0x00D021,10,94,0A,40,3,0x0C1
0x473D,03,0x00D022,14,0E,0A,40,3,0x0C2
0x473C,A8,0x00D023,8A,B2,0A,40,3,0x0C3
0x473B,02,0x00D024,B3,0B,0A,40,3,0x0C4
0x473A,04,0x00D025,A8,0C,0A,40,3,0x0C5
0x4739,0B,0x00D026,11,12,0A,40,3,0x0C6
0x4738,80,0x00D027,0A,86,0A,40,3,0x0C7
0x4737,0A,0x00D028,85,0F,0A,40,3,0x0C8
0x4736,04,0x00D029,06,08,0A,40,3,0x0C9
0x4735,00,0x00D02A,07,03,0A,40,3,0x0CA
0x4734,80,0x00D02B,02,82,0A,40,3,0x0CB
0x4733,0A,0x00D02C,29,0B,0A,40,3,0x0CC
0x4732,04,0x00D02D,00,04,0A,40,3,0x0CD
0x4731,09,0x00D02E,A7,08,0A,40,3,0x0CE
0x4730,A0,0x00D02F,A8,9E,0A,40,3,0x0CF
0x472F,02,0x00D030,02,FF,0A,40,3,0x0D0
0x472E,04,0x00D031,26,00,0A,40,3,0x0D1
0x472D,99,0x00D032,FB,94,0A,40,3,0x0D2
0x472C,03,0x00D033,FF,FD,0A,40,3,0x0D3
0x472B,FF,0x00D034,A3,F8,0A,40,3,0x0D4
0x472A,D5,0x00D035,02,CD,0A,40,3,0x0D5
0x4729,88,0x00D036,FB,7F,0A,40,3,0x0D6
0x4728,03,0x00D037,F6,F9,0A,40,3,0x0D7
0x4727,57,0x00D038,FA,4C,0A,40,3,0x0D8
0x4726,FD,0x00D039,8D,F1,0A,40,3,0x0D9
0x4725,0B,0x00D03A,F6,FE,0A,40,3,0x0DA
0x4724,7F,0x00D03B,FB,71,0A,40,3,0x0DB
0x4723,F5,0x00D03C,70,E6,0A,40,3,0x0DC
0x4722,FF,0x00D03D,E5,EF,0A,40,3,0x0DD
0x4721,7F,0x00D03E,F8,6E,0A,40,3,0x0DE
0x4720,FD,0x00D03F,4D,EB,0A,40,3,0x0DF
0x471F,09,0x00D040,4A,F6,0A,40,3,0x0E0
0x471E,7F,0x00D041,41,6B,0A,40,3,0x0E1
0x471D,FD,0x00D042,F2,E8,0A,40,3,0x0E2
0x471C,00,0x00D043,F3,EA,0A,40,3,0x0E3
0x471B,54,0x00D044,E8,3D,0A,40,3,0x0E4
0x471A,88,0x00D045,47,70,0A,40,3,0x0E5
0x4719,03,0x00D046,3C,EA,0A,40,3,0x0E6
0x4718,50,0x00D047,EB,36,0A,40,3,0x0E7
0x4717,01,0x00D048,E2,E6,0A,40,3,0x0E8
0x4716,0C,0x00D049,E3,F0,0A,40,3,0x0E9
0x4715,15,0x00D04A,62,F8,0A,40,3,0x0EA
0x4714,00,0x00D04B,B7,E2,0A,40,3,0x0EB
0x4713,40,0x00D04C,E6,21,0A,40,3,0x0EC
0x4712,05,0x00D04D,3F,E5,0A,40,3,0x0ED
0x4711,04,0x00D04E,DE,E3,0A,40,3,0x0EE
0x4710,09,0x00D04F,E8,E7,0A,40,3,0x0EF
0x470F,40,0x00D050,F2,1D,0A,40,3,0x0F0
0x470E,05,0x00D051,E5,E1,0A,40,3,0x0F1
0x470D,04,0x00D052,1B,DF,0A,40,3,0x0F2
0x470C,99,0x00D053,1F,73,0A,40,3,0x0F3
0x470B,03,0x00D054,2A,DC,0A,40,3,0x0F4
0x470A,FF,0x00D055,2D,D7,0A,40,3,0x0F5
0x4709,AB,0x00D056,DD,82,0A,40,3,0x0F6
0x4708,88,0x00D057,EB,5E,0A,40,3,0x0F7
0x4707,03,0x00D058,E9,D8,0A,40,3,0x0F8
0x4706,AF,0x00D059,D4,83,0A,40,3,0x0F9
0x4705,FE,0x00D05A,23,D1,0A,40,3,0x0FA
0x4704,0C,0x00D05B,27,DE,0A,40,3,0x0FB
0x4703,EA,0x00D05C,D6,BB,0A,40,3,0x0FC
0x4702,FF,0x00D05D,D5,CF,0A,40,3,0x0FD
0x4701,BF,0x00D05E,D3,8E,0A,40,3,0x0FE
0x4700,FA,0x00D05F,CE,C8,0A,40,3,0x0FF
0x46FF,FF,0x00D060,0D,CC,0A,40,3,0x100
0x46FE,05,0x00D061,20,D0,0A,40,3,0x101
0x46FD,BF,0x00D062,DF,89,0A,40,3,0x102
0x46FC,FE,0x00D063,09,C7,0A,40,3,0x103
0x46FB,00,0x00D064,C9,C8,0A,40,3,0x104
0x46FA,2A,0x00D065,60,F1,0A,40,3,0x105
0x46F9,88,0x00D066,C9,4E,0A,40,3,0x106
0x46F8,03,0x00D067,CF,C8,0A,40,3,0x107
0x46F7,A8,0x00D068,AE,6C,0A,40,3,0x108
0x46F6,02,0x00D069,CD,C5,0A,40,3,0x109
0x46F5,04,0x00D06A,80,C6,0A,40,3,0x10A
0x46F4,0B,0x00D06B,6B,CC,0A,40,3,0x10B
0x46F3,80,0x00D06C,6F,40,0A,40,3,0x10C
0x46F2,0A,0x00D06D,69,C9,0A,40,3,0x10D
0x46F1,04,0x00D06E,C3,C2,0A,40,3,0x10E
0x46F0,00,0x00D06F,A7,BD,0A,40,3,0x10F
0x46EF,80,0x00D070,A7,3C,0A,40,3,0x110
0x46EE,0A,0x00D071,BA,C5,0A,40,3,0x111
0x46ED,04,0x00D072,69,BE,0A,40,3,0x112
0x46EC,00,0x00D073,A3,B9,0A,40,3,0x113
0x46EB,05,0x00D074,67,BD,0A,40,3,0x114
0x46EA,A0,0x00D075,B5,57,0A,40,3,0x115
0x46E9,02,0x00D076,B5,B8,0A,40,3,0x116
0x46E8,04,0x00D077,64,B9,0A,40,3,0x117
0x46E7,99,0x00D078,AE,4D,0A,40,3,0x118
0x46E6,03,0x00D079,5E,B6,0A,40,3,0x119
0x46E5,FF,0x00D07A,B7,B1,0A,40,3,0x11A
0x46E4,D5,0x00D07B,AF,86,0A,40,3,0x11B
0x46E3,57,0x00D07C,B9,07,0A,40,3,0x11C
0x46E2,FD,0x00D07D,2F,AC,0A,40,3,0x11D
0x46E1,FF,0x00D07E,B8,AD,0A,40,3,0x11E
0x46E0,57,0x00D07F,B1,04,0A,40,3,0x11F
0x46DF,FD,0x00D080,B5,A9,0A,40,3,0x120
0x46DE,0A,0x00D081,2B,B5,0A,40,3,0x121
0x46DD,57,0x00D082,2C,01,0A,40,3,0x122
0x46DC,FD,0x00D083,53,A6,0A,40,3,0x123
0x46DB,FF,0x00D084,50,A7,0A,40,3,0x124
0x46DA,5F,0x00D085,51,06,0A,40,3,0x125
0x46D9,FD,0x00D086,AB,A3,0A,40,3,0x126
0x46D8,FF,0x00D087,CF,A4,0A,40,3,0x127
0x46D7,7F,0x00D088,A9,23,0A,40,3,0x128
0x46D6,F5,0x00D089,A3,98,0A,40,3,0x129
0x46D5,09,0x00D08A,42,AB,0A,40,3,0x12A
0x46D4,F5,0x00D08B,CB,96,0A,40,3,0x12B
0x46D3,FF,0x00D08C,48,9F,0A,40,3,0x12C
0x46D2,05,0x00D08D,9F,A4,0A,40,3,0x12D
0x46D1,5F,0x00D08E,A3,FD,0A,40,3,0x12E
0x46D0,FF,0x00D08F,3D,9C,0A,40,3,0x12F
0x46CF,00,0x00D090,A6,9C,0A,40,3,0x130
0x46CE,54,0x00D091,9F,EF,0A,40,3,0x131
0x46CD,50,0x00D092,C4,EA,0A,40,3,0x132
0x46CC,01,0x00D093,43,9A,0A,40,3,0x133
0x46CB,00,0x00D094,9A,98,0A,40,3,0x134
0x46CA,50,0x00D095,9B,E7,0A,40,3,0x135
0x46C9,01,0x00D096,2F,97,0A,40,3,0x136
0x46C8,0A,0x00D097,98,9F,0A,40,3,0x137
0x46C7,50,0x00D098,9D,E4,0A,40,3,0x138
0x46C6,01,0x00D099,12,94,0A,40,3,0x139
0x46C5,00,0x00D09A,87,92,0A,40,3,0x13A
0x46C4,50,0x00D09B,9B,E1,0A,40,3,0x13B
0x46C3,01,0x00D09C,0F,91,0A,40,3,0x13C
0x46C2,00,0x00D09D,64,8F,0A,40,3,0x13D
0x46C1,05,0x00D09E,8D,93,0A,40,3,0x13E
0x46C0,15,0x00D09F,0C,A2,0A,40,3,0x13F
0x46BF,09,0x00D0A0,89,95,0A,40,3,0x140
0x46BE,15,0x00D0A1,8A,A0,0A,40,3,0x141
0x46BD,00,0x00D0A2,5F,8A,0A,40,3,0x142
0x46BC,05,0x00D0A3,88,8E,0A,40,3,0x143
0x46BB,50,0x00D0A4,E7,D8,0A,40,3,0x144
0x46BA,01,0x00D0A5,84,88,0A,40,3,0x145
0x46B9,99,0x00D0A6,5B,1F,0A,40,3,0x146
0x46B8,03,0x00D0A7,84,88,0A,40,3,0x147
0x46B7,FF,0x00D0A8,5B,83,0A,40,3,0x148
0x46B6,AB,0x00D0A9,DA,2E,0A,40,3,0x149
0x46B5,AF,0x00D0AA,81,31,0A,40,3,0x14A
0x46B4,FA,0x00D0AB,D8,7B,0A,40,3,0x14B
0x46B3,FF,0x00D0AC,55,7F,0A,40,3,0x14C
0x46B2,AB,0x00D0AD,D6,2A,0A,40,3,0x14D
0x46B1,FE,0x00D0AE,7E,7C,0A,40,3,0x14E
0x46B0,EB,0x00D0AF,83,68,0A,40,3,0x14F
0x46AF,09,0x00D0B0,91,85,0A,40,3,0x150
0x46AE,AF,0x00D0B1,7B,2A,0A,40,3,0x151
0x46AD,FE,0x00D0B2,81,78,0A,40,3,0x152
0x46AC,FF,0x00D0B3,8E,78,0A,40,3,0x153
0x46AB,AF,0x00D0B4,78,27,0A,40,3,0x154
0x46AA,FE,0x00D0B5,B7,75,0A,40,3,0x155
0x46A9,0C,0x00D0B6,77,82,0A,40,3,0x156
0x46A8,AB,0x00D0B7,75,20,0A,40,3,0x157
0x46A7,AA,0x00D0B8,88,1E,0A,40,3,0x158
0x46A6,06,0x00D0B9,73,79,0A,40,3,0x159
0x46A5,FF,0x00D0BA,B2,71,0A,40,3,0x15A
0x46A4,00,0x00D0BB,76,71,0A,40,3,0x15B
0x46A3,2A,0x00D0BC,74,9A,0A,40,3,0x15C
0x46A2,A8,0x00D0BD,C3,17,0A,40,3,0x15D
0x46A1,0A,0x00D0BE,6E,78,0A,40,3,0x15E
0x46A0,04,0x00D0BF,C1,71,0A,40,3,0x15F
0x469F,00,0x00D0C0,71,6C,0A,40,3,0x160
0x469E,AA,0x00D0C1,6C,15,0A,40,3,0x161
0x469D,02,0x00D0C2,BE,6C,0A,40,3,0x162
0x469C,04,0x00D0C3,7E,6D,0A,40,3,0x163
0x469B,2A,0x00D0C4,B8,92,0A,40,3,0x164
0x469A,09,0x00D0C5,00,70,0A,40,3,0x165
0x4699,A8,0x00D0C6,69,0E,0A,40,3,0x166
0x4698,02,0x00D0C7,6F,67,0A,40,3,0x167
0x4697,04,0x00D0C8,4E,68,0A,40,3,0x168
0x4696,00,0x00D0C9,6E,63,0A,40,3,0x169
0x4695,A0,0x00D0CA,4C,02,0A,40,3,0x16A
0x4694,02,0x00D0CB,20,63,0A,40,3,0x16B
0x4693,04,0x00D0CC,1E,64,0A,40,3,0x16C
0x4692,0C,0x00D0CD,5D,6B,0A,40,3,0x16D
0x4691,AA,0x00D0CE,58,08,0A,40,3,0x16E
0x4690,07,0x00D0CF,47,64,0A,40,3,0x16F
0x468F,00,0x00D0D0,5B,5C,0A,40,3,0x170
0x468E,99,0x00D0D1,1A,F4,0A,40,3,0x171
0x468D,03,0x00D0D2,54,5D,0A,40,3,0x172
0x468C,FF,0x00D0D3,43,58,0A,40,3,0x173
0x468B,D5,0x00D0D4,57,2D,0A,40,3,0x174
0x468A,5F,0x00D0D5,02,B6,0A,40,3,0x175
0x4689,F5,0x00D0D6,5B,4B,0A,40,3,0x176
0x4688,FF,0x00D0D7,FF,54,0A,40,3,0x177
0x4687,55,0x00D0D8,59,A9,0A,40,3,0x178
0x4686,FF,0x00D0D9,4D,52,0A,40,3,0x179
0x4685,D5,0x00D0DA,01,27,0A,40,3,0x17A
0x4683,57,0x00D0DC,D0,A7,0A,40,3,0x17C
0x4682,FD,0x00D0DD,59,4C,0A,40,3,0x17D
0x4681,FF,0x00D0DE,52,4D,0A,40,3,0x17E
0x4680,5F,0x00D0DF,57,AC,0A,40,3,0x17F
0x467F,7D,0x00D0E0,CC,C9,0A,40,3,0x180
0x467E,55,0x00D0E1,55,A0,0A,40,3,0x181
0x467D,06,0x00D0E2,4E,50,0A,40,3,0x182
0x467C,F5,0x00D0E3,E9,3E,0A,40,3,0x183
0x467B,FF,0x00D0E4,C8,47,0A,40,3,0x184
0x467A,5F,0x00D0E5,C9,A6,0A,40,3,0x185
0x4679,55,0x00D0E6,48,9B,0A,40,3,0x186
0x4678,05,0x00D0E7,49,4A,0A,40,3,0x187
0x4677,F5,0x00D0E8,4E,39,0A,40,3,0x188
0x4676,FF,0x00D0E9,47,42,0A,40,3,0x189
0x4674,54,0x00D0EB,C1,95,0A,40,3,0x18B
0x4673,40,0x00D0EC,4A,80,0A,40,3,0x18C
0x4672,15,0x00D0ED,43,54,0A,40,3,0x18D
0x4671,00,0x00D0EE,68,3E,0A,40,3,0x18E
0x4670,55,0x00D0EF,3D,92,0A,40,3,0x18F
0x466F,00,0x00D0F0,64,3C,0A,40,3,0x190
0x466E,15,0x00D0F1,E5,50,0A,40,3,0x191
0x466D,09,0x00D0F2,40,43,0A,40,3,0x192
0x466C,50,0x00D0F3,3B,89,0A,40,3,0x193
0x466B,01,0x00D0F4,3C,39,0A,40,3,0x194
0x466A,00,0x00D0F5,DF,37,0A,40,3,0x195
0x4669,50,0x00D0F6,CF,86,0A,40,3,0x196
0x4668,51,0x00D0F7,38,86,0A,40,3,0x197
0x4667,55,0x00D0F8,CD,89,0A,40,3,0x198
0x4666,06,0x00D0F9,36,39,0A,40,3,0x199
0x4665,15,0x00D0FA,3B,47,0A,40,3,0x19A
0x4664,00,0x00D0FB,B1,31,0A,40,3,0x19B
0x4663,50,0x00D0FC,4F,80,0A,40,3,0x19C
0x4662,55,0x00D0FD,39,84,0A,40,3,0x19D
0x4661,05,0x00D0FE,0E,33,0A,40,3,0x19E
0x4660,15,0x00D0FF,6C,42,0A,40,3,0x19F
0x465F,00,0x00D100,0C,2C,0A,40,3,0x1A0
0x465E,99,0x00D101,2A,C4,0A,40,3,0x1A1
0x465D,03,0x00D102,2F,2D,0A,40,3,0x1A2
0x465C,99,0x00D103,30,C2,0A,40,3,0x1A3
0x465B,03,0x00D104,2C,2B,0A,40,3,0x1A4
0x465A,00,0x00D105,46,27,0A,40,3,0x1A5
0x4659,7E,0x00D106,26,A4,0A,40,3,0x1A6
0x4658,00,0x00D107,A5,25,0A,40,3,0x1A7
0x4657,FF,0x00D108,F3,23,0A,40,3,0x1A8
0x4656,E0,0x00D109,32,03,0A,40,3,0x1A9
0x4655,1F,0x00D10A,22,41,0A,40,3,0x1AA
0x4654,00,0x00D10B,9D,21,0A,40,3,0x1AB
0x4653,3F,0x00D10C,1E,5F,0A,40,3,0x1AC
0x4652,00,0x00D10D,28,1F,0A,40,3,0x1AD
0x4651,08,0x00D10E,1E,26,0A,40,3,0x1AE
0x4650,F0,0x00D10F,15,0D,0A,40,3,0x1AF
0x464F,F3,0x00D110,B5,0F,0A,40,3,0x1B0
0x464E,FF,0x00D111,1E,1A,0A,40,3,0x1B1
0x464D,06,0x00D112,B3,20,0A,40,3,0x1B2
0x464C,1F,0x00D113,1C,38,0A,40,3,0x1B3
0x464B,00,0x00D114,21,18,0A,40,3,0x1B4
0x464A,06,0x00D115,97,1D,0A,40,3,0x1B5
0x4649,03,0x00D116,35,19,0A,40,3,0x1B6
0x4648,99,0x00D117,1F,AE,0A,40,3,0x1B7
0x4647,03,0x00D118,04,17,0A,40,3,0x1B8
0x4646,99,0x00D119,52,AC,0A,40,3,0x1B9
0x4645,03,0x00D11A,F2,15,0A,40,3,0x1BA
0x4644,00,0x00D11B,10,11,0A,40,3,0x1BB
0x4643,7E,0x00D11C,15,8E,0A,40,3,0x1BC
0x4642,00,0x00D11D,16,0F,0A,40,3,0x1BD
0x4641,FC,0x00D11E,12,0A,0A,40,3,0x1BE
0x4640,F1,0x00D11F,2C,FE,0A,40,3,0x1BF
0x463F,07,0x00D120,15,13,0A,40,3,0x1C0
0x463E,04,0x00D121,EE,0F,0A,40,3,0x1C1
0x463D,00,0x00D122,11,0A,0A,40,3,0x1C2
0x463C,3F,0x00D123,0D,48,0A,40,3,0x1C3
0x463A,06,0x00D125,83,0D,0A,40,3,0x1C5
0x4639,E0,0x00D126,06,E6,0A,40,3,0x1C6
0x4638,01,0x00D127,0A,06,0A,40,3,0x1C7
0x4637,F0,0x00D128,43,F4,0A,40,3,0x1C8
0x4636,03,0x00D129,03,06,0A,40,3,0x1C9
0x4635,04,0x00D12A,FA,06,0A,40,3,0x1CA
0x4634,00,0x00D12B,9A,01,0A,40,3,0x1CB
0x4633,FE,0x00D12C,03,FE,0A,40,3,0x1CC
0x4632,00,0x00D12D,98,FF,0A,40,3,0x1CD
0x4631,08,0x00D12E,01,06,0A,40,3,0x1CE
0x4630,03,0x00D12F,FD,00,0A,40,3,0x1CF
0x462F,99,0x00D130,01,95,0A,40,3,0x1D0
0x462E,03,0x00D131,7B,FE,0A,40,3,0x1D1
0x462D,99,0x00D132,19,93,0A,40,3,0x1D2
0x462C,03,0x00D133,F9,FC,0A,40,3,0x1D3
0x462B,00,0x00D134,FE,F8,0A,40,3,0x1D4
0x462A,7E,0x00D135,EF,75,0A,40,3,0x1D5
0x4629,00,0x00D136,35,F6,0A,40,3,0x1D6
0x4628,F8,0x00D137,D5,ED,0A,40,3,0x1D7
0x4627,FB,0x00D138,B5,EF,0A,40,3,0x1D8
0x4626,03,0x00D139,76,F6,0A,40,3,0x1D9
0x4625,04,0x00D13A,F9,F6,0A,40,3,0x1DA
0x4624,00,0x00D13B,F5,F1,0A,40,3,0x1DB
0x4623,3F,0x00D13C,0F,2F,0A,40,3,0x1DC
0x4622,C0,0x00D13D,F8,AF,0A,40,3,0x1DD
0x4621,0F,0x00D13E,E6,FD,0A,40,3,0x1DE
0x4620,00,0x00D13F,FC,ED,0A,40,3,0x1DF
0x461F,FC,0x00D140,EC,E8,0A,40,3,0x1E0
0x461E,07,0x00D141,E7,F2,0A,40,3,0x1E1
0x461D,04,0x00D142,E9,EE,0A,40,3,0x1E2
0x461C,F0,0x00D143,F1,D9,0A,40,3,0x1E3
0x461B,03,0x00D144,81,EB,0A,40,3,0x1E4
0x461A,04,0x00D145,EA,EB,0A,40,3,0x1E5
0x4619,00,0x00D146,7F,E6,0A,40,3,0x1E6
0x4618,FE,0x00D147,E8,E3,0A,40,3,0x1E7
0x4617,09,0x00D148,E4,ED,0A,40,3,0x1E8
0x4616,FE,0x00D149,E8,E1,0A,40,3,0x1E9
0x4615,FF,0x00D14A,62,E1,0A,40,3,0x1EA
0x4614,08,0x00D14B,00,E9,0A,40,3,0x1EB
0x4613,99,0x00D14C,E0,79,0A,40,3,0x1EC
0x4612,03,0x00D14D,E5,E2,0A,40,3,0x1ED
0x4611,99,0x00D14E,DC,77,0A,40,3,0x1EE
0x4610,03,0x00D14F,59,E0,0A,40,3,0x1EF
0x460F,00,0x00D150,BC,DC,0A,40,3,0x1F0
0x460E,7E,0x00D151,9C,59,0A,40,3,0x1F1
0x460D,00,0x00D152,5D,DA,0A,40,3,0x1F2
0x460C,E0,0x00D153,E0,B9,0A,40,3,0x1F3
0x460B,FF,0x00D154,DC,D7,0A,40,3,0x1F4
0x460A,09,0x00D155,F6,E0,0A,40,3,0x1F5
0x4609,3F,0x00D156,D6,15,0A,40,3,0x1F6
0x4608,F0,0x00D157,DA,C5,0A,40,3,0x1F7
0x4607,7F,0x00D158,D0,53,0A,40,3,0x1F8
0x4606,80,0x00D159,12,53,0A,40,3,0x1F9
0x4605,FF,0x00D15A,D2,D1,0A,40,3,0x1FA
0x4604,03,0x00D15B,CD,D4,0A,40,3,0x1FB
0x4603,04,0x00D15C,CF,D4,0A,40,3,0x1FC
0x4602,F0,0x00D15D,D7,BF,0A,40,3,0x1FD
0x4601,03,0x00D15E,67,D1,0A,40,3,0x1FE
0x4600,04,0x00D15F,D0,D1,0A,40,3,0x1FF
0x45FF,F8,0x00D160,65,C4,0A,40,3,0x200
0x45FE,FF,0x00D161,CD,C9,0A,40,3,0x201
0x45FD,1F,0x00D162,C5,E8,0A,40,3,0x202
0x45FC,00,0x00D163,D4,C8,0A,40,3,0x203
0x45FB,FE,0x00D164,C8,C5,0A,40,3,0x204
0x45FA,FF,0x00D165,3E,C5,0A,40,3,0x205
0x45F9,08,0x00D166,41,CD,0A,40,3,0x206
0x45F8,99,0x00D167,A4,5D,0A,40,3,0x207
0x45F7,03,0x00D168,C2,C6,0A,40,3,0x208
0x45F6,99,0x00D169,C7,5B,0A,40,3,0x209
0x45F5,03,0x00D16A,C8,C4,0A,40,3,0x20A
0x45F4,FC,0x00D16B,C4,BC,0A,40,3,0x20B
0x45F3,7F,0x00D16C,DE,3E,0A,40,3,0x20C
0x45F1,C0,0x00D16E,C2,7D,0A,40,3,0x20E
0x45EF,09,0x00D170,B9,C4,0A,40,3,0x210
0x45EE,3F,0x00D171,BA,F9,0A,40,3,0x211
0x45ED,00,0x00D172,C0,B9,0A,40,3,0x212
0x45EC,FF,0x00D173,BB,B7,0A,40,3,0x213
0x45EB,E1,0x00D174,50,98,0A,40,3,0x214
0x45EA,3F,0x00D175,B9,F5,0A,40,3,0x215
0x45E9,00,0x00D176,4E,B5,0A,40,3,0x216
0x45E8,F0,0x00D177,B7,A4,0A,40,3,0x217
0x45E7,03,0x00D178,AF,B6,0A,40,3,0x218
0x45E6,04,0x00D179,B1,B6,0A,40,3,0x219
0x45E5,FF,0x00D17A,B9,B0,0A,40,3,0x21A
0x45E4,06,0x00D17B,B1,B6,0A,40,3,0x21B
0x45E3,0A,0x00D17C,AF,B9,0A,40,3,0x21C
0x45E2,E0,0x00D17D,2A,8E,0A,40,3,0x21D
0x45E1,0F,0x00D17E,8D,BC,0A,40,3,0x21E
0x45E0,09,0x00D17F,AB,B5,0A,40,3,0x21F
0x45DF,99,0x00D180,B0,44,0A,40,3,0x220
0x45DE,03,0x00D181,B1,AD,0A,40,3,0x221
0x45DD,99,0x00D182,AD,42,0A,40,3,0x222
0x45DC,03,0x00D183,C7,AB,0A,40,3,0x223
0x45DB,FC,0x00D184,A7,A3,0A,40,3,0x224
0x45DA,7F,0x00D185,26,25,0A,40,3,0x225
0x45D9,00,0x00D186,C4,A5,0A,40,3,0x226
0x45D8,C0,0x00D187,9C,64,0A,40,3,0x227
0x45D7,7F,0x00D188,A6,22,0A,40,3,0x228
0x45D6,09,0x00D189,A6,AB,0A,40,3,0x229
0x45D5,3F,0x00D18A,61,E0,0A,40,3,0x22A
0x45D4,00,0x00D18B,9F,A0,0A,40,3,0x22B
0x45D3,F8,0x00D18C,A6,97,0A,40,3,0x22C
0x45D2,F7,0x00D18D,AD,95,0A,40,3,0x22D
0x45D1,0F,0x00D18E,9D,AC,0A,40,3,0x22E
0x45D0,E0,0x00D18F,B5,7C,0A,40,3,0x22F
0x45CF,FF,0x00D190,9E,9A,0A,40,3,0x230
0x45CE,83,0x00D191,33,1D,0A,40,3,0x231
0x45CD,1F,0x00D192,9C,B8,0A,40,3,0x232
0x45CC,00,0x00D193,94,98,0A,40,3,0x233
0x45CB,F8,0x00D194,96,8F,0A,40,3,0x234
0x45CA,01,0x00D195,9E,97,0A,40,3,0x235
0x45C9,00,0x00D196,16,95,0A,40,3,0x236
0x45C8,05,0x00D197,9D,99,0A,40,3,0x237
0x45C7,E0,0x00D198,7A,73,0A,40,3,0x238
0x45C6,0F,0x00D199,53,A1,0A,40,3,0x239
0x45C5,00,0x00D19A,14,91,0A,40,3,0x23A
0x45C4,05,0x00D19B,97,95,0A,40,3,0x23B
0x45C3,00,0x00D19C,93,8F,0A,40,3,0x23C
0x45C2,19,0x00D19D,AD,A7,0A,40,3,0x23D
0x45C1,03,0x00D19E,8D,90,0A,40,3,0x23E
0x45C0,99,0x00D19F,7C,25,0A,40,3,0x23F
0x45BF,03,0x00D1A0,9A,8E,0A,40,3,0x240
0x45BE,00,0x00D1A1,7A,8A,0A,40,3,0x241
0x45BD,7E,0x00D1A2,A8,07,0A,40,3,0x242
0x45BC,00,0x00D1A3,48,88,0A,40,3,0x243
0x45BB,80,0x00D1A4,86,07,0A,40,3,0x244
0x45BA,3F,0x00D1A5,8D,C5,0A,40,3,0x245
0x45B9,09,0x00D1A6,94,8E,0A,40,3,0x246
0x45B8,3F,0x00D1A7,84,C3,0A,40,3,0x247
0x45B7,00,0x00D1A8,9C,83,0A,40,3,0x248
0x45B6,E0,0x00D1A9,85,62,0A,40,3,0x249
0x45B5,FF,0x00D1AA,1A,80,0A,40,3,0x24A
0x45B3,04,0x00D1AC,88,83,0A,40,3,0x24C
0x45B2,E0,0x00D1AD,FE,5E,0A,40,3,0x24D
0x45B1,FF,0x00D1AE,9C,7C,0A,40,3,0x24E
0x45B0,83,0x00D1AF,85,FF,0A,40,3,0x24F
0x45AF,1F,0x00D1B0,FB,9A,0A,40,3,0x250
0x45AE,00,0x00D1B1,79,7A,0A,40,3,0x251
0x45AD,F8,0x00D1B2,7E,71,0A,40,3,0x252
0x45AC,01,0x00D1B3,5F,79,0A,40,3,0x253
0x45AB,00,0x00D1B4,38,77,0A,40,3,0x254
0x45AA,05,0x00D1B5,F9,7B,0A,40,3,0x255
0x45A9,E0,0x00D1B6,7C,55,0A,40,3,0x256
0x45A8,0F,0x00D1B7,78,83,0A,40,3,0x257
0x45A7,00,0x00D1B8,92,73,0A,40,3,0x258
0x45A6,05,0x00D1B9,72,77,0A,40,3,0x259
0x45A5,00,0x00D1BA,51,71,0A,40,3,0x25A
0x45A4,19,0x00D1BB,77,89,0A,40,3,0x25B
0x45A3,03,0x00D1BC,73,72,0A,40,3,0x25C
0x45A2,99,0x00D1BD,66,07,0A,40,3,0x25D
0x45A1,03,0x00D1BE,8C,70,0A,40,3,0x25E
0x45A0,00,0x00D1BF,2C,6C,0A,40,3,0x25F
0x459F,7E,0x00D1C0,6E,E9,0A,40,3,0x260
0x459E,00,0x00D1C1,6E,6A,0A,40,3,0x261
0x459D,80,0x00D1C2,87,E9,0A,40,3,0x262
0x459C,3F,0x00D1C3,48,A7,0A,40,3,0x263
0x459B,09,0x00D1C4,68,70,0A,40,3,0x264
0x459A,09,0x00D1C5,75,6F,0A,40,3,0x265
0x4599,C0,0x00D1C6,6E,25,0A,40,3,0x266
0x4598,FF,0x00D1C7,E4,63,0A,40,3,0x267
0x4597,00,0x00D1C8,6D,63,0A,40,3,0x268
0x4596,E0,0x00D1C9,66,42,0A,40,3,0x269
0x4595,FF,0x00D1CA,6A,60,0A,40,3,0x26A
0x4594,03,0x00D1CB,E0,63,0A,40,3,0x26B
0x4593,04,0x00D1CC,09,63,0A,40,3,0x26C
0x4592,FF,0x00D1CD,63,5D,0A,40,3,0x26D
0x4591,06,0x00D1CE,FF,63,0A,40,3,0x26E
0x4590,00,0x00D1CF,DC,5C,0A,40,3,0x26F
0x458F,C0,0x00D1D0,DD,1B,0A,40,3,0x270
0x458E,0B,0x00D1D1,5C,65,0A,40,3,0x271
0x458D,03,0x00D1D2,5D,5C,0A,40,3,0x272
0x458C,04,0x00D1D3,62,5C,0A,40,3,0x273
0x458B,00,0x00D1D4,5B,57,0A,40,3,0x274
0x458A,54,0x00D1D5,56,AA,0A,40,3,0x275
0x4589,09,0x00D1D6,F5,5E,0A,40,3,0x276
0x4588,15,0x00D1D7,56,69,0A,40,3,0x277
0x4587,09,0x00D1D8,57,5C,0A,40,3,0x278
0x4586,09,0x00D1D9,FA,5B,0A,40,3,0x279
0x4585,80,0x00D1DA,5B,D1,0A,40,3,0x27A
0x4584,AA,0x00D1DB,54,FA,0A,40,3,0x27B
0x4583,09,0x00D1DC,CF,58,0A,40,3,0x27C
0x4582,A0,0x00D1DD,50,EE,0A,40,3,0x27D
0x4581,02,0x00D1DE,51,4F,0A,40,3,0x27E
0x4580,04,0x00D1DF,56,50,0A,40,3,0x27F
0x457F,AA,0x00D1E0,4F,F5,0A,40,3,0x280
0x457E,06,0x00D1E1,EA,50,0A,40,3,0x281
0x457C,80,0x00D1E3,52,C8,0A,40,3,0x283
0x457B,0B,0x00D1E4,4B,52,0A,40,3,0x284
0x457A,02,0x00D1E5,DF,48,0A,40,3,0x285
0x4579,04,0x00D1E6,48,49,0A,40,3,0x286
0x4578,99,0x00D1E7,4D,DD,0A,40,3,0x287
0x4577,03,0x00D1E8,C3,46,0A,40,3,0x288
0x4576,00,0x00D1E9,61,42,0A,40,3,0x289
0x4575,7E,0x00D1EA,4A,BF,0A,40,3,0x28A
0x4574,00,0x00D1EB,C0,40,0A,40,3,0x28B
0x4573,80,0x00D1EC,3E,BF,0A,40,3,0x28C
0x4572,3F,0x00D1ED,43,7D,0A,40,3,0x28D
0x4571,09,0x00D1EE,24,46,0A,40,3,0x28E
0x456E,80,0x00D1F1,41,BA,0A,40,3,0x291
0x456D,FF,0x00D1F2,3D,38,0A,40,3,0x292
0x456C,09,0x00D1F3,57,41,0A,40,3,0x293
0x456B,F0,0x00D1F4,37,27,0A,40,3,0x294
0x456A,03,0x00D1F5,F6,39,0A,40,3,0x295
0x4569,04,0x00D1F6,36,39,0A,40,3,0x296
0x4568,FC,0x00D1F7,B0,30,0A,40,3,0x297
0x4567,FF,0x00D1F8,41,32,0A,40,3,0x298
0x4566,3F,0x00D1F9,F2,71,0A,40,3,0x299
0x4565,00,0x00D1FA,34,31,0A,40,3,0x29A
0x4564,C0,0x00D1FB,34,F0,0A,40,3,0x29B
0x4563,FF,0x00D1FC,4D,2E,0A,40,3,0x29C
0x4562,07,0x00D1FD,0E,35,0A,40,3,0x29D
0x4561,03,0x00D1FE,2E,30,0A,40,3,0x29E
0x4560,04,0x00D1FF,3B,30,0A,40,3,0x29F
0x455F,00,0x00D200,35,2B,0A,40,3,0x2A0
0x455E,2A,0x00D201,3F,54,0A,40,3,0x2A1
0x455D,00,0x00D202,33,29,0A,40,3,0x2A2
0x455C,80,0x00D203,7D,A8,0A,40,3,0x2A3
0x455B,2A,0x00D204,2C,51,0A,40,3,0x2A4
0x455A,09,0x00D205,6B,2F,0A,40,3,0x2A5
0x4557,00,0x00D208,28,23,0A,40,3,0x2A8
0x4556,55,0x00D209,26,77,0A,40,3,0x2A9
0x4555,09,0x00D20A,36,2A,0A,40,3,0x2AA
0x4554,50,0x00D20B,20,70,0A,40,3,0x2AB
0x4553,01,0x00D20C,5F,20,0A,40,3,0x2AC
0x4552,50,0x00D20D,1F,6E,0A,40,3,0x2AD
0x4551,55,0x00D20E,71,72,0A,40,3,0x2AE
0x4550,15,0x00D20F,20,31,0A,40,3,0x2AF
0x454F,00,0x00D210,1F,1B,0A,40,3,0x2B0
0x454D,55,0x00D212,1A,6E,0A,40,3,0x2B2
0x454C,07,0x00D213,2C,1F,0A,40,3,0x2B3
0x454B,01,0x00D214,57,18,0A,40,3,0x2B4
0x454A,99,0x00D215,17,AF,0A,40,3,0x2B5
0x4549,03,0x00D216,1A,18,0A,40,3,0x2B6
0x4548,00,0x00D217,18,14,0A,40,3,0x2B7
0x4547,7E,0x00D218,AC,91,0A,40,3,0x2B8
0x4546,00,0x00D219,15,12,0A,40,3,0x2B9
0x4545,80,0x00D21A,1A,91,0A,40,3,0x2BA
0x4544,3F,0x00D21B,90,4F,0A,40,3,0x2BB
0x4543,09,0x00D21C,2E,18,0A,40,3,0x2BC
0x4542,FF,0x00D21D,0E,0D,0A,40,3,0x2BD
0x4541,05,0x00D21E,14,12,0A,40,3,0x2BE
0x4540,00,0x00D21F,88,0C,0A,40,3,0x2BF
0x453F,7F,0x00D220,EB,8A,0A,40,3,0x2C0
0x453E,09,0x00D221,09,13,0A,40,3,0x2C1
0x453D,F0,0x00D222,0E,F9,0A,40,3,0x2C2
0x453C,03,0x00D223,0F,0B,0A,40,3,0x2C3
0x453A,00,0x00D225,25,06,0A,40,3,0x2C5
0x4539,07,0x00D226,05,0C,0A,40,3,0x2C6
0x4538,C0,0x00D227,0A,C4,0A,40,3,0x2C7
0x4537,FF,0x00D228,42,02,0A,40,3,0x2C8
0x4536,07,0x00D229,02,09,0A,40,3,0x2C9
0x4535,03,0x00D22A,C1,04,0A,40,3,0x2CA
0x4534,04,0x00D22B,FF,04,0A,40,3,0x2CB
0x4533,00,0x00D22C,06,FF,0A,40,3,0x2CC
0x4532,54,0x00D22D,0D,52,0A,40,3,0x2CD
0x4530,15,0x00D22F,7C,11,0A,40,3,0x2CF
0x452F,09,0x00D230,05,04,0A,40,3,0x2D0
0x452E,AA,0x00D231,FE,A4,0A,40,3,0x2D1
0x452D,05,0x00D232,F9,FE,0A,40,3,0x2D2
0x452C,00,0x00D233,FF,F8,0A,40,3,0x2D3
0x452B,2A,0x00D234,1F,21,0A,40,3,0x2D4
0x452A,09,0x00D235,96,FF,0A,40,3,0x2D5
0x4529,A0,0x00D236,9F,95,0A,40,3,0x2D6
0x4528,02,0x00D237,F9,F6,0A,40,3,0x2D7
0x4527,04,0x00D238,F5,F7,0A,40,3,0x2D8
0x4526,00,0x00D239,F6,F2,0A,40,3,0x2D9
0x4525,07,0x00D23A,FB,F8,0A,40,3,0x2DA
0x4524,80,0x00D23B,F4,70,0A,40,3,0x2DB
0x4523,AA,0x00D23C,EF,99,0A,40,3,0x2DC
0x4522,07,0x00D23D,F4,F5,0A,40,3,0x2DD
0x4521,02,0x00D23E,17,EF,0A,40,3,0x2DE
0x4520,04,0x00D23F,EC,F0,0A,40,3,0x2DF
0x451F,99,0x00D240,6B,84,0A,40,3,0x2E0
0x451E,03,0x00D241,94,ED,0A,40,3,0x2E1
0x451D,00,0x00D242,F0,E9,0A,40,3,0x2E2
0x451C,7E,0x00D243,F2,66,0A,40,3,0x2E3
0x451B,00,0x00D244,EB,E7,0A,40,3,0x2E4
0x451A,80,0x00D245,7F,66,0A,40,3,0x2E5
0x4519,3F,0x00D246,E8,24,0A,40,3,0x2E6
0x4517,3F,0x00D248,63,22,0A,40,3,0x2E8
0x4516,00,0x00D249,01,E2,0A,40,3,0x2E9
0x4515,05,0x00D24A,EB,E6,0A,40,3,0x2EA
0x4514,7F,0x00D24B,18,5F,0A,40,3,0x2EB
0x4513,09,0x00D24C,5B,E8,0A,40,3,0x2EC
0x4512,F0,0x00D24D,9E,CE,0A,40,3,0x2ED
0x4511,C3,0x00D24E,AC,A0,0A,40,3,0x2EE
0x4510,0A,0x00D24F,BD,E6,0A,40,3,0x2EF
0x450F,07,0x00D250,DC,E2,0A,40,3,0x2F0
0x450E,04,0x00D251,F9,DE,0A,40,3,0x2F1
0x450D,C0,0x00D252,D9,99,0A,40,3,0x2F2
0x450C,1F,0x00D253,DD,F7,0A,40,3,0x2F3
0x450B,09,0x00D254,57,E0,0A,40,3,0x2F4
0x450A,F0,0x00D255,F5,C6,0A,40,3,0x2F5
0x4509,03,0x00D256,D5,D8,0A,40,3,0x2F6
0x4508,04,0x00D257,94,D8,0A,40,3,0x2F7
0x4507,00,0x00D258,DE,D3,0A,40,3,0x2F8
0x4506,2A,0x00D259,E1,FC,0A,40,3,0x2F9
0x4504,80,0x00D25B,D6,50,0A,40,3,0x2FB
0x4503,2A,0x00D25C,E4,F9,0A,40,3,0x2FC
0x4502,09,0x00D25D,D8,D7,0A,40,3,0x2FD
0x4501,15,0x00D25E,DD,E2,0A,40,3,0x2FE
0x4500,00,0x00D25F,20,CC,0A,40,3,0x2FF
0x44FF,05,0x00D260,0B,D0,0A,40,3,0x300
0x44FE,55,0x00D261,0E,1E,0A,40,3,0x301
0x44FD,09,0x00D262,09,D1,0A,40,3,0x302
0x44FC,50,0x00D263,C8,17,0A,40,3,0x303
0x44FB,41,0x00D264,DB,07,0A,40,3,0x304
0x44FA,55,0x00D265,C5,1A,0A,40,3,0x305
0x44F8,05,0x00D267,D8,C8,0A,40,3,0x307
0x44F7,04,0x00D268,C2,C6,0A,40,3,0x308
0x44F5,15,0x00D26A,15,D5,0A,40,3,0x30A
0x44F4,09,0x00D26B,C6,C8,0A,40,3,0x30B
0x44F3,50,0x00D26C,C3,0E,0A,40,3,0x30C
0x44F2,01,0x00D26D,C1,BE,0A,40,3,0x30D
0x44EF,00,0x00D270,C3,BA,0A,40,3,0x310
0x44EE,7E,0x00D271,39,37,0A,40,3,0x311
0x44ED,00,0x00D272,D7,B8,0A,40,3,0x312
0x44EC,80,0x00D273,C1,37,0A,40,3,0x313
0x44EB,3F,0x00D274,34,F5,0A,40,3,0x314
0x44EA,09,0x00D275,31,BE,0A,40,3,0x315
0x44E9,3F,0x00D276,94,F3,0A,40,3,0x316
0x44E8,00,0x00D277,AA,B3,0A,40,3,0x317
0x44E7,05,0x00D278,A5,B7,0A,40,3,0x318
0x44E6,7F,0x00D279,B4,30,0A,40,3,0x319
0x44E5,09,0x00D27A,B4,B9,0A,40,3,0x31A
0x44E4,F0,0x00D27B,B9,9F,0A,40,3,0x31B
0x44E3,C3,0x00D27C,6E,71,0A,40,3,0x31C
0x44E2,FF,0x00D27D,BC,AC,0A,40,3,0x31D
0x44E1,06,0x00D27E,AC,B2,0A,40,3,0x31E
0x44E0,07,0x00D27F,B0,B2,0A,40,3,0x31F
0x44DF,04,0x00D280,6A,AE,0A,40,3,0x320
0x44DE,C0,0x00D281,B0,69,0A,40,3,0x321
0x44DD,1F,0x00D282,AC,C7,0A,40,3,0x322
0x44DC,00,0x00D283,67,A7,0A,40,3,0x323
0x44DB,05,0x00D284,AD,AB,0A,40,3,0x324
0x44DA,F0,0x00D285,A9,95,0A,40,3,0x325
0x44D9,03,0x00D286,A4,A7,0A,40,3,0x326
0x44D8,04,0x00D287,AC,A7,0A,40,3,0x327
0x44D7,00,0x00D288,22,A2,0A,40,3,0x328
0x44D6,54,0x00D289,AB,F5,0A,40,3,0x329
0x44D5,00,0x00D28A,A4,A0,0A,40,3,0x32A
0x44D4,05,0x00D28B,A9,A4,0A,40,3,0x32B
0x44D3,15,0x00D28C,C8,B3,0A,40,3,0x32C
0x44D2,09,0x00D28D,C5,A6,0A,40,3,0x32D
0x44D1,2A,0x00D28E,3C,C6,0A,40,3,0x32E
0x44D0,00,0x00D28F,3D,9B,0A,40,3,0x32F
0x44CE,2A,0x00D291,9B,C3,0A,40,3,0x331
0x44CD,09,0x00D292,9C,A1,0A,40,3,0x332
0x44CC,A0,0x00D293,41,37,0A,40,3,0x333
0x44CB,82,0x00D294,9C,18,0A,40,3,0x334
0x44CA,AA,0x00D295,15,3F,0A,40,3,0x335
0x44C9,06,0x00D296,9E,9A,0A,40,3,0x336
0x44C8,02,0x00D297,97,95,0A,40,3,0x337
0x44C7,04,0x00D298,92,96,0A,40,3,0x338
0x44C6,80,0x00D299,96,11,0A,40,3,0x339
0x44C5,0A,0x00D29A,10,9A,0A,40,3,0x33A
0x44C4,04,0x00D29B,91,93,0A,40,3,0x33B
0x44C3,00,0x00D29C,92,8E,0A,40,3,0x33C
0x44C2,05,0x00D29D,0D,92,0A,40,3,0x33D
0x44C1,A0,0x00D29E,8E,2C,0A,40,3,0x33E
0x44C0,02,0x00D29F,8F,8D,0A,40,3,0x33F
0x44BF,04,0x00D2A0,8A,8E,0A,40,3,0x340
0x44BC,00,0x00D2A3,90,87,0A,40,3,0x343
0x44BB,7E,0x00D2A4,06,04,0A,40,3,0x344
0x44BA,00,0x00D2A5,A4,85,0A,40,3,0x345
0x44B9,80,0x00D2A6,8E,04,0A,40,3,0x346
0x44B8,3F,0x00D2A7,7F,C2,0A,40,3,0x347
0x44B7,09,0x00D2A8,FE,8B,0A,40,3,0x348
0x44B6,3F,0x00D2A9,71,C0,0A,40,3,0x349
0x44B5,80,0x00D2AA,63,00,0A,40,3,0x34A
0x44B4,0A,0x00D2AB,66,89,0A,40,3,0x34B
0x44B3,00,0x00D2AC,85,7E,0A,40,3,0x34C
0x44B2,F0,0x00D2AD,81,6D,0A,40,3,0x34D
0x44B1,C3,0x00D2AE,7B,3F,0A,40,3,0x34E
0x44B0,FF,0x00D2AF,81,7A,0A,40,3,0x34F
0x44AF,06,0x00D2B0,5A,80,0A,40,3,0x350
0x44AC,C0,0x00D2B3,77,37,0A,40,3,0x353
0x44AB,1F,0x00D2B4,74,95,0A,40,3,0x354
0x44AA,00,0x00D2B5,74,75,0A,40,3,0x355
0x44A9,05,0x00D2B6,7C,79,0A,40,3,0x356
0x44A8,F0,0x00D2B7,7C,63,0A,40,3,0x357
0x44A7,03,0x00D2B8,F2,75,0A,40,3,0x358
0x44A6,04,0x00D2B9,90,75,0A,40,3,0x359
0x44A5,00,0x00D2BA,7A,70,0A,40,3,0x35A
0x44A4,7E,0x00D2BB,6B,ED,0A,40,3,0x35B
0x44A3,00,0x00D2BC,EA,6E,0A,40,3,0x35C
0x44A2,80,0x00D2BD,5D,ED,0A,40,3,0x35D
0x44A1,3F,0x00D2BE,4F,AB,0A,40,3,0x35E
0x44A0,09,0x00D2BF,52,74,0A,40,3,0x35F
0x449F,3F,0x00D2C0,71,A9,0A,40,3,0x360
0x449E,80,0x00D2C1,6D,E9,0A,40,3,0x361
0x449D,0A,0x00D2C2,67,72,0A,40,3,0x362
0x449C,00,0x00D2C3,6D,67,0A,40,3,0x363
0x449B,F0,0x00D2C4,46,56,0A,40,3,0x364
0x449A,C3,0x00D2C5,6C,28,0A,40,3,0x365
0x4499,FF,0x00D2C6,68,63,0A,40,3,0x366
0x4498,06,0x00D2C7,63,69,0A,40,3,0x367
0x4497,07,0x00D2C8,60,69,0A,40,3,0x368
0x4496,04,0x00D2C9,60,65,0A,40,3,0x369
0x4495,C0,0x00D2CA,68,20,0A,40,3,0x36A
0x4494,1F,0x00D2CB,F8,7E,0A,40,3,0x36B
0x4493,00,0x00D2CC,61,5E,0A,40,3,0x36C
0x4492,05,0x00D2CD,66,62,0A,40,3,0x36D
0x4491,F0,0x00D2CE,DC,4C,0A,40,3,0x36E
0x4490,03,0x00D2CF,7A,5E,0A,40,3,0x36F
0x448F,04,0x00D2D0,64,5E,0A,40,3,0x370
0x448E,99,0x00D2D1,51,F2,0A,40,3,0x371
0x448D,03,0x00D2D2,D5,5B,0A,40,3,0x372
0x448C,00,0x00D2D3,4F,57,0A,40,3,0x373
0x448B,7E,0x00D2D4,17,D4,0A,40,3,0x374
0x448A,00,0x00D2D5,24,55,0A,40,3,0x375
0x4489,80,0x00D2D6,63,D4,0A,40,3,0x376
0x4488,3F,0x00D2D7,52,92,0A,40,3,0x377
0x4487,09,0x00D2D8,58,5B,0A,40,3,0x378
0x4486,3F,0x00D2D9,49,90,0A,40,3,0x379
0x4485,80,0x00D2DA,53,D0,0A,40,3,0x37A
0x4484,0A,0x00D2DB,53,59,0A,40,3,0x37B
0x4482,F0,0x00D2DD,4B,3D,0A,40,3,0x37D
0x4481,03,0x00D2DE,4B,4F,0A,40,3,0x37E
0x4480,04,0x00D2DF,53,4F,0A,40,3,0x37F
0x447F,0B,0x00D2E0,53,55,0A,40,3,0x380
0x447E,C0,0x00D2E1,C9,09,0A,40,3,0x381
0x447D,0B,0x00D2E2,67,53,0A,40,3,0x382
0x447C,03,0x00D2E3,51,4A,0A,40,3,0x383
0x447B,04,0x00D2E4,3E,4A,0A,40,3,0x384
0x447A,00,0x00D2E5,C2,45,0A,40,3,0x385
0x4479,7E,0x00D2E6,3C,C2,0A,40,3,0x386
0x4478,00,0x00D2E7,04,43,0A,40,3,0x387
0x4477,80,0x00D2E8,11,C2,0A,40,3,0x388
0x4476,3F,0x00D2E9,50,80,0A,40,3,0x389
0x4475,09,0x00D2EA,3F,49,0A,40,3,0x38A
0x4474,3F,0x00D2EB,45,7E,0A,40,3,0x38B
0x4473,80,0x00D2EC,36,BE,0A,40,3,0x38C
0x4472,0A,0x00D2ED,40,47,0A,40,3,0x38D
0x4471,00,0x00D2EE,40,3C,0A,40,3,0x38E
0x4470,F0,0x00D2EF,3B,2B,0A,40,3,0x38F
0x446F,03,0x00D2F0,38,3D,0A,40,3,0x390
0x446E,04,0x00D2F1,38,3D,0A,40,3,0x391
0x446D,0B,0x00D2F2,40,43,0A,40,3,0x392
0x446C,C0,0x00D2F3,36,F7,0A,40,3,0x393
0x446B,0B,0x00D2F4,4F,41,0A,40,3,0x394
0x4469,04,0x00D2F6,34,38,0A,40,3,0x396
0x4468,FF,0x00D2F7,38,32,0A,40,3,0x397
0x4467,19,0x00D2F8,B2,4B,0A,40,3,0x398
0x4466,03,0x00D2F9,50,34,0A,40,3,0x399
0x4464,7E,0x00D2FB,35,AD,0A,40,3,0x39B
0x4463,00,0x00D2FC,9E,2E,0A,40,3,0x39C
0x4462,80,0x00D2FD,A9,AD,0A,40,3,0x39D
0x4461,3F,0x00D2FE,28,6B,0A,40,3,0x39E
0x4460,00,0x00D2FF,AB,2B,0A,40,3,0x39F
0x445F,05,0x00D300,C9,2F,0A,40,3,0x3A0
0x445E,3F,0x00D301,2C,68,0A,40,3,0x3A1
0x445D,80,0x00D302,2C,A8,0A,40,3,0x3A2
0x445C,FF,0x00D303,27,26,0A,40,3,0x3A3
0x445A,00,0x00D305,15,25,0A,40,3,0x3A5
0x4459,F0,0x00D306,25,14,0A,40,3,0x3A6
0x4458,03,0x00D307,23,26,0A,40,3,0x3A7
0x4457,04,0x00D308,27,26,0A,40,3,0x3A8
0x4456,E0,0x00D309,E1,01,0A,40,3,0x3A9
0x4455,FF,0x00D30A,27,1F,0A,40,3,0x3AA
0x4454,07,0x00D30B,23,26,0A,40,3,0x3AB
0x4453,04,0x00D30C,DE,22,0A,40,3,0x3AC
0x4452,00,0x00D30D,24,1D,0A,40,3,0x3AD
0x4451,C0,0x00D30E,20,DC,0A,40,3,0x3AE
0x4450,FF,0x00D30F,1B,1A,0A,40,3,0x3AF
0x444F,07,0x00D310,1A,21,0A,40,3,0x3B0
0x444E,03,0x00D311,1E,1C,0A,40,3,0x3B1
0x444D,04,0x00D312,98,1C,0A,40,3,0x3B2
0x444C,00,0x00D313,36,17,0A,40,3,0x3B3
0x444B,7E,0x00D314,16,94,0A,40,3,0x3B4
0x444A,00,0x00D315,1B,15,0A,40,3,0x3B5
0x4449,80,0x00D316,84,94,0A,40,3,0x3B6
0x4448,3F,0x00D317,8F,52,0A,40,3,0x3B7
0x4447,00,0x00D318,0E,12,0A,40,3,0x3B8
0x4446,05,0x00D319,91,16,0A,40,3,0x3B9
0x4445,3F,0x00D31A,AF,4F,0A,40,3,0x3BA
0x4444,80,0x00D31B,12,8F,0A,40,3,0x3BB
0x4443,FF,0x00D31C,12,0D,0A,40,3,0x3BC
0x4442,06,0x00D31D,0D,13,0A,40,3,0x3BD
0x4441,00,0x00D31E,12,0C,0A,40,3,0x3BE
0x443F,03,0x00D320,0B,0D,0A,40,3,0x3C0
0x443E,04,0x00D321,09,0D,0A,40,3,0x3C1
0x443D,E0,0x00D322,0D,E8,0A,40,3,0x3C2
0x443C,FF,0x00D323,C7,06,0A,40,3,0x3C3
0x4439,00,0x00D326,C4,04,0A,40,3,0x3C6
0x4438,C0,0x00D327,0A,C3,0A,40,3,0x3C7
0x4437,FF,0x00D328,06,01,0A,40,3,0x3C8
0x4436,07,0x00D329,01,08,0A,40,3,0x3C9
0x4435,03,0x00D32A,FF,03,0A,40,3,0x3CA
0x4434,04,0x00D32B,18,03,0A,40,3,0x3CB
0x4433,FF,0x00D32C,01,FD,0A,40,3,0x3CC
0x4432,19,0x00D32D,FD,16,0A,40,3,0x3CD
0x4431,03,0x00D32E,01,FF,0A,40,3,0x3CE
0x4430,00,0x00D32F,7B,FB,0A,40,3,0x3CF
0x442F,7E,0x00D330,19,78,0A,40,3,0x3D0
0x442D,08,0x00D332,FF,00,0A,40,3,0x3D2
0x442C,3F,0x00D333,73,36,0A,40,3,0x3D3
0x442B,80,0x00D334,66,76,0A,40,3,0x3D4
0x442A,FF,0x00D335,F5,F4,0A,40,3,0x3D5
0x4429,06,0x00D336,FB,FA,0A,40,3,0x3D6
0x4428,00,0x00D337,F7,F3,0A,40,3,0x3D7
0x4427,F0,0x00D338,F2,E2,0A,40,3,0x3D8
0x4426,03,0x00D339,F8,F4,0A,40,3,0x3D9
0x4425,04,0x00D33A,B0,F4,0A,40,3,0x3DA
0x4424,E0,0x00D33B,EF,CF,0A,40,3,0x3DB
0x4423,FF,0x00D33C,F4,ED,0A,40,3,0x3DC
0x4422,07,0x00D33D,AD,F4,0A,40,3,0x3DD
0x4421,04,0x00D33E,F3,F0,0A,40,3,0x3DE
0x4420,00,0x00D33F,EF,EB,0A,40,3,0x3DF
0x441E,FF,0x00D341,F0,E8,0A,40,3,0x3E1
0x441D,07,0x00D342,EC,EF,0A,40,3,0x3E2
0x441C,03,0x00D343,E7,EA,0A,40,3,0x3E3
0x441B,04,0x00D344,E6,EA,0A,40,3,0x3E4
0x441A,00,0x00D345,EA,E5,0A,40,3,0x3E5
0x4419,7E,0x00D346,64,62,0A,40,3,0x3E6
0x4418,00,0x00D347,02,E3,0A,40,3,0x3E7
0x4417,08,0x00D348,E2,EA,0A,40,3,0x3E8
0x4416,3F,0x00D349,E8,20,0A,40,3,0x3E9
0x4415,80,0x00D34A,5C,60,0A,40,3,0x3EA
0x4414,FF,0x00D34B,4F,DE,0A,40,3,0x3EB
0x4413,06,0x00D34C,DE,E4,0A,40,3,0x3EC
0x4412,00,0x00D34D,E4,DD,0A,40,3,0x3ED
0x4411,F0,0x00D34E,E0,CC,0A,40,3,0x3EE
0x4410,03,0x00D34F,DB,DE,0A,40,3,0x3EF
0x440F,04,0x00D350,E1,DE,0A,40,3,0x3F0
0x440E,E0,0x00D351,99,B9,0A,40,3,0x3F1
0x440D,FF,0x00D352,D8,D7,0A,40,3,0x3F2
0x440C,07,0x00D353,DD,DE,0A,40,3,0x3F3
0x440B,04,0x00D354,96,DA,0A,40,3,0x3F4
0x440A,00,0x00D355,DC,D5,0A,40,3,0x3F5
0x4409,C0,0x00D356,D8,94,0A,40,3,0x3F6
0x4408,FF,0x00D357,93,D2,0A,40,3,0x3F7
0x4406,03,0x00D359,D5,D4,0A,40,3,0x3F9
0x4405,04,0x00D35A,D0,D4,0A,40,3,0x3FA
0x4402,05,0x00D35D,D9,D2,0A,40,3,0x3FD
