global_index,SUB_addr,MAIN_addr,disk_offset,payload_start,sector_key,sector_local_index,decoded_old,decoded_new,raw_old,raw_new
0,0x4B6A,0x0C6A,0x05A25,0x05990,0x3B,0x36A,10,D0,42,02
1,0x4B6B,0x0C6B,0x05A24,0x05990,0x3B,0x36B,12,31,45,64
2,0x4B6C,0x0C6C,0x05A23,0x05990,0x3B,0x36C,10,50,44,84
3,0x4B6D,0x0C6D,0x05A22,0x05990,0x3B,0x36D,12,21,47,56
4,0x4B6E,0x0C6E,0x05A21,0x05990,0x3B,0x36E,D0,A0,06,D6
5,0x4B6F,0x0C6F,0x05A20,0x05990,0x3B,0x36F,3A,31,71,68
6,0x4B70,0x0C70,0x05A1F,0x05990,0x3B,0x370,00,70,38,A8
7,0x4B71,0x0C71,0x05A1E,0x05990,0x3B,0x371,1B,3F,54,78
8,0x4B72,0x0C72,0x05A1D,0x05990,0x3B,0x372,C0,A0,FA,DA
9,0x4B73,0x0C73,0x05A1C,0x05990,0x3B,0x373,3A,17,75,52
10,0x4B74,0x0C74,0x05A1B,0x05990,0x3B,0x374,90,10,CC,4C
11,0x4B75,0x0C75,0x05A1A,0x05990,0x3B,0x375,1B,12,58,4F
12,0x4B76,0x0C76,0x05A19,0x05990,0x3B,0x376,C0,F0,FE,2E
13,0x4B77,0x0C77,0x05A18,0x05990,0x3B,0x377,18,34,57,73
14,0x4B78,0x0C78,0x05A17,0x05990,0x3B,0x378,00,C0,40,00
15,0x4B79,0x0C79,0x05A16,0x05990,0x3B,0x379,B0,E3,F1,24
16,0x4B7A,0x0C7A,0x05A15,0x05990,0x3B,0x37A,30,C0,72,02
17,0x4B7B,0x0C7B,0x05A14,0x05990,0x3B,0x37B,28,27,6B,6A
19,0x4B7D,0x0C7D,0x05A12,0x05990,0x3B,0x37D,28,12,6D,57
20,0x4B7E,0x0C7E,0x05A11,0x05990,0x3B,0x37E,40,60,86,A6
21,0x4B7F,0x0C7F,0x05A10,0x05990,0x3B,0x37F,18,12,5F,59
22,0x4B80,0x0C80,0x05A0F,0x05990,0x3B,0x380,F0,60,38,A8
23,0x4B81,0x0C81,0x05A0E,0x05990,0x3B,0x381,19,12,62,5B
24,0x4B82,0x0C82,0x05A0D,0x05990,0x3B,0x382,50,30,9A,7A
26,0x4B84,0x0C84,0x05A0B,0x05990,0x3B,0x384,50,0F,9C,5B
27,0x4B85,0x0C85,0x05A0A,0x05990,0x3B,0x385,12,A0,5F,ED
28,0x4B86,0x0C86,0x05A09,0x05990,0x3B,0x386,50,DE,9E,2C
29,0x4B87,0x0C87,0x05A08,0x05990,0x3B,0x387,12,C0,61,0F
30,0x4B88,0x0C88,0x05A07,0x05990,0x3B,0x388,50,17,A0,67
31,0x4B89,0x0C89,0x05A06,0x05990,0x3B,0x389,12,10,63,61
32,0x4B8A,0x0C8A,0x05A05,0x05990,0x3B,0x38A,30,12,82,64
33,0x4B8B,0x0C8B,0x05A04,0x05990,0x3B,0x38B,12,A0,65,F3
34,0x4B8C,0x0C8C,0x05A03,0x05990,0x3B,0x38C,10,3D,64,91
35,0x4B8D,0x0C8D,0x05A02,0x05990,0x3B,0x38D,12,20,67,75
36,0x4B8E,0x0C8E,0x05A01,0x05990,0x3B,0x38E,10,3D,66,93
37,0x4B8F,0x0C8F,0x05A00,0x05990,0x3B,0x38F,12,90,69,E7
38,0x4B90,0x0C90,0x059FF,0x05990,0x3B,0x390,10,DE,68,36
39,0x4B91,0x0C91,0x059FE,0x05990,0x3B,0x391,12,10,6B,69
40,0x4B92,0x0C92,0x059FD,0x05990,0x3B,0x392,0F,12,69,6C
41,0x4B93,0x0C93,0x059FC,0x05990,0x3B,0x393,10,F0,6B,4B
42,0x4B94,0x0C94,0x059FB,0x05990,0x3B,0x394,12,EF,6E,4B
43,0x4B95,0x0C95,0x059FA,0x05990,0x3B,0x395,D0,70,2D,CD
44,0x4B96,0x0C96,0x059F9,0x05990,0x3B,0x396,BE,DF,1C,3D
45,0x4B97,0x0C97,0x059F8,0x05990,0x3B,0x397,E0,50,3F,AF
46,0x4B98,0x0C98,0x059F7,0x05990,0x3B,0x398,28,E3,88,43
47,0x4B99,0x0C99,0x059F6,0x05990,0x3B,0x399,40,E0,A1,41
48,0x4B9A,0x0C9A,0x059F5,0x05990,0x3B,0x39A,40,25,A2,87
49,0x4B9B,0x0C9B,0x059F4,0x05990,0x3B,0x39B,C0,10,23,73
50,0x4B9C,0x0C9C,0x059F3,0x05990,0x3B,0x39C,18,12,7C,76
51,0x4B9D,0x0C9D,0x059F2,0x05990,0x3B,0x39D,20,70,85,D5
52,0x4B9E,0x0C9E,0x059F1,0x05990,0x3B,0x39E,18,E3,7E,49
53,0x4B9F,0x0C9F,0x059F0,0x05990,0x3B,0x39F,B0,20,17,87
54,0x4BA0,0x0CA0,0x059EF,0x05990,0x3B,0x3A0,38,12,A0,7A
55,0x4BA1,0x0CA1,0x059EE,0x05990,0x3B,0x3A1,20,80,89,E9
56,0x4BA2,0x0CA2,0x059ED,0x05990,0x3B,0x3A2,B0,22,1A,8C
57,0x4BA3,0x0CA3,0x059EC,0x05990,0x3B,0x3A3,A0,90,0B,FB
58,0x4BA4,0x0CA4,0x059EB,0x05990,0x3B,0x3A4,38,3B,A4,A7
59,0x4BA5,0x0CA5,0x059EA,0x05990,0x3B,0x3A5,20,D0,8D,3D
60,0x4BA6,0x0CA6,0x059E9,0x05990,0x3B,0x3A6,12,E1,80,4F
61,0x4BA7,0x0CA7,0x059E8,0x05990,0x3B,0x3A7,D0,20,3F,8F
62,0x4BA8,0x0CA8,0x059E7,0x05990,0x3B,0x3A8,32,E2,A2,52
63,0x4BA9,0x0CA9,0x059E6,0x05990,0x3B,0x3A9,40,90,B1,01
64,0x4BAA,0x0CAA,0x059E5,0x05990,0x3B,0x3AA,3B,22,AD,94
65,0x4BAB,0x0CAB,0x059E4,0x05990,0x3B,0x3AB,70,80,E3,F3
66,0x4BAC,0x0CAC,0x059E3,0x05990,0x3B,0x3AC,1A,DE,8E,52
67,0x4BAD,0x0CAD,0x059E2,0x05990,0x3B,0x3AD,B0,0F,25,84
68,0x4BAE,0x0CAE,0x059E1,0x05990,0x3B,0x3AE,1A,80,90,F6
69,0x4BAF,0x0CAF,0x059E0,0x05990,0x3B,0x3AF,30,22,A7,99
70,0x4BB0,0x0CB0,0x059DF,0x05990,0x3B,0x3B0,3B,70,B3,E8
71,0x4BB1,0x0CB1,0x059DE,0x05990,0x3B,0x3B1,F0,E5,69,5E
72,0x4BB2,0x0CB2,0x059DD,0x05990,0x3B,0x3B2,1B,90,95,0A
73,0x4BB3,0x0CB3,0x059DC,0x05990,0x3B,0x3B3,D0,22,4B,9D
74,0x4BB4,0x0CB4,0x059DB,0x05990,0x3B,0x3B4,32,40,AE,BC
75,0x4BB5,0x0CB5,0x059DA,0x05990,0x3B,0x3B5,E0,DE,5D,5B
76,0x4BB6,0x0CB6,0x059D9,0x05990,0x3B,0x3B6,28,10,A6,8E
77,0x4BB7,0x0CB7,0x059D8,0x05990,0x3B,0x3B7,10,12,8F,91
78,0x4BB8,0x0CB8,0x059D7,0x05990,0x3B,0x3B8,12,E0,92,60
79,0x4BB9,0x0CB9,0x059D6,0x05990,0x3B,0x3B9,0F,3C,90,BD
80,0x4BBA,0x0CBA,0x059D5,0x05990,0x3B,0x3BA,10,F0,92,72
81,0x4BBB,0x0CBB,0x059D4,0x05990,0x3B,0x3BB,12,30,95,B3
83,0x4BBD,0x0CBD,0x059D2,0x05990,0x3B,0x3BD,12,E0,97,65
84,0x4BBE,0x0CBE,0x059D1,0x05990,0x3B,0x3BE,D0,10,56,96
85,0x4BBF,0x0CBF,0x059D0,0x05990,0x3B,0x3BF,32,E0,B9,67
86,0x4BC0,0x0CC0,0x059CF,0x05990,0x3B,0x3C0,F0,10,78,98
87,0x4BC1,0x0CC1,0x059CE,0x05990,0x3B,0x3C1,9C,12,25,9B
88,0x4BC2,0x0CC2,0x059CD,0x05990,0x3B,0x3C2,D0,00,5A,8A
89,0x4BC3,0x0CC3,0x059CC,0x05990,0x3B,0x3C3,32,5E,BD,E9
90,0x4BC4,0x0CC4,0x059CB,0x05990,0x3B,0x3C4,F0,E0,7C,6C
91,0x4BC5,0x0CC5,0x059CA,0x05990,0x3B,0x3C5,28,25,B5,B2
92,0x4BC6,0x0CC6,0x059C9,0x05990,0x3B,0x3C6,20,C0,AE,4E
93,0x4BC7,0x0CC7,0x059C8,0x05990,0x3B,0x3C7,12,27,A1,B6
94,0x4BC8,0x0CC8,0x059C7,0x05990,0x3B,0x3C8,70,F0,00,80
95,0x4BC9,0x0CC9,0x059C6,0x05990,0x3B,0x3C9,98,30,29,C1
96,0x4BCA,0x0CCA,0x059C5,0x05990,0x3B,0x3CA,40,80,D2,12
97,0x4BCB,0x0CCB,0x059C4,0x05990,0x3B,0x3CB,57,20,EA,B3
98,0x4BCC,0x0CCC,0x059C3,0x05990,0x3B,0x3CC,90,30,24,C4
99,0x4BCD,0x0CCD,0x059C2,0x05990,0x3B,0x3CD,19,12,AE,A7
100,0x4BCE,0x0CCE,0x059C1,0x05990,0x3B,0x3CE,B0,0F,46,A5
101,0x4BCF,0x0CCF,0x059C0,0x05990,0x3B,0x3CF,38,50,CF,E7
102,0x4BD0,0x0CD0,0x059BF,0x05990,0x3B,0x3D0,60,E3,F8,7B
103,0x4BD1,0x0CD1,0x059BE,0x05990,0x3B,0x3D1,F7,10,90,A9
104,0x4BD2,0x0CD2,0x059BD,0x05990,0x3B,0x3D2,F0,E0,8A,7A
105,0x4BD3,0x0CD3,0x059BC,0x05990,0x3B,0x3D3,28,D0,C3,6B
106,0x4BD4,0x0CD4,0x059BB,0x05990,0x3B,0x3D4,A0,34,3C,D0
107,0x4BD5,0x0CD5,0x059BA,0x05990,0x3B,0x3D5,28,10,C5,AD
108,0x4BD6,0x0CD6,0x059B9,0x05990,0x3B,0x3D6,40,12,DE,B0
109,0x4BD7,0x0CD7,0x059B8,0x05990,0x3B,0x3D7,18,20,B7,BF
110,0x4BD8,0x0CD8,0x059B7,0x05990,0x3B,0x3D8,30,DE,D0,7E
111,0x4BD9,0x0CD9,0x059B6,0x05990,0x3B,0x3D9,12,10,B3,B1
112,0x4BDA,0x0CDA,0x059B5,0x05990,0x3B,0x3DA,80,E2,22,84
113,0x4BDB,0x0CDB,0x059B4,0x05990,0x3B,0x3DB,28,E0,CB,83
114,0x4BDC,0x0CDC,0x059B3,0x05990,0x3B,0x3DC,20,25,C4,C9
115,0x4BDD,0x0CDD,0x059B2,0x05990,0x3B,0x3DD,12,10,B7,B5
116,0x4BDE,0x0CDE,0x059B1,0x05990,0x3B,0x3DE,10,12,B6,B8
117,0x4BDF,0x0CDF,0x059B0,0x05990,0x3B,0x3DF,12,40,B9,E7
118,0x4BE0,0x0CE0,0x059AF,0x05990,0x3B,0x3E0,10,3D,B8,E5
119,0x4BE1,0x0CE1,0x059AE,0x05990,0x3B,0x3E1,12,B0,BB,59
120,0x4BE2,0x0CE2,0x059AD,0x05990,0x3B,0x3E2,0F,17,B9,C1
121,0x4BE3,0x0CE3,0x059AC,0x05990,0x3B,0x3E3,10,C0,BB,6B
122,0x4BE4,0x0CE4,0x059AB,0x05990,0x3B,0x3E4,12,E3,BE,8F
123,0x4BE5,0x0CE5,0x059AA,0x05990,0x3B,0x3E5,10,C0,BD,6D
124,0x4BE6,0x0CE6,0x059A9,0x05990,0x3B,0x3E6,12,27,C0,D5
125,0x4BE7,0x0CE7,0x059A8,0x05990,0x3B,0x3E7,10,30,BF,DF
127,0x4BE9,0x0CE9,0x059A6,0x05990,0x3B,0x3E9,10,0F,C1,C0
128,0x4BEA,0x0CEA,0x059A5,0x05990,0x3B,0x3EA,12,50,C4,02
129,0x4BEB,0x0CEB,0x059A4,0x05990,0x3B,0x3EB,10,21,C3,D4
130,0x4BEC,0x0CEC,0x059A3,0x05990,0x3B,0x3EC,12,90,C6,44
131,0x4BED,0x0CED,0x059A2,0x05990,0x3B,0x3ED,70,31,25,E6
132,0x4BEE,0x0CEE,0x059A1,0x05990,0x3B,0x3EE,19,C0,CF,76
133,0x4BEF,0x0CEF,0x059A0,0x05990,0x3B,0x3EF,B0,27,67,DE
134,0x4BF0,0x0CF0,0x0599F,0x05990,0x3B,0x3F0,18,70,D0,28
135,0x4BF1,0x0CF1,0x0599E,0x05990,0x3B,0x3F1,70,35,29,EE
136,0x4BF2,0x0CF2,0x0599D,0x05990,0x3B,0x3F2,19,80,D3,3A
137,0x4BF3,0x0CF3,0x0599C,0x05990,0x3B,0x3F3,20,22,DB,DD
138,0x4BF4,0x0CF4,0x0599B,0x05990,0x3B,0x3F4,12,80,CE,3C
139,0x4BF5,0x0CF5,0x0599A,0x05990,0x3B,0x3F5,50,39,0D,F6
140,0x4BF6,0x0CF6,0x05999,0x05990,0x3B,0x3F6,5A,70,18,2E
141,0x4BF7,0x0CF7,0x05998,0x05990,0x3B,0x3F7,20,34,DF,F3
142,0x4BF8,0x0CF8,0x05997,0x05990,0x3B,0x3F8,B7,70,77,30
143,0x4BF9,0x0CF9,0x05996,0x05990,0x3B,0x3F9,F0,3F,B1,00
144,0x4BFA,0x0CFA,0x05995,0x05990,0x3B,0x3FA,28,90,EA,52
145,0x4BFB,0x0CFB,0x05994,0x05990,0x3B,0x3FB,70,22,33,E5
146,0x4BFC,0x0CFC,0x05993,0x05990,0x3B,0x3FC,B7,80,7B,44
147,0x4BFD,0x0CFD,0x05992,0x05990,0x3B,0x3FD,60,DE,25,A3
148,0x4BFE,0x0CFE,0x05991,0x05990,0x3B,0x3FE,18,80,DE,46
149,0x4BFF,0x0CFF,0x05990,0x05990,0x3B,0x3FF,30,22,F8,EA
150,0x4C00,0x0D00,0x0619F,0x05DA0,0x3B,0x000,12,70,D7,35
151,0x4C01,0x0D01,0x0619E,0x05DA0,0x3B,0x001,10,E5,D6,AB
152,0x4C02,0x0D02,0x0619D,0x05DA0,0x3B,0x002,12,90,D9,57
153,0x4C03,0x0D03,0x0619C,0x05DA0,0x3B,0x003,10,22,D8,EA
154,0x4C04,0x0D04,0x0619B,0x05DA0,0x3B,0x004,12,C0,DB,89
155,0x4C05,0x0D05,0x0619A,0x05DA0,0x3B,0x005,10,30,DA,FA
156,0x4C06,0x0D06,0x06199,0x05DA0,0x3B,0x006,12,70,DD,3B
157,0x4C07,0x0D07,0x06198,0x05DA0,0x3B,0x007,10,E3,DC,AF
158,0x4C08,0x0D08,0x06197,0x05DA0,0x3B,0x008,12,0F,DF,DC
159,0x4C09,0x0D09,0x06196,0x05DA0,0x3B,0x009,10,A0,DE,6E
160,0x4C0A,0x0D0A,0x06195,0x05DA0,0x3B,0x00A,12,DE,E1,AD
161,0x4C0B,0x0D0B,0x06194,0x05DA0,0x3B,0x00B,0F,C0,DF,90
162,0x4C0C,0x0D0C,0x06193,0x05DA0,0x3B,0x00C,10,17,E1,E8
163,0x4C0D,0x0D0D,0x06192,0x05DA0,0x3B,0x00D,12,10,E4,E2
164,0x4C0E,0x0D0E,0x06191,0x05DA0,0x3B,0x00E,D0,12,A3,E5
165,0x4C0F,0x0D0F,0x06190,0x05DA0,0x3B,0x00F,19,A0,ED,74
166,0x4C10,0x0D10,0x0618F,0x05DA0,0x3B,0x010,60,3D,35,12
167,0x4C11,0x0D11,0x0618E,0x05DA0,0x3B,0x011,18,20,EE,F6
168,0x4C12,0x0D12,0x0618D,0x05DA0,0x3B,0x012,70,3D,47,14
169,0x4C13,0x0D13,0x0618C,0x05DA0,0x3B,0x013,28,90,00,68
170,0x4C14,0x0D14,0x0618B,0x05DA0,0x3B,0x014,20,DE,F9,B7
171,0x4C15,0x0D15,0x0618A,0x05DA0,0x3B,0x015,18,10,F2,EA
172,0x4C16,0x0D16,0x06189,0x05DA0,0x3B,0x016,B0,12,8B,ED
173,0x4C17,0x0D17,0x06188,0x05DA0,0x3B,0x017,38,F0,14,CC
174,0x4C18,0x0D18,0x06187,0x05DA0,0x3B,0x018,A0,EF,7D,CC
175,0x4C19,0x0D19,0x06186,0x05DA0,0x3B,0x019,28,70,06,4E
176,0x4C1A,0x0D1A,0x06185,0x05DA0,0x3B,0x01A,90,DF,6F,BE
177,0x4C1B,0x0D1B,0x06184,0x05DA0,0x3B,0x01B,38,50,18,30
178,0x4C1C,0x0D1C,0x06183,0x05DA0,0x3B,0x01C,20,E3,01,C4
179,0x4C1D,0x0D1D,0x06182,0x05DA0,0x3B,0x01D,12,E0,F4,C2
180,0x4C1E,0x0D1E,0x06181,0x05DA0,0x3B,0x01E,40,25,23,08
181,0x4C1F,0x0D1F,0x06180,0x05DA0,0x3B,0x01F,D7,10,BB,F4
182,0x4C20,0x0D20,0x0617F,0x05DA0,0x3B,0x020,20,12,05,F7
183,0x4C21,0x0D21,0x0617E,0x05DA0,0x3B,0x021,12,70,F8,56
184,0x4C22,0x0D22,0x0617D,0x05DA0,0x3B,0x022,D0,E3,B7,CA
185,0x4C23,0x0D23,0x0617C,0x05DA0,0x3B,0x023,32,20,1A,08
186,0x4C24,0x0D24,0x0617B,0x05DA0,0x3B,0x024,40,12,29,FB
187,0x4C25,0x0D25,0x0617A,0x05DA0,0x3B,0x025,3B,0F,25,F9
188,0x4C26,0x0D26,0x06179,0x05DA0,0x3B,0x026,10,40,FB,2B
189,0x4C27,0x0D27,0x06178,0x05DA0,0x3B,0x027,1A,20,06,0C
190,0x4C28,0x0D28,0x06177,0x05DA0,0x3B,0x028,A0,10,8D,FD
191,0x4C29,0x0D29,0x06176,0x05DA0,0x3B,0x029,3A,E2,28,D0
192,0x4C2A,0x0D2A,0x06175,0x05DA0,0x3B,0x02A,90,10,7F,FF
193,0x4C2B,0x0D2B,0x06174,0x05DA0,0x3B,0x02B,1B,12,0B,02
194,0x4C2C,0x0D2C,0x06173,0x05DA0,0x3B,0x02C,D0,E0,C1,D1
195,0x4C2D,0x0D2D,0x06172,0x05DA0,0x3B,0x02D,32,3C,24,2E
196,0x4C2E,0x0D2E,0x06171,0x05DA0,0x3B,0x02E,E0,F0,D3,E3
197,0x4C2F,0x0D2F,0x06170,0x05DA0,0x3B,0x02F,28,30,1C,24
199,0x4C31,0x0D31,0x0616E,0x05DA0,0x3B,0x031,12,E0,08,D6
200,0x4C32,0x0D32,0x0616D,0x05DA0,0x3B,0x032,0F,10,06,07
201,0x4C33,0x0D33,0x0616C,0x05DA0,0x3B,0x033,10,E0,08,D8
202,0x4C34,0x0D34,0x0616B,0x05DA0,0x3B,0x034,12,10,0B,09
203,0x4C35,0x0D35,0x0616A,0x05DA0,0x3B,0x035,10,12,0A,0C
204,0x4C36,0x0D36,0x06169,0x05DA0,0x3B,0x036,12,00,0D,FB
205,0x4C37,0x0D37,0x06168,0x05DA0,0x3B,0x037,10,5E,0C,5A
206,0x4C38,0x0D38,0x06167,0x05DA0,0x3B,0x038,12,50,0F,4D
207,0x4C39,0x0D39,0x06166,0x05DA0,0x3B,0x039,D0,DE,CE,DC
208,0x4C3A,0x0D3A,0x06165,0x05DA0,0x3B,0x03A,32,10,31,0F
209,0x4C3B,0x0D3B,0x06164,0x05DA0,0x3B,0x03B,F0,12,F0,12
210,0x4C3C,0x0D3C,0x06163,0x05DA0,0x3B,0x03C,9C,90,9D,91
211,0x4C3D,0x0D3D,0x06162,0x05DA0,0x3B,0x03D,D0,1D,D2,1F
212,0x4C3E,0x0D3E,0x06161,0x05DA0,0x3B,0x03E,32,F0,35,F3
213,0x4C3F,0x0D3F,0x06160,0x05DA0,0x3B,0x03F,20,30,24,34
214,0x4C40,0x0D40,0x0615F,0x05DA0,0x3B,0x040,38,80,3D,85
216,0x4C42,0x0D42,0x0615D,0x05DA0,0x3B,0x042,12,60,19,67
217,0x4C43,0x0D43,0x0615C,0x05DA0,0x3B,0x043,D0,12,D8,1A
218,0x4C44,0x0D44,0x0615B,0x05DA0,0x3B,0x044,BE,60,C7,69
219,0x4C45,0x0D45,0x0615A,0x05DA0,0x3B,0x045,E0,12,EA,1C
220,0x4C46,0x0D46,0x06159,0x05DA0,0x3B,0x046,28,60,33,6B
221,0x4C47,0x0D47,0x06158,0x05DA0,0x3B,0x047,40,12,4C,1E
222,0x4C48,0x0D48,0x06157,0x05DA0,0x3B,0x048,40,0F,4D,1C
223,0x4C49,0x0D49,0x06156,0x05DA0,0x3B,0x049,C0,80,CE,8E
224,0x4C4A,0x0D4A,0x06155,0x05DA0,0x3B,0x04A,18,22,27,31
225,0x4C4B,0x0D4B,0x06154,0x05DA0,0x3B,0x04B,20,90,30,A0
226,0x4C4C,0x0D4C,0x06153,0x05DA0,0x3B,0x04C,18,3B,29,4C
227,0x4C4D,0x0D4D,0x06152,0x05DA0,0x3B,0x04D,B0,F0,C2,02
228,0x4C4E,0x0D4E,0x06151,0x05DA0,0x3B,0x04E,38,25,4B,38
229,0x4C4F,0x0D4F,0x06150,0x05DA0,0x3B,0x04F,20,D0,34,E4
230,0x4C50,0x0D50,0x0614F,0x05DA0,0x3B,0x050,B0,E2,C5,F7
231,0x4C51,0x0D51,0x0614E,0x05DA0,0x3B,0x051,A0,90,B6,A6
232,0x4C52,0x0D52,0x0614D,0x05DA0,0x3B,0x052,38,22,4F,39
233,0x4C53,0x0D53,0x0614C,0x05DA0,0x3B,0x053,20,E0,38,F8
234,0x4C54,0x0D54,0x0614B,0x05DA0,0x3B,0x054,12,9F,2B,B8
235,0x4C55,0x0D55,0x0614A,0x05DA0,0x3B,0x055,10,80,2A,9A
236,0x4C56,0x0D56,0x06149,0x05DA0,0x3B,0x056,12,22,2D,3D
237,0x4C57,0x0D57,0x06148,0x05DA0,0x3B,0x057,10,90,2C,AC
238,0x4C58,0x0D58,0x06147,0x05DA0,0x3B,0x058,12,3B,2F,58
239,0x4C59,0x0D59,0x06146,0x05DA0,0x3B,0x059,10,D0,2E,EE
240,0x4C5A,0x0D5A,0x06145,0x05DA0,0x3B,0x05A,12,E1,31,00
241,0x4C5B,0x0D5B,0x06144,0x05DA0,0x3B,0x05B,0F,D0,2F,F0
242,0x4C5C,0x0D5C,0x06143,0x05DA0,0x3B,0x05C,10,E2,31,03
243,0x4C5D,0x0D5D,0x06142,0x05DA0,0x3B,0x05D,12,90,34,B2
244,0x4C5E,0x0D5E,0x06141,0x05DA0,0x3B,0x05E,10,22,33,45
245,0x4C5F,0x0D5F,0x06140,0x05DA0,0x3B,0x05F,12,80,36,A4
246,0x4C60,0x0D60,0x0613F,0x05DA0,0x3B,0x060,80,DE,A5,03
247,0x4C61,0x0D61,0x0613E,0x05DA0,0x3B,0x061,EE,10,14,36
248,0x4C62,0x0D62,0x0613D,0x05DA0,0x3B,0x062,70,12,97,39
249,0x4C63,0x0D63,0x0613C,0x05DA0,0x3B,0x063,19,C0,41,E8
250,0x4C64,0x0D64,0x0613B,0x05DA0,0x3B,0x064,60,27,89,50
251,0x4C65,0x0D65,0x0613A,0x05DA0,0x3B,0x065,28,E0,52,0A
252,0x4C66,0x0D66,0x06139,0x05DA0,0x3B,0x066,70,E6,9B,11
253,0x4C67,0x0D67,0x06138,0x05DA0,0x3B,0x067,98,40,C4,6C
254,0x4C68,0x0D68,0x06137,0x05DA0,0x3B,0x068,30,DE,5D,0B
255,0x4C69,0x0D69,0x06136,0x05DA0,0x3B,0x069,29,10,57,3E
256,0x4C6A,0x0D6A,0x06135,0x05DA0,0x3B,0x06A,B0,12,DF,41
257,0x4C6B,0x0D6B,0x06134,0x05DA0,0x3B,0x06B,38,A0,68,D0
258,0x4C6C,0x0D6C,0x06133,0x05DA0,0x3B,0x06C,60,DE,91,0F
259,0x4C6D,0x0D6D,0x06132,0x05DA0,0x3B,0x06D,F7,C0,29,F2
260,0x4C6E,0x0D6E,0x06131,0x05DA0,0x3B,0x06E,F0,17,23,4A
261,0x4C6F,0x0D6F,0x06130,0x05DA0,0x3B,0x06F,28,80,5C,B4
262,0x4C70,0x0D70,0x0612F,0x05DA0,0x3B,0x070,A0,DE,D5,13
263,0x4C71,0x0D71,0x0612E,0x05DA0,0x3B,0x071,28,10,5E,46
264,0x4C72,0x0D72,0x0612D,0x05DA0,0x3B,0x072,40,12,77,49
265,0x4C73,0x0D73,0x0612C,0x05DA0,0x3B,0x073,18,60,50,98
266,0x4C74,0x0D74,0x0612B,0x05DA0,0x3B,0x074,80,9F,B9,D8
267,0x4C75,0x0D75,0x0612A,0x05DA0,0x3B,0x075,28,E0,62,1A
268,0x4C76,0x0D76,0x06129,0x05DA0,0x3B,0x076,20,3C,5B,77
269,0x4C77,0x0D77,0x06128,0x05DA0,0x3B,0x077,12,A0,4E,DC
270,0x4C78,0x0D78,0x06127,0x05DA0,0x3B,0x078,50,17,8D,54
271,0x4C79,0x0D79,0x06126,0x05DA0,0x3B,0x079,12,10,50,4E
272,0x4C7A,0x0D7A,0x06125,0x05DA0,0x3B,0x07A,50,12,8F,51
273,0x4C7B,0x0D7B,0x06124,0x05DA0,0x3B,0x07B,12,40,52,80
274,0x4C7C,0x0D7C,0x06123,0x05DA0,0x3B,0x07C,50,E2,91,23
275,0x4C7D,0x0D7D,0x06122,0x05DA0,0x3B,0x07D,12,50,54,92
276,0x4C7E,0x0D7E,0x06121,0x05DA0,0x3B,0x07E,50,2E,93,71
277,0x4C7F,0x0D7F,0x06120,0x05DA0,0x3B,0x07F,12,C0,56,04
278,0x4C80,0x0D80,0x0611F,0x05DA0,0x3B,0x080,10,E3,55,28
279,0x4C81,0x0D81,0x0611E,0x05DA0,0x3B,0x081,12,50,58,96
280,0x4C82,0x0D82,0x0611D,0x05DA0,0x3B,0x082,10,DE,57,25
281,0x4C83,0x0D83,0x0611C,0x05DA0,0x3B,0x083,12,10,5A,58
282,0x4C84,0x0D84,0x0611B,0x05DA0,0x3B,0x084,0F,12,58,5B
283,0x4C85,0x0D85,0x0611A,0x05DA0,0x3B,0x085,D0,80,1A,CA
284,0x4C86,0x0D86,0x06119,0x05DA0,0x3B,0x086,32,30,7D,7B
285,0x4C87,0x0D87,0x06118,0x05DA0,0x3B,0x087,40,00,8C,4C
286,0x4C88,0x0D88,0x06117,0x05DA0,0x3B,0x088,3B,3C,88,89
287,0x4C89,0x0D89,0x06116,0x05DA0,0x3B,0x089,10,50,5E,9E
288,0x4C8A,0x0D8A,0x06115,0x05DA0,0x3B,0x08A,1A,E2,69,31
289,0x4C8B,0x0D8B,0x06114,0x05DA0,0x3B,0x08B,B0,10,00,60
290,0x4C8C,0x0D8C,0x06113,0x05DA0,0x3B,0x08C,2A,12,7B,63
291,0x4C8D,0x0D8D,0x06112,0x05DA0,0x3B,0x08D,60,C0,B2,12
292,0x4C8E,0x0D8E,0x06111,0x05DA0,0x3B,0x08E,2A,3F,7D,92
293,0x4C8F,0x0D8F,0x06110,0x05DA0,0x3B,0x08F,30,10,84,64
294,0x4C90,0x0D90,0x0610F,0x05DA0,0x3B,0x090,1A,DF,6F,34
295,0x4C91,0x0D91,0x0610E,0x05DA0,0x3B,0x091,D0,80,26,D6
296,0x4C92,0x0D92,0x0610D,0x05DA0,0x3B,0x092,32,2E,89,85
297,0x4C93,0x0D93,0x0610C,0x05DA0,0x3B,0x093,80,00,D8,58
298,0x4C94,0x0D94,0x0610B,0x05DA0,0x3B,0x094,28,7E,81,D7
299,0x4C95,0x0D95,0x0610A,0x05DA0,0x3B,0x095,D0,C0,2A,1A
300,0x4C96,0x0D96,0x06109,0x05DA0,0x3B,0x096,32,27,8D,82
301,0x4C97,0x0D97,0x06108,0x05DA0,0x3B,0x097,40,30,9C,8C
302,0x4C98,0x0D98,0x06107,0x05DA0,0x3B,0x098,3B,12,98,6F
303,0x4C99,0x0D99,0x06106,0x05DA0,0x3B,0x099,70,0F,CE,6D
304,0x4C9A,0x0D9A,0x06105,0x05DA0,0x3B,0x09A,1A,50,79,AF
305,0x4C9B,0x0D9B,0x06104,0x05DA0,0x3B,0x09B,B0,21,10,81
306,0x4C9C,0x0D9C,0x06103,0x05DA0,0x3B,0x09C,1A,70,7B,D1
307,0x4C9D,0x0D9D,0x06102,0x05DA0,0x3B,0x09D,30,34,92,96
308,0x4C9E,0x0D9E,0x06101,0x05DA0,0x3B,0x09E,3B,80,9E,E3
309,0x4C9F,0x0D9F,0x06100,0x05DA0,0x3B,0x09F,60,20,C4,84
310,0x4CA0,0x0DA0,0x060FF,0x05DA0,0x3B,0x0A0,2A,10,8F,75
311,0x4CA1,0x0DA1,0x060FE,0x05DA0,0x3B,0x0A1,30,12,96,78
312,0x4CA2,0x0DA2,0x060FD,0x05DA0,0x3B,0x0A2,1A,A0,81,07
313,0x4CA3,0x0DA3,0x060FC,0x05DA0,0x3B,0x0A3,D0,DE,38,46
314,0x4CA4,0x0DA4,0x060FB,0x05DA0,0x3B,0x0A4,32,C0,9B,29
315,0x4CA5,0x0DA5,0x060FA,0x05DA0,0x3B,0x0A5,E0,17,4A,81
316,0x4CA6,0x0DA6,0x060F9,0x05DA0,0x3B,0x0A6,28,80,93,EB
317,0x4CA7,0x0DA7,0x060F8,0x05DA0,0x3B,0x0A7,80,DE,EC,4A
318,0x4CA8,0x0DA8,0x060F7,0x05DA0,0x3B,0x0A8,C2,10,2F,7D
319,0x4CA9,0x0DA9,0x060F6,0x05DA0,0x3B,0x0A9,40,12,AE,80
320,0x4CAA,0x0DAA,0x060F5,0x05DA0,0x3B,0x0AA,18,60,87,CF
321,0x4CAB,0x0DAB,0x060F4,0x05DA0,0x3B,0x0AB,F0,9F,60,0F
322,0x4CAC,0x0DAC,0x060F3,0x05DA0,0x3B,0x0AC,28,E0,99,51
323,0x4CAD,0x0DAD,0x060F2,0x05DA0,0x3B,0x0AD,D0,3C,42,AE
324,0x4CAE,0x0DAE,0x060F1,0x05DA0,0x3B,0x0AE,BE,A0,31,13
325,0x4CAF,0x0DAF,0x060F0,0x05DA0,0x3B,0x0AF,C0,17,34,8B
326,0x4CB0,0x0DB0,0x060EF,0x05DA0,0x3B,0x0B0,18,10,8D,85
327,0x4CB1,0x0DB1,0x060EE,0x05DA0,0x3B,0x0B1,20,12,96,88
328,0x4CB2,0x0DB2,0x060ED,0x05DA0,0x3B,0x0B2,DD,A0,54,17
329,0x4CB3,0x0DB3,0x060EC,0x05DA0,0x3B,0x0B3,B0,24,28,9C
330,0x4CB4,0x0DB4,0x060EB,0x05DA0,0x3B,0x0B4,B6,D0,2F,49
331,0x4CB5,0x0DB5,0x060EA,0x05DA0,0x3B,0x0B5,20,24,9A,9E
332,0x4CB6,0x0DB6,0x060E9,0x05DA0,0x3B,0x0B6,39,10,B4,8B
333,0x4CB7,0x0DB7,0x060E8,0x05DA0,0x3B,0x0B7,F0,12,6C,8E
334,0x4CB8,0x0DB8,0x060E7,0x05DA0,0x3B,0x0B8,82,80,FF,FD
335,0x4CB9,0x0DB9,0x060E6,0x05DA0,0x3B,0x0B9,A0,30,1E,AE
336,0x4CBA,0x0DBA,0x060E5,0x05DA0,0x3B,0x0BA,38,30,B7,AF
337,0x4CBB,0x0DBB,0x060E4,0x05DA0,0x3B,0x0BB,00,12,80,92
338,0x4CBC,0x0DBC,0x060E3,0x05DA0,0x3B,0x0BC,BB,0F,3C,90
339,0x4CBD,0x0DBD,0x060E2,0x05DA0,0x3B,0x0BD,70,A0,F2,22
340,0x4CBE,0x0DBE,0x060E1,0x05DA0,0x3B,0x0BE,19,DE,9C,61
341,0x4CBF,0x0DBF,0x060E0,0x05DA0,0x3B,0x0BF,F0,C0,74,44
342,0x4CC0,0x0DC0,0x060DF,0x05DA0,0x3B,0x0C0,19,17,9E,9C
343,0x4CC1,0x0DC1,0x060DE,0x05DA0,0x3B,0x0C1,E0,80,66,06
344,0x4CC2,0x0DC2,0x060DD,0x05DA0,0x3B,0x0C2,F7,DE,7E,65
345,0x4CC3,0x0DC3,0x060DC,0x05DA0,0x3B,0x0C3,20,10,A8,98
347,0x4CC5,0x0DC5,0x060DA,0x05DA0,0x3B,0x0C5,F0,60,7A,EA
348,0x4CC6,0x0DC6,0x060D9,0x05DA0,0x3B,0x0C6,B6,9F,41,2A
350,0x4CC8,0x0DC8,0x060D7,0x05DA0,0x3B,0x0C8,29,3C,B6,C9
351,0x4CC9,0x0DC9,0x060D6,0x05DA0,0x3B,0x0C9,30,A0,BE,2E
352,0x4CCA,0x0DCA,0x060D5,0x05DA0,0x3B,0x0CA,28,17,B7,A6
353,0x4CCB,0x0DCB,0x060D4,0x05DA0,0x3B,0x0CB,F0,10,80,A0
354,0x4CCC,0x0DCC,0x060D3,0x05DA0,0x3B,0x0CC,19,12,AA,A3
355,0x4CCD,0x0DCD,0x060D2,0x05DA0,0x3B,0x0CD,30,B0,C2,42
356,0x4CCE,0x0DCE,0x060D1,0x05DA0,0x3B,0x0CE,12,20,A5,B3
357,0x4CCF,0x0DCF,0x060D0,0x05DA0,0x3B,0x0CF,10,90,A4,24
358,0x4CD0,0x0DD0,0x060CF,0x05DA0,0x3B,0x0D0,12,1D,A7,B2
359,0x4CD1,0x0DD1,0x060CE,0x05DA0,0x3B,0x0D1,10,A0,A6,36
360,0x4CD2,0x0DD2,0x060CD,0x05DA0,0x3B,0x0D2,12,17,A9,AE
363,0x4CD5,0x0DD5,0x060CA,0x05DA0,0x3B,0x0D5,0F,A0,A9,3A
364,0x4CD6,0x0DD6,0x060C9,0x05DA0,0x3B,0x0D6,10,2E,AB,C9
365,0x4CD7,0x0DD7,0x060C8,0x05DA0,0x3B,0x0D7,12,10,AE,AC
366,0x4CD8,0x0DD8,0x060C7,0x05DA0,0x3B,0x0D8,10,12,AD,AF
367,0x4CD9,0x0DD9,0x060C6,0x05DA0,0x3B,0x0D9,12,80,B0,1E
368,0x4CDA,0x0DDA,0x060C5,0x05DA0,0x3B,0x0DA,D0,30,6F,CF
369,0x4CDB,0x0DDB,0x060C4,0x05DA0,0x3B,0x0DB,19,30,B9,D0
370,0x4CDC,0x0DDC,0x060C3,0x05DA0,0x3B,0x0DC,70,12,11,B3
371,0x4CDD,0x0DDD,0x060C2,0x05DA0,0x3B,0x0DD,19,0F,BB,B1
372,0x4CDE,0x0DDE,0x060C1,0x05DA0,0x3B,0x0DE,60,50,03,F3
373,0x4CDF,0x0DDF,0x060C0,0x05DA0,0x3B,0x0DF,28,21,CC,C5
374,0x4CE0,0x0DE0,0x060BF,0x05DA0,0x3B,0x0E0,D0,10,75,B5
375,0x4CE1,0x0DE1,0x060BE,0x05DA0,0x3B,0x0E1,19,12,BF,B8
376,0x4CE2,0x0DE2,0x060BD,0x05DA0,0x3B,0x0E2,C0,40,67,E7
377,0x4CE3,0x0DE3,0x060BC,0x05DA0,0x3B,0x0E3,38,20,E0,C8
378,0x4CE4,0x0DE4,0x060BB,0x05DA0,0x3B,0x0E4,F0,80,99,29
379,0x4CE5,0x0DE5,0x060BA,0x05DA0,0x3B,0x0E5,28,DE,D2,88
380,0x4CE6,0x0DE6,0x060B9,0x05DA0,0x3B,0x0E6,20,50,CB,FB
381,0x4CE7,0x0DE7,0x060B8,0x05DA0,0x3B,0x0E7,12,34,BE,E0
382,0x4CE8,0x0DE8,0x060B7,0x05DA0,0x3B,0x0E8,D0,10,7D,BD
383,0x4CE9,0x0DE9,0x060B6,0x05DA0,0x3B,0x0E9,BE,12,6C,C0
384,0x4CEA,0x0DEA,0x060B5,0x05DA0,0x3B,0x0EA,E0,B0,8F,5F
385,0x4CEB,0x0DEB,0x060B4,0x05DA0,0x3B,0x0EB,28,3B,D8,EB
386,0x4CEC,0x0DEC,0x060B3,0x05DA0,0x3B,0x0EC,20,00,D1,B1
387,0x4CED,0x0DED,0x060B2,0x05DA0,0x3B,0x0ED,DD,20,8F,D2
388,0x4CEE,0x0DEE,0x060B1,0x05DA0,0x3B,0x0EE,B0,10,63,C3
389,0x4CEF,0x0DEF,0x060B0,0x05DA0,0x3B,0x0EF,B6,12,6A,C6
390,0x4CF0,0x0DF0,0x060AF,0x05DA0,0x3B,0x0F0,C0,A0,75,55
391,0x4CF1,0x0DF1,0x060AE,0x05DA0,0x3B,0x0F1,18,2E,CE,E4
392,0x4CF2,0x0DF2,0x060AD,0x05DA0,0x3B,0x0F2,A0,10,57,C7
393,0x4CF3,0x0DF3,0x060AC,0x05DA0,0x3B,0x0F3,7A,12,32,CA
394,0x4CF4,0x0DF4,0x060AB,0x05DA0,0x3B,0x0F4,B0,F0,69,A9
395,0x4CF5,0x0DF5,0x060AA,0x05DA0,0x3B,0x0F5,38,1D,F2,D7
396,0x4CF6,0x0DF6,0x060A9,0x05DA0,0x3B,0x0F6,E0,90,9B,4B
397,0x4CF7,0x0DF7,0x060A8,0x05DA0,0x3B,0x0F7,F7,DE,B3,9A
398,0x4CF8,0x0DF8,0x060A7,0x05DA0,0x3B,0x0F8,30,C0,ED,7D
399,0x4CF9,0x0DF9,0x060A6,0x05DA0,0x3B,0x0F9,12,27,D0,E5
400,0x4CFA,0x0DFA,0x060A5,0x05DA0,0x3B,0x0FA,10,60,CF,1F
402,0x4CFC,0x0DFC,0x060A3,0x05DA0,0x3B,0x0FC,10,60,D1,21
404,0x4CFE,0x0DFE,0x060A1,0x05DA0,0x3B,0x0FE,0F,60,D2,23
405,0x4CFF,0x0DFF,0x060A0,0x05DA0,0x3B,0x0FF,10,12,D5,D7
406,0x4D00,0x0E00,0x0609F,0x05DA0,0x3B,0x100,12,30,D8,F6
407,0x4D01,0x0E01,0x0609E,0x05DA0,0x3B,0x101,10,12,D7,D9
408,0x4D02,0x0E02,0x0609D,0x05DA0,0x3B,0x102,12,0F,DA,D7
411,0x4D05,0x0E05,0x0609A,0x05DA0,0x3B,0x105,D0,10,9B,DB
412,0x4D06,0x0E06,0x06099,0x05DA0,0x3B,0x106,BE,12,8A,DE
413,0x4D07,0x0E07,0x06098,0x05DA0,0x3B,0x107,E0,10,AD,DD
414,0x4D08,0x0E08,0x06097,0x05DA0,0x3B,0x108,28,12,F6,E0
415,0x4D09,0x0E09,0x06096,0x05DA0,0x3B,0x109,20,10,EF,DF
416,0x4D0A,0x0E0A,0x06095,0x05DA0,0x3B,0x10A,DD,12,AD,E2
417,0x4D0B,0x0E0B,0x06094,0x05DA0,0x3B,0x10B,B0,10,81,E1
418,0x4D0C,0x0E0C,0x06093,0x05DA0,0x3B,0x10C,B6,12,88,E4
419,0x4D0D,0x0E0D,0x06092,0x05DA0,0x3B,0x10D,C0,10,93,E3
420,0x4D0E,0x0E0E,0x06091,0x05DA0,0x3B,0x10E,18,12,EC,E6
421,0x4D0F,0x0E0F,0x06090,0x05DA0,0x3B,0x10F,A0,30,75,05
422,0x4D10,0x0E10,0x0608F,0x05DA0,0x3B,0x110,A2,14,78,EA
423,0x4D11,0x0E11,0x0608E,0x05DA0,0x3B,0x111,30,10,07,E7
424,0x4D12,0x0E12,0x0608D,0x05DA0,0x3B,0x112,E3,12,BB,EA
425,0x4D13,0x0E13,0x0608C,0x05DA0,0x3B,0x113,80,F0,59,C9
426,0x4D14,0x0E14,0x0608B,0x05DA0,0x3B,0x114,28,E3,02,BD
427,0x4D15,0x0E15,0x0608A,0x05DA0,0x3B,0x115,50,10,2B,EB
428,0x4D16,0x0E16,0x06089,0x05DA0,0x3B,0x116,19,DF,F5,BB
429,0x4D17,0x0E17,0x06088,0x05DA0,0x3B,0x117,C0,30,9D,0D
430,0x4D18,0x0E18,0x06087,0x05DA0,0x3B,0x118,38,E0,16,BE
431,0x4D19,0x0E19,0x06086,0x05DA0,0x3B,0x119,B0,10,8F,EF
432,0x4D1A,0x0E1A,0x06085,0x05DA0,0x3B,0x11A,38,12,18,F2
433,0x4D1B,0x0E1B,0x06084,0x05DA0,0x3B,0x11B,E0,30,C1,11
434,0x4D1C,0x0E1C,0x06083,0x05DA0,0x3B,0x11C,F7,14,D9,F6
435,0x4D1D,0x0E1D,0x06082,0x05DA0,0x3B,0x11D,30,10,13,F3
445,0x4D27,0x0E27,0x06078,0x05DA0,0x3B,0x127,0F,10,FC,FD
446,0x4D28,0x0E28,0x06077,0x05DA0,0x3B,0x128,10,12,FE,00
447,0x4D29,0x0E29,0x06076,0x05DA0,0x3B,0x129,12,10,01,FF
448,0x4D2A,0x0E2A,0x06075,0x05DA0,0x3B,0x12A,10,12,00,02
449,0x4D2B,0x0E2B,0x06074,0x05DA0,0x3B,0x12B,12,10,03,01
450,0x4D2C,0x0E2C,0x06073,0x05DA0,0x3B,0x12C,D0,12,C2,04
451,0x4D2D,0x0E2D,0x06072,0x05DA0,0x3B,0x12D,19,10,0C,03
452,0x4D2E,0x0E2E,0x06071,0x05DA0,0x3B,0x12E,E0,12,D4,06
453,0x4D2F,0x0E2F,0x06070,0x05DA0,0x3B,0x12F,28,10,1D,05
454,0x4D30,0x0E30,0x0606F,0x05DA0,0x3B,0x130,80,12,76,08
455,0x4D31,0x0E31,0x0606E,0x05DA0,0x3B,0x131,EE,10,E5,07
456,0x4D32,0x0E32,0x0606D,0x05DA0,0x3B,0x132,50,12,48,0A
457,0x4D33,0x0E33,0x0606C,0x05DA0,0x3B,0x133,C6,10,BF,09
458,0x4D34,0x0E34,0x0606B,0x05DA0,0x3B,0x134,20,12,1A,0C
459,0x4D35,0x0E35,0x0606A,0x05DA0,0x3B,0x135,39,10,34,0B
460,0x4D36,0x0E36,0x06069,0x05DA0,0x3B,0x136,B0,12,AC,0E
461,0x4D37,0x0E37,0x06068,0x05DA0,0x3B,0x137,70,10,6D,0D
462,0x4D38,0x0E38,0x06067,0x05DA0,0x3B,0x138,B0,12,AE,10
463,0x4D39,0x0E39,0x06066,0x05DA0,0x3B,0x139,38,10,37,0F
464,0x4D3A,0x0E3A,0x06065,0x05DA0,0x3B,0x13A,00,12,00,12
465,0x4D3B,0x0E3B,0x06064,0x05DA0,0x3B,0x13B,28,10,29,11
466,0x4D3C,0x0E3C,0x06063,0x05DA0,0x3B,0x13C,D0,12,D2,14
467,0x4D3D,0x0E3D,0x06062,0x05DA0,0x3B,0x13D,38,10,3B,13
468,0x4D3E,0x0E3E,0x06061,0x05DA0,0x3B,0x13E,60,12,64,16
469,0x4D3F,0x0E3F,0x06060,0x05DA0,0x3B,0x13F,18,10,1D,15
470,0x4D40,0x0E40,0x0605F,0x05DA0,0x3B,0x140,50,12,56,18
471,0x4D41,0x0E41,0x0605E,0x05DA0,0x3B,0x141,12,10,19,17
472,0x4D42,0x0E42,0x0605D,0x05DA0,0x3B,0x142,50,12,58,1A
473,0x4D43,0x0E43,0x0605C,0x05DA0,0x3B,0x143,12,10,1B,19
474,0x4D44,0x0E44,0x0605B,0x05DA0,0x3B,0x144,50,12,5A,1C
475,0x4D45,0x0E45,0x0605A,0x05DA0,0x3B,0x145,12,10,1D,1B
476,0x4D46,0x0E46,0x06059,0x05DA0,0x3B,0x146,50,12,5C,1E
477,0x4D47,0x0E47,0x06058,0x05DA0,0x3B,0x147,12,10,1F,1D
478,0x4D48,0x0E48,0x06057,0x05DA0,0x3B,0x148,30,12,3E,20
479,0x4D49,0x0E49,0x06056,0x05DA0,0x3B,0x149,12,10,21,1F
480,0x4D4A,0x0E4A,0x06055,0x05DA0,0x3B,0x14A,10,12,20,22
481,0x4D4B,0x0E4B,0x06054,0x05DA0,0x3B,0x14B,12,10,23,21
482,0x4D4C,0x0E4C,0x06053,0x05DA0,0x3B,0x14C,10,12,22,24
483,0x4D4D,0x0E4D,0x06052,0x05DA0,0x3B,0x14D,12,10,25,23
484,0x4D4E,0x0E4E,0x06051,0x05DA0,0x3B,0x14E,10,12,24,26
485,0x4D4F,0x0E4F,0x06050,0x05DA0,0x3B,0x14F,12,10,27,25
486,0x4D50,0x0E50,0x0604F,0x05DA0,0x3B,0x150,0F,12,25,28
491,0x4D55,0x0E55,0x0604A,0x05DA0,0x3B,0x155,10,B0,2B,CB
492,0x4D56,0x0E56,0x06049,0x05DA0,0x3B,0x156,12,21,2E,3D
493,0x4D57,0x0E57,0x06048,0x05DA0,0x3B,0x157,10,20,2D,3D
494,0x4D58,0x0E58,0x06047,0x05DA0,0x3B,0x158,12,E7,30,05
495,0x4D59,0x0E59,0x06046,0x05DA0,0x3B,0x159,30,10,4F,2F
496,0x4D5A,0x0E5A,0x06045,0x05DA0,0x3B,0x15A,14,12,34,32
499,0x4D5D,0x0E5D,0x06042,0x05DA0,0x3B,0x15D,90,10,B3,33
500,0x4D5E,0x0E5E,0x06041,0x05DA0,0x3B,0x15E,40,12,64,36
501,0x4D5F,0x0E5F,0x06040,0x05DA0,0x3B,0x15F,E0,10,05,35
502,0x4D60,0x0E60,0x0603F,0x05DA0,0x3B,0x160,F4,12,1A,38
503,0x4D61,0x0E61,0x0603E,0x05DA0,0x3B,0x161,90,10,B7,37
504,0x4D62,0x0E62,0x0603D,0x05DA0,0x3B,0x162,1B,12,43,3A
505,0x4D63,0x0E63,0x0603C,0x05DA0,0x3B,0x163,F0,70,19,99
506,0x4D64,0x0E64,0x0603B,0x05DA0,0x3B,0x164,1B,27,45,51
507,0x4D65,0x0E65,0x0603A,0x05DA0,0x3B,0x165,30,F0,5B,1B
508,0x4D66,0x0E66,0x06039,0x05DA0,0x3B,0x166,2A,26,56,52
509,0x4D67,0x0E67,0x06038,0x05DA0,0x3B,0x167,50,C0,7D,ED
510,0x4D68,0x0E68,0x06037,0x05DA0,0x3B,0x168,2B,26,59,54
511,0x4D69,0x0E69,0x06036,0x05DA0,0x3B,0x169,10,60,3F,8F
512,0x4D6A,0x0E6A,0x06035,0x05DA0,0x3B,0x16A,12,26,42,56
513,0x4D6B,0x0E6B,0x06034,0x05DA0,0x3B,0x16B,30,10,61,41
514,0x4D6C,0x0E6C,0x06033,0x05DA0,0x3B,0x16C,14,12,46,44
515,0x4D6D,0x0E6D,0x06032,0x05DA0,0x3B,0x16D,10,40,43,73
516,0x4D6E,0x0E6E,0x06031,0x05DA0,0x3B,0x16E,12,27,46,5B
517,0x4D6F,0x0E6F,0x06030,0x05DA0,0x3B,0x16F,10,50,45,85
518,0x4D70,0x0E70,0x0602F,0x05DA0,0x3B,0x170,12,26,48,5C
520,0x4D72,0x0E72,0x0602D,0x05DA0,0x3B,0x172,12,26,4A,5E
521,0x4D73,0x0E73,0x0602C,0x05DA0,0x3B,0x173,10,D0,49,09
522,0x4D74,0x0E74,0x0602B,0x05DA0,0x3B,0x174,12,26,4C,60
569,0x4DA3,0x0EA3,0x05FFC,0x05DA0,0x3B,0x1A3,B0,10,19,79
570,0x4DA4,0x0EA4,0x05FFB,0x05DA0,0x3B,0x1A4,E8,12,52,7C
571,0x4DA5,0x0EA5,0x05FFA,0x05DA0,0x3B,0x1A5,80,F0,EB,5B
572,0x4DA6,0x0EA6,0x05FF9,0x05DA0,0x3B,0x1A6,E4,D9,50,45
574,0x4DA8,0x0EA8,0x05FF7,0x05DA0,0x3B,0x1A8,12,DF,80,4D
583,0x4DB1,0x0EB1,0x05FEE,0x05DA0,0x3B,0x1B1,70,10,E7,87
584,0x4DB2,0x0EB2,0x05FED,0x05DA0,0x3B,0x1B2,27,12,9F,8A
585,0x4DB3,0x0EB3,0x05FEC,0x05DA0,0x3B,0x1B3,F0,50,69,C9
586,0x4DB4,0x0EB4,0x05FEB,0x05DA0,0x3B,0x1B4,26,E3,A0,5D
587,0x4DB5,0x0EB5,0x05FEA,0x05DA0,0x3B,0x1B5,C0,00,3B,7B
588,0x4DB6,0x0EB6,0x05FE9,0x05DA0,0x3B,0x1B6,26,6C,A2,E8
589,0x4DB7,0x0EB7,0x05FE8,0x05DA0,0x3B,0x1B7,60,C0,DD,3D
590,0x4DB8,0x0EB8,0x05FE7,0x05DA0,0x3B,0x1B8,26,3F,A4,BD
593,0x4DBB,0x0EBB,0x05FE4,0x05DA0,0x3B,0x1BB,40,10,C1,91
594,0x4DBC,0x0EBC,0x05FE3,0x05DA0,0x3B,0x1BC,27,12,A9,94
595,0x4DBD,0x0EBD,0x05FE2,0x05DA0,0x3B,0x1BD,50,60,D3,E3
596,0x4DBE,0x0EBE,0x05FE1,0x05DA0,0x3B,0x1BE,26,E5,AA,69
597,0x4DBF,0x0EBF,0x05FE0,0x05DA0,0x3B,0x1BF,10,D0,95,55
598,0x4DC0,0x0EC0,0x05FDF,0x05DA0,0x3B,0x1C0,26,31,AC,B7
599,0x4DC1,0x0EC1,0x05FDE,0x05DA0,0x3B,0x1C1,D0,A0,57,27
600,0x4DC2,0x0EC2,0x05FDD,0x05DA0,0x3B,0x1C2,26,E6,AE,6E
649,0x4DF3,0x0EF3,0x05FAC,0x05DA0,0x3B,0x1F3,60,10,19,C9
650,0x4DF4,0x0EF4,0x05FAB,0x05DA0,0x3B,0x1F4,71,12,2B,CC
651,0x4DF5,0x0EF5,0x05FAA,0x05DA0,0x3B,0x1F5,E0,C0,9B,7B
652,0x4DF6,0x0EF6,0x05FA9,0x05DA0,0x3B,0x1F6,F4,3F,B0,FB
653,0x4DF7,0x0EF7,0x05FA8,0x05DA0,0x3B,0x1F7,10,B0,CD,6D
654,0x4DF8,0x0EF8,0x05FA7,0x05DA0,0x3B,0x1F8,12,24,D0,E2
655,0x4DF9,0x0EF9,0x05FA6,0x05DA0,0x3B,0x1F9,10,70,CF,2F
656,0x4DFA,0x0EFA,0x05FA5,0x05DA0,0x3B,0x1FA,12,34,D2,F4
657,0x4DFB,0x0EFB,0x05FA4,0x05DA0,0x3B,0x1FB,10,B0,D1,71
658,0x4DFC,0x0EFC,0x05FA3,0x05DA0,0x3B,0x1FC,12,9F,D4,61
665,0x4E03,0x0F03,0x05F9C,0x05DA0,0x3B,0x203,10,50,DA,1A
666,0x4E04,0x0F04,0x05F9B,0x05DA0,0x3B,0x204,12,E3,DD,AE
667,0x4E05,0x0F05,0x05F9A,0x05DA0,0x3B,0x205,10,00,DC,CC
668,0x4E06,0x0F06,0x05F99,0x05DA0,0x3B,0x206,12,6C,DF,39
669,0x4E07,0x0F07,0x05F98,0x05DA0,0x3B,0x207,10,C0,DE,8E
670,0x4E08,0x0F08,0x05F97,0x05DA0,0x3B,0x208,12,3F,E1,0E
671,0x4E09,0x0F09,0x05F96,0x05DA0,0x3B,0x209,30,10,00,E0
672,0x4E0A,0x0F0A,0x05F95,0x05DA0,0x3B,0x20A,9D,12,6E,E3
675,0x4E0D,0x0F0D,0x05F92,0x05DA0,0x3B,0x20D,10,60,E4,34
676,0x4E0E,0x0F0E,0x05F91,0x05DA0,0x3B,0x20E,12,E5,E7,BA
677,0x4E0F,0x0F0F,0x05F90,0x05DA0,0x3B,0x20F,00,D0,D6,A6
678,0x4E10,0x0F10,0x05F8F,0x05DA0,0x3B,0x210,B2,31,89,08
679,0x4E11,0x0F11,0x05F8E,0x05DA0,0x3B,0x211,90,A0,68,78
680,0x4E12,0x0F12,0x05F8D,0x05DA0,0x3B,0x212,F9,E6,D2,BF
705,0x4E2B,0x0F2B,0x05F74,0x05DA0,0x3B,0x22B,10,50,02,42
706,0x4E2C,0x0F2C,0x05F73,0x05DA0,0x3B,0x22C,12,39,05,2C
707,0x4E2D,0x0F2D,0x05F72,0x05DA0,0x3B,0x22D,10,70,04,64
708,0x4E2E,0x0F2E,0x05F71,0x05DA0,0x3B,0x22E,12,E6,07,DB
709,0x4E2F,0x0F2F,0x05F70,0x05DA0,0x3B,0x22F,10,50,06,46
710,0x4E30,0x0F30,0x05F6F,0x05DA0,0x3B,0x230,12,E3,09,DA
711,0x4E31,0x0F31,0x05F6E,0x05DA0,0x3B,0x231,10,C0,08,B8
712,0x4E32,0x0F32,0x05F6D,0x05DA0,0x3B,0x232,12,3F,0B,38
715,0x4E35,0x0F35,0x05F6A,0x05DA0,0x3B,0x235,10,20,0C,1C
716,0x4E36,0x0F36,0x05F69,0x05DA0,0x3B,0x236,12,DE,0F,DB
717,0x4E37,0x0F37,0x05F68,0x05DA0,0x3B,0x237,10,A0,0E,9E
718,0x4E38,0x0F38,0x05F67,0x05DA0,0x3B,0x238,12,E6,11,E5
719,0x4E39,0x0F39,0x05F66,0x05DA0,0x3B,0x239,10,B0,10,B0
720,0x4E3A,0x0F3A,0x05F65,0x05DA0,0x3B,0x23A,12,9F,13,A0
729,0x4E43,0x0F43,0x05F5C,0x05DA0,0x3B,0x243,70,10,7A,1A
730,0x4E44,0x0F44,0x05F5B,0x05DA0,0x3B,0x244,1B,12,26,1D
731,0x4E45,0x0F45,0x05F5A,0x05DA0,0x3B,0x245,A0,10,AC,1C
732,0x4E46,0x0F46,0x05F59,0x05DA0,0x3B,0x246,2A,12,37,1F
733,0x4E47,0x0F47,0x05F58,0x05DA0,0x3B,0x247,A0,10,AE,1E
734,0x4E48,0x0F48,0x05F57,0x05DA0,0x3B,0x248,3A,12,49,21
735,0x4E49,0x0F49,0x05F56,0x05DA0,0x3B,0x249,A0,10,B0,20
736,0x4E4A,0x0F4A,0x05F55,0x05DA0,0x3B,0x24A,1A,12,2B,23
751,0x4E59,0x0F59,0x05F46,0x05DA0,0x3B,0x259,30,10,50,30
752,0x4E5A,0x0F5A,0x05F45,0x05DA0,0x3B,0x25A,9D,12,BE,33
757,0x4E5F,0x0F5F,0x05F40,0x05DA0,0x3B,0x25F,00,10,26,36
758,0x4E60,0x0F60,0x05F3F,0x05DA0,0x3B,0x260,B2,12,D9,39
759,0x4E61,0x0F61,0x05F3E,0x05DA0,0x3B,0x261,90,10,B8,38
760,0x4E62,0x0F62,0x05F3D,0x05DA0,0x3B,0x262,F9,12,22,3B
771,0x4E6D,0x0F6D,0x05F32,0x05DA0,0x3B,0x26D,10,C0,44,F4
772,0x4E6E,0x0F6E,0x05F31,0x05DA0,0x3B,0x26E,12,3F,47,74
773,0x4E6F,0x0F6F,0x05F30,0x05DA0,0x3B,0x26F,10,B0,46,E6
774,0x4E70,0x0F70,0x05F2F,0x05DA0,0x3B,0x270,12,24,49,5B
775,0x4E71,0x0F71,0x05F2E,0x05DA0,0x3B,0x271,10,70,48,A8
776,0x4E72,0x0F72,0x05F2D,0x05DA0,0x3B,0x272,12,34,4B,6D
777,0x4E73,0x0F73,0x05F2C,0x05DA0,0x3B,0x273,10,B0,4A,EA
778,0x4E74,0x0F74,0x05F2B,0x05DA0,0x3B,0x274,12,9F,4D,DA
780,0x4E76,0x0F76,0x05F29,0x05DA0,0x3B,0x276,12,E7,4F,24
781,0x4E77,0x0F77,0x05F28,0x05DA0,0x3B,0x277,10,E0,4E,1E
782,0x4E78,0x0F78,0x05F27,0x05DA0,0x3B,0x278,12,E5,51,24
785,0x4E7B,0x0F7B,0x05F24,0x05DA0,0x3B,0x27B,10,00,52,42
786,0x4E7C,0x0F7C,0x05F23,0x05DA0,0x3B,0x27C,12,56,55,99
787,0x4E7D,0x0F7D,0x05F22,0x05DA0,0x3B,0x27D,10,A0,54,E4
788,0x4E7E,0x0F7E,0x05F21,0x05DA0,0x3B,0x27E,12,E6,57,2B
789,0x4E7F,0x0F7F,0x05F20,0x05DA0,0x3B,0x27F,10,C0,56,06
790,0x4E80,0x0F80,0x05F1F,0x05DA0,0x3B,0x280,12,3F,59,86
791,0x4E81,0x0F81,0x05F1E,0x05DA0,0x3B,0x281,00,C0,48,08
792,0x4E82,0x0F82,0x05F1D,0x05DA0,0x3B,0x282,77,E5,C0,2E
793,0x4E83,0x0F83,0x05F1C,0x05DA0,0x3B,0x283,60,10,AA,5A
794,0x4E84,0x0F84,0x05F1B,0x05DA0,0x3B,0x284,6D,12,B8,5D
795,0x4E85,0x0F85,0x05F1A,0x05DA0,0x3B,0x285,10,B0,5C,FC
796,0x4E86,0x0F86,0x05F19,0x05DA0,0x3B,0x286,12,34,5F,81
797,0x4E87,0x0F87,0x05F18,0x05DA0,0x3B,0x287,C0,E0,0E,2E
798,0x4E88,0x0F88,0x05F17,0x05DA0,0x3B,0x288,72,3C,C1,8B
799,0x4E89,0x0F89,0x05F16,0x05DA0,0x3B,0x289,A0,60,F0,B0
800,0x4E8A,0x0F8A,0x05F15,0x05DA0,0x3B,0x28A,5B,E5,AC,36
801,0x4E8B,0x0F8B,0x05F14,0x05DA0,0x3B,0x28B,10,D0,62,22
802,0x4E8C,0x0F8C,0x05F13,0x05DA0,0x3B,0x28C,12,31,65,84
809,0x4E93,0x0F93,0x05F0C,0x05DA0,0x3B,0x293,10,0F,6A,69
810,0x4E94,0x0F94,0x05F0B,0x05DA0,0x3B,0x294,12,10,6D,6B
811,0x4E95,0x0F95,0x05F0A,0x05DA0,0x3B,0x295,10,12,6C,6E
812,0x4E96,0x0F96,0x05F09,0x05DA0,0x3B,0x296,12,10,6F,6D
813,0x4E97,0x0F97,0x05F08,0x05DA0,0x3B,0x297,10,12,6E,70
814,0x4E98,0x0F98,0x05F07,0x05DA0,0x3B,0x298,12,10,71,6F
815,0x4E99,0x0F99,0x05F06,0x05DA0,0x3B,0x299,10,12,70,72
816,0x4E9A,0x0F9A,0x05F05,0x05DA0,0x3B,0x29A,12,10,73,71
817,0x4E9B,0x0F9B,0x05F04,0x05DA0,0x3B,0x29B,10,12,72,74
818,0x4E9C,0x0F9C,0x05F03,0x05DA0,0x3B,0x29C,12,10,75,73
819,0x4E9D,0x0F9D,0x05F02,0x05DA0,0x3B,0x29D,10,12,74,76
820,0x4E9E,0x0F9E,0x05F01,0x05DA0,0x3B,0x29E,12,30,77,95
821,0x4E9F,0x0F9F,0x05F00,0x05DA0,0x3B,0x29F,10,14,76,7A
822,0x4EA0,0x0FA0,0x05EFF,0x05DA0,0x3B,0x2A0,12,10,79,77
823,0x4EA1,0x0FA1,0x05EFE,0x05DA0,0x3B,0x2A1,10,12,78,7A
824,0x4EA2,0x0FA2,0x05EFD,0x05DA0,0x3B,0x2A2,12,10,7B,79
825,0x4EA3,0x0FA3,0x05EFC,0x05DA0,0x3B,0x2A3,10,E3,7A,4D
826,0x4EA4,0x0FA4,0x05EFB,0x05DA0,0x3B,0x2A4,12,D0,7D,3B
827,0x4EA5,0x0FA5,0x05EFA,0x05DA0,0x3B,0x2A5,10,31,7C,9D
828,0x4EA6,0x0FA6,0x05EF9,0x05DA0,0x3B,0x2A6,12,50,7F,BD
829,0x4EA7,0x0FA7,0x05EF8,0x05DA0,0x3B,0x2A7,10,21,7E,8F
830,0x4EA8,0x0FA8,0x05EF7,0x05DA0,0x3B,0x2A8,12,30,81,9F
831,0x4EA9,0x0FA9,0x05EF6,0x05DA0,0x3B,0x2A9,10,31,80,A1
832,0x4EAA,0x0FAA,0x05EF5,0x05DA0,0x3B,0x2AA,12,10,83,81
833,0x4EAB,0x0FAB,0x05EF4,0x05DA0,0x3B,0x2AB,10,E6,82,58
834,0x4EAC,0x0FAC,0x05EF3,0x05DA0,0x3B,0x2AC,12,10,85,83
835,0x4EAD,0x0FAD,0x05EF2,0x05DA0,0x3B,0x2AD,10,12,84,86
836,0x4EAE,0x0FAE,0x05EF1,0x05DA0,0x3B,0x2AE,12,30,87,A5
837,0x4EAF,0x0FAF,0x05EF0,0x05DA0,0x3B,0x2AF,10,14,86,8A
838,0x4EB0,0x0FB0,0x05EEF,0x05DA0,0x3B,0x2B0,12,10,89,87
839,0x4EB1,0x0FB1,0x05EEE,0x05DA0,0x3B,0x2B1,10,12,88,8A
840,0x4EB2,0x0FB2,0x05EED,0x05DA0,0x3B,0x2B2,12,10,8B,89
841,0x4EB3,0x0FB3,0x05EEC,0x05DA0,0x3B,0x2B3,10,12,8A,8C
842,0x4EB4,0x0FB4,0x05EEB,0x05DA0,0x3B,0x2B4,12,10,8D,8B
843,0x4EB5,0x0FB5,0x05EEA,0x05DA0,0x3B,0x2B5,10,12,8C,8E
844,0x4EB6,0x0FB6,0x05EE9,0x05DA0,0x3B,0x2B6,12,10,8F,8D
845,0x4EB7,0x0FB7,0x05EE8,0x05DA0,0x3B,0x2B7,10,12,8E,90
846,0x4EB8,0x0FB8,0x05EE7,0x05DA0,0x3B,0x2B8,12,10,91,8F
847,0x4EB9,0x0FB9,0x05EE6,0x05DA0,0x3B,0x2B9,10,12,90,92
848,0x4EBA,0x0FBA,0x05EE5,0x05DA0,0x3B,0x2BA,12,10,93,91
849,0x4EBB,0x0FBB,0x05EE4,0x05DA0,0x3B,0x2BB,70,12,F2,94
850,0x4EBC,0x0FBC,0x05EE3,0x05DA0,0x3B,0x2BC,1B,10,9E,93
851,0x4EBD,0x0FBD,0x05EE2,0x05DA0,0x3B,0x2BD,A0,12,24,96
852,0x4EBE,0x0FBE,0x05EE1,0x05DA0,0x3B,0x2BE,2A,10,AF,95
853,0x4EBF,0x0FBF,0x05EE0,0x05DA0,0x3B,0x2BF,A0,12,26,98
854,0x4EC0,0x0FC0,0x05EDF,0x05DA0,0x3B,0x2C0,3A,10,C1,97
855,0x4EC1,0x0FC1,0x05EDE,0x05DA0,0x3B,0x2C1,A0,12,28,9A
856,0x4EC2,0x0FC2,0x05EDD,0x05DA0,0x3B,0x2C2,1A,10,A3,99
857,0x4EC3,0x0FC3,0x05EDC,0x05DA0,0x3B,0x2C3,80,12,0A,9C
858,0x4EC4,0x0FC4,0x05EDB,0x05DA0,0x3B,0x2C4,6C,10,F7,9B
859,0x4EC5,0x0FC5,0x05EDA,0x05DA0,0x3B,0x2C5,F0,12,7C,9E
860,0x4EC6,0x0FC6,0x05ED9,0x05DA0,0x3B,0x2C6,9C,10,29,9D
861,0x4EC7,0x0FC7,0x05ED8,0x05DA0,0x3B,0x2C7,10,12,9E,A0
862,0x4EC8,0x0FC8,0x05ED7,0x05DA0,0x3B,0x2C8,12,10,A1,9F
863,0x4EC9,0x0FC9,0x05ED6,0x05DA0,0x3B,0x2C9,10,12,A0,A2
864,0x4ECA,0x0FCA,0x05ED5,0x05DA0,0x3B,0x2CA,12,10,A3,A1
865,0x4ECB,0x0FCB,0x05ED4,0x05DA0,0x3B,0x2CB,10,12,A2,A4
866,0x4ECC,0x0FCC,0x05ED3,0x05DA0,0x3B,0x2CC,12,10,A5,A3
867,0x4ECD,0x0FCD,0x05ED2,0x05DA0,0x3B,0x2CD,10,12,A4,A6
868,0x4ECE,0x0FCE,0x05ED1,0x05DA0,0x3B,0x2CE,12,10,A7,A5
869,0x4ECF,0x0FCF,0x05ED0,0x05DA0,0x3B,0x2CF,10,12,A6,A8
870,0x4ED0,0x0FD0,0x05ECF,0x05DA0,0x3B,0x2D0,12,10,A9,A7
871,0x4ED1,0x0FD1,0x05ECE,0x05DA0,0x3B,0x2D1,90,12,28,AA
872,0x4ED2,0x0FD2,0x05ECD,0x05DA0,0x3B,0x2D2,7A,10,13,A9
873,0x4ED3,0x0FD3,0x05ECC,0x05DA0,0x3B,0x2D3,40,12,DA,AC
874,0x4ED4,0x0FD4,0x05ECB,0x05DA0,0x3B,0x2D4,B8,10,53,AB
875,0x4ED5,0x0FD5,0x05ECA,0x05DA0,0x3B,0x2D5,10,12,AC,AE
876,0x4ED6,0x0FD6,0x05EC9,0x05DA0,0x3B,0x2D6,12,10,AF,AD
877,0x4ED7,0x0FD7,0x05EC8,0x05DA0,0x3B,0x2D7,D0,12,6E,B0
878,0x4ED8,0x0FD8,0x05EC7,0x05DA0,0x3B,0x2D8,E4,10,83,AF
879,0x4ED9,0x0FD9,0x05EC6,0x05DA0,0x3B,0x2D9,00,12,A0,B2
880,0x4EDA,0x0FDA,0x05EC5,0x05DA0,0x3B,0x2DA,73,10,14,B1
881,0x4EDB,0x0FDB,0x05EC4,0x05DA0,0x3B,0x2DB,10,12,B2,B4
882,0x4EDC,0x0FDC,0x05EC3,0x05DA0,0x3B,0x2DC,12,10,B5,B3
883,0x4EDD,0x0FDD,0x05EC2,0x05DA0,0x3B,0x2DD,10,12,B4,B6
884,0x4EDE,0x0FDE,0x05EC1,0x05DA0,0x3B,0x2DE,12,10,B7,B5
885,0x4EDF,0x0FDF,0x05EC0,0x05DA0,0x3B,0x2DF,10,12,B6,B8
886,0x4EE0,0x0FE0,0x05EBF,0x05DA0,0x3B,0x2E0,12,10,B9,B7
887,0x4EE1,0x0FE1,0x05EBE,0x05DA0,0x3B,0x2E1,0F,12,B7,BA
892,0x4EE6,0x0FE6,0x05EB9,0x05DA0,0x3B,0x2E6,10,20,BD,CD
893,0x4EE7,0x0FE7,0x05EB8,0x05DA0,0x3B,0x2E7,12,E6,C0,94
894,0x4EE8,0x0FE8,0x05EB7,0x05DA0,0x3B,0x2E8,10,A0,BF,4F
895,0x4EE9,0x0FE9,0x05EB6,0x05DA0,0x3B,0x2E9,12,DE,C2,8E
896,0x4EEA,0x0FEA,0x05EB5,0x05DA0,0x3B,0x2EA,30,10,E1,C1
897,0x4EEB,0x0FEB,0x05EB4,0x05DA0,0x3B,0x2EB,14,12,C6,C4
900,0x4EEE,0x0FEE,0x05EB1,0x05DA0,0x3B,0x2EE,70,10,25,C5
901,0x4EEF,0x0FEF,0x05EB0,0x05DA0,0x3B,0x2EF,2B,12,E1,C8
902,0x4EF0,0x0FF0,0x05EAF,0x05DA0,0x3B,0x2F0,D0,10,87,C7
903,0x4EF1,0x0FF1,0x05EAE,0x05DA0,0x3B,0x2F1,3A,12,F2,CA
904,0x4EF2,0x0FF2,0x05EAD,0x05DA0,0x3B,0x2F2,00,10,B9,C9
905,0x4EF3,0x0FF3,0x05EAC,0x05DA0,0x3B,0x2F3,1B,12,D5,CC
906,0x4EF4,0x0FF4,0x05EAB,0x05DA0,0x3B,0x2F4,90,00,4B,BB
907,0x4EF5,0x0FF5,0x05EAA,0x05DA0,0x3B,0x2F5,3A,56,F6,12
908,0x4EF6,0x0FF6,0x05EA9,0x05DA0,0x3B,0x2F6,E0,A0,9D,5D
909,0x4EF7,0x0FF7,0x05EA8,0x05DA0,0x3B,0x2F7,2B,E6,E9,A4
911,0x4EF9,0x0FF9,0x05EA6,0x05DA0,0x3B,0x2F9,13,3F,D3,FF
912,0x4EFA,0x0FFA,0x05EA5,0x05DA0,0x3B,0x2FA,10,C0,D1,81
913,0x4EFB,0x0FFB,0x05EA4,0x05DA0,0x3B,0x2FB,12,E5,D4,A7
914,0x4EFC,0x0FFC,0x05EA3,0x05DA0,0x3B,0x2FC,30,10,F3,D3
915,0x4EFD,0x0FFD,0x05EA2,0x05DA0,0x3B,0x2FD,14,12,D8,D6
916,0x4EFE,0x0FFE,0x05EA1,0x05DA0,0x3B,0x2FE,10,B0,D5,75
917,0x4EFF,0x0FFF,0x05EA0,0x05DA0,0x3B,0x2FF,12,34,D9,FB
918,0x4F00,0x1000,0x05E9F,0x05DA0,0x3B,0x300,10,E0,D8,A8
919,0x4F01,0x1001,0x05E9E,0x05DA0,0x3B,0x301,12,3C,DB,05
920,0x4F02,0x1002,0x05E9D,0x05DA0,0x3B,0x302,10,60,DA,2A
921,0x4F03,0x1003,0x05E9C,0x05DA0,0x3B,0x303,12,E5,DD,B0
922,0x4F04,0x1004,0x05E9B,0x05DA0,0x3B,0x304,10,D0,DC,9C
923,0x4F05,0x1005,0x05E9A,0x05DA0,0x3B,0x305,12,31,DF,FE
932,0x4F0E,0x100E,0x05E91,0x05DA0,0x3B,0x30E,10,50,E6,26
933,0x4F0F,0x100F,0x05E90,0x05DA0,0x3B,0x30F,12,3D,E9,14
934,0x4F10,0x1010,0x05E8F,0x05DA0,0x3B,0x310,10,30,E8,08
935,0x4F11,0x1011,0x05E8E,0x05DA0,0x3B,0x311,12,E6,EB,BF
946,0x4F1C,0x101C,0x05E83,0x05DA0,0x3B,0x31C,10,50,F4,34
947,0x4F1D,0x101D,0x05E82,0x05DA0,0x3B,0x31D,12,E3,F7,C8
948,0x4F1E,0x101E,0x05E81,0x05DA0,0x3B,0x31E,10,B0,F6,96
949,0x4F1F,0x101F,0x05E80,0x05DA0,0x3B,0x31F,12,24,F9,0B
950,0x4F20,0x1020,0x05E7F,0x05DA0,0x3B,0x320,10,E0,F8,C8
951,0x4F21,0x1021,0x05E7E,0x05DA0,0x3B,0x321,12,9F,FB,88
956,0x4F26,0x1026,0x05E79,0x05DA0,0x3B,0x326,10,80,FE,6E
957,0x4F27,0x1027,0x05E78,0x05DA0,0x3B,0x327,12,E6,01,D5
958,0x4F28,0x1028,0x05E77,0x05DA0,0x3B,0x328,10,70,00,60
959,0x4F29,0x1029,0x05E76,0x05DA0,0x3B,0x329,12,E6,03,D7
971,0x4F35,0x1035,0x05E6A,0x05DA0,0x3B,0x335,3A,12,37,0F
972,0x4F36,0x1036,0x05E69,0x05DA0,0x3B,0x336,40,10,3E,0E
973,0x4F37,0x1037,0x05E68,0x05DA0,0x3B,0x337,1A,E7,19,E6
974,0x4F38,0x1038,0x05E67,0x05DA0,0x3B,0x338,30,E0,30,E0
975,0x4F39,0x1039,0x05E66,0x05DA0,0x3B,0x339,3B,E5,3C,E6
986,0x4F44,0x1044,0x05E5B,0x05DA0,0x3B,0x344,10,00,1C,0C
987,0x4F45,0x1045,0x05E5A,0x05DA0,0x3B,0x345,12,6C,1F,79
988,0x4F46,0x1046,0x05E59,0x05DA0,0x3B,0x346,10,B0,1E,BE
989,0x4F47,0x1047,0x05E58,0x05DA0,0x3B,0x347,12,34,21,43
990,0x4F48,0x1048,0x05E57,0x05DA0,0x3B,0x348,10,A0,20,B0
991,0x4F49,0x1049,0x05E56,0x05DA0,0x3B,0x349,12,35,23,46
992,0x4F4A,0x104A,0x05E55,0x05DA0,0x3B,0x34A,90,D0,A2,E2
993,0x4F4B,0x104B,0x05E54,0x05DA0,0x3B,0x34B,7A,E6,8D,F9
994,0x4F4C,0x104C,0x05E53,0x05DA0,0x3B,0x34C,40,10,54,24
995,0x4F4D,0x104D,0x05E52,0x05DA0,0x3B,0x34D,B8,12,CD,27
996,0x4F4E,0x104E,0x05E51,0x05DA0,0x3B,0x34E,10,A0,26,B6
997,0x4F4F,0x104F,0x05E50,0x05DA0,0x3B,0x34F,12,E6,29,FD
998,0x4F50,0x1050,0x05E4F,0x05DA0,0x3B,0x350,D0,20,E8,38
999,0x4F51,0x1051,0x05E4E,0x05DA0,0x3B,0x351,E4,E2,FD,FB
1001,0x4F53,0x1053,0x05E4C,0x05DA0,0x3B,0x353,73,6C,8E,87
1002,0x4F54,0x1054,0x05E4B,0x05DA0,0x3B,0x354,10,B0,2C,CC
1003,0x4F55,0x1055,0x05E4A,0x05DA0,0x3B,0x355,12,34,2F,51
1010,0x4F5C,0x105C,0x05E43,0x05DA0,0x3B,0x35C,50,10,74,34
1011,0x4F5D,0x105D,0x05E42,0x05DA0,0x3B,0x35D,1B,12,40,37
1012,0x4F5E,0x105E,0x05E41,0x05DA0,0x3B,0x35E,60,10,86,36
1013,0x4F5F,0x105F,0x05E40,0x05DA0,0x3B,0x35F,2B,12,52,39
1026,0x4F6C,0x106C,0x05E33,0x05DA0,0x3B,0x36C,10,00,44,34
1027,0x4F6D,0x106D,0x05E32,0x05DA0,0x3B,0x36D,12,56,47,8B
1028,0x4F6E,0x106E,0x05E31,0x05DA0,0x3B,0x36E,10,B0,46,E6
1029,0x4F6F,0x106F,0x05E30,0x05DA0,0x3B,0x36F,12,24,49,5B
1030,0x4F70,0x1070,0x05E2F,0x05DA0,0x3B,0x370,10,00,48,38
1031,0x4F71,0x1071,0x05E2E,0x05DA0,0x3B,0x371,12,DF,4B,18
1032,0x4F72,0x1072,0x05E2D,0x05DA0,0x3B,0x372,90,E0,CA,1A
1033,0x4F73,0x1073,0x05E2C,0x05DA0,0x3B,0x373,51,9F,8C,DA
1036,0x4F76,0x1076,0x05E29,0x05DA0,0x3B,0x376,10,D0,4E,0E
1037,0x4F77,0x1077,0x05E28,0x05DA0,0x3B,0x377,12,E6,51,25
1038,0x4F78,0x1078,0x05E27,0x05DA0,0x3B,0x378,E0,A0,20,E0
1039,0x4F79,0x1079,0x05E26,0x05DA0,0x3B,0x379,F2,35,33,76
1040,0x4F7A,0x107A,0x05E25,0x05DA0,0x3B,0x37A,10,A0,52,E2
1041,0x4F7B,0x107B,0x05E24,0x05DA0,0x3B,0x37B,12,E6,55,29
1050,0x4F84,0x1084,0x05E1B,0x05DA0,0x3B,0x384,80,10,CC,5C
1051,0x4F85,0x1085,0x05E1A,0x05DA0,0x3B,0x385,6C,12,B9,5F
1052,0x4F86,0x1086,0x05E19,0x05DA0,0x3B,0x386,F0,10,3E,5E
1053,0x4F87,0x1087,0x05E18,0x05DA0,0x3B,0x387,9C,12,EB,61
1066,0x4F94,0x1094,0x05E0B,0x05DA0,0x3B,0x394,10,E0,6C,3C
1067,0x4F95,0x1095,0x05E0A,0x05DA0,0x3B,0x395,12,3C,6F,99
1068,0x4F96,0x1096,0x05E09,0x05DA0,0x3B,0x396,10,D0,6E,2E
1069,0x4F97,0x1097,0x05E08,0x05DA0,0x3B,0x397,12,E6,71,45
1072,0x4F9A,0x109A,0x05E05,0x05DA0,0x3B,0x39A,30,10,92,72
1073,0x4F9B,0x109B,0x05E04,0x05DA0,0x3B,0x39B,77,12,DA,75
1074,0x4F9C,0x109C,0x05E03,0x05DA0,0x3B,0x39C,C0,10,24,74
1075,0x4F9D,0x109D,0x05E02,0x05DA0,0x3B,0x39D,97,12,FC,77
1076,0x4F9E,0x109E,0x05E01,0x05DA0,0x3B,0x39E,10,B0,76,16
1077,0x4F9F,0x109F,0x05E00,0x05DA0,0x3B,0x39F,12,9F,79,06
1078,0x4FA0,0x10A0,0x05DFF,0x05DA0,0x3B,0x3A0,D0,E0,38,48
1079,0x4FA1,0x10A1,0x05DFE,0x05DA0,0x3B,0x3A1,E4,3C,4D,A5
1080,0x4FA2,0x10A2,0x05DFD,0x05DA0,0x3B,0x3A2,F0,00,5A,6A
1081,0x4FA3,0x10A3,0x05DFC,0x05DA0,0x3B,0x3A3,72,36,DD,A1
1106,0x4FBC,0x10BC,0x05DE3,0x05DA0,0x3B,0x3BC,10,90,94,14
1107,0x4FBD,0x10BD,0x05DE2,0x05DA0,0x3B,0x3BD,12,DE,97,63
1108,0x4FBE,0x10BE,0x05DE1,0x05DA0,0x3B,0x3BE,10,50,96,D6
1109,0x4FBF,0x10BF,0x05DE0,0x05DA0,0x3B,0x3BF,12,E6,99,6D
1110,0x4FC0,0x10C0,0x05DDF,0x05DA0,0x3B,0x3C0,10,80,98,08
1111,0x4FC1,0x10C1,0x05DDE,0x05DA0,0x3B,0x3C1,12,E6,9B,6F
1112,0x4FC2,0x10C2,0x05DDD,0x05DA0,0x3B,0x3C2,A0,10,2A,9A
1113,0x4FC3,0x10C3,0x05DDC,0x05DA0,0x3B,0x3C3,EE,12,79,9D
1114,0x4FC4,0x10C4,0x05DDB,0x05DA0,0x3B,0x3C4,40,10,CC,9C
1115,0x4FC5,0x10C5,0x05DDA,0x05DA0,0x3B,0x3C5,C5,12,52,9F
1116,0x4FC6,0x10C6,0x05DD9,0x05DA0,0x3B,0x3C6,10,D0,9E,5E
1117,0x4FC7,0x10C7,0x05DD8,0x05DA0,0x3B,0x3C7,12,3F,A1,CE
1118,0x4FC8,0x10C8,0x05DD7,0x05DA0,0x3B,0x3C8,70,00,00,90
1119,0x4FC9,0x10C9,0x05DD6,0x05DA0,0x3B,0x3C9,5A,6C,EB,FD
1120,0x4FCA,0x10CA,0x05DD5,0x05DA0,0x3B,0x3CA,90,10,22,A2
1121,0x4FCB,0x10CB,0x05DD4,0x05DA0,0x3B,0x3CB,F9,12,8C,A5
1152,0x4FEA,0x10EA,0x05DB5,0x05DA0,0x3B,0x3EA,40,10,F2,C2
1153,0x4FEB,0x10EB,0x05DB4,0x05DA0,0x3B,0x3EB,75,12,28,C5
1154,0x4FEC,0x10EC,0x05DB3,0x05DA0,0x3B,0x3EC,30,10,E4,C4
1155,0x4FED,0x10ED,0x05DB2,0x05DA0,0x3B,0x3ED,4C,12,01,C7
1158,0x4FF0,0x10F0,0x05DAF,0x05DA0,0x3B,0x3F0,40,10,F8,C8
1159,0x4FF1,0x10F1,0x05DAE,0x05DA0,0x3B,0x3F1,7A,12,33,CB
1170,0x4FFC,0x10FC,0x05DA3,0x05DA0,0x3B,0x3FC,10,0F,D4,D3
1171,0x4FFD,0x10FD,0x05DA2,0x05DA0,0x3B,0x3FD,12,10,D7,D5
1172,0x4FFE,0x10FE,0x05DA1,0x05DA0,0x3B,0x3FE,10,12,D6,D8
1173,0x4FFF,0x10FF,0x05DA0,0x05DA0,0x3B,0x3FF,12,10,DA,D8
1174,0x5000,0x1100,0x065AF,0x061B0,0x3A,0x000,10,12,D6,D8
1175,0x5001,0x1101,0x065AE,0x061B0,0x3A,0x001,12,10,D9,D7
1176,0x5002,0x1102,0x065AD,0x061B0,0x3A,0x002,10,12,D8,DA
1177,0x5003,0x1103,0x065AC,0x061B0,0x3A,0x003,12,10,DB,D9
1178,0x5004,0x1104,0x065AB,0x061B0,0x3A,0x004,10,12,DA,DC
1179,0x5005,0x1105,0x065AA,0x061B0,0x3A,0x005,12,30,DD,FB
1180,0x5006,0x1106,0x065A9,0x061B0,0x3A,0x006,10,14,DC,E0
1181,0x5007,0x1107,0x065A8,0x061B0,0x3A,0x007,12,10,DF,DD
1182,0x5008,0x1108,0x065A7,0x061B0,0x3A,0x008,10,12,DE,E0
1183,0x5009,0x1109,0x065A6,0x061B0,0x3A,0x009,12,10,E1,DF
1184,0x500A,0x110A,0x065A5,0x061B0,0x3A,0x00A,10,12,E0,E2
1185,0x500B,0x110B,0x065A4,0x061B0,0x3A,0x00B,12,10,E3,E1
1186,0x500C,0x110C,0x065A3,0x061B0,0x3A,0x00C,10,12,E2,E4
1187,0x500D,0x110D,0x065A2,0x061B0,0x3A,0x00D,12,60,E5,33
1188,0x500E,0x110E,0x065A1,0x061B0,0x3A,0x00E,10,DE,E4,B2
1189,0x500F,0x110F,0x065A0,0x061B0,0x3A,0x00F,12,00,E7,D5
1190,0x5010,0x1110,0x0659F,0x061B0,0x3A,0x010,10,58,E6,2E
1191,0x5011,0x1111,0x0659E,0x061B0,0x3A,0x011,12,10,E9,E7
1192,0x5012,0x1112,0x0659D,0x061B0,0x3A,0x012,30,12,08,EA
1193,0x5013,0x1113,0x0659C,0x061B0,0x3A,0x013,91,10,6A,E9
1194,0x5014,0x1114,0x0659B,0x061B0,0x3A,0x014,D0,12,AA,EC
1195,0x5015,0x1115,0x0659A,0x061B0,0x3A,0x015,88,10,63,EB
1196,0x5016,0x1116,0x06599,0x061B0,0x3A,0x016,10,12,EC,EE
1197,0x5017,0x1117,0x06598,0x061B0,0x3A,0x017,12,30,EF,0D
1198,0x5018,0x1118,0x06597,0x061B0,0x3A,0x018,D0,14,AE,F2
1199,0x5019,0x1119,0x06596,0x061B0,0x3A,0x019,7E,10,5D,EF
1200,0x501A,0x111A,0x06595,0x061B0,0x3A,0x01A,80,12,60,F2
1201,0x501B,0x111B,0x06594,0x061B0,0x3A,0x01B,B4,10,95,F1
1202,0x501C,0x111C,0x06593,0x061B0,0x3A,0x01C,10,12,F2,F4
1203,0x501D,0x111D,0x06592,0x061B0,0x3A,0x01D,12,10,F5,F3
1204,0x501E,0x111E,0x06591,0x061B0,0x3A,0x01E,10,12,F4,F6
1205,0x501F,0x111F,0x06590,0x061B0,0x3A,0x01F,12,10,F7,F5
1206,0x5020,0x1120,0x0658F,0x061B0,0x3A,0x020,10,12,F6,F8
1207,0x5021,0x1121,0x0658E,0x061B0,0x3A,0x021,12,10,F9,F7
1208,0x5022,0x1122,0x0658D,0x061B0,0x3A,0x022,10,12,F8,FA
1209,0x5023,0x1123,0x0658C,0x061B0,0x3A,0x023,12,10,FB,F9
1210,0x5024,0x1124,0x0658B,0x061B0,0x3A,0x024,10,12,FA,FC
1211,0x5025,0x1125,0x0658A,0x061B0,0x3A,0x025,12,10,FD,FB
1212,0x5026,0x1126,0x06589,0x061B0,0x3A,0x026,10,12,FC,FE
1213,0x5027,0x1127,0x06588,0x061B0,0x3A,0x027,12,10,FF,FD
1214,0x5028,0x1128,0x06587,0x061B0,0x3A,0x028,10,12,FE,00
1215,0x5029,0x1129,0x06586,0x061B0,0x3A,0x029,12,10,01,FF
1216,0x502A,0x112A,0x06585,0x061B0,0x3A,0x02A,10,12,00,02
1217,0x502B,0x112B,0x06584,0x061B0,0x3A,0x02B,12,10,03,01
1218,0x502C,0x112C,0x06583,0x061B0,0x3A,0x02C,10,12,02,04
1219,0x502D,0x112D,0x06582,0x061B0,0x3A,0x02D,12,10,05,03
1220,0x502E,0x112E,0x06581,0x061B0,0x3A,0x02E,10,12,04,06
1221,0x502F,0x112F,0x06580,0x061B0,0x3A,0x02F,12,10,07,05
1222,0x5030,0x1130,0x0657F,0x061B0,0x3A,0x030,10,12,06,08
1223,0x5031,0x1131,0x0657E,0x061B0,0x3A,0x031,12,10,09,07
1224,0x5032,0x1132,0x0657D,0x061B0,0x3A,0x032,10,12,08,0A
1225,0x5033,0x1133,0x0657C,0x061B0,0x3A,0x033,12,10,0B,09
1226,0x5034,0x1134,0x0657B,0x061B0,0x3A,0x034,10,12,0A,0C
1227,0x5035,0x1135,0x0657A,0x061B0,0x3A,0x035,12,10,0D,0B
1228,0x5036,0x1136,0x06579,0x061B0,0x3A,0x036,10,12,0C,0E
1229,0x5037,0x1137,0x06578,0x061B0,0x3A,0x037,12,10,0F,0D
1230,0x5038,0x1138,0x06577,0x061B0,0x3A,0x038,10,12,0E,10
1231,0x5039,0x1139,0x06576,0x061B0,0x3A,0x039,12,10,11,0F
1232,0x503A,0x113A,0x06575,0x061B0,0x3A,0x03A,10,12,10,12
1233,0x503B,0x113B,0x06574,0x061B0,0x3A,0x03B,12,10,13,11
1234,0x503C,0x113C,0x06573,0x061B0,0x3A,0x03C,10,12,12,14
1235,0x503D,0x113D,0x06572,0x061B0,0x3A,0x03D,12,10,15,13
1236,0x503E,0x113E,0x06571,0x061B0,0x3A,0x03E,10,12,14,16
1237,0x503F,0x113F,0x06570,0x061B0,0x3A,0x03F,12,10,17,15
1238,0x5040,0x1140,0x0656F,0x061B0,0x3A,0x040,10,12,16,18
1239,0x5041,0x1141,0x0656E,0x061B0,0x3A,0x041,12,10,19,17
1240,0x5042,0x1142,0x0656D,0x061B0,0x3A,0x042,10,12,18,1A
1241,0x5043,0x1143,0x0656C,0x061B0,0x3A,0x043,12,10,1B,19
1242,0x5044,0x1144,0x0656B,0x061B0,0x3A,0x044,10,12,1A,1C
1243,0x5045,0x1145,0x0656A,0x061B0,0x3A,0x045,12,10,1D,1B
1244,0x5046,0x1146,0x06569,0x061B0,0x3A,0x046,10,12,1C,1E
1245,0x5047,0x1147,0x06568,0x061B0,0x3A,0x047,12,10,1F,1D
1246,0x5048,0x1148,0x06567,0x061B0,0x3A,0x048,10,12,1E,20
1247,0x5049,0x1149,0x06566,0x061B0,0x3A,0x049,12,10,21,1F
1248,0x504A,0x114A,0x06565,0x061B0,0x3A,0x04A,0F,12,1F,22
1253,0x504F,0x114F,0x06560,0x061B0,0x3A,0x04F,10,E0,25,F5
1254,0x5050,0x1150,0x0655F,0x061B0,0x3A,0x050,12,17,28,2D
1255,0x5051,0x1151,0x0655E,0x061B0,0x3A,0x051,10,D0,27,E7
1256,0x5052,0x1152,0x0655D,0x061B0,0x3A,0x052,12,E5,2A,FD
1257,0x5053,0x1153,0x0655C,0x061B0,0x3A,0x053,30,10,49,29
1258,0x5054,0x1154,0x0655B,0x061B0,0x3A,0x054,14,12,2E,2C
1265,0x505B,0x115B,0x06554,0x061B0,0x3A,0x05B,B0,10,D1,31
1266,0x505C,0x115C,0x06553,0x061B0,0x3A,0x05C,65,12,87,34
1267,0x505D,0x115D,0x06552,0x061B0,0x3A,0x05D,A0,B0,C3,D3
1268,0x505E,0x115E,0x06551,0x061B0,0x3A,0x05E,A7,9F,CB,C3
1269,0x505F,0x115F,0x06550,0x061B0,0x3A,0x05F,10,A0,35,C5
1270,0x5060,0x1160,0x0654F,0x061B0,0x3A,0x060,12,17,38,3D
1271,0x5061,0x1161,0x0654E,0x061B0,0x3A,0x061,10,E0,37,07
1272,0x5062,0x1162,0x0654D,0x061B0,0x3A,0x062,12,9F,3A,C7
1275,0x5065,0x1165,0x0654A,0x061B0,0x3A,0x065,30,10,5B,3B
1276,0x5066,0x1166,0x06549,0x061B0,0x3A,0x066,14,12,40,3E
1277,0x5067,0x1167,0x06548,0x061B0,0x3A,0x067,10,C0,3D,ED
1278,0x5068,0x1168,0x06547,0x061B0,0x3A,0x068,12,3F,40,6D
1279,0x5069,0x1169,0x06546,0x061B0,0x3A,0x069,10,C0,3F,EF
1280,0x506A,0x116A,0x06545,0x061B0,0x3A,0x06A,12,E5,42,15
1281,0x506B,0x116B,0x06544,0x061B0,0x3A,0x06B,10,00,41,31
1282,0x506C,0x116C,0x06543,0x061B0,0x3A,0x06C,12,3C,44,6E
1294,0x5078,0x1178,0x06537,0x061B0,0x3A,0x078,12,DF,50,1D
1295,0x5079,0x1179,0x06536,0x061B0,0x3A,0x079,10,80,4F,BF
1296,0x507A,0x117A,0x06535,0x061B0,0x3A,0x07A,12,E5,52,25
1297,0x507B,0x117B,0x06534,0x061B0,0x3A,0x07B,10,60,51,A1
1299,0x507D,0x117D,0x06532,0x061B0,0x3A,0x07D,10,F0,53,33
1300,0x507E,0x117E,0x06531,0x061B0,0x3A,0x07E,12,E2,56,26
1301,0x507F,0x117F,0x06530,0x061B0,0x3A,0x07F,10,80,55,C5
1302,0x5080,0x1180,0x0652F,0x061B0,0x3A,0x080,12,E5,58,2B
1307,0x5085,0x1185,0x0652A,0x061B0,0x3A,0x085,10,B0,5B,FB
1308,0x5086,0x1186,0x06529,0x061B0,0x3A,0x086,12,9F,5E,EB
1309,0x5087,0x1187,0x06528,0x061B0,0x3A,0x087,10,A0,5D,ED
1310,0x5088,0x1188,0x06527,0x061B0,0x3A,0x088,12,17,60,65
1311,0x5089,0x1189,0x06526,0x061B0,0x3A,0x089,10,E0,5F,2F
1312,0x508A,0x118A,0x06525,0x061B0,0x3A,0x08A,12,9F,62,EF
1317,0x508F,0x118F,0x06520,0x061B0,0x3A,0x08F,10,C0,65,15
1318,0x5090,0x1190,0x0651F,0x061B0,0x3A,0x090,12,3F,68,95
1319,0x5091,0x1191,0x0651E,0x061B0,0x3A,0x091,10,C0,67,17
1320,0x5092,0x1192,0x0651D,0x061B0,0x3A,0x092,12,E5,6A,3D
1321,0x5093,0x1193,0x0651C,0x061B0,0x3A,0x093,10,00,69,59
1322,0x5094,0x1194,0x0651B,0x061B0,0x3A,0x094,12,3C,6C,96
1331,0x509D,0x119D,0x06512,0x061B0,0x3A,0x09D,70,10,D3,73
1332,0x509E,0x119E,0x06511,0x061B0,0x3A,0x09E,2A,12,8E,76
1333,0x509F,0x119F,0x06510,0x061B0,0x3A,0x09F,30,C0,95,25
1334,0x50A0,0x11A0,0x0650F,0x061B0,0x3A,0x0A0,1A,3F,80,A5
1335,0x50A1,0x11A1,0x0650E,0x061B0,0x3A,0x0A1,C0,70,27,D7
1336,0x50A2,0x11A2,0x0650D,0x061B0,0x3A,0x0A2,3A,3F,A2,A7
1337,0x50A3,0x11A3,0x0650C,0x061B0,0x3A,0x0A3,F0,C0,59,29
1338,0x50A4,0x11A4,0x0650B,0x061B0,0x3A,0x0A4,1A,E6,84,50
1339,0x50A5,0x11A5,0x0650A,0x061B0,0x3A,0x0A5,F0,80,5B,EB
1340,0x50A6,0x11A6,0x06509,0x061B0,0x3A,0x0A6,1B,3D,87,A9
1341,0x50A7,0x11A7,0x06508,0x061B0,0x3A,0x0A7,C0,70,2D,DD
1342,0x50A8,0x11A8,0x06507,0x061B0,0x3A,0x0A8,13,20,81,8E
1347,0x50AD,0x11AD,0x06502,0x061B0,0x3A,0x0AD,10,E0,83,53
1348,0x50AE,0x11AE,0x06501,0x061B0,0x3A,0x0AE,12,3C,86,B0
1349,0x50AF,0x11AF,0x06500,0x061B0,0x3A,0x0AF,10,D0,85,45
1350,0x50B0,0x11B0,0x064FF,0x061B0,0x3A,0x0B0,12,E6,88,5C
1353,0x50B3,0x11B3,0x064FC,0x061B0,0x3A,0x0B3,E0,10,59,89
1354,0x50B4,0x11B4,0x064FB,0x061B0,0x3A,0x0B4,7C,12,F6,8C
1355,0x50B5,0x11B5,0x064FA,0x061B0,0x3A,0x0B5,E0,10,5B,8B
1356,0x50B6,0x11B6,0x064F9,0x061B0,0x3A,0x0B6,C0,12,3C,8E
1357,0x50B7,0x11B7,0x064F8,0x061B0,0x3A,0x0B7,10,B0,8D,2D
1358,0x50B8,0x11B8,0x064F7,0x061B0,0x3A,0x0B8,12,9F,90,1D
1359,0x50B9,0x11B9,0x064F6,0x061B0,0x3A,0x0B9,B0,E0,2F,5F
1360,0x50BA,0x11BA,0x064F5,0x061B0,0x3A,0x0BA,B6,3C,36,BC
1361,0x50BB,0x11BB,0x064F4,0x061B0,0x3A,0x0BB,80,00,01,81
1362,0x50BC,0x11BC,0x064F3,0x061B0,0x3A,0x0BC,41,36,C3,B8
1371,0x50C5,0x11C5,0x064EA,0x061B0,0x3A,0x0C5,E0,10,6B,9B
1372,0x50C6,0x11C6,0x064E9,0x061B0,0x3A,0x0C6,F4,12,80,9E
1373,0x50C7,0x11C7,0x064E8,0x061B0,0x3A,0x0C7,A0,F0,2D,7D
1374,0x50C8,0x11C8,0x064E7,0x061B0,0x3A,0x0C8,AC,E3,3A,71
1375,0x50C9,0x11C9,0x064E6,0x061B0,0x3A,0x0C9,60,10,EF,9F
1376,0x50CA,0x11CA,0x064E5,0x061B0,0x3A,0x0CA,12,DF,A2,6F
1377,0x50CB,0x11CB,0x064E4,0x061B0,0x3A,0x0CB,40,10,D1,A1
1378,0x50CC,0x11CC,0x064E3,0x061B0,0x3A,0x0CC,95,12,27,A4
1379,0x50CD,0x11CD,0x064E2,0x061B0,0x3A,0x0CD,A0,10,33,A3
1380,0x50CE,0x11CE,0x064E1,0x061B0,0x3A,0x0CE,AC,12,40,A6
1387,0x50D5,0x11D5,0x064DA,0x061B0,0x3A,0x0D5,10,00,AB,9B
1388,0x50D6,0x11D6,0x064D9,0x061B0,0x3A,0x0D6,12,56,AE,F2
1389,0x50D7,0x11D7,0x064D8,0x061B0,0x3A,0x0D7,10,A0,AD,3D
1390,0x50D8,0x11D8,0x064D7,0x061B0,0x3A,0x0D8,12,E6,B0,84
1391,0x50D9,0x11D9,0x064D6,0x061B0,0x3A,0x0D9,10,C0,AF,5F
1392,0x50DA,0x11DA,0x064D5,0x061B0,0x3A,0x0DA,12,3F,B2,DF
1393,0x50DB,0x11DB,0x064D4,0x061B0,0x3A,0x0DB,E0,C0,81,61
1394,0x50DC,0x11DC,0x064D3,0x061B0,0x3A,0x0DC,7C,E5,1E,87
1395,0x50DD,0x11DD,0x064D2,0x061B0,0x3A,0x0DD,E0,10,83,B3
1396,0x50DE,0x11DE,0x064D1,0x061B0,0x3A,0x0DE,C0,12,64,B6
1397,0x50DF,0x11DF,0x064D0,0x061B0,0x3A,0x0DF,10,B0,B5,55
1398,0x50E0,0x11E0,0x064CF,0x061B0,0x3A,0x0E0,12,34,B8,DA
1399,0x50E1,0x11E1,0x064CE,0x061B0,0x3A,0x0E1,B0,E0,57,87
1400,0x50E2,0x11E2,0x064CD,0x061B0,0x3A,0x0E2,B6,3C,5E,E4
1401,0x50E3,0x11E3,0x064CC,0x061B0,0x3A,0x0E3,80,60,29,09
1402,0x50E4,0x11E4,0x064CB,0x061B0,0x3A,0x0E4,41,E5,EB,8F
1403,0x50E5,0x11E5,0x064CA,0x061B0,0x3A,0x0E5,10,D0,BB,7B
1404,0x50E6,0x11E6,0x064C9,0x061B0,0x3A,0x0E6,12,31,BE,DD
1411,0x50ED,0x11ED,0x064C2,0x061B0,0x3A,0x0ED,70,10,23,C3
1412,0x50EE,0x11EE,0x064C1,0x061B0,0x3A,0x0EE,1B,12,CF,C6
1413,0x50EF,0x11EF,0x064C0,0x061B0,0x3A,0x0EF,90,10,45,C5
1414,0x50F0,0x11F0,0x064BF,0x061B0,0x3A,0x0F0,1B,12,D1,C8
1415,0x50F1,0x11F1,0x064BE,0x061B0,0x3A,0x0F1,60,10,17,C7
1416,0x50F2,0x11F2,0x064BD,0x061B0,0x3A,0x0F2,2A,12,E2,CA
1417,0x50F3,0x11F3,0x064BC,0x061B0,0x3A,0x0F3,00,10,B9,C9
1418,0x50F4,0x11F4,0x064BB,0x061B0,0x3A,0x0F4,3A,12,F4,CC
1419,0x50F5,0x11F5,0x064BA,0x061B0,0x3A,0x0F5,F0,10,AB,CB
1420,0x50F6,0x11F6,0x064B9,0x061B0,0x3A,0x0F6,81,12,3D,CE
1421,0x50F7,0x11F7,0x064B8,0x061B0,0x3A,0x0F7,70,10,2D,CD
1422,0x50F8,0x11F8,0x064B7,0x061B0,0x3A,0x0F8,AF,12,6D,D0
1427,0x50FD,0x11FD,0x064B2,0x061B0,0x3A,0x0FD,10,00,D3,C3
1428,0x50FE,0x11FE,0x064B1,0x061B0,0x3A,0x0FE,12,6C,D6,30
1429,0x50FF,0x11FF,0x064B0,0x061B0,0x3A,0x0FF,10,B0,D6,76
1430,0x5100,0x1200,0x064AF,0x061B0,0x3A,0x100,12,34,D9,FB
1431,0x5101,0x1201,0x064AE,0x061B0,0x3A,0x101,10,A0,D8,68
1432,0x5102,0x1202,0x064AD,0x061B0,0x3A,0x102,12,35,DB,FE
1433,0x5103,0x1203,0x064AC,0x061B0,0x3A,0x103,40,D0,0A,9A
1434,0x5104,0x1204,0x064AB,0x061B0,0x3A,0x104,75,E6,40,B1
1435,0x5105,0x1205,0x064AA,0x061B0,0x3A,0x105,30,10,FC,DC
1436,0x5106,0x1206,0x064A9,0x061B0,0x3A,0x106,4C,12,19,DF
1437,0x5107,0x1207,0x064A8,0x061B0,0x3A,0x107,10,A0,DE,6E
1438,0x5108,0x1208,0x064A7,0x061B0,0x3A,0x108,12,E6,E1,B5
1439,0x5109,0x1209,0x064A6,0x061B0,0x3A,0x109,40,20,10,F0
1440,0x510A,0x120A,0x064A5,0x061B0,0x3A,0x10A,7A,E2,4B,B3
1441,0x510B,0x120B,0x064A4,0x061B0,0x3A,0x10B,10,00,E2,D2
1442,0x510C,0x120C,0x064A3,0x061B0,0x3A,0x10C,12,6C,E5,3F
1443,0x510D,0x120D,0x064A2,0x061B0,0x3A,0x10D,10,B0,E4,84
1444,0x510E,0x120E,0x064A1,0x061B0,0x3A,0x10E,12,34,E7,09
1451,0x5115,0x1215,0x0649A,0x061B0,0x3A,0x115,90,10,6C,EC
1452,0x5116,0x1216,0x06499,0x061B0,0x3A,0x116,40,12,1D,EF
1453,0x5117,0x1217,0x06498,0x061B0,0x3A,0x117,E0,10,BE,EE
1454,0x5118,0x1218,0x06497,0x061B0,0x3A,0x118,F4,12,D3,F1
1467,0x5125,0x1225,0x0648A,0x061B0,0x3A,0x125,10,00,FC,EC
1468,0x5126,0x1226,0x06489,0x061B0,0x3A,0x126,12,56,FF,43
1469,0x5127,0x1227,0x06488,0x061B0,0x3A,0x127,10,B0,FE,9E
1470,0x5128,0x1228,0x06487,0x061B0,0x3A,0x128,12,24,01,13
1471,0x5129,0x1229,0x06486,0x061B0,0x3A,0x129,10,00,00,F0
1472,0x512A,0x122A,0x06485,0x061B0,0x3A,0x12A,12,DF,03,D0
1473,0x512B,0x122B,0x06484,0x061B0,0x3A,0x12B,90,E0,82,D2
1474,0x512C,0x122C,0x06483,0x061B0,0x3A,0x12C,7A,9F,6D,92
1475,0x512D,0x122D,0x06482,0x061B0,0x3A,0x12D,40,10,34,04
1476,0x512E,0x122E,0x06481,0x061B0,0x3A,0x12E,B8,12,AD,07
1477,0x512F,0x122F,0x06480,0x061B0,0x3A,0x12F,10,D0,06,C6
1478,0x5130,0x1230,0x0647F,0x061B0,0x3A,0x130,12,E6,09,DD
1479,0x5131,0x1231,0x0647E,0x061B0,0x3A,0x131,D0,A0,C8,98
1480,0x5132,0x1232,0x0647D,0x061B0,0x3A,0x132,E4,35,DD,2E
1481,0x5133,0x1233,0x0647C,0x061B0,0x3A,0x133,00,A0,FA,9A
1482,0x5134,0x1234,0x0647B,0x061B0,0x3A,0x134,73,E6,6E,E1
1493,0x513F,0x123F,0x06470,0x061B0,0x3A,0x13F,10,30,16,36
1494,0x5140,0x1240,0x0646F,0x061B0,0x3A,0x140,12,E7,19,EE
1495,0x5141,0x1241,0x0646E,0x061B0,0x3A,0x141,10,B0,18,B8
1496,0x5142,0x1242,0x0646D,0x061B0,0x3A,0x142,12,20,1B,29
1507,0x514D,0x124D,0x06462,0x061B0,0x3A,0x14D,10,00,24,14
1508,0x514E,0x124E,0x06461,0x061B0,0x3A,0x14E,12,56,27,6B
1509,0x514F,0x124F,0x06460,0x061B0,0x3A,0x14F,10,A0,26,B6
1510,0x5150,0x1250,0x0645F,0x061B0,0x3A,0x150,12,E6,29,FD
1511,0x5151,0x1251,0x0645E,0x061B0,0x3A,0x151,10,C0,28,D8
1512,0x5152,0x1252,0x0645D,0x061B0,0x3A,0x152,12,3F,2B,58
1513,0x5153,0x1253,0x0645C,0x061B0,0x3A,0x153,30,C0,4A,DA
1514,0x5154,0x1254,0x0645B,0x061B0,0x3A,0x154,77,E5,92,00
1515,0x5155,0x1255,0x0645A,0x061B0,0x3A,0x155,C0,10,DC,2C
1516,0x5156,0x1256,0x06459,0x061B0,0x3A,0x156,97,12,B4,2F
1517,0x5157,0x1257,0x06458,0x061B0,0x3A,0x157,10,B0,2E,CE
1518,0x5158,0x1258,0x06457,0x061B0,0x3A,0x158,12,34,31,53
1519,0x5159,0x1259,0x06456,0x061B0,0x3A,0x159,D0,E0,F0,00
1520,0x515A,0x125A,0x06455,0x061B0,0x3A,0x15A,E4,3C,05,5D
1521,0x515B,0x125B,0x06454,0x061B0,0x3A,0x15B,F0,60,12,82
1522,0x515C,0x125C,0x06453,0x061B0,0x3A,0x15C,72,E5,95,08
1523,0x515D,0x125D,0x06452,0x061B0,0x3A,0x15D,10,D0,34,F4
1524,0x515E,0x125E,0x06451,0x061B0,0x3A,0x15E,12,31,37,56
1547,0x5175,0x1275,0x0643A,0x061B0,0x3A,0x175,10,00,4C,3C
1548,0x5176,0x1276,0x06439,0x061B0,0x3A,0x176,12,6C,4F,A9
1549,0x5177,0x1277,0x06438,0x061B0,0x3A,0x177,10,B0,4E,EE
1550,0x5178,0x1278,0x06437,0x061B0,0x3A,0x178,12,34,51,73
1551,0x5179,0x1279,0x06436,0x061B0,0x3A,0x179,10,A0,50,E0
1552,0x517A,0x127A,0x06435,0x061B0,0x3A,0x17A,12,35,53,76
1553,0x517B,0x127B,0x06434,0x061B0,0x3A,0x17B,A0,D0,E2,12
1554,0x517C,0x127C,0x06433,0x061B0,0x3A,0x17C,EE,E6,31,29
1555,0x517D,0x127D,0x06432,0x061B0,0x3A,0x17D,40,10,84,54
1556,0x517E,0x127E,0x06431,0x061B0,0x3A,0x17E,C5,12,0A,57
1557,0x517F,0x127F,0x06430,0x061B0,0x3A,0x17F,10,A0,56,E6
1558,0x5180,0x1280,0x0642F,0x061B0,0x3A,0x180,12,E6,59,2D
1559,0x5181,0x1281,0x0642E,0x061B0,0x3A,0x181,70,20,B8,68
1560,0x5182,0x1282,0x0642D,0x061B0,0x3A,0x182,5A,E2,A3,2B
1561,0x5183,0x1283,0x0642C,0x061B0,0x3A,0x183,90,00,DA,4A
1562,0x5184,0x1284,0x0642B,0x061B0,0x3A,0x184,F9,6C,44,B7
1563,0x5185,0x1285,0x0642A,0x061B0,0x3A,0x185,10,B0,5C,FC
1564,0x5186,0x1286,0x06429,0x061B0,0x3A,0x186,12,34,5F,81
1571,0x518D,0x128D,0x06422,0x061B0,0x3A,0x18D,80,0F,D4,63
1572,0x518E,0x128E,0x06421,0x061B0,0x3A,0x18E,1A,10,6F,65
1573,0x518F,0x128F,0x06420,0x061B0,0x3A,0x18F,50,12,A6,68
1574,0x5190,0x1290,0x0641F,0x061B0,0x3A,0x190,2B,10,82,67
1575,0x5191,0x1291,0x0641E,0x061B0,0x3A,0x191,70,12,C8,6A
1576,0x5192,0x1292,0x0641D,0x061B0,0x3A,0x192,1A,10,73,69
1577,0x5193,0x1293,0x0641C,0x061B0,0x3A,0x193,F0,12,4A,6C
1578,0x5194,0x1294,0x0641B,0x061B0,0x3A,0x194,1A,10,75,6B
1579,0x5195,0x1295,0x0641A,0x061B0,0x3A,0x195,80,12,DC,6E
1580,0x5196,0x1296,0x06419,0x061B0,0x3A,0x196,2A,30,87,8D
1581,0x5197,0x1297,0x06418,0x061B0,0x3A,0x197,10,14,6E,72
1582,0x5198,0x1298,0x06417,0x061B0,0x3A,0x198,12,10,71,6F
1583,0x5199,0x1299,0x06416,0x061B0,0x3A,0x199,10,12,70,72
1584,0x519A,0x129A,0x06415,0x061B0,0x3A,0x19A,12,10,73,71
1585,0x519B,0x129B,0x06414,0x061B0,0x3A,0x19B,10,12,72,74
1586,0x519C,0x129C,0x06413,0x061B0,0x3A,0x19C,12,20,75,83
1587,0x519D,0x129D,0x06412,0x061B0,0x3A,0x19D,10,26,74,8A
1588,0x519E,0x129E,0x06411,0x061B0,0x3A,0x19E,12,70,77,D5
1589,0x519F,0x129F,0x06410,0x061B0,0x3A,0x19F,10,26,76,8C
1590,0x51A0,0x12A0,0x0640F,0x061B0,0x3A,0x1A0,12,D0,79,37
1591,0x51A1,0x12A1,0x0640E,0x061B0,0x3A,0x1A1,10,26,78,8E
1592,0x51A2,0x12A2,0x0640D,0x061B0,0x3A,0x1A2,12,10,7B,79
1593,0x51A3,0x12A3,0x0640C,0x061B0,0x3A,0x1A3,90,12,FA,7C
1594,0x51A4,0x12A4,0x0640B,0x061B0,0x3A,0x1A4,7A,10,E5,7B
1595,0x51A5,0x12A5,0x0640A,0x061B0,0x3A,0x1A5,40,12,AC,7E
1596,0x51A6,0x12A6,0x06409,0x061B0,0x3A,0x1A6,B8,30,25,9D
1597,0x51A7,0x12A7,0x06408,0x061B0,0x3A,0x1A7,10,14,7E,82
1598,0x51A8,0x12A8,0x06407,0x061B0,0x3A,0x1A8,12,10,81,7F
1599,0x51A9,0x12A9,0x06406,0x061B0,0x3A,0x1A9,D0,12,40,82
1600,0x51AA,0x12AA,0x06405,0x061B0,0x3A,0x1AA,E4,10,55,81
1601,0x51AB,0x12AB,0x06404,0x061B0,0x3A,0x1AB,00,12,72,84
1602,0x51AC,0x12AC,0x06403,0x061B0,0x3A,0x1AC,73,10,E6,83
1603,0x51AD,0x12AD,0x06402,0x061B0,0x3A,0x1AD,10,12,84,86
1604,0x51AE,0x12AE,0x06401,0x061B0,0x3A,0x1AE,12,10,87,85
1605,0x51AF,0x12AF,0x06400,0x061B0,0x3A,0x1AF,10,12,86,88
1606,0x51B0,0x12B0,0x063FF,0x061B0,0x3A,0x1B0,12,10,89,87
1607,0x51B1,0x12B1,0x063FE,0x061B0,0x3A,0x1B1,10,12,88,8A
1608,0x51B2,0x12B2,0x063FD,0x061B0,0x3A,0x1B2,12,10,8B,89
1609,0x51B3,0x12B3,0x063FC,0x061B0,0x3A,0x1B3,10,12,8A,8C
1610,0x51B4,0x12B4,0x063FB,0x061B0,0x3A,0x1B4,12,10,8D,8B
1611,0x51B5,0x12B5,0x063FA,0x061B0,0x3A,0x1B5,10,12,8C,8E
1612,0x51B6,0x12B6,0x063F9,0x061B0,0x3A,0x1B6,12,10,8F,8D
1613,0x51B7,0x12B7,0x063F8,0x061B0,0x3A,0x1B7,10,12,8E,90
1614,0x51B8,0x12B8,0x063F7,0x061B0,0x3A,0x1B8,12,10,91,8F
1615,0x51B9,0x12B9,0x063F6,0x061B0,0x3A,0x1B9,10,12,90,92
1616,0x51BA,0x12BA,0x063F5,0x061B0,0x3A,0x1BA,12,10,93,91
1617,0x51BB,0x12BB,0x063F4,0x061B0,0x3A,0x1BB,10,12,92,94
1618,0x51BC,0x12BC,0x063F3,0x061B0,0x3A,0x1BC,12,10,95,93
1619,0x51BD,0x12BD,0x063F2,0x061B0,0x3A,0x1BD,10,12,94,96
1620,0x51BE,0x12BE,0x063F1,0x061B0,0x3A,0x1BE,12,10,97,95
1621,0x51BF,0x12BF,0x063F0,0x061B0,0x3A,0x1BF,10,12,96,98
1622,0x51C0,0x12C0,0x063EF,0x061B0,0x3A,0x1C0,12,10,99,97
1623,0x51C1,0x12C1,0x063EE,0x061B0,0x3A,0x1C1,10,12,98,9A
1624,0x51C2,0x12C2,0x063ED,0x061B0,0x3A,0x1C2,12,10,9B,99
1625,0x51C3,0x12C3,0x063EC,0x061B0,0x3A,0x1C3,10,12,9A,9C
1626,0x51C4,0x12C4,0x063EB,0x061B0,0x3A,0x1C4,12,10,9D,9B
1627,0x51C5,0x12C5,0x063EA,0x061B0,0x3A,0x1C5,10,12,9C,9E
1628,0x51C6,0x12C6,0x063E9,0x061B0,0x3A,0x1C6,12,10,9F,9D
1629,0x51C7,0x12C7,0x063E8,0x061B0,0x3A,0x1C7,10,12,9E,A0
1630,0x51C8,0x12C8,0x063E7,0x061B0,0x3A,0x1C8,12,10,A1,9F
1631,0x51C9,0x12C9,0x063E6,0x061B0,0x3A,0x1C9,10,12,A0,A2
1632,0x51CA,0x12CA,0x063E5,0x061B0,0x3A,0x1CA,12,10,A3,A1
1633,0x51CB,0x12CB,0x063E4,0x061B0,0x3A,0x1CB,30,12,C2,A4
1634,0x51CC,0x12CC,0x063E3,0x061B0,0x3A,0x1CC,77,10,0A,A3
1635,0x51CD,0x12CD,0x063E2,0x061B0,0x3A,0x1CD,C0,12,54,A6
1636,0x51CE,0x12CE,0x063E1,0x061B0,0x3A,0x1CE,97,10,2C,A5
1637,0x51CF,0x12CF,0x063E0,0x061B0,0x3A,0x1CF,10,12,A6,A8
1638,0x51D0,0x12D0,0x063DF,0x061B0,0x3A,0x1D0,12,10,A9,A7
1639,0x51D1,0x12D1,0x063DE,0x061B0,0x3A,0x1D1,D0,12,68,AA
1640,0x51D2,0x12D2,0x063DD,0x061B0,0x3A,0x1D2,E4,10,7D,A9
1641,0x51D3,0x12D3,0x063DC,0x061B0,0x3A,0x1D3,F0,12,8A,AC
1642,0x51D4,0x12D4,0x063DB,0x061B0,0x3A,0x1D4,72,10,0D,AB
1643,0x51D5,0x12D5,0x063DA,0x061B0,0x3A,0x1D5,10,12,AC,AE
1644,0x51D6,0x12D6,0x063D9,0x061B0,0x3A,0x1D6,12,10,AF,AD
1645,0x51D7,0x12D7,0x063D8,0x061B0,0x3A,0x1D7,10,12,AE,B0
1646,0x51D8,0x12D8,0x063D7,0x061B0,0x3A,0x1D8,12,10,B1,AF
1647,0x51D9,0x12D9,0x063D6,0x061B0,0x3A,0x1D9,10,12,B0,B2
1648,0x51DA,0x12DA,0x063D5,0x061B0,0x3A,0x1DA,12,10,B3,B1
1649,0x51DB,0x12DB,0x063D4,0x061B0,0x3A,0x1DB,0F,12,B1,B4
1656,0x51E2,0x12E2,0x063CD,0x061B0,0x3A,0x1E2,10,60,B9,09
1657,0x51E3,0x12E3,0x063CC,0x061B0,0x3A,0x1E3,12,26,BC,D0
1658,0x51E4,0x12E4,0x063CB,0x061B0,0x3A,0x1E4,30,C0,DB,6B
1659,0x51E5,0x12E5,0x063CA,0x061B0,0x3A,0x1E5,14,26,C0,D2
1661,0x51E7,0x12E7,0x063C8,0x061B0,0x3A,0x1E7,12,26,C0,D4
1662,0x51E8,0x12E8,0x063C7,0x061B0,0x3A,0x1E8,10,30,BF,DF
1663,0x51E9,0x12E9,0x063C6,0x061B0,0x3A,0x1E9,12,27,C2,D7
1664,0x51EA,0x12EA,0x063C5,0x061B0,0x3A,0x1EA,20,80,D1,31
1666,0x51EC,0x12EC,0x063C3,0x061B0,0x3A,0x1EC,70,10,23,C3
1667,0x51ED,0x12ED,0x063C2,0x061B0,0x3A,0x1ED,26,12,DA,C6
1668,0x51EE,0x12EE,0x063C1,0x061B0,0x3A,0x1EE,D0,F0,85,A5
1670,0x51F0,0x12F0,0x063BF,0x061B0,0x3A,0x1F0,10,60,C7,17
1671,0x51F1,0x12F1,0x063BE,0x061B0,0x3A,0x1F1,12,26,CA,DE
1675,0x51F5,0x12F5,0x063BA,0x061B0,0x3A,0x1F5,14,27,D0,E3
1676,0x51F6,0x12F6,0x063B9,0x061B0,0x3A,0x1F6,10,70,CD,2D
1677,0x51F7,0x12F7,0x063B8,0x061B0,0x3A,0x1F7,12,27,D0,E5
1678,0x51F8,0x12F8,0x063B7,0x061B0,0x3A,0x1F8,10,F0,CF,AF
1679,0x51F9,0x12F9,0x063B6,0x061B0,0x3A,0x1F9,12,26,D2,E6
1680,0x51FA,0x12FA,0x063B5,0x061B0,0x3A,0x1FA,10,20,D1,E1
1681,0x51FB,0x12FB,0x063B4,0x061B0,0x3A,0x1FB,12,27,D4,E9
1682,0x51FC,0x12FC,0x063B3,0x061B0,0x3A,0x1FC,10,40,D3,03
1683,0x51FD,0x12FD,0x063B2,0x061B0,0x3A,0x1FD,12,26,D6,EA
1696,0x520A,0x130A,0x063A5,0x061B0,0x3A,0x20A,10,C0,E2,92
1697,0x520B,0x130B,0x063A4,0x061B0,0x3A,0x20B,12,26,E5,F9
1698,0x520C,0x130C,0x063A3,0x061B0,0x3A,0x20C,10,F0,E4,C4
1699,0x520D,0x130D,0x063A2,0x061B0,0x3A,0x20D,12,26,E7,FB
1700,0x520E,0x130E,0x063A1,0x061B0,0x3A,0x20E,10,E0,E6,B6
1701,0x520F,0x130F,0x063A0,0x061B0,0x3A,0x20F,12,26,E9,FD
1702,0x5210,0x1310,0x0639F,0x061B0,0x3A,0x210,10,50,E8,28
1703,0x5211,0x1311,0x0639E,0x061B0,0x3A,0x211,12,26,EB,FF
1704,0x5212,0x1312,0x0639D,0x061B0,0x3A,0x212,10,C0,EA,9A
1705,0x5213,0x1313,0x0639C,0x061B0,0x3A,0x213,12,26,ED,01
1708,0x5216,0x1316,0x06399,0x061B0,0x3A,0x216,10,30,EE,0E
1709,0x5217,0x1317,0x06398,0x061B0,0x3A,0x217,12,27,F1,06
1710,0x5218,0x1318,0x06397,0x061B0,0x3A,0x218,10,30,F0,10
1711,0x5219,0x1319,0x06396,0x061B0,0x3A,0x219,12,27,F3,08
1712,0x521A,0x131A,0x06395,0x061B0,0x3A,0x21A,10,F0,F2,D2
1713,0x521B,0x131B,0x06394,0x061B0,0x3A,0x21B,12,26,F5,09
1714,0x521C,0x131C,0x06393,0x061B0,0x3A,0x21C,10,C0,F4,A4
1715,0x521D,0x131D,0x06392,0x061B0,0x3A,0x21D,12,26,F7,0B
1716,0x521E,0x131E,0x06391,0x061B0,0x3A,0x21E,10,40,F6,26
1717,0x521F,0x131F,0x06390,0x061B0,0x3A,0x21F,12,26,F9,0D
1718,0x5220,0x1320,0x0638F,0x061B0,0x3A,0x220,10,50,F8,38
1719,0x5221,0x1321,0x0638E,0x061B0,0x3A,0x221,12,26,FB,0F
1720,0x5222,0x1322,0x0638D,0x061B0,0x3A,0x222,10,50,FA,3A
1721,0x5223,0x1323,0x0638C,0x061B0,0x3A,0x223,12,26,FD,11
1734,0x5230,0x1330,0x0637F,0x061B0,0x3A,0x230,60,10,58,08
1735,0x5231,0x1331,0x0637E,0x061B0,0x3A,0x231,26,12,1F,0B
1736,0x5232,0x1332,0x0637D,0x061B0,0x3A,0x232,C0,20,BA,1A
1737,0x5233,0x1333,0x0637C,0x061B0,0x3A,0x233,26,27,21,22
1738,0x5234,0x1334,0x0637B,0x061B0,0x3A,0x234,10,40,0C,3C
1740,0x5236,0x1336,0x06379,0x061B0,0x3A,0x236,30,50,2E,4E
1741,0x5237,0x1337,0x06378,0x061B0,0x3A,0x237,27,26,26,25
1742,0x5238,0x1338,0x06377,0x061B0,0x3A,0x238,80,10,80,10
1744,0x523A,0x133A,0x06375,0x061B0,0x3A,0x23A,10,40,12,42
1745,0x523B,0x133B,0x06374,0x061B0,0x3A,0x23B,12,27,15,2A
1746,0x523C,0x133C,0x06373,0x061B0,0x3A,0x23C,F0,80,F4,84
1748,0x523E,0x133E,0x06371,0x061B0,0x3A,0x23E,60,30,66,36
1749,0x523F,0x133F,0x06370,0x061B0,0x3A,0x23F,26,27,2D,2E
1752,0x5242,0x1342,0x0636D,0x061B0,0x3A,0x242,30,70,3A,7A
1754,0x5244,0x1344,0x0636B,0x061B0,0x3A,0x244,70,80,7C,8C
1755,0x5245,0x1345,0x0636A,0x061B0,0x3A,0x245,27,26,34,33
1756,0x5246,0x1346,0x06369,0x061B0,0x3A,0x246,F0,50,FE,5E
1758,0x5248,0x1348,0x06367,0x061B0,0x3A,0x248,20,30,30,40
1760,0x524A,0x134A,0x06365,0x061B0,0x3A,0x24A,40,00,52,12
1761,0x524B,0x134B,0x06364,0x061B0,0x3A,0x24B,26,27,39,3A
1762,0x524C,0x134C,0x06363,0x061B0,0x3A,0x24C,10,50,24,64
1763,0x524D,0x134D,0x06362,0x061B0,0x3A,0x24D,12,26,27,3B
1764,0x524E,0x134E,0x06361,0x061B0,0x3A,0x24E,10,20,26,36
1765,0x524F,0x134F,0x06360,0x061B0,0x3A,0x24F,12,27,29,3E
1774,0x5258,0x1358,0x06357,0x061B0,0x3A,0x258,C0,10,E0,30
1775,0x5259,0x1359,0x06356,0x061B0,0x3A,0x259,26,12,47,33
1776,0x525A,0x135A,0x06355,0x061B0,0x3A,0x25A,F0,40,12,62
1777,0x525B,0x135B,0x06354,0x061B0,0x3A,0x25B,26,27,49,4A
1778,0x525C,0x135C,0x06353,0x061B0,0x3A,0x25C,E0,80,04,A4
1780,0x525E,0x135E,0x06351,0x061B0,0x3A,0x25E,C0,50,E6,76
1782,0x5260,0x1360,0x0634F,0x061B0,0x3A,0x260,90,10,B8,38
1783,0x5261,0x1361,0x0634E,0x061B0,0x3A,0x261,27,12,50,3B
1784,0x5262,0x1362,0x0634D,0x061B0,0x3A,0x262,10,70,3A,9A
1785,0x5263,0x1363,0x0634C,0x061B0,0x3A,0x263,12,27,3D,52
1786,0x5264,0x1364,0x0634B,0x061B0,0x3A,0x264,30,50,5C,7C
1787,0x5265,0x1365,0x0634A,0x061B0,0x3A,0x265,27,26,54,53
1788,0x5266,0x1366,0x06349,0x061B0,0x3A,0x266,F0,C0,1E,EE
1790,0x5268,0x1368,0x06347,0x061B0,0x3A,0x268,C0,40,F0,70
1792,0x526A,0x136A,0x06345,0x061B0,0x3A,0x26A,40,50,72,82
1794,0x526C,0x136C,0x06343,0x061B0,0x3A,0x26C,90,20,C4,54
1795,0x526D,0x136D,0x06342,0x061B0,0x3A,0x26D,26,27,5B,5C
1796,0x526E,0x136E,0x06341,0x061B0,0x3A,0x26E,50,E0,86,16
1798,0x5270,0x1370,0x0633F,0x061B0,0x3A,0x270,20,50,58,88
1799,0x5271,0x1371,0x0633E,0x061B0,0x3A,0x271,27,26,60,5F
1800,0x5272,0x1372,0x0633D,0x061B0,0x3A,0x272,10,30,4A,6A
1801,0x5273,0x1373,0x0633C,0x061B0,0x3A,0x273,12,27,4D,62
1802,0x5274,0x1374,0x0633B,0x061B0,0x3A,0x274,10,30,4C,6C
1803,0x5275,0x1375,0x0633A,0x061B0,0x3A,0x275,12,27,4F,64
1814,0x5280,0x1380,0x0632F,0x061B0,0x3A,0x280,40,10,88,58
1815,0x5281,0x1381,0x0632E,0x061B0,0x3A,0x281,26,12,6F,5B
1816,0x5282,0x1382,0x0632D,0x061B0,0x3A,0x282,50,40,9A,8A
1820,0x5286,0x1386,0x06329,0x061B0,0x3A,0x286,40,20,8E,6E
1822,0x5288,0x1388,0x06327,0x061B0,0x3A,0x288,80,B0,D0,00
1824,0x528A,0x138A,0x06325,0x061B0,0x3A,0x28A,70,10,C2,62
1825,0x528B,0x138B,0x06324,0x061B0,0x3A,0x28B,22,12,75,65
1826,0x528C,0x138C,0x06323,0x061B0,0x3A,0x28C,30,60,84,B4
1827,0x528D,0x138D,0x06322,0x061B0,0x3A,0x28D,27,26,7C,7B
1828,0x528E,0x138E,0x06321,0x061B0,0x3A,0x28E,10,F0,66,46
1829,0x528F,0x138F,0x06320,0x061B0,0x3A,0x28F,12,26,69,7D
1830,0x5290,0x1390,0x0631F,0x061B0,0x3A,0x290,70,20,C8,78
1832,0x5292,0x1392,0x0631D,0x061B0,0x3A,0x292,80,50,DA,AA
1834,0x5294,0x1394,0x0631B,0x061B0,0x3A,0x294,90,30,EC,8C
1835,0x5295,0x1395,0x0631A,0x061B0,0x3A,0x295,26,27,83,84
1836,0x5296,0x1396,0x06319,0x061B0,0x3A,0x296,30,40,8E,9E
1838,0x5298,0x1398,0x06317,0x061B0,0x3A,0x298,00,10,60,70
1839,0x5299,0x1399,0x06316,0x061B0,0x3A,0x299,27,12,88,73
1840,0x529A,0x139A,0x06315,0x061B0,0x3A,0x29A,50,10,B2,72
1841,0x529B,0x139B,0x06314,0x061B0,0x3A,0x29B,26,12,89,75
1842,0x529C,0x139C,0x06313,0x061B0,0x3A,0x29C,20,10,84,74
1843,0x529D,0x139D,0x06312,0x061B0,0x3A,0x29D,27,12,8C,77
1854,0x52A8,0x13A8,0x06307,0x061B0,0x3A,0x2A8,40,10,B0,80
1855,0x52A9,0x13A9,0x06306,0x061B0,0x3A,0x2A9,27,12,98,83
1856,0x52AA,0x13AA,0x06305,0x061B0,0x3A,0x2AA,80,30,F2,A2
1860,0x52AE,0x13AE,0x06301,0x061B0,0x3A,0x2AE,10,C0,86,36
1861,0x52AF,0x13AF,0x06300,0x061B0,0x3A,0x2AF,12,26,89,9D
1862,0x52B0,0x13B0,0x062FF,0x061B0,0x3A,0x2B0,70,C0,E8,38
1863,0x52B1,0x13B1,0x062FE,0x061B0,0x3A,0x2B1,27,26,A0,9F
1864,0x52B2,0x13B2,0x062FD,0x061B0,0x3A,0x2B2,90,50,0A,CA
1865,0x52B3,0x13B3,0x062FC,0x061B0,0x3A,0x2B3,26,27,A1,A2
1868,0x52B6,0x13B6,0x062F9,0x061B0,0x3A,0x2B6,40,10,BE,8E
1870,0x52B8,0x13B8,0x062F7,0x061B0,0x3A,0x2B8,50,20,D0,A0
1871,0x52B9,0x13B9,0x062F6,0x061B0,0x3A,0x2B9,26,27,A7,A8
1872,0x52BA,0x13BA,0x062F5,0x061B0,0x3A,0x2BA,20,10,A2,92
1873,0x52BB,0x13BB,0x062F4,0x061B0,0x3A,0x2BB,27,12,AA,95
1874,0x52BC,0x13BC,0x062F3,0x061B0,0x3A,0x2BC,E0,40,64,C4
1875,0x52BD,0x13BD,0x062F2,0x061B0,0x3A,0x2BD,26,27,AB,AC
1882,0x52C4,0x13C4,0x062EB,0x061B0,0x3A,0x2C4,10,50,9C,DC
1883,0x52C5,0x13C5,0x062EA,0x061B0,0x3A,0x2C5,12,27,9F,B4
1884,0x52C6,0x13C6,0x062E9,0x061B0,0x3A,0x2C6,10,50,9E,DE
1885,0x52C7,0x13C7,0x062E8,0x061B0,0x3A,0x2C7,12,26,A1,B5
1892,0x52CE,0x13CE,0x062E1,0x061B0,0x3A,0x2CE,10,0F,A6,A5
1893,0x52CF,0x13CF,0x062E0,0x061B0,0x3A,0x2CF,12,10,A9,A7
1894,0x52D0,0x13D0,0x062DF,0x061B0,0x3A,0x2D0,40,12,D8,AA
1895,0x52D1,0x13D1,0x062DE,0x061B0,0x3A,0x2D1,26,10,BF,A9
1896,0x52D2,0x13D2,0x062DD,0x061B0,0x3A,0x2D2,10,12,AA,AC
1897,0x52D3,0x13D3,0x062DC,0x061B0,0x3A,0x2D3,26,40,C1,DB
1898,0x52D4,0x13D4,0x062DB,0x061B0,0x3A,0x2D4,20,26,BC,C2
1899,0x52D5,0x13D5,0x062DA,0x061B0,0x3A,0x2D5,27,50,C4,ED
1900,0x52D6,0x13D6,0x062D9,0x061B0,0x3A,0x2D6,B0,26,4E,C4
1901,0x52D7,0x13D7,0x062D8,0x061B0,0x3A,0x2D7,26,10,C5,AF
1902,0x52D8,0x13D8,0x062D7,0x061B0,0x3A,0x2D8,10,26,B0,C6
1903,0x52D9,0x13D9,0x062D6,0x061B0,0x3A,0x2D9,12,40,B3,E1
1904,0x52DA,0x13DA,0x062D5,0x061B0,0x3A,0x2DA,60,27,02,C9
1905,0x52DB,0x13DB,0x062D4,0x061B0,0x3A,0x2DB,26,80,C9,23
1906,0x52DC,0x13DC,0x062D3,0x061B0,0x3A,0x2DC,F0,26,94,CA
1907,0x52DD,0x13DD,0x062D2,0x061B0,0x3A,0x2DD,26,10,CB,B5
1908,0x52DE,0x13DE,0x062D1,0x061B0,0x3A,0x2DE,20,12,C6,B8
1909,0x52DF,0x13DF,0x062D0,0x061B0,0x3A,0x2DF,27,A0,CE,47
1910,0x52E0,0x13E0,0x062CF,0x061B0,0x3A,0x2E0,50,27,F8,CF
1911,0x52E1,0x13E1,0x062CE,0x061B0,0x3A,0x2E1,26,F0,CF,99
1912,0x52E2,0x13E2,0x062CD,0x061B0,0x3A,0x2E2,30,26,DA,D0
1913,0x52E3,0x13E3,0x062CC,0x061B0,0x3A,0x2E3,27,E0,D2,8B
1914,0x52E4,0x13E4,0x062CB,0x061B0,0x3A,0x2E4,40,26,EC,D2
1915,0x52E5,0x13E5,0x062CA,0x061B0,0x3A,0x2E5,27,50,D4,FD
1916,0x52E6,0x13E6,0x062C9,0x061B0,0x3A,0x2E6,10,26,BE,D4
1917,0x52E7,0x13E7,0x062C8,0x061B0,0x3A,0x2E7,12,10,C1,BF
1918,0x52E8,0x13E8,0x062C7,0x061B0,0x3A,0x2E8,10,12,C0,C2
1919,0x52E9,0x13E9,0x062C6,0x061B0,0x3A,0x2E9,12,10,C3,C1
1920,0x52EA,0x13EA,0x062C5,0x061B0,0x3A,0x2EA,10,12,C2,C4
1921,0x52EB,0x13EB,0x062C4,0x061B0,0x3A,0x2EB,12,10,C5,C3
1922,0x52EC,0x13EC,0x062C3,0x061B0,0x3A,0x2EC,10,12,C4,C6
1923,0x52ED,0x13ED,0x062C2,0x061B0,0x3A,0x2ED,12,10,C7,C5
1924,0x52EE,0x13EE,0x062C1,0x061B0,0x3A,0x2EE,10,12,C6,C8
1925,0x52EF,0x13EF,0x062C0,0x061B0,0x3A,0x2EF,12,10,C9,C7
1926,0x52F0,0x13F0,0x062BF,0x061B0,0x3A,0x2F0,10,12,C8,CA
1927,0x52F1,0x13F1,0x062BE,0x061B0,0x3A,0x2F1,12,10,CB,C9
1928,0x52F2,0x13F2,0x062BD,0x061B0,0x3A,0x2F2,10,12,CA,CC
1929,0x52F3,0x13F3,0x062BC,0x061B0,0x3A,0x2F3,12,10,CD,CB
1930,0x52F4,0x13F4,0x062BB,0x061B0,0x3A,0x2F4,10,12,CC,CE
1931,0x52F5,0x13F5,0x062BA,0x061B0,0x3A,0x2F5,12,10,CF,CD
1932,0x52F6,0x13F6,0x062B9,0x061B0,0x3A,0x2F6,10,12,CE,D0
1933,0x52F7,0x13F7,0x062B8,0x061B0,0x3A,0x2F7,12,10,D1,CF
1934,0x52F8,0x13F8,0x062B7,0x061B0,0x3A,0x2F8,30,12,F0,D2
1935,0x52F9,0x13F9,0x062B6,0x061B0,0x3A,0x2F9,26,10,E7,D1
1936,0x52FA,0x13FA,0x062B5,0x061B0,0x3A,0x2FA,50,12,12,D4
1937,0x52FB,0x13FB,0x062B4,0x061B0,0x3A,0x2FB,26,F0,E9,B3
1938,0x52FC,0x13FC,0x062B3,0x061B0,0x3A,0x2FC,C0,26,84,EA
1939,0x52FD,0x13FD,0x062B2,0x061B0,0x3A,0x2FD,26,70,EB,35
1940,0x52FE,0x13FE,0x062B1,0x061B0,0x3A,0x2FE,C0,26,86,EC
1941,0x52FF,0x13FF,0x062B0,0x061B0,0x3A,0x2FF,26,20,EE,E8
1942,0x5300,0x1400,0x062AF,0x061B0,0x3A,0x300,50,27,19,F0
1943,0x5301,0x1401,0x062AE,0x061B0,0x3A,0x301,27,50,F1,1A
1944,0x5302,0x1402,0x062AD,0x061B0,0x3A,0x302,C0,26,8B,F1
1945,0x5303,0x1403,0x062AC,0x061B0,0x3A,0x303,26,10,F2,DC
1946,0x5304,0x1404,0x062AB,0x061B0,0x3A,0x304,10,12,DD,DF
1947,0x5305,0x1405,0x062AA,0x061B0,0x3A,0x305,26,20,F4,EE
1948,0x5306,0x1406,0x062A9,0x061B0,0x3A,0x306,20,26,EF,F5
1949,0x5307,0x1407,0x062A8,0x061B0,0x3A,0x307,27,10,F7,E0
1950,0x5308,0x1408,0x062A7,0x061B0,0x3A,0x308,10,26,E1,F7
1951,0x5309,0x1409,0x062A6,0x061B0,0x3A,0x309,12,40,E4,12
1952,0x530A,0x140A,0x062A5,0x061B0,0x3A,0x30A,40,27,13,FA
1953,0x530B,0x140B,0x062A4,0x061B0,0x3A,0x30B,27,40,FB,14
1954,0x530C,0x140C,0x062A3,0x061B0,0x3A,0x30C,90,27,65,FC
1955,0x530D,0x140D,0x062A2,0x061B0,0x3A,0x30D,26,C0,FC,96
1956,0x530E,0x140E,0x062A1,0x061B0,0x3A,0x30E,30,26,07,FD
1957,0x530F,0x140F,0x062A0,0x061B0,0x3A,0x30F,27,50,FF,28
1958,0x5310,0x1410,0x0629F,0x061B0,0x3A,0x310,30,26,09,FF
1959,0x5311,0x1411,0x0629E,0x061B0,0x3A,0x311,27,10,01,EA
1960,0x5312,0x1412,0x0629D,0x061B0,0x3A,0x312,50,12,2B,ED
1961,0x5313,0x1413,0x0629C,0x061B0,0x3A,0x313,27,10,03,EC
1962,0x5314,0x1414,0x0629B,0x061B0,0x3A,0x314,50,12,2D,EF
1963,0x5315,0x1415,0x0629A,0x061B0,0x3A,0x315,26,10,04,EE
1964,0x5316,0x1416,0x06299,0x061B0,0x3A,0x316,10,12,EF,F1
1965,0x5317,0x1417,0x06298,0x061B0,0x3A,0x317,12,10,F2,F0
1966,0x5318,0x1418,0x06297,0x061B0,0x3A,0x318,10,12,F1,F3
1967,0x5319,0x1419,0x06296,0x061B0,0x3A,0x319,12,10,F4,F2
1968,0x531A,0x141A,0x06295,0x061B0,0x3A,0x31A,10,12,F3,F5
1969,0x531B,0x141B,0x06294,0x061B0,0x3A,0x31B,12,10,F6,F4
1970,0x531C,0x141C,0x06293,0x061B0,0x3A,0x31C,0F,12,F4,F7
1975,0x5321,0x1421,0x0628E,0x061B0,0x3A,0x321,40,10,2A,FA
1976,0x5322,0x1422,0x0628D,0x061B0,0x3A,0x322,26,12,11,FD
1977,0x5323,0x1423,0x0628C,0x061B0,0x3A,0x323,50,30,3C,1C
1978,0x5324,0x1424,0x0628B,0x061B0,0x3A,0x324,26,27,13,14
1979,0x5325,0x1425,0x0628A,0x061B0,0x3A,0x325,10,F0,FE,DE
1981,0x5327,0x1427,0x06288,0x061B0,0x3A,0x327,40,C0,30,B0
1982,0x5328,0x1428,0x06287,0x061B0,0x3A,0x328,27,26,18,17
1983,0x5329,0x1429,0x06286,0x061B0,0x3A,0x329,80,40,72,32
1985,0x532B,0x142B,0x06284,0x061B0,0x3A,0x32B,10,50,04,44
1986,0x532C,0x142C,0x06283,0x061B0,0x3A,0x32C,12,26,07,1B
1987,0x532D,0x142D,0x06282,0x061B0,0x3A,0x32D,A0,50,96,46
1988,0x532E,0x142E,0x06281,0x061B0,0x3A,0x32E,27,26,1E,1D
1989,0x532F,0x142F,0x06280,0x061B0,0x3A,0x32F,F0,20,E8,18
1990,0x5330,0x1430,0x0627F,0x061B0,0x3A,0x330,26,27,1F,20
1991,0x5331,0x1431,0x0627E,0x061B0,0x3A,0x331,E0,10,DA,0A
1992,0x5332,0x1432,0x0627D,0x061B0,0x3A,0x332,26,12,21,0D
1995,0x5335,0x1435,0x0627A,0x061B0,0x3A,0x335,10,30,0E,2E
1996,0x5336,0x1436,0x06279,0x061B0,0x3A,0x336,12,27,11,26
1999,0x5339,0x1439,0x06276,0x061B0,0x3A,0x339,10,20,12,22
2000,0x533A,0x143A,0x06275,0x061B0,0x3A,0x33A,12,26,15,29
2001,0x533B,0x143B,0x06274,0x061B0,0x3A,0x33B,10,F0,14,F4
2002,0x533C,0x143C,0x06273,0x061B0,0x3A,0x33C,12,26,17,2B
2003,0x533D,0x143D,0x06272,0x061B0,0x3A,0x33D,10,20,16,26
2004,0x533E,0x143E,0x06271,0x061B0,0x3A,0x33E,12,27,19,2E
2005,0x533F,0x143F,0x06270,0x061B0,0x3A,0x33F,10,E0,18,E8
2006,0x5340,0x1440,0x0626F,0x061B0,0x3A,0x340,12,26,1B,2F
2015,0x5349,0x1449,0x06266,0x061B0,0x3A,0x349,F0,10,02,22
2016,0x534A,0x144A,0x06265,0x061B0,0x3A,0x34A,26,12,39,25
2017,0x534B,0x144B,0x06264,0x061B0,0x3A,0x34B,70,50,84,64
2019,0x534D,0x144D,0x06262,0x061B0,0x3A,0x34D,20,E0,36,F6
2020,0x534E,0x144E,0x06261,0x061B0,0x3A,0x34E,27,26,3E,3D
2021,0x534F,0x144F,0x06260,0x061B0,0x3A,0x34F,50,40,68,58
2022,0x5350,0x1450,0x0625F,0x061B0,0x3A,0x350,26,27,3F,40
2023,0x5351,0x1451,0x0625E,0x061B0,0x3A,0x351,10,50,2A,6A
2024,0x5352,0x1452,0x0625D,0x061B0,0x3A,0x352,12,26,2D,41
2026,0x5354,0x1454,0x0625B,0x061B0,0x3A,0x354,26,27,43,44
2028,0x5356,0x1456,0x06259,0x061B0,0x3A,0x356,26,12,45,31
2029,0x5357,0x1457,0x06258,0x061B0,0x3A,0x357,40,C0,60,E0
2030,0x5358,0x1458,0x06257,0x061B0,0x3A,0x358,27,26,48,47
2031,0x5359,0x1459,0x06256,0x061B0,0x3A,0x359,40,F0,62,12
2032,0x535A,0x145A,0x06255,0x061B0,0x3A,0x35A,27,26,4A,49
2033,0x535B,0x145B,0x06254,0x061B0,0x3A,0x35B,C0,70,E4,94
2035,0x535D,0x145D,0x06252,0x061B0,0x3A,0x35D,50,C0,76,E6
2037,0x535F,0x145F,0x06250,0x061B0,0x3A,0x35F,10,50,38,78
2038,0x5360,0x1460,0x0624F,0x061B0,0x3A,0x360,12,26,3B,4F
2039,0x5361,0x1461,0x0624E,0x061B0,0x3A,0x361,10,30,3A,5A
2040,0x5362,0x1462,0x0624D,0x061B0,0x3A,0x362,12,27,3D,52
2041,0x5363,0x1463,0x0624C,0x061B0,0x3A,0x363,10,30,3C,5C
2042,0x5364,0x1464,0x0624B,0x061B0,0x3A,0x364,12,27,3F,54
2055,0x5371,0x1471,0x0623E,0x061B0,0x3A,0x371,30,10,6A,4A
2056,0x5372,0x1472,0x0623D,0x061B0,0x3A,0x372,27,12,62,4D
2057,0x5373,0x1473,0x0623C,0x061B0,0x3A,0x373,F0,30,2C,6C
2058,0x5374,0x1474,0x0623B,0x061B0,0x3A,0x374,26,27,63,64
2059,0x5375,0x1475,0x0623A,0x061B0,0x3A,0x375,C0,10,FE,4E
2063,0x5379,0x1479,0x06236,0x061B0,0x3A,0x379,90,E0,D2,22
2067,0x537D,0x147D,0x06232,0x061B0,0x3A,0x37D,20,30,66,76
2069,0x537F,0x147F,0x06230,0x061B0,0x3A,0x37F,10,30,58,78
2070,0x5380,0x1480,0x0622F,0x061B0,0x3A,0x380,12,27,5B,70
2071,0x5381,0x1481,0x0622E,0x061B0,0x3A,0x381,90,60,DA,AA
2072,0x5382,0x1482,0x0622D,0x061B0,0x3A,0x382,26,12,71,5D
2073,0x5383,0x1483,0x0622C,0x061B0,0x3A,0x383,30,60,7C,AC
2074,0x5384,0x1484,0x0622B,0x061B0,0x3A,0x384,27,12,74,5F
2075,0x5385,0x1485,0x0622A,0x061B0,0x3A,0x385,10,60,5E,AE
2078,0x5388,0x1488,0x06227,0x061B0,0x3A,0x388,26,27,77,78
2079,0x5389,0x1489,0x06226,0x061B0,0x3A,0x389,F0,50,42,A2
2081,0x538B,0x148B,0x06224,0x061B0,0x3A,0x38B,20,50,74,A4
2082,0x538C,0x148C,0x06223,0x061B0,0x3A,0x38C,27,26,7C,7B
2083,0x538D,0x148D,0x06222,0x061B0,0x3A,0x38D,E0,B0,36,06
2085,0x538F,0x148F,0x06220,0x061B0,0x3A,0x38F,10,F0,68,48
2086,0x5390,0x1490,0x0621F,0x061B0,0x3A,0x390,12,26,6B,7F
2095,0x5399,0x1499,0x06216,0x061B0,0x3A,0x399,50,10,B2,72
2096,0x539A,0x149A,0x06215,0x061B0,0x3A,0x39A,26,12,89,75
2097,0x539B,0x149B,0x06214,0x061B0,0x3A,0x39B,E0,20,44,84
2098,0x539C,0x149C,0x06213,0x061B0,0x3A,0x39C,26,27,8B,8C
2099,0x539D,0x149D,0x06212,0x061B0,0x3A,0x39D,40,50,A6,B6
2100,0x539E,0x149E,0x06211,0x061B0,0x3A,0x39E,27,26,8E,8D
2101,0x539F,0x149F,0x06210,0x061B0,0x3A,0x39F,50,10,B8,78
2102,0x53A0,0x14A0,0x0620F,0x061B0,0x3A,0x3A0,26,27,8F,90
2103,0x53A1,0x14A1,0x0620E,0x061B0,0x3A,0x3A1,20,50,8A,BA
2105,0x53A3,0x14A3,0x0620C,0x061B0,0x3A,0x3A3,10,50,7C,BC
2106,0x53A4,0x14A4,0x0620B,0x061B0,0x3A,0x3A4,12,26,7F,93
2107,0x53A5,0x14A5,0x0620A,0x061B0,0x3A,0x3A5,C0,50,2E,BE
2109,0x53A7,0x14A7,0x06208,0x061B0,0x3A,0x3A7,F0,D0,60,40
2111,0x53A9,0x14A9,0x06206,0x061B0,0x3A,0x3A9,70,10,E2,82
2112,0x53AA,0x14AA,0x06205,0x061B0,0x3A,0x3AA,26,12,99,85
2113,0x53AB,0x14AB,0x06204,0x061B0,0x3A,0x3AB,C0,10,34,84
2114,0x53AC,0x14AC,0x06203,0x061B0,0x3A,0x3AC,26,12,9B,87
2115,0x53AD,0x14AD,0x06202,0x061B0,0x3A,0x3AD,50,10,C6,86
2116,0x53AE,0x14AE,0x06201,0x061B0,0x3A,0x3AE,26,12,9D,89
2117,0x53AF,0x14AF,0x06200,0x061B0,0x3A,0x3AF,30,10,A8,88
2118,0x53B0,0x14B0,0x061FF,0x061B0,0x3A,0x3B0,27,12,A0,8B
2119,0x53B1,0x14B1,0x061FE,0x061B0,0x3A,0x3B1,30,10,AA,8A
2120,0x53B2,0x14B2,0x061FD,0x061B0,0x3A,0x3B2,27,12,A2,8D
2135,0x53C1,0x14C1,0x061EE,0x061B0,0x3A,0x3C1,30,10,BA,9A
2136,0x53C2,0x14C2,0x061ED,0x061B0,0x3A,0x3C2,27,12,B2,9D
2137,0x53C3,0x14C3,0x061EC,0x061B0,0x3A,0x3C3,10,D0,9C,5C
2139,0x53C5,0x14C5,0x061EA,0x061B0,0x3A,0x3C5,40,90,CE,1E
2140,0x53C6,0x14C6,0x061E9,0x061B0,0x3A,0x3C6,26,36,B5,C5
2141,0x53C7,0x14C7,0x061E8,0x061B0,0x3A,0x3C7,E0,30,70,C0
2142,0x53C8,0x14C8,0x061E7,0x061B0,0x3A,0x3C8,26,37,B7,C8
2143,0x53C9,0x14C9,0x061E6,0x061B0,0x3A,0x3C9,50,30,E2,C2
2144,0x53CA,0x14CA,0x061E5,0x061B0,0x3A,0x3CA,26,37,B9,CA
2145,0x53CB,0x14CB,0x061E4,0x061B0,0x3A,0x3CB,30,10,C4,A4
2146,0x53CC,0x14CC,0x061E3,0x061B0,0x3A,0x3CC,27,12,BC,A7
2147,0x53CD,0x14CD,0x061E2,0x061B0,0x3A,0x3CD,30,20,C6,B6
2148,0x53CE,0x14CE,0x061E1,0x061B0,0x3A,0x3CE,27,26,BE,BD
2149,0x53CF,0x14CF,0x061E0,0x061B0,0x3A,0x3CF,60,C0,F8,58
2150,0x53D0,0x14D0,0x061DF,0x061B0,0x3A,0x3D0,12,26,AB,BF
2151,0x53D1,0x14D1,0x061DE,0x061B0,0x3A,0x3D1,60,50,FA,EA
2152,0x53D2,0x14D2,0x061DD,0x061B0,0x3A,0x3D2,12,27,AD,C2
2153,0x53D3,0x14D3,0x061DC,0x061B0,0x3A,0x3D3,60,50,FC,EC
2154,0x53D4,0x14D4,0x061DB,0x061B0,0x3A,0x3D4,12,26,AF,C3
2155,0x53D5,0x14D5,0x061DA,0x061B0,0x3A,0x3D5,20,40,BE,DE
2156,0x53D6,0x14D6,0x061D9,0x061B0,0x3A,0x3D6,27,9F,C6,3E
2157,0x53D7,0x14D7,0x061D8,0x061B0,0x3A,0x3D7,50,00,F0,A0
2158,0x53D8,0x14D8,0x061D7,0x061B0,0x3A,0x3D8,26,20,C7,C1
2159,0x53D9,0x14D9,0x061D6,0x061B0,0x3A,0x3D9,90,10,32,B2
2160,0x53DA,0x14DA,0x061D5,0x061B0,0x3A,0x3DA,26,12,C9,B5
2161,0x53DB,0x14DB,0x061D4,0x061B0,0x3A,0x3DB,B0,50,54,F4
2162,0x53DC,0x14DC,0x061D3,0x061B0,0x3A,0x3DC,26,39,CB,DE
2163,0x53DD,0x14DD,0x061D2,0x061B0,0x3A,0x3DD,F0,D0,96,76
2164,0x53DE,0x14DE,0x061D1,0x061B0,0x3A,0x3DE,26,3D,CD,E4
2165,0x53DF,0x14DF,0x061D0,0x061B0,0x3A,0x3DF,10,50,B8,F8
2166,0x53E0,0x14E0,0x061CF,0x061B0,0x3A,0x3E0,12,34,BB,DD
2173,0x53E7,0x14E7,0x061C8,0x061B0,0x3A,0x3E7,10,0F,C0,BF
2174,0x53E8,0x14E8,0x061C7,0x061B0,0x3A,0x3E8,12,10,C3,C1
2175,0x53E9,0x14E9,0x061C6,0x061B0,0x3A,0x3E9,20,12,D2,C4
2176,0x53EA,0x14EA,0x061C5,0x061B0,0x3A,0x3EA,27,10,DA,C3
2177,0x53EB,0x14EB,0x061C4,0x061B0,0x3A,0x3EB,50,12,04,C6
2178,0x53EC,0x14EC,0x061C3,0x061B0,0x3A,0x3EC,26,10,DB,C5
2179,0x53ED,0x14ED,0x061C2,0x061B0,0x3A,0x3ED,10,12,C6,C8
2180,0x53EE,0x14EE,0x061C1,0x061B0,0x3A,0x3EE,27,10,DE,C7
2181,0x53EF,0x14EF,0x061C0,0x061B0,0x3A,0x3EF,50,12,08,CA
2182,0x53F0,0x14F0,0x061BF,0x061B0,0x3A,0x3F0,27,10,E0,C9
2183,0x53F1,0x14F1,0x061BE,0x061B0,0x3A,0x3F1,90,12,4A,CC
2184,0x53F2,0x14F2,0x061BD,0x061B0,0x3A,0x3F2,26,30,E1,EB
2185,0x53F3,0x14F3,0x061BC,0x061B0,0x3A,0x3F3,50,14,0C,D0
2186,0x53F4,0x14F4,0x061BB,0x061B0,0x3A,0x3F4,26,10,E3,CD
2187,0x53F5,0x14F5,0x061BA,0x061B0,0x3A,0x3F5,D0,12,8E,D0
2188,0x53F6,0x14F6,0x061B9,0x061B0,0x3A,0x3F6,26,50,E5,0F
2189,0x53F7,0x14F7,0x061B8,0x061B0,0x3A,0x3F7,10,21,D0,E1
2190,0x53F8,0x14F8,0x061B7,0x061B0,0x3A,0x3F8,12,30,D3,F1
2191,0x53F9,0x14F9,0x061B6,0x061B0,0x3A,0x3F9,10,31,D2,F3
2192,0x53FA,0x14FA,0x061B5,0x061B0,0x3A,0x3FA,12,F0,D5,B3
2193,0x53FB,0x14FB,0x061B4,0x061B0,0x3A,0x3FB,10,E6,D4,AA
2194,0x53FC,0x14FC,0x061B3,0x061B0,0x3A,0x3FC,12,10,D7,D5
2195,0x53FD,0x14FD,0x061B2,0x061B0,0x3A,0x3FD,10,12,D6,D8
2196,0x53FE,0x14FE,0x061B1,0x061B0,0x3A,0x3FE,12,30,D9,F7
2197,0x53FF,0x14FF,0x061B0,0x061B0,0x3A,0x3FF,10,14,D9,DD
2198,0x5400,0x1500,0x069BF,0x065C0,0x3A,0x000,12,10,D8,D6
2199,0x5401,0x1501,0x069BE,0x065C0,0x3A,0x001,10,12,D7,D9
2200,0x5402,0x1502,0x069BD,0x065C0,0x3A,0x002,12,10,DA,D8
2201,0x5403,0x1503,0x069BC,0x065C0,0x3A,0x003,10,12,D9,DB
2202,0x5404,0x1504,0x069BB,0x065C0,0x3A,0x004,12,10,DC,DA
2203,0x5405,0x1505,0x069BA,0x065C0,0x3A,0x005,10,12,DB,DD
2204,0x5406,0x1506,0x069B9,0x065C0,0x3A,0x006,12,10,DE,DC
2205,0x5407,0x1507,0x069B8,0x065C0,0x3A,0x007,10,12,DD,DF
2206,0x5408,0x1508,0x069B7,0x065C0,0x3A,0x008,12,10,E0,DE
2207,0x5409,0x1509,0x069B6,0x065C0,0x3A,0x009,10,12,DF,E1
2208,0x540A,0x150A,0x069B5,0x065C0,0x3A,0x00A,12,10,E2,E0
2209,0x540B,0x150B,0x069B4,0x065C0,0x3A,0x00B,10,12,E1,E3
2210,0x540C,0x150C,0x069B3,0x065C0,0x3A,0x00C,12,10,E4,E2
2211,0x540D,0x150D,0x069B2,0x065C0,0x3A,0x00D,10,12,E3,E5
2212,0x540E,0x150E,0x069B1,0x065C0,0x3A,0x00E,12,10,E6,E4
2213,0x540F,0x150F,0x069B0,0x065C0,0x3A,0x00F,10,12,E5,E7
2214,0x5410,0x1510,0x069AF,0x065C0,0x3A,0x010,12,10,E8,E6
2215,0x5411,0x1511,0x069AE,0x065C0,0x3A,0x011,D0,12,A7,E9
2216,0x5412,0x1512,0x069AD,0x065C0,0x3A,0x012,26,10,FE,E8
2217,0x5413,0x1513,0x069AC,0x065C0,0x3A,0x013,90,12,69,EB
2218,0x5414,0x1514,0x069AB,0x065C0,0x3A,0x014,36,10,10,EA
2219,0x5415,0x1515,0x069AA,0x065C0,0x3A,0x015,30,12,0B,ED
2220,0x5416,0x1516,0x069A9,0x065C0,0x3A,0x016,37,10,13,EC
2221,0x5417,0x1517,0x069A8,0x065C0,0x3A,0x017,30,12,0D,EF
2222,0x5418,0x1518,0x069A7,0x065C0,0x3A,0x018,37,10,15,EE
2223,0x5419,0x1519,0x069A6,0x065C0,0x3A,0x019,10,12,EF,F1
2224,0x541A,0x151A,0x069A5,0x065C0,0x3A,0x01A,12,10,F2,F0
2225,0x541B,0x151B,0x069A4,0x065C0,0x3A,0x01B,20,12,01,F3
2226,0x541C,0x151C,0x069A3,0x065C0,0x3A,0x01C,26,10,08,F2
2227,0x541D,0x151D,0x069A2,0x065C0,0x3A,0x01D,C0,12,A3,F5
2228,0x541E,0x151E,0x069A1,0x065C0,0x3A,0x01E,26,10,0A,F4
2229,0x541F,0x151F,0x069A0,0x065C0,0x3A,0x01F,50,12,35,F7
2230,0x5420,0x1520,0x0699F,0x065C0,0x3A,0x020,27,10,0D,F6
2231,0x5421,0x1521,0x0699E,0x065C0,0x3A,0x021,50,12,37,F9
2232,0x5422,0x1522,0x0699D,0x065C0,0x3A,0x022,26,10,0E,F8
2233,0x5423,0x1523,0x0699C,0x065C0,0x3A,0x023,10,12,F9,FB
2234,0x5424,0x1524,0x0699B,0x065C0,0x3A,0x024,12,10,FC,FA
2235,0x5425,0x1525,0x0699A,0x065C0,0x3A,0x025,B0,12,9B,FD
2236,0x5426,0x1526,0x06999,0x065C0,0x3A,0x026,28,10,14,FC
2237,0x5427,0x1527,0x06998,0x065C0,0x3A,0x027,90,12,7D,FF
2238,0x5428,0x1528,0x06997,0x065C0,0x3A,0x028,D1,10,BF,FE
2239,0x5429,0x1529,0x06996,0x065C0,0x3A,0x029,00,12,EF,01
2240,0x542A,0x152A,0x06995,0x065C0,0x3A,0x02A,BD,10,AD,00
2241,0x542B,0x152B,0x06994,0x065C0,0x3A,0x02B,F0,12,E1,03
2242,0x542C,0x152C,0x06993,0x065C0,0x3A,0x02C,29,10,1B,02
2243,0x542D,0x152D,0x06992,0x065C0,0x3A,0x02D,20,12,13,05
2244,0x542E,0x152E,0x06991,0x065C0,0x3A,0x02E,39,10,2D,04
2245,0x542F,0x152F,0x06990,0x065C0,0x3A,0x02F,10,12,05,07
2246,0x5430,0x1530,0x0698F,0x065C0,0x3A,0x030,12,10,08,06
2247,0x5431,0x1531,0x0698E,0x065C0,0x3A,0x031,10,12,07,09
2248,0x5432,0x1532,0x0698D,0x065C0,0x3A,0x032,12,10,0A,08
2249,0x5433,0x1533,0x0698C,0x065C0,0x3A,0x033,10,12,09,0B
2250,0x5434,0x1534,0x0698B,0x065C0,0x3A,0x034,12,10,0C,0A
2251,0x5435,0x1535,0x0698A,0x065C0,0x3A,0x035,0F,12,0A,0D
2256,0x543A,0x153A,0x06985,0x065C0,0x3A,0x03A,10,E0,10,E0
2257,0x543B,0x153B,0x06984,0x065C0,0x3A,0x03B,12,17,13,18
2258,0x543C,0x153C,0x06983,0x065C0,0x3A,0x03C,10,D0,12,D2
2259,0x543D,0x153D,0x06982,0x065C0,0x3A,0x03D,12,E5,15,E8
2260,0x543E,0x153E,0x06981,0x065C0,0x3A,0x03E,30,10,34,14
2261,0x543F,0x153F,0x06980,0x065C0,0x3A,0x03F,14,12,19,17
2264,0x5442,0x1542,0x0697D,0x065C0,0x3A,0x042,00,10,08,18
2265,0x5443,0x1543,0x0697C,0x065C0,0x3A,0x043,1B,12,24,1B
2266,0x5444,0x1544,0x0697B,0x065C0,0x3A,0x044,90,10,9A,1A
2267,0x5445,0x1545,0x0697A,0x065C0,0x3A,0x045,3A,12,45,1D
2268,0x5446,0x1546,0x06979,0x065C0,0x3A,0x046,50,10,5C,1C
2269,0x5447,0x1547,0x06978,0x065C0,0x3A,0x047,2B,12,38,1F
2270,0x5448,0x1548,0x06977,0x065C0,0x3A,0x048,30,50,3E,5E
2271,0x5449,0x1549,0x06976,0x065C0,0x3A,0x049,1A,E3,29,F2
2272,0x544A,0x154A,0x06975,0x065C0,0x3A,0x04A,30,00,40,10
2273,0x544B,0x154B,0x06974,0x065C0,0x3A,0x04B,2A,6C,3B,7D
2274,0x544C,0x154C,0x06973,0x065C0,0x3A,0x04C,F0,C0,02,D2
2275,0x544D,0x154D,0x06972,0x065C0,0x3A,0x04D,1A,3F,2D,52
2278,0x5450,0x1550,0x0696F,0x065C0,0x3A,0x050,30,10,46,26
2279,0x5451,0x1551,0x0696E,0x065C0,0x3A,0x051,14,12,2B,29
2280,0x5452,0x1552,0x0696D,0x065C0,0x3A,0x052,10,60,28,78
2281,0x5453,0x1553,0x0696C,0x065C0,0x3A,0x053,12,E5,2B,FE
2282,0x5454,0x1554,0x0696B,0x065C0,0x3A,0x054,10,D0,2A,EA
2283,0x5455,0x1555,0x0696A,0x065C0,0x3A,0x055,12,31,2D,4C
2284,0x5456,0x1556,0x06969,0x065C0,0x3A,0x056,10,A0,2C,BC
2285,0x5457,0x1557,0x06968,0x065C0,0x3A,0x057,12,E6,2F,03
2334,0x5488,0x1588,0x06937,0x065C0,0x3A,0x088,70,10,BE,5E
2335,0x5489,0x1589,0x06936,0x065C0,0x3A,0x089,2A,12,79,61
2336,0x548A,0x158A,0x06935,0x065C0,0x3A,0x08A,30,20,80,70
2337,0x548B,0x158B,0x06934,0x065C0,0x3A,0x08B,1A,30,6B,81
2338,0x548C,0x158C,0x06933,0x065C0,0x3A,0x08C,C0,00,12,52
2339,0x548D,0x158D,0x06932,0x065C0,0x3A,0x08D,3A,DF,8D,32
2340,0x548E,0x158E,0x06931,0x065C0,0x3A,0x08E,F0,A0,44,F4
2341,0x548F,0x158F,0x06930,0x065C0,0x3A,0x08F,1A,DE,6F,33
2342,0x5490,0x1590,0x0692F,0x065C0,0x3A,0x090,F0,10,46,66
2343,0x5491,0x1591,0x0692E,0x065C0,0x3A,0x091,1B,12,72,69
2344,0x5492,0x1592,0x0692D,0x065C0,0x3A,0x092,C0,10,18,68
2345,0x5493,0x1593,0x0692C,0x065C0,0x3A,0x093,13,12,6C,6B
2350,0x5498,0x1598,0x06927,0x065C0,0x3A,0x098,10,50,6E,AE
2351,0x5499,0x1599,0x06926,0x065C0,0x3A,0x099,12,E3,71,42
2352,0x549A,0x159A,0x06925,0x065C0,0x3A,0x09A,10,00,70,60
2353,0x549B,0x159B,0x06924,0x065C0,0x3A,0x09B,12,6C,73,CD
2354,0x549C,0x159C,0x06923,0x065C0,0x3A,0x09C,10,C0,72,22
2355,0x549D,0x159D,0x06922,0x065C0,0x3A,0x09D,12,3F,75,A2
2356,0x549E,0x159E,0x06921,0x065C0,0x3A,0x09E,30,10,94,74
2357,0x549F,0x159F,0x06920,0x065C0,0x3A,0x09F,9D,12,02,77
2360,0x54A2,0x15A2,0x0691D,0x065C0,0x3A,0x0A2,10,60,78,C8
2361,0x54A3,0x15A3,0x0691C,0x065C0,0x3A,0x0A3,12,E5,7B,4E
2362,0x54A4,0x15A4,0x0691B,0x065C0,0x3A,0x0A4,00,D0,6A,3A
2363,0x54A5,0x15A5,0x0691A,0x065C0,0x3A,0x0A5,B2,31,1D,9C
2364,0x54A6,0x15A6,0x06919,0x065C0,0x3A,0x0A6,90,A0,FC,0C
2365,0x54A7,0x15A7,0x06918,0x065C0,0x3A,0x0A7,F9,E6,66,53
2390,0x54C0,0x15C0,0x068FF,0x065C0,0x3A,0x0C0,10,C0,96,46
2391,0x54C1,0x15C1,0x068FE,0x065C0,0x3A,0x0C1,12,27,99,AE
2392,0x54C2,0x15C2,0x068FD,0x065C0,0x3A,0x0C2,10,B0,98,38
2393,0x54C3,0x15C3,0x068FC,0x065C0,0x3A,0x0C3,12,24,9B,AD
2394,0x54C4,0x15C4,0x068FB,0x065C0,0x3A,0x0C4,10,80,9A,0A
2395,0x54C5,0x15C5,0x068FA,0x065C0,0x3A,0x0C5,12,E6,9D,71
2400,0x54CA,0x15CA,0x068F5,0x065C0,0x3A,0x0CA,10,70,A0,00
2401,0x54CB,0x15CB,0x068F4,0x065C0,0x3A,0x0CB,12,E6,A3,77
2402,0x54CC,0x15CC,0x068F3,0x065C0,0x3A,0x0CC,10,F0,A2,82
2403,0x54CD,0x15CD,0x068F2,0x065C0,0x3A,0x0CD,12,C7,A5,5A
2404,0x54CE,0x15CE,0x068F1,0x065C0,0x3A,0x0CE,10,C0,A4,54
2405,0x54CF,0x15CF,0x068F0,0x065C0,0x3A,0x0CF,12,3F,A7,D4
2414,0x54D8,0x15D8,0x068E7,0x065C0,0x3A,0x0D8,70,10,0E,AE
2415,0x54D9,0x15D9,0x068E6,0x065C0,0x3A,0x0D9,2A,12,C9,B1
2416,0x54DA,0x15DA,0x068E5,0x065C0,0x3A,0x0DA,60,10,00,B0
2417,0x54DB,0x15DB,0x068E4,0x065C0,0x3A,0x0DB,1B,12,BC,B3
2418,0x54DC,0x15DC,0x068E3,0x065C0,0x3A,0x0DC,40,10,E2,B2
2419,0x54DD,0x15DD,0x068E2,0x065C0,0x3A,0x0DD,1A,12,BD,B5
2420,0x54DE,0x15DE,0x068E1,0x065C0,0x3A,0x0DE,30,10,D4,B4
2421,0x54DF,0x15DF,0x068E0,0x065C0,0x3A,0x0DF,3B,12,E0,B7
2430,0x54E8,0x15E8,0x068D7,0x065C0,0x3A,0x0E8,10,D0,BE,7E
2431,0x54E9,0x15E9,0x068D6,0x065C0,0x3A,0x0E9,12,E6,C1,95
2432,0x54EA,0x15EA,0x068D5,0x065C0,0x3A,0x0EA,10,70,C0,20
2433,0x54EB,0x15EB,0x068D4,0x065C0,0x3A,0x0EB,12,34,C3,E5
2434,0x54EC,0x15EC,0x068D3,0x065C0,0x3A,0x0EC,10,F0,C2,A2
2435,0x54ED,0x15ED,0x068D2,0x065C0,0x3A,0x0ED,12,CD,C5,80
2436,0x54EE,0x15EE,0x068D1,0x065C0,0x3A,0x0EE,30,50,E4,04
2437,0x54EF,0x15EF,0x068D0,0x065C0,0x3A,0x0EF,9D,39,52,EE
2440,0x54F2,0x15F2,0x068CD,0x065C0,0x3A,0x0F2,10,60,C8,18
2441,0x54F3,0x15F3,0x068CC,0x065C0,0x3A,0x0F3,12,E5,CB,9E
2442,0x54F4,0x15F4,0x068CB,0x065C0,0x3A,0x0F4,00,D0,BA,8A
2443,0x54F5,0x15F5,0x068CA,0x065C0,0x3A,0x0F5,B2,31,6D,EC
2444,0x54F6,0x15F6,0x068C9,0x065C0,0x3A,0x0F6,90,C0,4C,7C
2445,0x54F7,0x15F7,0x068C8,0x065C0,0x3A,0x0F7,F9,3F,B6,FC
2470,0x5510,0x1610,0x068AF,0x065C0,0x3A,0x110,10,90,E7,67
2471,0x5511,0x1611,0x068AE,0x065C0,0x3A,0x111,12,DE,EA,B6
2472,0x5512,0x1612,0x068AD,0x065C0,0x3A,0x112,10,D0,E9,A9
2473,0x5513,0x1613,0x068AC,0x065C0,0x3A,0x113,12,3D,EC,17
2474,0x5514,0x1614,0x068AB,0x065C0,0x3A,0x114,10,C0,EB,9B
2475,0x5515,0x1615,0x068AA,0x065C0,0x3A,0x115,12,27,EE,03
2476,0x5516,0x1616,0x068A9,0x065C0,0x3A,0x116,40,10,1D,ED
2477,0x5517,0x1617,0x068A8,0x065C0,0x3A,0x117,8A,12,68,F0
2478,0x5518,0x1618,0x068A7,0x065C0,0x3A,0x118,60,10,3F,EF
2479,0x5519,0x1619,0x068A6,0x065C0,0x3A,0x119,C6,12,A6,F2
2481,0x551B,0x161B,0x068A4,0x065C0,0x3A,0x11B,12,E2,F4,C4
2482,0x551C,0x161C,0x068A3,0x065C0,0x3A,0x11C,40,F0,23,D3
2483,0x551D,0x161D,0x068A2,0x065C0,0x3A,0x11D,F2,CD,D6,B1
2485,0x551F,0x161F,0x068A0,0x065C0,0x3A,0x11F,12,E0,F8,C6
2494,0x5528,0x1628,0x06897,0x065C0,0x3A,0x128,10,0F,FF,FE
2495,0x5529,0x1629,0x06896,0x065C0,0x3A,0x129,12,10,02,00
2496,0x552A,0x162A,0x06895,0x065C0,0x3A,0x12A,10,12,01,03
2497,0x552B,0x162B,0x06894,0x065C0,0x3A,0x12B,12,B0,04,A2
2498,0x552C,0x162C,0x06893,0x065C0,0x3A,0x12C,10,E2,03,D5
2499,0x552D,0x162D,0x06892,0x065C0,0x3A,0x12D,12,30,06,24
2500,0x552E,0x162E,0x06891,0x065C0,0x3A,0x12E,10,3F,05,34
2501,0x552F,0x162F,0x06890,0x065C0,0x3A,0x12F,12,30,08,26
2502,0x5530,0x1630,0x0688F,0x065C0,0x3A,0x130,10,E7,07,DE
2503,0x5531,0x1631,0x0688E,0x065C0,0x3A,0x131,12,B0,0A,A8
2504,0x5532,0x1632,0x0688D,0x065C0,0x3A,0x132,10,20,09,19
2505,0x5533,0x1633,0x0688C,0x065C0,0x3A,0x133,12,10,0C,0A
2506,0x5534,0x1634,0x0688B,0x065C0,0x3A,0x134,10,12,0B,0D
2507,0x5535,0x1635,0x0688A,0x065C0,0x3A,0x135,12,10,0E,0C
2508,0x5536,0x1636,0x06889,0x065C0,0x3A,0x136,10,12,0D,0F
2509,0x5537,0x1637,0x06888,0x065C0,0x3A,0x137,12,50,10,4E
2510,0x5538,0x1638,0x06887,0x065C0,0x3A,0x138,10,E3,0F,E2
2511,0x5539,0x1639,0x06886,0x065C0,0x3A,0x139,12,B0,12,B0
2512,0x553A,0x163A,0x06885,0x065C0,0x3A,0x13A,10,24,11,25
2513,0x553B,0x163B,0x06884,0x065C0,0x3A,0x13B,12,E0,14,E2
2514,0x553C,0x163C,0x06883,0x065C0,0x3A,0x13C,10,9F,13,A2
2515,0x553D,0x163D,0x06882,0x065C0,0x3A,0x13D,12,10,16,14
2516,0x553E,0x163E,0x06881,0x065C0,0x3A,0x13E,B0,12,B5,17
2517,0x553F,0x163F,0x06880,0x065C0,0x3A,0x13F,49,10,4F,16
2518,0x5540,0x1640,0x0687F,0x065C0,0x3A,0x140,40,12,47,19
2519,0x5541,0x1641,0x0687E,0x065C0,0x3A,0x141,66,80,6E,88
2520,0x5542,0x1642,0x0687D,0x065C0,0x3A,0x142,10,E6,19,EF
2521,0x5543,0x1643,0x0687C,0x065C0,0x3A,0x143,12,70,1C,7A
2522,0x5544,0x1644,0x0687B,0x065C0,0x3A,0x144,00,E6,0B,F1
2523,0x5545,0x1645,0x0687A,0x065C0,0x3A,0x145,73,10,7F,1C
2524,0x5546,0x1646,0x06879,0x065C0,0x3A,0x146,10,12,1D,1F
2525,0x5547,0x1647,0x06878,0x065C0,0x3A,0x147,12,10,20,1E
2526,0x5548,0x1648,0x06877,0x065C0,0x3A,0x148,10,12,1F,21
2527,0x5549,0x1649,0x06876,0x065C0,0x3A,0x149,12,10,22,20
2528,0x554A,0x164A,0x06875,0x065C0,0x3A,0x14A,10,12,21,23
2529,0x554B,0x164B,0x06874,0x065C0,0x3A,0x14B,12,10,24,22
2530,0x554C,0x164C,0x06873,0x065C0,0x3A,0x14C,10,12,23,25
2531,0x554D,0x164D,0x06872,0x065C0,0x3A,0x14D,12,10,26,24
2532,0x554E,0x164E,0x06871,0x065C0,0x3A,0x14E,10,12,25,27
2533,0x554F,0x164F,0x06870,0x065C0,0x3A,0x14F,12,10,28,26
2534,0x5550,0x1650,0x0686F,0x065C0,0x3A,0x150,10,12,27,29
2535,0x5551,0x1651,0x0686E,0x065C0,0x3A,0x151,12,10,2A,28
2536,0x5552,0x1652,0x0686D,0x065C0,0x3A,0x152,10,12,29,2B
2537,0x5553,0x1653,0x0686C,0x065C0,0x3A,0x153,12,10,2C,2A
2538,0x5554,0x1654,0x0686B,0x065C0,0x3A,0x154,10,12,2B,2D
2539,0x5555,0x1655,0x0686A,0x065C0,0x3A,0x155,12,10,2E,2C
2540,0x5556,0x1656,0x06869,0x065C0,0x3A,0x156,10,12,2D,2F
2541,0x5557,0x1657,0x06868,0x065C0,0x3A,0x157,12,10,30,2E
2542,0x5558,0x1658,0x06867,0x065C0,0x3A,0x158,10,12,2F,31
2543,0x5559,0x1659,0x06866,0x065C0,0x3A,0x159,12,10,32,30
2544,0x555A,0x165A,0x06865,0x065C0,0x3A,0x15A,10,12,31,33
2545,0x555B,0x165B,0x06864,0x065C0,0x3A,0x15B,12,10,34,32
2546,0x555C,0x165C,0x06863,0x065C0,0x3A,0x15C,10,12,33,35
2547,0x555D,0x165D,0x06862,0x065C0,0x3A,0x15D,12,10,36,34
2548,0x555E,0x165E,0x06861,0x065C0,0x3A,0x15E,10,12,35,37
2549,0x555F,0x165F,0x06860,0x065C0,0x3A,0x15F,12,10,38,36
2550,0x5560,0x1660,0x0685F,0x065C0,0x3A,0x160,10,12,37,39
2551,0x5561,0x1661,0x0685E,0x065C0,0x3A,0x161,12,10,3A,38
2552,0x5562,0x1662,0x0685D,0x065C0,0x3A,0x162,10,12,39,3B
2553,0x5563,0x1663,0x0685C,0x065C0,0x3A,0x163,12,10,3C,3A
2554,0x5564,0x1664,0x0685B,0x065C0,0x3A,0x164,10,12,3B,3D
2555,0x5565,0x1665,0x0685A,0x065C0,0x3A,0x165,12,10,3E,3C
2556,0x5566,0x1666,0x06859,0x065C0,0x3A,0x166,B0,12,DD,3F
2557,0x5567,0x1667,0x06858,0x065C0,0x3A,0x167,E0,10,0E,3E
2558,0x5568,0x1668,0x06857,0x065C0,0x3A,0x168,40,12,6F,41
2559,0x5569,0x1669,0x06856,0x065C0,0x3A,0x169,8A,10,BA,40
2560,0x556A,0x166A,0x06855,0x065C0,0x3A,0x16A,10,12,41,43
2561,0x556B,0x166B,0x06854,0x065C0,0x3A,0x16B,12,10,44,42
2562,0x556C,0x166C,0x06853,0x065C0,0x3A,0x16C,C0,12,F3,45
2563,0x556D,0x166D,0x06852,0x065C0,0x3A,0x16D,B2,10,E6,44
2564,0x556E,0x166E,0x06851,0x065C0,0x3A,0x16E,30,12,65,47
2565,0x556F,0x166F,0x06850,0x065C0,0x3A,0x16F,78,10,AE,46
2566,0x5570,0x1670,0x0684F,0x065C0,0x3A,0x170,10,12,47,49
2567,0x5571,0x1671,0x0684E,0x065C0,0x3A,0x171,12,10,4A,48
2568,0x5572,0x1672,0x0684D,0x065C0,0x3A,0x172,10,12,49,4B
2569,0x5573,0x1673,0x0684C,0x065C0,0x3A,0x173,12,10,4C,4A
2570,0x5574,0x1674,0x0684B,0x065C0,0x3A,0x174,10,12,4B,4D
2571,0x5575,0x1675,0x0684A,0x065C0,0x3A,0x175,12,10,4E,4C
2572,0x5576,0x1676,0x06849,0x065C0,0x3A,0x176,0F,12,4C,4F
2575,0x5579,0x1679,0x06846,0x065C0,0x3A,0x179,30,10,70,50
2576,0x557A,0x167A,0x06845,0x065C0,0x3A,0x17A,8C,12,CD,53
2577,0x557B,0x167B,0x06844,0x065C0,0x3A,0x17B,C0,20,02,62
2578,0x557C,0x167C,0x06843,0x065C0,0x3A,0x17C,F8,E2,3B,25
2579,0x557D,0x167D,0x06842,0x065C0,0x3A,0x17D,A0,90,E4,D4
2580,0x557E,0x167E,0x06841,0x065C0,0x3A,0x17E,F1,DE,36,23
2582,0x5580,0x1680,0x0683F,0x065C0,0x3A,0x180,A4,E2,EB,29
2589,0x5587,0x1687,0x06838,0x065C0,0x3A,0x187,10,50,5E,9E
2590,0x5588,0x1688,0x06837,0x065C0,0x3A,0x188,12,E3,61,32
2591,0x5589,0x1689,0x06836,0x065C0,0x3A,0x189,10,00,60,50
2592,0x558A,0x168A,0x06835,0x065C0,0x3A,0x18A,12,6C,63,BD
2593,0x558B,0x168B,0x06834,0x065C0,0x3A,0x18B,10,C0,62,12
2594,0x558C,0x168C,0x06833,0x065C0,0x3A,0x18C,12,3F,65,92
2597,0x558F,0x168F,0x06830,0x065C0,0x3A,0x18F,90,10,E6,66
2598,0x5590,0x1690,0x0682F,0x065C0,0x3A,0x190,51,12,A8,69
2599,0x5591,0x1691,0x0682E,0x065C0,0x3A,0x191,10,60,68,B8
2600,0x5592,0x1692,0x0682D,0x065C0,0x3A,0x192,12,E5,6B,3E
2601,0x5593,0x1693,0x0682C,0x065C0,0x3A,0x193,10,D0,6A,2A
2602,0x5594,0x1694,0x0682B,0x065C0,0x3A,0x194,12,31,6D,8C
2603,0x5595,0x1695,0x0682A,0x065C0,0x3A,0x195,E0,A0,3C,FC
2604,0x5596,0x1696,0x06829,0x065C0,0x3A,0x196,F2,E6,4F,43
2613,0x559F,0x169F,0x06820,0x065C0,0x3A,0x19F,10,0F,76,75
2614,0x55A0,0x16A0,0x0681F,0x065C0,0x3A,0x1A0,12,10,79,77
2615,0x55A1,0x16A1,0x0681E,0x065C0,0x3A,0x1A1,10,12,78,7A
2616,0x55A2,0x16A2,0x0681D,0x065C0,0x3A,0x1A2,12,10,7B,79
2617,0x55A3,0x16A3,0x0681C,0x065C0,0x3A,0x1A3,10,12,7A,7C
2618,0x55A4,0x16A4,0x0681B,0x065C0,0x3A,0x1A4,12,10,7D,7B
2619,0x55A5,0x16A5,0x0681A,0x065C0,0x3A,0x1A5,10,12,7C,7E
2620,0x55A6,0x16A6,0x06819,0x065C0,0x3A,0x1A6,12,10,7F,7D
2621,0x55A7,0x16A7,0x06818,0x065C0,0x3A,0x1A7,10,12,7E,80
2622,0x55A8,0x16A8,0x06817,0x065C0,0x3A,0x1A8,12,30,81,9F
2623,0x55A9,0x16A9,0x06816,0x065C0,0x3A,0x1A9,10,14,80,84
2624,0x55AA,0x16AA,0x06815,0x065C0,0x3A,0x1AA,12,10,83,81
2625,0x55AB,0x16AB,0x06814,0x065C0,0x3A,0x1AB,10,12,82,84
2626,0x55AC,0x16AC,0x06813,0x065C0,0x3A,0x1AC,12,10,85,83
2627,0x55AD,0x16AD,0x06812,0x065C0,0x3A,0x1AD,10,E7,84,5B
2628,0x55AE,0x16AE,0x06811,0x065C0,0x3A,0x1AE,12,E0,87,55
2629,0x55AF,0x16AF,0x06810,0x065C0,0x3A,0x1AF,10,E5,86,5B
2630,0x55B0,0x16B0,0x0680F,0x065C0,0x3A,0x1B0,12,10,89,87
2631,0x55B1,0x16B1,0x0680E,0x065C0,0x3A,0x1B1,10,12,88,8A
2632,0x55B2,0x16B2,0x0680D,0x065C0,0x3A,0x1B2,12,70,8B,E9
2633,0x55B3,0x16B3,0x0680C,0x065C0,0x3A,0x1B3,10,3F,8A,B9
2634,0x55B4,0x16B4,0x0680B,0x065C0,0x3A,0x1B4,12,40,8D,BB
2635,0x55B5,0x16B5,0x0680A,0x065C0,0x3A,0x1B5,10,E2,8C,5E
2636,0x55B6,0x16B6,0x06809,0x065C0,0x3A,0x1B6,12,10,8F,8D
2637,0x55B7,0x16B7,0x06808,0x065C0,0x3A,0x1B7,10,E3,8E,61
2638,0x55B8,0x16B8,0x06807,0x065C0,0x3A,0x1B8,12,10,91,8F
2639,0x55B9,0x16B9,0x06806,0x065C0,0x3A,0x1B9,10,12,90,92
2640,0x55BA,0x16BA,0x06805,0x065C0,0x3A,0x1BA,12,30,93,B1
2641,0x55BB,0x16BB,0x06804,0x065C0,0x3A,0x1BB,10,14,92,96
2642,0x55BC,0x16BC,0x06803,0x065C0,0x3A,0x1BC,12,10,95,93
2643,0x55BD,0x16BD,0x06802,0x065C0,0x3A,0x1BD,10,12,94,96
2644,0x55BE,0x16BE,0x06801,0x065C0,0x3A,0x1BE,12,10,97,95
2645,0x55BF,0x16BF,0x06800,0x065C0,0x3A,0x1BF,10,12,96,98
2646,0x55C0,0x16C0,0x067FF,0x065C0,0x3A,0x1C0,12,10,99,97
2647,0x55C1,0x16C1,0x067FE,0x065C0,0x3A,0x1C1,10,12,98,9A
2648,0x55C2,0x16C2,0x067FD,0x065C0,0x3A,0x1C2,12,10,9B,99
2649,0x55C3,0x16C3,0x067FC,0x065C0,0x3A,0x1C3,10,12,9A,9C
2650,0x55C4,0x16C4,0x067FB,0x065C0,0x3A,0x1C4,12,10,9D,9B
2651,0x55C5,0x16C5,0x067FA,0x065C0,0x3A,0x1C5,10,12,9C,9E
2652,0x55C6,0x16C6,0x067F9,0x065C0,0x3A,0x1C6,12,10,9F,9D
2653,0x55C7,0x16C7,0x067F8,0x065C0,0x3A,0x1C7,10,12,9E,A0
2654,0x55C8,0x16C8,0x067F7,0x065C0,0x3A,0x1C8,12,10,A1,9F
2655,0x55C9,0x16C9,0x067F6,0x065C0,0x3A,0x1C9,F0,12,80,A2
2656,0x55CA,0x16CA,0x067F5,0x065C0,0x3A,0x1CA,1B,10,AC,A1
2657,0x55CB,0x16CB,0x067F4,0x065C0,0x3A,0x1CB,40,12,D2,A4
2658,0x55CC,0x16CC,0x067F3,0x065C0,0x3A,0x1CC,1A,10,AD,A3
2659,0x55CD,0x16CD,0x067F2,0x065C0,0x3A,0x1CD,80,12,14,A6
2660,0x55CE,0x16CE,0x067F1,0x065C0,0x3A,0x1CE,2A,10,BF,A5
2661,0x55CF,0x16CF,0x067F0,0x065C0,0x3A,0x1CF,B0,12,46,A8
2662,0x55D0,0x16D0,0x067EF,0x065C0,0x3A,0x1D0,3A,10,D1,A7
2663,0x55D1,0x16D1,0x067EE,0x065C0,0x3A,0x1D1,10,12,A8,AA
2664,0x55D2,0x16D2,0x067ED,0x065C0,0x3A,0x1D2,12,10,AB,A9
2665,0x55D3,0x16D3,0x067EC,0x065C0,0x3A,0x1D3,10,12,AA,AC
2666,0x55D4,0x16D4,0x067EB,0x065C0,0x3A,0x1D4,12,10,AD,AB
2667,0x55D5,0x16D5,0x067EA,0x065C0,0x3A,0x1D5,10,12,AC,AE
2668,0x55D6,0x16D6,0x067E9,0x065C0,0x3A,0x1D6,12,10,AF,AD
2669,0x55D7,0x16D7,0x067E8,0x065C0,0x3A,0x1D7,10,12,AE,B0
2670,0x55D8,0x16D8,0x067E7,0x065C0,0x3A,0x1D8,12,10,B1,AF
2671,0x55D9,0x16D9,0x067E6,0x065C0,0x3A,0x1D9,10,12,B0,B2
2672,0x55DA,0x16DA,0x067E5,0x065C0,0x3A,0x1DA,12,10,B3,B1
2673,0x55DB,0x16DB,0x067E4,0x065C0,0x3A,0x1DB,10,12,B2,B4
2674,0x55DC,0x16DC,0x067E3,0x065C0,0x3A,0x1DC,12,10,B5,B3
2675,0x55DD,0x16DD,0x067E2,0x065C0,0x3A,0x1DD,10,12,B4,B6
2676,0x55DE,0x16DE,0x067E1,0x065C0,0x3A,0x1DE,12,10,B7,B5
2677,0x55DF,0x16DF,0x067E0,0x065C0,0x3A,0x1DF,30,12,D6,B8
2678,0x55E0,0x16E0,0x067DF,0x065C0,0x3A,0x1E0,9D,10,44,B7
2679,0x55E1,0x16E1,0x067DE,0x065C0,0x3A,0x1E1,10,12,B8,BA
2680,0x55E2,0x16E2,0x067DD,0x065C0,0x3A,0x1E2,12,10,BB,B9
2681,0x55E3,0x16E3,0x067DC,0x065C0,0x3A,0x1E3,10,12,BA,BC
2682,0x55E4,0x16E4,0x067DB,0x065C0,0x3A,0x1E4,12,10,BD,BB
2683,0x55E5,0x16E5,0x067DA,0x065C0,0x3A,0x1E5,00,12,AC,BE
2684,0x55E6,0x16E6,0x067D9,0x065C0,0x3A,0x1E6,B2,10,5F,BD
2685,0x55E7,0x16E7,0x067D8,0x065C0,0x3A,0x1E7,90,12,3E,C0
2686,0x55E8,0x16E8,0x067D7,0x065C0,0x3A,0x1E8,F9,10,A8,BF
2687,0x55E9,0x16E9,0x067D6,0x065C0,0x3A,0x1E9,10,12,C0,C2
2688,0x55EA,0x16EA,0x067D5,0x065C0,0x3A,0x1EA,12,10,C3,C1
2689,0x55EB,0x16EB,0x067D4,0x065C0,0x3A,0x1EB,10,12,C2,C4
2690,0x55EC,0x16EC,0x067D3,0x065C0,0x3A,0x1EC,12,10,C5,C3
2691,0x55ED,0x16ED,0x067D2,0x065C0,0x3A,0x1ED,10,12,C4,C6
2692,0x55EE,0x16EE,0x067D1,0x065C0,0x3A,0x1EE,12,10,C7,C5
2693,0x55EF,0x16EF,0x067D0,0x065C0,0x3A,0x1EF,0F,12,C5,C8
2696,0x55F2,0x16F2,0x067CD,0x065C0,0x3A,0x1F2,10,20,C9,D9
2697,0x55F3,0x16F3,0x067CC,0x065C0,0x3A,0x1F3,12,30,CC,EA
2698,0x55F4,0x16F4,0x067CB,0x065C0,0x3A,0x1F4,10,00,CB,BB
2699,0x55F5,0x16F5,0x067CA,0x065C0,0x3A,0x1F5,12,DF,CE,9B
2700,0x55F6,0x16F6,0x067C9,0x065C0,0x3A,0x1F6,10,A0,CD,5D
2701,0x55F7,0x16F7,0x067C8,0x065C0,0x3A,0x1F7,12,DE,D0,9C
2702,0x55F8,0x16F8,0x067C7,0x065C0,0x3A,0x1F8,30,40,EF,FF
2703,0x55F9,0x16F9,0x067C6,0x065C0,0x3A,0x1F9,14,E6,D4,A6
2704,0x55FA,0x16FA,0x067C5,0x065C0,0x3A,0x1FA,10,70,D1,31
2705,0x55FB,0x16FB,0x067C4,0x065C0,0x3A,0x1FB,12,3F,D4,01
2706,0x55FC,0x16FC,0x067C3,0x065C0,0x3A,0x1FC,80,10,43,D3
2707,0x55FD,0x16FD,0x067C2,0x065C0,0x3A,0x1FD,6C,12,30,D6
2708,0x55FE,0x16FE,0x067C1,0x065C0,0x3A,0x1FE,F0,10,B5,D5
2709,0x55FF,0x16FF,0x067C0,0x065C0,0x3A,0x1FF,9C,12,63,D9
2710,0x5600,0x1700,0x067BF,0x065C0,0x3A,0x200,90,20,58,E8
2711,0x5601,0x1701,0x067BE,0x065C0,0x3A,0x201,1B,E2,E4,AB
2712,0x5602,0x1702,0x067BD,0x065C0,0x3A,0x202,F0,80,BA,4A
2713,0x5603,0x1703,0x067BC,0x065C0,0x3A,0x203,1B,E6,E6,B1
2714,0x5604,0x1704,0x067BB,0x065C0,0x3A,0x204,30,50,FC,1C
2715,0x5605,0x1705,0x067BA,0x065C0,0x3A,0x205,2A,E3,F7,B0
2716,0x5606,0x1706,0x067B9,0x065C0,0x3A,0x206,50,C0,1E,8E
2717,0x5607,0x1707,0x067B8,0x065C0,0x3A,0x207,2B,3F,FA,0E
2720,0x560A,0x170A,0x067B5,0x065C0,0x3A,0x20A,30,50,02,22
2721,0x560B,0x170B,0x067B4,0x065C0,0x3A,0x20B,14,39,E7,0C
2722,0x560C,0x170C,0x067B3,0x065C0,0x3A,0x20C,10,70,E4,44
2723,0x560D,0x170D,0x067B2,0x065C0,0x3A,0x20D,12,E6,E7,BB
2724,0x560E,0x170E,0x067B1,0x065C0,0x3A,0x20E,10,00,E6,D6
2725,0x560F,0x170F,0x067B0,0x065C0,0x3A,0x20F,12,E6,E9,BD
2750,0x5628,0x1728,0x06797,0x065C0,0x3A,0x228,10,C0,00,B0
2751,0x5629,0x1729,0x06796,0x065C0,0x3A,0x229,12,27,03,18
2752,0x562A,0x172A,0x06795,0x065C0,0x3A,0x22A,10,80,02,72
2753,0x562B,0x172B,0x06794,0x065C0,0x3A,0x22B,12,E6,05,D9
2754,0x562C,0x172C,0x06793,0x065C0,0x3A,0x22C,10,50,04,44
2755,0x562D,0x172D,0x06792,0x065C0,0x3A,0x22D,12,E3,07,D8
2756,0x562E,0x172E,0x06791,0x065C0,0x3A,0x22E,10,C0,06,B6
2757,0x562F,0x172F,0x06790,0x065C0,0x3A,0x22F,12,3F,09,36
2760,0x5632,0x1732,0x0678D,0x065C0,0x3A,0x232,10,B0,0A,AA
2761,0x5633,0x1733,0x0678C,0x065C0,0x3A,0x233,12,34,0D,2F
2763,0x5635,0x1735,0x0678A,0x065C0,0x3A,0x235,12,E2,0F,DF
2764,0x5636,0x1736,0x06789,0x065C0,0x3A,0x236,10,D0,0E,CE
2765,0x5637,0x1737,0x06788,0x065C0,0x3A,0x237,12,E6,11,E5
2776,0x5642,0x1742,0x0677D,0x065C0,0x3A,0x242,70,10,7A,1A
2777,0x5643,0x1743,0x0677C,0x065C0,0x3A,0x243,2A,12,35,1D
2778,0x5644,0x1744,0x0677B,0x065C0,0x3A,0x244,60,10,6C,1C
2779,0x5645,0x1745,0x0677A,0x065C0,0x3A,0x245,1B,12,28,1F
2780,0x5646,0x1746,0x06779,0x065C0,0x3A,0x246,40,10,4E,1E
2781,0x5647,0x1747,0x06778,0x065C0,0x3A,0x247,1A,12,29,21
2782,0x5648,0x1748,0x06777,0x065C0,0x3A,0x248,30,10,40,20
2783,0x5649,0x1749,0x06776,0x065C0,0x3A,0x249,3B,12,4C,23
2784,0x564A,0x174A,0x06775,0x065C0,0x3A,0x24A,F0,10,02,22
2785,0x564B,0x174B,0x06774,0x065C0,0x3A,0x24B,3A,12,4D,25
2786,0x564C,0x174C,0x06773,0x065C0,0x3A,0x24C,C0,10,D4,24
2787,0x564D,0x174D,0x06772,0x065C0,0x3A,0x24D,13,12,28,27
2788,0x564E,0x174E,0x06771,0x065C0,0x3A,0x24E,F0,10,06,26
2789,0x564F,0x174F,0x06770,0x065C0,0x3A,0x24F,1A,12,31,29
2790,0x5650,0x1750,0x0676F,0x065C0,0x3A,0x250,90,A0,A8,B8
2791,0x5651,0x1751,0x0676E,0x065C0,0x3A,0x251,1B,E6,34,FF
2792,0x5652,0x1752,0x0676D,0x065C0,0x3A,0x252,10,00,2A,1A
2793,0x5653,0x1753,0x0676C,0x065C0,0x3A,0x253,12,6C,2D,87
2794,0x5654,0x1754,0x0676B,0x065C0,0x3A,0x254,10,70,2C,8C
2795,0x5655,0x1755,0x0676A,0x065C0,0x3A,0x255,12,3F,2F,5C
2798,0x5658,0x1758,0x06767,0x065C0,0x3A,0x258,20,10,40,30
2799,0x5659,0x1759,0x06766,0x065C0,0x3A,0x259,F2,12,13,33
2800,0x565A,0x175A,0x06765,0x065C0,0x3A,0x25A,60,C0,82,E2
2801,0x565B,0x175B,0x06764,0x065C0,0x3A,0x25B,6D,27,90,4A
2802,0x565C,0x175C,0x06763,0x065C0,0x3A,0x25C,10,90,34,B4
2803,0x565D,0x175D,0x06762,0x065C0,0x3A,0x25D,12,DE,37,03
2804,0x565E,0x175E,0x06761,0x065C0,0x3A,0x25E,C0,70,E6,96
2805,0x565F,0x175F,0x06760,0x065C0,0x3A,0x25F,7B,3F,A2,66
2806,0x5660,0x1760,0x0675F,0x065C0,0x3A,0x260,10,00,38,28
2807,0x5661,0x1761,0x0675E,0x065C0,0x3A,0x261,12,E2,3B,0B
2830,0x5678,0x1778,0x06747,0x065C0,0x3A,0x278,10,90,50,D0
2831,0x5679,0x1779,0x06746,0x065C0,0x3A,0x279,12,E5,53,26
2832,0x567A,0x177A,0x06745,0x065C0,0x3A,0x27A,10,C0,52,02
2833,0x567B,0x177B,0x06744,0x065C0,0x3A,0x27B,12,E5,55,28
2838,0x5680,0x1780,0x0673F,0x065C0,0x3A,0x280,20,10,68,58
2839,0x5681,0x1781,0x0673E,0x065C0,0x3A,0x281,F2,12,3B,5B
2840,0x5682,0x1782,0x0673D,0x065C0,0x3A,0x282,60,00,AA,4A
2841,0x5683,0x1783,0x0673C,0x065C0,0x3A,0x283,6D,E7,B8,32
2842,0x5684,0x1784,0x0673B,0x065C0,0x3A,0x284,10,90,5C,DC
2843,0x5685,0x1785,0x0673A,0x065C0,0x3A,0x285,12,DE,5F,2B
2844,0x5686,0x1786,0x06739,0x065C0,0x3A,0x286,F0,90,3E,DE
2845,0x5687,0x1787,0x06738,0x065C0,0x3A,0x287,41,DE,90,2D
2846,0x5688,0x1788,0x06737,0x065C0,0x3A,0x288,10,A0,60,F0
2847,0x5689,0x1789,0x06736,0x065C0,0x3A,0x289,12,E1,63,32
2870,0x56A0,0x17A0,0x0671F,0x065C0,0x3A,0x2A0,10,C0,78,28
2871,0x56A1,0x17A1,0x0671E,0x065C0,0x3A,0x2A1,12,27,7B,90
2872,0x56A2,0x17A2,0x0671D,0x065C0,0x3A,0x2A2,10,B0,7A,1A
2873,0x56A3,0x17A3,0x0671C,0x065C0,0x3A,0x2A3,12,24,7D,8F
2874,0x56A4,0x17A4,0x0671B,0x065C0,0x3A,0x2A4,10,80,7C,EC
2875,0x56A5,0x17A5,0x0671A,0x065C0,0x3A,0x2A5,12,E6,7F,53
2878,0x56A8,0x17A8,0x06717,0x065C0,0x3A,0x2A8,E0,10,50,80
2879,0x56A9,0x17A9,0x06716,0x065C0,0x3A,0x2A9,E8,12,59,83
2880,0x56AA,0x17AA,0x06715,0x065C0,0x3A,0x2AA,20,70,92,E2
2881,0x56AB,0x17AB,0x06714,0x065C0,0x3A,0x2AB,A0,E6,13,59
2882,0x56AC,0x17AC,0x06713,0x065C0,0x3A,0x2AC,10,F0,84,64
2883,0x56AD,0x17AD,0x06712,0x065C0,0x3A,0x2AD,12,C7,87,3C
2884,0x56AE,0x17AE,0x06711,0x065C0,0x3A,0x2AE,70,C0,E6,36
2885,0x56AF,0x17AF,0x06710,0x065C0,0x3A,0x2AF,C4,3F,3B,B6
2886,0x56B0,0x17B0,0x0670F,0x065C0,0x3A,0x2B0,40,10,B8,88
2887,0x56B1,0x17B1,0x0670E,0x065C0,0x3A,0x2B1,5B,12,D4,8B
2910,0x56C8,0x17C8,0x066F7,0x065C0,0x3A,0x2C8,10,D0,A0,60
2911,0x56C9,0x17C9,0x066F6,0x065C0,0x3A,0x2C9,12,E6,A3,77
2912,0x56CA,0x17CA,0x066F5,0x065C0,0x3A,0x2CA,10,70,A2,02
2913,0x56CB,0x17CB,0x066F4,0x065C0,0x3A,0x2CB,12,34,A5,C7
2914,0x56CC,0x17CC,0x066F3,0x065C0,0x3A,0x2CC,10,F0,A4,84
2915,0x56CD,0x17CD,0x066F2,0x065C0,0x3A,0x2CD,12,CD,A7,62
2916,0x56CE,0x17CE,0x066F1,0x065C0,0x3A,0x2CE,10,50,A6,E6
2917,0x56CF,0x17CF,0x066F0,0x065C0,0x3A,0x2CF,12,39,A9,D0
2918,0x56D0,0x17D0,0x066EF,0x065C0,0x3A,0x2D0,70,10,08,A8
2919,0x56D1,0x17D1,0x066EE,0x065C0,0x3A,0x2D1,88,12,21,AB
2920,0x56D2,0x17D2,0x066ED,0x065C0,0x3A,0x2D2,E0,60,7A,FA
2921,0x56D3,0x17D3,0x066EC,0x065C0,0x3A,0x2D3,D8,E5,73,80
2922,0x56D4,0x17D4,0x066EB,0x065C0,0x3A,0x2D4,10,D0,AC,6C
2923,0x56D5,0x17D5,0x066EA,0x065C0,0x3A,0x2D5,12,31,AF,CE
2924,0x56D6,0x17D6,0x066E9,0x065C0,0x3A,0x2D6,F0,C0,8E,5E
2925,0x56D7,0x17D7,0x066E8,0x065C0,0x3A,0x2D7,7F,3F,1E,DE
2926,0x56D8,0x17D8,0x066E7,0x065C0,0x3A,0x2D8,C0,10,60,B0
2927,0x56D9,0x17D9,0x066E6,0x065C0,0x3A,0x2D9,E0,12,81,B3
2934,0x56E0,0x17E0,0x066DF,0x065C0,0x3A,0x2E0,10,0F,B8,B7
2935,0x56E1,0x17E1,0x066DE,0x065C0,0x3A,0x2E1,12,10,BB,B9
2936,0x56E2,0x17E2,0x066DD,0x065C0,0x3A,0x2E2,10,12,BA,BC
2937,0x56E3,0x17E3,0x066DC,0x065C0,0x3A,0x2E3,12,40,BD,EB
2938,0x56E4,0x17E4,0x066DB,0x065C0,0x3A,0x2E4,10,E6,BC,92
2939,0x56E5,0x17E5,0x066DA,0x065C0,0x3A,0x2E5,12,70,BF,1D
2940,0x56E6,0x17E6,0x066D9,0x065C0,0x3A,0x2E6,10,3F,BE,ED
2941,0x56E7,0x17E7,0x066D8,0x065C0,0x3A,0x2E7,12,10,C1,BF
2942,0x56E8,0x17E8,0x066D7,0x065C0,0x3A,0x2E8,10,12,C0,C2
2943,0x56E9,0x17E9,0x066D6,0x065C0,0x3A,0x2E9,12,10,C3,C1
2944,0x56EA,0x17EA,0x066D5,0x065C0,0x3A,0x2EA,10,12,C2,C4
2945,0x56EB,0x17EB,0x066D4,0x065C0,0x3A,0x2EB,12,10,C5,C3
2946,0x56EC,0x17EC,0x066D3,0x065C0,0x3A,0x2EC,10,12,C4,C6
2947,0x56ED,0x17ED,0x066D2,0x065C0,0x3A,0x2ED,12,10,C7,C5
2948,0x56EE,0x17EE,0x066D1,0x065C0,0x3A,0x2EE,10,12,C6,C8
2949,0x56EF,0x17EF,0x066D0,0x065C0,0x3A,0x2EF,12,10,C9,C7
2950,0x56F0,0x17F0,0x066CF,0x065C0,0x3A,0x2F0,10,12,C8,CA
2951,0x56F1,0x17F1,0x066CE,0x065C0,0x3A,0x2F1,12,F0,CB,A9
2952,0x56F2,0x17F2,0x066CD,0x065C0,0x3A,0x2F2,10,C7,CA,81
2953,0x56F3,0x17F3,0x066CC,0x065C0,0x3A,0x2F3,12,C0,CD,7B
2954,0x56F4,0x17F4,0x066CB,0x065C0,0x3A,0x2F4,10,3F,CC,FB
2955,0x56F5,0x17F5,0x066CA,0x065C0,0x3A,0x2F5,12,50,CF,0D
2956,0x56F6,0x17F6,0x066C9,0x065C0,0x3A,0x2F6,10,39,CE,F7
2957,0x56F7,0x17F7,0x066C8,0x065C0,0x3A,0x2F7,12,90,D1,4F
2958,0x56F8,0x17F8,0x066C7,0x065C0,0x3A,0x2F8,40,25,00,E5
2959,0x56F9,0x17F9,0x066C6,0x065C0,0x3A,0x2F9,8A,10,4B,D1
2960,0x56FA,0x17FA,0x066C5,0x065C0,0x3A,0x2FA,60,12,22,D4
2961,0x56FB,0x17FB,0x066C4,0x065C0,0x3A,0x2FB,C6,D0,89,93
2962,0x56FC,0x17FC,0x066C3,0x065C0,0x3A,0x2FC,10,E6,D4,AA
2963,0x56FD,0x17FD,0x066C2,0x065C0,0x3A,0x2FD,12,F0,D7,B5
2964,0x56FE,0x17FE,0x066C1,0x065C0,0x3A,0x2FE,40,C7,06,8D
2965,0x56FF,0x17FF,0x066C0,0x065C0,0x3A,0x2FF,F2,60,BA,28
2966,0x5700,0x1800,0x066BF,0x065C0,0x3A,0x300,10,E5,D9,AE
2967,0x5701,0x1801,0x066BE,0x065C0,0x3A,0x301,12,10,DC,DA
2968,0x5702,0x1802,0x066BD,0x065C0,0x3A,0x302,10,E2,DB,AD
2969,0x5703,0x1803,0x066BC,0x065C0,0x3A,0x303,12,10,DE,DC
2970,0x5704,0x1804,0x066BB,0x065C0,0x3A,0x304,10,12,DD,DF
2971,0x5705,0x1805,0x066BA,0x065C0,0x3A,0x305,12,10,E0,DE
2972,0x5706,0x1806,0x066B9,0x065C0,0x3A,0x306,10,12,DF,E1
2973,0x5707,0x1807,0x066B8,0x065C0,0x3A,0x307,12,10,E2,E0
2974,0x5708,0x1808,0x066B7,0x065C0,0x3A,0x308,10,12,E1,E3
2975,0x5709,0x1809,0x066B6,0x065C0,0x3A,0x309,12,10,E4,E2
2976,0x570A,0x180A,0x066B5,0x065C0,0x3A,0x30A,10,12,E3,E5
2977,0x570B,0x180B,0x066B4,0x065C0,0x3A,0x30B,12,10,E6,E4
2978,0x570C,0x180C,0x066B3,0x065C0,0x3A,0x30C,10,12,E5,E7
2979,0x570D,0x180D,0x066B2,0x065C0,0x3A,0x30D,12,10,E8,E6
2980,0x570E,0x180E,0x066B1,0x065C0,0x3A,0x30E,10,12,E7,E9
2981,0x570F,0x180F,0x066B0,0x065C0,0x3A,0x30F,12,10,EA,E8
2982,0x5710,0x1810,0x066AF,0x065C0,0x3A,0x310,10,12,E9,EB
2983,0x5711,0x1811,0x066AE,0x065C0,0x3A,0x311,12,10,EC,EA
2984,0x5712,0x1812,0x066AD,0x065C0,0x3A,0x312,10,12,EB,ED
2985,0x5713,0x1813,0x066AC,0x065C0,0x3A,0x313,12,10,EE,EC
2986,0x5714,0x1814,0x066AB,0x065C0,0x3A,0x314,10,12,ED,EF
2987,0x5715,0x1815,0x066AA,0x065C0,0x3A,0x315,12,10,F0,EE
2988,0x5716,0x1816,0x066A9,0x065C0,0x3A,0x316,10,12,EF,F1
2989,0x5717,0x1817,0x066A8,0x065C0,0x3A,0x317,12,10,F2,F0
2990,0x5718,0x1818,0x066A7,0x065C0,0x3A,0x318,10,12,F1,F3
2991,0x5719,0x1819,0x066A6,0x065C0,0x3A,0x319,12,B0,F4,92
2992,0x571A,0x181A,0x066A5,0x065C0,0x3A,0x31A,10,21,F3,04
2993,0x571B,0x181B,0x066A4,0x065C0,0x3A,0x31B,12,90,F6,74
2994,0x571C,0x181C,0x066A3,0x065C0,0x3A,0x31C,10,E6,F5,CB
2995,0x571D,0x181D,0x066A2,0x065C0,0x3A,0x31D,12,A0,F8,86
2996,0x571E,0x181E,0x066A1,0x065C0,0x3A,0x31E,10,E1,F7,C8
2997,0x571F,0x181F,0x066A0,0x065C0,0x3A,0x31F,12,10,FA,F8
2998,0x5720,0x1820,0x0669F,0x065C0,0x3A,0x320,B0,12,99,FB
2999,0x5721,0x1821,0x0669E,0x065C0,0x3A,0x321,49,10,33,FA
3000,0x5722,0x1822,0x0669D,0x065C0,0x3A,0x322,40,12,2B,FD
3001,0x5723,0x1823,0x0669C,0x065C0,0x3A,0x323,66,40,52,2C
3002,0x5724,0x1824,0x0669B,0x065C0,0x3A,0x324,10,9F,FD,8C
3003,0x5725,0x1825,0x0669A,0x065C0,0x3A,0x325,12,90,00,7E
3004,0x5726,0x1826,0x06699,0x065C0,0x3A,0x326,00,DE,EF,CD
3005,0x5727,0x1827,0x06698,0x065C0,0x3A,0x327,73,10,63,00
3006,0x5728,0x1828,0x06697,0x065C0,0x3A,0x328,10,E0,01,D1
3007,0x5729,0x1829,0x06696,0x065C0,0x3A,0x329,12,10,04,02
3008,0x572A,0x182A,0x06695,0x065C0,0x3A,0x32A,10,12,03,05
3009,0x572B,0x182B,0x06694,0x065C0,0x3A,0x32B,12,10,06,04
3010,0x572C,0x182C,0x06693,0x065C0,0x3A,0x32C,10,12,05,07
3011,0x572D,0x182D,0x06692,0x065C0,0x3A,0x32D,12,10,08,06
3012,0x572E,0x182E,0x06691,0x065C0,0x3A,0x32E,10,12,07,09
3013,0x572F,0x182F,0x06690,0x065C0,0x3A,0x32F,12,10,0A,08
3014,0x5730,0x1830,0x0668F,0x065C0,0x3A,0x330,0F,12,08,0B
3017,0x5733,0x1833,0x0668C,0x065C0,0x3A,0x333,F0,10,EC,0C
3018,0x5734,0x1834,0x0668B,0x065C0,0x3A,0x334,3A,12,37,0F
3019,0x5735,0x1835,0x0668A,0x065C0,0x3A,0x335,C0,10,BE,0E
3020,0x5736,0x1836,0x06689,0x065C0,0x3A,0x336,13,12,12,11
3021,0x5737,0x1837,0x06688,0x065C0,0x3A,0x337,F0,10,F0,10
3022,0x5738,0x1838,0x06687,0x065C0,0x3A,0x338,1A,12,1B,13
3023,0x5739,0x1839,0x06686,0x065C0,0x3A,0x339,90,10,92,12
3024,0x573A,0x183A,0x06685,0x065C0,0x3A,0x33A,1B,12,1E,15
3031,0x5741,0x1841,0x0667E,0x065C0,0x3A,0x341,10,50,1A,5A
3032,0x5742,0x1842,0x0667D,0x065C0,0x3A,0x342,12,39,1D,44
3033,0x5743,0x1843,0x0667C,0x065C0,0x3A,0x343,10,B0,1C,BC
3034,0x5744,0x1844,0x0667B,0x065C0,0x3A,0x344,12,24,1F,31
3035,0x5745,0x1845,0x0667A,0x065C0,0x3A,0x345,10,50,1E,5E
3036,0x5746,0x1846,0x06679,0x065C0,0x3A,0x346,12,39,21,48
3037,0x5747,0x1847,0x06678,0x065C0,0x3A,0x347,10,00,20,10
3038,0x5748,0x1848,0x06677,0x065C0,0x3A,0x348,12,6C,23,7D
3039,0x5749,0x1849,0x06676,0x065C0,0x3A,0x349,80,10,92,22
3040,0x574A,0x184A,0x06675,0x065C0,0x3A,0x34A,AA,12,BD,25
3041,0x574B,0x184B,0x06674,0x065C0,0x3A,0x34B,60,20,74,34
3042,0x574C,0x184C,0x06673,0x065C0,0x3A,0x34C,DC,E2,F1,F7
3043,0x574D,0x184D,0x06672,0x065C0,0x3A,0x34D,10,00,26,16
3044,0x574E,0x184E,0x06671,0x065C0,0x3A,0x34E,12,E2,29,F9
3045,0x574F,0x184F,0x06670,0x065C0,0x3A,0x34F,D0,60,E8,78
3046,0x5750,0x1850,0x0666F,0x065C0,0x3A,0x350,56,E5,6F,FE
3047,0x5751,0x1851,0x0666E,0x065C0,0x3A,0x351,70,D0,8A,EA
3048,0x5752,0x1852,0x0666D,0x065C0,0x3A,0x352,52,31,6D,4C
3071,0x5769,0x1869,0x06656,0x065C0,0x3A,0x369,10,50,42,82
3072,0x576A,0x186A,0x06655,0x065C0,0x3A,0x36A,12,E4,45,17
3073,0x576B,0x186B,0x06654,0x065C0,0x3A,0x36B,10,E0,44,14
3074,0x576C,0x186C,0x06653,0x065C0,0x3A,0x36C,12,3C,47,71
3075,0x576D,0x186D,0x06652,0x065C0,0x3A,0x36D,10,80,46,B6
3076,0x576E,0x186E,0x06651,0x065C0,0x3A,0x36E,12,E6,49,1D
3079,0x5771,0x1871,0x0664E,0x065C0,0x3A,0x371,60,10,9A,4A
3080,0x5772,0x1872,0x0664D,0x065C0,0x3A,0x372,AA,12,E5,4D
3081,0x5773,0x1873,0x0664C,0x065C0,0x3A,0x373,30,D0,6C,0C
3082,0x5774,0x1874,0x0664B,0x065C0,0x3A,0x374,87,E6,C4,23
3083,0x5775,0x1875,0x0664A,0x065C0,0x3A,0x375,10,B0,4E,EE
3084,0x5776,0x1876,0x06649,0x065C0,0x3A,0x376,12,9F,51,DE
3085,0x5777,0x1877,0x06648,0x065C0,0x3A,0x377,90,00,D0,40
3086,0x5778,0x1878,0x06647,0x065C0,0x3A,0x378,A2,E6,E3,27
3087,0x5779,0x1879,0x06646,0x065C0,0x3A,0x379,30,10,72,52
3088,0x577A,0x187A,0x06645,0x065C0,0x3A,0x37A,CD,12,10,55
3111,0x5791,0x1891,0x0662E,0x065C0,0x3A,0x391,10,90,6A,EA
3112,0x5792,0x1892,0x0662D,0x065C0,0x3A,0x392,12,DE,6D,39
3113,0x5793,0x1893,0x0662C,0x065C0,0x3A,0x393,10,D0,6C,2C
3114,0x5794,0x1894,0x0662B,0x065C0,0x3A,0x394,12,3D,6F,9A
3115,0x5795,0x1895,0x0662A,0x065C0,0x3A,0x395,10,C0,6E,1E
3116,0x5796,0x1896,0x06629,0x065C0,0x3A,0x396,12,27,71,86
3119,0x5799,0x1899,0x06626,0x065C0,0x3A,0x399,E0,10,42,72
3120,0x579A,0x189A,0x06625,0x065C0,0x3A,0x39A,CC,12,2F,75
3121,0x579B,0x189B,0x06624,0x065C0,0x3A,0x39B,00,10,64,74
3122,0x579C,0x189C,0x06623,0x065C0,0x3A,0x39C,65,E2,CA,47
3123,0x579D,0x189D,0x06622,0x065C0,0x3A,0x39D,10,F0,76,56
3124,0x579E,0x189E,0x06621,0x065C0,0x3A,0x39E,12,CD,79,34
3125,0x579F,0x189F,0x06620,0x065C0,0x3A,0x39F,00,10,68,78
3126,0x57A0,0x18A0,0x0661F,0x065C0,0x3A,0x3A0,D3,E0,3C,49
3127,0x57A1,0x18A1,0x0661E,0x065C0,0x3A,0x3A1,D0,10,3A,7A
3128,0x57A2,0x18A2,0x0661D,0x065C0,0x3A,0x3A2,72,12,DD,7D
3135,0x57A9,0x18A9,0x06616,0x065C0,0x3A,0x3A9,10,0F,82,81
3136,0x57AA,0x18AA,0x06615,0x065C0,0x3A,0x3AA,12,10,85,83
3137,0x57AB,0x18AB,0x06614,0x065C0,0x3A,0x3AB,10,12,84,86
3138,0x57AC,0x18AC,0x06613,0x065C0,0x3A,0x3AC,12,F0,87,65
3139,0x57AD,0x18AD,0x06612,0x065C0,0x3A,0x3AD,10,E3,86,59
3140,0x57AE,0x18AE,0x06611,0x065C0,0x3A,0x3AE,12,10,89,87
3141,0x57AF,0x18AF,0x06610,0x065C0,0x3A,0x3AF,10,DF,88,57
3142,0x57B0,0x18B0,0x0660F,0x065C0,0x3A,0x3B0,12,10,8B,89
3143,0x57B1,0x18B1,0x0660E,0x065C0,0x3A,0x3B1,10,E7,8A,61
3144,0x57B2,0x18B2,0x0660D,0x065C0,0x3A,0x3B2,12,E0,8D,5B
3145,0x57B3,0x18B3,0x0660C,0x065C0,0x3A,0x3B3,10,E5,8C,61
3146,0x57B4,0x18B4,0x0660B,0x065C0,0x3A,0x3B4,12,10,8F,8D
3147,0x57B5,0x18B5,0x0660A,0x065C0,0x3A,0x3B5,10,12,8E,90
3148,0x57B6,0x18B6,0x06609,0x065C0,0x3A,0x3B6,12,10,91,8F
3149,0x57B7,0x18B7,0x06608,0x065C0,0x3A,0x3B7,10,12,90,92
3150,0x57B8,0x18B8,0x06607,0x065C0,0x3A,0x3B8,12,10,93,91
3151,0x57B9,0x18B9,0x06606,0x065C0,0x3A,0x3B9,10,12,92,94
3152,0x57BA,0x18BA,0x06605,0x065C0,0x3A,0x3BA,12,C0,95,43
3153,0x57BB,0x18BB,0x06604,0x065C0,0x3A,0x3BB,10,E4,94,68
3154,0x57BC,0x18BC,0x06603,0x065C0,0x3A,0x3BC,12,90,97,15
3155,0x57BD,0x18BD,0x06602,0x065C0,0x3A,0x3BD,10,E6,96,6C
3156,0x57BE,0x18BE,0x06601,0x065C0,0x3A,0x3BE,12,C0,99,47
3157,0x57BF,0x18BF,0x06600,0x065C0,0x3A,0x3BF,10,3F,98,C7
3158,0x57C0,0x18C0,0x065FF,0x065C0,0x3A,0x3C0,12,B0,9B,39
3159,0x57C1,0x18C1,0x065FE,0x065C0,0x3A,0x3C1,D0,34,5A,BE
3160,0x57C2,0x18C2,0x065FD,0x065C0,0x3A,0x3C2,95,10,20,9B
3161,0x57C3,0x18C3,0x065FC,0x065C0,0x3A,0x3C3,40,12,CC,9E
3162,0x57C4,0x18C4,0x065FB,0x065C0,0x3A,0x3C4,F4,10,81,9D
3163,0x57C5,0x18C5,0x065FA,0x065C0,0x3A,0x3C5,10,E0,9E,6E
3164,0x57C6,0x18C6,0x065F9,0x065C0,0x3A,0x3C6,12,D0,A1,5F
3165,0x57C7,0x18C7,0x065F8,0x065C0,0x3A,0x3C7,C0,31,50,C1
3166,0x57C8,0x18C8,0x065F7,0x065C0,0x3A,0x3C8,EB,10,7C,A1
3167,0x57C9,0x18C9,0x065F6,0x065C0,0x3A,0x3C9,10,12,A2,A4
3168,0x57CA,0x18CA,0x065F5,0x065C0,0x3A,0x3CA,12,10,A5,A3
3169,0x57CB,0x18CB,0x065F4,0x065C0,0x3A,0x3CB,10,12,A4,A6
3170,0x57CC,0x18CC,0x065F3,0x065C0,0x3A,0x3CC,12,10,A7,A5
3171,0x57CD,0x18CD,0x065F2,0x065C0,0x3A,0x3CD,10,12,A6,A8
3172,0x57CE,0x18CE,0x065F1,0x065C0,0x3A,0x3CE,12,10,A9,A7
3173,0x57CF,0x18CF,0x065F0,0x065C0,0x3A,0x3CF,10,12,A8,AA
3174,0x57D0,0x18D0,0x065EF,0x065C0,0x3A,0x3D0,12,10,AB,A9
3175,0x57D1,0x18D1,0x065EE,0x065C0,0x3A,0x3D1,10,12,AA,AC
3176,0x57D2,0x18D2,0x065ED,0x065C0,0x3A,0x3D2,12,10,AD,AB
3177,0x57D3,0x18D3,0x065EC,0x065C0,0x3A,0x3D3,10,12,AC,AE
3178,0x57D4,0x18D4,0x065EB,0x065C0,0x3A,0x3D4,12,10,AF,AD
3179,0x57D5,0x18D5,0x065EA,0x065C0,0x3A,0x3D5,10,12,AE,B0
3180,0x57D6,0x18D6,0x065E9,0x065C0,0x3A,0x3D6,12,10,B1,AF
3181,0x57D7,0x18D7,0x065E8,0x065C0,0x3A,0x3D7,10,12,B0,B2
3182,0x57D8,0x18D8,0x065E7,0x065C0,0x3A,0x3D8,12,10,B3,B1
3183,0x57D9,0x18D9,0x065E6,0x065C0,0x3A,0x3D9,10,12,B2,B4
3184,0x57DA,0x18DA,0x065E5,0x065C0,0x3A,0x3DA,12,10,B5,B3
3185,0x57DB,0x18DB,0x065E4,0x065C0,0x3A,0x3DB,10,12,B4,B6
3186,0x57DC,0x18DC,0x065E3,0x065C0,0x3A,0x3DC,12,10,B7,B5
3187,0x57DD,0x18DD,0x065E2,0x065C0,0x3A,0x3DD,10,12,B6,B8
3188,0x57DE,0x18DE,0x065E1,0x065C0,0x3A,0x3DE,12,10,B9,B7
3189,0x57DF,0x18DF,0x065E0,0x065C0,0x3A,0x3DF,10,12,B8,BA
3190,0x57E0,0x18E0,0x065DF,0x065C0,0x3A,0x3E0,12,10,BB,B9
3191,0x57E1,0x18E1,0x065DE,0x065C0,0x3A,0x3E1,10,12,BA,BC
3192,0x57E2,0x18E2,0x065DD,0x065C0,0x3A,0x3E2,12,C0,BD,6B
3193,0x57E3,0x18E3,0x065DC,0x065C0,0x3A,0x3E3,10,E4,BC,90
3194,0x57E4,0x18E4,0x065DB,0x065C0,0x3A,0x3E4,12,90,BF,3D
3195,0x57E5,0x18E5,0x065DA,0x065C0,0x3A,0x3E5,10,E6,BE,94
3196,0x57E6,0x18E6,0x065D9,0x065C0,0x3A,0x3E6,12,C0,C1,6F
3197,0x57E7,0x18E7,0x065D8,0x065C0,0x3A,0x3E7,10,3F,C0,EF
3198,0x57E8,0x18E8,0x065D7,0x065C0,0x3A,0x3E8,12,B0,C3,61
3199,0x57E9,0x18E9,0x065D6,0x065C0,0x3A,0x3E9,B0,34,62,E6
3200,0x57EA,0x18EA,0x065D5,0x065C0,0x3A,0x3EA,E0,10,93,C3
3201,0x57EB,0x18EB,0x065D4,0x065C0,0x3A,0x3EB,40,12,F4,C6
3202,0x57EC,0x18EC,0x065D3,0x065C0,0x3A,0x3EC,8A,80,3F,35
3203,0x57ED,0x18ED,0x065D2,0x065C0,0x3A,0x3ED,10,E6,C6,9C
3204,0x57EE,0x18EE,0x065D1,0x065C0,0x3A,0x3EE,12,50,C9,07
3205,0x57EF,0x18EF,0x065D0,0x065C0,0x3A,0x3EF,C0,E6,78,9E
3206,0x57F0,0x18F0,0x065CF,0x065C0,0x3A,0x3F0,B2,20,6B,D9
3207,0x57F1,0x18F1,0x065CE,0x065C0,0x3A,0x3F1,30,DE,EA,98
3208,0x57F2,0x18F2,0x065CD,0x065C0,0x3A,0x3F2,78,A0,33,5B
3209,0x57F3,0x18F3,0x065CC,0x065C0,0x3A,0x3F3,10,E6,CC,A2
3210,0x57F4,0x18F4,0x065CB,0x065C0,0x3A,0x3F4,12,10,CF,CD
3211,0x57F5,0x18F5,0x065CA,0x065C0,0x3A,0x3F5,10,12,CE,D0
3212,0x57F6,0x18F6,0x065C9,0x065C0,0x3A,0x3F6,12,10,D1,CF
3213,0x57F7,0x18F7,0x065C8,0x065C0,0x3A,0x3F7,10,12,D0,D2
3214,0x57F8,0x18F8,0x065C7,0x065C0,0x3A,0x3F8,12,10,D3,D1
3215,0x57F9,0x18F9,0x065C6,0x065C0,0x3A,0x3F9,0F,12,D1,D4
3218,0x57FC,0x18FC,0x065C3,0x065C0,0x3A,0x3FC,90,10,55,D5
3219,0x57FD,0x18FD,0x065C2,0x065C0,0x3A,0x3FD,40,12,06,D8
3220,0x57FE,0x18FE,0x065C1,0x065C0,0x3A,0x3FE,E0,10,A7,D7
3221,0x57FF,0x18FF,0x065C0,0x065C0,0x3A,0x3FF,F4,12,BD,DB
3222,0x5800,0x1900,0x06DCF,0x069D0,0x3A,0x000,80,10,46,D6
3223,0x5801,0x1901,0x06DCE,0x069D0,0x3A,0x001,6C,12,33,D9
3224,0x5802,0x1902,0x06DCD,0x069D0,0x3A,0x002,F0,10,B8,D8
3225,0x5803,0x1903,0x06DCC,0x069D0,0x3A,0x003,9C,12,65,DB
3232,0x580A,0x190A,0x06DC5,0x069D0,0x3A,0x00A,10,C0,E0,90
3233,0x580B,0x190B,0x06DC4,0x069D0,0x3A,0x00B,12,E4,E3,B5
3234,0x580C,0x190C,0x06DC3,0x069D0,0x3A,0x00C,10,90,E2,62
3235,0x580D,0x190D,0x06DC2,0x069D0,0x3A,0x00D,12,E6,E5,B9
3236,0x580E,0x190E,0x06DC1,0x069D0,0x3A,0x00E,10,C0,E4,94
3237,0x580F,0x190F,0x06DC0,0x069D0,0x3A,0x00F,12,3F,E7,14
3238,0x5810,0x1910,0x06DBF,0x069D0,0x3A,0x010,10,B0,E6,86
3239,0x5811,0x1911,0x06DBE,0x069D0,0x3A,0x011,12,34,E9,0B
3241,0x5813,0x1913,0x06DBC,0x069D0,0x3A,0x013,54,12,2D,EB
3242,0x5814,0x1914,0x06DBB,0x069D0,0x3A,0x014,70,20,4A,FA
3243,0x5815,0x1915,0x06DBA,0x069D0,0x3A,0x015,CA,DE,A5,B9
3245,0x5817,0x1917,0x06DB8,0x069D0,0x3A,0x017,12,E0,EF,BD
3247,0x5819,0x1919,0x06DB6,0x069D0,0x3A,0x019,78,12,57,F1
3248,0x581A,0x191A,0x06DB5,0x069D0,0x3A,0x01A,A0,10,80,F0
3249,0x581B,0x191B,0x06DB4,0x069D0,0x3A,0x01B,5F,12,40,F3
3272,0x5832,0x1932,0x06D9D,0x069D0,0x3A,0x032,10,90,08,88
3273,0x5833,0x1933,0x06D9C,0x069D0,0x3A,0x033,12,DE,0B,D7
3274,0x5834,0x1934,0x06D9B,0x069D0,0x3A,0x034,10,D0,0A,CA
3275,0x5835,0x1935,0x06D9A,0x069D0,0x3A,0x035,12,E6,0D,E1
3281,0x583B,0x193B,0x06D94,0x069D0,0x3A,0x03B,54,12,55,13
3282,0x583C,0x193C,0x06D93,0x069D0,0x3A,0x03C,70,10,72,12
3283,0x583D,0x193D,0x06D92,0x069D0,0x3A,0x03D,CA,E0,CD,E3
3284,0x583E,0x193E,0x06D91,0x069D0,0x3A,0x03E,10,D0,14,D4
3285,0x583F,0x193F,0x06D90,0x069D0,0x3A,0x03F,12,31,17,36
3286,0x5840,0x1940,0x06D8F,0x069D0,0x3A,0x040,20,10,26,16
3287,0x5841,0x1941,0x06D8E,0x069D0,0x3A,0x041,9E,12,A5,19
3288,0x5842,0x1942,0x06D8D,0x069D0,0x3A,0x042,40,10,48,18
3289,0x5843,0x1943,0x06D8C,0x069D0,0x3A,0x043,B3,12,BC,1B
3312,0x585A,0x195A,0x06D75,0x069D0,0x3A,0x05A,10,C0,30,E0
3313,0x585B,0x195B,0x06D74,0x069D0,0x3A,0x05B,12,27,33,48
3314,0x585C,0x195C,0x06D73,0x069D0,0x3A,0x05C,10,60,32,82
3315,0x585D,0x195D,0x06D72,0x069D0,0x3A,0x05D,12,E2,35,05
3321,0x5863,0x1963,0x06D6C,0x069D0,0x3A,0x063,54,12,7D,3B
3322,0x5864,0x1964,0x06D6B,0x069D0,0x3A,0x064,70,B0,9A,DA
3323,0x5865,0x1965,0x06D6A,0x069D0,0x3A,0x065,CA,24,F5,4F
3324,0x5866,0x1966,0x06D69,0x069D0,0x3A,0x066,10,B0,3C,DC
3325,0x5867,0x1967,0x06D68,0x069D0,0x3A,0x067,12,9F,3F,CC
3327,0x5869,0x1969,0x06D66,0x069D0,0x3A,0x069,5A,E5,89,14
3328,0x586A,0x196A,0x06D65,0x069D0,0x3A,0x06A,30,10,60,40
3329,0x586B,0x196B,0x06D64,0x069D0,0x3A,0x06B,CD,E2,FE,13
3352,0x5882,0x1982,0x06D4D,0x069D0,0x3A,0x082,10,C0,58,08
3353,0x5883,0x1983,0x06D4C,0x069D0,0x3A,0x083,12,E4,5B,2D
3354,0x5884,0x1984,0x06D4B,0x069D0,0x3A,0x084,10,90,5A,DA
3355,0x5885,0x1985,0x06D4A,0x069D0,0x3A,0x085,12,E6,5D,31
3356,0x5886,0x1986,0x06D49,0x069D0,0x3A,0x086,10,C0,5C,0C
3357,0x5887,0x1987,0x06D48,0x069D0,0x3A,0x087,12,3F,5F,8C
3358,0x5888,0x1988,0x06D47,0x069D0,0x3A,0x088,10,B0,5E,FE
3359,0x5889,0x1989,0x06D46,0x069D0,0x3A,0x089,12,34,61,83
3360,0x588A,0x198A,0x06D45,0x069D0,0x3A,0x08A,B0,10,00,60
3361,0x588B,0x198B,0x06D44,0x069D0,0x3A,0x08B,A0,12,F1,63
3362,0x588C,0x198C,0x06D43,0x069D0,0x3A,0x08C,30,20,82,72
3363,0x588D,0x198D,0x06D42,0x069D0,0x3A,0x08D,4C,E2,9F,35
3364,0x588E,0x198E,0x06D41,0x069D0,0x3A,0x08E,10,80,64,D4
3365,0x588F,0x198F,0x06D40,0x069D0,0x3A,0x08F,12,E6,67,3B
3366,0x5890,0x1990,0x06D3F,0x069D0,0x3A,0x090,10,C0,66,16
3367,0x5891,0x1991,0x06D3E,0x069D0,0x3A,0x091,78,3F,CF,96
3368,0x5892,0x1992,0x06D3D,0x069D0,0x3A,0x092,A0,10,F8,68
3369,0x5893,0x1993,0x06D3C,0x069D0,0x3A,0x093,5F,12,B8,6B
3392,0x58AA,0x19AA,0x06D25,0x069D0,0x3A,0x0AA,10,80,80,F0
3393,0x58AB,0x19AB,0x06D24,0x069D0,0x3A,0x0AB,12,E6,83,57
3394,0x58AC,0x19AC,0x06D23,0x069D0,0x3A,0x0AC,10,00,82,72
3395,0x58AD,0x19AD,0x06D22,0x069D0,0x3A,0x0AD,12,DF,85,52
3396,0x58AE,0x19AE,0x06D21,0x069D0,0x3A,0x0AE,10,E0,84,54
3397,0x58AF,0x19AF,0x06D20,0x069D0,0x3A,0x0AF,12,9F,87,14
3400,0x58B2,0x19B2,0x06D1D,0x069D0,0x3A,0x0B2,B0,10,28,88
3401,0x58B3,0x19B3,0x06D1C,0x069D0,0x3A,0x0B3,A0,12,19,8B
3402,0x58B4,0x19B4,0x06D1B,0x069D0,0x3A,0x0B4,30,D0,AA,4A
3403,0x58B5,0x19B5,0x06D1A,0x069D0,0x3A,0x0B5,46,E6,C1,61
3404,0x58B6,0x19B6,0x06D19,0x069D0,0x3A,0x0B6,10,A0,8C,1C
3405,0x58B7,0x19B7,0x06D18,0x069D0,0x3A,0x0B7,12,35,8F,B2
3406,0x58B8,0x19B8,0x06D17,0x069D0,0x3A,0x0B8,E0,10,5E,8E
3407,0x58B9,0x19B9,0x06D16,0x069D0,0x3A,0x0B9,49,E2,C8,61
3408,0x58BA,0x19BA,0x06D15,0x069D0,0x3A,0x0BA,70,10,F0,90
3409,0x58BB,0x19BB,0x06D14,0x069D0,0x3A,0x0BB,52,12,D3,93
3432,0x58D2,0x19D2,0x06CFD,0x069D0,0x3A,0x0D2,10,40,A8,D8
3433,0x58D3,0x19D3,0x06CFC,0x069D0,0x3A,0x0D3,12,9F,AB,38
3434,0x58D4,0x19D4,0x06CFB,0x069D0,0x3A,0x0D4,10,A0,AA,3A
3435,0x58D5,0x19D5,0x06CFA,0x069D0,0x3A,0x0D5,12,E1,AD,7C
3436,0x58D6,0x19D6,0x06CF9,0x069D0,0x3A,0x0D6,10,80,AC,1C
3437,0x58D7,0x19D7,0x06CF8,0x069D0,0x3A,0x0D7,12,20,AF,BD
3441,0x58DB,0x19DB,0x06CF4,0x069D0,0x3A,0x0DB,54,12,F5,B3
3442,0x58DC,0x19DC,0x06CF3,0x069D0,0x3A,0x0DC,70,20,12,C2
3443,0x58DD,0x19DD,0x06CF2,0x069D0,0x3A,0x0DD,CA,E2,6D,85
3444,0x58DE,0x19DE,0x06CF1,0x069D0,0x3A,0x0DE,10,B0,B4,54
3445,0x58DF,0x19DF,0x06CF0,0x069D0,0x3A,0x0DF,12,34,B7,D9
3446,0x58E0,0x19E0,0x06CEF,0x069D0,0x3A,0x0E0,70,50,16,F6
3447,0x58E1,0x19E1,0x06CEE,0x069D0,0x3A,0x0E1,72,E4,19,8B
3472,0x58FA,0x19FA,0x06CD5,0x069D0,0x3A,0x0FA,10,E0,D0,A0
3473,0x58FB,0x19FB,0x06CD4,0x069D0,0x3A,0x0FB,12,9F,D3,60
3474,0x58FC,0x19FC,0x06CD3,0x069D0,0x3A,0x0FC,10,20,D2,E2
3475,0x58FD,0x19FD,0x06CD2,0x069D0,0x3A,0x0FD,12,E2,D5,A5
3476,0x58FE,0x19FE,0x06CD1,0x069D0,0x3A,0x0FE,10,B0,D4,74
3477,0x58FF,0x19FF,0x06CD0,0x069D0,0x3A,0x0FF,12,24,D8,EA
3478,0x5900,0x1A00,0x06CCF,0x069D0,0x3A,0x100,10,90,D7,57
3479,0x5901,0x1A01,0x06CCE,0x069D0,0x3A,0x101,12,3B,DA,03
3480,0x5902,0x1A02,0x06CCD,0x069D0,0x3A,0x102,30,10,F9,D9
3481,0x5903,0x1A03,0x06CCC,0x069D0,0x3A,0x103,6E,12,38,DC
3482,0x5904,0x1A04,0x06CCB,0x069D0,0x3A,0x104,40,B0,0B,7B
3483,0x5905,0x1A05,0x06CCA,0x069D0,0x3A,0x105,C5,24,91,F0
3484,0x5906,0x1A06,0x06CC9,0x069D0,0x3A,0x106,10,B0,DD,7D
3485,0x5907,0x1A07,0x06CC8,0x069D0,0x3A,0x107,12,9F,E0,6D
3486,0x5908,0x1A08,0x06CC7,0x069D0,0x3A,0x108,E0,50,AF,1F
3487,0x5909,0x1A09,0x06CC6,0x069D0,0x3A,0x109,D5,39,A5,09
3488,0x590A,0x1A0A,0x06CC5,0x069D0,0x3A,0x10A,20,10,F1,E1
3489,0x590B,0x1A0B,0x06CC4,0x069D0,0x3A,0x10B,B7,12,89,E4
3496,0x5912,0x1A12,0x06CBD,0x069D0,0x3A,0x112,10,0F,E9,E8
3497,0x5913,0x1A13,0x06CBC,0x069D0,0x3A,0x113,12,F0,EC,CA
3498,0x5914,0x1A14,0x06CBB,0x069D0,0x3A,0x114,10,E3,EB,BE
3499,0x5915,0x1A15,0x06CBA,0x069D0,0x3A,0x115,12,10,EE,EC
3500,0x5916,0x1A16,0x06CB9,0x069D0,0x3A,0x116,10,DF,ED,BC
3501,0x5917,0x1A17,0x06CB8,0x069D0,0x3A,0x117,12,60,F0,3E
3502,0x5918,0x1A18,0x06CB7,0x069D0,0x3A,0x118,10,E6,EF,C5
3503,0x5919,0x1A19,0x06CB6,0x069D0,0x3A,0x119,12,A0,F2,80
3504,0x591A,0x1A1A,0x06CB5,0x069D0,0x3A,0x11A,10,E5,F1,C6
3505,0x591B,0x1A1B,0x06CB4,0x069D0,0x3A,0x11B,12,10,F4,F2
3506,0x591C,0x1A1C,0x06CB3,0x069D0,0x3A,0x11C,10,12,F3,F5
3507,0x591D,0x1A1D,0x06CB2,0x069D0,0x3A,0x11D,12,10,F6,F4
3508,0x591E,0x1A1E,0x06CB1,0x069D0,0x3A,0x11E,10,12,F5,F7
3509,0x591F,0x1A1F,0x06CB0,0x069D0,0x3A,0x11F,12,50,F8,36
3510,0x5920,0x1A20,0x06CAF,0x069D0,0x3A,0x120,10,E3,F7,CA
3511,0x5921,0x1A21,0x06CAE,0x069D0,0x3A,0x121,12,00,FA,E8
3512,0x5922,0x1A22,0x06CAD,0x069D0,0x3A,0x122,10,6C,F9,55
3513,0x5923,0x1A23,0x06CAC,0x069D0,0x3A,0x123,12,C0,FC,AA
3514,0x5924,0x1A24,0x06CAB,0x069D0,0x3A,0x124,10,3F,FB,2A
3515,0x5925,0x1A25,0x06CAA,0x069D0,0x3A,0x125,12,10,FE,FC
3516,0x5926,0x1A26,0x06CA9,0x069D0,0x3A,0x126,10,12,FD,FF
3517,0x5927,0x1A27,0x06CA8,0x069D0,0x3A,0x127,12,10,00,FE
3518,0x5928,0x1A28,0x06CA7,0x069D0,0x3A,0x128,10,12,FF,01
3519,0x5929,0x1A29,0x06CA6,0x069D0,0x3A,0x129,12,60,02,50
3520,0x592A,0x1A2A,0x06CA5,0x069D0,0x3A,0x12A,B0,E5,A1,D6
3521,0x592B,0x1A2B,0x06CA4,0x069D0,0x3A,0x12B,A3,D0,95,C2
3522,0x592C,0x1A2C,0x06CA3,0x069D0,0x3A,0x12C,50,31,43,24
3523,0x592D,0x1A2D,0x06CA2,0x069D0,0x3A,0x12D,F0,A0,E4,94
3524,0x592E,0x1A2E,0x06CA1,0x069D0,0x3A,0x12E,10,E6,05,DB
3525,0x592F,0x1A2F,0x06CA0,0x069D0,0x3A,0x12F,12,0F,08,05
3526,0x5930,0x1A30,0x06C9F,0x069D0,0x3A,0x130,C0,F0,B7,E7
3527,0x5931,0x1A31,0x06C9E,0x069D0,0x3A,0x131,AC,E3,A4,DB
3528,0x5932,0x1A32,0x06C9D,0x069D0,0x3A,0x132,60,10,59,09
3529,0x5933,0x1A33,0x06C9C,0x069D0,0x3A,0x133,D4,DF,CE,D9
3538,0x593C,0x1A3C,0x06C93,0x069D0,0x3A,0x13C,10,70,13,73
3539,0x593D,0x1A3D,0x06C92,0x069D0,0x3A,0x13D,12,27,16,2B
3540,0x593E,0x1A3E,0x06C91,0x069D0,0x3A,0x13E,10,F0,15,F5
3541,0x593F,0x1A3F,0x06C90,0x069D0,0x3A,0x13F,12,26,18,2C
3542,0x5940,0x1A40,0x06C8F,0x069D0,0x3A,0x140,10,C0,17,C7
3543,0x5941,0x1A41,0x06C8E,0x069D0,0x3A,0x141,12,26,1A,2E
3544,0x5942,0x1A42,0x06C8D,0x069D0,0x3A,0x142,10,60,19,69
3545,0x5943,0x1A43,0x06C8C,0x069D0,0x3A,0x143,12,26,1C,30
3548,0x5946,0x1A46,0x06C89,0x069D0,0x3A,0x146,10,40,1D,4D
3549,0x5947,0x1A47,0x06C88,0x069D0,0x3A,0x147,12,27,20,35
3550,0x5948,0x1A48,0x06C87,0x069D0,0x3A,0x148,10,50,1F,5F
3551,0x5949,0x1A49,0x06C86,0x069D0,0x3A,0x149,12,26,22,36
3553,0x594B,0x1A4B,0x06C84,0x069D0,0x3A,0x14B,12,26,24,38
3554,0x594C,0x1A4C,0x06C83,0x069D0,0x3A,0x14C,10,D0,23,E3
3555,0x594D,0x1A4D,0x06C82,0x069D0,0x3A,0x14D,12,26,26,3A
3556,0x594E,0x1A4E,0x06C81,0x069D0,0x3A,0x14E,10,0F,25,24
3557,0x594F,0x1A4F,0x06C80,0x069D0,0x3A,0x14F,12,F0,28,06
3558,0x5950,0x1A50,0x06C7F,0x069D0,0x3A,0x150,10,E3,27,FA
3559,0x5951,0x1A51,0x06C7E,0x069D0,0x3A,0x151,12,10,2A,28
3560,0x5952,0x1A52,0x06C7D,0x069D0,0x3A,0x152,F0,DF,09,F8
3561,0x5953,0x1A53,0x06C7C,0x069D0,0x3A,0x153,8A,60,A4,7A
3562,0x5954,0x1A54,0x06C7B,0x069D0,0x3A,0x154,50,12,6B,2D
3563,0x5955,0x1A55,0x06C7A,0x069D0,0x3A,0x155,95,E0,B1,FC
3564,0x5956,0x1A56,0x06C79,0x069D0,0x3A,0x156,10,39,2D,56
3565,0x5957,0x1A57,0x06C78,0x069D0,0x3A,0x157,12,90,30,AE
3566,0x5958,0x1A58,0x06C77,0x069D0,0x3A,0x158,E0,21,FF,40
3567,0x5959,0x1A59,0x06C76,0x069D0,0x3A,0x159,49,10,69,30
3568,0x595A,0x1A5A,0x06C75,0x069D0,0x3A,0x15A,E0,12,01,33
3569,0x595B,0x1A5B,0x06C74,0x069D0,0x3A,0x15B,D1,B0,F3,D2
3570,0x595C,0x1A5C,0x06C73,0x069D0,0x3A,0x15C,10,DE,33,01
3571,0x595D,0x1A5D,0x06C72,0x069D0,0x3A,0x15D,12,C0,36,E4
3572,0x595E,0x1A5E,0x06C71,0x069D0,0x3A,0x15E,10,3B,35,60
3573,0x595F,0x1A5F,0x06C70,0x069D0,0x3A,0x15F,12,10,38,36
3574,0x5960,0x1A60,0x06C6F,0x069D0,0x3A,0x160,10,12,37,39
3575,0x5961,0x1A61,0x06C6E,0x069D0,0x3A,0x161,12,B0,3A,D8
3576,0x5962,0x1A62,0x06C6D,0x069D0,0x3A,0x162,0F,E6,38,0F
3577,0x5963,0x1A63,0x06C6C,0x069D0,0x3A,0x163,10,A0,3A,CA
3578,0x5964,0x1A64,0x06C6B,0x069D0,0x3A,0x164,12,31,3D,5C
3579,0x5965,0x1A65,0x06C6A,0x069D0,0x3A,0x165,70,B0,9C,DC
3580,0x5966,0x1A66,0x06C69,0x069D0,0x3A,0x166,2B,E5,58,12
3581,0x5967,0x1A67,0x06C68,0x069D0,0x3A,0x167,D0,10,FE,3E
3582,0x5968,0x1A68,0x06C67,0x069D0,0x3A,0x168,3A,12,69,41
3583,0x5969,0x1A69,0x06C66,0x069D0,0x3A,0x169,70,10,A0,40
3584,0x596A,0x1A6A,0x06C65,0x069D0,0x3A,0x16A,2A,12,5B,43
3585,0x596B,0x1A6B,0x06C64,0x069D0,0x3A,0x16B,50,10,82,42
3586,0x596C,0x1A6C,0x06C63,0x069D0,0x3A,0x16C,3A,12,6D,45
3587,0x596D,0x1A6D,0x06C62,0x069D0,0x3A,0x16D,C0,10,F4,44
3588,0x596E,0x1A6E,0x06C61,0x069D0,0x3A,0x16E,13,12,48,47
3589,0x596F,0x1A6F,0x06C60,0x069D0,0x3A,0x16F,50,10,86,46
3590,0x5970,0x1A70,0x06C5F,0x069D0,0x3A,0x170,1B,12,52,49
3591,0x5971,0x1A71,0x06C5E,0x069D0,0x3A,0x171,C0,10,F8,48
3592,0x5972,0x1A72,0x06C5D,0x069D0,0x3A,0x172,13,12,4C,4B
3597,0x5977,0x1A77,0x06C58,0x069D0,0x3A,0x177,10,70,4E,AE
3598,0x5978,0x1A78,0x06C57,0x069D0,0x3A,0x178,12,E3,51,22
3599,0x5979,0x1A79,0x06C56,0x069D0,0x3A,0x179,10,60,50,A0
3600,0x597A,0x1A7A,0x06C55,0x069D0,0x3A,0x17A,12,E7,53,28
3601,0x597B,0x1A7B,0x06C54,0x069D0,0x3A,0x17B,30,80,72,C2
3602,0x597C,0x1A7C,0x06C53,0x069D0,0x3A,0x17C,9D,E4,E0,27
3607,0x5981,0x1A81,0x06C4E,0x069D0,0x3A,0x181,00,10,48,58
3608,0x5982,0x1A82,0x06C4D,0x069D0,0x3A,0x182,B2,12,FB,5B
3609,0x5983,0x1A83,0x06C4C,0x069D0,0x3A,0x183,90,D0,DA,1A
3610,0x5984,0x1A84,0x06C4B,0x069D0,0x3A,0x184,F9,31,44,7C
3611,0x5985,0x1A85,0x06C4A,0x069D0,0x3A,0x185,10,40,5C,8C
3612,0x5986,0x1A86,0x06C49,0x069D0,0x3A,0x186,12,E7,5F,34
3613,0x5987,0x1A87,0x06C48,0x069D0,0x3A,0x187,10,60,5E,AE
3615,0x5989,0x1A89,0x06C46,0x069D0,0x3A,0x189,10,00,60,50
3616,0x598A,0x1A8A,0x06C45,0x069D0,0x3A,0x18A,12,DF,63,30
3617,0x598B,0x1A8B,0x06C44,0x069D0,0x3A,0x18B,0F,50,61,A2
3618,0x598C,0x1A8C,0x06C43,0x069D0,0x3A,0x18C,10,E7,63,3A
3619,0x598D,0x1A8D,0x06C42,0x069D0,0x3A,0x18D,12,70,66,C4
3620,0x598E,0x1A8E,0x06C41,0x069D0,0x3A,0x18E,90,3D,E5,92
3621,0x598F,0x1A8F,0x06C40,0x069D0,0x3A,0x18F,40,0F,96,65
